split,row_index,y_true,y_pred
train,3296,117382.8125,117495.515625
train,3049,88709.8125,88554.1875
train,8400,83066.9453125,82851.9453125
train,3135,73924.7734375,73511.421875
train,4241,103995.859375,104066.4375
train,8014,96858.234375,96777.640625
train,1095,88404.6171875,88308.25
train,4006,132764.40625,132857.1875
train,2094,93881.3671875,93816.1328125
train,286,89569.078125,89466.328125
train,7333,86250.6484375,86094.0703125
train,16,92862.8671875,92817.0390625
train,4312,77087.921875,76743.5
train,5477,94575.625,94497.78125
train,5939,92559.4453125,92501.359375
train,3341,91907.3125,91784.65625
train,8536,84871.1484375,84623.140625
train,8131,81262.0703125,80979.7421875
train,7318,107501.3046875,107499.0078125
train,783,93698.3828125,93632.109375
train,3685,135472.078125,135622.5625
train,3749,128021.09375,128057.265625
train,7973,91376.359375,91241.0
train,5152,83152.6015625,82930.5703125
train,4362,95983.0078125,95929.4765625
train,8076,91848.3515625,91679.1875
train,6369,95666.609375,95606.265625
train,4721,94175.625,94259.609375
train,7332,76659.125,76289.453125
train,1650,94266.9921875,94181.078125
train,6396,76330.2734375,75981.8828125
train,5799,72825.6796875,72383.921875
train,6436,90767.015625,90675.125
train,4592,90061.890625,89988.2109375
train,828,91998.6953125,91961.578125
train,4756,89582.3515625,89460.8046875
train,5270,118686.46875,118787.40625
train,2770,100468.828125,100436.65625
train,2772,72886.1640625,72531.953125
train,8564,87612.53125,87437.7890625
train,3561,75520.296875,75148.9375
train,8164,92828.9375,92710.5703125
train,6283,108232.2109375,108238.0546875
train,7728,79431.359375,79146.3515625
train,7331,112224.6796875,112290.015625
train,2633,72667.2421875,72286.1328125
train,6577,83570.5859375,83279.5546875
train,6094,75296.8984375,74980.9921875
train,5038,90116.59375,90008.1484375
train,1174,85077.3828125,84807.0703125
train,4755,108511.6015625,108600.90625
train,5416,102444.6171875,102477.921875
train,3247,85096.2109375,84840.109375
train,2831,77246.8515625,76890.7421875
train,194,97182.09375,97101.0546875
train,6177,96431.90625,96386.375
train,3391,91465.5546875,91390.125
train,3158,75388.234375,75000.421875
train,7730,65603.875,65120.7890625
train,7885,89800.28125,89687.5859375
train,5837,92238.2734375,92124.828125
train,3411,90440.125,90287.890625
train,2504,95732.0,95714.796875
train,5231,104674.7265625,104678.8828125
train,4626,110536.109375,110651.8828125
train,8633,104659.7734375,104733.625
train,7685,88736.234375,88326.90625
train,8500,84905.1953125,84669.28125
train,4061,84488.4453125,84295.8828125
train,7223,92590.4375,92513.28125
train,3631,84423.2421875,84198.9609375
train,5153,91072.015625,90955.03125
train,5341,83250.640625,83022.65625
train,425,106451.4453125,106463.765625
train,6753,75689.1484375,75275.703125
train,6692,101514.5390625,101427.9765625
train,7607,103278.5625,103306.4765625
train,146,76869.9453125,76513.640625
train,2749,94239.2421875,94174.1796875
train,5929,83901.71875,83701.15625
train,4082,89926.078125,89765.890625
train,372,86342.21875,86121.90625
train,6120,91984.0546875,91909.5703125
train,7659,129106.1171875,129271.5625
train,8422,93303.5703125,93136.6796875
train,1494,89160.9296875,88975.7734375
train,1384,75744.921875,75419.171875
train,7859,102990.6484375,102977.734375
train,529,110883.015625,110824.1484375
train,5866,107601.046875,107602.5
train,7749,76772.5390625,76475.296875
train,4862,89934.9921875,89829.1640625
train,2825,79582.375,79207.3671875
train,1684,112894.5,112924.8515625
train,3599,88037.140625,87989.8515625
train,6891,81467.8203125,81196.5703125
train,2937,115072.703125,115171.5
train,7697,102857.890625,102799.4140625
train,6647,83953.359375,83742.359375
train,8711,105569.5546875,105650.78125
train,1286,89932.0859375,89846.6796875
train,5770,79342.390625,79061.28125
train,7954,72278.4296875,71877.0625
train,3022,86470.734375,86309.03125
train,5249,109013.40625,109036.8125
train,8661,93604.0703125,93533.9453125
train,8338,130607.8671875,130762.625
train,433,72025.1796875,71628.0234375
train,5772,86414.1484375,86162.953125
train,6990,83242.3984375,82959.671875
train,2210,110530.765625,110620.8984375
train,6599,72573.1796875,72163.25
train,6003,70894.84375,70454.765625
train,72,68840.484375,68345.6796875
train,4631,91961.40625,91829.859375
train,4028,96134.765625,96056.234375
train,6533,70171.2421875,69660.1796875
train,5485,77481.2578125,77105.8046875
train,8570,67523.953125,67016.84375
train,535,91633.3359375,91554.7578125
train,6416,111463.34375,111472.4375
train,7168,114193.6328125,114277.2734375
train,2521,105548.90625,105611.6484375
train,2822,84684.1484375,84464.0
train,8355,75426.015625,75077.5625
train,4306,118011.9609375,118136.0859375
train,1399,72694.640625,72340.546875
train,400,113483.265625,113618.5
train,4352,88028.6875,87932.4375
train,8408,74271.9453125,73889.7578125
train,6514,92103.0,91996.1875
train,5027,71450.921875,71007.1796875
train,6899,143278.75,143527.25
train,1170,92505.140625,92341.34375
train,1054,70584.5234375,70051.359375
train,5574,99414.8359375,99312.921875
train,2890,85232.4453125,85025.6484375
train,2286,72903.7578125,72529.359375
train,1144,102961.3671875,103072.484375
train,7424,82516.625,82282.703125
train,1947,81579.109375,81293.453125
train,2032,122161.9453125,122196.671875
train,665,69143.171875,68689.2890625
train,6855,82966.625,82789.4921875
train,8596,75785.28125,75426.8203125
train,1853,89642.609375,89486.96875
train,8418,68923.21875,68305.2890625
train,2354,94461.75,94369.2265625
train,862,111951.8984375,112019.328125
train,5560,75495.8515625,75099.484375
train,2376,121635.703125,121739.3203125
train,2492,78330.8203125,77958.03125
train,5591,79789.296875,79391.1484375
train,762,128106.9765625,128230.109375
train,1152,86481.65625,86308.828125
train,6754,84394.1796875,84202.5625
train,4438,96133.390625,95994.21875
train,4441,110437.6953125,110432.1484375
train,1948,107182.046875,107225.25
train,6985,84220.6875,83899.59375
train,1727,66816.2578125,66287.90625
train,7309,103823.9375,103917.0
train,4914,95394.703125,95306.21875
train,1084,86773.546875,86627.078125
train,1243,90660.9921875,90431.4375
train,910,111517.7265625,111627.4296875
train,2386,76038.2890625,75690.8046875
train,582,97344.3828125,97283.7109375
train,1220,85363.3671875,85135.15625
train,2097,78550.0234375,78247.953125
train,1325,95925.2421875,95854.5859375
train,7551,103396.140625,103418.1953125
train,5225,87202.890625,87060.921875
train,4640,76733.546875,76408.7421875
train,1597,108441.796875,108505.0703125
train,2823,85279.5234375,85041.59375
train,5232,110837.28125,110976.9140625
train,7060,114643.8359375,114704.0
train,982,67360.984375,66881.3125
train,5049,94878.3984375,94823.2734375
train,5108,84325.421875,84084.46875
train,7161,109352.78125,109418.75
train,2399,71899.5234375,71503.671875
train,3956,82069.6796875,81824.4296875
train,4470,121102.734375,121193.734375
train,5119,123056.3203125,123134.84375
train,6931,83300.390625,83082.2265625
train,6840,86383.1953125,86169.4296875
train,5632,80140.5625,79825.015625
train,8490,104875.75,104943.515625
train,8735,78708.765625,78416.3046875
train,644,76738.078125,76420.40625
train,7106,78454.4296875,78120.0546875
train,8439,108371.203125,108405.875
train,7226,106579.4765625,106555.625
train,1083,81840.515625,81604.1953125
train,6197,145799.875,145961.96875
train,8736,92278.1328125,92175.25
train,4593,86851.46875,86552.0078125
train,2367,85093.703125,84849.265625
train,2558,110841.8671875,110888.171875
train,2011,90003.28125,89838.8046875
train,2411,85236.0625,85059.921875
train,5300,94042.8984375,93966.3203125
train,5647,89174.1953125,89042.1796875
train,4323,115439.0703125,115512.6015625
train,8074,121742.265625,121863.890625
train,1062,88833.4140625,88661.46875
train,68,78566.75,78310.03125
train,4361,115008.1953125,115055.3046875
train,1878,73555.9296875,73085.046875
train,6371,105349.890625,105390.6875
train,5029,107418.7578125,107492.90625
train,1533,83333.5390625,83015.6015625
train,6980,106425.3828125,106464.9765625
train,3206,67644.9921875,67125.671875
train,8450,123500.015625,123540.125
train,2375,91113.8125,90926.5859375
train,7901,79046.7421875,78720.3125
train,6810,76319.5234375,76020.453125
train,6726,72576.859375,72100.3359375
train,2204,75456.3125,75098.640625
train,6355,111244.0078125,111290.53125
train,4237,87139.328125,87006.8359375
train,8107,126293.1953125,126383.453125
train,5582,83675.109375,83485.5859375
train,6328,130567.09375,130678.875
train,5761,88184.03125,87934.140625
train,5159,87977.0546875,87879.6171875
train,6574,88387.5703125,88227.7890625
train,7296,84456.3046875,84122.6328125
train,5951,113453.9375,113509.4921875
train,6192,79737.6640625,79481.3515625
train,8749,72594.5078125,72187.234375
train,8350,82581.1171875,82373.71875
train,1699,81564.359375,81256.859375
train,3964,85935.625,85706.609375
train,5398,104367.8984375,104402.8203125
train,6400,102698.5234375,102704.53125
train,2828,87855.0703125,87704.1796875
train,6374,95047.9375,94974.0234375
train,178,107770.296875,107770.3828125
train,8672,88902.171875,88783.7109375
train,4747,110098.03125,110153.484375
train,8757,97589.9296875,97453.40625
train,638,75610.8125,75207.890625
train,2651,88248.4375,88068.25
train,7865,106289.0546875,106320.46875
train,8652,90865.46875,90775.4296875
train,7227,92333.671875,92179.6328125
train,5769,87692.515625,87599.7421875
train,6093,86775.140625,86579.921875
train,5595,90942.5,90867.90625
train,4133,109522.34375,109513.421875
train,1082,110169.0546875,110225.1484375
train,1668,71512.1640625,71111.09375
train,2731,97518.1171875,97452.7109375
train,4423,98700.7421875,98665.9140625
train,248,103677.921875,103835.2109375
train,8593,69101.171875,68676.6484375
train,3193,118538.75,118582.9375
train,652,95414.2578125,95304.46875
train,4052,85962.3515625,85710.8671875
train,2841,88900.6171875,88752.421875
train,1247,98842.921875,98794.6328125
train,5923,83184.6484375,82915.765625
train,5543,78427.9140625,78124.15625
train,8227,137763.453125,137896.078125
train,6709,72946.828125,72497.4921875
train,3760,81118.203125,80867.7734375
train,8168,106514.328125,106515.2734375
train,367,89616.5546875,89528.0625
train,2203,101204.671875,101186.0078125
train,960,106913.84375,106959.4296875
train,3925,99969.4296875,99874.09375
train,7237,91408.546875,91211.3984375
train,4796,86751.71875,86583.15625
train,4543,77602.078125,77239.7265625
train,6513,85804.0234375,85583.796875
train,8535,85075.421875,84899.1640625
train,5051,107222.34375,107217.4609375
train,7919,86781.453125,86609.671875
train,5254,77071.6015625,76770.4296875
train,1211,101644.1875,101570.6171875
train,573,85880.7890625,85672.234375
train,3727,97100.9375,97025.390625
train,6141,86998.1171875,86799.625
train,3436,96932.3671875,96921.140625
train,108,117740.109375,117772.8359375
train,2134,111051.3984375,111179.109375
train,1135,104456.0546875,104487.5234375
train,1207,89026.796875,88930.421875
train,4985,76743.921875,76442.46875
train,7259,114796.359375,114780.3203125
train,926,103191.3671875,103196.515625
train,969,119596.6328125,119665.59375
train,1821,89162.8125,88962.890625
train,5473,78788.2734375,78456.765625
train,2759,86575.90625,86464.984375
train,2809,74409.5,74036.6484375
train,4893,88397.40625,88270.265625
train,8193,88052.578125,87927.3359375
train,1200,90152.7890625,90102.6171875
train,7647,74621.9453125,74199.65625
train,879,93085.203125,92997.765625
train,5790,106323.09375,106373.109375
train,4975,77093.9375,76750.9921875
train,4525,76235.703125,75855.8203125
train,5704,93792.96875,93651.9140625
train,3733,94803.2734375,94755.234375
train,1717,104570.375,104608.484375
train,1191,96215.5859375,96130.765625
train,4063,94792.4140625,94673.90625
train,649,95793.1484375,95725.0625
train,5009,90526.8515625,90430.796875
train,8648,77363.9296875,76968.796875
train,1361,81770.3984375,81547.796875
train,4171,83201.3125,82878.3515625
train,2422,77073.140625,76725.9765625
train,5437,91136.484375,91069.703125
train,6205,91688.265625,91599.7265625
train,147,122873.609375,122935.6875
train,5840,68324.3828125,67867.859375
train,7085,94350.3203125,94339.9140625
train,5330,97011.4609375,96975.2734375
train,4797,70043.4921875,69558.5234375
train,6949,103552.515625,103604.8046875
train,127,90325.515625,90168.140625
train,1730,74230.78125,73884.8515625
train,2567,96609.546875,96595.7734375
train,3489,96428.4375,96354.984375
train,2650,113179.0703125,113233.375
train,2565,93595.4765625,93434.421875
train,4113,77689.3828125,77362.9609375
train,555,86934.6796875,86812.59375
train,6663,83524.6484375,83229.15625
train,3650,70381.1328125,69904.984375
train,5337,92658.2109375,92570.3828125
train,8440,85986.2734375,85845.34375
train,3207,107676.390625,107704.375
train,4620,110213.0859375,110290.0078125
train,904,80807.4765625,80618.6953125
train,4039,75788.9921875,75493.5390625
train,8694,93411.921875,93243.3359375
train,1695,89168.40625,89051.953125
train,2726,94232.234375,94183.5859375
train,3110,91021.0859375,90978.9921875
train,7830,101057.21875,100992.921875
train,6772,83925.3046875,83741.8203125
train,8487,83287.078125,82981.109375
train,1163,65356.6484375,64846.9140625
train,6497,69173.5546875,68693.21875
train,3826,90181.0390625,90032.6640625
train,2254,82074.5390625,81856.421875
train,7788,120602.28125,120650.4453125
train,3034,107955.8203125,107989.71875
train,8478,104216.7265625,104169.375
train,2231,140008.09375,140148.203125
train,77,93381.921875,93225.21875
train,2233,92614.796875,92577.0078125
train,4992,87238.84375,87039.421875
train,3479,87536.3359375,87361.3203125
train,7143,114553.515625,114496.90625
train,631,125817.1875,125879.25
train,5977,104687.0859375,104719.015625
train,2124,87173.984375,86969.0546875
train,5180,81640.8828125,81375.515625
train,7595,92128.640625,92093.28125
train,348,78422.71875,78096.09375
train,24,81206.609375,80965.2578125
train,5047,121444.09375,121508.921875
train,1854,93898.5546875,93709.84375
train,1166,81893.3515625,81605.5859375
train,1575,113944.3203125,113998.640625
train,793,99460.0703125,99320.1953125
train,2013,86518.3515625,86345.7734375
train,4585,71301.71875,70852.09375
train,1938,67658.90625,67117.0078125
train,6091,95881.640625,95677.1484375
train,3602,84026.8828125,83804.0546875
train,2514,139815.53125,139957.109375
train,2977,127047.0234375,127110.375
train,6317,68860.8828125,68364.34375
train,92,90412.7734375,90323.421875
train,518,73973.734375,73577.1796875
train,3726,97384.3203125,97343.1328125
train,6121,94594.34375,94515.4453125
train,5827,98000.7265625,97945.109375
train,8522,109119.8046875,109072.453125
train,5193,80545.359375,80337.75
train,2959,83492.8125,83314.8359375
train,3446,75150.53125,74815.640625
train,6861,101563.15625,101547.5
train,5127,93185.46875,93037.5703125
train,32,105546.3515625,105603.8046875
train,5968,69827.2265625,69356.234375
train,7160,93698.2265625,93532.3515625
train,3803,90300.578125,90186.0703125
train,7390,108667.6796875,108717.953125
train,3192,94451.4609375,94410.078125
train,6520,119887.1796875,119963.421875
train,3067,70201.140625,69747.5546875
train,5515,111108.0390625,111146.59375
train,6863,98612.8515625,98558.1171875
train,6181,82134.7578125,81932.8046875
train,6942,110862.921875,110898.296875
train,3530,78037.4296875,77607.96875
train,6518,108835.2421875,108880.1328125
train,74,92954.640625,92841.8125
train,90,84818.890625,84657.546875
train,1470,80153.4609375,79838.6953125
train,1177,78815.7734375,78423.296875
train,281,129702.921875,129823.140625
train,2071,113651.5859375,113711.640625
train,3515,99937.796875,99914.71875
train,7760,102458.6484375,102439.234375
train,1218,103862.953125,103924.8515625
train,3985,88623.4921875,88456.3984375
train,2576,88073.7265625,87897.0546875
train,8573,79523.3125,79233.21875
train,6469,105888.625,105912.5703125
train,7396,78450.171875,78212.53125
train,6866,76511.65625,76134.15625
train,6590,94492.4765625,94455.5234375
train,6439,101281.03125,101207.8515625
train,2352,87924.9609375,87682.390625
train,5634,84309.046875,84107.59375
train,3188,69916.3046875,69418.234375
train,2379,145356.234375,145509.640625
train,650,95359.265625,95317.7265625
train,7304,74623.140625,74304.8359375
train,1031,86634.3125,86461.90625
train,2008,77391.265625,76990.140625
train,6643,102219.5,102187.3359375
train,3150,130617.7421875,130765.296875
train,5716,112277.0546875,112365.8125
train,8058,74313.7265625,73991.828125
train,1713,111614.3125,111654.1640625
train,5488,85342.78125,85143.09375
train,4919,77500.5078125,77205.34375
train,3982,94798.4765625,94760.09375
train,8023,123642.8125,123749.3046875
train,8226,83361.796875,83200.109375
train,7651,82154.6796875,82003.15625
train,217,98411.0390625,98381.0546875
train,1282,76213.8515625,75836.9453125
train,2471,91498.2265625,91355.046875
train,5620,88921.1328125,88759.7421875
train,4933,88079.0,87934.90625
train,3854,90134.109375,90095.265625
train,1010,87349.1953125,87352.9453125
train,2951,100810.1015625,100759.0234375
train,5773,91371.859375,91330.3984375
train,4968,137991.46875,138097.0625
train,2730,74254.8828125,73776.859375
train,4952,104327.0859375,104406.359375
train,6648,120990.6484375,121085.9609375
train,6750,107235.3984375,107288.7890625
train,7138,77546.6484375,77199.0390625
train,2550,67197.1484375,66705.5
train,5324,97498.828125,97457.0703125
train,7319,100659.828125,100579.359375
train,2872,89560.390625,89390.3359375
train,6310,141328.90625,141457.953125
train,6910,79151.65625,78866.03125
train,2102,93802.5234375,93823.1953125
train,5449,98392.5390625,98346.609375
train,2227,114792.5625,114887.21875
train,3061,87621.890625,87494.5234375
train,3608,92606.328125,92537.421875
train,4840,78138.7421875,77861.140625
train,3062,76855.796875,76480.0234375
train,2041,104542.78125,104603.9296875
train,6658,92795.7734375,92689.25
train,5391,93321.6015625,93213.0390625
train,7575,86020.984375,85772.6875
train,1264,105626.2890625,105733.953125
train,384,98045.6875,98027.1796875
train,1594,88969.875,88858.4375
train,4221,111575.96875,111578.640625
train,1212,87715.078125,87504.4375
train,2926,105853.71875,105949.6640625
train,5675,90328.125,90219.4296875
train,4229,81573.7734375,81365.984375
train,2393,107542.90625,107645.1171875
train,2553,80779.875,80507.1953125
train,6682,125993.7265625,126145.2890625
train,7535,75679.1171875,75341.6328125
train,7471,81313.9140625,81040.4375
train,928,75780.6953125,75431.625
train,6280,92636.625,92535.5546875
train,2162,111391.1328125,111415.0
train,5267,112128.71875,112177.4453125
train,7825,95795.484375,95732.1875
train,903,94491.4609375,94415.2734375
train,5572,79028.8515625,78705.6015625
train,774,87425.2890625,87262.1796875
train,5266,124210.015625,124367.578125
train,1574,97172.1953125,97071.484375
train,1261,104415.71875,104437.3515625
train,1916,93533.421875,93387.390625
train,3714,93146.75,93013.453125
train,7301,71725.4296875,71245.890625
train,7598,113173.515625,113192.765625
train,7609,89112.9921875,88968.953125
train,6214,146515.140625,146695.078125
train,8435,86858.546875,86684.984375
train,980,85880.984375,85706.578125
train,2027,134310.578125,134427.75
train,8112,86942.0078125,86759.140625
train,986,83812.3359375,83563.7109375
train,3352,73507.6796875,73169.78125
train,2978,91808.390625,91744.828125
train,7829,98052.2421875,97941.8125
train,158,81405.6953125,81117.3984375
train,5107,96180.8984375,96131.0859375
train,1413,78023.375,77693.671875
train,3652,111539.0078125,111656.65625
train,8086,85132.640625,84995.25
train,8466,130874.875,131075.703125
train,5122,63685.50390625,63124.828125
train,8397,96007.109375,95941.9296875
train,5405,102434.7265625,102484.8984375
train,2956,87403.265625,87178.28125
train,1032,117797.6171875,117808.8671875
train,1590,86486.09375,86326.0625
train,6228,68869.796875,68454.328125
train,2068,68246.8046875,67784.578125
train,6054,109590.703125,109671.8203125
train,5368,77717.984375,77276.0546875
train,6365,77540.859375,77226.859375
train,8602,109122.5546875,109245.2265625
train,3264,86226.796875,86075.1953125
train,819,73371.5625,72949.515625
train,5803,70970.59375,70562.171875
train,6296,78001.0234375,77603.4921875
train,1979,109641.1484375,109684.484375
train,6072,83767.5859375,83558.703125
train,7971,99595.7109375,99570.3515625
train,3338,103029.640625,103065.5703125
train,4590,89802.921875,89681.3125
train,4100,75979.8203125,75672.625
train,578,89664.5,89534.671875
train,428,87825.46875,87688.375
train,4834,92189.203125,92071.03125
train,585,99745.1171875,99699.375
train,7652,91307.8203125,91168.3828125
train,1388,72657.9296875,72220.546875
train,3278,80034.3046875,79757.8515625
train,7327,86873.4375,86740.1640625
train,4196,78362.703125,78007.4921875
train,4607,84815.6484375,84550.453125
train,4676,100125.6328125,100030.40625
train,705,79558.578125,79236.4453125
train,4216,108474.453125,108570.203125
train,4653,78152.265625,77803.3125
train,5344,74674.7265625,74263.125
train,8414,102091.8515625,101988.015625
train,2618,123534.9453125,123634.2421875
train,6063,77752.8359375,77460.703125
train,7896,86437.8984375,86326.265625
train,8431,74608.015625,74183.125
train,470,87236.859375,86985.78125
train,7738,88349.515625,88201.9296875
train,385,96296.3828125,96170.6796875
train,3200,129111.671875,129191.1875
train,4986,88256.1953125,88140.2421875
train,7642,75424.28125,75074.453125
train,5313,106540.90625,106615.1015625
train,2601,82463.5625,82260.3984375
train,5995,68293.515625,67815.3984375
train,1507,113714.0859375,113789.4765625
train,192,75865.7578125,75505.59375
train,7740,79912.1953125,79608.890625
train,4020,72021.6484375,71678.21875
train,6233,86463.3359375,86257.8828125
train,2691,92199.40625,92143.0078125
train,526,80257.2578125,79965.28125
train,4942,113870.3515625,113951.234375
train,4703,110686.828125,110765.546875
train,715,88010.5390625,87808.6015625
train,2105,78885.84375,78562.2890625
train,6305,122795.6640625,122845.7109375
train,1593,119441.7890625,119460.59375
train,2702,108963.65625,108904.6171875
train,6486,107560.359375,107581.7890625
train,7341,76827.515625,76498.484375
train,3298,84582.1328125,84373.1171875
train,1146,83652.3984375,83324.3828125
train,2400,78011.09375,77710.8046875
train,8308,113379.390625,113433.25
train,8119,79785.078125,79529.0625
train,1329,77139.2578125,76896.421875
train,6818,90573.9609375,90447.375
train,63,80438.0078125,80170.140625
train,5812,107560.15625,107577.2109375
train,3800,72394.484375,71966.984375
train,1895,88846.3671875,88678.6875
train,5613,88212.3125,88118.9765625
train,4559,86839.21875,86614.40625
train,8317,82721.28125,82558.59375
train,7076,78403.4375,78047.7890625
train,990,98644.859375,98571.9296875
train,2652,104176.8203125,104279.7109375
train,4044,85006.3125,84811.640625
train,4478,89642.59375,89483.703125
train,7887,81991.2734375,81652.8984375
train,5663,65974.6328125,65460.9609375
train,5298,83740.0,83580.578125
train,3704,85748.1328125,85560.53125
train,6675,89630.6875,89531.6953125
train,8001,105780.0,105800.703125
train,3889,112049.3828125,112039.1796875
train,2750,103932.3984375,104037.3125
train,7434,110548.9765625,110627.5859375
train,167,94545.421875,94425.515625
train,7494,66277.1875,65722.734375
train,3788,84085.046875,83849.484375
train,7372,68954.875,68461.796875
train,4289,88905.4296875,88774.5
train,3421,109253.46875,109288.53125
train,933,84677.375,84519.0703125
train,8461,92958.3984375,92919.6015625
train,1405,94866.5,94783.4765625
train,7193,81706.03125,81369.7421875
train,5306,80468.421875,80160.046875
train,1909,118325.7734375,118381.640625
train,4228,81801.640625,81597.953125
train,6201,70604.546875,70172.234375
train,2467,112622.234375,112630.375
train,2506,117613.0390625,117603.8125
train,1624,75266.0703125,74843.2578125
train,143,100374.5859375,100292.1171875
train,6049,81254.640625,80990.3984375
train,7638,80125.4609375,79830.4921875
train,1563,71046.1484375,70579.0
train,6752,98483.1875,98409.5078125
train,7217,122536.796875,122615.203125
train,2768,107995.375,108047.15625
train,559,92606.625,92536.2265625
train,3340,89209.578125,89075.546875
train,895,96537.0546875,96437.3046875
train,2383,84032.8671875,83879.7265625
train,7689,84031.5625,83877.0078125
train,4007,118847.5625,118888.421875
train,6760,91771.5859375,91727.34375
train,5794,84006.921875,83888.03125
train,4569,79057.9921875,78805.453125
train,2410,89632.5703125,89478.5859375
train,7361,94788.3671875,94710.7734375
train,6380,92881.125,92786.8203125
train,4772,148253.140625,148458.109375
train,7371,80589.3515625,80356.640625
train,3222,137915.328125,138059.359375
train,5672,80639.1640625,80378.5
train,8544,82238.78125,81936.7109375
train,5907,126801.9296875,126933.4375
train,802,140028.78125,140160.28125
train,3873,73997.4765625,73621.4375
train,6136,106527.859375,106607.5390625
train,8358,94056.5625,93966.5859375
train,1796,151148.421875,151304.125
train,4504,100936.1015625,100889.328125
train,3225,88314.765625,88194.1875
train,285,76773.0703125,76497.359375
train,7339,86521.0703125,86459.6484375
train,5046,85946.0390625,85767.5390625
train,1638,104528.5703125,104642.3828125
train,2295,95392.453125,95363.4453125
train,633,122414.8515625,122499.359375
train,6363,95692.3828125,95599.5703125
train,4331,94627.78125,94540.9296875
train,3980,87155.7421875,87012.125
train,6101,71722.0859375,71275.5546875
train,7036,110963.2265625,110961.671875
train,3085,94181.484375,94072.6796875
train,221,72898.546875,72524.6875
train,8271,74766.296875,74339.6328125
train,765,114701.625,114808.328125
train,7699,102249.828125,102230.625
train,5435,69459.9375,69054.1640625
train,3121,79569.640625,79333.7265625
train,5638,68584.0078125,68023.453125
train,1960,72873.171875,72442.9296875
train,3684,89264.234375,89121.5859375
train,7000,116191.7578125,116259.984375
train,697,104417.015625,104442.4375
train,624,87260.515625,87092.3125
train,6338,70171.953125,69629.46875
train,2735,99317.5625,99251.2265625
train,5955,101657.953125,101614.03125
train,6686,67474.6328125,66948.671875
train,276,123811.390625,123865.2890625
train,6426,78838.9296875,78511.8515625
train,2144,94435.1015625,94417.4609375
train,7524,78236.0546875,77984.3984375
train,8179,104201.3359375,104314.2265625
train,1918,66261.9765625,65744.703125
train,8664,100152.3671875,100080.0703125
train,6067,78327.8515625,78003.0
train,2818,85182.703125,84975.3515625
train,6765,115695.4765625,115750.171875
train,2018,92648.8984375,92534.78125
train,3234,91902.3359375,91781.9453125
train,2014,103482.78125,103498.65625
train,6761,140151.921875,140307.671875
train,2202,92942.6015625,92883.59375
train,3116,104819.7578125,104824.671875
train,7701,93152.6484375,93070.59375
train,3416,79460.6328125,79165.8359375
train,2270,89418.703125,89304.96875
train,8719,68412.8203125,67949.046875
train,8392,87555.7421875,87334.65625
train,7791,112250.734375,112335.25
train,6688,72412.9921875,71905.59375
train,1427,68352.609375,67882.671875
train,2453,102804.671875,102842.90625
train,8449,109215.390625,109272.2109375
train,1626,87221.3984375,86991.0234375
train,7512,82819.3671875,82606.5703125
train,5957,113271.859375,113319.7578125
train,4887,101321.046875,101336.875
train,7503,84689.234375,84464.3671875
train,142,80180.03125,79921.953125
train,2460,80365.59375,80104.4609375
train,392,106426.984375,106461.5859375
train,4426,127842.6484375,127990.7734375
train,6927,78621.0390625,78303.109375
train,4463,84867.1875,84666.78125
train,5522,95102.0390625,95013.375
train,3718,108743.296875,108814.171875
train,3305,87256.859375,87107.3125
train,591,103257.578125,103272.921875
train,6297,133311.1875,133433.4375
train,2484,84960.578125,84765.9453125
train,3220,84372.140625,84140.546875
train,5169,88057.75,87975.875
train,1769,64001.1875,63450.578125
train,1446,89702.8515625,89609.9375
train,361,78422.796875,78160.3046875
train,4443,90785.1796875,90638.0234375
train,37,115767.28125,115783.640625
train,4307,84432.34375,84189.8203125
train,7313,91652.140625,91565.109375
train,4658,84377.8203125,84115.25
train,4705,90969.390625,90889.7890625
train,7382,72061.09375,71581.8984375
train,3945,66830.2265625,66370.3359375
train,3084,73786.34375,73373.4609375
train,1806,66157.2109375,65679.1015625
train,1970,83548.4921875,83328.6875
train,176,75928.8359375,75476.15625
train,7426,92259.859375,92192.203125
train,174,115025.7890625,115044.5703125
train,57,65131.796875,64659.6328125
train,4015,67601.234375,67105.6796875
train,5566,67289.828125,66735.34375
train,8342,103721.484375,103829.1015625
train,322,91033.2734375,90905.484375
train,3052,77217.7734375,76925.75
train,6721,100770.828125,100722.671875
train,1227,97959.4453125,97849.3046875
train,6756,84842.34375,84621.40625
train,6415,96277.0859375,96226.0
train,6566,91912.4765625,91832.6796875
train,2899,72133.9453125,71674.765625
train,5603,106459.4453125,106509.921875
train,4048,107151.46875,107211.4453125
train,2710,90236.6640625,90136.75
train,5950,84542.6796875,84278.1875
train,1939,110329.4296875,110452.6953125
train,5694,118476.03125,118537.953125
train,7412,125580.1875,125624.453125
train,975,83916.734375,83677.75
train,2764,85262.765625,85068.3125
train,4865,89005.078125,88855.8046875
train,1206,123696.3515625,123720.1875
train,7183,147667.515625,147737.84375
train,2432,77626.734375,77277.03125
train,541,91537.859375,91484.875
train,8013,87436.7109375,87284.7421875
train,5885,72102.0546875,71646.8515625
train,8388,111941.453125,111968.921875
train,1309,93750.2265625,93631.0546875
train,1561,115832.5859375,115986.515625
train,2949,103760.5234375,103811.1875
train,3877,88187.3671875,88060.359375
train,1658,96943.3125,96879.875
train,6516,96646.421875,96586.0546875
train,2852,124327.078125,124399.7734375
train,2349,148251.6875,148499.796875
train,7568,88762.046875,88609.9296875
train,8649,90278.6328125,90099.2734375
train,6231,102987.8046875,102888.421875
train,5095,65779.53125,65216.046875
train,6172,95348.1796875,95225.3828125
train,1981,121215.1953125,121307.5078125
train,4457,87997.6484375,87871.890625
train,8543,107489.1953125,107586.6171875
train,6706,83340.0546875,83130.390625
train,7109,80864.171875,80574.1796875
train,4214,69599.734375,69137.0
train,7027,105514.8828125,105498.625
train,8303,93897.53125,93805.5859375
train,8690,114252.109375,114291.9296875
train,2015,74922.2578125,74536.0
train,2575,105741.328125,105774.3515625
train,1097,85265.84375,85072.109375
train,2859,84035.8671875,83828.1015625
train,6628,84047.4453125,83884.7890625
train,8270,98618.6015625,98558.234375
train,8141,96223.03125,96161.3046875
train,810,94989.3125,94935.3984375
train,8017,130894.09375,130879.3125
train,3957,124178.6328125,124280.7890625
train,4540,101364.9921875,101241.5625
train,6847,105215.1796875,105289.2109375
train,869,75045.203125,74707.140625
train,8742,86314.46875,86072.0390625
train,5256,82480.9140625,82279.71875
train,6383,76054.28125,75731.125
train,1662,122451.1953125,122516.890625
train,1280,99730.5,99689.6953125
train,4473,81393.390625,81110.3203125
train,1582,121502.1171875,121543.890625
train,1250,75178.46875,74797.4765625
train,3263,76825.6875,76499.90625
train,6512,112544.171875,112669.09375
train,3191,73737.7265625,73344.0859375
train,7144,87205.9921875,86955.7578125
train,4932,128818.8984375,128937.390625
train,1985,90327.390625,90210.8984375
train,551,85868.1484375,85727.5703125
train,1271,79188.5390625,78860.890625
train,8087,118603.4609375,118658.734375
train,4761,91963.5703125,91905.21875
train,486,98942.1328125,98913.6171875
train,1512,131598.59375,131723.421875
train,3079,99071.0546875,99038.1875
train,7299,82758.4375,82441.7734375
train,3747,75255.71875,74788.875
train,289,82595.6796875,82405.09375
train,423,94176.015625,94124.09375
train,4610,73247.28125,72851.671875
train,8681,82932.6875,82638.515625
train,6470,84733.234375,84528.9375
train,2683,73583.125,73243.90625
train,4069,92800.1015625,92740.4765625
train,5013,136979.375,137133.5625
train,4697,86534.6015625,86384.9765625
train,4287,72168.21875,71669.7109375
train,157,68387.9453125,67843.375
train,2535,97710.109375,97630.1484375
train,2178,91667.765625,91612.5859375
train,6425,136481.28125,136736.953125
train,7212,114929.5859375,114999.3125
train,8595,93509.8046875,93464.1484375
train,4065,86455.7578125,86286.1328125
train,3741,90803.2421875,90716.1640625
train,4322,110738.734375,110725.1484375
train,8330,114567.3203125,114537.03125
train,7747,96764.8984375,96706.1640625
train,1244,82511.140625,82221.609375
train,3708,97637.4140625,97559.46875
train,5814,95547.703125,95531.890625
train,5960,80649.53125,80346.390625
train,7934,110500.6015625,110548.1796875
train,2098,74681.0546875,74298.765625
train,7099,84471.109375,84232.4609375
train,7991,129893.1953125,130009.7890625
train,1892,94900.390625,94804.1640625
train,1554,85445.21875,85208.375
train,4357,91541.8515625,91451.1796875
train,2629,95186.75,95057.953125
train,2840,75698.9375,75307.75
train,3695,99044.484375,99057.4921875
train,1781,101956.0546875,101927.5546875
train,724,90793.3984375,90672.828125
train,4877,111497.203125,111510.484375
train,2989,72720.375,72343.9296875
train,5290,99527.1484375,99391.28125
train,3815,82909.65625,82678.5078125
train,5378,104375.703125,104358.015625
train,8375,104349.984375,104351.8828125
train,3942,71102.40625,70620.625
train,434,115409.96875,115457.890625
train,317,97089.109375,97060.109375
train,5618,86600.0390625,86481.7421875
train,1435,97216.7109375,97129.765625
train,3483,71318.0703125,70870.640625
train,6505,69608.0859375,69137.8125
train,1093,83236.171875,82932.40625
train,6069,94219.8515625,94113.0703125
train,7603,120764.390625,120870.234375
train,8637,98759.828125,98693.1953125
train,2125,121640.28125,121726.9375
train,8743,81423.7734375,81088.140625
train,6735,109018.328125,108999.6015625
train,8166,84542.2421875,84334.1953125
train,6261,95126.28125,95033.28125
train,6385,67736.3203125,67239.9375
train,4363,78663.921875,78437.3828125
train,3304,104057.3203125,104095.1015625
train,2675,107069.40625,107114.421875
train,5272,104042.1875,104011.671875
train,6330,83112.8828125,82872.5
train,1584,64950.48046875,64406.91015625
train,8383,84315.125,84137.8515625
train,1451,71907.125,71500.6953125
train,619,102647.2578125,102681.1953125
train,4189,124883.5078125,125046.46875
train,6583,131390.78125,131511.078125
train,722,95297.109375,95269.765625
train,3585,70085.625,69567.0703125
train,2974,96127.9921875,96106.1328125
train,3058,107580.984375,107619.90625
train,2594,109979.703125,110038.2109375
train,6920,69193.6484375,68715.890625
train,6339,118526.59375,118567.0546875
train,8430,82320.375,82045.0859375
train,7531,66429.015625,65936.4375
train,455,73932.046875,73534.53125
train,2774,107346.5390625,107427.0546875
train,5926,86274.265625,86101.5859375
train,8398,82431.90625,82192.5
train,5196,73124.4765625,72674.09375
train,2551,84583.03125,84423.2890625
train,8348,121488.4921875,121512.3828125
train,8309,107077.0078125,107102.4609375
train,6153,101662.0234375,101611.453125
train,7429,118175.03125,118272.734375
train,2711,143414.78125,143561.03125
train,1476,87391.5625,87203.90625
train,4577,111178.078125,111231.578125
train,5580,113196.328125,113167.6875
train,4186,85775.2109375,85494.5390625
train,1364,87616.53125,87456.640625
train,6944,124248.0546875,124305.7265625
train,1352,85367.09375,85214.375
train,5605,79759.7734375,79437.34375
train,8583,100510.171875,100453.6796875
train,2502,111901.09375,111956.8125
train,1783,86180.5234375,86019.9765625
train,5999,102664.6328125,102655.1328125
train,429,86515.328125,86339.796875
train,3470,125640.828125,125769.2265625
train,231,89685.4765625,89640.015625
train,7219,82156.015625,81871.1171875
train,5732,96778.046875,96745.109375
train,8150,75158.2421875,74786.9921875
train,7872,100844.25,100811.2109375
train,2077,81657.5,81357.3828125
train,6953,123516.1015625,123573.5859375
train,3167,104814.7421875,104901.4921875
train,3994,88497.8515625,88345.2578125
train,5304,85538.1875,85288.3203125
train,4305,77275.59375,76987.2421875
train,5198,69710.5078125,69226.8515625
train,3771,84654.7578125,84498.234375
train,7824,105880.828125,105962.21875
train,4204,75637.703125,75259.875
train,7293,102114.59375,102089.234375
train,6511,124464.5859375,124518.71875
train,4396,83520.84375,83306.6953125
train,3408,91063.2578125,91207.75
train,7200,69606.1328125,69108.8359375
train,5187,87701.34375,87576.8828125
train,5261,90427.1953125,90323.96875
train,6133,67393.6953125,66878.5
train,635,132673.25,132764.796875
train,4223,76551.4140625,76205.8671875
train,4963,84567.2734375,84392.4453125
train,7276,129963.4765625,130037.21875
train,5199,119044.21875,119034.484375
train,3499,77113.6953125,76822.171875
train,3801,78845.6328125,78527.3359375
train,855,112359.140625,112329.328125
train,3855,134064.859375,134173.75
train,7459,86333.078125,86170.7109375
train,1982,84406.1796875,84245.7734375
train,7777,79712.1484375,79361.0390625
train,2855,79955.515625,79600.21875
train,3998,85320.140625,85128.2421875
train,5019,81660.71875,81403.921875
train,1961,84646.3984375,84462.6015625
train,8465,98324.8125,98238.9453125
train,8033,111825.1640625,111948.078125
train,6392,87431.6484375,87273.96875
train,8120,120419.7734375,120461.9296875
train,5299,88020.4140625,87890.7109375
train,8312,97882.4296875,97789.359375
train,7851,93147.0078125,93051.546875
train,8049,84335.1796875,84098.515625
train,101,84910.25,84703.40625
train,6607,79892.0078125,79608.2890625
train,4779,86146.1875,85977.1640625
train,4570,91850.0,91790.6015625
train,2063,108408.625,108496.171875
train,6250,91472.3515625,91410.421875
train,427,91896.9765625,91815.3671875
train,8421,81314.8828125,81104.328125
train,1946,91735.34375,91664.546875
train,2409,72925.6875,72434.6171875
train,6913,115253.171875,115382.78125
train,4759,84257.4765625,84081.6328125
train,3160,67344.2890625,66912.265625
train,4057,66710.375,66215.328125
train,4095,123465.984375,123592.6640625
train,623,84199.6484375,83959.2890625
train,6609,85315.6171875,85209.1796875
train,3677,110147.515625,110242.40625
train,3890,71685.609375,71293.109375
train,104,78018.2265625,77759.4453125
train,5258,91128.3828125,91047.390625
train,4124,83514.9375,83287.0390625
train,1274,101008.9765625,100943.2890625
train,4689,116945.078125,116997.34375
train,5555,70083.9453125,69608.96875
train,2278,85067.8828125,84872.796875
train,3950,90705.2890625,90567.015625
train,8041,71265.015625,70907.625
train,1069,81244.4765625,80945.984375
train,6766,72646.71875,72242.0
train,3381,72814.6640625,72402.0859375
train,7363,78809.453125,78467.0546875
train,5465,87681.5390625,87446.9609375
train,4916,64507.34765625,63923.140625
train,8176,73936.109375,73469.0
train,3326,101040.5625,101013.0703125
train,4170,74137.6015625,73722.03125
train,1397,99129.25,99053.828125
train,3123,104542.953125,104573.3359375
train,5264,114756.8984375,114784.15625
train,1478,74307.28125,73958.640625
train,5973,103907.1015625,103977.640625
train,6699,86056.015625,85888.25
train,8314,120184.6875,120239.7578125
train,2850,79019.0546875,78755.84375
train,6057,80934.484375,80577.875
train,3346,88988.8984375,88874.390625
train,5938,96479.90625,96354.6328125
train,1386,97572.90625,97529.09375
train,3813,91906.3203125,91836.8515625
train,687,110246.046875,110317.1328125
train,1229,90155.046875,90053.578125
train,1543,98676.1484375,98588.7734375
train,6630,67336.765625,66883.8828125
train,5789,98111.5625,97971.96875
train,2590,89006.53125,88888.2890625
train,4450,89851.046875,89706.6796875
train,7089,66149.4921875,65632.25
train,383,76881.59375,76577.484375
train,742,103594.75,103649.453125
train,1792,105225.140625,105272.3671875
train,4129,114769.6171875,114875.296875
train,1884,101801.5703125,101790.3671875
train,6303,98124.2421875,98047.1875
train,2096,84286.5078125,84125.2578125
train,6457,98625.828125,98465.765625
train,6827,89576.7109375,89457.421875
train,5585,66888.0625,66445.53125
train,56,69725.296875,69307.9375
train,7211,83687.875,83508.734375
train,3624,107656.0234375,107755.5703125
train,2723,111284.3515625,111308.71875
train,2970,76485.3125,76204.1171875
train,303,98548.234375,98461.640625
train,3861,116199.0703125,116239.109375
train,2003,138799.640625,138955.25
train,6016,137660.234375,137919.0
train,7721,102192.3671875,102199.6484375
train,4485,110650.9296875,110860.6953125
train,8574,76138.5,75743.7421875
train,7769,81883.7890625,81570.09375
train,3255,84816.5390625,84559.171875
train,1436,77429.078125,77114.171875
train,8552,114927.09375,114974.390625
train,4864,77443.0390625,77087.109375
train,8139,81118.8046875,80861.1484375
train,2482,73934.453125,73530.796875
train,4618,90574.5390625,90444.8203125
train,6195,109740.4296875,109839.375
train,275,88619.1953125,88488.8359375
train,3453,78727.7578125,78444.6953125
train,2821,105100.453125,105147.953125
train,1122,92852.5234375,92773.609375
train,5594,90385.59375,90308.8984375
train,4353,98631.171875,98596.4765625
train,3369,112116.4140625,112154.03125
train,223,84254.1640625,84061.890625
train,7475,98598.0234375,98503.9609375
train,4384,100460.8203125,100429.421875
train,2167,77958.4921875,77595.484375
train,1356,72093.9296875,71608.6875
train,2746,96967.1796875,96866.1171875
train,6858,85439.1328125,85163.0390625
train,3879,102493.8984375,102471.2578125
train,7386,82506.5859375,82321.5859375
train,2023,100919.2421875,100901.5078125
train,115,89368.2734375,89277.484375
train,2584,104558.96875,104583.7109375
train,641,100499.9296875,100401.5
train,2292,76037.7265625,75692.578125
train,1012,77071.8515625,76711.3359375
train,1910,114962.78125,115075.75
train,1414,92518.390625,92443.984375
train,2693,91076.8515625,90950.8515625
train,6655,76051.9453125,75759.640625
train,1782,68660.9921875,68175.15625
train,3510,84199.2578125,83975.7734375
train,513,114297.8828125,114321.109375
train,3906,137867.4375,138005.40625
train,2091,94609.828125,94543.3125
train,2053,157120.796875,157310.5
train,6368,94047.65625,93973.453125
train,1382,98177.234375,98068.40625
train,2943,96907.359375,96857.7109375
train,4476,87169.65625,86906.2265625
train,2997,81772.7890625,81570.4453125
train,6468,101595.9921875,101498.640625
train,5744,110061.0625,110087.6953125
train,1401,88238.6171875,88093.2578125
train,5188,94798.7421875,94779.1484375
train,7148,98330.1796875,98321.0234375
train,5786,77638.1640625,77283.265625
train,8071,85864.90625,85645.0703125
train,5379,120895.4140625,121065.453125
train,3327,92782.40625,92758.28125
train,5288,119218.734375,119368.640625
train,6774,92032.203125,91946.8828125
train,2596,98807.40625,98793.0078125
train,2362,88231.3359375,88070.0390625
train,337,89242.0703125,89142.0390625
train,6690,73440.7578125,73040.84375
train,3703,99135.65625,99101.875
train,2587,103886.4375,103918.7734375
train,69,114997.734375,115093.046875
train,1965,110774.609375,110868.8515625
train,8527,73972.4921875,73549.5546875
train,6707,114306.484375,114347.078125
train,2826,101829.0625,101809.9375
train,8181,117879.1875,117990.2265625
train,163,97532.0390625,97525.484375
train,8162,106501.90625,106539.984375
train,4858,95564.6953125,95410.1953125
train,3878,76239.234375,75942.40625
train,5239,97760.421875,97694.5234375
train,2660,140750.59375,140906.515625
train,1022,95529.6796875,95455.8203125
train,660,65424.01953125,64896.125
train,3050,98145.2265625,98127.0625
train,1017,71398.8046875,71014.8984375
train,8209,98255.578125,98200.515625
train,1217,101407.7734375,101382.1015625
train,4286,80529.046875,80181.1953125
train,3542,90936.1640625,90854.8203125
train,3442,126599.96875,126700.796875
train,4282,123700.34375,123755.484375
train,5609,88468.046875,88356.34375
train,2940,113095.1015625,113121.609375
train,1926,110543.421875,110609.4609375
train,4565,86522.5,86299.3984375
train,2413,91380.125,91281.6171875
train,4190,86456.0390625,86266.5078125
train,1181,104227.171875,104262.96875
train,1641,96946.9765625,96927.3515625
train,3097,113543.5703125,113634.4296875
train,6012,91460.78125,91386.1171875
train,6417,91437.4921875,91341.71875
train,3732,104899.3515625,105026.421875
train,8715,88621.96875,88449.796875
train,1230,108900.4296875,108959.5
train,6832,73398.328125,72991.734375
train,324,84000.796875,83747.9609375
train,3215,108287.609375,108406.625
train,7678,99211.234375,99181.8203125
train,3349,124172.46875,124193.1875
train,7302,116083.2734375,116152.4140625
train,4913,112166.03125,112272.5546875
train,2911,109278.734375,109296.875
train,1718,127524.5703125,127650.1953125
train,3484,95652.34375,95563.0078125
train,5347,81061.0546875,80751.7265625
train,6272,108731.9609375,108702.328125
train,6394,81483.5546875,81274.5625
train,5894,87076.765625,86914.3359375
train,8192,77701.5234375,77315.1015625
train,8581,121252.7734375,121394.0625
train,3178,90563.3046875,90472.796875
train,123,77123.7109375,76744.8984375
train,739,88348.859375,88222.921875
train,773,142568.3125,142686.09375
train,6962,97766.6328125,97555.5625
train,2732,73354.1953125,72923.9296875
train,2333,131874.90625,132127.890625
train,5662,85050.1640625,84809.765625
train,181,79263.7265625,78969.71875
train,3905,76527.734375,76250.6875
train,4917,110274.9140625,110294.875
train,1549,70864.375,70366.0390625
train,1145,94453.4375,94400.6171875
train,8305,105905.6171875,105958.515625
train,1707,81245.5,80972.6640625
train,2542,99482.4765625,99417.5703125
train,3008,93789.3203125,93657.3203125
train,8089,92241.3203125,92151.15625
train,2655,75863.9453125,75486.890625
train,7907,81927.453125,81699.0703125
train,4768,80350.2578125,80111.203125
train,6219,142067.359375,142212.265625
train,4079,82947.6640625,82690.265625
train,5735,93519.6171875,93448.6953125
train,8091,113009.703125,112989.78125
train,6279,113965.7734375,113982.6796875
train,3899,129277.2421875,129392.5390625
train,8111,65798.078125,65329.0625
train,7034,68542.6875,68042.109375
train,6857,72083.2890625,71690.03125
train,3190,68803.484375,68313.8125
train,6994,92411.0078125,92325.5859375
train,4599,84693.609375,84507.2890625
train,3358,105723.453125,105764.65625
train,7582,96829.1171875,96772.3671875
train,6636,95011.65625,94938.6171875
train,8731,85510.578125,85305.40625
train,1690,84873.3984375,84656.140625
train,6883,99346.0078125,99240.015625
train,5493,82715.5,82514.75
train,6015,113886.9140625,113974.25
train,3498,111700.46875,111770.125
train,7786,84708.9140625,84539.1328125
train,4481,99978.265625,99981.2734375
train,3872,105177.5703125,105264.3828125
train,6806,103043.109375,103038.1640625
train,3793,79435.71875,79106.3828125
train,2183,87937.3828125,87774.125
train,6281,74843.8203125,74470.8984375
train,2164,83274.1015625,83031.3046875
train,424,91997.2421875,91913.875
train,1444,99995.1953125,99973.2421875
train,2040,121544.1015625,121390.9453125
train,1225,128319.9375,128452.296875
train,4220,102058.7734375,101966.4453125
train,1238,107312.7421875,107401.8984375
train,4248,105279.8671875,105325.46875
train,2849,73781.15625,73365.421875
train,5818,105873.484375,106038.546875
train,7886,136711.25,136839.921875
train,3934,72729.671875,72388.796875
train,48,90637.0390625,90539.4140625
train,5867,131112.953125,131250.25
train,4123,108874.0,108956.9140625
train,3155,80818.2109375,80565.21875
train,3921,64321.94921875,63780.3828125
train,1033,88396.9609375,88215.9296875
train,6764,82293.1953125,82071.2265625
train,5050,143718.71875,143908.453125
train,4821,102815.7578125,102841.1015625
train,2578,94446.09375,94275.6796875
train,3409,136018.65625,136155.96875
train,771,95795.890625,95703.96875
train,4983,83309.9375,83072.59375
train,4555,109729.75,109847.6171875
train,6981,80627.78125,80406.140625
train,1270,92165.921875,92037.140625
train,3212,85228.015625,84986.484375
train,3812,76100.1953125,75638.921875
train,7797,116476.828125,116596.9453125
train,1896,95510.09375,95451.6796875
train,1819,92820.2109375,92830.9375
train,436,88037.390625,87817.0625
train,4303,89517.0546875,89492.359375
train,4830,67770.0546875,67199.7890625
train,311,123925.171875,123984.5
train,3716,114306.765625,114384.5546875
train,2034,76771.2421875,76380.71875
train,752,77111.6328125,76649.8125
train,4428,64726.171875,64173.39453125
train,8114,85115.609375,84931.1875
train,5584,100693.109375,100660.8984375
train,7509,72796.1484375,72409.6796875
train,1606,110007.546875,110064.109375
train,6169,99817.1328125,99826.0
train,6637,112843.984375,112932.796875
train,4359,126291.4375,126400.09375
train,2158,112901.3671875,112938.0390625
train,6799,92476.5859375,92343.5546875
train,6472,105437.0625,105452.8359375
train,8189,77325.90625,76928.640625
train,888,104424.8984375,104515.109375
train,3626,73689.4453125,73285.3671875
train,4589,129610.1953125,129666.6640625
train,1005,148427.40625,148592.671875
train,7053,74653.4609375,74323.375
train,6208,89522.234375,89330.5234375
train,720,102655.625,102652.3828125
train,2900,68402.53125,67893.1640625
train,3179,90896.1328125,90752.2109375
train,684,80303.2421875,80034.40625
train,6519,72991.78125,72568.8203125
train,7724,80467.3671875,80177.21875
train,8706,98267.78125,98151.1484375
train,3387,97414.5234375,97324.953125
train,330,92997.6953125,92932.765625
train,7869,88687.0625,88464.59375
train,1178,81754.609375,81479.46875
train,3306,80714.8671875,80494.0
train,1403,69444.9921875,69038.5078125
train,7630,91889.6171875,91794.4609375
train,7256,89266.1640625,89150.640625
train,3976,88392.6875,88237.359375
train,6660,75300.421875,74881.5390625
train,2516,84011.265625,83786.7109375
train,3654,93706.1171875,93596.1875
train,8569,101879.2421875,101836.6640625
train,703,101649.203125,101625.375
train,7978,83474.671875,83169.9375
train,4773,87362.7265625,87196.4765625
train,7705,94088.203125,94185.484375
train,5967,118112.203125,118175.625
train,5715,84842.0078125,84691.515625
train,4588,68645.703125,68170.21875
train,2642,68384.8515625,67931.0546875
train,1235,85714.0546875,85578.71875
train,3100,100259.96875,100189.921875
train,748,111552.09375,111534.90625
train,8605,84427.4765625,84262.328125
train,39,99359.0078125,99291.1796875
train,5328,104870.5390625,104829.2421875
train,6027,97552.9453125,97530.8046875
train,6584,84191.0390625,83995.046875
train,1168,144039.703125,144235.671875
train,6542,95177.03125,95090.1796875
train,165,130258.0859375,130353.703125
train,6031,74590.7109375,74222.734375
train,7950,75957.375,75574.765625
train,8030,119710.984375,119799.125
train,4984,81031.9765625,80770.796875
train,885,85104.453125,84866.015625
train,7247,98462.8046875,98400.1796875
train,91,120276.1640625,120297.9921875
train,5592,82142.6484375,81887.7421875
train,5741,86797.0390625,86648.859375
train,190,116564.1796875,116689.6640625
train,7770,114965.09375,115012.328125
train,130,103621.671875,103621.3203125
train,1334,104842.2421875,104914.8984375
train,8331,92460.65625,92456.3515625
train,8599,82722.7734375,82474.234375
train,8720,74713.3125,74404.25
train,5946,129225.4296875,129322.078125
train,2969,101667.609375,101620.671875
train,4989,156653.375,156786.546875
train,1466,130922.578125,130979.25
train,4080,87101.828125,86948.9765625
train,2444,92565.109375,92464.4453125
train,7781,107051.125,107133.546875
train,8097,79643.5,79329.71875
train,1277,117973.28125,118042.953125
train,813,89983.234375,89888.2109375
train,1992,90099.4921875,90040.9375
train,8349,83638.796875,83368.6953125
train,3968,108088.2109375,108116.2421875
train,5959,86106.1171875,85935.1796875
train,8753,79435.8203125,79090.2734375
train,610,88463.3984375,88330.625
train,6693,91285.6484375,91212.3203125
train,2293,90893.2890625,90751.5
train,5325,92620.0546875,92538.7578125
train,860,70659.3671875,70201.296875
train,6742,96473.734375,96413.7421875
train,291,83906.6171875,83630.53125
train,7518,114028.7734375,114142.2890625
train,5913,82798.7421875,82572.3046875
train,5145,89164.390625,89014.1171875
train,7732,97063.65625,97024.59375
train,5559,84232.1484375,84002.03125
train,7594,126526.109375,126611.15625
train,1745,95570.359375,95489.328125
train,5071,98683.1953125,98600.1953125
train,7095,97987.203125,97887.15625
train,7782,105873.734375,105928.8046875
train,8475,81814.3515625,81614.640625
train,3867,116636.1640625,116678.96875
train,6108,81207.1796875,80951.421875
train,3445,95863.90625,95733.375
train,1120,100748.015625,100750.625
train,4908,83072.28125,82833.3671875
train,4710,90480.7734375,90328.9453125
train,6673,122280.65625,122416.8359375
train,3944,78483.515625,78109.65625
train,5128,102096.921875,102042.2421875
train,7037,83559.0390625,83309.4921875
train,2922,97269.640625,97209.7265625
train,1919,141921.75,142054.125
train,4386,89246.0234375,89133.4296875
train,7600,133970.625,134230.953125
train,1411,96624.828125,96573.46875
train,8356,79680.484375,79318.5078125
train,4990,74733.5,74303.375
train,2446,92179.9765625,92035.171875
train,1748,129998.015625,130096.515625
train,3706,86041.265625,85885.171875
train,5229,108090.453125,108169.171875
train,1616,80134.7109375,79800.59375
train,2583,80729.4921875,80460.5390625
train,2451,85513.8828125,85319.609375
train,7675,83794.765625,83551.8359375
train,7164,97465.25,97398.3203125
train,7550,110566.234375,110638.296875
train,2708,78445.40625,78099.1796875
train,4314,93170.171875,93028.1796875
train,2658,94320.8359375,94193.6796875
train,2190,122769.3984375,122797.9140625
train,2819,86474.6015625,86303.0703125
train,1568,88323.2421875,88184.4375
train,2811,86061.828125,85881.4921875
train,3754,144796.484375,144963.65625
train,3886,119036.53125,119029.78125
train,2434,114331.9375,114302.4375
train,2437,77180.296875,76829.2109375
train,4763,110154.6953125,110215.640625
train,1066,72819.3359375,72483.484375
train,133,77384.9140625,77023.78125
train,6976,116657.0546875,116673.984375
train,7051,81405.9296875,81235.125
train,8682,69396.4921875,68875.796875
train,6879,76472.515625,76130.65625
train,7479,69764.609375,69340.65625
train,3955,88734.34375,88515.6953125
train,1268,79470.1796875,79192.15625
train,7231,98997.9609375,98906.625
train,611,135352.90625,135457.34375
train,2123,93977.03125,93803.328125
train,2851,95410.0546875,95314.234375
train,6189,93898.5,93746.578125
train,2741,118622.1640625,118707.9609375
train,6046,103308.8671875,103357.21875
train,6113,88347.6171875,88173.65625
train,5302,80248.296875,79970.875
train,7383,127058.1328125,127175.015625
train,4897,110142.6953125,110176.453125
train,4847,86021.546875,85761.1953125
train,6188,74560.8125,74206.1328125
train,454,83514.7890625,83289.84375
train,3258,81421.5,81161.5625
train,186,92414.1328125,92252.9765625
train,757,102372.671875,102362.2734375
train,5577,71460.328125,70984.2890625
train,2148,125130.4921875,125224.28125
train,2433,90578.71875,90439.7109375
train,2600,97789.765625,97704.75
train,2799,82742.265625,82478.703125
train,4091,80959.71875,80663.4765625
train,2617,83653.7578125,83409.859375
train,3953,88865.984375,88746.40625
train,8697,84745.765625,84459.015625
train,7325,128035.375,128192.5625
train,274,119109.359375,119186.921875
train,4890,67729.8515625,67284.3125
train,6536,85771.7265625,85590.6953125
train,3415,97144.3125,97076.4375
train,2218,104075.7890625,104150.0078125
train,719,99463.734375,99361.6875
train,8079,88006.9140625,87857.984375
train,4296,76386.2578125,76082.3984375
train,3359,71174.2578125,70688.9765625
train,6316,84722.2578125,84485.890625
train,6122,85083.6171875,84912.328125
train,2287,101135.203125,101047.3515625
train,8051,144450.96875,144617.0625
train,6055,117817.1328125,117870.4375
train,4348,98293.59375,98262.0703125
train,3779,103877.5703125,104036.765625
train,7406,80465.1953125,80154.0546875
train,2980,86029.734375,85839.3203125
train,1728,99215.953125,99163.4921875
train,6887,76046.171875,75667.34375
train,2177,123928.09375,123966.734375
train,963,88114.3046875,87956.328125
train,8098,90757.4921875,90670.640625
train,2310,97352.6953125,97294.5390625
train,2112,99445.78125,99383.8046875
train,351,87840.90625,87694.640625
train,8531,102509.484375,102526.171875
train,4375,98996.2421875,98976.2578125
train,5758,115629.1015625,115706.859375
train,1813,74804.5078125,74438.0234375
train,7062,124979.8203125,125059.0625
train,7285,95204.265625,95139.6875
train,3333,81223.8671875,80921.8125
train,3295,76881.5078125,76581.7421875
train,6666,118562.8359375,118650.828125
train,6229,83204.2578125,82953.625
train,7006,110145.828125,110231.453125
train,7986,72127.65625,71682.78125
train,2428,138213.09375,138361.171875
train,89,97381.0078125,97329.0390625
train,4031,106433.796875,106443.4140625
train,6299,105578.0859375,105627.140625
train,4256,71231.125,70799.2890625
train,7214,95510.078125,95441.1171875
train,907,97594.9140625,97514.21875
train,7879,109403.8984375,109484.3125
train,5850,68909.375,68426.171875
train,4087,91190.4765625,91053.484375
train,411,75480.140625,75213.84375
train,7780,86245.2890625,85976.7890625
train,135,83249.203125,82973.78125
train,3896,75505.921875,75150.6875
train,2914,74619.203125,74300.1328125
train,565,116538.875,116639.0625
train,7088,66215.3125,65681.265625
train,2783,72039.9375,71651.5
train,140,107856.953125,107880.6171875
train,7981,96283.15625,96213.4453125
train,779,98953.921875,98872.078125
train,6104,97017.1015625,96903.171875
train,6646,90150.1796875,90048.4765625
train,4358,88320.3046875,88126.8828125
train,2857,76698.3125,76256.2890625
train,7248,111097.5546875,111144.765625
train,7709,84813.078125,84594.8125
train,7629,107328.640625,107345.8515625
train,210,91207.46875,91063.0546875
train,1804,86999.015625,86857.0859375
train,4304,106370.125,106437.7734375
train,621,102798.765625,102845.5625
train,6769,103133.84375,103112.390625
train,96,87202.09375,87030.359375
train,930,80120.71875,79825.7890625
train,8212,107124.4921875,107125.828125
train,6795,102570.765625,102579.03125
train,251,109259.4296875,109329.828125
train,3965,91875.890625,91753.4453125
train,5078,86172.6484375,85888.28125
train,7420,100757.1640625,100697.125
train,7408,114549.6484375,114615.21875
train,6602,75961.9140625,75587.515625
train,6462,74718.7578125,74355.0859375
train,2933,93766.3671875,93635.515625
train,8538,116969.296875,117042.7890625
train,7001,112566.71875,112512.734375
train,1551,87762.484375,87601.8203125
train,3586,90394.25,90275.3515625
train,233,124448.453125,124549.0625
train,7837,109797.90625,109845.8515625
train,835,94416.78125,94346.3203125
train,4104,82526.640625,82293.78125
train,7303,74440.8125,74111.5
train,3026,103773.609375,103859.578125
train,2979,112995.2421875,113054.5546875
train,1456,77682.7265625,77338.640625
train,3794,82817.015625,82670.078125
train,8173,68878.96875,68387.9375
train,3092,86478.0390625,86285.859375
train,70,116078.8984375,116137.859375
train,6878,102050.4296875,102051.09375
train,4397,82149.40625,81962.6796875
train,5731,90316.5625,90244.625
train,4430,85498.9375,85289.1796875
train,8586,70434.1484375,69946.109375
train,5456,84546.453125,84406.6796875
train,7448,117225.453125,117266.609375
train,519,83134.875,82838.2890625
train,3395,85639.2734375,85415.21875
train,2346,91976.7578125,91965.6328125
train,6184,79955.4375,79650.6875
train,1692,83347.546875,83042.703125
train,296,75349.59375,74965.4765625
train,8351,81795.8671875,81556.5
train,1983,129295.8359375,129338.234375
train,4944,74425.359375,74054.34375
train,4351,82270.703125,82051.78125
train,310,67571.5078125,67066.140625
train,5133,71412.9921875,70993.9609375
train,4037,88121.359375,88022.1015625
train,8003,75877.8515625,75435.6484375
train,4900,82923.171875,82673.671875
train,5718,93320.8515625,93246.734375
train,1899,99569.5078125,99518.2578125
train,2330,87166.8125,87007.9765625
train,3848,91926.90625,91749.2109375
train,8623,86784.234375,86578.8125
train,844,108856.203125,108892.1796875
train,7654,90325.65625,90211.0625
train,8540,99462.515625,99422.875
train,4176,115229.28125,115178.6015625
train,406,82425.3984375,82174.6171875
train,1998,114299.59375,114283.171875
train,354,82775.4453125,82544.640625
train,6898,74969.5234375,74660.640625
train,1891,89881.9375,89776.8046875
train,1771,77423.234375,77087.0390625
train,6580,69945.0234375,69520.515625
train,5149,88709.8125,88496.1484375
train,3717,119338.1328125,119475.0234375
train,8604,84255.6484375,84032.78125
train,150,99777.234375,99696.1328125
train,5990,74269.5,73946.125
train,651,80943.3828125,80662.7578125
train,7932,67467.953125,66977.734375
train,387,88412.140625,88216.671875
train,6222,105164.6953125,105224.84375
train,8019,106186.3125,106269.7109375
train,5441,97111.5234375,97094.28125
train,2425,88485.8125,88262.09375
train,7634,82880.9609375,82655.2734375
train,1642,107389.859375,107386.8203125
train,8657,74256.0859375,73886.875
train,355,107236.3515625,107271.6171875
train,3140,85204.3671875,84962.8984375
train,1991,73868.828125,73492.2890625
train,6789,106513.375,106460.7109375
train,4101,87039.90625,86907.28125
train,7940,81098.0078125,80731.921875
train,3382,106564.3984375,106544.6640625
train,8562,88248.1640625,88163.4375
train,643,84920.96875,84709.984375
train,2765,83359.890625,83191.046875
train,8419,88298.984375,88180.0234375
train,4484,73401.765625,72936.375
train,1651,110185.1953125,110228.3671875
train,2128,104900.0390625,104922.1328125
train,6535,92333.9921875,92299.296875
train,1186,79323.4453125,78978.8046875
train,1855,102148.890625,102146.640625
train,5189,75197.2421875,74817.171875
train,8686,88199.1640625,88030.9296875
train,172,103098.328125,103128.2734375
train,2211,86872.0234375,86746.2578125
train,6828,82595.265625,82336.71875
train,6802,111088.0546875,111126.421875
train,5739,74928.6171875,74588.671875
train,124,99860.6171875,99691.453125
train,7268,120368.2734375,120404.8984375
train,5581,91597.953125,91579.828125
train,1160,69285.7578125,68789.84375
train,6143,89752.4453125,89672.3046875
train,5317,105283.875,105299.734375
train,4058,101943.3671875,101954.4765625
train,767,95127.671875,95090.4921875
train,3103,126721.328125,126776.7109375
train,1490,108773.09375,108803.7421875
train,1812,98760.953125,98728.5625
train,8276,141812.15625,141987.078125
train,8558,92645.8359375,92602.875
train,6124,97051.546875,96995.046875
train,6714,87515.703125,87398.5859375
train,4651,79017.4453125,78669.6484375
train,6651,84342.421875,84090.6484375
train,2454,84735.8359375,84589.3125
train,7942,83551.1875,83338.9375
train,8184,76686.984375,76277.125
train,4021,75654.7109375,75319.484375
train,3540,89068.0078125,88976.0625
train,7795,114684.46875,114763.3984375
train,2257,91908.71875,91713.234375
train,6478,76870.609375,76523.734375
train,1742,114791.296875,114798.453125
train,8617,80190.34375,79925.84375
train,102,68758.3046875,68241.078125
train,8436,86340.3046875,86142.140625
train,8307,110391.78125,110426.09375
train,487,92852.1796875,92766.15625
train,5567,75653.75,75241.71875
train,8539,85488.9765625,85254.78125
train,728,79899.1484375,79612.9921875
train,5250,90821.7109375,90808.171875
train,5682,83950.828125,83735.8828125
train,6662,127941.0703125,128031.4140625
train,7239,97818.671875,97717.1875
train,502,89567.5703125,89425.8828125
train,6082,106919.796875,106959.125
train,7820,104500.59375,104558.3203125
train,5135,78358.9609375,78054.7421875
train,965,112553.6953125,112578.3984375
train,2895,85344.3984375,85093.4453125
train,6905,120381.421875,120448.15625
train,5373,90406.421875,90287.984375
train,5551,86326.078125,86157.6484375
train,5915,87403.84375,87215.015625
train,8755,74527.7421875,74149.390625
train,2614,93562.78125,93381.78125
train,883,102718.59375,102663.8046875
train,6061,108055.90625,108057.0234375
train,3991,96750.1796875,96801.5
train,4687,109075.6015625,109113.625
train,7571,94004.3671875,93942.171875
train,4453,90524.9296875,90442.7890625
train,4283,106288.1328125,106338.0390625
train,795,89317.6328125,89258.578125
train,5166,104996.8984375,105085.3203125
train,8340,86218.21875,85979.9765625
train,5917,77033.8984375,76724.53125
train,8369,83806.359375,83597.0078125
train,2896,92120.1640625,92046.9921875
train,8109,94897.2265625,94821.328125
train,1059,86923.25,86779.015625
train,3270,121261.3515625,121358.0390625
train,5610,101077.5234375,101071.25
train,2657,96421.421875,96421.953125
train,350,119674.34375,119680.2109375
train,2563,75206.984375,74807.140625
train,7365,96096.015625,96144.765625
train,7130,90729.1171875,90622.0
train,2740,79442.46875,79152.9140625
train,3467,81388.8515625,81094.578125
train,3147,91153.1015625,90998.8203125
train,3104,114187.171875,114214.3359375
train,7964,96762.265625,96689.25
train,864,117811.21875,117825.03125
train,7661,95035.5390625,94930.921875
train,8381,86833.046875,86646.046875
train,3666,83394.890625,83134.546875
train,1720,66575.9140625,66039.640625
train,6710,75071.6484375,74711.421875
train,2398,92055.6875,91979.421875
train,4398,79220.8125,78886.140625
train,1693,102815.6484375,102840.078125
train,8394,84246.9453125,83928.546875
train,5702,130808.0390625,130905.109375
train,812,91065.3359375,91001.8671875
train,7093,93440.8515625,93273.9453125
train,6776,142537.375,142631.4375
train,98,104622.2421875,104675.96875
train,3015,84665.3359375,84428.75
train,2022,107219.3203125,107300.203125
train,6498,75249.15625,74898.65625
train,5318,114305.21875,114383.1796875
train,7763,95218.7421875,95168.3828125
train,6039,109560.4296875,109602.1015625
train,5011,89348.4140625,89261.234375
train,6672,85186.8125,85080.2265625
train,1997,82638.6640625,82392.7890625
train,8625,88294.4453125,88114.0703125
train,6540,83747.7734375,83504.8515625
train,8530,81800.1015625,81544.46875
train,900,94451.7109375,94357.2578125
train,661,83864.2578125,83595.703125
train,7597,105053.265625,105088.546875
train,3492,85839.8984375,85676.328125
train,4587,104438.296875,104472.8984375
train,3974,108894.7421875,108963.453125
train,8653,86507.21875,86298.3828125
train,712,76457.453125,76106.171875
train,5754,96621.203125,96597.375
train,8689,101243.9765625,101163.6953125
train,5439,87258.1875,87067.1875
train,4505,86705.984375,86527.5703125
train,2559,107592.7421875,107586.6015625
train,6056,90110.625,89968.2578125
train,5884,94254.7421875,94217.234375
train,2136,78172.9296875,77857.7734375
train,1612,89811.5078125,89724.0234375
train,4663,129279.4375,129369.171875
train,7417,121338.671875,121376.546875
train,2838,91753.1953125,91639.8125
train,3648,83794.5859375,83539.4296875
train,8669,96333.4296875,96302.84375
train,3261,94972.4375,94915.1484375
train,2748,111117.09375,111162.359375
train,2324,88824.703125,88670.1171875
train,3978,80156.875,79889.328125
train,4439,91963.6796875,91871.5859375
train,5598,81616.3515625,81396.15625
train,5286,122058.5,122064.3046875
train,7811,105498.7734375,105534.5
train,8081,119132.4453125,119236.4453125
train,4995,74782.296875,74449.625
train,148,102498.859375,102502.078125
train,31,67965.59375,67492.9609375
train,4218,69816.890625,69386.625
train,7546,104225.2421875,104306.421875
train,1483,104222.859375,104251.484375
train,7871,72548.890625,72174.9296875
train,3009,139869.640625,139997.046875
train,2198,69284.0390625,68849.7734375
train,4652,131747.9375,131821.734375
train,3822,88983.15625,88861.9375
train,6076,82375.4453125,82144.7421875
train,1943,85809.703125,85603.9921875
train,2240,86604.8125,86413.796875
train,3283,115628.859375,115681.625
train,435,76883.859375,76485.21875
train,7015,119122.5703125,119168.640625
train,5902,94349.25,94342.359375
train,7640,139374.328125,139548.140625
train,2963,109616.0390625,109681.2578125
train,7092,85178.625,84912.078125
train,462,92997.4375,92924.7890625
train,5400,101616.3515625,101542.15625
train,7173,82810.390625,82599.8125
train,1953,92066.8984375,91987.9609375
train,6285,74142.21875,73771.40625
train,1837,115985.0859375,116059.015625
train,6389,106961.4609375,107029.859375
train,5956,93592.4921875,93537.0703125
train,2047,74140.21875,73717.2734375
train,8566,139952.953125,140118.75
train,806,94688.484375,94622.8203125
train,244,84647.7421875,84381.3828125
train,6909,95132.703125,95010.0390625
train,3462,82260.2578125,82067.90625
train,1416,83237.28125,83065.9609375
train,3564,72354.421875,71988.2890625
train,2845,95719.0546875,95645.0625
train,6571,74289.21875,73919.125
train,3311,103458.453125,103502.171875
train,1758,81612.8125,81376.3671875
train,7862,72393.7421875,71971.09375
train,5899,100270.0234375,100209.578125
train,5914,90686.7890625,90534.453125
train,7952,103912.3046875,103840.203125
train,4529,86613.7734375,86406.734375
train,8320,108188.6953125,108261.546875
train,5830,72874.3359375,72462.796875
train,8447,71337.6015625,70934.390625
train,5184,79678.4296875,79409.078125
train,6925,87893.3359375,87760.25
train,6442,102998.0234375,103026.0078125
train,6048,98563.5703125,98526.484375
train,2259,119089.2578125,119195.171875
train,2639,121437.6328125,121513.6953125
train,2973,125629.0078125,125650.4453125
train,8650,83966.734375,83726.6953125
train,6458,68921.9375,68388.125
train,6561,133767.484375,133907.03125
train,6483,130296.109375,130394.59375
train,2676,88292.6875,88131.359375
train,8300,108216.03125,108324.1640625
train,7900,111918.921875,112024.109375
train,7596,93918.4609375,93744.078125
train,898,90568.25,90403.265625
train,82,100938.0,100867.4765625
train,2470,126077.296875,126195.75
train,5747,83770.046875,83585.203125
train,8207,86254.546875,86072.484375
train,4939,74272.765625,73909.0
train,3963,72013.609375,71610.828125
train,3429,95320.640625,95257.4375
train,3773,71067.265625,70684.578125
train,3367,75369.3359375,75024.5625
train,6405,83133.0703125,82888.9375
train,8095,81349.625,81158.03125
train,1802,94149.765625,94080.6953125
train,3563,91344.2734375,91196.5625
train,7307,83136.7734375,82944.296875
train,5228,84576.203125,84369.359375
train,2176,87835.46875,87694.25
train,4738,94420.0,94367.5546875
train,6974,88565.3203125,88347.046875
train,889,116654.421875,116663.921875
train,5530,97879.5234375,97824.2578125
train,3532,82212.65625,81850.234375
train,7263,76175.3984375,75858.109375
train,2388,71729.3984375,71287.296875
train,1675,106190.2421875,106287.2421875
train,1077,118187.6015625,118289.6640625
train,6600,111346.703125,111399.5625
train,8688,73043.046875,72620.7734375
train,1962,69147.7265625,68647.3125
train,2888,90881.0078125,90818.6328125
train,8206,70651.2265625,70172.921875
train,2052,101549.8828125,101550.34375
train,5251,102999.171875,103006.875
train,4245,77364.453125,77029.2890625
train,7260,84575.8671875,84406.3515625
train,8301,92355.875,92222.3203125
train,7803,73382.109375,73007.7734375
train,6123,84534.8046875,84336.1875
train,6720,107797.8203125,107801.4375
train,6836,88772.9609375,88576.8515625
train,3845,79792.1328125,79521.421875
train,1255,88571.6328125,88454.5546875
train,8245,104359.0078125,104406.171875
train,1046,101504.3203125,101394.875
train,2373,103440.03125,103482.765625
train,7992,91719.8515625,91652.984375
train,156,139641.53125,139779.59375
train,596,99167.5078125,99106.78125
train,8069,107143.0703125,107148.203125
train,6783,103233.046875,103272.453125
train,8311,86289.2578125,86143.59375
train,1538,97216.8125,97177.1328125
train,5807,93560.4296875,93399.6171875
train,7177,92948.046875,92849.5390625
train,7536,104784.8984375,104811.171875
train,2429,80837.4609375,80558.09375
train,5978,83701.3671875,83232.5625
train,6026,91903.0546875,91795.203125
train,3405,114004.0625,114103.5546875
train,5097,80877.0703125,80639.578125
train,4270,102757.4140625,102791.9296875
train,3571,87081.3359375,86884.03125
train,8721,102499.9375,102491.1171875
train,4793,81144.4765625,80857.0703125
train,3194,76677.1484375,76344.3515625
train,8629,74573.1484375,74186.140625
train,494,88823.8046875,88711.703125
train,2622,136092.296875,136275.953125
train,4490,83321.7890625,83066.953125
train,7644,86852.53125,86675.6015625
train,6309,119131.796875,119192.078125
train,935,114662.9765625,114740.8984375
train,922,88737.9375,88617.5234375
train,1481,109345.6484375,109366.5234375
train,2529,152708.90625,152828.5
train,545,82479.7109375,82246.515625
train,5822,126641.6640625,126727.46875
train,7903,88046.0390625,87957.5703125
train,7492,81425.640625,81114.296875
train,1789,118905.03125,118970.359375
train,3612,92179.09375,92072.359375
train,3511,80847.4296875,80493.8828125
train,2904,93963.953125,93833.0390625
train,7622,106373.90625,106428.515625
train,5838,93039.921875,92931.1328125
train,7315,119008.5859375,119031.734375
train,6473,98269.1171875,98144.890625
train,5293,73494.3671875,73122.671875
train,2110,82273.7421875,81963.0703125
train,3766,120300.2421875,120409.734375
train,1363,88574.546875,88437.6875
train,4691,90152.9453125,89992.03125
train,6393,81610.859375,81361.65625
train,8557,136535.390625,136790.5625
train,185,92736.84375,92603.828125
train,3002,83867.4921875,83652.0390625
train,4679,103056.0,103066.2265625
train,4330,122780.1796875,122938.03125
train,7623,101229.390625,101180.0703125
train,7704,103063.8671875,103173.546875
train,1984,92705.7265625,92596.9453125
train,3449,98515.0546875,98422.234375
train,1914,124962.3203125,125054.828125
train,219,100275.5546875,100203.7109375
train,2076,124868.71875,124945.6484375
train,8429,116732.6953125,116826.09375
train,5453,86320.8046875,86113.3359375
train,1260,113035.984375,113133.4609375
train,8239,101516.765625,101537.25
train,2999,84030.1171875,83834.875
train,2415,115401.78125,115415.15625
train,676,151941.421875,152090.125
train,6503,87159.03125,87073.96875
train,4040,71608.7265625,71145.7421875
train,341,93124.890625,93020.5546875
train,5268,85421.765625,85057.671875
train,54,92810.421875,92694.1484375
train,6198,97922.09375,97839.046875
train,7989,83103.875,82842.2421875
train,4977,84722.109375,84468.046875
train,8496,120715.3125,120778.75
train,6430,97121.7890625,97071.6953125
train,6294,94925.125,94855.5859375
train,3059,87479.8203125,87300.9765625
train,6454,80075.671875,79746.4453125
train,5853,98941.0546875,98884.46875
train,4744,111649.5,111603.421875
train,4329,84785.828125,84605.90625
train,3676,128891.140625,129033.03125
train,2876,135554.75,135672.84375
train,1099,133792.15625,133891.21875
train,1096,84576.5703125,84271.9609375
train,6212,87827.4296875,87647.609375
train,4247,106801.8671875,106762.6015625
train,8395,138995.484375,139094.734375
train,7438,101053.234375,100929.0078125
train,1417,101241.3515625,101183.8203125
train,366,89725.203125,89523.9921875
train,1050,88050.53125,87866.484375
train,6932,102817.1171875,102747.8203125
train,4945,78110.3046875,77746.2734375
train,7443,85790.1171875,85662.0625
train,6884,86155.6875,85916.375
train,2308,89372.5078125,89310.140625
train,6837,85777.9140625,85614.4296875
train,3938,76608.421875,76277.7734375
train,4143,80795.2890625,80552.96875
train,917,81441.625,81130.7578125
train,5074,79882.0703125,79671.75
train,352,96560.9140625,96524.578125
train,7578,103170.984375,103219.421875
train,5847,134502.546875,134605.46875
train,8022,121745.2421875,121795.0625
train,4436,106724.8671875,106751.4140625
train,7018,94522.6015625,94456.6953125
train,5001,81254.7890625,80946.578125
train,7295,110993.5546875,111036.921875
train,2036,98459.6171875,98383.6015625
train,4310,81839.46875,81635.2265625
train,1620,89722.3671875,89614.296875
train,6388,78677.1640625,78238.0703125
train,7466,94137.8515625,94070.3828125
train,5588,92983.40625,92842.296875
train,4509,74268.828125,73925.34375
train,6276,82918.4765625,82686.5703125
train,5148,114758.0703125,114739.3984375
train,2126,86071.4765625,85865.90625
train,5908,74758.578125,74372.859375
train,677,108918.265625,108973.328125
train,740,106594.859375,106656.7578125
train,8,98391.875,98302.6796875
train,1025,98548.125,98476.2578125
train,6086,87473.9609375,87315.234375
train,4483,86334.2734375,86205.8125
train,3548,107247.5234375,107263.625
train,208,69447.828125,68974.875
train,5455,83783.6875,83541.3203125
train,7470,85514.796875,85325.1953125
train,3466,82141.7265625,81878.1171875
train,3209,86506.1796875,86292.2421875
train,7224,82750.1796875,82476.5234375
train,6998,134574.0625,134670.828125
train,6065,96585.453125,96540.5703125
train,2019,97076.7734375,97048.578125
train,6796,87354.0703125,87203.109375
train,6517,110269.84375,110344.0078125
train,7962,134425.515625,134548.890625
train,2161,112272.0703125,112332.34375
train,5532,87083.640625,86927.1953125
train,966,99347.7890625,99264.0546875
train,5775,112313.4296875,112260.046875
train,1496,99404.203125,99400.8203125
train,906,91016.3046875,90889.6484375
train,4414,82488.2734375,82205.5
train,5443,97781.1484375,97756.5703125
train,4178,87832.2265625,87728.609375
train,4961,138662.640625,138754.359375
train,5310,70212.6953125,69786.84375
train,6484,127912.5859375,128011.9765625
train,7013,87489.0625,87345.9140625
train,4122,81388.15625,81155.90625
train,7282,109116.8828125,109189.4375
train,8167,75477.2890625,75154.7734375
train,4521,133027.71875,133148.921875
train,4461,94135.8828125,94069.578125
train,696,87813.875,87710.078125
train,2197,77408.3671875,77096.328125
train,4994,128891.53125,129007.6015625
train,144,98776.5859375,98739.6640625
train,476,145910.390625,146094.5
train,80,107011.984375,107024.2734375
train,6173,72153.5,71755.875
train,4180,100508.3828125,100471.921875
train,321,114955.0546875,115043.2578125
train,4274,78082.21875,77733.484375
train,483,85336.09375,85139.703125
train,3066,87322.0078125,87114.1171875
train,7135,99964.265625,99933.828125
train,957,94703.5078125,94637.40625
train,5421,91763.453125,91599.1640625
train,2476,90812.1875,90730.75
train,1750,69641.9453125,69214.90625
train,3791,83631.09375,83342.40625
train,4308,95069.3984375,95036.546875
train,4713,90117.9375,89992.765625
train,5677,88340.7421875,88228.421875
train,5903,119921.40625,119989.4609375
train,5144,87420.609375,87223.203125
train,1333,82922.6328125,82703.6171875
train,416,91649.3984375,91556.0078125
train,8329,96606.40625,96562.3203125
train,1879,68445.15625,67898.8359375
train,8370,92782.2890625,92733.984375
train,7384,93041.5078125,92982.125
train,2195,92844.15625,92715.15625
train,8178,92580.765625,92483.0859375
train,7727,74154.3125,73825.734375
train,1604,74365.1015625,73991.15625
train,2874,120545.1171875,120597.234375
train,2421,67305.34375,66740.9296875
train,3119,74920.8203125,74570.28125
train,2574,120915.0390625,121069.4765625
train,419,83768.4921875,83577.6640625
train,5528,87213.6796875,87073.7578125
train,1715,113037.671875,113040.171875
train,4596,92110.3515625,91963.4453125
train,3389,82166.6015625,81970.5
train,8259,90646.8828125,90553.9296875
train,1438,80820.0078125,80500.9296875
train,4083,94593.3828125,94539.3203125
train,2021,96312.609375,96198.3984375
train,6245,104163.7890625,104193.5859375
train,6739,76101.265625,75746.703125
train,5056,93467.71875,93379.1640625
train,4719,79280.6015625,78933.6484375
train,1131,80912.296875,80607.984375
train,7421,96578.8828125,96623.5625
train,2727,79671.8125,79404.703125
train,84,99558.609375,99485.1171875
train,3753,128888.6953125,128975.96875
train,4673,83929.1171875,83748.8359375
train,1969,88668.3125,88589.5703125
train,106,96681.875,96626.0546875
train,6282,75926.7421875,75612.890625
train,7792,73854.609375,73502.96875
train,628,79630.6015625,79415.90625
train,3837,119540.2109375,119515.1171875
train,8656,69973.3828125,69521.7890625
train,880,139433.0,139518.46875
train,3643,95755.2734375,95661.75
train,6440,145221.875,145388.0625
train,7664,91390.109375,91260.515625
train,6062,66819.3359375,66263.21875
train,3309,78025.8671875,77702.90625
train,6573,99153.2734375,99095.015625
train,7401,97194.171875,97138.53125
train,6102,106437.8515625,106528.828125
train,2372,75558.453125,75162.28125
train,7858,134576.46875,134715.875
train,3745,89674.8203125,89548.9375
train,3895,88400.46875,88256.078125
train,4833,70378.9609375,69870.3203125
train,7840,101402.234375,101365.6171875
train,2719,90746.3828125,90609.1015625
train,2121,88644.59375,88474.484375
train,3054,107203.3671875,107279.2734375
train,2341,90542.5078125,90428.1796875
train,4038,117115.3828125,117241.7734375
train,4809,113362.4765625,113442.78125
train,3615,106049.53125,106049.6484375
train,2064,84513.7734375,84363.8984375
train,1527,113922.4765625,113994.59375
train,3196,86819.8828125,86691.96875
train,6989,139290.671875,139440.234375
train,1429,83981.2890625,83659.59375
train,1535,123405.0078125,123466.4375
train,5224,109219.5078125,109275.359375
train,2090,111027.5546875,111094.15625
train,5787,89827.6484375,89642.3046875
train,7473,113282.4921875,113283.03125
train,2678,88217.484375,88043.7890625
train,1573,84530.6796875,84383.625
train,2738,81729.8046875,81492.8125
train,232,139099.4375,139235.03125
train,3412,125667.4453125,125732.8671875
train,3355,103090.6015625,103122.8046875
train,1072,104396.0703125,104417.2734375
train,792,127788.7109375,127876.015625
train,5587,128845.71875,128861.453125
train,1157,95130.4609375,95073.1875
train,3242,82651.703125,82500.1484375
train,8104,71000.4765625,70623.8671875
train,7860,87553.2109375,87403.921875
train,3051,93003.1796875,92907.8671875
train,4496,131547.46875,131617.71875
train,3835,117881.8828125,117970.53125
train,5168,114789.625,114844.1875
train,4338,106174.0859375,106143.2890625
train,2196,78214.4375,77875.6796875
train,212,86409.171875,86198.5
train,3175,103645.0,103735.9296875
train,5356,74198.3515625,73837.9140625
train,7507,92065.7421875,91950.1796875
train,1289,82718.6875,82446.2421875
train,1039,91918.625,91830.296875
train,3118,104295.3984375,104447.3359375
train,3809,115656.4765625,115707.6171875
train,5192,64210.65234375,63667.40625
train,929,99517.7734375,99493.734375
train,2716,83608.578125,83370.8125
train,2427,123891.84375,123994.0859375
train,5669,102974.1484375,103056.3125
train,6624,77218.1171875,76845.578125
train,5535,83940.6015625,83639.34375
train,708,120254.0234375,120344.6015625
train,3907,80645.8046875,80409.359375
train,6210,81847.828125,81657.1328125
train,3635,80406.1015625,80083.046875
train,5061,81483.796875,81207.3984375
train,169,109063.25,109102.2265625
train,5155,94039.0390625,93977.953125
train,6010,105380.7421875,105435.9296875
train,7079,115483.0,115561.5
train,4576,107875.8203125,107942.359375
train,7010,112244.8828125,112268.25
train,2669,70723.953125,70247.6875
train,6364,90486.6328125,90401.8125
train,7533,82934.0,82689.5
train,8096,98724.7421875,98675.375
train,5835,126237.5078125,126294.4296875
train,4742,69331.5859375,68836.890625
train,5419,76583.125,76136.03125
train,5874,76170.5234375,75877.25
train,3441,70603.296875,70136.421875
train,8106,106717.8671875,106734.9375
train,870,109581.453125,109639.6015625
train,7453,111479.0625,111536.4375
train,847,89045.734375,88959.1171875
train,4918,120569.640625,120663.171875
train,7398,69086.609375,68629.375
train,1437,101062.09375,101061.5
train,6253,94252.1328125,94149.0703125
train,195,144950.640625,145076.5
train,6223,88733.4375,88548.5234375
train,5430,122374.6640625,122501.375
train,8267,72600.5546875,72129.234375
train,3724,72637.390625,72197.203125
train,7878,95502.375,95411.7734375
train,5203,104246.328125,104264.5859375
train,4774,100910.265625,100813.7734375
train,8007,72247.90625,71814.8671875
train,2935,108140.3984375,108190.4609375
train,7526,75974.6328125,75634.765625
train,7087,111144.2890625,111207.375
train,1801,78260.484375,77910.6171875
train,3400,94402.5703125,94339.0625
train,2815,85590.8203125,85441.1796875
train,4960,70841.3828125,70416.8828125
train,2714,88475.1796875,88344.4296875
train,4807,98716.171875,98592.5859375
train,4795,137600.5,137847.25
train,492,85837.3046875,85675.40625
train,7056,88311.8515625,88196.3984375
train,5164,77672.6640625,77332.8125
train,1354,102205.53125,102129.46875
train,5930,84306.1015625,84047.2265625
train,7522,88694.0234375,88533.1875
train,557,103370.1484375,103382.1796875
train,6360,83688.8984375,83462.359375
train,7525,108369.234375,108351.2109375
train,6839,84843.8046875,84610.78125
train,3858,74779.3671875,74454.1875
train,849,87761.9921875,87612.0078125
train,1509,86204.59375,86017.5625
train,1464,91817.171875,91707.6015625
train,1183,72337.84375,71883.796875
train,4311,95295.6875,95261.7578125
train,8722,101611.40625,101536.25
train,7002,96345.4921875,96277.53125
train,6851,107761.5625,107822.5859375
train,7846,83443.2578125,83199.5078125
train,5140,70629.4921875,70203.828125
train,3916,75537.4765625,75212.5625
train,6474,83092.9921875,82930.625
train,1351,112170.328125,112160.625
train,2445,90245.8203125,90131.2578125
train,4936,68528.3203125,68059.5
train,4803,93877.015625,93873.6328125
train,6312,80095.9375,79888.640625
train,4451,78197.65625,77919.484375
train,500,97353.5234375,97277.9453125
train,956,126581.6015625,126730.109375
train,7998,73503.7265625,73103.9765625
train,1647,78595.9453125,78260.734375
train,7841,91640.8671875,91584.75
train,8614,92657.8125,92556.1796875
train,6293,68702.8828125,68115.4453125
train,7662,117941.2578125,117975.9140625
train,1276,70627.1328125,70151.703125
train,3589,84018.1015625,83680.140625
train,1972,140062.609375,140254.453125
train,6397,117765.078125,117825.3125
train,6680,136691.96875,136823.1875
train,3354,102821.921875,102838.6171875
train,2661,86306.8125,86220.5078125
train,4611,90157.359375,89979.078125
train,8219,90160.890625,90165.140625
train,7072,90881.3984375,90804.90625
train,2266,106300.71875,106348.6484375
train,3917,101041.0234375,100944.3984375
train,438,97933.640625,97903.0625
train,1112,90467.9609375,90364.2890625
train,5878,96908.875,96835.6328125
train,4399,112092.4609375,112166.328125
train,3071,97046.1640625,96986.3359375
train,5209,96920.1328125,96886.546875
train,3544,96658.515625,96629.078125
train,4356,94969.484375,94945.7890625
train,5501,77948.3515625,77669.609375
train,3435,142745.078125,142884.1875
train,3592,94526.3515625,94432.5703125
train,7579,88144.4453125,88016.15625
train,3811,103553.5390625,103617.171875
train,592,97037.2734375,96941.625
train,5569,69793.5546875,69306.5078125
train,4551,122566.8203125,122606.8125
train,5172,96816.3125,96783.3046875
train,2561,93381.1328125,93294.6484375
train,4056,79089.046875,78706.2421875
train,8610,107713.078125,107777.90625
train,5495,88522.8828125,88461.0234375
train,7880,125462.71875,125557.3671875
train,1648,122375.4453125,122479.953125
train,3922,106938.3828125,106941.265625
train,5810,86905.1015625,86696.9921875
train,5723,73066.9296875,72591.421875
train,5424,95645.8359375,95496.5
train,7963,75173.046875,74848.4375
train,1134,88060.890625,87908.15625
train,785,132685.265625,132820.375
train,1759,130046.8828125,130151.734375
train,1104,83031.4140625,82720.65625
train,3605,103914.25,103989.328125
train,756,96746.7890625,96696.15625
train,845,91566.5390625,91450.828125
train,1375,73170.59375,72693.0
train,1716,91039.734375,90938.25
train,1036,114369.171875,114331.296875
train,1841,102385.3828125,102407.7578125
train,6014,95475.046875,95374.5390625
train,8063,82222.6328125,81980.71875
train,3427,100795.40625,100713.0234375
train,6689,101173.3515625,101132.15625
train,1677,77193.4296875,76843.828125
train,3772,115046.578125,115116.71875
train,1791,94337.6484375,94262.71875
train,3669,129935.09375,130049.40625
train,5537,81302.1328125,81090.125
train,8015,76850.4921875,76568.75
train,5312,116619.2109375,116703.3125
train,4132,129815.4765625,129819.484375
train,6423,102014.765625,101970.390625
train,4118,79499.1796875,79216.484375
train,6443,103928.828125,104005.2421875
train,2564,78014.578125,77661.109375
train,5689,124476.7578125,124478.296875
train,7049,70688.5703125,70208.140625
train,6273,133098.578125,133388.9375
train,2880,80362.171875,80074.0625
train,797,85073.4609375,84920.828125
train,2605,131331.65625,131386.21875
train,8481,85126.265625,84909.2734375
train,1881,96054.546875,96020.90625
train,2916,104880.34375,104988.6015625
train,3875,84399.5,84214.6875
train,6221,122787.5546875,122825.421875
train,490,100504.4375,100525.421875
train,2026,104866.28125,104866.140625
train,7641,95697.984375,95616.96875
train,326,82284.71875,82043.015625
train,8679,80779.4296875,80530.984375
train,6002,125879.2265625,126021.171875
train,3362,84500.6015625,84489.9453125
train,7110,110424.1015625,110456.59375
train,6452,121114.1015625,121165.5
train,4724,103250.5703125,103333.6484375
train,3301,76855.1171875,76475.390625
train,5175,67829.3046875,67312.28125
train,616,82772.4375,82524.25
train,517,78580.28125,78254.0546875
train,5092,90367.2890625,90204.671875
train,4144,104929.875,104971.53125
train,1209,87718.8671875,87523.171875
train,2947,114507.6484375,114582.234375
train,1439,111160.859375,111173.6796875
train,2237,97572.609375,97491.2109375
train,6166,88976.484375,88848.6484375
train,7218,123910.796875,123924.171875
train,5685,73196.5859375,72780.8203125
train,1592,104693.5546875,104762.46875
train,2277,108865.4609375,108906.6953125
train,6900,81473.640625,81213.265625
train,925,73137.046875,72726.5546875
train,8479,93643.8515625,93613.0
train,4823,133978.296875,134103.03125
train,8136,97074.125,96982.6875
train,2146,105074.1015625,105097.8515625
train,662,95818.890625,95752.7109375
train,5756,141249.25,141423.34375
train,7257,76997.625,76741.15625
train,8242,103436.7265625,103491.984375
train,6749,70094.140625,69675.7109375
train,8039,144932.21875,145075.5
train,7911,90777.5625,90672.5234375
train,2795,94117.0234375,94072.859375
train,3785,85332.890625,85127.640625
train,2865,98466.5546875,98452.453125
train,4456,74061.8046875,73666.53125
train,7230,79434.6796875,79173.1328125
train,6110,86399.171875,86182.1640625
train,3407,71249.734375,70803.703125
train,7742,87040.984375,86868.9765625
train,2640,97314.6640625,97293.3984375
train,2002,83742.8671875,83511.4765625
train,1934,82260.2578125,81982.796875
train,6952,111087.8046875,111079.453125
train,1155,74029.40625,73735.03125
train,2439,80660.8515625,80356.9375
train,7368,88073.765625,87826.2265625
train,829,94553.8515625,94381.6953125
train,1452,89401.0234375,89311.03125
train,4112,73324.0,72885.3828125
train,3214,93747.6640625,93657.6171875
train,5468,143424.921875,143553.5
train,4720,82637.3515625,82378.5546875
train,4033,80646.578125,80340.828125
train,5997,97608.3828125,97571.0078125
train,4014,85958.4296875,85842.7890625
train,2169,108860.859375,108922.09375
train,5712,120105.671875,120185.3359375
train,3679,83018.890625,82750.78125
train,4147,126407.9765625,126629.5703125
train,4175,99721.625,99671.5703125
train,4067,93514.625,93357.3359375
train,6236,94269.484375,94154.828125
train,2967,144902.71875,145105.25
train,1539,97829.5546875,97835.6796875
train,4654,96596.453125,96547.15625
train,8343,89660.921875,89493.8203125
train,4511,128661.1875,128738.4375
train,7501,80893.96875,80585.40625
train,729,82457.90625,82189.1953125
train,3534,80633.8984375,80338.125
train,3048,97626.4296875,97550.6015625
train,21,110182.0546875,110244.484375
train,1493,114848.359375,114796.890625
train,6095,107157.0390625,107238.203125
train,65,86895.078125,86707.765625
train,5241,81342.0625,81098.0078125
train,7172,76324.5703125,76020.0078125
train,4752,104839.234375,104869.890625
train,2304,72335.7578125,71920.453125
train,4381,84529.3046875,84324.2421875
train,6882,87827.84375,87672.0078125
train,938,82697.328125,82439.25
train,8467,83302.1640625,83027.265625
train,4226,95527.8359375,95451.1875
train,1305,83146.03125,82899.75
train,4860,75033.890625,74704.6953125
train,466,88726.5234375,88566.8984375
train,1473,118340.4375,118384.40625
train,8277,117853.3828125,117938.9765625
train,6066,108109.7890625,108212.765625
train,5355,70547.3671875,70078.671875
train,2837,86423.453125,86217.578125
train,1332,83286.1875,83092.421875
train,3105,80961.6328125,80616.5078125
train,1241,81409.8125,81179.90625
train,6581,100236.6953125,100218.5390625
train,8018,67776.046875,67230.046875
train,3080,71539.34375,71209.9375
train,8191,106133.640625,106192.046875
train,6939,91389.53125,91284.1875
train,920,68454.1875,67917.53125
train,3232,105449.5390625,105553.2734375
train,6596,102326.484375,102377.703125
train,7111,94166.75,94074.6953125
train,3418,84868.0390625,84705.640625
train,2374,93748.984375,93609.0703125
train,5207,89028.3984375,88944.8203125
train,7921,101829.265625,101792.453125
train,8542,83468.6171875,83191.90625
train,4494,100105.8984375,100072.2265625
train,6350,138892.28125,139034.890625
train,6852,113335.9375,113395.625
train,5129,68515.0,68091.0859375
train,1826,94959.8046875,94900.5234375
train,8598,82434.921875,82207.359375
train,1109,74499.203125,74106.7890625
train,6390,97740.1953125,97600.8515625
train,5919,68304.3359375,67752.625
train,7050,81833.4765625,81552.046875
train,530,80173.625,79893.6015625
train,2682,96755.8984375,96646.96875
train,6347,84640.0234375,84396.8515625
train,3450,97585.75,97551.21875
train,3659,87493.4140625,87342.921875
train,3583,86713.234375,86582.6015625
train,6080,151213.921875,151409.96875
train,3550,94965.5078125,94883.8984375
train,8366,79690.3984375,79408.8359375
train,7874,114413.5078125,114504.953125
train,2200,106469.2421875,106518.6875
train,7311,82367.6953125,82068.6640625
train,4896,84192.3671875,83994.75
train,7145,103823.421875,103855.75
train,8203,141313.046875,141477.71875
train,4018,82838.5078125,82636.7109375
train,2114,87945.5078125,87781.2578125
train,2465,81340.9296875,81111.53125
train,3239,80698.8203125,80514.8125
train,3404,107966.453125,108000.25
train,1328,71347.25,70926.375
train,6579,95109.6484375,95088.421875
train,6326,91914.5703125,91789.109375
train,3256,136296.515625,136364.703125
train,6501,101629.8515625,101632.2265625
train,5680,152769.40625,152958.765625
train,3839,124828.0390625,124846.3515625
train,1876,90767.3125,90606.9765625
train,477,104650.234375,104720.25
train,6100,70605.9609375,70214.4609375
train,2630,86005.4296875,85798.2578125
train,5531,76824.4375,76532.5078125
train,488,85042.9921875,84793.65625
train,2253,105261.8984375,105310.234375
train,7549,79451.8203125,79195.578125
train,3072,72401.0234375,72050.7734375
train,1849,84662.5,84460.6015625
train,8514,72612.609375,72151.6484375
train,2249,89689.0078125,89523.9765625
train,7898,75427.6171875,74960.8828125
train,2694,102157.1328125,102071.546875
train,7120,108982.2890625,109132.796875
train,2166,129063.2265625,129298.234375
train,1103,107558.2890625,107655.296875
train,2384,79537.6953125,79210.875
train,3937,90589.1640625,90442.1328125
train,4615,86906.1640625,86731.953125
train,7996,119053.9453125,119135.40625
train,6353,82805.359375,82578.2109375
train,3012,82887.03125,82620.09375
train,4810,79712.3671875,79371.0
train,2936,134403.6875,134508.15625
train,1622,91656.0625,91526.7578125
train,8204,80713.9765625,80466.4765625
train,7188,73728.8984375,73274.578125
train,1430,83831.578125,83655.2265625
train,1175,91252.046875,91182.609375
train,2149,80093.765625,79856.6015625
train,3089,106237.9921875,106230.9453125
train,2879,132378.625,132496.515625
train,8452,88532.6171875,88314.6484375
train,1927,136351.203125,136402.3125
train,6111,70235.6875,69785.828125
train,656,82676.0390625,82401.5
train,2870,85185.5859375,85051.71875
train,6793,78280.34375,77929.328125
train,4141,111334.1875,111279.7890625
train,7783,83886.0546875,83653.625
train,6629,98392.1328125,98255.6875
train,3892,122881.6875,123038.4375
train,4514,111136.0703125,111200.5546875
train,2687,90153.4609375,90047.6640625
train,2323,97424.4375,97322.234375
train,1894,106300.1640625,106357.84375
train,5619,135057.0,135089.21875
train,4562,98791.046875,98726.1953125
train,8228,74951.7734375,74572.171875
train,5442,81485.7578125,81120.6640625
train,5354,118493.015625,118571.6484375
train,4769,79574.1875,79275.40625
train,4152,153090.234375,153344.609375
train,7262,86871.5546875,86706.5546875
train,8360,87031.40625,86899.28125
train,6459,102126.828125,102049.3515625
train,7413,143024.765625,143172.296875
train,983,126210.9765625,126260.359375
train,927,78703.828125,78465.9296875
train,7821,72923.4609375,72496.859375
train,4549,92357.0,92293.28125
train,301,106721.40625,106796.6171875
train,4389,88582.7578125,88476.078125
train,7071,88480.875,88282.8359375
train,714,88871.1171875,88722.375
train,2350,80048.78125,79819.1328125
train,4285,92794.09375,92690.6328125
train,3507,82946.2734375,82770.8125
train,8142,93587.4296875,93431.34375
train,6569,79768.9453125,79410.0625
train,6246,90700.8359375,90562.953125
train,890,94469.7734375,94415.4453125
train,8631,82479.0078125,82252.0625
train,3841,124923.15625,125043.421875
train,6947,93979.2109375,93889.53125
train,1204,105282.0234375,105277.109375
train,4225,89408.1484375,89213.3671875
train,5684,81011.7265625,80739.6640625
train,5597,75547.53125,75137.375
train,6407,132504.296875,132554.96875
train,3379,123150.8828125,123265.71875
train,1263,105111.4296875,105182.0390625
train,1381,109586.234375,109654.6484375
train,191,83996.6015625,83732.296875
train,8619,115821.7578125,115850.7734375
train,7487,97456.3203125,97378.09375
train,2611,102627.6015625,102680.8359375
train,3464,85491.96875,85306.234375
train,8698,88348.515625,88157.2421875
train,4905,107015.140625,107101.21875
train,4110,106923.8203125,106939.4140625
train,3388,90242.078125,90171.4609375
train,6032,75819.5,75431.6015625
train,3967,91765.078125,91723.625
train,962,119056.953125,119129.109375
train,1318,122895.8203125,122968.0
train,250,95250.09375,95185.1796875
train,4077,84081.5859375,83871.5234375
train,3574,94308.3671875,94147.234375
train,293,76579.40625,76264.8671875
train,7895,114918.1484375,114911.421875
train,3920,75083.625,74709.4765625
train,7084,91784.8046875,91674.7734375
train,7270,98485.4375,98439.734375
train,6085,91170.5625,91085.0859375
train,7716,141433.65625,141539.15625
train,5831,110701.6640625,110694.1640625
train,404,86307.0234375,86102.5859375
train,2160,72722.3046875,72273.421875
train,4432,105954.3203125,105978.28125
train,6119,84741.046875,84516.78125
train,3774,76695.3046875,76343.96875
train,2609,80345.3671875,80023.9453125
train,2902,99683.6484375,99610.09375
train,1548,74410.7265625,74029.78125
train,34,99441.3828125,99393.9921875
train,5083,79733.2890625,79407.1640625
train,4277,86627.171875,86417.0546875
train,6779,108781.625,108864.4375
train,863,87348.9765625,87119.3515625
train,1000,83913.5859375,83677.03125
train,4852,105626.6171875,105723.9375
train,8102,76454.7890625,76125.109375
train,6669,84527.3046875,84300.0703125
train,7802,115350.4296875,115452.3125
train,6991,84428.078125,84260.8046875
train,4646,86344.09375,86255.3046875
train,7278,85994.3125,85848.234375
train,151,92465.703125,92440.15625
train,1158,98481.8046875,98393.265625
train,1138,112196.453125,112317.5546875
train,1222,92918.625,92855.15625
train,653,77723.328125,77361.59375
train,6523,99352.4375,99257.8828125
train,3253,99585.8125,99423.0546875
train,278,96835.25,96757.7890625
train,3768,102403.21875,102374.265625
train,770,86810.53125,86634.265625
train,1857,106855.140625,106817.515625
train,709,98379.8828125,98323.15625
train,8572,98767.7578125,98649.109375
train,161,92711.84375,92609.59375
train,4817,99657.4453125,99610.296875
train,3817,108722.578125,108666.4609375
train,5599,106063.28125,106118.4921875
train,2939,75423.328125,75101.53125
train,5006,95311.359375,95269.3671875
train,3674,83611.21875,83436.328125
train,6938,105465.421875,105485.2578125
train,3578,104303.328125,104350.4609375
train,3231,77788.6875,77491.28125
train,3744,84470.2109375,84314.1796875
train,3638,97598.2734375,97501.546875
train,245,106689.6171875,106826.171875
train,6872,101627.6015625,101579.234375
train,5265,91684.453125,91583.140625
train,4815,107260.9921875,107349.1171875
train,162,91628.125,91502.7265625
train,3262,117605.84375,117593.8828125
train,6578,141945.546875,142114.90625
train,4116,103241.9296875,103301.9296875
train,1601,105156.546875,105209.4375
train,131,96768.390625,96674.109375
train,2129,114705.734375,114755.359375
train,4820,97181.15625,97160.703125
train,2603,93568.625,93537.984375
train,3656,98551.765625,98476.1796875
train,4734,106997.625,107067.859375
train,3522,106152.71875,106214.375
train,4491,76267.375,75930.015625
train,1127,97458.9921875,97384.2421875
train,1818,119159.5625,119207.3046875
train,5106,99459.5,99392.9921875
train,745,77734.421875,77397.3359375
train,5534,93496.9296875,93382.1171875
train,3962,92767.75,92699.25
train,6437,82787.9453125,82556.3046875
train,8744,120241.6953125,120285.1328125
train,7608,108050.7734375,108109.734375
train,7083,83352.6171875,83111.421875
train,4169,76659.96875,76379.1171875
train,3672,75283.3828125,74918.4453125
train,7349,79079.5859375,78767.5390625
train,3825,102356.5,102365.28125
train,1816,82534.1171875,82314.3359375
train,475,90177.328125,90030.9140625
train,7916,86185.40625,86012.640625
train,4408,92504.7109375,92468.2734375
train,5678,94235.234375,94160.0078125
train,4078,92535.6796875,92454.421875
train,4554,107597.8671875,107636.6015625
train,1633,139838.984375,139955.46875
train,242,123088.2578125,123192.9921875
train,5816,91999.6875,91889.28125
train,6145,79441.234375,79192.875
train,2761,98920.5859375,98926.0390625
train,4564,103076.71875,103092.3046875
train,6534,109665.6796875,109682.4375
train,5527,96803.8671875,96789.2734375
train,1607,87947.0078125,87831.0390625
train,4166,85781.9765625,85582.7890625
train,2905,87591.0859375,87418.9453125
train,5656,73520.5859375,73115.6640625
train,8302,64977.66015625,64463.60546875
train,7411,101401.5625,101354.828125
train,1986,98220.859375,98177.234375
train,586,78613.0625,78474.46875
train,1963,75835.28125,75461.203125
train,4819,98794.421875,98728.2890625
train,4127,86085.53125,85914.3125
train,4472,83095.34375,82814.0078125
train,2221,122682.953125,122785.65625
train,4320,97150.0625,97100.3046875
train,8701,91316.6484375,91212.3828125
train,630,86475.8828125,86207.0625
train,7808,70073.0703125,69579.84375
train,3988,81178.6171875,80909.84375
train,7722,111032.359375,111086.515625
train,1534,72734.234375,72341.265625
train,7931,90517.4140625,90324.953125
train,6412,86013.8828125,85816.65625
train,1865,138358.53125,138443.4375
train,8093,89480.6953125,89349.015625
train,5448,73554.1953125,73154.71875
train,6623,95991.9140625,95951.453125
train,8403,137404.828125,137560.453125
train,5025,88585.171875,88385.015625
train,2883,87856.15625,87705.96875
train,8616,87256.6015625,87116.3203125
train,7764,77298.6328125,76957.1953125
train,7277,85854.7734375,85638.2265625
train,6358,82100.59375,81880.0625
train,5893,82396.53125,82125.6953125
train,7756,90206.4453125,90158.6484375
train,4950,99699.921875,99627.296875
train,1912,108084.515625,108139.84375
train,3636,96722.0078125,96716.71875
train,8404,99427.859375,99434.234375
train,6024,112346.25,112447.5625
train,3646,97002.296875,96943.8515625
train,6406,76830.109375,76487.453125
train,1291,111402.4296875,111403.46875
train,6018,83888.578125,83636.6484375
train,370,113261.3515625,113301.2109375
train,5722,123558.2734375,123720.96875
train,1074,74305.90625,74003.15625
train,7369,90406.34375,90236.625
train,4009,78002.0625,77691.546875
train,8462,91117.9609375,91020.859375
train,3972,66165.15625,65643.6484375
train,3251,81033.1171875,80776.421875
train,4066,95094.46875,95072.5
train,1051,109796.828125,109864.234375
train,4249,119751.1171875,119835.4921875
train,941,79991.4609375,79657.375
train,5714,93980.4921875,93827.0859375
train,4161,132704.71875,132872.40625
train,4012,87368.03125,87228.6640625
train,6959,131508.296875,131605.53125
train,1257,74510.421875,74078.0234375
train,1820,119040.46875,119123.953125
train,5529,78024.3203125,77679.15625
train,1680,94795.46875,94753.3125
train,5497,114246.4296875,114198.6328125
train,3216,81701.328125,81375.8671875
train,3111,136005.40625,136109.265625
train,7046,88594.8203125,88511.359375
train,1627,92978.5625,92870.2109375
train,280,85860.8984375,85686.484375
train,871,105748.9765625,105664.9921875
train,1917,140124.53125,140207.625
train,6921,77536.5703125,77199.578125
train,6846,87226.7421875,86974.828125
train,1085,87616.5859375,87443.4453125
train,6099,81600.9921875,81362.859375
train,2085,79858.4921875,79632.1015625
train,4702,101540.6875,101445.5
train,8453,71808.078125,71436.2421875
train,1119,138357.65625,138604.78125
train,5875,77412.65625,77116.953125
train,2468,81446.359375,81227.9296875
train,319,82926.890625,82713.09375
train,5292,77323.3359375,77062.796875
train,5036,79050.2109375,78711.859375
train,1164,101036.4296875,101022.5625
train,2109,67117.109375,66523.390625
train,6611,92551.828125,92500.0
train,6649,78845.8125,78561.203125
train,2351,84918.3671875,84670.3515625
train,4242,73463.1171875,73113.09375
train,5643,106843.9765625,106911.9921875
train,8554,82735.609375,82474.6796875
train,6731,92567.15625,92532.5078125
train,5125,100851.0234375,100826.6015625
train,13,93409.8828125,93280.9609375
train,3417,120514.1640625,120590.9375
train,2771,72274.875,71912.2890625
train,1552,107377.7109375,107407.4296875
train,2321,82462.890625,82225.328125
train,2907,64781.96875,64242.5390625
train,609,87875.65625,87776.625
train,3572,83613.6953125,83326.9296875
train,6047,68806.40625,68321.6875
train,7405,101232.2265625,101226.7578125
train,2083,106863.8125,106866.2734375
train,5736,107905.2578125,107933.0859375
train,4537,91795.40625,91710.1484375
train,8451,83838.2734375,83682.6171875
train,6149,111727.6171875,111759.453125
train,8334,78606.3515625,78267.28125
train,2289,105108.75,105206.40625
train,971,98088.7109375,97921.53125
train,8117,106425.96875,106501.0859375
train,3870,77368.96875,76976.8046875
train,4647,90998.8671875,90930.359375
train,1465,74653.6484375,74283.9453125
train,4888,91887.2421875,91751.09375
train,122,89933.5546875,89797.84375
train,4878,97997.4140625,97949.84375
train,7273,103286.921875,103385.71875
train,4635,64857.609375,64308.90625
train,5897,81831.1875,81626.328125
train,3372,102232.21875,102093.296875
train,3042,97508.0390625,97456.4921875
train,7583,83624.3125,83371.2578125
train,2867,82624.1171875,82389.234375
train,1129,72665.0859375,72246.703125
train,5257,97971.171875,97931.828125
train,1358,72174.7265625,71760.9453125
train,8639,91037.8046875,90882.6796875
train,866,77683.6015625,77339.4140625
train,7140,88172.625,87965.8671875
train,8748,83286.484375,83022.953125
train,2431,92697.859375,92616.9609375
train,3459,81795.5078125,81539.390625
train,4879,68993.078125,68544.609375
train,1803,88697.203125,88558.953125
train,3164,86292.0703125,86171.9453125
train,3361,86872.53125,86695.8671875
train,1269,111036.828125,111075.1875
train,6652,94166.203125,94035.3125
train,4548,92837.78125,92793.8359375
train,7563,71276.484375,70887.0390625
train,1324,94328.6640625,94171.984375
train,4431,86737.3125,86671.390625
train,7506,105797.6875,105843.921875
train,7221,113566.9296875,113540.6875
train,3614,101393.0390625,101286.046875
train,1341,74698.453125,74361.296875
train,5854,96362.0078125,96384.046875
train,2222,113902.703125,114029.2109375
train,5240,122116.4921875,122205.3984375
train,8175,99770.5859375,99664.125
train,1463,73196.640625,72817.1640625
train,2089,95043.4375,94936.859375
train,5415,113137.0234375,113192.625
train,6422,102406.25,102380.9296875
train,154,110870.1484375,110946.0625
train,2950,93640.4765625,93564.65625
train,6402,72371.5546875,71924.34375
train,3108,117914.5078125,118004.3125
train,5900,114716.34375,114757.875
train,8359,90376.7109375,90280.4921875
train,3780,76611.046875,76270.8828125
train,1528,124655.3515625,124714.234375
train,8417,83142.1015625,82919.6875
train,7884,69168.984375,68704.3125
train,4584,111562.7109375,111583.671875
train,1141,98487.6953125,98375.765625
train,5235,89058.1640625,88971.4765625
train,6252,115988.296875,116104.7109375
train,273,73168.265625,72737.5390625
train,8337,85023.1875,84844.53125
train,2625,89837.15625,89710.4921875
train,995,94361.2890625,94214.234375
train,3859,93042.6796875,92882.2421875
train,4627,80542.9921875,80238.828125
train,3759,77440.671875,77068.65625
train,368,97059.0234375,96962.5234375
train,5323,85705.078125,85424.9375
train,1944,95067.2265625,94976.109375
train,6033,108129.0546875,108174.3359375
train,7504,89774.3671875,89622.125
train,349,95344.9453125,95317.6328125
train,7114,82928.0859375,82746.0390625
train,5408,79262.7109375,78997.7578125
train,456,76916.15625,76570.53125
train,913,98695.125,98658.3359375
train,1890,112281.734375,112306.234375
train,832,85609.8125,85411.4453125
train,2283,97251.109375,97242.4140625
train,1038,101190.3125,101220.8125
train,4827,129875.78125,129959.484375
train,7271,107441.0546875,107455.2421875
train,6509,71170.2734375,70758.2890625
train,4355,77761.0546875,77457.421875
train,4677,77990.6328125,77666.3359375
train,5366,96679.046875,96609.5546875
train,6398,104338.375,104352.15625
train,2044,100225.5703125,100196.3125
train,1760,96803.0859375,96747.09375
train,5536,93131.625,93008.0703125
train,6890,83944.3046875,83686.703125
train,3448,99915.53125,99910.7578125
train,7528,76911.46875,76573.84375
train,2483,82842.3671875,82568.7890625
train,3705,79814.8359375,79483.5078125
train,3291,106732.1953125,106763.515625
train,8031,86384.2890625,86291.609375
train,2663,80370.65625,80125.1484375
train,663,88848.09375,88726.34375
train,4041,84606.109375,84337.234375
train,7387,86009.078125,85796.984375
train,8065,106261.0859375,106364.375
train,2988,69387.15625,68950.453125
train,668,101866.109375,101819.78125
train,3019,97571.03125,97488.453125
train,7827,137079.1875,137199.296875
train,1546,94404.6484375,94344.2421875
train,2247,100882.0546875,100818.5703125
train,8415,100845.5390625,100802.8515625
train,2610,96979.1328125,96941.625
train,4907,101304.71875,101239.1796875
train,5891,75011.15625,74623.3984375
train,4273,103839.1328125,103798.546875
train,5402,85875.1875,85682.7421875
train,1951,113449.3046875,113477.296875
train,42,85583.71875,85347.6640625
train,1830,90111.5546875,90016.078125
train,1636,125739.78125,125797.59375
train,8714,102141.5078125,102149.5234375
train,6331,96991.9765625,96929.0234375
train,2265,86752.421875,86617.5
train,4659,98858.5546875,98828.78125
train,3752,105066.140625,105108.53125
train,4016,99873.1640625,99783.859375
train,5386,66087.90625,65488.58203125
train,5340,81134.625,80923.984375
train,6614,94079.359375,93963.921875
train,8389,76905.6484375,76579.546875
train,1989,94788.90625,94749.125
train,19,98779.1484375,98730.0
train,769,87867.984375,87734.90625
train,393,69901.484375,69431.796875
train,3287,86270.84375,86110.859375
train,1700,79537.6171875,79249.25
train,816,99517.6875,99479.9765625
train,6194,94319.0,94218.734375
train,1007,76969.0625,76627.3515625
train,8643,93190.078125,93003.546875
train,4049,74943.0546875,74597.59375
train,5700,69742.375,69284.4453125
train,3756,105108.9609375,105120.3125
train,6961,114768.4609375,114941.5078125
train,238,90023.9609375,89897.359375
train,3293,106577.046875,106605.953125
train,3182,120007.296875,120119.09375
train,1345,73028.359375,72599.40625
train,4906,141637.640625,141794.15625
train,6007,88784.0,88695.53125
train,7252,69794.78125,69311.09375
train,3117,81222.6640625,80977.7421875
train,6487,102043.5390625,102086.6640625
train,3647,77317.6484375,76959.5859375
train,3373,100381.828125,100335.40625
train,1645,106064.84375,106151.1171875
train,695,77944.7109375,77631.71875
train,198,86278.5859375,86104.265625
train,943,71493.8671875,71058.140625
train,3581,102923.0859375,102965.515625
train,2954,107359.28125,107426.671875
train,4552,93896.9375,93820.0625
train,7970,97279.1953125,97193.9375
train,8249,85128.4453125,84890.9375
train,778,67653.0703125,67126.3359375
train,4808,125067.3359375,125194.2265625
train,4675,77903.1171875,77510.71875
train,1273,109346.8203125,109403.109375
train,1391,120430.390625,120415.515625
train,1653,90617.4921875,90490.1875
train,3486,89688.8828125,89592.7734375
train,2448,88531.515625,88381.2734375
train,3317,83936.078125,83721.8046875
train,4557,89864.28125,89663.6796875
train,6254,123262.6328125,123349.4375
train,3094,77555.9375,77236.875
train,6275,85563.609375,85403.5859375
train,7201,111675.578125,111684.0
train,6632,80607.171875,80351.8046875
train,3365,147406.90625,147560.046875
train,7189,76424.1953125,76092.2265625
train,7778,74931.8515625,74557.296875
train,2419,72458.265625,71999.859375
train,5259,90314.859375,90198.2265625
train,1116,108341.78125,108389.984375
train,5826,103029.4921875,103087.75
train,3935,107222.9765625,107230.15625
train,877,119355.78125,119380.703125
train,4835,85762.140625,85553.9921875
train,4591,95825.8359375,95757.390625
train,8275,80539.28125,80168.234375
train,5621,101336.75,101324.5078125
train,7225,117621.84375,117647.078125
train,5806,83622.0625,83376.4609375
train,681,76044.703125,75703.4375
train,2797,96231.4375,96161.90625
train,3344,77839.75,77473.875
train,3176,81589.375,81358.90625
train,5194,123307.1484375,123379.3828125
train,4962,92285.6640625,92180.171875
train,5554,101588.0546875,101492.6640625
train,3336,66910.703125,66421.2578125
train,117,73190.796875,72833.2109375
train,6703,91563.6328125,91540.96875
train,1570,81141.4375,80837.859375
train,5873,79330.625,79075.109375
train,5104,87306.9609375,87133.5
train,6616,114197.5546875,114258.703125
train,453,93090.6171875,92997.5625
train,5208,97135.8046875,97062.296875
train,4739,151169.96875,151262.71875
train,5987,86839.390625,86690.1953125
train,6970,110585.359375,110705.7421875
train,7460,89600.328125,89454.0
train,3189,94099.4140625,93997.0078125
train,5881,112869.9765625,112915.6328125
train,290,95115.6171875,95077.453125
train,6098,87556.1171875,87358.5546875
train,1920,78754.2421875,78425.9453125
train,672,89509.4609375,89384.8046875
train,4142,78101.765625,77772.28125
train,3904,78308.328125,77982.2578125
train,4904,107025.359375,107114.125
train,1719,127515.296875,127589.84375
train,6372,95518.390625,95430.8359375
train,8367,74053.703125,73715.0703125
train,6526,81358.5078125,81020.0546875
train,5653,84796.1015625,84566.328125
train,2175,76494.3515625,76151.1171875
train,7029,92081.1796875,91951.65625
train,3299,74520.21875,74064.6796875
train,3833,123314.5625,123395.828125
train,6664,77694.5859375,77325.5234375
train,7483,130222.75,130481.640625
train,5311,103170.8671875,103144.15625
train,6185,78963.4296875,78705.4765625
train,7842,92038.640625,91983.6484375
train,2987,96218.578125,96150.9453125
train,3004,75850.59375,75521.484375
train,4174,76334.203125,76046.703125
train,2397,104648.28125,104678.921875
train,4608,100286.9765625,100302.875
train,1847,121689.3125,121739.5390625
train,6447,92968.71875,92911.8359375
train,6345,82333.7734375,82114.6640625
train,4839,92780.0703125,92683.0703125
train,6553,103672.0703125,103679.0625
train,3960,104272.4921875,104334.453125
train,7587,87865.8515625,87744.2109375
train,4072,82165.8984375,81941.859375
train,3765,109501.9921875,109572.921875
train,2920,86465.7734375,86305.375
train,4694,116198.8125,116332.8359375
train,5982,99088.0234375,98976.5859375
train,1915,89068.125,88928.84375
train,2878,102880.5390625,102908.1015625
train,6314,78482.6328125,78225.5625
train,2370,87429.390625,87302.234375
train,1389,83226.7421875,82955.8046875
train,8693,80188.09375,79951.90625
train,4106,110250.78125,110290.5703125
train,7599,79485.8359375,79172.921875
train,5802,97738.328125,97686.8125
train,2284,99893.296875,99873.75
train,8759,100042.3046875,99972.9921875
train,8455,132099.828125,132128.828125
train,4886,100045.0546875,100021.65625
train,2928,70286.8359375,69696.4140625
train,8485,88746.6484375,88578.21875
train,5142,116905.515625,116968.921875
train,763,121592.140625,121640.890625
train,7465,82221.7890625,81935.640625
train,6597,76271.265625,75878.015625
train,8154,86223.0078125,86105.1015625
train,6414,73745.1640625,73372.5625
train,3939,106622.40625,106651.7109375
train,5958,89755.25,89665.015625
train,8187,98315.0703125,98277.84375
train,1092,93824.765625,93794.59375
train,4070,89240.1875,89110.015625
train,3720,111066.5703125,111183.546875
train,7933,114535.015625,114626.296875
train,8105,123243.3359375,123342.3125
train,1306,78456.8125,78157.921875
train,2599,87800.46875,87709.640625
train,7141,89362.90625,89263.1796875
train,3644,106918.3984375,106927.375
train,6161,83859.7109375,83762.0078125
train,686,74988.1640625,74540.9140625
train,8255,84483.4453125,84206.0
train,3740,84605.03125,84428.0234375
train,3762,73321.4453125,72878.1875
train,2017,71269.390625,70863.859375
train,4997,92499.890625,92419.84375
train,5863,112887.6015625,112879.546875
train,7848,100193.9765625,100119.7890625
train,4444,94660.015625,94594.8125
train,3693,93281.5859375,93149.5390625
train,3297,75633.28125,75243.46875
train,4692,104727.703125,104808.9765625
train,1284,100768.4609375,100700.3828125
train,457,124078.78125,124115.9140625
train,1973,77095.265625,76798.8125
train,3393,85884.796875,85660.515625
train,6575,99611.296875,99577.78125
train,6524,93261.0625,93119.9375
train,4333,81112.3125,80788.65625
train,8523,113401.6875,113385.2421875
train,4183,93266.7578125,93158.21875
train,522,77709.421875,77374.3359375
train,6500,83491.890625,83285.734375
train,1409,104476.296875,104508.203125
train,8568,68235.203125,67784.59375
train,5624,82952.28125,82680.703125
train,418,160154.421875,160289.828125
train,452,88240.296875,88110.9453125
train,6876,67705.484375,67133.171875
train,4899,105105.1015625,105172.1875
train,2654,85449.828125,85239.3125
train,996,114668.4765625,114705.015625
train,6691,72198.578125,71730.640625
train,1406,93244.5390625,93171.109375
train,5724,102713.1953125,102721.703125
train,612,86424.171875,86159.3828125
train,17,97467.6640625,97456.3671875
train,3911,131189.234375,131300.375
train,8253,89228.671875,89110.5546875
train,7080,65336.578125,64806.640625
train,3799,97062.9296875,96980.6171875
train,7005,84565.09375,84353.5390625
train,2742,105276.9375,105291.3203125
train,3280,81411.78125,80932.796875
train,1047,101000.2734375,100972.859375
train,8353,114241.7421875,114349.390625
train,3517,86940.3046875,86747.9765625
train,8588,78181.1171875,77862.1875
train,7351,110013.6015625,110078.6015625
train,8012,78695.1328125,78317.40625
train,4813,112807.6953125,112875.3984375
train,2834,95973.4765625,95889.34375
train,8618,74764.671875,74380.2890625
train,5070,88854.4296875,88693.5859375
train,2982,73203.078125,72844.3046875
train,1585,112953.015625,112980.078125
train,1672,142612.171875,142776.5
train,1043,152749.046875,152939.65625
train,1180,78747.5234375,78439.9765625
train,1009,98684.09375,98634.4609375
train,8073,103640.96875,103708.5078125
train,1312,87567.984375,87285.421875
train,2353,95757.234375,95620.71875
train,5171,99466.9375,99438.6171875
train,8589,111334.59375,111350.84375
train,7152,90321.28125,90188.421875
train,4433,81367.203125,81079.96875
train,3162,69938.6875,69484.8828125
train,1558,130844.0703125,130968.90625
train,3145,84191.7578125,83985.359375
train,6004,94032.5625,93915.2421875
train,7576,99116.859375,99018.6953125
train,4073,69693.078125,69193.84375
train,2824,118516.1015625,118608.625
train,5120,83251.8671875,83080.53125
train,507,79450.15625,79127.7421875
train,7762,107900.5703125,107991.4296875
train,8680,128104.1328125,128195.046875
train,5514,85134.4375,84989.171875
train,5060,134602.796875,134727.15625
train,537,77044.6015625,76802.046875
train,5701,82267.7890625,82088.40625
train,4385,116480.5234375,116489.28125
train,4501,96246.4921875,96197.5078125
train,1151,105681.4140625,105709.25
train,2886,96490.140625,96370.5546875
train,5742,67937.15625,67479.6015625
train,7982,104494.1875,104599.359375
train,4616,106371.0859375,106420.7265625
train,3738,85197.71875,85028.5078125
train,1071,113491.0703125,113600.5234375
train,5843,101049.296875,101007.9140625
train,7601,81420.1171875,81078.859375
train,1308,86117.9765625,85905.578125
train,775,77535.9375,77105.5859375
train,3915,99102.1875,99024.2890625
train,7681,131954.265625,132073.46875
train,5708,103714.125,103778.5625
train,3425,101153.0703125,101090.109375
train,4131,67428.2734375,66945.6328125
train,3082,113628.8828125,113677.9375
train,7397,89011.46875,88855.5234375
train,1055,79807.1484375,79511.0859375
train,6249,89964.5234375,89859.515625
train,2271,92140.3515625,92033.2734375
train,3320,96716.703125,96646.5
train,409,87917.0234375,87708.375
train,3272,89923.1953125,89810.578125
train,7539,77794.3046875,77460.875
train,2184,116438.4140625,116491.59375
train,5112,124045.1484375,124165.078125
train,2325,65207.40234375,64665.828125
train,6404,83333.4765625,83148.3671875
train,3170,104768.921875,104850.875
train,3151,140244.875,140416.375
train,8318,83398.4296875,83149.0
train,3069,80154.2109375,79882.796875
train,2291,88879.2578125,88704.0703125
train,362,95180.296875,95150.296875
train,7480,110131.9140625,110156.890625
train,1,92234.953125,92160.140625
train,2391,89644.2578125,89476.265625
train,8667,121215.0703125,121321.40625
train,8482,111004.921875,111100.515625
train,282,99454.578125,99381.765625
train,7735,90659.4609375,90561.109375
train,514,109941.1484375,110011.5625
train,3144,81465.71875,81171.1015625
train,234,85400.578125,85068.1015625
train,6698,159861.9375,160027.0
train,1644,74395.109375,74048.9765625
train,4628,103184.59375,103225.625
train,7267,84888.7890625,84622.75
train,4964,88420.6328125,88272.671875
train,4099,84462.6328125,84260.328125
train,6945,117135.375,117203.125
train,8707,115210.140625,115236.15625
train,5611,124053.421875,124132.8046875
train,1053,107666.25,107680.8125
train,7031,90806.5390625,90729.3828125
train,497,117861.2421875,117947.5
train,6359,77687.6484375,77420.34375
train,7798,73546.7890625,73163.3671875
train,6917,81042.5703125,80769.1875
train,6586,87809.484375,87668.625
train,6068,76711.1171875,76290.2265625
train,8446,127233.4296875,127346.203125
train,3032,81686.9609375,81431.4296875
train,1021,79972.9921875,79733.015625
train,6547,88902.4296875,88778.5234375
train,4230,88603.3359375,88478.84375
train,8622,74632.8984375,74270.484375
train,865,101415.21875,101398.9921875
train,1958,118222.71875,118270.484375
train,940,76276.2734375,75885.4375
train,8100,127190.140625,127303.40625
train,7648,106795.4296875,106853.1015625
train,5139,89243.9375,89161.3828125
train,8594,92727.0,92670.7734375
train,6008,76984.6171875,76602.703125
train,1867,86382.5,86125.1875
train,6083,96297.6953125,96221.34375
train,332,90780.3984375,90623.0234375
train,8684,71132.2265625,70704.4375
train,5185,122446.109375,122504.96875
train,1495,87441.6171875,87287.9921875
train,6830,76140.6875,75756.125
train,4971,108584.9375,108623.0
train,5353,110885.5546875,110934.9921875
train,1063,94209.75,94099.9921875
train,6128,84499.6796875,84328.46875
train,2802,157651.84375,157822.65625
train,543,86528.5078125,86311.8671875
train,2881,135083.109375,135209.875
train,1578,72640.5078125,72297.140625
train,3989,89948.5859375,89798.78125
train,8048,76930.984375,76591.8125
train,8444,101708.390625,101688.515625
train,2477,100140.1015625,100021.796875
train,1149,76520.7890625,76173.03125
train,3843,84169.3046875,83801.546875
train,3926,93877.546875,93791.375
train,8577,79342.140625,79044.6640625
train,1635,99055.953125,99008.1171875
train,6957,88251.65625,88147.390625
train,3645,92477.65625,92330.5
train,8042,154065.265625,154287.71875
train,7281,84292.625,84072.9765625
train,3983,70229.4375,69728.265625
train,6044,98623.296875,98523.8125
train,1407,92941.5,92832.171875
train,6639,124695.8515625,124679.8359375
train,2438,83302.0234375,83015.140625
train,6130,103709.5703125,103793.0703125
train,3673,113595.9921875,113637.7890625
train,5068,102843.421875,102865.46875
train,3951,113644.3515625,113597.28125
train,1774,68769.5703125,68320.1484375
train,8282,115586.8046875,115555.828125
train,6804,128388.1328125,128496.984375
train,1811,90925.21875,90860.046875
train,8101,92507.5703125,92427.078125
train,5513,83418.2109375,83221.28125
train,5578,99722.3828125,99652.7421875
train,2220,115584.75,115583.4765625
train,604,81134.21875,80979.3515625
train,7939,88916.1796875,88807.109375
train,1726,84336.2265625,84099.0546875
train,5428,97958.5078125,97820.8671875
train,4993,85967.140625,85847.8203125
train,777,86644.6875,86458.03125
train,47,104181.46875,104189.0625
train,5979,118522.625,118566.1484375
train,4474,87180.5859375,86951.7734375
train,3520,96670.265625,96649.1015625
train,4515,97785.296875,97690.4375
train,6218,88080.7578125,87943.3125
train,6803,73329.6796875,72853.25
train,2093,109615.6640625,109657.0078125
train,4011,84426.9609375,84229.21875
train,5819,112629.03125,112646.109375
train,8183,86130.7734375,85904.5703125
train,1400,79187.828125,78889.75
train,2001,102216.3515625,102105.875
train,6860,96993.40625,96884.4609375
train,6051,98621.5625,98597.40625
train,7584,82636.78125,82299.0546875
train,4300,84319.7578125,84184.90625
train,6822,122375.6328125,122472.6796875
train,4740,76077.5703125,75784.0234375
train,3321,94365.7109375,94239.2421875
train,5141,85211.546875,85041.3515625
train,1418,110819.9375,110876.09375
train,2704,78502.640625,78113.40625
train,2273,73860.78125,73424.5
train,7165,80892.2265625,80602.265625
train,4974,123269.3125,123478.8671875
train,294,116164.21875,116248.34375
train,2296,89461.6796875,89341.2890625
train,751,78436.2578125,78132.015625
train,8194,132479.6875,132616.53125
train,876,79969.8828125,79681.53125
train,8062,102143.859375,102068.3515625
train,1267,86943.6015625,86746.8828125
train,7695,82005.4921875,81756.7421875
train,3579,95384.7421875,95265.078125
train,2892,127460.09375,127463.25
train,3399,78393.0078125,77993.1640625
train,6226,94787.34375,94711.1484375
train,6319,101190.703125,101214.8046875
train,540,91728.125,91666.0703125
train,8442,80248.859375,79995.84375
train,6115,83045.875,82773.203125
train,8498,93501.75,93370.9453125
train,6329,91804.109375,91679.796875
train,2326,72962.6640625,72623.0234375
train,126,121473.53125,121527.7265625
train,5954,68427.96875,67939.71875
train,4209,118042.765625,118125.71875
train,4402,98549.9921875,98535.1484375
train,441,67912.546875,67448.2109375
train,3474,107931.25,107975.5
train,884,74563.546875,74171.078125
train,5277,89543.109375,89372.546875
train,5782,82758.8125,82559.78125
train,1941,79049.09375,78772.0078125
train,3501,111213.1953125,111221.046875
train,760,94540.375,94430.28125
train,2048,90629.1640625,90526.9140625
train,7572,83074.78125,82907.421875
train,4782,82750.6875,82548.6796875
train,3040,76021.4296875,75637.1015625
train,1199,121627.3359375,121694.5703125
train,3730,93935.140625,93829.015625
train,730,82862.921875,82689.21875
train,2302,121471.15625,121638.90625
train,3697,96926.6171875,96801.6875
train,420,78848.1875,78546.5234375
train,7414,105068.671875,105109.203125
train,4732,134874.125,134987.109375
train,6491,82315.25,82057.9453125
train,8362,107523.15625,107512.4140625
train,7993,84794.8515625,84612.9375
train,1793,126622.7578125,126678.3125
train,6381,88705.359375,88485.34375
train,8146,117550.1640625,117619.84375
train,2274,75852.25,75533.40625
train,1670,86744.640625,86576.8359375
train,8094,95189.140625,95192.6796875
train,4526,102102.8515625,101978.5703125
train,6780,91902.3203125,91782.9921875
train,4683,80171.5078125,79955.3984375
train,3630,71466.25,70999.765625
train,3885,76812.78125,76531.71875
train,3314,108623.5546875,108678.203125
train,1772,78917.9296875,78552.2109375
train,166,77489.421875,77184.84375
train,1485,83261.515625,83098.8984375
train,8284,100556.203125,100539.59375
train,6864,107236.3125,107268.734375
train,3966,113175.8671875,113296.8984375
train,7159,111931.5546875,111972.453125
train,8208,102060.2890625,102040.84375
train,5839,84653.4453125,84448.1796875
train,506,97620.546875,97597.25
train,4254,136639.59375,136725.046875
train,8472,100093.859375,100074.375
train,3269,95614.7265625,95522.3203125
train,1524,127209.5078125,127271.515625
train,5174,71264.8515625,70851.2421875
train,272,84724.015625,84499.84375
train,4946,107202.7734375,107285.796875
train,3628,95042.890625,94993.8359375
train,4522,81335.9921875,81050.484375
train,4614,101175.4296875,101087.890625
train,6844,75269.6328125,74907.9375
train,2901,85234.515625,85070.1953125
train,7980,134727.734375,134845.234375
train,4019,86254.25,86080.734375
train,309,114459.53125,114457.375
train,5329,85776.484375,85629.40625
train,2392,92264.28125,92203.59375
train,4642,86775.6328125,86527.34375
train,8512,72080.65625,71716.578125
train,1634,120098.765625,120092.0078125
train,2512,112196.0546875,112242.59375
train,3830,99182.3671875,99119.171875
train,7908,94275.1328125,94141.7734375
train,1703,71961.125,71498.84375
train,4885,126539.1015625,126631.3671875
train,5219,120397.28125,120511.4453125
train,3607,75480.109375,75150.125
train,7432,82678.875,82369.7734375
train,2968,73961.203125,73526.9453125
train,173,111081.328125,111151.0859375
train,5032,99890.34375,99768.515625
train,5486,84638.625,84390.640625
train,30,84405.5,84168.3203125
train,7625,86175.0859375,85959.34375
train,1378,72906.5703125,72468.390625
train,4344,105016.046875,105075.609375
train,3143,121256.3671875,121374.03125
train,8511,134927.78125,135026.375
train,7003,102041.609375,101917.4140625
train,381,102968.46875,102988.34375
train,6482,95800.9140625,95681.5546875
train,1623,134552.90625,134659.359375
train,629,70439.9921875,69984.1171875
train,2004,76577.140625,76238.390625
train,5210,72272.5,71822.578125
train,4987,111055.0390625,111118.53125
train,8205,89434.0078125,89206.890625
train,5342,95725.125,95620.8984375
train,1293,84400.2890625,84155.4609375
train,292,89336.03125,89192.578125
train,3324,78245.09375,77921.96875
train,3468,86792.2734375,86622.671875
train,6563,119644.9375,119664.0625
train,6366,133497.84375,133614.21875
train,331,90679.3359375,90585.0703125
train,5910,116467.2890625,116556.890625
train,2796,87038.328125,86836.90625
train,8190,72903.953125,72553.7734375
train,8712,80285.6953125,80084.8046875
train,2508,76737.4296875,76389.453125
train,6180,84672.21875,84421.3515625
train,4059,90840.515625,90757.4765625
train,4045,112920.2109375,112948.1875
train,755,103939.40625,103976.140625
train,5472,115718.2578125,115725.6953125
train,5688,133680.5625,133828.59375
train,6081,92631.421875,92574.71875
train,1185,85228.265625,85031.421875
train,170,88125.84375,87976.78125
train,2133,125598.578125,125627.703125
train,7945,84975.4921875,84788.3984375
train,4195,87659.0078125,87539.8125
train,265,84083.9140625,83863.28125
train,710,82877.65625,82651.5
train,501,90036.609375,89866.0
train,896,100767.875,100717.8671875
train,6871,109904.8203125,109949.484375
train,4667,106085.234375,106085.125
train,8127,93098.3359375,92987.328125
train,4448,99928.5546875,99823.3046875
train,4257,137056.4375,137199.375
train,2159,95440.0703125,95358.8671875
train,761,90386.875,90248.34375
train,3350,90337.171875,90176.890625
train,4202,83232.03125,83032.953125
train,2082,87170.8125,86963.0625
train,2056,92942.0703125,92849.09375
train,6924,88593.7421875,88420.4296875
train,4271,91648.375,91627.171875
train,1682,125145.578125,125208.78125
train,339,87035.59375,86823.25
train,5130,82063.8828125,81844.8671875
train,1262,77360.15625,76992.0234375
train,5275,110409.9140625,110450.765625
train,617,82152.1640625,81901.6640625
train,7558,112275.28125,112349.40625
train,7513,110125.578125,110240.0078125
train,2728,93254.9140625,93155.9375
train,139,90037.984375,89827.3359375
train,2223,81504.7265625,81288.4765625
train,2069,116658.09375,116729.90625
train,7014,105306.65625,105302.5703125
train,2212,117682.2890625,117756.390625
train,782,90840.9921875,90754.625
train,3163,105674.09375,105745.15625
train,3932,108986.1953125,109019.3515625
train,8378,100620.5,100572.2109375
train,329,90045.8828125,90050.1953125
train,5314,97924.1484375,97866.1640625
train,6724,101699.265625,101619.0
train,1859,85499.2421875,85311.2734375
train,6036,102257.515625,102209.859375
train,4500,90927.3359375,90844.328125
train,642,86087.390625,85894.34375
train,1376,64872.3359375,64335.41015625
train,5150,84103.0078125,83948.8203125
train,398,108364.828125,108370.4296875
train,3300,84832.9296875,84663.453125
train,5404,66845.0,66346.234375
train,4884,88075.3828125,87889.578125
train,2787,85386.0703125,85156.984375
train,8520,115844.640625,115881.6328125
train,5283,102754.875,102788.359375
train,5969,76536.46875,76151.234375
train,6814,117562.0625,117590.1953125
train,5395,92365.828125,92253.8046875
train,8409,77649.6875,77273.1171875
train,3465,91119.734375,91009.8125
train,8683,80612.7578125,80333.03125
train,1905,94186.71875,94107.359375
train,7186,74813.984375,74380.2421875
train,846,115881.4921875,115870.78125
train,4373,78249.953125,77954.328125
train,7570,100440.859375,100333.03125
train,1639,95535.15625,95478.5546875
train,1766,129367.4609375,129481.140625
train,580,109477.984375,109501.703125
train,3664,111398.1484375,111378.9765625
train,622,108007.2734375,108029.515625
train,5767,88522.5625,88378.96875
train,1583,76310.640625,76114.0078125
train,5285,98975.1171875,98865.8984375
train,2668,101311.5234375,101237.15625
train,6784,86315.0078125,86134.2890625
train,3169,92302.90625,92276.2421875
train,6313,92110.359375,92029.2890625
train,6869,90157.953125,90064.5
train,3374,105051.46875,105101.9296875
train,6999,68039.484375,67601.9453125
train,5940,89593.2734375,89458.0078125
train,6527,111322.2421875,111372.4140625
train,5066,97102.7265625,97062.71875
train,5533,98201.8125,98157.984375
train,5098,79813.7265625,79586.7578125
train,6433,129463.6171875,129592.484375
train,4025,78304.6171875,78047.21875
train,4681,95123.0625,95067.53125
train,5823,100379.8046875,100291.453125
train,6697,124254.0625,124310.15625
train,6786,84008.328125,83736.5859375
train,2699,84450.1953125,84208.796875
train,743,76154.0234375,75799.34375
train,7290,94898.453125,94825.78125
train,6174,104829.0625,104949.53125
train,4512,81302.8984375,81044.90625
train,951,81949.0546875,81674.4140625
train,8163,79716.265625,79332.84375
train,6778,91654.9296875,91564.265625
train,8580,75679.6328125,75323.8046875
train,1537,96294.6015625,96268.84375
train,5167,85737.046875,85526.609375
train,7755,101154.9453125,101085.7109375
train,3455,102183.2734375,102198.4375
train,2898,74734.109375,74384.6171875
train,2998,97772.1953125,97658.8046875
train,5564,91300.3359375,91231.515625
train,6591,106181.859375,106235.609375
train,3558,96951.6875,96990.0546875
train,5520,77319.9609375,76972.34375
train,7650,101698.96875,101635.21875
train,4674,105730.0078125,105779.4765625
train,640,84576.046875,84379.1953125
train,5160,91044.578125,90867.625
train,3307,84813.8671875,84649.375
train,2505,75865.421875,75561.2578125
train,4750,114951.8359375,115039.53125
train,1705,95525.3046875,95483.28125
train,6763,70009.546875,69581.625
train,7559,110623.4609375,110697.59375
train,7495,66378.5390625,65825.9921875
train,7948,75081.8984375,74685.3046875
train,6401,124675.3984375,124876.5625
train,1930,89026.3515625,88911.59375
train,5281,96418.03125,96386.7421875
train,1949,85494.21875,85287.390625
train,4776,78273.1171875,77886.328125
train,955,86068.875,85865.7109375
train,3437,103901.7265625,103971.0
train,608,88353.2109375,88190.890625
train,2889,81056.0,80763.15625
train,1359,90182.6484375,90056.015625
train,6552,112755.7578125,112752.0078125
train,6859,137786.53125,137925.53125
train,3366,92532.515625,92374.71875
train,1208,88597.9765625,88407.8671875
train,8129,69851.3125,69448.96875
train,7717,101859.0625,101757.1640625
train,7910,84798.4453125,84605.640625
train,8148,92044.25,91953.171875
train,4708,103356.3046875,103388.828125
train,3060,90682.65625,90619.015625
train,1441,84174.625,84006.4609375
train,7337,98263.265625,98259.6328125
train,3667,112505.7109375,112580.421875
train,2479,144437.15625,144590.03125
train,11,124900.90625,125067.3046875
train,5980,81887.9609375,81635.390625
train,3133,112440.1328125,112465.3125
train,6362,84126.0625,83901.453125
train,4727,70352.609375,69910.015625
train,1545,76863.265625,76353.59375
train,7077,98603.671875,98586.84375
train,6873,95745.421875,95646.6015625
train,4566,76504.359375,76195.46875
train,1087,82058.5859375,81831.609375
train,1784,95297.1640625,95212.5546875
train,8132,91606.890625,91520.84375
train,2725,127666.7265625,127750.8125
train,3266,105003.46875,105062.1796875
train,2931,107265.421875,107320.46875
train,5639,81794.8984375,81504.7109375
train,6256,94213.65625,94131.3515625
train,7581,84857.4921875,84682.796875
train,3709,125501.6328125,125597.9765625
train,1945,81273.5625,81056.140625
train,2137,139846.90625,139982.59375
train,4198,116328.859375,116424.0859375
train,2544,97863.59375,97767.53125
train,3923,97174.9765625,97127.3984375
train,5161,86970.5390625,86816.7578125
train,3430,124234.734375,124302.03125
train,1367,102241.953125,102232.640625
train,2638,112720.2265625,112670.25
train,3329,89125.484375,89015.109375
train,3210,80373.4921875,80059.96875
train,3736,78359.703125,78084.7734375
train,99,70486.953125,70090.59375
train,3149,94240.8203125,94213.1171875
train,3174,72879.34375,72454.1796875
train,3444,105243.953125,105235.28125
train,3128,85880.5546875,85610.5546875
train,7026,107494.6796875,107455.484375
train,414,112342.953125,112489.125
train,8020,86026.6953125,85833.5625
train,4291,78476.2421875,78142.6875
train,3252,65225.66015625,64686.03125
train,7836,75902.59375,75395.375
train,1205,94104.484375,94044.9375
train,2424,75058.8671875,74637.6171875
train,7253,89623.609375,89458.6171875
train,4167,105097.9765625,105115.921875
train,7446,109631.1328125,109604.0625
train,6835,91829.6640625,91721.3125
train,5989,86935.3984375,86727.0546875
train,6881,67606.421875,67139.96875
train,1132,86832.0,86629.7265625
train,1089,99520.9453125,99493.15625
train,1747,84606.296875,84448.8984375
train,7202,77818.203125,77521.5625
train,4102,78419.421875,78082.9375
train,1843,70042.9296875,69471.71875
train,1681,122671.5859375,122799.765625
train,2858,101149.34375,101043.8125
train,6446,105840.109375,105905.4765625
train,5087,78279.25,77952.5703125
train,1266,83432.4296875,83175.4140625
train,6308,158097.625,158290.515625
train,1188,93455.8984375,93300.8515625
train,8638,75380.46875,75002.4296875
train,4446,87611.96875,87521.546875
train,6893,75397.8359375,75036.015625
train,5625,82706.5703125,82465.5546875
train,2647,80855.1171875,80586.671875
train,2206,81693.4375,81432.0859375
train,4870,83049.65625,82797.171875
train,1839,105379.5078125,105458.65625
train,8333,75586.2890625,75272.859375
train,116,132363.25,132497.390625
train,2538,99151.1953125,99097.671875
train,2736,84477.421875,84213.6015625
train,8611,95576.5703125,95491.2578125
train,5481,91313.578125,91234.9296875
train,3503,92950.484375,92891.5703125
train,2108,112602.8046875,112706.1875
train,2246,92291.6171875,92208.2734375
train,1457,82780.2734375,82526.84375
train,7930,82950.265625,82702.140625
train,1559,108314.6484375,108270.390625
train,3627,82443.8203125,82203.1875
train,7416,79501.8671875,79217.5
train,2381,94834.5078125,94760.7421875
train,4467,80475.1015625,80095.609375
train,5322,112266.5390625,112334.3046875
train,7800,83990.6171875,83730.296875
train,6162,89148.7578125,89014.6953125
train,2095,93303.0703125,93162.5859375
train,6493,103340.0703125,103384.265625
train,430,97442.8515625,97396.65625
train,7508,87343.0625,87220.828125
train,3819,81447.7265625,81161.765625
train,3743,118497.5078125,118488.5078125
train,7714,101069.0859375,101066.984375
train,6209,82068.1953125,81841.1953125
train,5409,137612.890625,137703.28125
train,2305,85262.515625,85013.1015625
train,7674,74999.0625,74615.3203125
train,422,98633.546875,98556.8671875
train,298,83329.3671875,83106.71875
train,4595,111716.1875,111713.484375
train,8411,93980.21875,93859.9140625
train,1249,98317.1640625,98283.3984375
train,2507,133832.53125,133929.59375
train,3168,114268.625,114321.6796875
train,3202,92148.53125,92082.6484375
train,3481,106768.9609375,106795.6484375
train,6278,104357.71875,104470.875
train,8197,71546.7109375,71133.2734375
train,1422,90734.3515625,90682.1484375
train,2713,85169.6796875,85043.109375
train,4471,108654.75,108616.359375
train,2539,97801.9140625,97755.7734375
train,8379,93686.3203125,93609.390625
train,6782,107481.203125,107463.375
train,3451,87086.4765625,86847.3125
train,6615,77199.6796875,76846.078125
train,3620,110258.796875,110289.640625
train,8553,82142.8125,81878.625
train,4114,70456.734375,70011.0390625
train,6295,90896.28125,90805.6484375
train,2938,118208.3984375,118223.0703125
train,8575,88668.375,88494.515625
train,8704,98788.59375,98708.5859375
train,4967,98739.375,98690.421875
train,3970,111291.3828125,111337.8359375
train,5020,85416.5390625,85231.15625
train,5037,111340.40625,111281.5859375
train,2498,66960.828125,66405.0234375
train,6084,69721.921875,69221.2265625
train,7377,121471.9453125,121537.0625
train,2170,89673.421875,89581.53125
train,5606,109951.9453125,110015.265625
train,6504,93081.4921875,92966.8125
train,7118,83287.8671875,83037.75
train,7863,85316.7265625,85180.4375
train,8244,74702.9140625,74305.6015625
train,2156,102191.8515625,102123.8359375
train,5151,71154.46875,70681.546875
train,4000,92003.671875,91988.3828125
train,2722,78877.53125,78604.296875
train,8016,84739.9296875,84497.5546875
train,5576,98752.7890625,98681.703125
train,283,85610.828125,85449.359375
train,5044,96268.828125,96237.7890625
train,3248,67916.1328125,67314.140625
train,5186,88932.4609375,88781.6015625
train,6592,101732.4921875,101729.359375
train,8423,63296.87109375,62660.3046875
train,2039,81738.3671875,81503.421875
train,683,68871.890625,68419.1875
train,699,75963.875,75616.828125
train,6471,83938.1015625,83667.2890625
train,7125,86944.40625,86757.171875
train,4980,90984.390625,90863.015625
train,7220,99617.484375,99523.15625
train,6479,79398.0078125,79048.2578125
train,2664,103925.8984375,103964.0234375
train,7832,106161.5625,106238.65625
train,7815,81190.328125,80942.2890625
train,5774,91316.1640625,91231.2734375
train,8726,96991.625,96873.9765625
train,738,95148.2890625,95090.3125
train,2844,85098.9765625,84871.859375
train,626,133130.96875,133225.59375
train,1770,78565.21875,78273.6171875
train,3518,72721.1796875,72304.015625
train,6870,103595.3359375,103644.390625
train,2952,98814.0859375,98794.8984375
train,4723,86529.890625,86379.328125
train,5824,92706.625,92686.1328125
train,4064,95520.03125,95331.4296875
train,5728,74648.15625,74252.7890625
train,6461,117042.96875,117113.46875
train,6701,85654.2890625,85464.5
train,2996,100661.5625,100620.84375
train,2348,80697.8984375,80380.3046875
train,2092,90948.0625,90764.9296875
train,3597,115733.2109375,115760.59375
train,1850,105646.6640625,105670.8203125
train,2106,88357.15625,88187.484375
train,5115,86103.125,85890.375
train,86,149111.625,149469.578125
train,5751,87548.46875,87329.4609375
train,50,118014.453125,118151.7421875
train,6936,99548.7734375,99482.4921875
train,8326,90972.5078125,90876.6796875
train,5284,83100.8046875,82891.359375
train,4547,84317.78125,84178.328125
train,8196,68572.3359375,68140.28125
train,2734,127226.4140625,127259.984375
train,7181,103545.9609375,103591.7734375
train,3017,104123.453125,104145.765625
train,4662,126346.7421875,126429.109375
train,4612,83748.640625,83549.140625
train,4094,96885.203125,96820.875
train,7344,75343.9453125,74985.15625
train,3723,99627.7109375,99540.0703125
train,1975,92587.59375,92526.1484375
train,815,86504.6328125,86296.765625
train,3941,71854.8671875,71391.9765625
train,3639,80893.7265625,80525.203125
train,5197,112686.53125,112716.8046875
train,2322,131309.515625,131369.5625
train,353,95785.5546875,95735.703125
train,3653,112336.875,112390.1953125
train,5079,93287.3203125,93137.078125
train,7520,90460.328125,90397.1953125
train,8361,119618.34375,119704.234375
train,129,138451.984375,138565.578125
train,954,69550.4140625,69086.609375
train,482,120152.53125,120286.4296875
train,3011,80731.390625,80433.3515625
train,3310,71095.859375,70657.6875
train,6150,66060.640625,65441.234375
train,8174,91407.46875,91325.4453125
train,6112,110396.625,110434.046875
train,365,89595.1875,89458.65625
train,5935,70317.484375,69784.984375
train,2518,108979.2421875,108968.046875
train,1657,116522.0859375,116567.859375
train,4891,72046.703125,71653.609375
train,1224,83147.515625,82877.328125
train,1822,77476.671875,77080.171875
train,5334,94529.109375,94358.5234375
train,448,70117.328125,69591.3046875
train,5500,118642.8359375,118669.2265625
train,2481,99612.4375,99547.4375
train,451,100569.09375,100470.15625
train,1808,80844.9453125,80594.125
train,5434,97653.1875,97588.578125
train,2557,151486.390625,151599.625
train,8396,82675.8984375,82462.46875
train,820,88775.9609375,88618.421875
train,1744,84991.7734375,84755.09375
train,4789,116428.3515625,116485.671875
train,6118,97980.96875,97969.984375
train,1976,76317.8046875,75992.40625
train,5154,94040.734375,93950.9375
train,7176,108346.59375,108326.3671875
train,2179,76831.8125,76447.453125
train,2887,80906.71875,80620.0625
train,1840,124402.2734375,124460.4375
train,6820,99158.3984375,99107.0859375
train,8620,105279.625,105333.765625
train,7012,86391.4296875,86248.390625
train,8252,106319.9296875,106413.9296875
train,249,96577.109375,96549.34375
train,5833,98939.0546875,98879.703125
train,7021,124371.0390625,124431.59375
train,4288,128527.1796875,128649.46875
train,5746,82084.3125,81823.546875
train,3842,82375.515625,82016.03125
train,685,83114.671875,82912.28125
train,3433,93631.453125,93548.1015625
train,8443,85459.1875,85282.046875
train,2115,80297.140625,80000.84375
train,7345,78977.234375,78650.390625
train,2318,72505.2421875,72052.921875
train,5483,97392.046875,97333.7421875
train,4531,83357.6640625,83090.8359375
train,7534,90622.7890625,90584.5625
train,1625,100262.3125,100257.7421875
train,3806,109324.375,109380.546875
train,2847,72041.703125,71636.734375
train,6525,77786.7265625,77426.265625
train,2147,74842.6953125,74424.34375
train,5212,112296.8984375,112289.4921875
train,3633,88919.125,88634.453125
train,2228,64894.58984375,64309.4609375
train,214,96415.4921875,96396.3203125
train,4342,90148.7109375,90109.8828125
train,8357,95218.546875,95160.203125
train,4519,120962.359375,120981.734375
train,4193,97398.59375,97385.3515625
train,8621,88723.609375,88629.9609375
train,2079,84759.1796875,84617.390625
train,1048,92179.8671875,92110.0390625
train,1455,97576.890625,97544.6875
train,4001,68959.6875,68444.234375
train,6617,109269.75,109313.96875
train,38,98635.0625,98553.7265625
train,5121,89664.4140625,89548.625
train,1921,80723.2578125,80361.796875
train,3302,78903.8359375,78593.46875
train,2791,69741.2421875,69287.234375
train,4130,96791.390625,96766.21875
train,1253,94688.3203125,94638.1953125
train,8035,115613.7578125,115678.8828125
train,8186,82248.6015625,81981.5625
train,4301,103411.53125,103498.84375
train,1660,104899.9765625,104967.84375
train,1615,82439.1328125,82267.4296875
train,7545,106982.9140625,107023.7109375
train,1779,87280.4375,87118.015625
train,3130,82102.6875,81893.765625
train,4004,90436.8828125,90289.234375
train,320,100152.09375,100050.34375
train,4737,114020.6640625,114092.9140625
train,6598,114343.1484375,114388.859375
train,7564,79367.15625,79087.6953125
train,7047,96131.640625,96124.0390625
train,5945,118127.7578125,118090.3359375
train,1106,88622.6796875,88525.0703125
train,2984,103077.0703125,103095.6796875
train,3683,89827.4140625,89721.15625
train,5811,104638.3984375,104686.4765625
train,1929,110108.5,110099.265625
train,2327,85925.2421875,85759.703125
train,2065,91003.3203125,90937.2578125
train,6127,99006.5859375,99003.8046875
train,5710,99571.6953125,99534.9375
train,6378,85623.2890625,85428.8671875
train,1580,112862.109375,112869.328125
train,4715,100261.390625,100156.0390625
train,5720,89570.734375,89426.375
train,581,84329.1171875,84117.875
train,5005,81610.34375,81403.8125
train,6543,80901.9921875,80633.40625
train,7636,79638.859375,79338.234375
train,1586,89421.03125,89240.9375
train,2972,103718.203125,103799.40625
train,4594,132663.1875,132762.625
train,8677,110451.4765625,110507.6015625
train,8371,76303.9140625,75923.0546875
train,5762,101673.59375,101587.515625
train,6979,76931.4453125,76579.1328125
train,241,87529.1328125,87270.078125
train,4969,93019.75,92962.5390625
train,8185,137756.265625,137833.4375
train,4657,83945.2734375,83647.84375
train,1223,72242.3671875,71777.671875
train,5326,66671.4765625,66222.109375
train,1179,75343.1953125,75008.1484375
train,2000,96319.90625,96200.1796875
train,7999,91215.03125,91104.1875
train,8188,103699.5234375,103802.6015625
train,1999,110184.5078125,110295.140625
train,4345,100576.40625,100536.640625
train,6622,136227.453125,136412.796875
train,3227,85463.078125,85282.96875
train,5200,65553.53125,64979.0
train,807,101833.828125,101809.390625
train,6565,87288.765625,87131.3125
train,2143,115891.5078125,115960.8828125
train,1228,95492.0234375,95428.3515625
train,1100,69235.8984375,68769.8671875
train,2733,98248.03125,98181.4375
train,5436,94423.203125,94292.3125
train,1996,90006.2421875,89927.8359375
train,6941,77182.109375,76794.0
train,8231,64606.71875,64047.41015625
train,1498,76863.8984375,76539.0859375
train,7799,69842.40625,69400.9296875
train,4771,81587.34375,81320.2109375
train,8628,98035.3046875,97930.71875
train,1834,82266.8984375,81946.9375
train,5183,97385.0,97316.078125
train,336,73890.5703125,73416.2421875
train,5547,111060.234375,111047.8515625
train,1734,89732.046875,89654.2734375
train,6463,79298.0078125,79062.5859375
train,7097,101921.5,101852.296875
train,5204,102122.4296875,102068.7109375
train,567,102822.5703125,102820.53125
train,6224,118153.515625,118307.7734375
train,7170,115268.5625,115300.0390625
train,2767,82822.3046875,82513.59375
train,6464,79607.5078125,79234.328125
train,2667,83513.671875,83216.5859375
train,495,94557.90625,94486.25
train,6729,102743.3203125,102686.703125
train,1433,109644.3671875,109595.765625
train,7399,90612.625,90530.6171875
train,2006,93873.53125,93878.2109375
train,7323,101061.75,101009.0390625
train,3131,84291.796875,84125.234375
train,1491,82973.015625,82729.9609375
train,3992,83545.0390625,83291.4296875
train,1365,103795.6640625,103880.90625
train,6541,89288.328125,89123.5
train,7312,76969.90625,76641.0
train,7540,72634.8203125,72243.234375
train,7624,96675.578125,96607.6015625
train,325,70998.046875,70586.3984375
train,7813,89045.203125,88941.9375
train,3565,120947.8984375,121080.9140625
train,2155,93971.0703125,93899.6640625
train,5466,86041.4609375,85861.3203125
train,359,85476.2890625,85275.1171875
train,3208,103745.1796875,103759.09375
train,8458,88165.046875,88020.5234375
train,2456,92788.3359375,92641.6171875
train,1786,103940.734375,104019.1484375
train,8426,88401.0546875,88284.3984375
train,5964,70249.5234375,69799.109375
train,88,66911.515625,66463.78125
train,105,77775.4140625,77441.21875
train,1988,90239.1015625,90343.3046875
train,857,121075.390625,121139.84375
train,1756,74818.21875,74474.4375
train,7404,96489.296875,96410.2421875
train,603,119052.96875,119114.0546875
train,4848,115459.109375,115558.203125
train,6176,67824.453125,67322.5
train,531,109545.46875,109587.359375
train,4036,80912.046875,80695.4609375
train,5583,81043.3515625,80790.90625
train,2760,68967.5546875,68442.796875
train,8296,92024.1875,91924.3203125
train,4010,83525.9921875,83260.5546875
train,1875,87132.5859375,86992.2578125
train,7826,83378.3046875,83130.40625
train,3570,93801.9140625,93719.328125
train,3093,90337.7578125,90212.0
train,2597,66876.5546875,66337.234375
train,6745,103336.546875,103435.8828125
train,735,123266.78125,123381.546875
train,8344,64377.11328125,63822.42578125
train,6642,126455.65625,126547.4765625
train,3804,102661.96875,102720.3359375
train,8517,78815.53125,78515.859375
train,6627,77191.296875,76850.3046875
train,3629,122866.03125,122957.3828125
train,3294,93745.890625,93651.765625
train,2924,72680.671875,72316.1640625
train,3903,85683.6015625,85536.3203125
train,6895,157386.609375,157584.359375
train,3952,109605.2421875,109683.3359375
train,2475,67953.3125,67439.765625
train,1652,78929.203125,78554.5546875
train,692,93810.53125,93720.09375
train,1372,117070.390625,117165.65625
train,6619,105728.5859375,105813.8203125
train,2180,74958.8125,74644.25
train,1330,95741.0,95623.0859375
train,6304,91832.1953125,91743.9921875
train,4560,75555.453125,75144.2109375
train,2813,108954.3046875,108903.5234375
train,5426,79077.53125,78816.796875
train,3137,108978.2734375,109034.2109375
train,2363,99238.40625,99237.7890625
train,7119,68166.9375,67676.0078125
train,2757,108153.9296875,108203.0390625
train,8315,115689.296875,115707.515625
train,4741,96289.8671875,96229.9375
train,4447,82859.6328125,82587.296875
train,2042,73216.1875,72782.15625
train,2049,121596.8515625,121641.8203125
train,7511,87131.1796875,86972.859375
train,5080,101836.2421875,101834.53125
train,7897,100920.7265625,100821.25
train,6251,101235.6484375,101189.21875
train,5101,118844.390625,118894.9296875
train,240,77130.7734375,76774.53125
train,8157,100331.84375,100272.0703125
train,3353,89799.890625,89623.328125
train,2780,90013.953125,89887.6875
train,7605,75026.546875,74651.15625
train,1889,100450.8046875,100414.2109375
train,7611,79703.109375,79378.6015625
train,733,111112.4765625,111167.359375
train,5316,107293.453125,107328.484375
train,2074,80830.1484375,80494.203125
train,7590,93297.96875,93194.3125
train,73,115694.2109375,115733.625
train,3471,87420.0625,87237.2734375
train,7776,89824.21875,89717.375
train,560,98070.9453125,97968.8359375
train,4998,93280.796875,93350.8984375
train,4736,103054.4140625,103074.1015625
train,5072,96411.3984375,96398.25
train,5403,78452.546875,78097.65625
train,8457,91608.5859375,91608.578125
train,2059,80723.9375,80386.53125
train,1171,79198.921875,78929.640625
train,2717,85379.8671875,85258.9921875
train,1868,98086.546875,97958.015625
train,798,95940.3671875,95831.390625
train,7561,108562.4765625,108622.0
train,4781,96626.3046875,96550.140625
train,3927,139413.328125,139588.15625
train,6722,71996.7734375,71535.1328125
train,5760,67327.421875,66871.859375
train,6158,122018.2578125,122108.109375
train,3852,88613.2578125,88520.4765625
train,6343,85932.7265625,85730.8984375
train,1531,92287.484375,92212.765625
train,1214,110527.0234375,110602.90625
train,1052,85014.921875,84770.84375
train,1060,103070.8125,103094.4375
train,3958,73836.28125,73371.9375
train,5043,82313.09375,82046.359375
train,7936,94736.2734375,94692.1015625
train,6741,97224.484375,97213.2265625
train,5278,93121.703125,93033.84375
train,2173,84819.9375,84600.7734375
train,100,83717.2578125,83462.484375
train,3177,97997.1015625,97902.3671875
train,2670,77284.4921875,76933.3125
train,3460,115738.8515625,115799.09375
train,8341,116959.140625,116987.03125
train,6448,86053.6640625,85898.25
train,2140,109993.984375,110100.8125
train,7698,95305.3671875,95247.546875
train,5244,83094.671875,82797.703125
train,5797,69934.3125,69425.828125
train,1599,107324.9609375,107418.21875
train,7833,117745.0234375,117799.828125
train,5615,91923.875,91818.9765625
train,8608,86026.1328125,85879.2890625
train,5479,88008.1953125,87856.4921875
train,6834,84196.234375,83984.34375
train,2135,81565.6796875,81275.0546875
train,1349,87081.7734375,86952.515625
train,4641,135546.609375,135634.4375
train,7101,90808.0078125,90827.8515625
train,4786,110362.15625,110407.875
train,6653,99738.8984375,99680.703125
train,3165,100894.46875,100890.4375
train,4764,100597.796875,100521.2890625
train,3328,103126.234375,103186.1875
train,6315,116722.7890625,116875.4453125
train,1198,134930.96875,135045.0625
train,6935,75838.4921875,75447.9765625
train,4586,114306.1484375,114273.40625
train,2864,87158.1953125,86964.1484375
train,8144,72723.6875,72352.65625
train,7686,74612.421875,74247.8359375
train,5364,98780.25,98724.359375
train,4096,73106.5234375,72772.3203125
train,3865,104168.09375,104220.109375
train,3181,73451.2265625,73159.1875
train,1221,83070.3359375,82817.6015625
train,8603,91913.6328125,91823.5078125
train,4792,97114.5,97073.09375
train,5888,111587.859375,111660.0
train,1765,68747.9140625,68280.859375
train,2120,107331.5078125,107369.8515625
train,402,118576.1640625,118697.9765625
train,7882,75276.5234375,74879.2578125
train,8448,89320.203125,89258.265625
train,1346,90687.0390625,90618.8203125
train,5883,104109.3671875,104165.8359375
train,6975,92664.2109375,92629.3359375
train,2500,79770.9140625,79421.4921875
train,5282,94602.1796875,94497.109375
train,7804,142776.65625,142919.171875
train,1402,86573.8671875,86462.234375
train,854,116996.453125,117226.515625
train,1176,84546.765625,84306.125
train,3993,101968.4375,101944.75
train,5253,86958.3359375,86806.4765625
train,2684,107942.203125,107950.15625
train,2593,127036.40625,127300.390625
train,4800,81592.4921875,81322.96875
train,4319,85881.078125,85693.4375
train,8054,105795.8984375,105891.3515625
train,1236,105759.8125,105828.125
train,3476,80017.359375,79697.6640625
train,4758,109228.6328125,109338.078125
train,3463,81183.7734375,80790.28125
train,6340,68484.2265625,68079.625
train,1013,116500.6796875,116504.078125
train,7767,116184.90625,116151.4765625
train,3230,72383.09375,71993.90625
train,1355,89285.140625,89090.359375
train,2340,99971.9453125,99907.078125
train,5517,80677.1171875,80359.140625
train,4477,81629.0234375,81348.0703125
train,4475,88737.9453125,88661.9921875
train,554,111441.5859375,111527.8203125
train,3127,116132.5703125,116165.234375
train,7976,93841.3828125,93763.5625
train,1412,82495.40625,82268.46875
train,2151,87550.7109375,87384.78125
train,5651,100975.1875,100863.734375
train,7635,68692.2421875,68226.171875
train,3211,80986.828125,80682.046875
train,4882,97161.8515625,97131.65625
train,5975,77516.4609375,77241.0078125
train,6419,115450.84375,115472.78125
train,5271,95036.8671875,94870.953125
train,8044,83759.203125,83478.234375
train,7946,84848.765625,84511.6171875
train,1489,118766.1875,118847.0625
train,2113,99121.609375,99054.0859375
train,1165,104449.3984375,104464.1796875
train,3035,98631.0546875,98521.3125
train,5859,87799.96875,87598.6171875
train,6631,71287.359375,70868.8984375
train,3893,75022.8125,74609.4921875
train,3424,143223.875,143373.3125
train,682,113001.890625,113041.6171875
train,4231,119897.3046875,119993.6640625
train,1856,112601.1328125,112639.125
train,8211,84689.2890625,84426.859375
train,3480,101390.8046875,101380.2578125
train,4949,72114.34375,71728.8984375
train,2627,98415.421875,98309.4921875
train,270,118976.09375,119100.75
train,7025,98900.8359375,98875.78125
train,5053,114818.25,114796.5390625
train,7350,106469.203125,106532.3359375
train,207,97414.0703125,97361.0703125
train,7250,83813.9140625,83661.8203125
train,313,79542.546875,79235.3046875
train,7493,95839.4140625,95789.96875
train,1226,82998.2734375,82827.4296875
train,4805,108902.8671875,108977.03125
train,2402,122638.8125,122657.7578125
train,8115,77597.5078125,77234.796875
train,3758,92282.4140625,92156.828125
train,8328,93395.5,93296.8046875
train,4828,71593.1953125,71171.78125
train,3171,76327.484375,75995.4296875
train,1034,77176.203125,76829.359375
train,5012,102555.828125,102500.1875
train,8077,90177.4375,90041.9453125
train,8702,80853.40625,80621.75
train,6548,78230.09375,77886.65625
train,2842,100542.53125,100440.4453125
train,1256,88742.4609375,88524.0625
train,3115,127298.5390625,127420.265625
train,4126,70551.21875,70097.6875
train,4184,95552.9765625,95414.6015625
train,2955,91547.734375,91509.0546875
train,8108,94191.0234375,94127.1171875
train,5394,85326.484375,85144.4453125
train,5294,85114.140625,84954.3359375
train,6041,80150.7578125,79827.21875
train,8732,98493.1328125,98439.046875
train,5876,120998.109375,121104.171875
train,5589,92364.2421875,92295.359375
train,1044,119147.953125,119166.4453125
train,7486,101470.2265625,101495.6875
train,7510,71317.296875,70885.90625
train,2773,78342.125,78033.0625
train,7182,77619.84375,77257.6015625
train,7330,97120.6484375,97086.90625
train,680,69486.7421875,69002.0234375
train,7395,85710.875,85519.7109375
train,472,67189.5234375,66716.25
train,1148,122232.0703125,122214.734375
train,4866,70225.1796875,69713.6328125
train,5506,95965.21875,95869.46875
train,4542,98965.5546875,98950.703125
train,2782,123295.1875,123346.6484375
train,3619,103284.4765625,103310.75
train,237,94310.4453125,94216.15625
train,8746,84828.3046875,84606.421875
train,2225,75182.5078125,74838.6171875
train,2729,96068.8828125,96026.7421875
train,4510,88667.859375,88533.890625
train,5498,115611.1953125,115552.3828125
train,7336,101828.8125,101770.3984375
train,8373,83974.03125,83794.6796875
train,654,80875.2734375,80589.5234375
train,5297,81885.6328125,81632.921875
train,2472,103126.6640625,103208.59375
train,7236,115808.296875,115846.125
train,499,69917.2734375,69469.5234375
train,7052,94729.109375,94618.3046875
train,1888,80947.9921875,80684.421875
train,8034,105250.015625,105341.1640625
train,2061,97047.75,97050.6875
train,6322,85801.7109375,85666.5390625
train,7381,100721.640625,100598.8203125
train,2385,73219.6796875,72886.421875
train,5683,105860.34375,105915.546875
train,1686,87508.7421875,87350.078125
train,5163,88624.4296875,88491.140625
train,7024,85528.9921875,85292.59375
train,7639,122612.5546875,122716.328125
train,6089,68341.390625,67822.1796875
train,6290,96724.0,96676.828125
train,6826,82655.3828125,82425.8515625
train,1265,72994.765625,72593.4609375
train,2705,130021.7734375,130160.625
train,670,97901.3125,97852.859375
train,6678,88333.3671875,88251.09375
train,4227,149495.140625,149675.34375
train,6965,107981.2734375,108043.984375
train,3748,127045.8828125,127125.9296875
train,8124,96256.640625,96174.3046875
train,6987,92121.265625,92014.109375
train,6550,103363.2421875,103448.59375
train,5226,133099.109375,133202.109375
train,5667,80087.96875,79813.421875
train,5540,80865.8046875,80515.9375
train,8416,83043.2890625,82832.0625
train,4497,88454.359375,88334.9765625
train,6508,102409.4921875,102419.8671875
train,1124,67574.3984375,67091.0234375
train,8685,100388.703125,100334.015625
train,3184,82288.3828125,82042.2265625
train,3526,102538.7109375,102504.125
train,3490,90076.4921875,89986.890625
train,2485,90542.078125,90419.2265625
train,4572,74558.625,74223.234375
train,1302,67045.4765625,66477.40625
train,2893,100419.4921875,100349.96875
train,5507,86833.0390625,86671.8671875
train,768,79663.8671875,79348.4375
train,4272,118645.828125,118717.890625
train,9,89044.703125,88917.0859375
train,1121,131317.625,131478.46875
train,3755,98265.09375,98176.2421875
train,874,74596.34375,74210.21875
train,3205,87502.5703125,87333.46875
train,4930,77446.578125,77113.0
train,1663,81550.453125,81340.296875
train,1472,83767.7265625,83577.765625
train,7415,72840.734375,72453.7109375
train,5508,116222.609375,116310.4453125
train,8365,115559.6484375,115594.90625
train,8576,104797.8203125,104878.1640625
train,2016,75457.421875,75092.890625
train,1001,76231.9609375,75879.359375
train,5233,94396.8984375,94368.96875
train,3516,88772.6640625,88603.1015625
train,8402,109891.25,109929.84375
train,5487,72589.640625,72177.1015625
train,4966,81927.421875,81707.0
train,1105,80040.921875,79766.515625
train,8236,119158.8359375,119240.2734375
train,5492,78048.5546875,77767.6640625
train,7385,105692.796875,105732.734375
train,7761,82453.2890625,82187.4140625
train,8537,106249.2421875,106368.8359375
train,3077,86233.7734375,86069.65625
train,1503,103372.625,103395.4765625
train,7233,97172.1171875,97111.46875
train,7040,129309.046875,129580.328125
train,2862,119634.078125,119642.1796875
train,1738,77622.3828125,77334.171875
train,8499,90495.9375,90410.4921875
train,6117,83647.390625,83488.71875
train,2917,86267.1484375,86076.9375
train,8122,106060.0078125,106054.3046875
train,2118,92389.9296875,92274.578125
train,3096,73485.4453125,73118.375
train,6700,97307.71875,97197.0546875
train,458,82934.3046875,82649.8828125
train,8251,100104.921875,100063.328125
train,8441,91084.9765625,90983.203125
train,8699,93350.4765625,93193.8984375
train,2995,110310.4765625,110257.578125
train,6410,95549.9765625,95422.7109375
train,2300,106079.7890625,106175.890625
train,7431,119033.890625,119103.7734375
train,3075,126909.8125,126959.78125
train,4360,73830.78125,73480.4140625
train,2613,114677.6328125,114790.4296875
train,7329,98003.671875,97949.8359375
train,3798,97533.4375,97463.6171875
train,377,77298.4921875,76965.296875
train,3199,81788.40625,81526.46875
train,1380,91648.6015625,91577.5625
train,1711,73648.53125,73274.4609375
train,3363,111860.828125,111827.0
train,5781,125120.75,125217.046875
train,6958,93483.34375,93403.1640625
train,7297,88051.4140625,87864.15625
train,6284,94294.0625,94135.09375
train,3043,100102.2421875,100008.3515625
train,5362,83872.5078125,83600.578125
train,1008,105827.140625,105857.71875
train,1714,104539.921875,104510.421875
train,5872,124256.5859375,124320.125
train,7469,108886.2578125,108940.625
train,29,98059.8125,97946.1328125
train,3010,112212.1328125,112282.2578125
train,5190,113257.4140625,113207.59375
train,6734,127666.34375,127890.34375
train,4959,76705.6796875,76397.140625
train,1519,70911.8359375,70468.90625
train,8372,93818.6640625,93651.9609375
train,992,75527.4296875,75176.5
train,1852,94537.1484375,94498.4609375
train,2051,82832.6875,82568.3515625
train,4717,89464.5234375,89372.78125
train,5469,96002.828125,95847.7265625
train,7771,104039.9609375,104102.5859375
train,3180,92283.296875,92209.8828125
train,1020,90589.828125,90487.734375
train,3356,119578.0625,119651.171875
train,8613,132123.96875,132200.5
train,4794,81299.6171875,81011.3671875
train,853,68238.046875,67777.3203125
train,7691,87054.53125,86863.0546875
train,2461,114081.5,114019.359375
train,75,89917.84375,89823.015625
train,8026,79049.859375,78781.953125
train,5942,89741.4140625,89656.9765625
train,7612,87957.125,87768.7421875
train,8582,110178.9296875,110195.3515625
train,59,109943.6953125,109999.1875
train,512,88077.59375,87870.2109375
train,4956,79168.2265625,78882.90625
train,2871,89328.015625,89288.4296875
train,5417,95265.609375,95238.09375
train,7215,126627.21875,126785.0
train,2309,113623.9140625,113650.625
train,911,134907.875,135009.140625
train,2884,87352.4140625,87190.0546875
train,7917,98305.3671875,98303.234375
train,3853,90171.375,90045.90625
train,4404,142674.3125,142832.625
train,2264,89308.6484375,89157.875
train,5600,84472.21875,84293.9453125
train,3153,102447.265625,102482.328125
train,6202,77135.5546875,76782.6796875
train,6255,99452.546875,99435.8203125
train,408,93311.4296875,93191.21875
train,5064,73723.1328125,73365.25
train,1694,67251.7578125,66746.140625
train,4541,72455.140625,72066.9609375
train,6537,75645.1875,75305.6796875
train,7790,100977.90625,100950.4375
train,8480,140090.359375,140238.125
train,2487,78592.75,78308.484375
train,3539,90231.6484375,90165.6796875
train,4606,98261.8984375,98156.390625
train,6670,77923.0234375,77567.953125
train,8080,138020.234375,138127.515625
train,3981,89050.5546875,88948.375
train,5705,91803.0703125,91700.7734375
train,4816,114745.796875,114834.2265625
train,593,83952.09375,83753.265625
train,6017,100229.3125,100215.5546875
train,3339,118892.984375,118994.515625
train,1514,103173.9765625,103239.3671875
train,2338,121067.6015625,121127.78125
train,4203,74657.5234375,74341.078125
train,7532,109352.34375,109372.8203125
train,5085,112849.4921875,112856.65625
train,1518,82268.3046875,81974.2265625
train,2932,86933.5546875,86762.046875
train,639,101168.1328125,101164.21875
train,8666,93925.1640625,93733.5390625
train,7555,99785.75,99744.7421875
train,8737,120912.5625,121007.03125
train,4790,103186.15625,103270.6953125
train,1118,75100.8515625,74739.9375
train,3792,105432.140625,105510.734375
train,3789,108603.9140625,108650.0625
train,8406,120930.6171875,121034.3046875
train,4954,66779.734375,66300.484375
train,2311,99098.0234375,98980.0390625
train,8399,96305.5859375,96233.515625
train,4632,95591.140625,95504.1328125
train,7616,92336.7265625,92318.1875
train,8640,81562.3984375,81293.625
train,7418,69113.2734375,68604.875
train,8130,110230.84375,110290.1171875
train,4875,95293.671875,95222.96875
train,8491,86860.1796875,86719.421875
train,825,93523.6484375,93379.953125
train,6544,92638.5390625,92606.9296875
train,6549,82356.1015625,82070.09375
train,8718,71645.2421875,71142.0
train,5755,96699.234375,96669.3046875
train,7787,77302.859375,77019.4765625
train,7711,98097.6796875,98010.140625
train,6801,116716.9296875,116723.3828125
train,3386,92069.7734375,91912.4609375
train,7631,136703.296875,136828.21875
train,5541,113575.875,113620.390625
train,5206,101370.0078125,101239.234375
train,7190,97180.5625,97115.9921875
train,7743,122335.9453125,122379.328125
train,1392,81797.765625,81531.953125
train,1862,84076.1015625,83911.3046875
train,1070,119783.625,119805.78125
train,7961,120931.109375,121071.6875
train,538,104374.6015625,104450.2109375
train,3795,71211.484375,70747.625
train,5856,93387.890625,93294.34375
train,8756,73210.4375,72862.5703125
train,3109,79809.3515625,79586.15625
train,7086,80252.609375,79882.359375
train,1704,78966.8984375,78657.234375
train,3493,101426.3359375,101419.3125
train,4567,99732.3125,99651.96875
train,2031,103632.8515625,103680.03125
train,2674,93424.1171875,93311.0546875
train,2005,88082.6875,87885.9140625
train,5671,103701.0546875,103819.03125
train,2132,104632.8046875,104710.484375
train,5934,143162.328125,143309.078125
train,3712,105028.9765625,105079.3515625
train,6238,66660.578125,66130.78125
train,5525,80964.7734375,80699.0078125
train,5815,131987.6875,132079.921875
train,6262,95321.078125,95254.21875
train,2365,80376.8359375,80140.9296875
train,7710,115003.03125,115055.5703125
train,255,97245.40625,97175.0625
train,188,98561.125,98464.734375
train,8494,80927.25,80634.9609375
train,1196,107099.4765625,107154.7109375
train,8247,84980.921875,84855.03125
train,1475,104537.625,104561.7265625
train,6997,130305.7734375,130457.125
train,7987,70489.6171875,70128.578125
train,2985,91400.3125,91020.7578125
train,3323,111612.0546875,111697.953125
train,1525,85834.28125,85651.8984375
train,3250,71510.265625,71127.3359375
train,3380,86373.6953125,86166.546875
train,625,83237.8828125,82937.4609375
train,1147,102068.046875,102038.9140625
train,5699,90957.7578125,90891.2734375
train,6444,122811.2109375,122878.640625
train,8213,84537.890625,84391.6875
train,2882,96309.9609375,96276.5078125
train,7481,114717.8203125,114748.0859375
train,614,121787.2421875,121915.3984375
train,6967,96393.703125,96379.796875
train,523,77651.40625,77268.0
train,2244,100928.2734375,100860.03125
train,4290,96409.2578125,96373.203125
train,5795,89986.2890625,89896.2890625
train,5993,72477.8046875,71952.109375
train,800,68465.6796875,67982.96875
train,7410,88641.953125,88457.171875
train,5089,95333.15625,95305.8828125
train,5948,78466.6953125,78175.65625
train,5524,101936.328125,101840.7265625
train,1443,83787.28125,83573.7890625
train,396,72481.921875,72123.15625
train,2139,88140.609375,87968.9921875
train,3838,143243.28125,143370.25
train,7376,83237.171875,82989.6640625
train,3556,98295.9375,98288.5
train,6351,148625.25,148776.65625
train,8434,103379.234375,103336.40625
train,5388,97960.953125,97907.9296875
train,8029,103269.90625,103291.5625
train,3204,68871.8671875,68384.78125
train,4598,81775.046875,81532.5234375
train,5457,97788.515625,97717.296875
train,2644,84365.21875,84138.7734375
train,4973,95833.359375,95761.0625
train,498,84088.2421875,83920.703125
train,257,67365.6796875,66903.9296875
train,6248,122074.921875,122131.4296875
train,1232,90611.453125,90534.03125
train,1685,81274.1875,81047.3515625
train,6656,88903.3515625,88742.515625
train,1712,101926.609375,101888.0546875
train,461,104871.703125,104899.3203125
train,7941,81573.1953125,81334.59375
train,7235,111374.078125,111458.2578125
train,8459,83524.3203125,83252.6171875
train,7496,92492.5703125,92372.796875
train,2463,86271.6796875,86132.90625
train,5636,95540.9453125,95481.359375
train,5214,108720.4609375,108756.5546875
train,4972,111458.4453125,111441.09375
train,7500,89104.109375,88936.6171875
train,4281,121830.28125,121884.265625
train,7289,95812.3359375,95670.8828125
train,267,91452.875,91413.71875
train,7706,86712.2265625,86481.546875
train,5548,94952.2578125,94932.7890625
train,6060,72906.53125,72467.171875
train,1323,84585.4609375,84392.9921875
train,1691,96507.875,96398.8046875
train,2086,75845.9296875,75495.421875
train,4938,127959.140625,128080.328125
train,7653,87457.9140625,87270.25
train,1431,80806.015625,80530.6328125
train,7402,128778.40625,128902.984375
train,7370,92552.828125,92425.8828125
train,3166,107224.765625,107305.7265625
train,7944,91031.1875,90954.109375
train,8503,88850.7265625,88718.078125
train,892,81902.8828125,81640.2109375
train,2527,115845.6640625,115871.859375
train,7983,88112.375,87982.28125
train,3039,99695.3828125,99682.09375
train,1702,75219.796875,74881.6484375
train,1785,117511.828125,117559.9140625
train,7502,78630.65625,78316.796875
train,8218,110033.0234375,110096.765625
train,4688,92357.3671875,92293.5078125
train,594,73058.1953125,72647.96875
train,3394,73296.5078125,72865.9453125
train,4621,102249.359375,102268.109375
train,6431,88680.0,88577.109375
train,7354,105120.2109375,105191.421875
train,7380,141345.21875,141465.640625
train,2566,97267.9609375,97076.4921875
train,4666,129205.390625,129313.515625
train,1666,93346.4609375,93251.171875
train,1362,73246.953125,72906.8359375
train,655,100029.078125,99924.234375
train,5765,118363.84375,118480.09375
train,4369,100495.1875,100501.3203125
train,6334,71904.4296875,71475.96875
train,6125,97709.1796875,97631.9609375
train,7146,75009.7890625,74641.5
train,6715,82892.265625,82654.4296875
train,7346,81128.875,80939.328125
train,7712,100033.8984375,100031.6015625
train,3763,82068.59375,81834.09375
train,4419,66256.8671875,65751.4453125
train,5664,112468.4765625,112485.3359375
train,8546,103393.3671875,103400.2578125
train,4926,71685.2734375,71255.859375
train,2602,81556.8515625,81270.4765625
train,2517,81396.1015625,81136.71875
train,6522,91172.0546875,91027.9140625
train,1107,97727.4296875,97751.6796875
train,2690,83711.2109375,83522.8203125
train,5865,73327.0078125,72914.421875
train,615,74193.7421875,73830.84375
train,5332,96689.2734375,96580.921875
train,4947,110473.8671875,110483.96875
train,4179,145979.6875,146170.890625
train,5679,78831.921875,78512.7109375
train,7175,79670.9921875,79431.28125
train,6838,86079.7890625,85917.0859375
train,3315,88273.21875,88141.9921875
train,4146,121713.15625,121727.21875
train,4868,93742.390625,93599.8359375
train,4253,129426.03125,129540.40625
train,1357,82942.1171875,82686.5703125
train,6211,90772.96875,90659.9765625
train,7096,116093.0,116151.265625
train,1307,100415.0703125,100332.2109375
train,5371,85488.2578125,85341.7109375
train,444,87820.71875,87598.96875
train,2885,69148.015625,68714.140625
train,1231,69047.375,68671.515625
train,5733,88104.96875,87921.2890625
train,7684,94762.1640625,94663.703125
train,6919,77495.1953125,77147.9609375
train,2745,70770.6640625,70307.9375
train,4536,109886.5,109920.53125
train,8006,88122.3046875,87955.7890625
train,343,118796.0390625,118873.609375
train,45,88806.5859375,88698.4609375
train,786,111304.546875,111271.984375
train,3005,82932.265625,82645.421875
train,3243,88244.625,88055.875
train,7308,82234.3515625,82024.0234375
train,8321,89911.640625,89848.3671875
train,5880,98471.0625,98409.8984375
train,536,93821.8046875,93742.25
train,7078,85900.65625,85709.0
train,1515,88590.9140625,88370.65625
train,6908,91809.7109375,91725.921875
train,516,100965.203125,100882.421875
train,3021,72942.03125,72499.15625
train,4417,88980.3046875,88830.03125
train,6239,94818.09375,94740.3984375
train,6984,113420.390625,113502.9453125
train,7687,84661.71875,84425.8671875
train,5057,96237.859375,96172.1875
train,8668,89521.953125,89371.3125
train,8036,116239.7734375,116285.6796875
train,788,90481.640625,90376.171875
train,804,68378.609375,67851.96875
train,1461,73786.1796875,73392.8359375
train,1725,79048.4453125,78751.640625
train,7838,81785.0703125,81542.234375
train,4005,116385.5234375,116437.71875
train,6995,86918.171875,86724.609375
train,2368,98030.2265625,97980.7265625
train,8201,90433.25,90399.140625
train,3930,115670.6640625,115746.671875
train,3940,87362.765625,87242.546875
train,3332,68519.96875,68039.4375
train,5242,70825.859375,70386.1953125
train,6977,78713.78125,78431.796875
train,5031,91747.1875,91594.03125
train,5238,93453.1484375,93299.7109375
train,7389,79918.03125,79636.1640625
train,8134,91358.9140625,91291.734375
train,8266,101460.53125,101410.25
train,132,112209.84375,112171.4453125
train,915,94069.7109375,93974.0
train,4029,81915.3203125,81698.203125
train,1542,84299.3359375,84067.1484375
train,7444,92473.078125,92490.03125
train,1777,112122.5625,112181.28125
train,4076,81244.40625,80840.015625
train,3360,88497.3671875,88335.5703125
train,5943,79960.9921875,79671.96875
train,4602,124276.2265625,124360.140625
train,5579,96794.2890625,96712.4375
train,2624,86356.75,86181.8203125
train,3173,116801.40625,116874.25
train,2262,118938.15625,119030.0234375
train,6811,91951.140625,91852.421875
train,6880,120671.671875,120767.640625
train,4718,111625.234375,111715.0078125
train,5713,66699.7734375,66111.171875
train,4798,94352.25,94237.2734375
train,6408,113203.09375,113255.5859375
train,1701,109809.890625,109827.3828125
train,220,119368.2578125,119446.1484375
train,1215,86552.9140625,86314.4453125
train,7870,112023.296875,111985.890625
train,3729,111976.21875,111971.375
train,8524,88864.0390625,88727.2578125
train,7668,90244.4921875,90186.4375
train,3245,70164.6171875,69726.8046875
train,1030,88838.90625,88723.65625
train,1880,85340.125,85129.7265625
train,3582,86197.9296875,85935.5546875
train,5410,102671.0546875,102689.5546875
train,3707,79715.265625,79480.6484375
train,4690,103247.515625,103327.375
train,4845,114602.6171875,114641.1953125
train,5586,114117.109375,114187.046875
train,6794,119136.4453125,119156.546875
train,1743,69025.1171875,68592.5234375
train,1799,81942.0546875,81722.3828125
train,2301,74063.828125,73692.328125
train,2930,115122.2265625,115242.046875
train,3224,82372.9453125,82131.6953125
train,1557,103514.5625,103560.9921875
train,6641,66343.2265625,65845.2421875
train,5666,75076.296875,74688.515625
train,7461,77360.34375,76995.8203125
train,3073,101362.6953125,101304.1015625
train,6073,76053.0390625,75742.96875
train,2853,92964.3828125,92859.9453125
train,6324,77985.671875,77737.2421875
train,3106,101512.140625,101452.0078125
train,3259,90980.625,90809.109375
train,7127,108263.7109375,108329.1640625
train,7951,85290.0390625,85073.6171875
train,7439,85016.40625,84804.8671875
train,5248,92695.0703125,92620.109375
train,264,69221.875,68798.203125
train,2100,76132.4765625,75784.03125
train,6911,114458.546875,114476.875
train,4859,106102.6484375,106198.25
train,3284,98273.46875,98178.2265625
train,8103,83736.1328125,83485.6328125
train,2417,88107.8671875,88013.078125
train,4625,93198.640625,93056.0
train,463,91681.1953125,91544.140625
train,4545,91299.0,91257.8671875
train,1342,91195.5859375,91097.2890625
train,2480,74767.0703125,74393.1015625
train,3814,93156.3046875,93045.1015625
train,421,82555.28125,82391.78125
train,1027,104192.265625,104283.25
train,6029,89554.75,89492.890625
train,7968,99670.2421875,99574.25
train,5857,93072.8515625,93002.640625
train,8555,117667.265625,117719.953125
train,6467,84380.0546875,84091.8125
train,7690,80874.8515625,80601.703125
train,8195,86610.984375,86448.78125
train,7334,70671.171875,70236.5390625
train,6862,83137.78125,82900.140625
train,7274,92045.6640625,91898.546875
train,6695,115440.890625,115518.984375
train,4215,115686.5234375,115804.2265625
train,4377,79618.640625,79394.0
train,1877,82813.671875,82626.90625
train,5545,73526.859375,73147.65625
train,6955,88246.9375,88146.03125
train,1445,84371.984375,84188.859375
train,5075,83339.7109375,83180.953125
train,4151,79565.7265625,79188.1171875
train,7809,71062.0390625,70587.984375
train,7929,81294.4453125,80965.7734375
train,15,88877.0703125,88713.1328125
train,6341,77690.6328125,77444.078125
train,4,97310.5,97280.1875
train,114,102823.625,102792.3828125
train,2238,72556.359375,72162.7421875
train,6685,129071.046875,129176.8515625
train,3924,80251.203125,79964.59375
train,3132,115378.765625,115387.1171875
train,6634,75011.6171875,74658.2421875
train,2531,81261.6015625,81036.3984375
train,4164,77108.5859375,76745.1796875
train,2721,100388.234375,100252.921875
train,6344,72489.2734375,72047.828125
train,2976,80120.46875,79873.3203125
train,3671,87970.0625,87855.4296875
train,8066,95084.171875,95044.8125
train,4489,101241.8984375,101183.7109375
train,5617,84645.265625,84502.6171875
train,1449,64837.65625,64284.9453125
train,3041,114654.578125,114712.0
train,8159,92963.9609375,92870.109375
train,7529,127748.9453125,127963.5390625
train,3342,91940.734375,91828.640625
train,3126,84738.3671875,84514.8359375
train,8696,73202.4296875,72789.703125
train,6490,85426.4453125,85249.3203125
train,2486,83141.984375,82935.8984375
train,3086,103373.0546875,103416.6328125
train,7179,99191.40625,99111.390625
train,5222,82766.8125,82441.90625
train,1967,98787.1796875,98774.4140625
train,5454,77368.2265625,76968.0625
train,1297,133091.046875,133175.3125
train,6356,90181.5859375,89984.9921875
train,5023,94319.765625,94235.015625
train,1088,93357.7734375,93308.8125
train,7269,69121.15625,68690.0
train,7498,112467.515625,112582.0859375
train,2029,80278.875,80112.984375
train,7205,118840.96875,118790.765625
train,7757,100693.7890625,100648.5546875
train,78,82175.328125,81961.390625
train,2181,117546.9765625,117544.875
train,7861,92797.421875,92590.234375
train,3203,83350.1484375,83106.8359375
train,4394,121207.3046875,121308.46875
train,3065,74565.5703125,74224.828125
train,7725,96485.5078125,96411.1640625
train,3805,80755.8984375,80456.875
train,5974,100782.1953125,100762.1328125
train,2945,79157.5703125,78846.4140625
train,821,85883.4375,85715.7265625
train,412,102633.1640625,102644.6953125
train,5339,96469.953125,96337.9453125
train,2382,111416.515625,111449.125
train,937,81252.609375,80999.2578125
train,3016,109264.625,109328.953125
train,5041,95631.4921875,95572.28125
train,4503,78265.5625,77940.2421875
train,3856,84410.59375,84202.3984375
train,8424,89835.609375,89716.7578125
train,5052,82094.140625,81839.0390625
train,4207,114712.4375,114787.8671875
train,4406,72725.8671875,72292.859375
train,1190,73424.5703125,73000.3515625
train,4212,100556.625,100517.1015625
train,8463,95807.375,95727.078125
train,5869,84892.3984375,84722.8046875
train,5791,88626.703125,88493.578125
train,7366,142915.609375,143046.703125
train,4346,134712.859375,134802.53125
train,8278,104096.34375,104123.515625
train,706,93358.875,93266.71875
train,6807,65630.125,65162.265625
train,7232,112079.09375,112079.84375
train,8717,82493.4921875,82354.2421875
train,5425,79358.4453125,79018.578125
train,4876,96695.9296875,96646.1328125
train,439,88224.7265625,88082.828125
train,3719,110805.5703125,110849.578125
train,2339,70559.625,70150.34375
train,7967,123057.96875,123117.609375
train,2261,99680.84375,99673.4453125
train,8265,68098.625,67615.6015625
train,481,97184.40625,97130.71875
train,3604,106421.421875,106473.75
train,8235,91272.1640625,91187.3671875
train,5994,82955.0703125,82641.84375
train,6377,93377.953125,93181.3515625
train,2766,106962.3671875,107017.1875
train,8510,97238.7109375,97201.8125
train,3784,99696.953125,99704.609375
train,1643,76817.046875,76470.234375
train,1113,81330.2421875,81127.921875
train,1469,97160.09375,97074.234375
train,3112,70672.03125,70257.453125
train,1428,93129.6171875,93014.59375
train,4435,114856.640625,114924.09375
train,8456,87799.15625,87639.71875
train,7204,97825.5859375,97754.6171875
train,465,88940.8671875,88791.734375
train,6496,86179.6171875,85957.5625
train,1460,102365.328125,102394.6875
train,632,65339.109375,64790.171875
train,5895,104216.6875,104244.3515625
train,5641,106143.8515625,106187.109375
train,2337,85704.9921875,85500.0703125
train,994,99884.265625,99828.875
train,1067,79610.7890625,79283.59375
train,2408,88892.6328125,88769.390625
train,6109,79914.171875,79630.359375
train,1957,100245.7421875,100171.265625
train,6064,105188.203125,105330.53125
train,3979,99136.5546875,99031.0703125
train,5102,83329.453125,83081.0234375
train,1304,86375.9375,86216.3828125
train,312,74008.9765625,73681.4765625
train,3235,105041.3515625,105074.71875
train,3552,97637.3046875,97614.5078125
train,3013,84871.0625,84696.2109375
train,8624,84765.6796875,84536.2734375
train,4136,68471.3046875,68014.984375
train,5764,121623.2265625,121671.765625
train,8224,106183.5078125,106260.0
train,6988,114897.953125,114936.828125
train,2679,86426.0625,86247.6171875
train,5556,91144.9609375,91056.1875
train,1335,84928.3046875,84673.265625
train,2515,77537.5859375,77194.578125
train,3268,99371.6171875,99339.1484375
train,8751,89290.578125,89309.8046875
train,3665,108915.1328125,109007.90625
train,4579,80453.5234375,80174.2421875
train,8028,68243.3984375,67717.359375
train,4976,124779.78125,124857.4921875
train,5105,130303.0234375,130374.546875
train,787,113189.9375,113269.1015625
train,7139,108577.203125,108625.3125
train,5798,101163.765625,101116.25
train,4267,100872.296875,100876.734375
train,1942,104492.9765625,104545.84375
train,4856,95992.9921875,95881.140625
train,5834,83254.2734375,83023.53125
train,7121,97090.7890625,96982.171875
train,7984,80260.0625,79953.296875
train,7129,97767.2265625,97654.171875
train,7057,74783.0859375,74400.1640625
train,3288,102860.5078125,102902.984375
train,3995,115973.9453125,115953.171875
train,8158,109475.0,109503.046875
train,2234,93811.1875,93689.4140625
train,7914,83364.125,83099.5234375
train,3734,83499.4921875,83303.640625
train,8339,104182.859375,104225.09375
train,5711,68850.21875,68313.046875
train,4857,115234.375,115331.203125
train,6612,81219.890625,80947.8203125
train,12,68489.765625,68010.8125
train,177,116863.390625,116952.1171875
train,6971,95512.984375,95468.609375
train,3680,78956.609375,78697.6953125
train,8299,126498.3125,126574.640625
train,3319,129648.078125,129726.6640625
train,4829,69833.4765625,69340.8515625
train,4931,75715.8125,75318.6328125
train,175,129893.75,130027.171875
train,5372,97943.625,97892.375
train,7240,75832.09375,75491.75
train,8256,101785.5390625,101727.1875
train,4530,75339.5,74957.484375
train,2232,79956.84375,79640.3046875
train,5048,120559.1328125,120625.5234375
train,5759,98289.109375,98262.4140625
train,5432,68542.1875,68019.5859375
train,137,130042.5390625,130127.390625
train,637,112751.3515625,112762.1796875
train,6438,134382.359375,134494.65625
train,6367,71891.0390625,71505.9375
train,5117,88187.546875,88007.9609375
train,6137,131528.25,131788.71875
train,5526,114273.578125,114203.1640625
train,2532,81789.40625,81511.546875
train,1065,127828.3359375,127911.890625
train,8641,69180.078125,68694.9375
train,5296,90645.765625,90463.1796875
train,8128,104494.21875,104598.109375
train,8025,79283.5078125,78976.0390625
train,2406,99298.7421875,99299.5234375
train,7713,88581.3046875,88425.40625
train,8152,87966.1484375,87805.625
train,6235,84324.65625,84142.8828125
train,2193,93144.765625,93064.8984375
train,3887,129889.796875,129960.6875
train,5921,92896.328125,92795.5859375
train,5309,114095.65625,114146.0
train,3850,79989.296875,79627.1796875
train,6257,104031.921875,104034.625
train,6154,72898.1953125,72538.2890625
train,2786,119383.2890625,119449.28125
train,7693,110024.296875,110042.96875
train,7892,92383.375,92302.65625
train,3868,91560.3515625,91461.6875
train,1353,77297.1015625,76979.1875
train,1477,85578.6484375,85406.890625
train,1866,95863.34375,95833.4609375
train,5965,68455.375,67958.234375
train,510,97912.890625,97855.9296875
train,1746,81938.46875,81663.1640625
train,7326,75623.8515625,75249.2109375
train,5109,75817.9296875,75496.6875
train,1935,125060.8046875,125130.7109375
train,8082,79490.609375,79159.875
train,6445,102929.90625,102924.890625
train,6311,76153.453125,75798.09375
train,5984,93592.640625,93527.0078125
train,1379,111302.2265625,111331.125
train,7592,83188.0546875,83000.828125
train,3521,111086.390625,111104.4296875
train,480,111682.484375,111722.25
train,6206,77110.0625,76728.6796875
train,5367,92640.046875,92581.40625
train,5474,88393.1484375,88276.9296875
train,3829,98401.0625,98306.7421875
train,7379,116195.2734375,116322.7109375
train,7322,86925.8203125,86760.953125
train,2789,77673.046875,77414.1875
train,8729,70728.0,70224.328125
train,7610,114289.3515625,114290.671875
train,8585,111982.796875,111966.890625
train,5871,69003.25,68598.671875
train,4746,93794.3515625,93686.796875
train,7136,82698.484375,82419.046875
train,1618,86699.59375,86535.515625
train,7155,98555.953125,98488.140625
train,5111,108715.15625,108704.75
train,8626,99891.125,99780.75
train,6022,71824.1484375,71403.5
train,6006,70826.3515625,70441.765625
train,2145,88021.6953125,87933.0
train,5808,110048.71875,110101.03125
train,2242,80033.0390625,79753.984375
train,4326,88275.796875,88105.828125
train,772,81651.2265625,81414.1875
train,4173,103225.84375,103342.1015625
train,7965,72932.578125,72555.03125
train,1664,99263.8984375,99204.1328125
train,991,82785.7578125,82503.140625
train,732,68039.1796875,67483.96875
train,3686,125101.40625,125162.9921875
train,2755,114121.015625,114248.71875
train,3675,86105.1171875,85881.125
train,3617,75706.8359375,75337.21875
train,8470,95728.234375,95619.8203125
train,4575,71750.359375,71298.6484375
train,2251,94473.90625,94328.5859375
train,7394,127202.171875,127242.7578125
train,5800,107143.265625,107170.2109375
train,5745,89034.375,88932.71875
train,4520,86550.3046875,86397.7890625
train,575,91266.453125,91213.46875
train,3824,71589.59375,71228.984375
train,8286,93981.984375,93897.3046875
train,2692,90242.9921875,90073.4609375
train,919,81426.0078125,81179.546875
train,6567,77623.8046875,77273.1484375
train,2744,108479.34375,108489.1953125
train,1045,145361.1875,145470.375
train,8273,111526.578125,111637.453125
train,8489,89888.0,89739.3046875
train,215,99467.34375,99393.046875
train,4327,82508.4375,82283.921875
train,511,76019.5390625,75722.9375
train,3286,81014.03125,80702.8046875
train,799,86737.0625,86575.7734375
train,723,86082.84375,85934.2109375
train,3943,67514.0703125,67006.296875
train,8412,100798.2890625,100766.9609375
train,6845,116963.8671875,117048.78125
train,7753,84411.8359375,84243.015625
train,7167,91151.125,91013.609375
train,7011,105927.8125,105964.125
train,4988,126919.375,127018.375
train,5462,83100.8359375,82831.96875
train,5220,93656.015625,93450.0
train,7715,81648.09375,81442.296875
train,5227,79710.3125,79390.6953125
train,4405,130454.6953125,130558.40625
train,6850,88493.2734375,88349.9453125
train,3513,94050.1171875,93968.8046875
train,1327,84811.046875,84625.6171875
train,1572,80209.828125,79949.671875
train,203,85924.046875,85814.8125
train,859,123419.8671875,123481.96875
train,8516,80536.328125,80305.2109375
train,5771,76531.5234375,76243.90625
train,8501,83373.96875,83159.78125
train,4354,70963.5703125,70601.65625
train,6025,69456.265625,68958.8125
train,8222,78031.328125,77751.78125
train,7472,71485.703125,71016.984375
train,5882,115619.4140625,115650.890625
train,1993,93721.734375,93574.6171875
train,2511,105104.3359375,105144.8125
train,8298,107283.5625,107421.375
train,4550,92398.8359375,92268.875
train,7180,84322.5078125,84063.6484375
train,4765,73619.8515625,73155.578125
train,5550,92311.6875,92221.140625
train,4844,70411.0703125,69943.2734375
train,2509,90321.2265625,90242.5859375
train,1906,98289.1484375,98241.984375
train,8592,134981.453125,135084.8125
train,6946,82847.6640625,82665.59375
train,4981,88052.9609375,87911.4921875
train,1026,88025.734375,87844.9453125
train,3883,79558.0234375,79227.8125
train,7774,86524.3515625,86354.6953125
train,8591,126906.2734375,126996.734375
train,7893,75129.671875,74775.3515625
train,5014,113628.21875,113706.546875
train,2548,127713.96875,127782.625
train,1415,110441.4765625,110577.8515625
train,4499,106757.8671875,106868.875
train,4909,84874.296875,84775.390625
train,8126,76397.609375,76085.7734375
train,4468,102076.3203125,102071.3046875
train,1842,89377.75,89312.9140625
train,138,83160.515625,82940.6171875
train,5245,85545.890625,85276.515625
train,1143,92730.8125,92686.234375
train,2615,75597.234375,75235.3125
train,572,87781.6015625,87596.40625
train,7358,112082.2421875,112107.3203125
train,7619,90283.0234375,90086.2109375
train,1589,114113.4609375,114126.4609375
train,5234,78586.203125,78270.90625
train,2307,81457.4609375,81215.1328125
train,3068,113735.8515625,113651.453125
train,8506,94387.125,94251.8671875
train,7462,88990.3515625,88829.734375
train,601,68922.59375,68502.15625
train,4561,106450.640625,106431.0625
train,373,97630.0234375,97578.0703125
train,5205,70956.3046875,70474.3828125
train,8347,71691.484375,71252.84375
train,2519,93618.8046875,93528.6640625
train,4292,89203.8984375,89073.3125
train,7574,73025.28125,72581.71875
train,5380,89245.8125,89104.734375
train,6268,113713.3203125,113762.8203125
train,4316,78246.4609375,77914.234375
train,4325,124207.6484375,124429.7890625
train,5944,92659.0078125,92590.9609375
train,8288,95085.59375,95034.734375
train,4811,118579.1484375,118640.875
train,4806,74377.9375,73959.03125
train,527,87492.7734375,87340.9921875
train,4032,94895.0625,94716.21875
train,8386,85329.6328125,85143.1640625
train,1679,83367.671875,83125.765625
train,5607,106268.90625,106337.046875
train,5512,95001.8984375,94878.109375
train,1390,82080.2578125,81827.71875
train,6625,127147.5390625,127235.0390625
train,2537,92822.171875,92733.703125
train,7657,94302.28125,94213.3515625
train,6713,83837.78125,83578.1484375
train,8730,125437.0390625,125476.0625
train,2620,89800.6015625,89644.8984375
train,6728,124786.796875,124861.859375
train,18,101464.5703125,101426.3671875
train,6737,82759.8984375,82561.1171875
train,607,110077.796875,110147.96875
train,7192,86354.109375,86176.7109375
train,5383,94583.078125,94508.4765625
train,6042,97201.3984375,97083.15625
train,3275,92849.8359375,92782.6875
train,2389,64798.109375,64243.1796875
train,4770,96405.6953125,96337.2265625
train,3081,95900.546875,95806.046875
train,4492,99995.5546875,99875.5078125
train,3832,114480.03125,114583.7421875
train,4205,87659.875,87527.796875
train,7881,97679.6171875,97612.6640625
train,3764,64326.5625,63790.08203125
train,4125,80005.40625,79706.109375
train,28,80101.3203125,79755.0859375
train,4046,76961.359375,76610.625
train,5401,85146.3828125,84938.4921875
train,5836,96287.6953125,96237.328125
train,6267,85636.2734375,85425.8828125
train,2524,72266.71875,71852.078125
train,5156,83115.1328125,82735.84375
train,7521,105128.53125,105175.6796875
train,6973,111707.9765625,111835.21875
train,6771,71585.828125,71103.8828125
train,1860,81826.640625,81554.96875
train,1467,87488.65625,87360.9765625
train,2820,111930.984375,111966.484375
train,3897,68391.515625,67933.890625
train,1073,90576.8359375,90404.5
train,8561,104753.9921875,104823.03125
train,230,82494.4921875,82174.90625
train,5223,97111.4140625,97025.359375
train,549,95854.8359375,95829.0390625
train,347,85147.0859375,84920.78125
train,8319,97878.15625,97807.2578125
train,6274,88971.6953125,88864.8359375
train,3033,100970.59375,100842.953125
train,1749,72541.1171875,72128.0546875
train,7081,87402.40625,87187.1875
train,1617,76604.4140625,76237.890625
train,6620,81599.796875,81363.1640625
train,5179,89058.421875,88946.109375
train,6823,106599.984375,106672.140625
train,1798,76172.609375,75886.5078125
train,5590,84259.3515625,83992.0
train,6874,88148.375,87947.0390625
train,2171,117558.90625,117653.140625
train,3102,98574.3203125,98509.25
train,918,112570.78125,112642.5
train,8110,94033.3359375,93948.5234375
train,8477,155981.265625,156190.5
train,4650,77727.9296875,77382.7890625
train,2543,97420.9140625,97325.875
train,6382,98179.2265625,98065.1640625
train,7873,79043.2734375,78740.1328125
train,415,98718.6171875,98645.421875
train,5054,67277.421875,66825.0
train,4418,81355.3046875,81111.3515625
train,2555,137111.234375,137376.140625
train,4766,142070.828125,142190.171875
train,4421,90564.5859375,90405.9296875
train,4495,102435.484375,102465.84375
train,5829,79736.453125,79411.0859375
train,2975,73430.7109375,73039.40625
train,5237,102346.609375,102327.5078125
train,6767,110277.046875,110413.0859375
train,2595,109480.8125,109491.6953125
train,5563,75301.5078125,74958.796875
train,8484,88216.46875,88098.3828125
train,1966,82035.59375,81821.5
train,1338,87701.2578125,87518.2265625
train,479,79842.421875,79608.1484375
train,342,82853.25,82647.375
train,6743,97330.3671875,97214.7734375
train,6247,92149.859375,92083.0859375
train,6546,81917.28125,81643.4375
train,7692,87373.15625,87137.8984375
train,7314,93696.4296875,93610.609375
train,8678,108870.4453125,108948.96875
train,7023,95450.9609375,95347.640625
train,6595,83555.2890625,83358.625
train,8533,69520.265625,69060.1328125
train,8325,88730.3203125,88612.140625
train,4266,76990.1015625,76642.5703125
train,67,92113.8984375,92017.4140625
train,3223,82828.40625,82584.4765625
train,125,85218.5546875,85046.4375
train,22,109533.171875,109499.5859375
train,2915,104418.9921875,104445.7421875
train,5110,125922.1015625,126081.796875
train,4409,101383.1171875,101332.8828125
train,5202,119718.484375,119777.8828125
train,6558,86216.2109375,85979.8125
train,4546,87193.046875,87072.0234375
train,6875,82326.8984375,82048.9453125
train,2816,77082.734375,76834.828125
train,1101,104723.1953125,104796.6796875
train,3860,79135.796875,78817.6328125
train,3702,98540.8671875,98492.8828125
train,6187,109120.578125,109135.7109375
train,6217,91474.9609375,91404.53125
train,1757,102011.5,101928.34375
train,1924,89264.8125,89196.2734375
train,1373,88484.3203125,88422.3984375
train,691,110838.609375,110962.296875
train,8550,94834.1796875,94744.3828125
train,839,110888.296875,110900.7890625
train,2925,71538.265625,71042.28125
train,7449,91604.203125,91491.3671875
train,1004,65476.0546875,65010.5390625
train,5058,84016.46875,83809.703125
train,225,99662.203125,99608.34375
train,7061,84832.515625,84618.4375
train,6376,97509.6953125,97452.390625
train,7488,75672.421875,75366.53125
train,3818,100147.578125,100055.3671875
train,5985,78285.4296875,77967.6796875
train,5570,115227.0546875,115271.9140625
train,3422,104728.8515625,104690.890625
train,902,89272.7421875,89151.9609375
train,431,124669.2265625,124793.015625
train,8024,68183.6171875,67739.828125
train,7949,83173.5078125,82921.421875
train,747,98108.4140625,98053.953125
train,1520,92736.6171875,92672.90625
train,6269,90947.2421875,90816.546875
train,3201,70078.8125,69620.7890625
train,8354,70567.8359375,70173.0546875
train,4243,71815.5234375,71440.546875
train,873,112803.046875,112843.703125
train,8407,79237.828125,78996.2109375
train,7671,119065.3515625,119140.703125
train,93,130365.1328125,130562.0703125
train,284,95544.40625,95493.890625
train,6134,71448.1953125,71030.8125
train,6817,93516.4921875,93372.171875
train,3274,110788.703125,110828.953125
train,6106,81260.125,80999.1640625
train,357,96877.984375,96757.9140625
train,993,77769.8515625,77487.5390625
train,1348,76072.625,75626.25
train,1825,82470.7578125,82304.578125
train,5321,121836.15625,121896.546875
train,6972,109961.234375,109991.7890625
train,4498,103086.65625,103122.546875
train,2058,89301.21875,89217.0859375
train,395,80267.1015625,79992.71875
train,2235,86823.5078125,86647.8203125
train,7679,95777.75,95653.640625
train,4416,77172.9609375,76789.5234375
train,3777,132517.78125,132659.984375
train,1655,72594.3828125,72155.8125
train,3152,80061.5,79698.3359375
train,8304,77184.09375,76864.9921875
train,2530,89333.15625,89150.0546875
train,196,111200.7890625,111239.984375
train,7485,87656.734375,87463.8046875
train,5602,114406.984375,114508.8203125
train,6681,100034.1953125,99940.6328125
train,6289,115744.7734375,115801.4140625
train,1011,93738.65625,93614.1953125
train,984,80424.640625,80099.6640625
train,7928,85081.8203125,84868.0078125
train,4655,138719.0,138774.734375
train,5648,103685.0390625,103707.390625
train,5879,78792.4296875,78488.1484375
train,3519,97510.2265625,97457.734375
train,8428,92478.2578125,92407.5078125
train,7197,118629.2421875,118648.3046875
train,5042,85850.7109375,85665.953125
train,7580,71815.9296875,71394.0390625
train,8345,103323.9375,103440.2421875
train,3569,121501.1328125,121531.8203125
train,4098,115231.8984375,115281.1875
train,3827,112784.734375,112849.3046875
train,6152,99661.0546875,99615.5234375
train,2185,87206.09375,87018.7890625
train,3504,75499.1015625,75157.078125
train,3419,100376.8046875,100339.4140625
train,1903,99523.0234375,99408.1953125
train,7974,130406.2109375,130467.578125
train,6302,82320.6640625,82108.796875
train,4415,87530.03125,87362.34375
train,525,102978.5234375,103035.203125
train,737,104883.4375,104912.71875
train,1326,117811.53125,117887.34375
train,6435,104006.2109375,104117.4765625
train,6171,107648.015625,107709.2890625
train,5877,78794.859375,78534.4921875
train,6788,101663.9609375,101601.59375
train,1978,141721.09375,141854.59375
train,7665,91378.359375,91313.9609375
train,8376,85564.7109375,85418.28125
train,6621,85925.65625,85700.9765625
train,8636,73070.2734375,72693.3203125
train,4275,102542.3359375,102496.4921875
train,443,87736.015625,87534.84375
train,759,99913.8359375,99914.65625
train,713,96641.3515625,96614.796875
train,2394,101131.5234375,101038.5
train,3849,91842.671875,91796.9453125
train,5440,87983.5625,87797.40625
train,1018,99499.7265625,99436.890625
train,4264,84440.671875,84299.1640625
train,7720,151549.40625,151743.5
train,7122,104641.28125,104719.609375
train,2067,120223.1640625,120332.3125
train,5996,81213.0,80972.2734375
train,2466,71353.9375,70926.0
train,5779,78511.875,78194.171875
train,5146,103995.8125,104011.0390625
train,7292,107849.359375,107930.1015625
train,3559,109499.53125,109534.4765625
train,693,98007.2890625,97907.484375
train,1404,85922.5078125,85677.109375
train,2586,83653.03125,83444.140625
train,8088,107747.21875,107756.59375
train,3401,79186.4375,78957.328125
train,4459,122109.2421875,122187.84375
train,2107,89291.453125,89167.21875
train,7726,119192.703125,119213.59375
train,1637,82842.046875,82653.5703125
train,1767,122130.8203125,122208.09375
train,153,110864.421875,110947.078125
train,4518,97814.203125,97730.453125
train,4043,90885.109375,90787.21875
train,4940,83779.265625,83553.21875
train,2659,98167.3671875,98046.046875
train,1028,82783.3203125,82539.453125
train,216,114082.859375,114160.4921875
train,6733,70892.890625,70406.484375
train,7745,99085.3984375,98996.4140625
train,4637,103078.859375,103041.0078125
train,3862,79463.1640625,79166.3359375
train,1864,83409.9765625,83157.984375
train,7403,101224.1484375,101142.328125
train,5420,98329.9609375,98241.6640625
train,7793,72145.296875,71725.890625
train,7243,96558.9375,96526.6484375
train,8232,101643.453125,101611.625
train,6562,102956.0546875,103035.6796875
train,7423,89261.0625,89147.3515625
train,2626,93918.3046875,93831.7265625
train,8612,89042.5,88912.46875
train,1248,125939.0234375,126037.4453125
train,8177,126546.5546875,126664.0859375
train,7562,97864.484375,97792.5859375
train,1762,109450.359375,109458.09375
train,3136,117147.4609375,117207.96875
train,8090,94881.953125,94796.1953125
train,4097,91996.75,91948.6640625
train,7450,103881.9140625,103916.8046875
train,268,94880.5078125,94751.546875
train,1110,84943.4140625,84793.1796875
train,6538,84415.34375,84182.40625
train,3621,87543.78125,87427.078125
train,3438,109441.6171875,109514.7109375
train,2084,86531.25,86332.7109375
train,8263,71234.890625,70772.859375
train,6132,106470.703125,106488.1875
train,3018,75728.125,75385.953125
train,1340,102300.3984375,102299.4921875
train,3257,92125.4921875,92004.7890625
train,4822,103996.7578125,103960.0703125
train,7035,138987.0,139103.25
train,1035,82474.4296875,82213.9375
train,2993,90047.890625,89956.65625
train,7153,104824.59375,104912.5078125
train,7196,69501.84375,68988.796875
train,1237,102845.515625,102839.90625
train,5173,121265.1015625,121389.4296875
train,4165,82354.6328125,82128.578125
train,5637,100227.640625,100187.1953125
train,4788,112331.4140625,112384.71875
train,6357,79766.1953125,79437.203125
train,1420,78789.1640625,78439.1640625
train,7831,136831.140625,136913.125
train,8289,152992.390625,153110.015625
train,202,104789.5625,104893.9921875
train,4538,79793.6796875,79488.1953125
train,8202,78993.515625,78623.7265625
train,6960,83668.3046875,83391.65625
train,1251,96895.484375,96888.0390625
train,1440,115649.9609375,115752.578125
train,8445,73554.59375,73125.6875
train,2533,117219.265625,117308.7734375
train,6318,66417.3515625,65852.9921875
train,2808,93865.4296875,93807.2265625
train,5817,80806.21875,80522.9453125
train,7430,94901.578125,94783.2265625
train,5165,90877.203125,90753.3125
train,7137,129680.2890625,129811.390625
train,6889,107194.21875,107161.7734375
train,3491,72829.90625,72408.3125
train,4709,111643.7578125,111652.5859375
train,5660,139690.203125,139909.078125
train,1873,106891.546875,106908.9140625
train,4760,134277.765625,134418.234375
train,1869,88112.3359375,87979.296875
train,1913,89306.75,89203.546875
train,8401,75830.9453125,75471.359375
train,3,83514.3203125,83271.546875
train,5370,106993.109375,107027.265625
train,7626,122506.75,122518.09375
train,1698,77471.421875,77136.6328125
train,7068,97668.625,97595.5859375
train,4745,88897.578125,88741.8046875
train,2072,109854.3515625,109914.875
train,5349,99838.71875,99788.2890625
train,552,122700.9765625,122709.75
train,6937,71905.5703125,71428.859375
train,5445,79580.1015625,79245.3984375
train,5444,90135.5390625,89992.3984375
train,1940,103784.1328125,103849.1875
train,3820,102471.9921875,102350.5
train,5785,91762.9609375,91672.265625
train,3473,111823.3125,111887.7421875
train,1283,97379.625,97306.890625
train,8364,78026.3046875,77733.1484375
train,3757,105296.6875,105422.859375
train,3183,87753.6328125,87564.265625
train,978,90421.4140625,90260.2578125
train,7033,95156.0546875,95090.5
train,7352,83982.53125,83855.9765625
train,3488,88134.203125,87942.0078125
train,3371,101332.5546875,101323.0703125
train,1773,102174.71875,102141.34375
train,4767,104634.8515625,104698.0546875
train,3959,82452.984375,82280.28125
train,2860,78691.265625,78379.484375
train,2390,85052.6328125,84791.0546875
train,6603,103520.578125,103533.421875
train,5451,110483.84375,110543.5390625
train,3831,91127.5234375,91046.4765625
train,7286,75365.6328125,75023.921875
train,4378,87250.703125,87143.6875
train,2573,131380.84375,131426.328125
train,6263,92007.3359375,91911.0625
train,2269,76726.203125,76369.1328125
train,3138,89658.53125,89478.0
train,7632,96689.515625,96594.1171875
train,5596,94768.4296875,94706.640625
train,5901,116928.78125,116859.2890625
train,2776,96044.1796875,95906.375
train,2918,132439.4375,132541.6875
train,4927,91627.6015625,91556.234375
train,2298,138457.1875,138557.625
train,7340,90171.4609375,90100.546875
train,5911,121338.7578125,121419.203125
train,2981,103314.3359375,103352.734375
train,2214,104472.1953125,104551.53125
train,1128,106080.5859375,106151.4765625
train,7194,119647.640625,119699.5390625
train,5291,80677.3125,80392.171875
train,5766,92637.390625,92513.2109375
train,1064,91665.3828125,91615.6953125
train,1763,68171.734375,67648.359375
train,2631,84535.2578125,84350.9609375
train,4574,101193.890625,101121.078125
train,305,91035.875,90876.8125
train,209,77145.96875,76830.296875
train,8084,116286.3046875,116379.1171875
train,8391,124077.734375,124123.1640625
train,7548,102378.1953125,102331.078125
train,113,100250.25,100168.6015625
train,4315,116420.5,116499.7109375
train,155,88068.84375,87934.296875
train,3746,109772.8515625,109854.40625
train,1709,93850.65625,93715.921875
train,2833,84386.7265625,84161.328125
train,2080,79605.7890625,79361.0390625
train,6494,70527.9921875,70130.03125
train,1904,86798.078125,86601.390625
train,5922,101424.53125,101406.328125
train,1598,107322.59375,107352.796875
train,2493,65771.7265625,65230.3203125
train,8492,107212.2265625,107278.53125
train,4581,68634.65625,68161.7578125
train,1078,74091.953125,73759.1875
train,239,107131.2734375,107129.203125
train,6903,68255.125,67659.5390625
train,5088,70158.6953125,69695.578125
train,1874,99000.6640625,98896.203125
train,3823,108443.3203125,108517.9765625
train,1689,87362.3359375,87213.2734375
train,7937,83405.1875,83242.7734375
train,4508,88705.1640625,88582.328125
train,5858,128353.5234375,128388.2890625
train,5981,90470.90625,90410.578125
train,5081,121873.9765625,121937.4375
train,6028,94784.90625,94800.1640625
train,1161,105351.796875,105406.3359375
train,3271,92594.203125,92570.9375
train,6386,107640.1484375,107710.640625
train,4568,75373.078125,75021.796875
train,3500,78452.28125,78060.9140625
train,7560,74094.40625,73662.59375
train,7943,118786.796875,118822.890625
train,5389,77685.328125,77350.3125
train,5991,75533.3515625,75245.75
train,7184,102585.234375,102562.984375
train,2488,73108.1484375,72646.5546875
train,6539,68626.2890625,68122.3515625
train,1314,84686.28125,84453.40625
train,8260,79629.6875,79182.0546875
train,8233,87005.7890625,86855.3984375
train,6674,79852.875,79565.4140625
train,1290,119809.8515625,119896.46875
train,7814,87966.9765625,87813.3046875
train,1075,78275.8203125,78015.96875
train,4775,90042.65625,89845.1328125
train,7591,94793.75,94734.4453125
train,577,107739.390625,107801.875
train,1761,86623.9609375,86444.390625
train,1272,90452.546875,90295.0078125
train,837,93358.828125,93359.0703125
train,6163,95815.125,95751.25
train,6606,101372.4453125,101331.1171875
train,263,82539.6953125,82303.2578125
train,4563,80363.703125,80072.453125
train,2934,99272.5859375,99197.0625
train,1529,91574.3125,91440.84375
train,8336,99209.3125,99199.3671875
train,3348,125312.0625,125428.9609375
train,304,103079.5859375,103067.640625
train,7854,84797.34375,84582.0
train,6260,74963.8203125,74579.4765625
train,4609,77756.0703125,77431.859375
train,7348,98733.078125,98708.390625
train,972,88992.1953125,88884.625
train,3469,120522.53125,120611.75
train,8121,98617.2890625,98570.46875
train,974,80131.703125,79883.34375
train,405,91574.0234375,91475.3046875
train,3370,108038.484375,108137.1171875
train,3508,95945.828125,95886.9375
train,6156,83289.875,83040.7109375
train,6934,79794.2578125,79500.296875
train,5658,100444.453125,100382.390625
train,7566,69040.03125,68550.2890625
train,7960,77108.8828125,76810.4921875
train,4937,105809.546875,105916.0
train,1239,86431.2578125,86307.3828125
train,4837,98075.1015625,98030.34375
train,4648,95186.9921875,95070.40625
train,6216,89853.625,89721.5
train,2443,112909.8515625,112865.3046875
train,5504,87784.78125,87641.4296875
train,3457,79997.2265625,79760.390625
train,2342,94262.109375,94174.1328125
train,5788,92308.75,92236.234375
train,1994,102386.28125,102384.1171875
train,2033,71579.9921875,71170.796875
train,4403,89827.8671875,89638.46875
train,1421,78359.3125,77995.15625
train,4698,117464.703125,117519.0390625
train,4970,93616.171875,93513.1640625
train,4682,99603.28125,99552.1875
train,2172,88651.0625,88470.2578125
train,6654,79425.1171875,79179.4921875
train,776,98655.0,98645.3671875
train,1922,114967.0390625,115003.78125
train,7229,116128.71875,116184.3828125
train,3439,111298.5859375,111311.953125
train,7857,83083.5234375,82874.984375
train,3591,91716.1171875,91661.9140625
train,893,115951.4921875,116017.890625
train,5966,95810.890625,95692.5
train,2057,99910.1875,99789.015625
train,7353,95946.5078125,95789.6875
train,8601,92183.703125,92108.078125
train,5546,81451.9921875,81109.3359375
train,6291,68234.421875,67771.9921875
train,1708,76753.046875,76410.90625
train,3385,81955.078125,81745.875
train,8549,101691.375,101605.28125
train,236,132538.53125,132569.3125
train,3715,98776.578125,98748.28125
train,1057,89628.6875,89517.5859375
train,3668,97901.7109375,97830.0546875
train,64,103303.8515625,103316.6484375
train,43,106967.171875,106997.0390625
train,4337,74382.2890625,74060.078125
train,1870,75567.9296875,75206.03125
train,6825,81881.015625,81605.7578125
train,1279,78234.5703125,77955.6875
train,8738,93255.6875,93168.5
train,8725,87266.828125,87109.390625
train,5652,117138.7578125,117211.3359375
train,3722,91125.7265625,90981.8671875
train,3461,114566.328125,114651.890625
train,6716,85474.6484375,85259.296875
train,7455,65230.88671875,64725.1328125
train,8056,122683.65625,122772.296875
train,2272,94349.0390625,94295.1640625
train,2707,100453.9140625,100442.3359375
train,1511,113319.359375,113389.578125
train,5568,130011.7109375,130102.25
train,8525,91262.84375,91132.234375
train,119,66025.96875,65534.046875
train,4532,109329.328125,109365.921875
train,6373,88107.8046875,87965.1875
train,1706,72303.3671875,71887.3984375
train,4148,74588.8046875,74226.53125
train,823,71201.9375,70770.8125
train,8728,109425.234375,109443.125
train,5920,92585.078125,92514.140625
train,7588,71085.4375,70639.21875
train,6204,104503.15625,104615.5078125
train,6242,86471.21875,86245.34375
train,6058,73085.53125,72668.3359375
train,1828,102207.4453125,102153.203125
train,8210,83013.2265625,82664.2421875
train,87,94729.9453125,94697.328125
train,4619,99919.890625,99842.046875
train,6287,88510.71875,88365.859375
train,3874,93624.71875,93519.5390625
train,6819,78852.046875,78549.7265625
train,7055,64675.69921875,64077.078125
train,5308,76491.7734375,76183.8515625
train,6077,65750.6875,65213.7578125
train,3452,73532.8203125,73221.078125
train,4466,81452.359375,81123.59375
train,2619,116708.390625,116647.984375
train,2186,89153.6484375,89045.8125
train,3919,101618.09375,101528.0703125
train,8291,91514.890625,91456.0546875
train,7835,94711.828125,94650.4140625
train,3157,74503.90625,74272.953125
train,5821,89566.3125,89353.1796875
train,961,90649.0703125,90514.453125
train,8627,81338.4609375,81061.5234375
train,7206,82496.625,82289.5625
train,8740,96883.8515625,96820.765625
train,4582,110344.8828125,110465.046875
train,413,86387.6953125,86176.703125
train,7203,128720.09375,128763.65625
train,338,121430.328125,121381.65625
train,1350,142560.46875,142681.8125
train,53,82984.0,82823.984375
train,1646,124849.5078125,124973.125
train,2280,70924.5546875,70408.9453125
train,4284,114041.625,114097.75
train,1613,94891.0546875,94868.15625
train,2256,93311.6171875,93198.0703125
train,4701,90600.4921875,90540.6015625
train,1964,133893.15625,134017.6875
train,3512,84214.203125,84017.8203125
train,3928,87889.953125,87766.8515625
train,946,108956.6640625,109028.2890625
train,3535,76763.9296875,76429.2734375
train,5429,101552.0390625,101498.0546875
train,2030,134121.640625,134287.78125
train,1167,97281.078125,97186.2578125
train,3986,81978.6953125,81756.0859375
train,843,91121.9375,90947.0703125
train,826,90056.2421875,89998.2421875
train,2360,111230.796875,111260.5625
train,103,74041.1015625,73638.5625
train,841,88085.109375,87954.8671875
train,7918,101649.1328125,101564.7734375
train,4163,95892.65625,95896.234375
train,2317,107916.640625,107950.0078125
train,5657,64633.1328125,64069.68359375
train,8387,111859.8359375,111902.6640625
train,1673,93416.3984375,93268.4296875
train,2474,80888.6953125,80647.21875
train,7463,77872.203125,77498.2109375
train,1487,73486.3359375,73025.71875
train,1014,91348.34375,91225.921875
train,2154,71034.0,70565.1640625
train,3244,92967.1015625,92828.1015625
train,568,81916.8828125,81646.390625
train,8673,68454.4765625,68008.1484375
train,8607,77920.5625,77543.5
train,8143,69327.0703125,68843.4296875
train,2404,78918.921875,78567.3203125
train,4328,112646.984375,112765.3984375
train,4943,79673.921875,79341.5859375
train,5503,77875.265625,77598.203125
train,4639,99663.3515625,99612.1640625
train,2138,71466.71875,71067.5546875
train,4955,89778.0390625,89652.9609375
train,5007,125606.2890625,125804.28125
train,2497,70873.625,70353.390625
train,5182,71220.046875,70764.765625
train,3265,123872.1953125,123911.4765625
train,8716,102833.1328125,102838.1328125
train,4880,92417.5625,92348.3359375
train,6727,94556.0546875,94428.765625
train,3616,77504.53125,77149.359375
train,949,84853.4765625,84545.8515625
train,5358,134869.984375,134988.828125
train,4232,95842.421875,95822.9921875
train,6842,110007.2421875,110047.0078125
train,1385,106637.3828125,106652.25
train,3790,70302.7265625,69880.671875
train,7868,86731.21875,86526.7890625
train,8072,92952.25,92846.125
train,469,90407.9453125,90319.171875
train,5100,101714.8125,101700.4296875
train,2073,107310.9453125,107322.7890625
train,3246,92095.0,91928.4140625
train,6465,73961.578125,73555.328125
train,4838,79788.140625,79548.0703125
train,5116,98044.7109375,97927.921875
train,6507,72336.71875,71915.6328125
train,3678,95775.2421875,95727.9609375
train,947,82539.375,82325.0078125
train,2131,112336.2265625,112369.34375
train,6237,106048.2421875,106112.8515625
train,4578,103686.75,103711.75
train,789,97093.140625,97022.796875
train,3030,110234.7109375,110274.375
train,4219,87419.8203125,87239.0546875
train,1776,125571.875,125595.828125
train,5114,96763.53125,96741.0078125
train,8483,93103.1484375,93071.5859375
train,7100,81268.390625,81000.75
train,8695,95483.375,95414.46875
train,8609,94117.6953125,94083.5859375
train,6429,78113.609375,77816.1328125
train,4812,84048.375,83799.4296875
train,5784,104272.21875,104333.78125
train,942,87963.8125,87839.6953125
train,5870,76947.921875,76611.515625
train,120,77629.5625,77317.78125
train,2469,81918.0078125,81635.1875
train,2953,91479.7734375,91400.71875
train,780,75001.921875,74562.703125
train,7134,73045.9140625,72619.7890625
train,3398,125189.671875,125304.09375
train,1194,106888.4296875,106960.1640625
train,2217,96702.1875,96530.9375
train,41,80248.8515625,79942.1796875
train,2986,85703.9453125,85543.8203125
train,4427,85994.421875,85696.046875
train,4111,86200.5859375,85997.953125
train,4379,86161.6171875,86050.3828125
train,1611,73164.7109375,72801.984375
train,1504,92931.921875,92823.3359375
train,5397,129910.546875,130043.7421875
train,5390,88412.5234375,88219.9921875
train,6019,106497.09375,106542.5
train,1632,85022.3984375,84787.0625
train,6196,76568.7734375,76211.5390625
train,2447,79875.4765625,79624.9765625
train,6751,94940.453125,94837.3515625
train,5521,80511.765625,80192.0859375
train,936,100443.6875,100401.4453125
train,6922,82467.484375,82168.7890625
train,7731,102255.9921875,102252.046875
train,288,101947.40625,101917.4609375
train,3434,119650.5859375,119679.1171875
train,4259,123300.1328125,123340.75
train,496,77293.9375,77019.453125
train,803,102555.265625,102561.6875
train,7839,105828.9765625,105855.796875
train,94,122696.0859375,122753.203125
train,2285,132408.765625,132519.5
train,2672,111897.53125,111989.65625
train,5158,95272.5625,95217.9453125
train,83,80884.75,80663.859375
train,5644,72246.6953125,71778.6015625
train,7655,87954.6796875,87761.484375
train,1696,83866.90625,83650.984375
train,344,83299.34375,83036.984375
train,271,79123.765625,78804.859375
train,7391,83872.9765625,83628.0625
train,5301,86133.1328125,85970.7890625
train,5123,71875.515625,71410.46875
train,1968,109087.78125,109105.328125
train,8046,78294.640625,77983.359375
train,2347,77303.3125,76975.1875
train,8085,105181.546875,105285.5546875
train,4201,120885.6953125,120949.4921875
train,7094,92130.7578125,92032.8828125
train,8313,68732.8359375,68287.46875
train,3376,99428.6015625,99378.5625
train,3431,86993.609375,86837.25
train,7343,92992.5859375,92900.15625
train,3099,95379.0234375,95302.203125
train,6719,104886.6328125,104955.0859375
train,6071,68934.9375,68471.484375
train,8153,96504.03125,96396.765625
train,5090,81261.9765625,80996.796875
train,6696,83306.859375,83009.3359375
train,3337,117152.59375,117208.3359375
train,796,94548.2734375,94401.1171875
train,2681,103017.9765625,103040.375
train,7213,93942.5703125,93812.9609375
train,6477,81799.3046875,81519.96875
train,4903,79283.5078125,78991.296875
train,5717,78438.5390625,78111.953125
train,8662,105579.9921875,105635.6171875
train,7355,69560.9765625,69100.328125
train,7310,108190.421875,108219.859375
train,4502,73452.4296875,72977.0859375
train,7102,92955.171875,92916.203125
train,199,69572.9140625,69058.359375
train,7822,94880.6875,94792.1640625
train,7067,92177.03125,91991.1875
train,4370,68561.203125,68075.703125
train,2205,139827.59375,139965.328125
train,1722,103371.7890625,103366.8046875
train,4583,98563.328125,98497.1015625
train,4034,81005.03125,80737.296875
train,2701,154806.46875,154985.953125
train,3996,78442.359375,78155.0234375
train,7045,103819.3359375,103848.1953125
train,7775,115888.9609375,115936.40625
train,2111,138147.90625,138272.71875
train,5016,86908.1796875,86763.109375
train,7157,98224.2265625,98185.2109375
train,379,82695.125,82408.21875
train,2331,67820.75,67300.5078125
train,4030,82745.59375,82551.875
train,4921,83774.1640625,83502.9375
train,8486,78703.0390625,78382.421875
train,977,96197.953125,96216.875
train,4343,83219.1328125,82923.2265625
train,213,95600.53125,95432.7734375
train,8495,86370.03125,86223.34375
train,1187,115919.9921875,115976.546875
train,5743,101665.4921875,101616.2734375
train,702,85471.6328125,85232.09375
train,3045,103998.1328125,104064.984375
train,7752,92225.3046875,92167.34375
train,7185,84992.3203125,84817.59375
train,4889,70598.21875,70149.0
train,5707,113851.328125,113875.359375
train,3692,122859.1796875,122913.28125
train,5519,74794.125,74295.0625
train,8140,79979.6171875,79623.7421875
train,4255,83368.2890625,83111.953125
train,5216,126578.671875,126684.2265625
train,2843,79333.9140625,78999.5
train,6258,77910.1640625,77623.09375
train,1339,132593.546875,132735.40625
train,1628,83326.0234375,83060.578125
train,3884,81406.109375,81216.859375
train,7320,66784.9140625,66312.5546875
train,2216,92329.0078125,92220.9765625
train,556,87812.875,87644.84375
train,5864,118099.5390625,118077.046875
train,4224,75320.4453125,75013.4375
train,6411,128715.796875,128839.65625
train,5377,94624.921875,94520.84375
train,1003,129096.2734375,129198.078125
train,3495,99787.9765625,99757.7421875
train,2054,88175.375,88004.1953125
train,2835,88174.7265625,88059.9375
train,997,83535.2109375,83324.390625
train,3888,82669.4609375,82405.25
train,473,123120.859375,123153.796875
train,5549,124004.3515625,124161.0546875
train,4482,88091.796875,87986.7109375
train,369,93370.671875,93252.1640625
train,8571,80577.875,80271.609375
train,1833,125942.90625,125965.8515625
train,168,105513.84375,105547.4296875
train,6164,115379.3125,115384.984375
train,4814,140854.453125,141002.828125
train,5941,85066.3125,84850.859375
train,701,98482.5234375,98464.15625
train,7541,75131.0859375,74737.109375
train,7553,93204.0390625,93060.8359375
train,5124,105718.6484375,105818.796875
train,2345,122897.109375,123015.953125
train,1331,82205.453125,81907.9609375
train,2355,88008.203125,87825.46875
train,2589,100258.8125,100126.1484375
train,5792,70342.265625,69895.4765625
train,4941,99448.6953125,99373.6328125
train,2194,111222.3046875,111171.046875
train,1723,92279.7109375,92202.53125
train,6460,83089.75,82849.390625
train,1377,92990.9140625,92908.125
train,8067,116656.78125,116687.7109375
train,3316,121196.7578125,121234.953125
train,5575,80693.5390625,80457.0703125
train,658,70360.8671875,69942.6640625
train,1936,72368.46875,71906.34375
train,2441,69760.25,69268.9140625
train,3547,106914.5546875,106486.203125
train,5846,101321.8828125,101282.6875
train,6346,102523.234375,102501.9375
train,6379,144355.625,144517.96875
train,8560,73532.5625,73131.328125
train,4753,91737.515625,91568.40625
train,509,96029.9140625,95950.140625
train,2045,83582.234375,83439.34375
train,8385,97091.1171875,96988.15625
train,7187,82016.5859375,81708.25
train,2806,72208.96875,71732.1953125
train,2127,81892.859375,81705.765625
train,4622,69807.0546875,69402.3125
train,4867,90529.3046875,90357.0078125
train,4278,100728.265625,100657.3359375
train,6078,101716.3515625,101674.140625
train,3031,110614.2578125,110662.9765625
train,1925,94271.1875,94214.8125
train,3432,127852.8515625,127952.5
train,985,94120.84375,94020.703125
train,5143,107272.6875,107337.984375
train,3458,105310.640625,105394.046875
train,7360,86783.2421875,86672.6640625
train,3775,73055.6640625,72691.96875
train,6800,86354.59375,86168.296875
train,26,104201.84375,104280.9765625
train,784,84587.2421875,84447.203125
train,6916,92797.65625,92646.59375
train,269,96948.203125,96923.6015625
train,3120,99657.765625,99607.7578125
train,5360,92725.9296875,92669.421875
train,459,103680.8203125,103782.6015625
train,5361,98600.1328125,98568.8515625
train,4024,92059.171875,92012.859375
train,5134,92437.0,92387.765625
train,3485,110288.859375,110284.375
train,5604,98605.3984375,98476.4296875
train,4261,138172.078125,138266.0
train,7409,69129.1484375,68664.2109375
train,4392,77244.53125,76937.703125
train,2579,80403.4453125,80134.9453125
train,1517,74962.234375,74578.1328125
train,7103,93782.109375,93684.71875
train,6220,101578.859375,101462.25
train,3088,121215.34375,121326.0703125
train,5661,92615.890625,92485.671875
train,6560,88216.609375,88063.75
train,4634,138250.59375,138409.25
train,7739,95014.984375,94974.7578125
train,109,81207.6640625,81007.0390625
train,8295,95373.0546875,95263.3359375
train,6240,143982.796875,144113.890625
train,872,97828.28125,97705.59375
train,7765,75364.1328125,74936.2890625
train,3560,144666.28125,144855.5625
train,4978,126070.4765625,126207.7890625
train,2581,79999.2890625,79643.5625
train,3598,71254.8515625,70762.0
train,8660,85069.234375,84730.6328125
train,4440,102950.140625,102970.1875
train,8008,86417.28125,86243.6875
train,7810,76447.5390625,76054.96875
train,7082,73250.4375,72806.125
train,548,116163.984375,116262.171875
train,8346,103463.890625,103593.0078125
train,5971,71515.5234375,71105.515625
train,7617,108772.9296875,108784.453125
train,5633,109737.8671875,109836.671875
train,3410,71477.2578125,71041.71875
train,1086,69260.5,68796.890625
train,3999,85598.1875,85440.859375
train,1731,89289.9765625,89213.6015625
train,266,111715.9375,111761.8203125
train,7516,128241.40625,128263.0
train,2473,113893.6171875,114044.6484375
train,4003,99430.046875,99425.84375
train,6342,88313.0234375,88183.59375
train,4556,156381.0,156595.5
train,6815,97941.796875,97796.4375
train,1337,90356.5546875,90254.53125
train,4262,115287.65625,115413.6328125
train,6485,83242.2578125,83012.3671875
train,7997,105749.53125,105796.7265625
train,8692,91121.765625,90973.5625
train,7419,101065.3046875,100991.0859375
train,4488,92266.4609375,92190.4453125
train,766,75981.828125,75577.203125
train,3383,94458.7265625,94332.6953125
train,253,96196.3984375,96074.5
train,4008,104949.8359375,104991.953125
train,3700,82990.390625,82745.6015625
train,6867,108622.8046875,108681.6953125
train,4145,109413.0390625,109452.40625
train,2641,83631.1171875,83374.015625
train,7801,83369.6796875,83151.6015625
train,944,86131.6796875,85938.3203125
train,4881,86745.890625,86631.4921875
train,6265,83671.8125,83370.421875
train,2395,103541.1328125,103564.5234375
train,5848,135185.171875,135321.9375
train,4725,80998.75,80671.265625
train,6332,64297.4609375,63748.6640625
train,7834,63351.546875,62722.7265625
train,532,72434.234375,71955.109375
train,7437,105261.65625,105300.28125
train,8075,78201.578125,77837.9765625
train,6040,78577.2421875,78219.90625
train,3025,87990.7109375,87769.75
train,6428,105230.5625,105256.875
train,6301,109250.953125,109266.5390625
train,8363,75386.6328125,75036.8984375
train,897,93944.9765625,93837.6796875
train,2637,89884.3828125,89815.71875
train,5333,108260.1015625,108296.234375
train,5927,90446.796875,90307.578125
train,6191,70585.1484375,70046.0546875
train,7922,122383.8984375,122434.5625
train,848,86917.5078125,86780.0703125
train,4872,134162.484375,134438.0625
train,3613,76121.2421875,75784.953125
train,5303,82950.3046875,82689.0078125
train,6168,91172.421875,91075.109375
train,2848,90924.1484375,90865.0390625
train,5385,87285.5,87077.9296875
train,5502,81917.578125,81632.734375
train,1823,113225.7890625,113304.125
train,2188,117356.2890625,117342.8828125
train,4544,92563.84375,92497.46875
train,6608,125180.546875,125219.2109375
train,6676,84386.1796875,84148.0
train,6070,71050.53125,70551.0625
train,6182,85240.5859375,84966.03125
train,2377,85857.59375,85640.6640625
train,4604,91425.7890625,91343.671875
train,1396,112843.8046875,112789.921875
train,5319,96809.0703125,96740.984375
train,5236,86794.859375,86619.3828125
train,7128,74040.625,73587.90625
train,5557,148933.59375,149100.46875
train,2436,99179.3359375,99126.7890625
train,5274,79928.3125,79656.0390625
train,818,85612.765625,85459.84375
train,4894,71936.8125,71494.9140625
train,2435,121774.359375,121860.046875
train,3596,79668.75,79368.078125
train,3847,98260.8125,98128.3671875
train,8468,130244.09375,130362.0625
train,5414,105207.0078125,105330.125
train,55,114817.515625,114851.9375
train,6968,87288.5078125,87088.078125
train,222,101092.546875,101082.7109375
train,6559,76812.4453125,76484.25
train,4236,126016.71875,126123.203125
train,7750,94362.8828125,94282.859375
train,7667,91478.421875,91407.1015625
train,4244,90140.6171875,90008.96875
train,4863,70789.578125,70355.0078125
train,5320,100070.28125,100017.9765625
train,2946,137924.59375,138059.46875
train,3866,88145.734375,88067.046875
train,8246,89706.1484375,89578.3515625
train,2781,109131.1484375,109139.2421875
train,2243,121513.328125,121591.0546875
train,7491,104221.8125,104312.921875
train,4138,86664.953125,86400.7265625
train,3555,88094.7421875,87981.75
train,5463,73029.9765625,72584.5625
train,5780,95003.703125,94949.4453125
train,2703,92328.40625,92234.15625
train,1303,111726.6953125,111670.1484375
train,544,101448.96875,101363.28125
train,3990,120581.9296875,120694.6015625
train,2182,68277.71875,67779.34375
train,4140,80212.234375,79877.15625
train,4250,84304.4453125,84072.1328125
train,5059,66176.109375,65582.078125
train,6453,98863.7109375,98817.3046875
train,8149,120181.8046875,120223.21875
train,1980,76160.34375,75831.8671875
train,3406,114866.640625,114906.9765625
train,1434,72009.328125,71560.359375
train,4854,90787.34375,90720.2265625
train,2758,132948.640625,133083.375
train,4002,115505.0078125,115554.2890625
train,8635,76533.2890625,76183.5546875
train,376,88478.75,88390.265625
train,1665,85636.578125,85443.3203125
train,6626,111856.734375,111986.625
train,5970,79157.234375,78911.7265625
train,390,88398.078125,88264.7421875
train,8248,102389.0703125,102433.7265625
train,5471,77053.3828125,76760.1640625
train,1667,93320.9453125,93089.6953125
train,7442,91235.859375,91188.3828125
train,7115,71334.8203125,70860.171875
train,564,106087.5234375,106099.4296875
train,5491,99747.4609375,99669.6484375
train,7195,72005.8515625,71610.7890625
train,1395,91010.5546875,90836.5859375
train,3857,98335.9921875,98235.8203125
train,315,69430.3515625,68866.609375
train,3447,87274.859375,87126.8984375
train,8529,83486.3515625,83234.1484375
train,6074,79655.5234375,79430.7734375
train,6227,87997.2265625,87892.25
train,4934,88650.4296875,88498.421875
train,8502,121024.671875,121101.90625
train,987,101940.8125,101992.0
train,58,103930.453125,104005.4765625
train,8454,99685.546875,99655.0625
train,7316,89386.03125,89222.6796875
train,5696,127164.7890625,127227.765625
train,744,95834.609375,95835.390625
train,2747,88674.09375,88506.828125
train,5069,110678.6328125,110893.0625
train,8420,82101.328125,81877.7578125
train,7700,95087.890625,94990.0078125
train,7552,82556.578125,82357.640625
train,7499,144661.59375,144812.515625
train,5034,104016.84375,104061.21875
train,7254,134411.171875,134493.375
train,1794,80205.5859375,79858.671875
train,4121,105590.7734375,105668.609375
train,2592,76175.890625,75811.703125
train,5931,71507.8359375,71110.921875
train,8642,92466.640625,92307.09375
train,3682,84710.4765625,84544.015625
train,6671,89563.0234375,89415.2890625
train,5335,135637.84375,135740.171875
train,4400,81524.046875,81251.2265625
train,5988,86788.65625,86635.1015625
train,4294,74057.4140625,73618.40625
train,3313,103849.5703125,103905.4296875
train,8200,79238.1171875,78935.5
train,1040,73068.09375,72684.0078125
train,4656,109912.1015625,109959.578125
train,7474,90024.421875,89895.625
train,5983,130008.546875,130240.875
train,2621,99346.0703125,99279.3984375
train,1140,80526.1015625,80211.5859375
train,2554,134516.828125,134576.84375
train,587,82815.34375,82619.578125
train,4150,71280.28125,70761.421875
train,1321,91717.421875,91590.6171875
train,2332,119100.1875,119153.7265625
train,7864,90191.46875,90064.4609375
train,4533,116092.46875,116142.84375
train,7019,85990.15625,85779.75
train,8437,112085.625,112072.8359375
train,1246,93791.1640625,93719.8046875
train,7670,92820.421875,92832.0234375
train,3233,115859.1328125,115880.984375
train,5136,72560.234375,71913.4453125
train,7105,113191.578125,113239.4453125
train,2779,99358.7734375,99312.2578125
train,252,79980.53125,79778.7890625
train,912,124201.3828125,124315.1328125
train,1172,72598.46875,72231.6875
train,2580,88307.34375,88162.2578125
train,8199,73975.203125,73586.65625
train,8004,124413.8125,124425.984375
train,7785,88155.34375,87944.125
train,8180,82020.0546875,81707.203125
train,2087,67003.8125,66479.625
train,3769,70119.34375,69645.2421875
train,8268,79468.65625,79220.421875
train,5783,92572.40625,92532.25
train,8384,112694.53125,112728.3359375
train,2081,75604.015625,75217.296875
train,7392,82951.953125,82701.4765625
train,2763,90983.0625,90904.1015625
train,1468,69421.78125,68948.765625
train,5045,83662.671875,83398.5078125
train,4239,106014.7109375,106018.6328125
train,6993,82056.53125,81737.6484375
train,3536,85849.390625,85671.4296875
train,4901,123960.1640625,124111.40625
train,3197,89245.4140625,89091.5390625
train,4081,137695.78125,137827.875
train,6165,88924.4609375,88753.6171875
train,3655,108274.0859375,108338.0703125
train,7043,90753.9453125,90613.8671875
train,60,67869.5546875,67372.828125
train,2230,89669.828125,89534.2109375
train,7234,86911.75,86741.703125
train,4735,105701.6328125,105739.703125
train,4716,99576.40625,99557.0234375
train,4085,127808.46875,127874.3125
train,2060,108663.2578125,108696.4375
train,3020,79448.015625,79164.2265625
train,5273,110795.84375,110796.2890625
train,246,66372.4453125,65773.1875
train,7613,88029.7421875,87896.921875
train,1029,114162.84375,114195.2265625
train,180,98450.40625,98396.6640625
train,184,104473.3671875,104400.546875
train,2643,150439.890625,150638.3125
train,3568,70277.375,69876.1171875
train,2513,79597.90625,79330.2578125
train,3864,77381.0625,77038.4765625
train,2009,101656.5703125,101649.15625
train,228,101780.390625,101763.765625
train,6930,97281.484375,97190.671875
train,851,103802.2890625,103814.953125
train,49,98519.0,98442.2890625
train,141,113291.6015625,113317.2890625
train,3055,103089.4609375,103089.921875
train,3881,91814.6171875,91711.6484375
train,8606,84185.7109375,83965.7578125
train,1313,131647.03125,131791.0625
train,3594,88810.15625,88711.546875
train,4280,135351.140625,135425.296875
train,7867,74829.2578125,74392.0859375
train,4197,86304.3828125,86061.1015625
train,2739,81959.1953125,81746.5390625
train,254,65895.5703125,65350.98828125
train,6545,70279.8984375,69795.984375
train,4071,142412.484375,142599.625
train,7288,82390.140625,82117.8515625
train,878,91864.484375,91821.1796875
train,7400,89708.625,89582.671875
train,602,81283.3671875,81066.5546875
train,7637,116651.90625,116734.90625
train,5255,105240.296875,105177.90625
train,5499,101835.90625,101770.21875
train,6270,98211.0703125,98144.9765625
train,4953,86117.734375,85970.0
train,5077,86887.359375,86608.1796875
train,1678,88970.625,88798.9140625
train,8215,67012.7578125,66484.8046875
train,7746,83031.6171875,82825.984375
train,6781,75071.953125,74685.3203125
train,4699,104072.3671875,104087.453125
train,2688,85738.6171875,85578.875
train,3098,75073.3515625,74681.953125
train,3078,70193.4921875,69787.25
train,3767,91391.265625,91267.859375
train,7680,127965.3515625,128054.25
train,1933,92323.359375,92245.390625
train,5073,124178.984375,124241.8046875
train,6441,120230.671875,120318.9375
train,5393,76383.3125,75986.578125
train,909,92074.0,92003.6640625
train,953,104738.4375,104794.2890625
train,5482,103682.859375,103718.1953125
train,6375,93283.421875,93139.234375
train,5289,78601.4453125,78276.609375
train,3553,106862.90625,106933.484375
train,7926,115338.2578125,115422.8203125
train,7925,90567.6484375,90498.1953125
train,6808,77726.3203125,77373.046875
train,7132,102799.375,102747.8203125
train,7156,74510.2265625,74175.6875
train,8293,91134.734375,90952.9609375
train,164,104114.2109375,104139.6484375
train,6126,102565.703125,102692.375
train,8294,83895.1171875,83643.296875
train,2523,92701.3046875,92586.0234375
train,1588,90943.546875,90839.3125
train,8651,100852.5703125,100846.8515625
train,3821,113271.265625,113296.15625
train,3107,86850.6640625,86662.5625
train,7298,108167.34375,108211.671875
train,932,79833.9453125,79520.875
train,8262,90125.6953125,89918.5078125
train,5067,77899.5703125,77601.4375
train,6391,86531.3984375,86317.3828125
train,6661,78094.84375,77774.765625
train,2854,108348.5078125,108368.4609375
train,4412,97211.921875,97164.5703125
train,679,104912.7109375,104996.0703125
train,6200,140070.9375,140219.234375
train,6023,66092.5546875,65571.9765625
train,6142,84311.0078125,84085.796875
train,2636,86975.5859375,86770.9609375
train,4754,106865.8125,106899.03125
train,2861,124975.1796875,125045.1328125
train,6865,82781.359375,82504.5859375
train,5552,87830.3125,87598.5234375
train,7543,83309.6953125,83132.3203125
train,1688,121236.234375,121342.15625
train,505,95511.640625,95449.890625
train,830,119412.3515625,119382.203125
train,4047,123292.046875,123302.875
train,1462,77990.1640625,77642.9375
train,3014,139326.90625,139414.0
train,1609,90293.59375,90172.828125
train,3787,89548.2578125,89456.015625
train,4442,106370.734375,106411.5703125
train,1419,87040.671875,86875.375
train,4948,131435.390625,131533.5
train,6475,93596.6015625,93561.515625
train,4238,103479.6796875,103509.5
train,6146,121189.046875,121239.96875
train,1203,107138.578125,107158.6796875
train,7923,107595.46875,107678.4609375
train,4704,90611.625,90558.9296875
train,6683,119585.7109375,119612.96875
train,6336,144799.0,144928.0
train,1659,81533.125,81237.78125
train,7452,83091.171875,82797.9375
train,399,83376.328125,83165.8515625
train,4996,122209.2421875,122416.6796875
train,3531,99444.5390625,99345.28125
train,2547,97212.8203125,97198.1953125
train,726,84149.171875,83899.6015625
train,2790,79524.0,79229.546875
train,4217,86334.390625,86140.8984375
train,2868,89187.7265625,89071.390625
train,6892,67993.796875,67576.84375
train,4573,70393.5546875,69863.046875
train,3125,106895.984375,106877.1796875
train,3335,85273.1484375,85059.234375
train,6730,103338.078125,103375.875
train,8565,85111.3828125,84662.0078125
train,791,81880.4765625,81702.984375
train,7375,92476.6875,92393.421875
train,1602,92597.3828125,92527.6484375
train,8225,96890.6484375,96902.015625
train,3024,80589.2578125,80347.3125
train,2418,108527.7578125,108535.671875
train,3713,110648.140625,110670.9296875
train,6841,86931.6953125,86734.96875
train,8567,103785.7734375,103881.78125
train,5697,101517.765625,101472.625
train,8198,114139.4453125,114199.296875
train,5040,113119.8046875,113193.6875
train,7207,77263.5,76940.109375
train,1458,89074.84375,88936.28125
train,2288,95552.296875,95479.796875
train,2656,87342.796875,87186.9140625
train,5132,85493.4296875,85312.109375
train,1733,74700.671875,74248.546875
train,1459,110355.453125,110428.8203125
train,8464,80156.6640625,79865.1953125
train,4633,80448.25,80165.484375
train,2028,87770.484375,87583.828125
train,5431,150826.765625,151013.609375
train,3428,94744.0,94701.453125
train,7265,89893.15625,89772.5234375
train,1195,80812.9765625,80569.90625
train,4240,105846.53125,105884.046875
train,7585,103334.875,103440.5546875
train,7515,117722.1875,117786.8671875
train,5909,81692.2421875,81473.875
train,5709,108708.546875,108752.25
train,2709,111163.921875,111303.015625
train,4089,81483.0390625,81242.828125
train,3218,106529.5390625,106597.3515625
train,2906,89236.3125,89093.21875
train,152,91338.328125,91259.4296875
train,964,82330.21875,82109.8359375
train,2927,76538.71875,76186.09375
train,464,103464.3984375,103469.265625
train,5695,88872.8125,88778.578125
train,5218,80513.9453125,80310.109375
train,8534,92865.0390625,92786.7421875
train,4493,106306.28125,106370.5546875
train,2174,79260.0625,78914.09375
train,1213,106035.3515625,106140.6484375
train,4364,111171.2734375,111209.5625
train,945,80364.09375,80035.265625
train,8513,93419.4921875,93320.4453125
train,2503,70919.8828125,70517.1484375
train,5892,83903.9296875,83673.4140625
train,1737,79051.1484375,78806.8125
train,5693,132381.375,132522.609375
train,6748,81353.1953125,81073.6875
train,3186,77448.953125,77141.0859375
train,300,89085.2109375,88957.5859375
train,6167,116940.40625,117105.6796875
train,7959,125188.4609375,125288.609375
train,8216,87450.3203125,87219.6796875
train,7321,121193.4921875,121352.75
train,7251,87572.890625,87403.8671875
train,1605,99898.9921875,99806.03125
train,3543,84057.5859375,83846.4375
train,2990,113226.25,113276.7421875
train,6785,82360.21875,82200.6015625
train,6449,72950.59375,72458.1796875
train,258,79580.2578125,79253.765625
train,8009,87683.1328125,87502.9765625
train,4638,85099.6953125,84896.359375
train,5305,80856.375,80516.484375
train,3347,89356.65625,89223.0
train,1898,99467.515625,99399.796875
train,1844,68606.40625,68109.8828125
train,6964,92010.5703125,91901.671875
train,6079,97256.265625,97200.6484375
train,356,101817.7109375,101785.640625
train,2037,81686.2421875,81436.7109375
train,5962,104925.90625,105037.6953125
train,598,80517.203125,80247.9765625
train,563,153665.15625,153908.75
train,3933,82972.8828125,82761.875
train,2582,70606.765625,70133.28125
train,5904,85177.125,85008.640625
train,916,83561.5859375,83241.9453125
train,553,106599.3203125,106618.8828125
train,6849,100200.5546875,100127.75
train,3413,85618.8515625,85465.609375
train,3267,73171.6328125,72800.5078125
train,7038,76391.453125,76093.34375
train,6791,85618.625,85426.234375
train,5392,87064.5703125,86869.1875
train,3241,72358.78125,71906.96875
train,2962,102883.1171875,102882.328125
train,5828,86030.328125,85844.140625
train,8710,103014.46875,102997.140625
train,569,105097.859375,105141.375
train,1471,105046.28125,105078.296875
train,4158,74539.9609375,74151.875
train,1254,96601.0234375,96616.9375
train,4265,76727.5234375,76422.265625
train,4376,76795.59375,76436.5390625
train,2784,83864.078125,83668.953125
train,4395,100556.21875,100494.78125
train,2150,110345.8671875,110462.1171875
train,7517,144566.484375,144690.921875
train,4855,85380.421875,85187.7734375
train,1408,99341.7265625,99285.765625
train,914,69078.5703125,68592.0703125
train,6659,78011.140625,77692.375
train,3277,116242.09375,116353.703125
train,7306,91534.609375,91446.0234375
train,3880,81280.6484375,81050.265625
train,7028,89437.7109375,89304.96875
train,1872,72316.9140625,71872.234375
train,4825,86497.953125,86348.7109375
train,3546,137099.734375,137262.96875
train,260,73716.25,73335.421875
train,4787,81353.796875,81097.4921875
train,666,94549.0703125,94474.9765625
train,211,81463.0078125,81240.1171875
train,3541,103589.9453125,103683.5859375
train,1450,91102.9140625,91031.171875
train,7158,138298.1875,138402.921875
train,8675,118196.1640625,118282.2265625
train,1275,79516.8203125,79186.859375
train,3554,108207.359375,108244.71875
train,7209,114611.6171875,114686.5859375
train,921,78841.0,78482.6015625
train,8528,71334.7109375,70929.953125
train,2646,92239.4765625,92183.53125
train,2209,81032.671875,80753.8203125
train,5191,103015.8671875,102961.28125
train,4902,87446.3671875,87347.2890625
train,1780,75630.7734375,75226.8359375
train,4923,101681.640625,101630.53125
train,7091,75239.2578125,74840.015625
train,2794,144617.890625,144805.0
train,8243,81005.0390625,80750.1484375
train,939,118054.9609375,118077.625
train,1752,109908.6484375,110044.265625
train,318,89543.4140625,89378.5390625
train,4849,111780.953125,111870.234375
train,3312,104091.90625,104174.328125
train,7912,84939.15625,84723.21875
train,8410,100962.5703125,100859.40625
train,1278,67244.3671875,66640.859375
train,3971,98878.8828125,98807.8125
train,2316,118252.3984375,118257.8671875
train,7527,112026.984375,111991.921875
train,4134,136781.453125,136938.171875
train,5932,76392.7578125,76032.515625
train,1299,94561.65625,94475.71875
train,134,114179.25,114231.9375
train,5912,101224.796875,101165.3203125
train,657,90719.2265625,90585.21875
train,1952,106142.15625,106202.1875
train,6020,88506.03125,88365.7734375
train,2751,79922.2265625,79664.8125
train,6915,92251.2578125,92210.734375
train,3064,71077.6328125,70673.765625
train,6702,76644.7421875,76348.0390625
train,6037,94417.40625,94370.59375
train,6000,78395.765625,78117.34375
train,6286,131858.578125,131973.328125
train,2718,102363.8359375,102367.9921875
train,6618,85918.453125,85743.953125
train,3091,110123.28125,110165.8984375
train,5381,84323.8671875,84086.71875
train,6992,105181.9296875,105257.5625
train,7275,97340.359375,97304.0234375
train,4182,91154.59375,90996.4921875
train,7228,110235.921875,110222.3515625
train,4297,93003.25,92911.703125
train,3661,120145.2734375,120207.828125
train,5076,84987.2890625,84779.453125
train,4733,91809.375,91671.7734375
train,5886,88416.9296875,88235.21875
train,4784,86782.0390625,86614.421875
train,2357,75229.1953125,74807.8125
train,4846,91615.0625,91587.40625
train,4523,133129.90625,133135.4375
train,5565,85581.5625,85401.6171875
train,894,82053.9375,81811.40625
train,6605,129473.546875,129585.2265625
train,504,126396.234375,126482.4921875
train,546,90864.0078125,90731.2265625
train,8223,86024.5859375,85797.9453125
train,66,68785.625,68344.3203125
train,2606,101820.5,101756.1953125
train,8116,67912.4453125,67380.65625
train,1566,66952.4375,66391.6796875
train,407,107247.7734375,107298.5859375
train,5861,102440.46875,102398.640625
train,3642,106006.6171875,106117.1328125
train,3618,111293.609375,111373.6796875
train,3637,105036.7109375,105080.609375
train,8700,86620.6171875,86453.9765625
train,6650,142695.921875,142894.515625
train,6797,105395.375,105439.5546875
train,2458,90690.828125,90548.2265625
train,6298,129609.265625,129853.6875
train,645,95212.9765625,95072.875
train,5307,134814.078125,134916.34375
train,754,102371.2421875,102340.0703125
train,4206,125739.8671875,125667.890625
train,5963,95609.109375,95549.0625
train,1654,75547.9921875,75274.0390625
train,449,143681.171875,143882.328125
train,4299,89064.53125,88901.1484375
train,4668,68878.25,68358.765625
train,6554,70473.3984375,69986.65625
train,6951,122183.09375,122219.65625
train,734,90289.546875,90115.3671875
train,3156,100101.8515625,100027.8359375
train,7519,100372.8203125,100303.4765625
train,4731,81415.1484375,81100.265625
train,834,72528.6953125,72023.96875
train,3392,85450.765625,85265.71875
train,6352,94332.5703125,94209.0390625
train,547,80756.140625,80448.0
train,2282,123469.1640625,123515.6875
train,600,89442.0,89331.7109375
train,2442,81514.453125,81238.4296875
train,7577,94050.1171875,94009.59375
train,7602,100954.2578125,100908.28125
train,5936,107242.9453125,107255.5546875
train,6587,122517.8984375,122624.984375
train,2343,84960.1875,84741.046875
train,6481,85807.3125,85597.8671875
train,6432,116118.765625,116189.5234375
train,3456,71601.1328125,71130.8125
train,7427,85596.1015625,85383.78125
train,2712,72415.859375,72009.1015625
train,4194,90997.6875,90912.7265625
train,371,76726.3125,76403.03125
train,10,127413.8515625,127475.0078125
train,5642,88351.21875,88193.1796875
train,3802,113438.640625,113509.1640625
train,7020,110338.5078125,110404.265625
train,674,108909.921875,108922.71875
train,2829,149737.40625,149916.8125
train,6896,118005.8828125,118053.265625
train,1049,88149.234375,88046.4609375
train,5809,85459.59375,85257.3125
train,5446,88008.359375,87908.015625
train,8548,76721.046875,76391.9375
train,1133,107680.6953125,107684.6796875
train,4458,117926.078125,117982.5703125
train,2777,89919.5859375,89694.328125
train,5654,69082.4375,68597.421875
train,8172,74985.6953125,74700.40625
train,7627,86494.6015625,86314.953125
train,7116,72335.953125,71862.5
train,1959,76159.8125,75867.171875
train,539,111493.875,111508.90625
train,6572,85998.5234375,85815.5234375
train,8052,113724.65625,113780.53125
train,4276,98456.9296875,98358.5546875
train,659,97381.609375,97339.5390625
train,690,76274.2421875,75911.828125
train,6515,97504.96875,97496.6171875
train,1150,126892.4921875,126990.4375
train,6725,138786.65625,138883.65625
train,2569,86112.796875,85946.0234375
train,1788,92156.1171875,92003.3828125
train,3237,83294.9609375,83019.0703125
train,1587,71500.09375,71038.3046875
train,5176,94112.3828125,93967.6171875
train,3973,80134.28125,79827.9375
train,378,100745.359375,100654.625
train,3575,87835.1015625,87659.9921875
train,4751,94435.1171875,94315.75
train,2571,95800.09375,95763.3359375
train,7852,133608.125,133746.34375
train,7124,91774.7421875,91654.6171875
train,8473,118466.046875,118569.984375
train,1502,92773.7109375,92670.9921875
train,6954,95409.4375,95301.4453125
train,4211,113669.0703125,113740.1484375
train,7589,104248.7265625,104302.5390625
train,7744,132950.359375,133159.59375
train,7284,78630.6171875,78324.7109375
train,5280,89598.71875,89511.8203125
train,2405,71360.4296875,70904.9765625
train,4486,68962.140625,68415.421875
train,1374,93262.6640625,93089.125
train,7347,87664.8203125,87500.6328125
train,51,100540.234375,100487.0859375
train,2328,86367.546875,86187.3359375
train,2141,111870.7421875,111927.328125
train,6306,78230.453125,77962.7421875
train,1778,118467.8671875,118579.828125
train,4711,100278.8359375,100173.0859375
train,4729,69573.3984375,69065.53125
train,5350,93975.21875,93866.2734375
train,3440,81237.6484375,80990.203125
train,8068,109025.65625,109023.0
train,7975,73370.84375,73029.1015625
train,7149,82013.5078125,81768.9375
train,7620,109223.578125,109286.8984375
train,4452,81760.3671875,81514.03125
train,1201,85271.390625,84969.828125
train,1736,76370.8984375,75971.7734375
train,1492,76164.984375,75782.234375
train,1126,86458.40625,86323.40625
train,7117,109354.3203125,109373.5625
train,7324,88153.8671875,88120.6171875
train,6059,81584.234375,81316.71875
train,4597,87522.453125,87359.3671875
train,1608,79126.265625,78820.4921875
train,981,118650.6875,118647.859375
train,7669,131497.59375,131649.015625
train,5896,78622.7578125,78361.921875
train,8644,95674.3046875,95583.3359375
train,4818,100392.3046875,100350.796875
train,2814,95794.875,95718.921875
train,8556,87574.1796875,87448.8203125
train,831,72133.3203125,71713.4375
train,6215,86809.5859375,86652.3984375
train,2909,98383.203125,98333.484375
train,6271,114984.75,114979.0859375
train,1322,85670.6953125,85484.09375
train,2024,94637.0234375,94671.2890625
train,7658,107651.015625,107750.46875
train,4119,94062.3203125,94010.9140625
train,8055,115385.859375,115380.1875
train,2680,96987.9609375,96930.4140625
train,6387,81919.625,81592.8125
train,8559,80542.984375,80269.25
train,6732,122705.296875,122830.828125
train,4411,114215.6328125,114246.828125
train,7016,141656.421875,141832.546875
train,1676,73864.875,73468.5703125
train,3292,108507.4140625,108556.625
train,8658,104732.0859375,104769.578125
train,4645,109677.8828125,109722.546875
train,4313,101647.6796875,101618.3515625
train,2628,90151.421875,90051.4453125
train,3285,93737.3828125,93550.96875
train,5757,91620.171875,91510.0625
train,3273,81758.7890625,81550.3046875
train,307,90133.0078125,89966.671875
train,5094,93675.0234375,93618.9609375
train,6679,93333.7578125,93227.890625
train,3701,112662.640625,112775.109375
train,8519,93204.1484375,93059.8125
train,7736,79596.390625,79302.0859375
train,6234,90095.359375,90012.7421875
train,8724,117789.2578125,117920.421875
train,6288,103584.0234375,103636.5625
train,235,67950.8203125,67443.171875
train,107,127401.90625,127456.890625
train,2724,109049.6484375,109209.9609375
train,534,97703.9140625,97640.46875
train,6009,89983.1015625,89908.6484375
train,5008,94668.140625,94569.109375
train,979,73063.25,72683.7578125
train,8059,86320.2578125,86169.7890625
train,6450,90445.765625,90308.9453125
train,908,88989.421875,88867.15625
train,2520,76089.7109375,75722.734375
train,7216,93828.46875,93722.078125
train,1505,102890.578125,102964.96875
train,8169,110052.4765625,110120.21875
train,8518,83049.6171875,82884.0234375
train,4851,90382.2421875,90086.921875
train,6361,72208.375,71792.75
train,3029,113860.7578125,113858.4453125
train,2875,69671.5625,69262.15625
train,2219,102774.4921875,102772.6484375
train,5727,78647.2421875,78305.2421875
train,40,103580.203125,103615.0859375
train,7633,124673.1953125,124757.9296875
train,5423,133063.46875,133191.015625
train,1480,111422.625,111700.4921875
train,725,89832.78125,89652.640625
train,1790,134789.65625,134890.71875
train,5461,112602.5859375,112705.8515625
train,6420,78925.65625,78678.359375
train,822,98015.2890625,97960.3671875
train,2983,91911.9375,91773.515625
train,4086,83653.453125,83443.203125
train,4850,155064.640625,155176.703125
train,7845,99363.6015625,99343.46875
train,5459,92688.3515625,92566.3203125
train,4425,71836.671875,71403.359375
train,3840,100552.984375,100407.1875
train,8137,94175.7109375,94090.3515625
train,2536,86233.234375,86016.921875
train,1288,85903.8515625,85696.359375
train,5670,87713.9375,87568.7265625
train,967,109492.3515625,109548.2734375
train,599,106752.484375,106845.359375
train,8587,86803.96875,86630.6640625
train,2043,83314.0390625,83083.96875
train,5063,90788.765625,90711.015625
train,1285,93089.1640625,93007.359375
train,4298,84167.1015625,83925.921875
train,346,82238.5390625,81994.9609375
train,1882,123731.53125,123779.9921875
train,2464,117553.71875,117616.734375
train,4380,77430.234375,77104.78125
train,3154,66780.8359375,66270.09375
train,8145,73556.84375,73171.1953125
train,1098,106889.3671875,106962.7734375
train,7542,96811.8515625,96779.2265625
train,6694,95753.6953125,95673.96875
train,3514,84749.7421875,84544.328125
train,976,96197.375,96208.65625
train,6075,145936.1875,146121.5
train,4302,79612.1953125,79246.3125
train,3969,85267.296875,85092.3125
train,5177,78659.9921875,78278.15625
train,4649,110980.328125,111033.40625
train,1671,89696.3359375,89609.859375
train,1550,66367.609375,65766.953125
train,1729,94049.546875,93980.5
train,1807,88718.4296875,88591.8359375
train,6427,117194.5703125,117233.4609375
train,3810,86233.390625,86034.6328125
train,8733,77821.4453125,77573.375
train,36,84672.4453125,84402.9921875
train,7955,81433.09375,81147.1484375
train,3975,80224.421875,79881.84375
train,3689,90567.390625,90448.6015625
train,302,100538.59375,100482.828125
train,7902,70544.1796875,70094.40625
train,2501,84087.46875,83881.8828125
train,4706,81162.1171875,80867.453125
train,3566,110898.15625,110873.859375
train,1115,96029.421875,95875.6484375
train,1111,130630.8203125,130722.3125
train,5230,84451.6484375,84167.09375
train,717,89896.0078125,89816.3359375
train,5655,101467.578125,101406.9609375
train,3397,81742.3359375,81391.7890625
train,2303,84364.1015625,84083.1171875
train,882,69703.765625,69293.5390625
train,8221,86075.1640625,85908.125
train,7794,100196.2421875,100096.6640625
train,8515,115216.421875,115310.296875
train,2866,109879.9765625,109930.984375
train,7586,97096.71875,96984.0234375
train,297,86295.3125,86068.109375
train,5103,75831.1796875,75451.8046875
train,6001,114034.796875,114078.8828125
train,8045,89568.484375,89498.7890625
train,7547,98555.90625,98482.6328125
train,1886,73369.609375,73028.515625
train,8161,106020.34375,106042.3828125
train,7484,89478.0546875,89342.234375
train,5470,108371.1328125,108327.5234375
train,111,68842.703125,68375.9296875
train,358,97639.734375,97570.96875
train,3731,102492.03125,102509.4140625
train,2585,75038.15625,74689.734375
train,1347,93984.2578125,93880.5546875
train,3217,81795.75,81569.25
train,1831,85315.9453125,85154.828125
train,1710,82918.25,82628.640625
train,1090,134967.71875,135099.4375
train,6034,95912.625,95856.75
train,4644,94648.7890625,94568.546875
train,5287,98871.0625,98739.984375
train,5494,93841.78125,93619.8828125
train,7818,95563.84375,95538.59375
train,5849,81791.53125,81574.3671875
train,5369,80323.984375,80033.2734375
train,4199,110353.5,110363.4140625
train,8240,71680.90625,71273.9765625
train,8123,103533.375,103625.9765625
train,6186,98714.3359375,98696.90625
train,3987,81109.578125,80841.875
train,8687,104529.1796875,104536.96875
train,7198,99471.5,99381.8203125
train,4826,110861.34375,110921.34375
train,5447,120331.09375,120411.71875
train,833,71175.3125,70710.3828125
train,2803,102540.046875,102520.7421875
train,2191,80299.359375,79986.78125
train,5768,72026.8671875,71599.640625
train,2919,96965.671875,96933.265625
train,7718,90719.5546875,90589.921875
train,4480,105506.84375,105608.0234375
train,1320,110589.5546875,110725.0234375
train,579,71264.8046875,70888.515625
train,6451,93539.8046875,93436.4609375
train,4246,109210.8984375,109258.0546875
train,1928,64209.77734375,63600.3671875
train,218,112815.5703125,112820.703125
train,8099,83360.5546875,83066.2109375
train,2490,97199.7890625,97189.0390625
train,3254,105741.796875,105864.1953125
train,2117,85685.4453125,85495.25
train,5484,98038.78125,98004.8125
train,1829,106918.921875,106947.296875
train,4200,86709.078125,86594.953125
train,2364,95705.890625,95636.4921875
train,5295,84821.0390625,84621.2109375
train,8676,103044.6015625,103038.4453125
train,3141,96297.34375,96159.03125
train,2792,100763.84375,100743.1484375
train,1076,108808.453125,108787.6171875
train,3662,87627.109375,87398.1015625
train,2623,100872.328125,100792.3828125
train,6758,67791.875,67221.65625
train,5450,82934.1484375,82711.7734375
train,4915,92788.171875,92689.9453125
train,7166,113696.359375,113702.390625
train,6320,75746.0546875,75365.1171875
train,1741,113888.53125,113823.484375
train,1016,88349.1171875,88226.015625
train,2830,90478.78125,90383.8125
train,6148,77672.4765625,77327.40625
train,5986,90305.9609375,90172.40625
train,334,111803.765625,111791.7421875
train,1130,89207.1484375,89096.140625
train,4965,100132.3046875,100040.4921875
train,6013,107772.5859375,107886.1796875
train,2038,121122.1796875,121240.3125
train,4695,108507.7421875,108587.53125
train,2279,90960.0625,90877.84375
train,3113,140353.5,140465.9375
train,3696,98052.3828125,97947.828125
train,7328,85295.78125,85098.34375
train,887,115727.9296875,115752.4765625
train,1619,89957.984375,89840.28125
train,3322,78870.703125,78581.796875
train,7646,83398.859375,83088.2421875
train,2025,74948.390625,74553.75
train,2078,89645.953125,89583.4765625
train,1814,77785.0234375,77516.578125
train,3770,104245.4453125,104381.8984375
train,5338,91633.40625,91527.8828125
train,4128,84106.0703125,83923.4453125
train,861,104681.1875,104770.5
train,6723,95597.09375,95548.28125
train,5260,95774.8671875,95659.6328125
train,4434,90884.296875,90802.6875
train,5949,100505.8515625,100512.3359375
train,3549,76770.46875,76354.8359375
train,2192,100767.2265625,100700.3359375
train,7407,100781.09375,100672.3359375
train,664,99987.2734375,99924.2265625
train,394,100111.421875,100045.9453125
train,1845,88571.890625,88509.9296875
train,4605,76229.8984375,75916.234375
train,8754,73438.640625,73104.9375
train,2958,131357.875,131376.578125
train,2839,92552.1328125,92480.734375
train,3997,101495.6640625,101461.7421875
train,5475,85169.375,84902.0234375
train,794,101981.9296875,101969.609375
train,7966,96109.71875,96000.484375
train,1846,83328.6640625,83038.234375
train,5351,80559.4453125,80211.359375
train,4957,93376.0078125,93283.015625
train,6894,98577.1171875,98496.6953125
train,5017,91481.8671875,91394.1875
train,6588,82090.1953125,81818.3046875
train,3688,78305.84375,78038.8828125
train,2846,102231.4609375,102218.484375
train,3351,115330.546875,115354.0703125
train,3918,102090.0859375,102139.7421875
train,3846,101182.4609375,101127.59375
train,3378,107401.078125,107457.3046875
train,3936,86344.7734375,86180.5390625
train,1610,88992.84375,88861.578125
train,6711,83236.8203125,82971.84375
train,7615,89401.0234375,89274.484375
train,1369,142764.078125,142915.8125
train,7279,103710.5625,103756.7890625
train,2495,85842.3515625,85621.984375
train,6633,91127.046875,91006.671875
train,8590,77957.5078125,77673.1015625
train,1482,107731.0078125,107761.578125
train,1893,83951.5625,83675.3515625
train,8043,119571.421875,119588.5546875
train,6901,94520.59375,94511.40625
train,3172,70796.390625,70331.59375
train,4335,91369.6796875,91254.265625
train,1301,116446.453125,116515.1015625
train,7042,79349.7265625,79069.828125
train,3396,96317.546875,96244.8359375
train,7843,90225.9765625,90106.8203125
train,8261,85965.8984375,85856.5859375
train,4693,80502.859375,80189.703125
train,2130,90890.390625,90794.921875
train,5832,79828.46875,79508.8671875
train,4424,99399.4765625,99381.4453125
train,7070,64732.42578125,64176.2890625
train,4027,94456.78125,94354.75
train,3276,70961.6796875,70506.75
train,5276,143354.28125,143439.25
train,2496,87776.625,87673.296875
train,2921,103305.7109375,103302.21875
train,5562,76744.5234375,76431.6484375
train,5399,121960.4375,122077.21875
train,7451,85366.0546875,85176.671875
train,4686,68897.8984375,68427.8828125
train,8234,81548.5625,81338.515625
train,8037,121489.375,121576.4609375
train,7649,86213.8046875,85662.6640625
train,1683,89468.6484375,89308.34375
train,3670,99764.859375,99670.9453125
train,489,107129.5,107110.9375
train,4843,108649.484375,108682.140625
train,5343,77291.7265625,76943.25
train,521,83678.796875,83487.421875
train,7806,109932.0078125,109974.234375
train,4869,64747.4296875,64178.8984375
train,3236,113110.7890625,113165.984375
train,4258,78529.6796875,78232.296875
train,7737,72010.6015625,71643.46875
train,8471,103648.859375,103703.6875
train,1516,97621.5859375,97564.9296875
train,2336,87200.1171875,87107.4765625
train,7734,85092.71875,84855.265625
train,2971,136193.71875,136222.90625
train,3573,93182.265625,93111.1875
train,5673,77165.984375,76742.40625
train,8070,103531.6796875,103592.0
train,7457,71664.046875,71229.03125
train,460,93665.6484375,93563.0234375
train,2414,85456.046875,85205.34375
train,6816,67650.4921875,67137.875
train,3882,93642.0625,93521.421875
train,7567,90918.4140625,90749.78125
train,6601,84907.46875,84662.03125
train,1721,112204.3125,112285.734375
train,0,82288.6875,82038.4453125
train,4507,104689.484375,104776.7890625
train,4664,84638.875,84412.328125
train,3482,123139.1796875,123272.390625
train,8655,122369.4296875,122533.25
train,3871,80503.0546875,80256.3671875
train,5422,99415.59375,99332.7890625
train,6005,85494.390625,85298.65625
train,5738,112476.1953125,112555.390625
train,6530,116411.2265625,116497.9296875
train,3053,122538.359375,122646.6640625
train,3913,103057.1796875,103048.375
train,3046,105911.96875,105993.2578125
train,7876,114699.5390625,114727.59375
train,5801,83786.140625,83512.375
train,1184,120123.8125,120180.671875
train,7994,91436.46875,91290.625
train,2334,106436.0234375,106410.3203125
train,8532,85128.03125,84880.359375
train,7041,80496.765625,80229.3359375
train,3660,69766.0234375,69298.3125
train,721,88326.890625,88161.7578125
train,4580,90094.7578125,89954.90625
train,1768,81437.2578125,81188.34375
train,4339,126878.484375,126943.28125
train,6418,81088.2265625,80803.171875
train,4665,138957.3125,139239.265625
train,7614,79898.71875,79563.46875
train,8390,90852.8125,90738.9609375
test,2208,91100.953125,91049.3203125
test,588,120138.6328125,120260.984375
test,5352,132147.46875,132266.796875
test,7065,74984.9609375,74571.03125
test,6956,83390.2109375,83198.6796875
test,4213,128425.421875,128470.65625
test,20,90537.2578125,90456.671875
test,7844,82079.0078125,81767.28125
test,3095,82436.7109375,82181.5625
test,5030,127782.1875,127866.3984375
test,5201,116293.65625,116296.296875
test,6456,102672.6171875,102705.8515625
test,4895,136455.109375,136677.90625
test,8723,110949.9453125,111093.71875
test,6638,78894.921875,78592.3984375
test,6805,77408.234375,77024.4140625
test,2020,78559.9375,78278.625
test,3808,89726.1875,89579.8828125
test,7938,91091.96875,90953.8828125
test,6489,70548.2109375,70106.2890625
test,1006,116164.75,116171.3125
test,179,117054.9140625,117124.859375
test,189,118593.0390625,118679.4453125
test,3318,67640.3359375,67156.2109375
test,1851,78534.015625,78222.4453125
test,7696,92867.625,92697.7109375
test,5458,89491.2421875,89391.0546875
test,5460,96992.4140625,96934.0703125
test,7388,85110.328125,84859.765625
test,4898,117686.65625,117864.1953125
test,2912,70110.390625,69600.1015625
test,7039,71101.9453125,70635.3359375
test,8332,101759.546875,101731.3515625
test,4062,84839.46875,84663.4609375
test,6790,84822.4296875,84596.6640625
test,6914,80581.5390625,80259.828125
test,6348,89001.0625,88903.078125
test,6848,68051.640625,67480.7890625
test,852,108039.421875,108101.390625
test,2695,67245.3125,66708.984375
test,8634,100880.5625,100811.734375
test,44,102050.3203125,102043.25
test,7058,81381.7734375,81079.953125
test,4479,112265.2890625,112275.109375
test,25,97509.875,97503.6953125
test,1061,99200.0,99167.6796875
test,4156,110661.7421875,110708.5546875
test,1056,111023.4296875,111075.953125
test,3497,73148.9609375,72741.0859375
test,2653,83093.1328125,82841.0
test,4824,120624.390625,120817.2578125
test,391,97655.8125,97615.09375
test,4730,119860.8828125,119930.796875
test,6775,69137.0234375,68566.8671875
test,1739,92396.09375,92280.9609375
test,7805,77822.3203125,77441.234375
test,7357,90655.171875,90533.671875
test,3663,82083.234375,81861.3046875
test,8671,85266.2421875,85084.7421875
test,3146,80342.4765625,80067.859375
test,340,110620.3671875,110710.0859375
test,7847,92030.703125,91916.109375
test,6135,85377.640625,85220.890625
test,3195,79520.53125,79218.140625
test,4445,86208.0078125,86030.5703125
test,5750,87934.1328125,87855.4453125
test,7855,80393.5546875,80060.46875
test,3658,75857.4375,75512.2890625
test,875,102457.3515625,102449.0234375
test,7317,80673.2734375,80293.4296875
test,7044,88376.2578125,88187.6328125
test,2268,76174.7734375,75853.34375
test,5844,70603.3984375,70219.8125
test,7009,81508.2265625,81222.7109375
test,1426,80980.6796875,80724.9609375
test,2152,86576.859375,86388.0703125
test,3651,72941.0234375,72549.3046875
test,5748,84575.6640625,84447.59375
test,3640,70784.453125,70389.765625
test,2689,87428.4921875,87207.2265625
test,7823,90398.015625,90239.625
test,5263,82316.96875,82128.9765625
test,5776,92246.9140625,92220.7109375
test,727,84045.9921875,83862.265625
test,2099,72734.65625,72350.8984375
test,590,115592.9609375,115719.78125
test,4157,104645.078125,104683.5234375
test,2062,85900.640625,85673.4453125
test,6053,72821.40625,72385.578125
test,7556,100454.7578125,100355.0
test,3828,88870.703125,88694.109375
test,595,99692.1640625,99669.875
test,7621,97519.4375,97414.484375
test,6740,90653.984375,90533.390625
test,6687,93142.0078125,93000.53125
test,3213,97387.71875,97308.6640625
test,7628,88268.8125,88030.5390625
test,2416,93373.84375,93239.5
test,4534,137948.171875,138081.65625
test,790,102777.5859375,102834.8203125
test,4372,96147.9453125,96095.7578125
test,136,117914.5625,117987.71875
test,931,101121.953125,101079.015625
test,1500,103547.65625,103612.7734375
test,2948,89417.1171875,89236.421875
test,4762,95610.1484375,95546.40625
test,4449,76841.6796875,76487.71875
test,6092,106475.9375,106524.859375
test,1555,96668.328125,96608.015625
test,3588,84815.609375,84606.7734375
test,3529,85671.8515625,85538.8046875
test,5217,84731.2265625,84553.3671875
test,3623,80051.578125,79818.2734375
test,1908,96958.8203125,96853.625
test,6144,96687.3828125,96701.9296875
test,5126,85315.7421875,85139.71875
test,7544,89670.578125,89566.6875
test,1687,73648.9609375,73287.6171875
test,5614,116594.21875,116656.2734375
test,6488,70481.9375,70036.359375
test,6325,79777.8671875,79553.7265625
test,2807,79252.34375,78925.8515625
test,1153,117837.3515625,117871.671875
test,4350,95419.421875,95327.171875
test,2119,64434.828125,63881.546875
test,5681,105968.3828125,106049.3359375
test,471,122757.7890625,122832.703125
test,3478,76770.7578125,76448.2890625
test,1931,83524.1796875,83318.71875
test,1108,91855.515625,91791.3359375
test,7477,77544.8671875,77199.6171875
test,2510,85451.375,85236.5546875
test,1871,87804.546875,87667.8671875
test,171,112703.09375,112770.6484375
test,2869,83221.96875,83051.4765625
test,7796,90755.3125,90586.6953125
test,3863,108159.1796875,108183.3515625
test,6455,106550.171875,106672.5390625
test,1216,119708.640625,119761.84375
test,2957,70812.609375,70343.953125
test,1614,80095.5078125,85355.3125
test,899,99504.4296875,99435.328125
test,6940,73884.5703125,73494.8203125
test,6928,81016.0859375,80722.6953125
test,8413,112446.265625,112588.046875
test,6746,80624.8671875,80276.75
test,8138,111567.4609375,111597.75
test,694,99471.6484375,99417.6640625
test,7913,92344.953125,92241.5
test,2315,90874.5703125,90782.0390625
test,4234,101953.9765625,101852.859375
test,1553,97031.9140625,96963.2578125
test,7008,84499.5234375,84277.875
test,618,95051.2109375,94979.2265625
test,8237,101366.4453125,101362.65625
test,1581,92209.3515625,92030.8125
test,6175,73270.0390625,72899.3515625
test,7362,86864.4453125,86684.703125
test,3343,68038.4375,67540.453125
test,5065,135522.84375,135649.984375
test,8133,116135.7421875,116109.078125
test,2294,78993.0,78677.3046875
test,6833,78583.5,78257.8984375
test,4671,123316.3359375,123408.203125
test,6978,78218.3515625,77880.2421875
test,8220,126139.375,126211.7578125
test,8032,100109.703125,99968.3984375
test,3420,82037.4375,81853.9453125
test,8306,113349.734375,113367.28125
test,7606,96305.6484375,96212.875
test,566,123661.3828125,123823.65625
test,858,103009.6328125,102958.1171875
test,2568,85024.421875,84767.875
test,2666,81634.59375,81351.6640625
test,5539,119021.8359375,119073.046875
test,6155,71924.265625,71548.75
test,7688,80322.3671875,79995.5078125
test,4324,102197.703125,102128.6875
test,1861,87625.8671875,87450.9609375
test,1510,90857.8984375,90748.9375
test,673,105939.4140625,106035.4140625
test,6170,92174.171875,92134.125
test,1577,92231.65625,92093.8359375
test,753,80713.328125,80500.6484375
test,6645,101319.8671875,101231.1015625
test,1425,79036.0078125,78748.171875
test,6230,92369.5703125,92089.21875
test,2591,83400.046875,83132.0546875
test,7988,92980.2265625,92867.3125
test,5777,94034.8515625,94012.546875
test,1603,80524.65625,80242.34375
test,3443,69546.6796875,69130.46875
test,7812,81260.4765625,80934.7109375
test,493,139202.78125,139476.484375
test,5868,84233.1015625,84074.3984375
test,4332,107549.8046875,107543.65625
test,824,80304.96875,80038.546875
test,8272,108245.6484375,108234.0390625
test,5687,106971.8828125,106993.6015625
test,3290,85378.78125,85144.5078125
test,4726,140127.890625,140270.71875
test,8290,105823.2421875,105823.765625
test,5804,87913.921875,87831.6875
test,8758,113628.546875,113725.0
test,1360,88695.046875,88552.3203125
test,4117,97274.8125,97159.7890625
test,2598,66364.359375,65871.9921875
test,3198,70586.578125,70096.25
test,5093,87144.1015625,87071.6640625
test,6677,72784.3125,72315.4921875
test,4365,133000.03125,133135.765625
test,4366,130048.375,130172.671875
test,4777,114442.953125,114478.359375
test,7920,95808.7265625,95741.234375
test,3891,94788.625,94690.125
test,1091,96202.2421875,96158.0859375
test,2252,85764.40625,85635.078125
test,4643,88290.2734375,88107.5546875
test,4388,132702.796875,132786.5625
test,1754,82449.84375,82250.8125
test,1530,90834.1484375,90770.7734375
test,1370,91020.90625,90912.046875
test,5478,90971.4609375,90919.8984375
test,2994,88005.4453125,87854.625
test,6266,95563.4140625,95490.328125
test,2455,74789.890625,74331.140625
test,2552,78387.9765625,78000.2734375
test,4600,128485.0390625,128632.1875
test,2877,95776.515625,95631.390625
test,1571,103565.3515625,103633.140625
test,1454,97918.375,97929.5234375
test,3711,97891.9296875,97830.546875
test,7123,83166.984375,82963.796875
test,7853,81367.2109375,81045.484375
test,741,97063.390625,97024.5625
test,4841,122814.0546875,122922.8671875
test,959,102840.2265625,102886.453125
test,2540,80835.265625,80543.2265625
test,8507,93625.0,93512.1171875
test,5862,69267.640625,68820.4140625
test,7741,97284.328125,97159.1953125
test,2944,84173.8515625,83925.4453125
test,698,100057.0234375,100039.609375
test,5113,96597.9296875,96654.5625
test,6151,70729.3828125,70347.28125
test,7618,89906.5234375,89725.734375
test,4103,118712.0625,118779.25
test,4177,147204.375,147349.109375
test,5269,100596.734375,100562.8046875
test,6532,81772.046875,81464.09375
test,4222,148346.453125,148502.0625
test,306,104356.0234375,104323.6875
test,259,102850.75,102784.0234375
test,3902,103352.2421875,103377.0859375
test,5851,91815.1328125,91771.578125
test,3900,93387.9375,93257.046875
test,3593,91510.2109375,91412.2734375
test,561,113954.953125,114022.0859375
test,3735,102327.2578125,102211.265625
test,2832,90787.125,90643.7578125
test,2101,75997.9765625,75663.0859375
test,8747,108367.21875,108450.4765625
test,4680,128016.53125,128146.6484375
test,5384,91968.453125,91974.046875
test,2494,85610.28125,85407.0234375
test,7677,84940.796875,84732.796875
test,2462,78801.34375,78552.2109375
test,4460,129922.875,130017.8671875
test,2281,82752.21875,82576.0234375
test,6403,106048.328125,106128.734375
test,197,109933.3828125,109986.5859375
test,6843,73121.28125,72657.109375
test,7245,91524.234375,91417.3828125
test,335,122332.3203125,122440.6953125
test,7335,77209.6484375,76799.3359375
test,8508,96608.7265625,96563.890625
test,380,112914.4453125,112999.4375
test,200,109012.3203125,109048.53125
test,4799,118137.515625,118261.4765625
test,187,113629.8359375,113719.6875
test,3037,81479.578125,81245.53125
test,4528,133911.4375,133986.34375
test,5015,148505.875,148680.515625
test,1544,80853.671875,80651.2578125
test,4743,127275.4453125,127288.3515625
test,4252,102347.640625,102308.6796875
test,3657,70983.1875,70531.625
test,5131,98804.828125,98746.4921875
test,5327,126208.1015625,126316.359375
test,3524,87200.8359375,87064.6640625
test,5170,81185.7734375,80927.546875
test,3611,70034.0625,69632.4296875
test,4108,90934.859375,90842.96875
test,648,111136.1484375,111246.390625
test,5026,100922.1484375,100825.3125
test,8579,88438.96875,88281.75
test,375,121235.8125,121345.5390625
test,1162,112494.2734375,112511.6484375
test,4318,137557.109375,137704.609375
test,1883,89289.0546875,89106.546875
test,934,105451.6796875,105492.078125
test,1453,100355.2890625,100370.703125
test,3728,76364.390625,76007.40625
test,7956,96780.5625,96692.2265625
test,6787,82702.3046875,82462.6875
test,2387,94219.390625,94085.3984375
test,6568,89267.8671875,89154.3125
test,542,133966.96875,134082.65625
test,7004,80775.25,80472.3125
test,4669,111896.8671875,111945.265625
test,2369,85414.6015625,85213.3828125
test,4714,100380.2734375,100256.03125
test,2426,86875.3046875,86679.203125
test,4951,93600.953125,93502.84375
test,1848,88949.0,88822.6328125
test,1501,101744.84375,101711.6015625
test,8000,85475.109375,85239.078125
test,3782,89147.890625,89000.40625
test,3509,66085.6015625,65547.75
test,1541,82425.4140625,82226.6328125
test,3377,87621.8046875,87476.2265625
test,5676,91515.84375,91501.15625
test,4155,118135.5703125,118326.203125
test,7171,75860.1640625,75486.5859375
test,2122,66779.7109375,66269.34375
test,1755,78653.6953125,78389.25
test,4162,102397.140625,102325.6171875
test,7242,87654.9453125,87502.1328125
test,5406,90937.859375,90863.6171875
test,2306,80577.6875,80310.6796875
test,5918,91105.5625,91048.984375
test,7454,90267.5,90170.640625
test,8752,107883.3984375,107917.421875
test,4268,121947.234375,122027.7109375
test,2753,87504.6328125,87272.2421875
test,1442,96903.109375,96880.8203125
test,1169,111552.25,111527.3984375
test,8047,93626.6953125,93428.8671875
test,7773,96835.25,96735.609375
test,606,96921.4375,96913.4296875
test,5247,110203.3984375,110217.3125
test,3776,74586.0625,74225.125
test,7162,75262.40625,74795.59375
test,1497,90453.625,90395.6328125
test,5345,130988.8828125,131049.703125
test,533,122009.9296875,122081.796875
test,1316,88926.5390625,88748.5234375
test,4092,90745.9609375,90620.53125
test,7666,69840.09375,69399.46875
test,4115,83131.4609375,82875.484375
test,4055,121495.640625,121574.25
test,363,117859.5625,118004.8125
test,8427,102498.765625,102521.3125
test,8280,118319.8984375,118314.921875
test,7673,76930.65625,76608.4609375
test,7889,93413.609375,93292.7109375
test,6948,87576.25,87375.90625
test,524,124096.8671875,124187.25
test,7283,90180.640625,90020.3203125
test,1154,115518.515625,115547.703125
test,5062,149493.640625,149675.203125
test,3600,89369.7109375,89275.953125
test,6499,107012.3125,107048.859375
test,3625,79424.1640625,79199.4609375
test,2088,85134.8671875,84960.1015625
test,1536,96905.7578125,96882.1015625
test,5331,100820.4921875,100805.71875
test,3070,92336.90625,92274.1640625
test,5433,89433.453125,89300.6328125
test,5021,103761.78125,103819.0625
test,613,103079.28125,103133.578125
test,3228,87513.2890625,87317.953125
test,2612,82899.703125,82627.421875
test,1787,72008.4609375,71587.25
test,5357,95809.3515625,95791.1328125
test,811,92464.9296875,92370.8828125
test,23,99387.5390625,99344.9140625
test,410,105250.9453125,105343.1640625
test,6213,106270.5859375,106333.65625
test,3914,107480.9453125,107492.671875
test,5740,76314.34375,76013.6796875
test,1724,82832.6796875,82542.9296875
test,1398,81815.296875,81545.59375
test,3694,107927.5703125,107996.203125
test,7772,94305.421875,94153.03125
test,4374,87492.78125,87346.5703125
test,6904,84561.015625,84387.2265625
test,193,122951.5390625,123088.640625
test,8327,110680.9765625,110681.3125
test,2891,80509.875,80271.75
test,6923,84968.7578125,84692.3671875
test,5612,115984.1015625,116040.4921875
test,7266,88039.75,87869.0390625
test,5703,91733.1328125,91654.59375
test,5629,85855.5546875,85723.140625
test,7059,77058.25,76701.0390625
test,4670,117683.0625,117752.3203125
test,1344,95175.40625,95110.484375
test,7112,76690.0078125,76358.609375
test,1977,80895.40625,80599.609375
test,4068,99387.5078125,99313.984375
test,8011,98192.734375,98053.25
test,8584,88405.3828125,88191.53125
test,716,94925.6484375,94884.1640625
test,4334,120934.6875,120962.34375
test,5476,100535.25,100491.8515625
test,2055,86905.921875,86695.046875
test,3698,95053.9296875,95054.2578125
test,4429,91711.5,91643.828125
test,4208,101629.3515625,101541.5703125
test,295,95895.3671875,95807.609375
test,8078,108855.5234375,108864.5703125
test,2756,89519.2265625,89307.921875
test,6929,81286.265625,80993.328125
test,6821,68522.2890625,67956.9921875
test,4139,89169.8828125,89024.984375
test,5763,82519.5234375,82349.7578125
test,5211,98044.84375,97987.78125
test,4420,95324.546875,95267.9765625
test,6555,83944.2734375,83739.84375
test,4413,139029.65625,139187.59375
test,1387,90611.3671875,90445.6484375
test,397,116002.8515625,116114.0703125
test,14,83684.84375,83515.9453125
test,8021,89718.296875,89534.6484375
test,7048,82779.328125,82498.234375
test,445,99580.765625,99595.359375
test,3426,80696.46875,80476.640625
test,1192,122843.296875,122887.6640625
test,4293,130206.6328125,130287.84375
test,6986,78269.3203125,77913.75
test,6969,70553.1015625,70084.9921875
test,5346,134858.390625,134941.84375
test,3303,76804.125,76512.84375
test,8287,99665.046875,99570.1171875
test,5976,94259.96875,94208.453125
test,7258,84700.890625,84466.28125
test,4911,125887.453125,125934.9765625
test,5262,84673.953125,84544.0625
test,2478,70695.6484375,70245.6171875
test,5511,110839.3125,110884.6171875
test,3912,119116.8515625,119160.34375
test,5213,87559.6796875,87419.7890625
test,4401,85153.765625,84971.71875
test,7557,103572.546875,103667.8984375
test,5376,135197.078125,135382.296875
test,2356,85984.4765625,85763.8046875
test,8647,83251.5234375,83030.953125
test,4187,114277.75,114254.1171875
test,5496,125361.96875,125437.09375
test,7694,96027.0390625,95933.4609375
test,6604,75064.0078125,74715.90625
test,5752,91971.46875,91969.5859375
test,6087,92681.1953125,92610.6015625
test,1368,94986.1015625,94903.421875
test,1210,116219.7734375,116189.4609375
test,1424,78271.8046875,77967.9140625
test,7074,85243.171875,85018.0859375
test,1319,99081.046875,99000.6640625
test,1600,85208.1796875,84995.0625
test,467,119567.796875,119609.0703125
test,2812,68536.8125,68019.03125
test,508,126666.5546875,126906.0625
test,2358,84427.6953125,84192.734375
test,1197,120837.359375,120855.1953125
test,5365,110675.9375,110710.25
test,4074,125363.0390625,125507.5
test,2804,72194.7734375,71819.421875
test,3984,94311.2578125,94216.578125
test,7090,84976.875,84737.140625
test,76,104188.859375,104301.9296875
test,4527,128255.5078125,128300.78125
test,520,132923.421875,133049.1875
test,2908,75712.078125,75364.8828125
test,4149,141888.203125,142027.4375
test,62,108532.1484375,108622.78125
test,33,88022.7578125,87903.3515625
test,6203,86896.96875,86757.765625
test,1474,104969.1171875,105025.046875
test,2662,88786.15625,88594.265625
test,1317,91241.59375,91121.5859375
test,3641,71560.0625,71171.75
test,1295,98540.0703125,98465.4765625
test,2604,72572.1171875,72133.34375
test,4309,100995.1953125,100835.890625
test,4050,124178.734375,124236.8359375
test,1159,104237.2109375,104271.109375
test,6585,72737.25,72304.234375
test,2,86240.9375,85787.5078125
test,3587,82108.9765625,81849.7890625
test,5181,124741.890625,124880.8984375
test,1080,109601.3359375,109644.78125
test,2380,81033.3984375,80731.875
test,5924,103728.265625,103768.6171875
test,2075,90691.3828125,90553.8359375
test,8269,113126.8203125,113141.5
test,8057,111108.390625,111090.1953125
test,5916,87737.0,87638.9375
test,6434,94587.5390625,94556.078125
test,474,119610.59375,119676.2421875
test,7154,79250.7421875,78867.578125
test,8509,97697.4453125,97668.875
test,6244,79824.8046875,79574.328125
test,4060,92621.046875,92667.9765625
test,4090,81340.59375,81049.9140625
test,5157,109111.390625,109154.9296875
test,3229,89779.6484375,89631.953125
test,3279,84373.8125,84129.5078125
test,1990,87881.3671875,87729.8671875
test,8600,78345.3828125,78023.2265625
test,6966,69438.90625,68954.78125
test,1336,89607.03125,89523.6484375
test,6292,84163.3203125,83977.640625
test,4153,133921.875,134052.78125
test,924,97793.09375,97723.8203125
test,5616,107915.8984375,107970.8359375
test,5573,84212.5703125,84021.578125
test,4135,88676.84375,88569.1484375
test,4696,127212.640625,127337.4375
test,5698,80818.671875,80591.2109375
test,5852,95300.3125,95293.46875
test,7702,100607.5546875,100493.78125
test,4601,133850.46875,133967.3125
test,6824,65788.015625,65156.140625
test,7758,82225.875,81919.9765625
test,160,115697.9375,115772.8984375
test,4624,127404.4453125,127484.40625
test,647,111064.8125,111156.1328125
test,1432,83379.375,83171.046875
test,5906,91497.171875,91431.1171875
test,8064,113578.9921875,113580.3671875
test,1817,87176.234375,87013.7109375
test,2320,92754.890625,92710.34375
test,4685,94648.8671875,94614.5703125
test,1479,101555.5625,101478.8359375
test,7147,78200.8671875,77894.4453125
test,6199,74248.1640625,73897.9375
test,4191,146376.015625,146502.671875
test,5480,86064.9296875,85920.21875
test,5887,71512.0859375,71114.171875
test,2737,89056.140625,88821.421875
test,5650,74558.4453125,74217.3046875
test,5855,96406.8984375,96366.3984375
test,5665,101019.3203125,101005.90625
test,7133,75915.1171875,75523.171875
test,8147,100397.109375,100310.8515625
test,2267,73211.6484375,72840.6875
test,3523,86629.1484375,86472.0625
test,2245,86213.2734375,86058.0078125
test,5937,76564.6171875,76268.6640625
test,5336,84024.34375,83859.8359375
test,605,98723.078125,98711.1640625
test,8165,95627.7265625,95548.90625
test,6129,70665.8828125,70172.484375
test,182,119508.765625,119606.2421875
test,711,100401.125,100337.5625
test,5845,73739.234375,73455.4296875
test,5721,74381.46875,74023.6484375
test,1797,81556.3984375,81343.4140625
test,7441,92304.40625,92200.3359375
test,4571,97775.2734375,97700.640625
test,8709,107550.59375,107607.7421875
test,2335,78900.34375,78604.2265625
test,2856,93225.65625,93329.3125
test,1423,78577.09375,78281.3984375
test,3603,78484.9140625,78229.109375
test,868,96957.9375,96913.4296875
test,3783,92437.421875,92329.4921875
test,243,108432.7109375,108505.4140625
test,4920,136797.046875,136953.1875
test,5243,91216.7109375,91091.8984375
test,6708,89568.25,89378.7578125
test,4603,140782.59375,140987.90625
test,110,106576.671875,106620.4140625
test,1629,80193.84375,79871.953125
test,923,94823.703125,94741.4140625
test,3364,73062.4140625,72659.0625
test,6384,107936.0703125,108043.015625
test,46,109870.75,109973.859375
test,5028,112656.359375,112671.125
test,8274,106812.703125,106800.0
test,4722,142640.8125,142787.09375
test,8258,108018.4765625,108067.546875
test,6131,73852.40625,73404.859375
test,2785,79346.5078125,79072.546875
test,8745,101839.9296875,101859.328125
test,1488,105770.8359375,105811.859375
test,571,110415.4609375,110472.4140625
test,3325,82800.140625,82621.0390625
test,2050,97333.9921875,97233.1875
test,8547,100844.171875,100778.5234375
test,4321,124804.46875,124900.9453125
test,7163,78242.265625,77805.734375
test,3908,129076.140625,129137.5546875
test,2960,66989.625,66453.75
test,636,118078.890625,118227.078125
test,8323,102276.3203125,102210.609375
test,2793,65770.578125,65218.828125
test,2570,79642.0859375,79311.078125
test,4553,133206.171875,133254.8125
test,999,112317.609375,112286.21875
test,1523,86888.59375,86716.328125
test,750,80937.2578125,80722.8828125
test,6564,84793.984375,84577.078125
test,8281,117066.6328125,117050.625
test,2313,78769.234375,78455.515625
test,1971,79253.96875,78984.625
test,8659,93492.09375,93403.6640625
test,1156,107720.6640625,107745.7421875
test,1800,85632.6484375,85519.34375
test,8324,103562.5703125,103545.3984375
test,6613,83579.640625,83429.234375
test,8488,99370.2890625,99256.4296875
test,5890,80202.6328125,79902.9765625
test,3946,76884.1640625,76574.4296875
test,1832,84277.3828125,84105.46875
test,6323,73448.6953125,73064.4921875
test,2929,91632.84375,91482.375
test,5553,85647.84375,85481.4296875
test,3001,86461.2734375,86306.0703125
test,5593,99911.0625,99796.46875
test,5315,79276.4453125,79008.3359375
test,2541,82001.9140625,81720.46875
test,8377,127873.6484375,127893.53125
test,3562,77963.296875,77643.609375
test,8292,116892.2265625,116920.7109375
test,2801,68928.3828125,68469.84375
test,5825,80093.234375,79896.25
test,6717,101013.015625,100926.8125
test,3699,87567.2109375,87481.8125
test,1838,89958.5546875,89844.3046875
test,2103,75579.046875,75218.9921875
test,6241,96972.6953125,96968.3046875
test,7953,87536.75,87356.3125
test,7682,88516.5,88399.1484375
test,8118,100199.3671875,100036.765625
test,4181,113876.0234375,113889.625
test,4780,95351.2109375,95256.78125
test,7261,91676.9609375,91588.2265625
test,2910,70697.796875,70266.4609375
test,7458,86108.90625,85884.7265625
test,2549,76243.25,75853.8125
test,6635,73328.4140625,72915.5
test,4516,102949.0390625,102990.7578125
test,6232,97547.390625,97500.4609375
test,5003,105329.90625,105340.9375
test,7707,93966.59375,93792.5078125
test,5427,106664.1796875,106691.984375
test,7569,87595.1328125,87404.078125
test,7131,80051.9609375,79708.6171875
test,5035,151349.53125,151567.53125
test,6277,91616.9453125,91557.9140625
test,4383,113439.0,113453.3203125
test,817,97990.84375,97961.96875
test,6466,74890.546875,74526.5
test,3622,80277.5,80045.078125
test,7445,81289.484375,80999.484375
test,6773,70552.0,70042.03125
test,1079,109752.9296875,109796.3203125
test,8504,88864.6640625,88767.625
test,3691,101460.7578125,101409.6953125
test,3090,83195.2578125,83000.59375
test,3609,67276.40625,66787.2421875
test,1024,113022.5546875,112983.1015625
test,4192,151166.8125,151241.953125
test,2697,71708.625,71228.7265625
test,7947,90935.8125,90809.78125
test,8460,100133.1328125,100106.96875
test,1294,93413.1015625,93263.5390625
test,1139,108954.2578125,108975.15625
test,905,94841.109375,94847.7109375
test,3739,115245.3046875,115224.1875
test,7748,93736.4765625,93553.1484375
test,3898,83113.84375,82844.953125
test,2104,75277.71875,74936.3671875
test,7977,91998.1875,91821.0859375
test,6712,96420.3828125,96325.9453125
test,5039,149894.765625,150111.78125
test,3006,69103.0078125,68616.296875
test,1125,96432.234375,96365.9921875
test,808,98278.0703125,98231.78125
test,118,114641.46875,114716.828125
test,1887,86237.8671875,86048.1875
test,1189,128401.890625,128437.2109375
test,4269,121620.203125,121687.4921875
test,3786,99425.84375,99345.984375
test,4929,96549.1953125,96476.3515625
test,6888,89887.78125,89724.828125
test,6829,75092.7734375,74666.671875
test,6043,91747.2890625,91725.8828125
test,3816,95183.7734375,95121.328125
test,7972,95290.65625,95160.4375
test,2010,81173.625,80871.0078125
test,5018,127694.140625,127795.0703125
test,3074,83953.8828125,83779.2578125
test,6667,98127.1875,97923.40625
test,4925,102540.78125,102525.203125
test,2522,82514.2265625,82246.90625
test,97,114812.6171875,114892.8984375
test,112,103509.0234375,103516.09375
test,2401,90396.703125,90263.1484375
test,5686,110676.765625,110713.8125
test,4517,97459.71875,97396.703125
test,6759,80407.7578125,80101.609375
test,7476,76896.5703125,76501.5625
test,4801,112559.8125,112691.984375
test,5691,85370.3828125,85219.8828125
test,3737,110144.4921875,110127.671875
test,4791,108960.5859375,109011.8359375
test,3083,82251.7421875,82021.046875
test,484,124406.5390625,124475.6015625
test,3725,81560.0,81307.6015625
test,6854,86453.9375,86281.4375
test,7300,76569.1796875,76161.34375
test,5628,81434.328125,81227.0546875
test,3496,72946.8125,72518.34375
test,226,114377.2578125,114447.0703125
test,3161,90053.5078125,89854.5078125
test,7656,85541.09375,85332.3046875
test,2241,74469.640625,74102.1484375
test,1640,82667.9375,82440.390625
test,6885,90009.234375,89868.1328125
test,4728,132574.0,132724.96875
test,3977,91002.9453125,90901.6875
test,4107,97630.0234375,97563.7265625
test,1315,88349.8671875,88169.734375
test,2403,82055.1171875,81786.6015625
test,5635,110669.421875,110716.6796875
test,5947,110446.9375,110478.7890625
test,6531,86814.3359375,86618.5234375
test,3742,115663.9375,115643.7734375
test,2201,85856.1015625,85700.3671875
test,5796,72399.875,72034.9140625
test,688,93687.6171875,93668.8203125
test,3007,68809.15625,68300.8984375
test,2116,69075.9921875,68590.4375
test,7007,85957.984375,85738.1328125
test,3308,85595.46875,85408.4296875
test,7995,96096.2109375,96013.34375
test,2012,82400.1328125,82141.3125
test,2923,97100.9765625,97028.28125
test,5998,88588.9296875,88504.421875
test,389,100142.2265625,100119.703125
test,1740,93399.6171875,93252.015625
test,3114,71012.4375,70571.171875
test,61,110218.5625,110335.4609375
test,6792,84451.9375,84244.1171875
test,988,99489.015625,99465.484375
test,5753,94443.4453125,94426.9609375
test,5033,146564.875,146713.359375
test,4672,128391.3359375,128502.15625
test,3836,105324.140625,105405.2421875
test,128,98005.5546875,97908.6484375
test,6492,76254.7890625,75894.5625
test,3101,68325.1328125,67817.46875
test,3423,82386.0546875,82223.1328125
test,1954,81712.3984375,81449.421875
test,5162,93861.1796875,93832.484375
test,3187,92652.828125,92517.515625
test,7856,81108.3046875,80769.09375
test,2562,78990.1796875,78639.2578125
test,2805,75068.1796875,74756.6875
test,2577,74100.9609375,73667.59375
test,6030,69434.75,68989.9921875
test,8474,108930.1171875,108949.9375
test,8433,95439.4765625,95387.671875
test,4017,79940.234375,79632.3984375
test,6300,78715.1484375,78453.7109375
test,8405,102257.71875,102249.6171875
test,6,77793.9453125,77535.828125
test,1995,81114.109375,80918.375
test,8526,97190.1875,97100.8203125
test,1292,86381.0625,86212.5234375
test,4539,108034.0546875,108064.453125
test,5099,89748.875,89703.2734375
test,1955,84504.6796875,84286.2421875
test,6963,76059.78125,75666.1484375
test,1506,88289.96875,88174.9453125
test,7113,80841.328125,80522.5
test,4279,82359.921875,82123.34375
test,5055,136946.921875,137075.1875
test,7497,70797.0546875,70318.90625
test,71,114343.3984375,114465.6640625
test,364,113966.125,114089.78125
test,2649,69306.328125,68790.4765625
test,5489,127165.609375,127259.015625
test,8551,88387.2578125,88229.1328125
test,5246,105204.9921875,105216.171875
test,2224,86272.59375,86135.375
test,2525,74301.421875,73866.7109375
test,229,124304.015625,124397.65625
test,2913,72799.6875,72336.0859375
test,382,118256.2109375,118383.5390625
test,2556,89850.5703125,89715.5390625
test,3931,116661.7578125,116721.390625
test,850,96149.71875,96020.4765625
test,881,106880.8203125,106921.46875
test,4935,134404.109375,134489.15625
test,1234,116622.5859375,116618.40625
test,6684,85924.2890625,85694.6484375
test,8597,81946.6953125,81708.6796875
test,4407,120556.390625,120630.65625
test,3533,70386.765625,69963.078125
test,6327,86187.0390625,86066.296875
test,3403,85777.203125,85633.5234375
test,4979,91382.1640625,91323.40625
test,4084,87411.046875,87281.640625
test,8438,106384.0,106508.0625
test,3159,85976.8046875,85738.734375
test,7530,95018.6640625,94930.1328125
test,4053,127576.546875,127580.625
test,5523,96144.671875,96149.34375
test,2788,68963.2734375,68475.8125
test,7374,75975.8125,75599.625
test,8038,110249.0078125,110265.046875
test,2329,91934.359375,91923.4296875
test,6011,81214.4140625,80955.6875
test,6926,82387.6875,82088.84375
test,5516,122509.0390625,122599.3828125
test,5252,127497.0546875,127588.078125
test,388,103301.5625,103420.5
test,6744,89419.71875,89279.4296875
test,4464,122526.8359375,122637.234375
test,7888,93211.0078125,93117.421875
test,426,99580.34375,99558.2265625
test,6321,70881.9375,70480.3515625
test,8217,109743.6328125,109776.546875
test,3551,87010.078125,86870.3203125
test,583,109844.765625,109958.7578125
test,308,103266.1328125,103241.890625
test,2168,72613.2734375,72210.296875
test,4093,95035.375,94959.5625
test,7573,100558.453125,100528.71875
test,4349,99280.8671875,99211.3359375
test,2312,74301.421875,73921.25
test,5898,101436.109375,101287.96875
test,2199,86623.53125,86475.9453125
test,2810,75790.9453125,75394.6171875
test,7905,75411.21875,75058.984375
test,8497,103404.625,103513.0859375
test,1932,84327.1484375,84139.3046875
test,5571,93285.8203125,93245.3359375
test,7241,88066.203125,87910.1875
test,4778,108463.2890625,108481.4765625
test,3028,72146.046875,71728.4921875
test,2696,68227.3671875,67706.234375
test,2526,73509.1875,73052.7109375
test,7373,77204.0546875,76854.15625
test,1907,97664.0546875,97544.40625
test,1764,80881.2265625,80613.703125
test,6103,71699.75,71249.078125
test,1311,96431.3125,96358.7734375
test,6657,67798.03125,67226.8828125
test,2965,76062.765625,75714.9140625
test,6495,87680.1796875,87524.5078125
test,1560,106354.203125,106389.625
test,2142,67640.578125,67172.6875
test,5659,107094.0234375,107164.375
test,5363,100014.6015625,99945.9296875
test,4235,108495.5234375,108493.96875
test,4707,114353.015625,114380.734375
test,2319,92996.296875,92939.84375
test,5631,95262.34375,95204.5390625
test,8229,116344.3359375,116332.0703125
test,1242,107176.5703125,107198.484375
test,35,99122.84375,99035.8984375
test,6259,113720.046875,113786.34375
test,4341,141518.390625,141665.15625
test,736,100770.1796875,100730.3046875
test,1202,122447.890625,122481.3671875
test,2673,72226.515625,71740.78125
test,7108,77251.1171875,76934.7734375
test,6770,79867.546875,79535.515625
test,3894,79566.1640625,79253.6484375
test,6510,74080.8671875,73736.375
test,550,123829.9296875,123933.2734375
test,5542,119431.015625,119507.296875
test,2752,85678.0,85439.3828125
test,1102,104398.7734375,104504.5078125
test,3331,90105.6015625,90065.5
test,6718,100897.2109375,100821.1015625
test,3219,81387.140625,81109.5234375
test,3057,72032.9375,71545.125
test,4465,117399.9296875,117495.53125
test,3538,77030.4296875,76703.296875
test,6335,99586.8828125,99555.9140625
test,1697,81270.3125,80941.1953125
test,7906,78864.046875,78545.5703125
test,3567,86314.59375,86162.6484375
test,4892,138264.375,138437.5
test,950,95967.6875,95911.96875
test,5387,103225.2265625,103253.5859375
test,4871,126536.8828125,126681.515625
test,3000,88805.109375,88690.0234375
test,5972,101272.1171875,101208.8359375
test,5279,123377.90625,123452.96875
test,1522,80547.859375,80293.078125
test,1974,74239.46875,73875.3359375
test,2371,83368.46875,83105.9453125
test,7464,88742.140625,88556.90625
test,3047,90486.546875,90354.5703125
test,968,89907.828125,89765.3984375
test,4391,131527.984375,131647.765625
test,970,97301.6171875,97182.0078125
test,4749,142368.453125,142522.53125
test,6933,86426.5625,86198.1640625
test,7899,85816.984375,85618.0859375
test,1809,77333.0,76969.9921875
test,6506,90931.359375,90883.40625
test,4340,142349.234375,142517.53125
test,7894,96873.3125,96751.7265625
test,1521,76814.796875,76506.3515625
test,558,111294.4375,111379.0078125
test,5558,103106.046875,103164.3515625
test,4035,98112.5546875,98056.78125
test,4454,101699.0625,101602.3359375
test,678,89440.359375,89385.609375
test,7866,87979.8984375,87796.6484375
test,7643,79145.3671875,78819.578125
test,3345,71779.609375,71362.796875
test,8703,102355.578125,102321.0859375
test,1281,95876.65625,95816.0234375
test,6480,96507.4453125,96459.6796875
test,3334,93838.0,93777.171875
test,4684,99904.125,99882.828125
test,7779,88953.765625,88776.1484375
test,4120,117588.1015625,117532.7421875
test,3527,87003.890625,86885.2890625
test,1987,87693.1015625,87515.2265625
test,6668,101824.3671875,101648.96875
test,8741,104959.7578125,105053.2265625
test,1591,81472.1640625,81233.984375
test,6178,82921.3828125,82684.25
test,891,96553.921875,96519.90625
test,570,111000.953125,111068.671875
test,7514,86461.640625,86275.421875
test,574,118371.4296875,118452.40625
test,7,76663.734375,76395.90625
test,8182,106309.3046875,106297.3046875
test,7877,82018.6015625,81779.5234375
test,5749,86343.3984375,86260.4375
test,7294,87009.3984375,86793.5078125
test,4861,99603.0859375,99569.53125
test,8005,93469.7265625,93305.5390625
test,1562,102775.46875,102814.78125
test,2070,75310.65625,74923.796875
test,5730,94604.46875,94626.1875
test,6179,86570.5234375,86414.2109375
test,952,95829.71875,95749.1171875
test,4051,125815.8671875,125848.4375
test,4023,103868.125,103904.9921875
test,7107,80019.578125,79750.515625
test,3901,98170.640625,98101.8203125
test,7538,100978.7890625,100924.5703125
test,7489,82343.4375,82040.6015625
test,4513,125218.4921875,125318.546875
test,6747,75997.6953125,75551.859375
test,7151,84218.9765625,83923.015625
test,8645,86559.3203125,86402.7421875
test,3384,87300.1484375,87140.671875
test,3038,81806.515625,81587.375
test,3834,103659.3046875,103682.75
test,5725,85070.8046875,84950.0625
test,707,106605.125,106660.671875
test,7478,77672.921875,77332.5234375
test,3063,85581.6875,85381.5546875
test,3506,76842.6640625,76524.296875
test,328,112785.6171875,112850.8515625
test,4393,120799.765625,120887.40625
test,7935,91976.1171875,91886.8359375
test,5084,125546.1953125,125696.9453125
test,7142,81742.8203125,81491.9375
test,7393,91093.203125,90955.0390625
test,6114,102142.421875,102053.9375
test,5820,69423.734375,69018.328125
test,5374,144099.875,144315.53125
test,8663,100641.359375,100588.4453125
test,3289,89894.2890625,89739.2890625
test,2961,67364.5078125,66827.59375
test,7719,97351.78125,97216.2109375
test,6551,104635.6875,104695.921875
test,4873,116309.234375,116411.3203125
test,4422,84755.234375,84548.21875
test,8156,100765.765625,100663.40625
test,8705,102962.8125,102962.0625
test,6421,97134.4609375,97031.7421875
test,700,93017.984375,92976.9296875
test,6159,87653.078125,87546.234375
test,2992,87816.3828125,87686.671875
test,671,106666.34375,106742.90625
test,374,123819.90625,123914.03125
test,2412,94111.5078125,93993.2109375
test,3954,97790.171875,97688.09375
test,5925,104298.21875,104375.453125
test,3844,81786.6484375,81524.328125
test,1245,106908.7265625,106886.4140625
test,5842,67451.8203125,66997.15625
test,447,103170.6015625,103295.6171875
test,5221,101023.9609375,100970.171875
test,1037,94049.421875,93951.046875
test,3226,79919.3125,79567.515625
test,6476,101342.3359375,101259.0546875
test,201,111085.90625,111147.875
test,5737,92611.9140625,92582.5859375
test,2991,87445.2265625,87303.0859375
test,2528,75249.828125,74809.9921875
test,8432,93555.03125,93480.2734375
test,3632,64286.24609375,63752.4296875
test,1631,87337.1015625,87155.5390625
test,5734,99849.9296875,99806.8984375
test,2634,74961.734375,74573.8203125
test,4991,130326.3515625,130443.09375
test,7447,79553.8046875,79250.65625
test,8283,109714.96875,109681.5703125
test,8750,111140.6171875,111217.796875
test,8335,96879.5234375,96875.390625
test,224,108599.8671875,108635.0625
test,2449,85283.5,84972.796875
test,2941,78479.234375,78172.765625
test,2720,67916.9140625,67378.0625
test,1123,95147.8984375,95074.2265625
test,973,109934.859375,109982.7421875
test,27,92605.7890625,92580.0390625
test,8393,111339.484375,111406.46875
test,7244,89613.8125,89483.0859375
test,5674,84609.5546875,84452.515625
test,5719,71092.3828125,70702.90625
test,7436,85031.171875,84777.953125
test,5518,121653.8359375,121764.0625
test,4022,100773.375,100703.6953125
test,256,106682.640625,106708.140625
test,3576,90543.5,90442.96875
test,6035,81549.390625,81274.9375
test,403,97088.0,97075.9453125
test,7435,83747.65625,83500.4765625
test,3023,88584.171875,88418.359375
test,689,92846.453125,92830.1640625
test,1258,109583.84375,109607.046875
test,7367,93427.0625,93311.0390625
test,8254,114494.4375,114556.078125
test,1567,90814.8828125,90702.671875
test,3876,88738.625,88593.9296875
test,3947,79583.4296875,79310.2890625
test,3505,81126.8984375,80881.0078125
test,2250,85462.15625,85352.609375
test,360,125864.9140625,126017.5
test,7733,83305.28125,83008.0078125
test,5622,77237.3671875,76988.59375
test,7098,84061.4453125,83863.1328125
test,1835,101364.578125,101314.0
test,7126,87970.65625,87786.7421875
test,5002,99085.921875,98997.8359375
test,731,95277.8046875,95222.234375
test,3238,110224.3984375,110279.0390625
test,4636,100034.2734375,99988.6328125
test,4853,87257.2109375,87158.875
test,1863,82389.09375,82169.40625
test,7593,82745.4453125,82454.0625
test,327,115596.5703125,115660.15625
test,704,90680.0703125,90568.2421875
test,1937,76450.53125,76079.515625
test,5627,77655.3828125,77369.734375
test,7891,93126.953125,93002.5546875
test,2698,77348.0859375,77011.0859375
test,7828,82461.7109375,82207.3046875
test,2546,83893.7109375,83634.609375
test,4910,118895.8828125,118944.0703125
test,3710,93941.0859375,93904.1015625
test,842,100926.9140625,100928.8984375
test,6762,81096.4765625,80750.390625
test,627,102500.8046875,102568.3671875
test,7064,71260.7265625,70777.890625
test,7264,89997.8828125,89873.53125
test,2800,68988.4375,68514.84375
test,79,98712.75,98640.6875
test,5490,131299.46875,131386.53125
test,5359,89559.078125,89487.6484375
test,8708,104221.3046875,104322.984375
test,7222,92862.2734375,92723.140625
test,5961,75768.0390625,75428.7109375
test,3357,88853.21875,88744.359375
test,6570,93899.0234375,93860.9140625
test,7766,97726.984375,97613.0859375
test,4613,98584.578125,98532.7578125
test,5928,99964.7734375,99929.3515625
test,8135,118147.890625,118183.09375
test,3185,92691.5859375,92578.8125
test,1923,80968.2734375,80695.6328125
test,3851,87055.8515625,86839.0703125
test,1310,100848.2890625,100762.6875
test,1300,92189.46875,92103.03125
test,3690,98823.4296875,98794.734375
test,7729,98779.25,98690.453125
test,7768,95005.40625,94858.96875
test,4678,137166.359375,137280.25
test,5544,114365.5234375,114424.953125
test,6337,93233.328125,93167.0234375
test,4160,96500.0,96411.6796875
test,1094,101701.2421875,101643.953125
test,3634,65429.8359375,64904.66015625
test,2430,77936.6875,77572.6953125
test,7428,90248.6640625,90062.1171875
test,4958,114841.140625,114862.34375
test,827,92983.1640625,92906.6953125
test,3537,72040.53125,71645.0546875
test,6594,90682.09375,90589.03125
test,8476,102591.84375,102594.4296875
test,4105,110685.09375,110763.6953125
test,5464,124922.671875,125002.015625
test,8425,108642.2421875,108705.9375
test,5010,146464.125,146628.5625
test,5467,136853.71875,137011.875
test,299,110727.5625,110769.96875
test,5438,116153.2109375,116196.1875
test,2677,82131.1015625,81847.421875
test,1858,88876.78125,88748.703125
test,958,101409.78125,101365.75
test,2007,84352.9453125,84092.4140625
test,4188,122859.3984375,122852.3515625
test,6886,91016.4453125,90879.1171875
test,8727,114406.65625,114470.8203125
test,3260,110082.03125,110158.9375
test,7990,101709.4921875,101647.7890625
test,3601,87673.7734375,87561.59375
test,1142,111153.9375,111179.5234375
test,6665,89675.625,89401.5546875
test,8170,94785.5625,94665.71875
test,8279,118972.1328125,118974.96875
test,6225,76188.671875,75839.6875
test,6868,72930.375,72536.921875
test,3087,84383.671875,84195.859375
test,2366,91699.265625,91590.9609375
test,4748,141318.84375,141460.4375
test,7174,84266.15625,84010.5
test,8670,86539.359375,86382.3828125
test,6529,99866.703125,99820.40625
test,4295,125535.0,125623.234375
test,7957,96469.8125,96387.875
test,468,124284.2109375,124291.9609375
test,7467,80493.53125,80155.6484375
test,856,105676.7109375,105725.078125
test,4836,101831.3046875,101738.640625
test,2187,80080.2734375,79810.4921875
test,5953,100935.234375,100812.609375
test,8646,84582.96875,84379.5625
test,5538,116930.1171875,116987.90625
test,5411,100078.9140625,100019.3046875
test,3402,86217.0703125,86051.5234375
test,121,112380.4140625,112468.546875
test,5608,101834.453125,101718.8984375
test,1366,91673.21875,91540.3125
test,5778,95533.6640625,95507.5546875
test,5645,80475.84375,80229.625
test,6413,81334.6015625,81047.6875
test,1656,90399.140625,90309.046875
test,3761,112789.6328125,112835.0859375
test,5396,139696.578125,139828.875
test,1447,92973.34375,92879.0390625
test,8040,111542.203125,111586.8125
test,8521,107150.953125,107153.4765625
test,4455,108722.515625,108747.5234375
test,5022,99433.7109375,99381.578125
test,5510,107590.5390625,107617.453125
test,8368,128067.4921875,128225.796875
test,262,110666.9609375,110701.703125
test,5024,95440.1171875,95363.078125
test,3929,114157.765625,114209.078125
test,3781,85891.21875,85714.515625
test,1136,96473.09375,96428.296875
test,1547,95231.578125,95235.65625
test,4469,91351.8515625,91274.765625
test,6906,84259.8984375,84082.0703125
test,8505,89461.96875,89360.171875
test,1751,87318.328125,87163.828125
test,1343,93897.1953125,93793.765625
test,1019,107447.8203125,107457.390625
test,6521,104114.109375,104139.0078125
test,4832,86546.4765625,86380.390625
test,206,123223.296875,123271.03125
test,1394,92962.953125,92863.3515625
test,6264,109245.7109375,109318.1796875
test,2163,78842.4921875,78565.9296875
test,1565,92766.15625,92671.6875
test,4437,124718.3515625,124804.4453125
test,814,97522.65625,97452.015625
test,1486,99367.2421875,99283.203125
test,4617,89208.2734375,89071.640625
test,6307,102214.0,102163.78125
test,2489,81498.5,81228.25
test,8027,103954.6171875,103937.40625
test,6912,88013.6015625,87914.34375
test,3454,77078.7890625,76782.3359375
test,8264,93823.921875,93714.453125
test,1805,71752.3671875,71329.9453125
test,7708,90147.5,89963.9140625
test,6116,107828.3359375,107889.3671875
test,758,92394.625,92347.328125
test,4368,121969.1953125,122064.6015625
test,1579,90237.9453125,90037.8203125
test,6983,85373.1484375,85173.734375
test,5860,74038.3984375,73684.9453125
test,634,105050.953125,105186.7578125
test,7523,90582.046875,90440.09375
test,5407,88836.15625,88731.25
test,6897,73362.546875,72946.03125
test,7676,80765.6015625,80501.4765625
test,7249,88852.8203125,88710.2890625
test,6021,94805.328125,94786.6796875
test,3584,70179.40625,69716.25
test,2258,80513.3671875,80317.90625
test,3580,75280.9921875,74938.4375
test,316,104124.9296875,104237.4765625
test,6557,75659.109375,75327.75
test,4535,133594.96875,133717.96875
test,4317,139113.546875,139214.40625
test,1193,120959.265625,120995.7421875
test,7468,76953.203125,76553.28125
test,3036,81352.7578125,81128.8984375
test,8230,121155.65625,121209.2578125
test,7672,76450.0625,76111.9765625
test,7287,86154.671875,85953.53125
test,4168,148918.46875,149011.171875
test,2378,87953.0234375,87770.75
test,5138,88941.9296875,88862.7421875
test,4387,129368.453125,129407.6171875
test,2897,91103.0390625,91016.046875
test,5933,76828.7578125,76497.15625
test,3751,77361.78125,77061.328125
test,4922,124143.796875,124250.9453125
test,5726,86417.6171875,86301.1328125
test,3249,77806.0234375,77456.8125
test,1674,80062.1328125,79671.3828125
test,2560,80555.28125,80236.1875
test,7927,79153.5625,78877.0703125
test,6812,79879.234375,79588.8203125
test,2588,81507.8046875,81247.6875
test,5096,81498.1875,81314.7265625
test,4336,133447.78125,133532.84375
test,6736,89557.2421875,89418.0
test,1410,84942.8515625,84712.0
test,1298,98264.703125,98181.984375
test,2066,84636.9296875,84422.1875
test,6757,81867.6875,81616.78125
test,2450,82750.9140625,82399.3359375
test,589,120009.484375,120159.4765625
test,1002,110886.0390625,110871.234375
test,5000,92400.546875,92366.578125
test,6105,74654.140625,74240.25
test,8380,115032.609375,115066.125
test,204,126777.53125,126843.578125
test,1484,92698.4921875,92606.3671875
test,646,107303.390625,107353.515625
test,8615,88105.6953125,87965.9140625
test,1596,88511.4375,88403.6875
test,3528,87230.6796875,87130.8125
test,1795,78858.5703125,78610.1875
test,3076,74516.4453125,74125.734375
test,4260,103650.6640625,103665.140625
test,6589,82629.296875,82442.875
test,7924,84963.8359375,84776.1328125
test,8214,107178.5234375,107184.578125
test,8632,100811.2890625,100738.2890625
test,8238,99036.75,98963.65625
test,2608,77961.578125,77610.765625
test,7985,91603.9921875,91482.1171875
test,2276,82107.3046875,81888.515625
test,3134,70698.9375,70198.96875
test,6399,99764.75,99733.984375
test,2964,73363.4453125,72963.796875
test,2762,81787.703125,81499.65625
test,2457,76660.2734375,76233.875
test,1068,117141.953125,117212.8125
test,2671,67911.34375,67360.453125
test,8322,102413.9921875,102330.546875
test,417,92010.984375,91940.3515625
test,1902,77285.1640625,76927.359375
test,4013,80626.9453125,80368.875
test,2207,90848.328125,90791.984375
test,3910,127611.7890625,127687.953125
test,8545,108155.015625,108180.78125
test,7456,86570.421875,86402.4921875
test,6982,84905.96875,84680.953125
test,8083,101882.5703125,101767.5390625
test,1956,84935.125,84733.203125
test,7208,76195.265625,75825.2734375
test,7979,96959.3046875,96816.359375
test,386,112430.921875,112539.6484375
test,2754,88299.2109375,88075.703125
test,4210,106062.1015625,106033.5
test,8630,98798.765625,98714.8203125
test,7054,89766.40625,89592.109375
test,2966,78054.203125,77743.1875
test,2534,85995.484375,85788.9296875
test,3044,89394.2890625,89235.984375
test,1753,85857.8828125,85711.921875
test,7789,94615.4765625,94446.578125
test,6640,85165.375,84916.71875
test,7915,92200.3515625,92102.171875
test,6918,69498.28125,68977.375
test,7425,74909.125,74455.234375
test,7969,102439.75,102352.03125
test,2863,67919.46875,67521.7421875
test,5805,90337.578125,90284.890625
test,85,108594.0546875,108679.828125
test,7338,76194.5546875,75691.75
test,159,117570.734375,117660.8203125
test,7073,85096.90625,84900.46875
test,3122,76085.109375,75706.3125
test,6139,98856.9921875,98802.0625
test,989,97090.84375,97044.765625
test,6528,105439.0390625,105494.5859375
test,5418,137594.53125,137714.375
test,5692,80117.140625,79877.8203125
test,1897,89246.1953125,89085.2265625
test,801,90325.53125,90197.9296875
test,620,94487.9375,94400.8359375
test,901,103077.953125,103128.0390625
test,5348,140943.171875,141062.578125
test,749,82664.7578125,82483.5
test,8092,102949.8359375,102943.96875
test,4154,126538.7734375,126791.5859375
test,6096,101413.625,101369.9453125
test,1556,97239.4765625,97184.2890625
test,4251,109645.1796875,109720.90625
test,5086,120644.0234375,120772.546875
test,4367,126441.640625,126539.515625
test,3961,94882.1640625,94798.03125
test,6831,77384.453125,77039.53125
test,1042,96755.078125,96681.1171875
test,7069,85831.7265625,85687.4375
test,183,116732.15625,116786.2421875
test,2700,81686.515625,81442.765625
test,478,129252.90625,129306.3359375
test,1448,93743.9375,93681.7734375
test,8734,120546.1796875,120695.2109375
test,8316,108113.671875,108088.3984375
test,7440,93331.7421875,93187.5859375
test,2046,81943.921875,81679.453125
test,7150,83310.9453125,83028.828125
test,4804,96133.0234375,96046.203125
test,1233,112504.453125,112498.5078125
test,576,120774.7109375,120897.0625
test,746,92902.921875,92865.5234375
test,4999,92437.6796875,92401.9453125
test,597,102709.6640625,102744.375
test,1576,94479.546875,94354.171875
test,8739,112178.0234375,112263.8359375
test,4928,94789.0625,94716.953125
test,6902,84117.6015625,83944.71875
test,7342,85680.34375,85469.7109375
test,2153,87080.2421875,86899.71875
test,584,110119.03125,110223.2890625
test,6777,73573.9296875,73037.4921875
test,6190,113010.21875,113064.859375
test,5178,115985.2421875,116051.390625
test,4661,95527.5234375,95482.0546875
test,5813,68829.46875,68401.5703125
test,1569,92784.4453125,92671.984375
test,7875,89093.015625,88936.2734375
test,3487,63402.9765625,62834.609375
test,8691,90516.8203125,90454.828125
test,3240,107285.4296875,107344.546875
test,3778,75644.6328125,75282.875
test,6856,87752.9765625,87632.25
test,3330,88684.7734375,88607.4765625
test,1827,85411.0390625,85227.7890625
test,3721,107965.2109375,107960.546875
test,6556,79094.796875,78799.71875
test,2236,75000.453125,74668.703125
test,4233,98216.921875,98118.421875
test,4712,94099.8515625,93970.875
test,5841,66350.6015625,65871.4296875
test,1015,96640.03125,96574.4296875
test,6370,84682.046875,84452.0078125
test,6409,100201.28125,100127.34375
test,7238,90624.046875,90482.3125
test,4623,122077.0078125,122147.25
test,205,126678.515625,126762.0625
test,3390,69327.6171875,68854.2890625
test,5690,92006.59375,91985.25
test,3221,73825.5625,73401.6328125
test,3472,71025.109375,70602.859375
test,3681,72093.4609375,71663.453125
test,6768,86955.46875,86792.25
test,2314,85753.09375,85575.28125
test,6147,82886.734375,82696.9453125
test,6038,83939.484375,83729.890625
test,5215,82437.6015625,82227.890625
test,7075,85821.84375,85623.609375
test,6582,69933.4921875,69514.4609375
test,3494,71369.296875,70896.2734375
test,2873,88313.3984375,88174.6875
test,7359,88839.296875,88660.0
test,345,112338.265625,112419.4921875
test,1950,75479.40625,75104.6015625
test,4883,93040.8671875,92998.203125
test,145,117550.46875,117610.265625
test,6395,90946.9140625,90895.296875
test,562,118242.796875,118323.328125
test,1114,85837.03125,85675.0078125
test,5561,109703.1015625,109762.0703125
test,5889,74972.15625,74604.640625
test,2632,73970.703125,73580.3671875
test,2452,77479.7734375,77066.296875
test,4347,111275.5625,111330.9375
test,8050,98814.5546875,98650.0
test,667,94408.0546875,94335.546875
test,7890,93412.6875,93287.109375
test,287,109612.96875,109661.4296875
test,2215,70771.453125,70332.1171875
test,8352,131786.984375,131866.375
test,6755,82858.0234375,82530.578125
test,8541,105349.8046875,105360.640625
test,6333,101122.0390625,101102.84375
test,8250,108741.953125,108786.390625
test,4558,134794.828125,134902.03125
test,3796,81391.453125,81129.6484375
test,7066,81543.03125,81231.1171875
test,261,106262.8203125,106308.21875
test,8382,110099.2890625,110111.4453125
test,764,88331.2734375,88189.5546875
test,6705,77731.9140625,77403.3359375
test,7378,82507.5703125,82201.9765625
test,3797,77378.4921875,77039.703125
test,2685,89873.140625,89681.25
test,503,138368.828125,138626.359375
test,1259,113091.7109375,113128.71875
test,1023,113715.0390625,113662.96875
test,6424,102563.4375,102495.1796875
test,7210,87571.1796875,87370.0390625
test,6243,84548.9921875,84382.4375
test,314,111794.3359375,111899.109375
test,5413,110619.8828125,110678.2578125
test,886,104089.703125,104123.2890625
test,3610,68037.171875,67573.5546875
test,2903,95340.59375,95240.0546875
test,2226,85290.859375,85120.375
test,1540,85023.15625,84866.828125
test,5905,98307.015625,98251.515625
test,4462,131456.703125,131568.734375
test,1732,77899.9765625,77551.4375
test,1836,99179.4921875,99135.78125
test,7759,81319.5390625,81067.0703125
test,8053,110602.1796875,110578.6015625
test,2607,77810.0703125,77433.984375
test,2407,76113.5234375,75726.578125
test,7784,77916.390625,77537.1015625
test,8578,84785.6171875,84558.546875
test,7482,77513.265625,77130.9609375
test,2248,85549.5625,85418.0078125
test,4054,125343.453125,125428.75
test,805,106841.515625,106931.3515625
test,4842,126130.6328125,126226.6953125
test,7883,90514.6875,90342.0234375
test,8310,102531.046875,102525.3671875
test,7505,82609.7109375,82331.5703125
test,5649,73975.6015625,73629.109375
test,3129,64021.5390625,63392.9140625
test,3750,79186.1953125,78918.015625
test,2263,67910.4375,67432.7109375
test,1885,88729.9921875,88584.375
test,3502,81519.25,81268.875
test,6157,78803.71875,78572.2265625
test,3949,87289.4140625,87132.578125
test,446,101926.03125,101932.3828125
test,781,102169.84375,102179.625
test,2423,91513.984375,91361.4765625
test,2686,89974.0,89755.8984375
test,6107,83388.421875,83105.3359375
test,7191,86262.0390625,86094.640625
test,2239,70513.4765625,70093.1875
test,3577,89335.7578125,89232.8359375
test,8654,93884.296875,93800.1640625
test,277,106352.421875,106437.21875
test,7422,73173.25,72689.1953125
test,2743,67307.4375,66739.8984375
test,5640,104766.9921875,104819.203125
test,8155,99851.5546875,99742.15625
test,7604,88840.4453125,88660.1484375
test,5382,95227.7109375,95251.921875
test,7104,90093.984375,89938.609375
test,2290,70429.984375,69961.6171875
test,1669,91440.1875,91345.6328125
test,6950,83418.1015625,83270.625
test,2645,66196.28125,65648.25
test,1775,82577.3046875,82358.9921875
test,515,137563.25,137692.40625
test,6738,89178.140625,89040.6875
test,1041,92462.3125,92404.6640625
test,1810,84498.84375,84252.3046875
test,6138,95886.171875,95852.5546875
test,7272,90502.671875,90385.328125
test,485,122227.3671875,122390.0078125
test,4042,89738.9375,89609.8828125
test,8665,98783.8828125,98732.75
test,2491,81237.9375,80941.28125
test,6354,103015.3125,103047.6640625
test,7199,92389.125,92314.9140625
test,2275,81173.5703125,80937.9765625
test,4982,111776.1640625,111798.125
test,5137,94085.4765625,94068.8359375
test,3003,76915.328125,76595.640625
test,6045,96016.8984375,95964.6796875
test,3595,92830.4140625,92764.1171875
test,836,91445.40625,91364.6015625
test,2616,85476.90625,85234.8203125
test,6853,85127.1015625,84910.5390625
test,6160,92927.2578125,92885.8984375
test,7663,69187.7421875,68758.515625
test,5195,89777.125,89661.7109375
test,7683,85404.6171875,85234.984375
test,52,98172.7421875,98149.4296875
test,3649,81099.8046875,80885.8046875
test,8563,98770.25,98744.3828125
test,6877,85818.7734375,85612.8359375
test,7030,88651.6015625,88445.1796875
test,3807,86827.8828125,86623.3984375
test,2942,80782.125,80466.7890625
test,5793,67718.609375,67282.8828125
test,2545,87613.671875,87414.53125
test,7807,74197.6171875,73791.4609375
test,6610,78912.890625,78609.125
test,2706,84197.3359375,83956.9765625
test,1173,111475.296875,111437.21875
test,5147,71087.4921875,70654.921875
test,2297,81454.0703125,81192.1796875
test,4874,108720.1328125,108791.5390625
test,5412,105249.6484375,105311.375
test,7645,82881.9296875,82613.453125
test,7433,83825.234375,83502.28125
test,227,120489.515625,120570.140625
test,247,98866.1953125,98794.109375
test,8010,98202.8671875,98069.171875
test,2769,67785.890625,67217.3125
test,1252,108459.5,108470.390625
test,3139,80110.0078125,79762.5
test,8002,86416.46875,86185.796875
test,1824,93843.4453125,93737.40625
test,4390,134474.859375,134593.40625
test,3869,78046.6796875,77727.3203125
test,3282,89738.515625,89586.03125
test,2798,69845.9765625,69370.171875
test,4185,103537.1171875,103508.5390625
test,4757,99039.0234375,99010.4140625
test,1911,87549.859375,87299.765625
test,3557,71029.5703125,70621.4140625
test,7364,86080.5546875,85861.6953125
test,7850,89100.6015625,88928.7421875
test,6813,81175.453125,80900.984375
test,2572,72670.265625,72194.328125
test,2157,90804.578125,90690.0
test,3948,83428.1796875,83219.4140625
test,6996,72832.796875,72366.296875
test,8674,86068.046875,85893.875
test,7909,91043.84375,90948.71875
test,2648,65769.9921875,65200.61328125
test,1649,83290.359375,83019.265625
test,7305,75682.8046875,75250.703125
test,4700,141827.4375,141973.75
test,4912,132643.171875,132738.625
test,6502,109657.015625,109750.84375
test,1371,86912.2265625,86730.9296875
test,1513,93936.6640625,93857.96875
test,809,95518.859375,95408.953125
test,3368,69075.8671875,68585.6953125
test,867,101074.2109375,101034.7265625
test,2229,87758.7578125,87645.7578125
test,5992,80496.0390625,80230.21875
test,2635,76169.7421875,75811.1953125
test,948,93003.015625,92898.96875
test,3477,75855.8359375,75535.984375
test,4487,131177.734375,131303.546875
test,2213,72739.1875,72337.890625
test,6593,88543.3515625,88402.640625
test,838,99583.46875,99545.0234375
test,3281,87678.125,87489.8203125
test,4026,112750.6953125,112806.0
test,401,100698.7890625,100628.8359375
test,7817,83629.4375,83344.390625
test,6140,101590.65625,101528.1015625
test,3545,86898.6171875,86779.265625
test,1901,77631.1015625,77278.859375
test,149,104605.203125,104651.8671875
test,3142,86245.796875,86018.7265625
test,5375,139772.0625,139979.28125
test,4524,109072.796875,109064.0703125
test,2817,72123.109375,71626.59375
test,7849,91134.078125,91016.9609375
test,4109,85782.453125,85589.6796875
test,8160,106397.609375,106426.9296875
test,7490,80418.4375,80097.359375
test,2775,79581.078125,79276.171875
test,7723,97181.8671875,97065.046875
test,7703,102130.859375,102062.515625
test,1182,110474.3515625,110495.109375
test,7816,84855.2109375,84575.1796875
test,6943,71006.3046875,70521.71875
test,95,115947.125,116018.5234375
test,2894,84696.09375,84555.4921875
test,2396,88352.109375,88141.328125
test,1117,92555.0625,92513.828125
test,6644,99789.0078125,99689.6796875
test,3056,68861.8984375,68328.0703125
test,1287,91526.6796875,91464.0078125
test,2459,80463.0078125,80189.5546875
test,2299,81054.3828125,80783.6875
test,2836,72990.984375,72558.84375
test,5626,75776.2265625,75474.515625
test,7246,93682.4609375,93567.6171875
test,6097,96547.734375,96494.59375
test,6050,84826.140625,84630.40625
test,5082,131487.328125,131675.015625
test,8171,97419.734375,97319.1875
test,7660,75393.4765625,75041.796875
test,2440,84652.1015625,84366.7734375
test,1240,112159.6640625,112164.5546875
test,2255,86593.296875,86532.0
test,1630,83227.6875,82969.890625
test,7280,74893.1328125,74504.75
test,6809,77732.375,77413.609375
test,6349,90754.71875,90676.4609375
test,4075,125826.5703125,125968.9375
test,4172,158370.40625,158518.953125
test,5630,90564.4765625,90500.5703125
test,1595,86712.7578125,86543.1953125
test,8713,113692.875,113820.7421875
test,7537,104044.7265625,104121.703125
test,6704,74633.0390625,74231.734375
test,5601,78635.7421875,78340.2421875
test,323,118055.7578125,118108.71875
test,8285,102167.53125,102083.796875
test,5118,75008.109375,74692.2265625
test,8060,108967.3671875,109012.7109375
test,840,103859.3828125,103987.9453125
test,6907,84705.8359375,84538.484375
test,5509,104429.9453125,104487.9921875
test,7565,89260.015625,89118.9921875
test,4660,100279.328125,100241.21875
test,7554,99563.1875,99476.9140625
test,2715,76714.640625,76331.8984375
test,3525,88068.8515625,87897.5390625
test,4088,76565.921875,76212.375
test,440,89645.8671875,89639.1796875
test,8061,111086.8828125,111071.6640625
test,1393,95424.2578125,95294.3515625
test,1900,79060.234375,78746.7890625
test,81,99440.125,99371.703125
test,432,103178.6015625,103241.2109375
test,2359,84834.3515625,84594.96875
test,7017,72118.2421875,71659.625
test,450,105875.296875,105996.9609375
test,3124,68406.5703125,67891.28125
test,5706,98405.421875,98325.3203125
test,3414,69397.4296875,68948.6640625
test,1564,95089.9453125,95037.9140625
test,7032,88221.625,88038.6328125
test,5646,77511.7421875,77243.3671875
test,4629,134079.9375,134196.625
test,2778,79533.9609375,79288.8828125
test,8297,106952.1015625,106934.0703125
test,8125,119546.109375,119519.53125
test,6183,99195.59375,99165.7109375
test,7356,90535.6796875,90403.265625
test,3475,72718.2265625,72357.7421875
test,7255,73497.0859375,73078.3984375
test,5,79083.8359375,78821.6796875
test,1621,89471.796875,89363.6484375
test,442,91457.75,91467.7734375
test,8113,114727.0625,114693.296875
test,5505,90534.3359375,90438.6640625
test,5452,103762.2890625,103810.265625
test,7958,94773.671875,94682.2421875
test,1383,93727.8359375,93617.9921875
test,7022,83868.6328125,83587.40625
test,7291,83963.375,83711.046875
test,8493,98927.2734375,98830.078125
test,3687,88740.4453125,88684.9140625
test,1735,75457.2578125,75094.7734375
test,2035,84382.921875,84150.7890625
test,4159,97377.6171875,97298.0234375
test,1532,91825.8671875,91750.90625
test,718,102303.09375,102285.3359375
test,998,113224.34375,113238.65625
test,6088,95371.21875,95317.5078125
test,6798,68474.015625,67997.625
test,1499,101122.5625,101059.5234375
test,1508,86518.703125,86356.1171875
test,279,100919.921875,100826.96875
test,8469,105787.359375,105950.1171875
test,7063,70066.46875,69572.28125
test,8151,104560.15625,104578.15625
test,8257,111089.625,111163.28125
test,8241,98813.4140625,98744.421875
test,7751,100487.03125,100357.875
test,4506,138195.203125,138275.84375
test,4785,84385.7734375,84070.546875
test,1661,76849.8046875,76526.21875
test,7904,74444.90625,74065.9375
test,4630,131540.703125,131644.90625
test,2165,72915.2109375,72521.2109375
test,7754,95027.4609375,94908.6640625
test,2420,90383.359375,90221.9296875
test,7178,80061.7265625,79760.078125
test,669,97702.3125,97634.59375
test,6207,95396.46875,95357.53125
test,4831,86737.4453125,86576.7578125
test,7169,75461.890625,75102.140625
test,4263,116473.6328125,116530.5
test,3148,70669.3359375,70205.765625
test,2361,92258.59375,92137.71875
test,2344,89071.328125,88926.5703125
test,1526,90693.8828125,90617.5
test,3909,129740.6328125,129834.078125
test,2665,86718.0234375,86549.9140625
test,2827,83000.6875,82723.7578125
test,2260,72991.8359375,72629.25
test,3027,76329.4765625,75982.1796875
test,1058,108351.8984375,108399.34375
test,1081,108443.3984375,108485.4140625
test,1815,89530.1328125,89408.34375
test,6052,75440.8828125,75052.28125
test,1296,100655.375,100578.234375
test,6576,94259.2265625,94188.4140625
test,5623,75282.5546875,74997.53125
test,4924,108298.15625,108333.640625
test,2499,75691.3359375,75341.1328125
test,528,136109.484375,136153.203125
test,5091,97638.125,97596.734375
test,1219,117577.3125,117618.859375
test,4382,108933.5,108960.5390625
test,4410,133127.203125,133237.109375
test,6090,100919.3828125,100873.9296875
test,333,114363.25,114428.0703125
test,8374,130309.484375,130323.09375
test,6193,101259.6953125,101244.921875
test,3590,87774.1484375,87621.109375
test,4783,85165.7109375,84907.7421875
test,7819,82521.4140625,82204.9609375
test,4137,85566.140625,85371.6484375
test,3606,68789.078125,68352.203125
test,4371,102670.4140625,102690.5859375
test,675,98772.171875,98729.5546875
test,5952,104913.359375,104903.453125
test,3375,87402.3359375,87275.609375
test,1137,98936.578125,98832.4921875
test,5004,111616.6484375,111628.6015625
test,437,92445.671875,92462.28125
test,491,133827.34375,134044.65625
test,2189,75936.265625,75609.078125
test,4802,107613.0,107700.1796875
test,5668,82889.5234375,82712.234375
test,5729,92543.2421875,92518.234375
