epoch,feature_index,feature,gate
1,1,net_sched_interchange_mw,1.1473811
1,2,gen_fuel_coal_mw,1.0171887
1,3,da_as_total_mw_thirty_minutes_reserve,0.98987013
1,4,gross_sched_interchange_mw,1.0359343
1,5,gen_fuel_nuclear_mw,1.0346254
1,6,da_as_as_req_mw_primary_reserve,1.0224917
1,7,da_as_as_req_mw_synchronized_reserve,1.0286328
1,8,da_as_total_mw_primary_reserve,0.9800327
1,9,da_as_total_mw_synchronized_reserve,0.9986021
1,10,gen_fuel_other_renewables_mw,0.99657845
1,11,gen_fuel_multiple_fuels_mw,0.9777558
1,12,system_energy_price_da,0.9839917
1,13,gen_fuel_storage_mw,0.9800725
1,14,forecast_load_mw_day_ahead,0.99997795
1,15,gen_fuel_gas_mw,1.0341176
1,16,total_gen,1.0376257
1,17,gen_fuel_wind_mw,0.9660903
1,18,wind_generation_mw,0.98542297
1,19,da_as_as_req_mw_thirty_minutes_reserve,0.9995386
1,20,gen_fuel_multiple_fuels_pct,1.0123703
1,21,total_lmp_da,0.98384356
1,22,system_energy_price_rt,0.9791783
1,23,total_lmp_rt,0.9835587
1,24,da_as_mcp_synchronized_reserve,0.99955153
1,25,da_as_mcp_primary_reserve,0.96064854
1,26,marginal_loss_price_rt,1.0146091
1,27,gen_fuel_gas_pct,1.0048261
1,28,marginal_loss_price_da,0.9878853
1,29,gen_fuel_wind_pct,0.9952478
1,30,metered_load_mw,0.9820055
1,31,gross_inadv_interchange_mw,1.0168889
1,32,gen_fuel_nuclear_pct,0.99176234
1,33,congestion_price_da,0.9912436
1,34,congestion_price_rt,0.97780883
1,35,forecast_load_mw_latest_available,1.0136015
1,36,prelim_load_avg_hourly,1.0086925
1,37,gross_actual_interchange_mw,0.9725863
1,38,total_losses,1.0215565
1,39,gen_fuel_oil_mw,0.99633014
1,40,da_as_ss_mw_primary_reserve,0.9799818
1,41,da_as_nsr_mw_primary_reserve,0.98977387
1,42,gen_fuel_coal_pct,1.0675502
1,43,gen_fuel_other_renewables_pct,0.94611543
1,44,solar_generation_mw,0.9898334
1,45,gen_fuel_hydro_mw,0.9848618
1,46,net_inadv_interchange_mw,0.9643299
1,47,gen_fuel_solar_mw,0.96121293
2,1,net_sched_interchange_mw,1.1796446
2,2,gen_fuel_coal_mw,0.9983471
2,3,da_as_total_mw_thirty_minutes_reserve,0.974049
2,4,gross_sched_interchange_mw,1.0256672
2,5,gen_fuel_nuclear_mw,1.0185415
2,6,da_as_as_req_mw_primary_reserve,1.0108147
2,7,da_as_as_req_mw_synchronized_reserve,1.0302057
2,8,da_as_total_mw_primary_reserve,0.98163754
2,9,da_as_total_mw_synchronized_reserve,0.98470324
2,10,gen_fuel_other_renewables_mw,0.96642935
2,11,gen_fuel_multiple_fuels_mw,0.9632544
2,12,system_energy_price_da,0.96952116
2,13,gen_fuel_storage_mw,0.96618724
2,14,forecast_load_mw_day_ahead,0.9908445
2,15,gen_fuel_gas_mw,1.025666
2,16,total_gen,1.0297163
2,17,gen_fuel_wind_mw,0.96087366
2,18,wind_generation_mw,0.96712923
2,19,da_as_as_req_mw_thirty_minutes_reserve,0.98073614
2,20,gen_fuel_multiple_fuels_pct,1.0070179
2,21,total_lmp_da,0.9737096
2,22,system_energy_price_rt,0.9715599
2,23,total_lmp_rt,0.97819656
2,24,da_as_mcp_synchronized_reserve,0.9903819
2,25,da_as_mcp_primary_reserve,0.9496125
2,26,marginal_loss_price_rt,1.0053952
2,27,gen_fuel_gas_pct,0.9861741
2,28,marginal_loss_price_da,0.9773813
2,29,gen_fuel_wind_pct,0.97296494
2,30,metered_load_mw,0.97603106
2,31,gross_inadv_interchange_mw,0.99634075
2,32,gen_fuel_nuclear_pct,0.97132695
2,33,congestion_price_da,0.9820854
2,34,congestion_price_rt,0.94819903
2,35,forecast_load_mw_latest_available,1.0098586
2,36,prelim_load_avg_hourly,1.0057803
2,37,gross_actual_interchange_mw,0.9374835
2,38,total_losses,1.0052521
2,39,gen_fuel_oil_mw,0.982151
2,40,da_as_ss_mw_primary_reserve,0.96856195
2,41,da_as_nsr_mw_primary_reserve,0.9705614
2,42,gen_fuel_coal_pct,1.0467014
2,43,gen_fuel_other_renewables_pct,0.94521654
2,44,solar_generation_mw,0.98123866
2,45,gen_fuel_hydro_mw,0.96758246
2,46,net_inadv_interchange_mw,0.9152017
2,47,gen_fuel_solar_mw,0.9385825
3,1,net_sched_interchange_mw,1.193074
3,2,gen_fuel_coal_mw,0.9856
3,3,da_as_total_mw_thirty_minutes_reserve,0.957906
3,4,gross_sched_interchange_mw,1.0214564
3,5,gen_fuel_nuclear_mw,1.0022565
3,6,da_as_as_req_mw_primary_reserve,0.9993066
3,7,da_as_as_req_mw_synchronized_reserve,1.023162
3,8,da_as_total_mw_primary_reserve,0.97090423
3,9,da_as_total_mw_synchronized_reserve,0.97282785
3,10,gen_fuel_other_renewables_mw,0.9513507
3,11,gen_fuel_multiple_fuels_mw,0.95064294
3,12,system_energy_price_da,0.96033704
3,13,gen_fuel_storage_mw,0.9552289
3,14,forecast_load_mw_day_ahead,0.98363113
3,15,gen_fuel_gas_mw,1.0170215
3,16,total_gen,1.0250106
3,17,gen_fuel_wind_mw,0.9482733
3,18,wind_generation_mw,0.95097566
3,19,da_as_as_req_mw_thirty_minutes_reserve,0.9654834
3,20,gen_fuel_multiple_fuels_pct,1.0004098
3,21,total_lmp_da,0.9682998
3,22,system_energy_price_rt,0.96989053
3,23,total_lmp_rt,0.97325534
3,24,da_as_mcp_synchronized_reserve,0.9812781
3,25,da_as_mcp_primary_reserve,0.93877614
3,26,marginal_loss_price_rt,0.9992037
3,27,gen_fuel_gas_pct,0.97158825
3,28,marginal_loss_price_da,0.97140425
3,29,gen_fuel_wind_pct,0.9600533
3,30,metered_load_mw,0.970295
3,31,gross_inadv_interchange_mw,0.9855158
3,32,gen_fuel_nuclear_pct,0.9458892
3,33,congestion_price_da,0.9745441
3,34,congestion_price_rt,0.9255899
3,35,forecast_load_mw_latest_available,1.0035076
3,36,prelim_load_avg_hourly,1.0006907
3,37,gross_actual_interchange_mw,0.9194755
3,38,total_losses,0.99719304
3,39,gen_fuel_oil_mw,0.9682608
3,40,da_as_ss_mw_primary_reserve,0.95516163
3,41,da_as_nsr_mw_primary_reserve,0.951827
3,42,gen_fuel_coal_pct,1.0308505
3,43,gen_fuel_other_renewables_pct,0.9304837
3,44,solar_generation_mw,0.9662877
3,45,gen_fuel_hydro_mw,0.9513692
3,46,net_inadv_interchange_mw,0.8881771
3,47,gen_fuel_solar_mw,0.9135191
4,1,net_sched_interchange_mw,1.2020165
4,2,gen_fuel_coal_mw,0.9756799
4,3,da_as_total_mw_thirty_minutes_reserve,0.9411556
4,4,gross_sched_interchange_mw,1.0168128
4,5,gen_fuel_nuclear_mw,0.9905778
4,6,da_as_as_req_mw_primary_reserve,0.9872763
4,7,da_as_as_req_mw_synchronized_reserve,1.0127311
4,8,da_as_total_mw_primary_reserve,0.95973694
4,9,da_as_total_mw_synchronized_reserve,0.95873755
4,10,gen_fuel_other_renewables_mw,0.935217
4,11,gen_fuel_multiple_fuels_mw,0.9386358
4,12,system_energy_price_da,0.94875497
4,13,gen_fuel_storage_mw,0.94342667
4,14,forecast_load_mw_day_ahead,0.97693616
4,15,gen_fuel_gas_mw,1.0091596
4,16,total_gen,1.0206345
4,17,gen_fuel_wind_mw,0.9317651
4,18,wind_generation_mw,0.9315056
4,19,da_as_as_req_mw_thirty_minutes_reserve,0.95481974
4,20,gen_fuel_multiple_fuels_pct,0.99159664
4,21,total_lmp_da,0.9615101
4,22,system_energy_price_rt,0.96730345
4,23,total_lmp_rt,0.9670937
4,24,da_as_mcp_synchronized_reserve,0.97531027
4,25,da_as_mcp_primary_reserve,0.9283006
4,26,marginal_loss_price_rt,0.9910522
4,27,gen_fuel_gas_pct,0.9600333
4,28,marginal_loss_price_da,0.9650582
4,29,gen_fuel_wind_pct,0.94503427
4,30,metered_load_mw,0.9644985
4,31,gross_inadv_interchange_mw,0.9751377
4,32,gen_fuel_nuclear_pct,0.9244148
4,33,congestion_price_da,0.9671751
4,34,congestion_price_rt,0.9068584
4,35,forecast_load_mw_latest_available,0.9967899
4,36,prelim_load_avg_hourly,0.9934856
4,37,gross_actual_interchange_mw,0.90299726
4,38,total_losses,0.989328
4,39,gen_fuel_oil_mw,0.95485264
4,40,da_as_ss_mw_primary_reserve,0.94119453
4,41,da_as_nsr_mw_primary_reserve,0.9349058
4,42,gen_fuel_coal_pct,1.014987
4,43,gen_fuel_other_renewables_pct,0.910635
4,44,solar_generation_mw,0.94818187
4,45,gen_fuel_hydro_mw,0.93807817
4,46,net_inadv_interchange_mw,0.8604324
4,47,gen_fuel_solar_mw,0.8870836
5,1,net_sched_interchange_mw,1.2107843
5,2,gen_fuel_coal_mw,0.96495694
5,3,da_as_total_mw_thirty_minutes_reserve,0.9232375
5,4,gross_sched_interchange_mw,1.0113395
5,5,gen_fuel_nuclear_mw,0.97909594
5,6,da_as_as_req_mw_primary_reserve,0.9758339
5,7,da_as_as_req_mw_synchronized_reserve,1.0020607
5,8,da_as_total_mw_primary_reserve,0.9452862
5,9,da_as_total_mw_synchronized_reserve,0.9431909
5,10,gen_fuel_other_renewables_mw,0.9177342
5,11,gen_fuel_multiple_fuels_mw,0.9228222
5,12,system_energy_price_da,0.9300535
5,13,gen_fuel_storage_mw,0.9309595
5,14,forecast_load_mw_day_ahead,0.9686338
5,15,gen_fuel_gas_mw,0.9992873
5,16,total_gen,1.0157257
5,17,gen_fuel_wind_mw,0.9111248
5,18,wind_generation_mw,0.91452736
5,19,da_as_as_req_mw_thirty_minutes_reserve,0.9448624
5,20,gen_fuel_multiple_fuels_pct,0.9802124
5,21,total_lmp_da,0.9537285
5,22,system_energy_price_rt,0.96412206
5,23,total_lmp_rt,0.9635937
5,24,da_as_mcp_synchronized_reserve,0.9479652
5,25,da_as_mcp_primary_reserve,0.911669
5,26,marginal_loss_price_rt,0.9798325
5,27,gen_fuel_gas_pct,0.9466847
5,28,marginal_loss_price_da,0.9600459
5,29,gen_fuel_wind_pct,0.92633504
5,30,metered_load_mw,0.957602
5,31,gross_inadv_interchange_mw,0.961618
5,32,gen_fuel_nuclear_pct,0.9015653
5,33,congestion_price_da,0.9572385
5,34,congestion_price_rt,0.889793
5,35,forecast_load_mw_latest_available,0.9901489
5,36,prelim_load_avg_hourly,0.9855159
5,37,gross_actual_interchange_mw,0.8820878
5,38,total_losses,0.981565
5,39,gen_fuel_oil_mw,0.94204223
5,40,da_as_ss_mw_primary_reserve,0.92491686
5,41,da_as_nsr_mw_primary_reserve,0.9179794
5,42,gen_fuel_coal_pct,0.99997866
5,43,gen_fuel_other_renewables_pct,0.88826674
5,44,solar_generation_mw,0.9306398
5,45,gen_fuel_hydro_mw,0.9218836
5,46,net_inadv_interchange_mw,0.83605057
5,47,gen_fuel_solar_mw,0.8594362
6,1,net_sched_interchange_mw,1.2210494
6,2,gen_fuel_coal_mw,0.9529329
6,3,da_as_total_mw_thirty_minutes_reserve,0.9069765
6,4,gross_sched_interchange_mw,1.0052087
6,5,gen_fuel_nuclear_mw,0.9670776
6,6,da_as_as_req_mw_primary_reserve,0.96180487
6,7,da_as_as_req_mw_synchronized_reserve,0.9869074
6,8,da_as_total_mw_primary_reserve,0.9295902
6,9,da_as_total_mw_synchronized_reserve,0.9249649
6,10,gen_fuel_other_renewables_mw,0.89958376
6,11,gen_fuel_multiple_fuels_mw,0.90746415
6,12,system_energy_price_da,0.9123698
6,13,gen_fuel_storage_mw,0.9163981
6,14,forecast_load_mw_day_ahead,0.9595623
6,15,gen_fuel_gas_mw,0.9876495
6,16,total_gen,1.0100696
6,17,gen_fuel_wind_mw,0.8909564
6,18,wind_generation_mw,0.8939442
6,19,da_as_as_req_mw_thirty_minutes_reserve,0.929319
6,20,gen_fuel_multiple_fuels_pct,0.9667481
6,21,total_lmp_da,0.9481669
6,22,system_energy_price_rt,0.95109904
6,23,total_lmp_rt,0.952526
6,24,da_as_mcp_synchronized_reserve,0.93005013
6,25,da_as_mcp_primary_reserve,0.8885851
6,26,marginal_loss_price_rt,0.95743185
6,27,gen_fuel_gas_pct,0.93346983
6,28,marginal_loss_price_da,0.95242137
6,29,gen_fuel_wind_pct,0.90758985
6,30,metered_load_mw,0.95238835
6,31,gross_inadv_interchange_mw,0.94796175
6,32,gen_fuel_nuclear_pct,0.873702
6,33,congestion_price_da,0.94421774
6,34,congestion_price_rt,0.86640716
6,35,forecast_load_mw_latest_available,0.9820661
6,36,prelim_load_avg_hourly,0.97438097
6,37,gross_actual_interchange_mw,0.8565437
6,38,total_losses,0.97298706
6,39,gen_fuel_oil_mw,0.9195306
6,40,da_as_ss_mw_primary_reserve,0.91051805
6,41,da_as_nsr_mw_primary_reserve,0.89387256
6,42,gen_fuel_coal_pct,0.981173
6,43,gen_fuel_other_renewables_pct,0.86211616
6,44,solar_generation_mw,0.9102661
6,45,gen_fuel_hydro_mw,0.9049103
6,46,net_inadv_interchange_mw,0.80898964
6,47,gen_fuel_solar_mw,0.8249812
7,1,net_sched_interchange_mw,1.226881
7,2,gen_fuel_coal_mw,0.94390833
7,3,da_as_total_mw_thirty_minutes_reserve,0.88971055
7,4,gross_sched_interchange_mw,0.9998798
7,5,gen_fuel_nuclear_mw,0.9533539
7,6,da_as_as_req_mw_primary_reserve,0.9464435
7,7,da_as_as_req_mw_synchronized_reserve,0.9742899
7,8,da_as_total_mw_primary_reserve,0.9140238
7,9,da_as_total_mw_synchronized_reserve,0.90601796
7,10,gen_fuel_other_renewables_mw,0.8795514
7,11,gen_fuel_multiple_fuels_mw,0.8897603
7,12,system_energy_price_da,0.8961724
7,13,gen_fuel_storage_mw,0.9043853
7,14,forecast_load_mw_day_ahead,0.9510633
7,15,gen_fuel_gas_mw,0.9770182
7,16,total_gen,1.0066724
7,17,gen_fuel_wind_mw,0.8680255
7,18,wind_generation_mw,0.8740888
7,19,da_as_as_req_mw_thirty_minutes_reserve,0.91813654
7,20,gen_fuel_multiple_fuels_pct,0.9540975
7,21,total_lmp_da,0.9433131
7,22,system_energy_price_rt,0.94757426
7,23,total_lmp_rt,0.9451661
7,24,da_as_mcp_synchronized_reserve,0.916854
7,25,da_as_mcp_primary_reserve,0.8717189
7,26,marginal_loss_price_rt,0.9461773
7,27,gen_fuel_gas_pct,0.9206078
7,28,marginal_loss_price_da,0.9430797
7,29,gen_fuel_wind_pct,0.8870481
7,30,metered_load_mw,0.9440954
7,31,gross_inadv_interchange_mw,0.93418807
7,32,gen_fuel_nuclear_pct,0.8518282
7,33,congestion_price_da,0.93331844
7,34,congestion_price_rt,0.84767735
7,35,forecast_load_mw_latest_available,0.9738654
7,36,prelim_load_avg_hourly,0.96530265
7,37,gross_actual_interchange_mw,0.8366486
7,38,total_losses,0.96434313
7,39,gen_fuel_oil_mw,0.90310466
7,40,da_as_ss_mw_primary_reserve,0.89351976
7,41,da_as_nsr_mw_primary_reserve,0.87334406
7,42,gen_fuel_coal_pct,0.96173614
7,43,gen_fuel_other_renewables_pct,0.84025246
7,44,solar_generation_mw,0.8911937
7,45,gen_fuel_hydro_mw,0.889424
7,46,net_inadv_interchange_mw,0.7847962
7,47,gen_fuel_solar_mw,0.796429
8,1,net_sched_interchange_mw,1.2320418
8,2,gen_fuel_coal_mw,0.9336561
8,3,da_as_total_mw_thirty_minutes_reserve,0.8676423
8,4,gross_sched_interchange_mw,0.9938878
8,5,gen_fuel_nuclear_mw,0.9404852
8,6,da_as_as_req_mw_primary_reserve,0.9320895
8,7,da_as_as_req_mw_synchronized_reserve,0.9604021
8,8,da_as_total_mw_primary_reserve,0.89375794
8,9,da_as_total_mw_synchronized_reserve,0.88592607
8,10,gen_fuel_other_renewables_mw,0.85940135
8,11,gen_fuel_multiple_fuels_mw,0.8727515
8,12,system_energy_price_da,0.88218325
8,13,gen_fuel_storage_mw,0.8918851
8,14,forecast_load_mw_day_ahead,0.9408424
8,15,gen_fuel_gas_mw,0.9664093
8,16,total_gen,1.0020937
8,17,gen_fuel_wind_mw,0.8451947
8,18,wind_generation_mw,0.846801
8,19,da_as_as_req_mw_thirty_minutes_reserve,0.90558344
8,20,gen_fuel_multiple_fuels_pct,0.94074506
8,21,total_lmp_da,0.93462765
8,22,system_energy_price_rt,0.9421306
8,23,total_lmp_rt,0.93750054
8,24,da_as_mcp_synchronized_reserve,0.9078999
8,25,da_as_mcp_primary_reserve,0.85582185
8,26,marginal_loss_price_rt,0.93345964
8,27,gen_fuel_gas_pct,0.9046282
8,28,marginal_loss_price_da,0.9332161
8,29,gen_fuel_wind_pct,0.868051
8,30,metered_load_mw,0.9342737
8,31,gross_inadv_interchange_mw,0.9198126
8,32,gen_fuel_nuclear_pct,0.82919055
8,33,congestion_price_da,0.9220666
8,34,congestion_price_rt,0.83067614
8,35,forecast_load_mw_latest_available,0.9667609
8,36,prelim_load_avg_hourly,0.957997
8,37,gross_actual_interchange_mw,0.8125328
8,38,total_losses,0.95506597
8,39,gen_fuel_oil_mw,0.8872946
8,40,da_as_ss_mw_primary_reserve,0.8745289
8,41,da_as_nsr_mw_primary_reserve,0.85382485
8,42,gen_fuel_coal_pct,0.9419422
8,43,gen_fuel_other_renewables_pct,0.8145287
8,44,solar_generation_mw,0.87178594
8,45,gen_fuel_hydro_mw,0.87244886
8,46,net_inadv_interchange_mw,0.75936025
8,47,gen_fuel_solar_mw,0.76595694
9,1,net_sched_interchange_mw,1.2361512
9,2,gen_fuel_coal_mw,0.92218304
9,3,da_as_total_mw_thirty_minutes_reserve,0.84651905
9,4,gross_sched_interchange_mw,0.98764324
9,5,gen_fuel_nuclear_mw,0.9257152
9,6,da_as_as_req_mw_primary_reserve,0.91536105
9,7,da_as_as_req_mw_synchronized_reserve,0.944646
9,8,da_as_total_mw_primary_reserve,0.87405646
9,9,da_as_total_mw_synchronized_reserve,0.8622342
9,10,gen_fuel_other_renewables_mw,0.8378585
9,11,gen_fuel_multiple_fuels_mw,0.8551841
9,12,system_energy_price_da,0.86769277
9,13,gen_fuel_storage_mw,0.8779211
9,14,forecast_load_mw_day_ahead,0.93050724
9,15,gen_fuel_gas_mw,0.9537255
9,16,total_gen,0.9970852
9,17,gen_fuel_wind_mw,0.82002085
9,18,wind_generation_mw,0.82147074
9,19,da_as_as_req_mw_thirty_minutes_reserve,0.8910242
9,20,gen_fuel_multiple_fuels_pct,0.92657214
9,21,total_lmp_da,0.92574966
9,22,system_energy_price_rt,0.9382451
9,23,total_lmp_rt,0.92951846
9,24,da_as_mcp_synchronized_reserve,0.89815074
9,25,da_as_mcp_primary_reserve,0.839565
9,26,marginal_loss_price_rt,0.9170005
9,27,gen_fuel_gas_pct,0.89078045
9,28,marginal_loss_price_da,0.9233072
9,29,gen_fuel_wind_pct,0.8449502
9,30,metered_load_mw,0.92561585
9,31,gross_inadv_interchange_mw,0.90405965
9,32,gen_fuel_nuclear_pct,0.80484676
9,33,congestion_price_da,0.9090851
9,34,congestion_price_rt,0.81198496
9,35,forecast_load_mw_latest_available,0.957593
9,36,prelim_load_avg_hourly,0.948656
9,37,gross_actual_interchange_mw,0.7860953
9,38,total_losses,0.94524544
9,39,gen_fuel_oil_mw,0.8691994
9,40,da_as_ss_mw_primary_reserve,0.85501105
9,41,da_as_nsr_mw_primary_reserve,0.8328088
9,42,gen_fuel_coal_pct,0.92421246
9,43,gen_fuel_other_renewables_pct,0.78911465
9,44,solar_generation_mw,0.8520916
9,45,gen_fuel_hydro_mw,0.8547697
9,46,net_inadv_interchange_mw,0.7346927
9,47,gen_fuel_solar_mw,0.7337493
10,1,net_sched_interchange_mw,1.2617444
10,2,gen_fuel_coal_mw,0.9061795
10,3,da_as_total_mw_thirty_minutes_reserve,0.8156545
10,4,gross_sched_interchange_mw,0.9781086
10,5,gen_fuel_nuclear_mw,0.9079374
10,6,da_as_as_req_mw_primary_reserve,0.8952772
10,7,da_as_as_req_mw_synchronized_reserve,0.9277918
10,8,da_as_total_mw_primary_reserve,0.8467588
10,9,da_as_total_mw_synchronized_reserve,0.8316964
10,10,gen_fuel_other_renewables_mw,0.8073395
10,11,gen_fuel_multiple_fuels_mw,0.82768506
10,12,system_energy_price_da,0.8266422
10,13,gen_fuel_storage_mw,0.8547924
10,14,forecast_load_mw_day_ahead,0.91286916
10,15,gen_fuel_gas_mw,0.9379208
10,16,total_gen,0.9922254
10,17,gen_fuel_wind_mw,0.794645
10,18,wind_generation_mw,0.7944561
10,19,da_as_as_req_mw_thirty_minutes_reserve,0.871557
10,20,gen_fuel_multiple_fuels_pct,0.9069311
10,21,total_lmp_da,0.91204196
10,22,system_energy_price_rt,0.9230973
10,23,total_lmp_rt,0.8942424
10,24,da_as_mcp_synchronized_reserve,0.8626929
10,25,da_as_mcp_primary_reserve,0.7742371
10,26,marginal_loss_price_rt,0.8381841
10,27,gen_fuel_gas_pct,0.8698771
10,28,marginal_loss_price_da,0.8979447
10,29,gen_fuel_wind_pct,0.8165908
10,30,metered_load_mw,0.9160272
10,31,gross_inadv_interchange_mw,0.88449717
10,32,gen_fuel_nuclear_pct,0.7646877
10,33,congestion_price_da,0.88409674
10,34,congestion_price_rt,0.7628269
10,35,forecast_load_mw_latest_available,0.94897723
10,36,prelim_load_avg_hourly,0.9388858
10,37,gross_actual_interchange_mw,0.7520818
10,38,total_losses,0.93101996
10,39,gen_fuel_oil_mw,0.83570874
10,40,da_as_ss_mw_primary_reserve,0.8308627
10,41,da_as_nsr_mw_primary_reserve,0.80775714
10,42,gen_fuel_coal_pct,0.8950154
10,43,gen_fuel_other_renewables_pct,0.7612352
10,44,solar_generation_mw,0.832703
10,45,gen_fuel_hydro_mw,0.82835317
10,46,net_inadv_interchange_mw,0.7069058
10,47,gen_fuel_solar_mw,0.69477504
11,1,net_sched_interchange_mw,1.2672436
11,2,gen_fuel_coal_mw,0.89663047
11,3,da_as_total_mw_thirty_minutes_reserve,0.79146504
11,4,gross_sched_interchange_mw,0.9706851
11,5,gen_fuel_nuclear_mw,0.8939273
11,6,da_as_as_req_mw_primary_reserve,0.8742792
11,7,da_as_as_req_mw_synchronized_reserve,0.91215944
11,8,da_as_total_mw_primary_reserve,0.8241841
11,9,da_as_total_mw_synchronized_reserve,0.8074588
11,10,gen_fuel_other_renewables_mw,0.78438073
11,11,gen_fuel_multiple_fuels_mw,0.8093069
11,12,system_energy_price_da,0.8076029
11,13,gen_fuel_storage_mw,0.8395236
11,14,forecast_load_mw_day_ahead,0.89951134
11,15,gen_fuel_gas_mw,0.92098886
11,16,total_gen,0.986271
11,17,gen_fuel_wind_mw,0.7670024
11,18,wind_generation_mw,0.7647182
11,19,da_as_as_req_mw_thirty_minutes_reserve,0.8563642
11,20,gen_fuel_multiple_fuels_pct,0.8917207
11,21,total_lmp_da,0.90639424
11,22,system_energy_price_rt,0.9166772
11,23,total_lmp_rt,0.8853859
11,24,da_as_mcp_synchronized_reserve,0.8522873
11,25,da_as_mcp_primary_reserve,0.75960344
11,26,marginal_loss_price_rt,0.82777685
11,27,gen_fuel_gas_pct,0.853428
11,28,marginal_loss_price_da,0.88965625
11,29,gen_fuel_wind_pct,0.7929811
11,30,metered_load_mw,0.9065507
11,31,gross_inadv_interchange_mw,0.86505795
11,32,gen_fuel_nuclear_pct,0.73718214
11,33,congestion_price_da,0.8680176
11,34,congestion_price_rt,0.7375953
11,35,forecast_load_mw_latest_available,0.94114774
11,36,prelim_load_avg_hourly,0.93097335
11,37,gross_actual_interchange_mw,0.72394776
11,38,total_losses,0.9203307
11,39,gen_fuel_oil_mw,0.8178075
11,40,da_as_ss_mw_primary_reserve,0.808896
11,41,da_as_nsr_mw_primary_reserve,0.78475446
11,42,gen_fuel_coal_pct,0.87099695
11,43,gen_fuel_other_renewables_pct,0.7316164
11,44,solar_generation_mw,0.81098604
11,45,gen_fuel_hydro_mw,0.806779
11,46,net_inadv_interchange_mw,0.68326145
11,47,gen_fuel_solar_mw,0.66181153
12,1,net_sched_interchange_mw,1.2694422
12,2,gen_fuel_coal_mw,0.88573027
12,3,da_as_total_mw_thirty_minutes_reserve,0.7687773
12,4,gross_sched_interchange_mw,0.96403855
12,5,gen_fuel_nuclear_mw,0.87775815
12,6,da_as_as_req_mw_primary_reserve,0.85331357
12,7,da_as_as_req_mw_synchronized_reserve,0.89373773
12,8,da_as_total_mw_primary_reserve,0.8000143
12,9,da_as_total_mw_synchronized_reserve,0.78168
12,10,gen_fuel_other_renewables_mw,0.7583858
12,11,gen_fuel_multiple_fuels_mw,0.7897686
12,12,system_energy_price_da,0.79011613
12,13,gen_fuel_storage_mw,0.82349324
12,14,forecast_load_mw_day_ahead,0.8875368
12,15,gen_fuel_gas_mw,0.90570545
12,16,total_gen,0.9811053
12,17,gen_fuel_wind_mw,0.7376772
12,18,wind_generation_mw,0.7353372
12,19,da_as_as_req_mw_thirty_minutes_reserve,0.8382965
12,20,gen_fuel_multiple_fuels_pct,0.8758619
12,21,total_lmp_da,0.9003404
12,22,system_energy_price_rt,0.9126083
12,23,total_lmp_rt,0.87612665
12,24,da_as_mcp_synchronized_reserve,0.8394375
12,25,da_as_mcp_primary_reserve,0.7467325
12,26,marginal_loss_price_rt,0.8212991
12,27,gen_fuel_gas_pct,0.8358735
12,28,marginal_loss_price_da,0.88065857
12,29,gen_fuel_wind_pct,0.76853573
12,30,metered_load_mw,0.89740974
12,31,gross_inadv_interchange_mw,0.84668654
12,32,gen_fuel_nuclear_pct,0.7099303
12,33,congestion_price_da,0.85391116
12,34,congestion_price_rt,0.7161989
12,35,forecast_load_mw_latest_available,0.9321483
12,36,prelim_load_avg_hourly,0.9219965
12,37,gross_actual_interchange_mw,0.69559205
12,38,total_losses,0.9090928
12,39,gen_fuel_oil_mw,0.7967182
12,40,da_as_ss_mw_primary_reserve,0.78495276
12,41,da_as_nsr_mw_primary_reserve,0.7593896
12,42,gen_fuel_coal_pct,0.8470495
12,43,gen_fuel_other_renewables_pct,0.7003476
12,44,solar_generation_mw,0.7895322
12,45,gen_fuel_hydro_mw,0.78610575
12,46,net_inadv_interchange_mw,0.6559737
12,47,gen_fuel_solar_mw,0.62762046
13,1,net_sched_interchange_mw,1.2726582
13,2,gen_fuel_coal_mw,0.87357277
13,3,da_as_total_mw_thirty_minutes_reserve,0.74305546
13,4,gross_sched_interchange_mw,0.95625144
13,5,gen_fuel_nuclear_mw,0.85990655
13,6,da_as_as_req_mw_primary_reserve,0.82941043
13,7,da_as_as_req_mw_synchronized_reserve,0.873696
13,8,da_as_total_mw_primary_reserve,0.7749427
13,9,da_as_total_mw_synchronized_reserve,0.75402457
13,10,gen_fuel_other_renewables_mw,0.7285786
13,11,gen_fuel_multiple_fuels_mw,0.7687947
13,12,system_energy_price_da,0.7677427
13,13,gen_fuel_storage_mw,0.8052741
13,14,forecast_load_mw_day_ahead,0.8710944
13,15,gen_fuel_gas_mw,0.8879356
13,16,total_gen,0.9744554
13,17,gen_fuel_wind_mw,0.7059159
13,18,wind_generation_mw,0.703109
13,19,da_as_as_req_mw_thirty_minutes_reserve,0.819069
13,20,gen_fuel_multiple_fuels_pct,0.8575718
13,21,total_lmp_da,0.89477503
13,22,system_energy_price_rt,0.90565175
13,23,total_lmp_rt,0.86848956
13,24,da_as_mcp_synchronized_reserve,0.82610154
13,25,da_as_mcp_primary_reserve,0.72933036
13,26,marginal_loss_price_rt,0.8122226
13,27,gen_fuel_gas_pct,0.8177073
13,28,marginal_loss_price_da,0.87166554
13,29,gen_fuel_wind_pct,0.7425604
13,30,metered_load_mw,0.8883245
13,31,gross_inadv_interchange_mw,0.82694435
13,32,gen_fuel_nuclear_pct,0.68021417
13,33,congestion_price_da,0.83532447
13,34,congestion_price_rt,0.69168806
13,35,forecast_load_mw_latest_available,0.92324317
13,36,prelim_load_avg_hourly,0.913051
13,37,gross_actual_interchange_mw,0.6642195
13,38,total_losses,0.8981837
13,39,gen_fuel_oil_mw,0.7748166
13,40,da_as_ss_mw_primary_reserve,0.75926864
13,41,da_as_nsr_mw_primary_reserve,0.73234344
13,42,gen_fuel_coal_pct,0.8224547
13,43,gen_fuel_other_renewables_pct,0.66539484
13,44,solar_generation_mw,0.76490974
13,45,gen_fuel_hydro_mw,0.76224095
13,46,net_inadv_interchange_mw,0.6275096
13,47,gen_fuel_solar_mw,0.5913346
14,1,net_sched_interchange_mw,1.2757399
14,2,gen_fuel_coal_mw,0.8592166
14,3,da_as_total_mw_thirty_minutes_reserve,0.71676993
14,4,gross_sched_interchange_mw,0.9475118
14,5,gen_fuel_nuclear_mw,0.8413193
14,6,da_as_as_req_mw_primary_reserve,0.80276114
14,7,da_as_as_req_mw_synchronized_reserve,0.8524745
14,8,da_as_total_mw_primary_reserve,0.7466986
14,9,da_as_total_mw_synchronized_reserve,0.7260598
14,10,gen_fuel_other_renewables_mw,0.6976019
14,11,gen_fuel_multiple_fuels_mw,0.74660796
14,12,system_energy_price_da,0.7448952
14,13,gen_fuel_storage_mw,0.785909
14,14,forecast_load_mw_day_ahead,0.8557163
14,15,gen_fuel_gas_mw,0.8694671
14,16,total_gen,0.96773285
14,17,gen_fuel_wind_mw,0.67213416
14,18,wind_generation_mw,0.66751146
14,19,da_as_as_req_mw_thirty_minutes_reserve,0.79752666
14,20,gen_fuel_multiple_fuels_pct,0.83864576
14,21,total_lmp_da,0.8882425
14,22,system_energy_price_rt,0.89957184
14,23,total_lmp_rt,0.86078477
14,24,da_as_mcp_synchronized_reserve,0.80710906
14,25,da_as_mcp_primary_reserve,0.71022797
14,26,marginal_loss_price_rt,0.8044381
14,27,gen_fuel_gas_pct,0.7965572
14,28,marginal_loss_price_da,0.8617316
14,29,gen_fuel_wind_pct,0.71200955
14,30,metered_load_mw,0.8784682
14,31,gross_inadv_interchange_mw,0.80661815
14,32,gen_fuel_nuclear_pct,0.6487318
14,33,congestion_price_da,0.8158882
14,34,congestion_price_rt,0.6672344
14,35,forecast_load_mw_latest_available,0.913394
14,36,prelim_load_avg_hourly,0.90404195
14,37,gross_actual_interchange_mw,0.63005495
14,38,total_losses,0.88461506
14,39,gen_fuel_oil_mw,0.75099933
14,40,da_as_ss_mw_primary_reserve,0.73113894
14,41,da_as_nsr_mw_primary_reserve,0.7039574
14,42,gen_fuel_coal_pct,0.7951355
14,43,gen_fuel_other_renewables_pct,0.6281811
14,44,solar_generation_mw,0.7412042
14,45,gen_fuel_hydro_mw,0.7388925
14,46,net_inadv_interchange_mw,0.6000723
14,47,gen_fuel_solar_mw,0.54874784
15,1,net_sched_interchange_mw,1.2778023
15,2,gen_fuel_coal_mw,0.8446761
15,3,da_as_total_mw_thirty_minutes_reserve,0.6904382
15,4,gross_sched_interchange_mw,0.93861055
15,5,gen_fuel_nuclear_mw,0.82085824
15,6,da_as_as_req_mw_primary_reserve,0.77445984
15,7,da_as_as_req_mw_synchronized_reserve,0.8285753
15,8,da_as_total_mw_primary_reserve,0.7183705
15,9,da_as_total_mw_synchronized_reserve,0.6930017
15,10,gen_fuel_other_renewables_mw,0.66521996
15,11,gen_fuel_multiple_fuels_mw,0.72219616
15,12,system_energy_price_da,0.7219993
15,13,gen_fuel_storage_mw,0.76470023
15,14,forecast_load_mw_day_ahead,0.83924884
15,15,gen_fuel_gas_mw,0.8493748
15,16,total_gen,0.960608
15,17,gen_fuel_wind_mw,0.6359173
15,18,wind_generation_mw,0.63072073
15,19,da_as_as_req_mw_thirty_minutes_reserve,0.7742873
15,20,gen_fuel_multiple_fuels_pct,0.8176757
15,21,total_lmp_da,0.8812199
15,22,system_energy_price_rt,0.89316803
15,23,total_lmp_rt,0.8512433
15,24,da_as_mcp_synchronized_reserve,0.79149014
15,25,da_as_mcp_primary_reserve,0.6942819
15,26,marginal_loss_price_rt,0.7950509
15,27,gen_fuel_gas_pct,0.7759423
15,28,marginal_loss_price_da,0.85211647
15,29,gen_fuel_wind_pct,0.67996114
15,30,metered_load_mw,0.86841077
15,31,gross_inadv_interchange_mw,0.7846893
15,32,gen_fuel_nuclear_pct,0.6177552
15,33,congestion_price_da,0.7965316
15,34,congestion_price_rt,0.64218754
15,35,forecast_load_mw_latest_available,0.90384793
15,36,prelim_load_avg_hourly,0.8941165
15,37,gross_actual_interchange_mw,0.5948714
15,38,total_losses,0.8708623
15,39,gen_fuel_oil_mw,0.72832316
15,40,da_as_ss_mw_primary_reserve,0.7015348
15,41,da_as_nsr_mw_primary_reserve,0.6748558
15,42,gen_fuel_coal_pct,0.7670041
15,43,gen_fuel_other_renewables_pct,0.5901325
15,44,solar_generation_mw,0.71577364
15,45,gen_fuel_hydro_mw,0.7135256
15,46,net_inadv_interchange_mw,0.5696917
15,47,gen_fuel_solar_mw,0.50420576
16,1,net_sched_interchange_mw,1.2789155
16,2,gen_fuel_coal_mw,0.8291872
16,3,da_as_total_mw_thirty_minutes_reserve,0.6602383
16,4,gross_sched_interchange_mw,0.92892957
16,5,gen_fuel_nuclear_mw,0.8000239
16,6,da_as_as_req_mw_primary_reserve,0.74343765
16,7,da_as_as_req_mw_synchronized_reserve,0.803445
16,8,da_as_total_mw_primary_reserve,0.68918824
16,9,da_as_total_mw_synchronized_reserve,0.65792596
16,10,gen_fuel_other_renewables_mw,0.62942094
16,11,gen_fuel_multiple_fuels_mw,0.69447994
16,12,system_energy_price_da,0.698487
16,13,gen_fuel_storage_mw,0.7427354
16,14,forecast_load_mw_day_ahead,0.82178414
16,15,gen_fuel_gas_mw,0.82985425
16,16,total_gen,0.95359886
16,17,gen_fuel_wind_mw,0.59699667
16,18,wind_generation_mw,0.5907704
16,19,da_as_as_req_mw_thirty_minutes_reserve,0.7501072
16,20,gen_fuel_multiple_fuels_pct,0.7944925
16,21,total_lmp_da,0.87404984
16,22,system_energy_price_rt,0.88725996
16,23,total_lmp_rt,0.8431608
16,24,da_as_mcp_synchronized_reserve,0.7726768
16,25,da_as_mcp_primary_reserve,0.67421216
16,26,marginal_loss_price_rt,0.7859598
16,27,gen_fuel_gas_pct,0.7526674
16,28,marginal_loss_price_da,0.84167343
16,29,gen_fuel_wind_pct,0.6464955
16,30,metered_load_mw,0.8570417
16,31,gross_inadv_interchange_mw,0.76142853
16,32,gen_fuel_nuclear_pct,0.58396316
16,33,congestion_price_da,0.775979
16,34,congestion_price_rt,0.61701083
16,35,forecast_load_mw_latest_available,0.8924008
16,36,prelim_load_avg_hourly,0.88316154
16,37,gross_actual_interchange_mw,0.5580811
16,38,total_losses,0.8555115
16,39,gen_fuel_oil_mw,0.7045703
16,40,da_as_ss_mw_primary_reserve,0.66953695
16,41,da_as_nsr_mw_primary_reserve,0.64353895
16,42,gen_fuel_coal_pct,0.73753744
16,43,gen_fuel_other_renewables_pct,0.55197877
16,44,solar_generation_mw,0.68616223
16,45,gen_fuel_hydro_mw,0.6870718
16,46,net_inadv_interchange_mw,0.53949815
16,47,gen_fuel_solar_mw,0.4588382
17,1,net_sched_interchange_mw,1.280001
17,2,gen_fuel_coal_mw,0.81306875
17,3,da_as_total_mw_thirty_minutes_reserve,0.62946814
17,4,gross_sched_interchange_mw,0.91843355
17,5,gen_fuel_nuclear_mw,0.7774457
17,6,da_as_as_req_mw_primary_reserve,0.7112965
17,7,da_as_as_req_mw_synchronized_reserve,0.7773908
17,8,da_as_total_mw_primary_reserve,0.6562599
17,9,da_as_total_mw_synchronized_reserve,0.62428075
17,10,gen_fuel_other_renewables_mw,0.5930722
17,11,gen_fuel_multiple_fuels_mw,0.6662965
17,12,system_energy_price_da,0.6738852
17,13,gen_fuel_storage_mw,0.71937346
17,14,forecast_load_mw_day_ahead,0.80229086
17,15,gen_fuel_gas_mw,0.80877835
17,16,total_gen,0.94639313
17,17,gen_fuel_wind_mw,0.55887365
17,18,wind_generation_mw,0.54810244
17,19,da_as_as_req_mw_thirty_minutes_reserve,0.7235814
17,20,gen_fuel_multiple_fuels_pct,0.77227676
17,21,total_lmp_da,0.8655258
17,22,system_energy_price_rt,0.88045603
17,23,total_lmp_rt,0.8333125
17,24,da_as_mcp_synchronized_reserve,0.75497216
17,25,da_as_mcp_primary_reserve,0.65604866
17,26,marginal_loss_price_rt,0.77526796
17,27,gen_fuel_gas_pct,0.7264463
17,28,marginal_loss_price_da,0.8306136
17,29,gen_fuel_wind_pct,0.61230105
17,30,metered_load_mw,0.843979
17,31,gross_inadv_interchange_mw,0.73662853
17,32,gen_fuel_nuclear_pct,0.5476926
17,33,congestion_price_da,0.75343144
17,34,congestion_price_rt,0.59055537
17,35,forecast_load_mw_latest_available,0.8812156
17,36,prelim_load_avg_hourly,0.8718381
17,37,gross_actual_interchange_mw,0.51906806
17,38,total_losses,0.8394357
17,39,gen_fuel_oil_mw,0.67968655
17,40,da_as_ss_mw_primary_reserve,0.6356014
17,41,da_as_nsr_mw_primary_reserve,0.60869986
17,42,gen_fuel_coal_pct,0.70548093
17,43,gen_fuel_other_renewables_pct,0.51086557
17,44,solar_generation_mw,0.65612996
17,45,gen_fuel_hydro_mw,0.65826946
17,46,net_inadv_interchange_mw,0.50888
17,47,gen_fuel_solar_mw,0.41066077
18,1,net_sched_interchange_mw,1.2809949
18,2,gen_fuel_coal_mw,0.79576415
18,3,da_as_total_mw_thirty_minutes_reserve,0.5958258
18,4,gross_sched_interchange_mw,0.90694803
18,5,gen_fuel_nuclear_mw,0.75364083
18,6,da_as_as_req_mw_primary_reserve,0.67554206
18,7,da_as_as_req_mw_synchronized_reserve,0.74901575
18,8,da_as_total_mw_primary_reserve,0.623047
18,9,da_as_total_mw_synchronized_reserve,0.58442414
18,10,gen_fuel_other_renewables_mw,0.554665
18,11,gen_fuel_multiple_fuels_mw,0.6360227
18,12,system_energy_price_da,0.6480055
18,13,gen_fuel_storage_mw,0.69425946
18,14,forecast_load_mw_day_ahead,0.7815291
18,15,gen_fuel_gas_mw,0.7852259
18,16,total_gen,0.9377698
18,17,gen_fuel_wind_mw,0.51643753
18,18,wind_generation_mw,0.505189
18,19,da_as_as_req_mw_thirty_minutes_reserve,0.6949778
18,20,gen_fuel_multiple_fuels_pct,0.74711484
18,21,total_lmp_da,0.85720295
18,22,system_energy_price_rt,0.8730787
18,23,total_lmp_rt,0.8235999
18,24,da_as_mcp_synchronized_reserve,0.7329836
18,25,da_as_mcp_primary_reserve,0.6329234
18,26,marginal_loss_price_rt,0.76466805
18,27,gen_fuel_gas_pct,0.6987499
18,28,marginal_loss_price_da,0.8192695
18,29,gen_fuel_wind_pct,0.5741735
18,30,metered_load_mw,0.8318383
18,31,gross_inadv_interchange_mw,0.7090884
18,32,gen_fuel_nuclear_pct,0.51016206
18,33,congestion_price_da,0.729324
18,34,congestion_price_rt,0.56168073
18,35,forecast_load_mw_latest_available,0.86822456
18,36,prelim_load_avg_hourly,0.85960615
18,37,gross_actual_interchange_mw,0.47868797
18,38,total_losses,0.82173187
18,39,gen_fuel_oil_mw,0.65085477
18,40,da_as_ss_mw_primary_reserve,0.59891164
18,41,da_as_nsr_mw_primary_reserve,0.5732169
18,42,gen_fuel_coal_pct,0.6725394
18,43,gen_fuel_other_renewables_pct,0.46562502
18,44,solar_generation_mw,0.6246453
18,45,gen_fuel_hydro_mw,0.6264183
18,46,net_inadv_interchange_mw,0.47663456
18,47,gen_fuel_solar_mw,0.3604537
19,1,net_sched_interchange_mw,1.2815577
19,2,gen_fuel_coal_mw,0.77675617
19,3,da_as_total_mw_thirty_minutes_reserve,0.5585345
19,4,gross_sched_interchange_mw,0.8949322
19,5,gen_fuel_nuclear_mw,0.72800595
19,6,da_as_as_req_mw_primary_reserve,0.63788885
19,7,da_as_as_req_mw_synchronized_reserve,0.71928436
19,8,da_as_total_mw_primary_reserve,0.58673793
19,9,da_as_total_mw_synchronized_reserve,0.54231226
19,10,gen_fuel_other_renewables_mw,0.5134179
19,11,gen_fuel_multiple_fuels_mw,0.60199493
19,12,system_energy_price_da,0.6192658
19,13,gen_fuel_storage_mw,0.66713494
19,14,forecast_load_mw_day_ahead,0.75966233
19,15,gen_fuel_gas_mw,0.76045316
19,16,total_gen,0.9285251
19,17,gen_fuel_wind_mw,0.4722144
19,18,wind_generation_mw,0.45951176
19,19,da_as_as_req_mw_thirty_minutes_reserve,0.66521907
19,20,gen_fuel_multiple_fuels_pct,0.72032934
19,21,total_lmp_da,0.8465476
19,22,system_energy_price_rt,0.8660425
19,23,total_lmp_rt,0.8133299
19,24,da_as_mcp_synchronized_reserve,0.71081537
19,25,da_as_mcp_primary_reserve,0.6103703
19,26,marginal_loss_price_rt,0.75339454
19,27,gen_fuel_gas_pct,0.66870403
19,28,marginal_loss_price_da,0.8069626
19,29,gen_fuel_wind_pct,0.53398633
19,30,metered_load_mw,0.8177389
19,31,gross_inadv_interchange_mw,0.68024886
19,32,gen_fuel_nuclear_pct,0.46938413
19,33,congestion_price_da,0.70592004
19,34,congestion_price_rt,0.5320521
19,35,forecast_load_mw_latest_available,0.85534567
19,36,prelim_load_avg_hourly,0.84704155
19,37,gross_actual_interchange_mw,0.43441188
19,38,total_losses,0.8028344
19,39,gen_fuel_oil_mw,0.62116694
19,40,da_as_ss_mw_primary_reserve,0.560763
19,41,da_as_nsr_mw_primary_reserve,0.5353845
19,42,gen_fuel_coal_pct,0.6354229
19,43,gen_fuel_other_renewables_pct,0.41899306
19,44,solar_generation_mw,0.5907101
19,45,gen_fuel_hydro_mw,0.5951131
19,46,net_inadv_interchange_mw,0.44342798
19,47,gen_fuel_solar_mw,0.30616897
20,1,net_sched_interchange_mw,1.2821335
20,2,gen_fuel_coal_mw,0.75723994
20,3,da_as_total_mw_thirty_minutes_reserve,0.5190848
20,4,gross_sched_interchange_mw,0.8813586
20,5,gen_fuel_nuclear_mw,0.69952416
20,6,da_as_as_req_mw_primary_reserve,0.59796375
20,7,da_as_as_req_mw_synchronized_reserve,0.68576604
20,8,da_as_total_mw_primary_reserve,0.54802877
20,9,da_as_total_mw_synchronized_reserve,0.5000034
20,10,gen_fuel_other_renewables_mw,0.46787915
20,11,gen_fuel_multiple_fuels_mw,0.56594396
20,12,system_energy_price_da,0.59195924
20,13,gen_fuel_storage_mw,0.6374299
20,14,forecast_load_mw_day_ahead,0.73388547
20,15,gen_fuel_gas_mw,0.734904
20,16,total_gen,0.91866344
20,17,gen_fuel_wind_mw,0.4218881
20,18,wind_generation_mw,0.41533053
20,19,da_as_as_req_mw_thirty_minutes_reserve,0.63230157
20,20,gen_fuel_multiple_fuels_pct,0.69203013
20,21,total_lmp_da,0.8354818
20,22,system_energy_price_rt,0.85549474
20,23,total_lmp_rt,0.80110663
20,24,da_as_mcp_synchronized_reserve,0.69346267
20,25,da_as_mcp_primary_reserve,0.5831489
20,26,marginal_loss_price_rt,0.7361044
20,27,gen_fuel_gas_pct,0.63713014
20,28,marginal_loss_price_da,0.7923262
20,29,gen_fuel_wind_pct,0.49135202
20,30,metered_load_mw,0.8032965
20,31,gross_inadv_interchange_mw,0.64850676
20,32,gen_fuel_nuclear_pct,0.425166
20,33,congestion_price_da,0.6770418
20,34,congestion_price_rt,0.4986525
20,35,forecast_load_mw_latest_available,0.84166133
20,36,prelim_load_avg_hourly,0.8334991
20,37,gross_actual_interchange_mw,0.38941386
20,38,total_losses,0.78345025
20,39,gen_fuel_oil_mw,0.59068793
20,40,da_as_ss_mw_primary_reserve,0.519087
20,41,da_as_nsr_mw_primary_reserve,0.49472296
20,42,gen_fuel_coal_pct,0.59746784
20,43,gen_fuel_other_renewables_pct,0.3686335
20,44,solar_generation_mw,0.55385643
20,45,gen_fuel_hydro_mw,0.56115144
20,46,net_inadv_interchange_mw,0.40914723
20,47,gen_fuel_solar_mw,0.249263
21,1,net_sched_interchange_mw,1.2827755
21,2,gen_fuel_coal_mw,0.7364727
21,3,da_as_total_mw_thirty_minutes_reserve,0.47862738
21,4,gross_sched_interchange_mw,0.8674439
21,5,gen_fuel_nuclear_mw,0.671113
21,6,da_as_as_req_mw_primary_reserve,0.5539472
21,7,da_as_as_req_mw_synchronized_reserve,0.6504904
21,8,da_as_total_mw_primary_reserve,0.5079247
21,9,da_as_total_mw_synchronized_reserve,0.44976187
21,10,gen_fuel_other_renewables_mw,0.42115617
21,11,gen_fuel_multiple_fuels_mw,0.52816176
21,12,system_energy_price_da,0.55907536
21,13,gen_fuel_storage_mw,0.6063288
21,14,forecast_load_mw_day_ahead,0.70799804
21,15,gen_fuel_gas_mw,0.70473266
21,16,total_gen,0.90853876
21,17,gen_fuel_wind_mw,0.37416616
21,18,wind_generation_mw,0.36597332
21,19,da_as_as_req_mw_thirty_minutes_reserve,0.5991852
21,20,gen_fuel_multiple_fuels_pct,0.66184413
21,21,total_lmp_da,0.8227238
21,22,system_energy_price_rt,0.8488368
21,23,total_lmp_rt,0.7860955
21,24,da_as_mcp_synchronized_reserve,0.6685876
21,25,da_as_mcp_primary_reserve,0.55862826
21,26,marginal_loss_price_rt,0.72349924
21,27,gen_fuel_gas_pct,0.60264874
21,28,marginal_loss_price_da,0.77796715
21,29,gen_fuel_wind_pct,0.44590756
21,30,metered_load_mw,0.7873012
21,31,gross_inadv_interchange_mw,0.61574405
21,32,gen_fuel_nuclear_pct,0.3782948
21,33,congestion_price_da,0.6507758
21,34,congestion_price_rt,0.4645212
21,35,forecast_load_mw_latest_available,0.8267666
21,36,prelim_load_avg_hourly,0.81921583
21,37,gross_actual_interchange_mw,0.33971602
21,38,total_losses,0.7606098
21,39,gen_fuel_oil_mw,0.55684257
21,40,da_as_ss_mw_primary_reserve,0.47492477
21,41,da_as_nsr_mw_primary_reserve,0.4543418
21,42,gen_fuel_coal_pct,0.5586246
21,43,gen_fuel_other_renewables_pct,0.31641194
21,44,solar_generation_mw,0.51387167
21,45,gen_fuel_hydro_mw,0.5219105
21,46,net_inadv_interchange_mw,0.38025674
21,47,gen_fuel_solar_mw,0.19225636
22,1,net_sched_interchange_mw,1.2829396
22,2,gen_fuel_coal_mw,0.71280473
22,3,da_as_total_mw_thirty_minutes_reserve,0.4351901
22,4,gross_sched_interchange_mw,0.8523413
22,5,gen_fuel_nuclear_mw,0.63988155
22,6,da_as_as_req_mw_primary_reserve,0.5106308
22,7,da_as_as_req_mw_synchronized_reserve,0.6144481
22,8,da_as_total_mw_primary_reserve,0.46636483
22,9,da_as_total_mw_synchronized_reserve,0.4017245
22,10,gen_fuel_other_renewables_mw,0.37074
22,11,gen_fuel_multiple_fuels_mw,0.4887587
22,12,system_energy_price_da,0.5225728
22,13,gen_fuel_storage_mw,0.573601
22,14,forecast_load_mw_day_ahead,0.6813006
22,15,gen_fuel_gas_mw,0.67481595
22,16,total_gen,0.8978977
22,17,gen_fuel_wind_mw,0.32383332
22,18,wind_generation_mw,0.31259564
22,19,da_as_as_req_mw_thirty_minutes_reserve,0.5615105
22,20,gen_fuel_multiple_fuels_pct,0.63098747
22,21,total_lmp_da,0.810427
22,22,system_energy_price_rt,0.83788764
22,23,total_lmp_rt,0.77201253
22,24,da_as_mcp_synchronized_reserve,0.63824856
22,25,da_as_mcp_primary_reserve,0.5319333
22,26,marginal_loss_price_rt,0.7094656
22,27,gen_fuel_gas_pct,0.56576246
22,28,marginal_loss_price_da,0.7636394
22,29,gen_fuel_wind_pct,0.40066656
22,30,metered_load_mw,0.7713335
22,31,gross_inadv_interchange_mw,0.58109206
22,32,gen_fuel_nuclear_pct,0.33324212
22,33,congestion_price_da,0.62079275
22,34,congestion_price_rt,0.4257946
22,35,forecast_load_mw_latest_available,0.8100978
22,36,prelim_load_avg_hourly,0.80320036
22,37,gross_actual_interchange_mw,0.28701153
22,38,total_losses,0.7374079
22,39,gen_fuel_oil_mw,0.5233086
22,40,da_as_ss_mw_primary_reserve,0.42735568
22,41,da_as_nsr_mw_primary_reserve,0.40983325
22,42,gen_fuel_coal_pct,0.51914847
22,43,gen_fuel_other_renewables_pct,0.26207504
22,44,solar_generation_mw,0.47158417
22,45,gen_fuel_hydro_mw,0.48173967
22,46,net_inadv_interchange_mw,0.35714266
22,47,gen_fuel_solar_mw,0.1329701
23,1,net_sched_interchange_mw,1.2829051
23,2,gen_fuel_coal_mw,0.68897885
23,3,da_as_total_mw_thirty_minutes_reserve,0.39136752
23,4,gross_sched_interchange_mw,0.83622324
23,5,gen_fuel_nuclear_mw,0.6063711
23,6,da_as_as_req_mw_primary_reserve,0.46157405
23,7,da_as_as_req_mw_synchronized_reserve,0.5741824
23,8,da_as_total_mw_primary_reserve,0.42064318
23,9,da_as_total_mw_synchronized_reserve,0.350541
23,10,gen_fuel_other_renewables_mw,0.3180844
23,11,gen_fuel_multiple_fuels_mw,0.44416663
23,12,system_energy_price_da,0.4887606
23,13,gen_fuel_storage_mw,0.5394556
23,14,forecast_load_mw_day_ahead,0.6508017
23,15,gen_fuel_gas_mw,0.6414871
23,16,total_gen,0.8863191
23,17,gen_fuel_wind_mw,0.26971173
23,18,wind_generation_mw,0.25971076
23,19,da_as_as_req_mw_thirty_minutes_reserve,0.5235792
23,20,gen_fuel_multiple_fuels_pct,0.59674734
23,21,total_lmp_da,0.7969646
23,22,system_energy_price_rt,0.828262
23,23,total_lmp_rt,0.7592754
23,24,da_as_mcp_synchronized_reserve,0.6083896
23,25,da_as_mcp_primary_reserve,0.5020326
23,26,marginal_loss_price_rt,0.6929293
23,27,gen_fuel_gas_pct,0.52662253
23,28,marginal_loss_price_da,0.7467353
23,29,gen_fuel_wind_pct,0.3511255
23,30,metered_load_mw,0.75427383
23,31,gross_inadv_interchange_mw,0.5450345
23,32,gen_fuel_nuclear_pct,0.28413293
23,33,congestion_price_da,0.58986205
23,34,congestion_price_rt,0.38668904
23,35,forecast_load_mw_latest_available,0.7927068
23,36,prelim_load_avg_hourly,0.78714556
23,37,gross_actual_interchange_mw,0.23329806
23,38,total_losses,0.7140631
23,39,gen_fuel_oil_mw,0.48649886
23,40,da_as_ss_mw_primary_reserve,0.37705123
23,41,da_as_nsr_mw_primary_reserve,0.36488092
23,42,gen_fuel_coal_pct,0.47741908
23,43,gen_fuel_other_renewables_pct,0.20202488
23,44,solar_generation_mw,0.42836133
23,45,gen_fuel_hydro_mw,0.43905038
23,46,net_inadv_interchange_mw,0.32838723
23,47,gen_fuel_solar_mw,0.072006665
24,1,net_sched_interchange_mw,1.2821566
24,2,gen_fuel_coal_mw,0.66189337
24,3,da_as_total_mw_thirty_minutes_reserve,0.34682482
24,4,gross_sched_interchange_mw,0.8192821
24,5,gen_fuel_nuclear_mw,0.57197297
24,6,da_as_as_req_mw_primary_reserve,0.41139346
24,7,da_as_as_req_mw_synchronized_reserve,0.5312574
24,8,da_as_total_mw_primary_reserve,0.3723202
24,9,da_as_total_mw_synchronized_reserve,0.2987544
24,10,gen_fuel_other_renewables_mw,0.26308286
24,11,gen_fuel_multiple_fuels_mw,0.39912078
24,12,system_energy_price_da,0.4537366
24,13,gen_fuel_storage_mw,0.5023437
24,14,forecast_load_mw_day_ahead,0.61938137
24,15,gen_fuel_gas_mw,0.6051514
24,16,total_gen,0.8746202
24,17,gen_fuel_wind_mw,0.21377912
24,18,wind_generation_mw,0.20249231
24,19,da_as_as_req_mw_thirty_minutes_reserve,0.48293293
24,20,gen_fuel_multiple_fuels_pct,0.5605209
24,21,total_lmp_da,0.7814102
24,22,system_energy_price_rt,0.8176445
24,23,total_lmp_rt,0.74329716
24,24,da_as_mcp_synchronized_reserve,0.5785797
24,25,da_as_mcp_primary_reserve,0.4738196
24,26,marginal_loss_price_rt,0.6747178
24,27,gen_fuel_gas_pct,0.48729637
24,28,marginal_loss_price_da,0.7279016
24,29,gen_fuel_wind_pct,0.3007557
24,30,metered_load_mw,0.73568857
24,31,gross_inadv_interchange_mw,0.5054694
24,32,gen_fuel_nuclear_pct,0.23568186
24,33,congestion_price_da,0.55655855
24,34,congestion_price_rt,0.34649146
24,35,forecast_load_mw_latest_available,0.7745563
24,36,prelim_load_avg_hourly,0.76898986
24,37,gross_actual_interchange_mw,0.1771174
24,38,total_losses,0.6881804
24,39,gen_fuel_oil_mw,0.44962963
24,40,da_as_ss_mw_primary_reserve,0.32461357
24,41,da_as_nsr_mw_primary_reserve,0.3154576
24,42,gen_fuel_coal_pct,0.43645933
24,43,gen_fuel_other_renewables_pct,0.13891415
24,44,solar_generation_mw,0.38187906
24,45,gen_fuel_hydro_mw,0.39489534
24,46,net_inadv_interchange_mw,0.30717584
24,47,gen_fuel_solar_mw,0.008554764
25,1,net_sched_interchange_mw,1.2812116
25,2,gen_fuel_coal_mw,0.6338139
25,3,da_as_total_mw_thirty_minutes_reserve,0.29718104
25,4,gross_sched_interchange_mw,0.80128664
25,5,gen_fuel_nuclear_mw,0.533543
25,6,da_as_as_req_mw_primary_reserve,0.35687542
25,7,da_as_as_req_mw_synchronized_reserve,0.48736045
25,8,da_as_total_mw_primary_reserve,0.32342815
25,9,da_as_total_mw_synchronized_reserve,0.23949425
25,10,gen_fuel_other_renewables_mw,0.20334356
25,11,gen_fuel_multiple_fuels_mw,0.35019258
25,12,system_energy_price_da,0.41622922
25,13,gen_fuel_storage_mw,0.4622531
25,14,forecast_load_mw_day_ahead,0.5849102
25,15,gen_fuel_gas_mw,0.5677783
25,16,total_gen,0.8617948
25,17,gen_fuel_wind_mw,0.15470995
25,18,wind_generation_mw,0.14627232
25,19,da_as_as_req_mw_thirty_minutes_reserve,0.43806362
25,20,gen_fuel_multiple_fuels_pct,0.5220434
25,21,total_lmp_da,0.7665223
25,22,system_energy_price_rt,0.8061641
25,23,total_lmp_rt,0.7283598
25,24,da_as_mcp_synchronized_reserve,0.54618186
25,25,da_as_mcp_primary_reserve,0.4398222
25,26,marginal_loss_price_rt,0.65520865
25,27,gen_fuel_gas_pct,0.4435914
25,28,marginal_loss_price_da,0.70934296
25,29,gen_fuel_wind_pct,0.24692662
25,30,metered_load_mw,0.7161526
25,31,gross_inadv_interchange_mw,0.46345726
25,32,gen_fuel_nuclear_pct,0.18531463
25,33,congestion_price_da,0.5198332
25,34,congestion_price_rt,0.3030254
25,35,forecast_load_mw_latest_available,0.75425917
25,36,prelim_load_avg_hourly,0.7503806
25,37,gross_actual_interchange_mw,0.1191281
25,38,total_losses,0.66053855
25,39,gen_fuel_oil_mw,0.4104747
25,40,da_as_ss_mw_primary_reserve,0.26961216
25,41,da_as_nsr_mw_primary_reserve,0.26611716
25,42,gen_fuel_coal_pct,0.39008906
25,43,gen_fuel_other_renewables_pct,0.07261741
25,44,solar_generation_mw,0.33207512
25,45,gen_fuel_hydro_mw,0.3489157
25,46,net_inadv_interchange_mw,0.28428578
25,47,gen_fuel_solar_mw,-2.1922664e-05
26,1,net_sched_interchange_mw,1.2810688
26,2,gen_fuel_coal_mw,0.6050492
26,3,da_as_total_mw_thirty_minutes_reserve,0.24479489
26,4,gross_sched_interchange_mw,0.7817352
26,5,gen_fuel_nuclear_mw,0.49577102
26,6,da_as_as_req_mw_primary_reserve,0.3010269
26,7,da_as_as_req_mw_synchronized_reserve,0.43857276
26,8,da_as_total_mw_primary_reserve,0.27006966
26,9,da_as_total_mw_synchronized_reserve,0.18341316
26,10,gen_fuel_other_renewables_mw,0.1404066
26,11,gen_fuel_multiple_fuels_mw,0.30122465
26,12,system_energy_price_da,0.37634835
26,13,gen_fuel_storage_mw,0.41999573
26,14,forecast_load_mw_day_ahead,0.548124
26,15,gen_fuel_gas_mw,0.52570665
26,16,total_gen,0.8476642
26,17,gen_fuel_wind_mw,0.094545394
26,18,wind_generation_mw,0.08947978
26,19,da_as_as_req_mw_thirty_minutes_reserve,0.39104
26,20,gen_fuel_multiple_fuels_pct,0.48184186
26,21,total_lmp_da,0.747163
26,22,system_energy_price_rt,0.79227966
26,23,total_lmp_rt,0.7070491
26,24,da_as_mcp_synchronized_reserve,0.51020616
26,25,da_as_mcp_primary_reserve,0.40847516
26,26,marginal_loss_price_rt,0.63672817
26,27,gen_fuel_gas_pct,0.39533493
26,28,marginal_loss_price_da,0.68822
26,29,gen_fuel_wind_pct,0.18985663
26,30,metered_load_mw,0.6945324
26,31,gross_inadv_interchange_mw,0.42004472
26,32,gen_fuel_nuclear_pct,0.12728159
26,33,congestion_price_da,0.48210517
26,34,congestion_price_rt,0.25462332
26,35,forecast_load_mw_latest_available,0.73394144
26,36,prelim_load_avg_hourly,0.7314101
26,37,gross_actual_interchange_mw,0.056627207
26,38,total_losses,0.6308338
26,39,gen_fuel_oil_mw,0.3686304
26,40,da_as_ss_mw_primary_reserve,0.21237077
26,41,da_as_nsr_mw_primary_reserve,0.2140568
26,42,gen_fuel_coal_pct,0.34093055
26,43,gen_fuel_other_renewables_pct,0.0016666751
26,44,solar_generation_mw,0.28244033
26,45,gen_fuel_hydro_mw,0.29665425
26,46,net_inadv_interchange_mw,0.26104343
26,47,gen_fuel_solar_mw,-1.8665858e-05
27,1,net_sched_interchange_mw,1.2799495
27,2,gen_fuel_coal_mw,0.5694814
27,3,da_as_total_mw_thirty_minutes_reserve,0.19223534
27,4,gross_sched_interchange_mw,0.7610436
27,5,gen_fuel_nuclear_mw,0.452564
27,6,da_as_as_req_mw_primary_reserve,0.24197307
27,7,da_as_as_req_mw_synchronized_reserve,0.3861936
27,8,da_as_total_mw_primary_reserve,0.21375577
27,9,da_as_total_mw_synchronized_reserve,0.13045248
27,10,gen_fuel_other_renewables_mw,0.0737864
27,11,gen_fuel_multiple_fuels_mw,0.24807824
27,12,system_energy_price_da,0.337246
27,13,gen_fuel_storage_mw,0.37523317
27,14,forecast_load_mw_day_ahead,0.51131135
27,15,gen_fuel_gas_mw,0.48176414
27,16,total_gen,0.8341614
27,17,gen_fuel_wind_mw,0.03257647
27,18,wind_generation_mw,0.033609096
27,19,da_as_as_req_mw_thirty_minutes_reserve,0.34304756
27,20,gen_fuel_multiple_fuels_pct,0.43783566
27,21,total_lmp_da,0.72991884
27,22,system_energy_price_rt,0.78037333
27,23,total_lmp_rt,0.6881258
27,24,da_as_mcp_synchronized_reserve,0.47026643
27,25,da_as_mcp_primary_reserve,0.37335193
27,26,marginal_loss_price_rt,0.6132292
27,27,gen_fuel_gas_pct,0.34683445
27,28,marginal_loss_price_da,0.6658946
27,29,gen_fuel_wind_pct,0.1297927
27,30,metered_load_mw,0.67467254
27,31,gross_inadv_interchange_mw,0.37270358
27,32,gen_fuel_nuclear_pct,0.07351445
27,33,congestion_price_da,0.4413912
27,34,congestion_price_rt,0.20243792
27,35,forecast_load_mw_latest_available,0.70799845
27,36,prelim_load_avg_hourly,0.70902747
27,37,gross_actual_interchange_mw,0.00017126589
27,38,total_losses,0.59957194
27,39,gen_fuel_oil_mw,0.32225332
27,40,da_as_ss_mw_primary_reserve,0.1510629
27,41,da_as_nsr_mw_primary_reserve,0.15501931
27,42,gen_fuel_coal_pct,0.29928076
27,43,gen_fuel_other_renewables_pct,-0.0002403033
27,44,solar_generation_mw,0.22858718
27,45,gen_fuel_hydro_mw,0.24718575
27,46,net_inadv_interchange_mw,0.25002888
27,47,gen_fuel_solar_mw,0.00013179732
28,1,net_sched_interchange_mw,1.2784638
28,2,gen_fuel_coal_mw,0.5344537
28,3,da_as_total_mw_thirty_minutes_reserve,0.1356014
28,4,gross_sched_interchange_mw,0.7389257
28,5,gen_fuel_nuclear_mw,0.4088238
28,6,da_as_as_req_mw_primary_reserve,0.18260178
28,7,da_as_as_req_mw_synchronized_reserve,0.33299425
28,8,da_as_total_mw_primary_reserve,0.15284957
28,9,da_as_total_mw_synchronized_reserve,0.07174756
28,10,gen_fuel_other_renewables_mw,0.0061593507
28,11,gen_fuel_multiple_fuels_mw,0.19355914
28,12,system_energy_price_da,0.2944037
28,13,gen_fuel_storage_mw,0.32781106
28,14,forecast_load_mw_day_ahead,0.47019765
28,15,gen_fuel_gas_mw,0.43724203
28,16,total_gen,0.8192841
28,17,gen_fuel_wind_mw,1.6580834e-05
28,18,wind_generation_mw,0.00010235622
28,19,da_as_as_req_mw_thirty_minutes_reserve,0.2896136
28,20,gen_fuel_multiple_fuels_pct,0.39227042
28,21,total_lmp_da,0.7125065
28,22,system_energy_price_rt,0.7657168
28,23,total_lmp_rt,0.6682416
28,24,da_as_mcp_synchronized_reserve,0.43217874
28,25,da_as_mcp_primary_reserve,0.3332455
28,26,marginal_loss_price_rt,0.58957726
28,27,gen_fuel_gas_pct,0.29425454
28,28,marginal_loss_price_da,0.6434955
28,29,gen_fuel_wind_pct,0.071230635
28,30,metered_load_mw,0.65259445
28,31,gross_inadv_interchange_mw,0.3229486
28,32,gen_fuel_nuclear_pct,0.016946279
28,33,congestion_price_da,0.39798576
28,34,congestion_price_rt,0.14803617
28,35,forecast_load_mw_latest_available,0.6834666
28,36,prelim_load_avg_hourly,0.6858639
28,37,gross_actual_interchange_mw,-9.101493e-05
28,38,total_losses,0.56703043
28,39,gen_fuel_oil_mw,0.27256903
28,40,da_as_ss_mw_primary_reserve,0.086608
28,41,da_as_nsr_mw_primary_reserve,0.099423684
28,42,gen_fuel_coal_pct,0.25428802
28,43,gen_fuel_other_renewables_pct,4.7871334e-05
28,44,solar_generation_mw,0.1737967
28,45,gen_fuel_hydro_mw,0.19181243
28,46,net_inadv_interchange_mw,0.2325741
28,47,gen_fuel_solar_mw,0.00024110731
29,1,net_sched_interchange_mw,1.2767341
29,2,gen_fuel_coal_mw,0.4981832
29,3,da_as_total_mw_thirty_minutes_reserve,0.07515626
29,4,gross_sched_interchange_mw,0.71473366
29,5,gen_fuel_nuclear_mw,0.36224613
29,6,da_as_as_req_mw_primary_reserve,0.12299968
29,7,da_as_as_req_mw_synchronized_reserve,0.27286857
29,8,da_as_total_mw_primary_reserve,0.086899385
29,9,da_as_total_mw_synchronized_reserve,0.0151232565
29,10,gen_fuel_other_renewables_mw,-0.00014092264
29,11,gen_fuel_multiple_fuels_mw,0.1362337
29,12,system_energy_price_da,0.24841045
29,13,gen_fuel_storage_mw,0.2774813
29,14,forecast_load_mw_day_ahead,0.42848006
29,15,gen_fuel_gas_mw,0.38881597
29,16,total_gen,0.80335426
29,17,gen_fuel_wind_mw,0.00021080673
29,18,wind_generation_mw,5.7858288e-05
29,19,da_as_as_req_mw_thirty_minutes_reserve,0.23275477
29,20,gen_fuel_multiple_fuels_pct,0.34272414
29,21,total_lmp_da,0.69295585
29,22,system_energy_price_rt,0.75138074
29,23,total_lmp_rt,0.64781797
29,24,da_as_mcp_synchronized_reserve,0.39284846
29,25,da_as_mcp_primary_reserve,0.28945243
29,26,marginal_loss_price_rt,0.5651268
29,27,gen_fuel_gas_pct,0.2390472
29,28,marginal_loss_price_da,0.6195676
29,29,gen_fuel_wind_pct,0.021157831
29,30,metered_load_mw,0.628508
29,31,gross_inadv_interchange_mw,0.27054748
29,32,gen_fuel_nuclear_pct,0.00016005551
29,33,congestion_price_da,0.3495471
29,34,congestion_price_rt,0.092318796
29,35,forecast_load_mw_latest_available,0.657094
29,36,prelim_load_avg_hourly,0.6623647
29,37,gross_actual_interchange_mw,-7.744264e-06
29,38,total_losses,0.53164786
29,39,gen_fuel_oil_mw,0.2216075
29,40,da_as_ss_mw_primary_reserve,0.019134423
29,41,da_as_nsr_mw_primary_reserve,0.041276973
29,42,gen_fuel_coal_pct,0.20774017
29,43,gen_fuel_other_renewables_pct,3.3345197e-05
29,44,solar_generation_mw,0.11584964
29,45,gen_fuel_hydro_mw,0.13595939
29,46,net_inadv_interchange_mw,0.21801265
29,47,gen_fuel_solar_mw,-0.00017115957
30,1,net_sched_interchange_mw,1.2751042
30,2,gen_fuel_coal_mw,0.45891064
30,3,da_as_total_mw_thirty_minutes_reserve,0.015318716
30,4,gross_sched_interchange_mw,0.6888958
30,5,gen_fuel_nuclear_mw,0.31331635
30,6,da_as_as_req_mw_primary_reserve,0.058909964
30,7,da_as_as_req_mw_synchronized_reserve,0.2103045
30,8,da_as_total_mw_primary_reserve,0.018593427
30,9,da_as_total_mw_synchronized_reserve,3.6021404e-05
30,10,gen_fuel_other_renewables_mw,-4.0038696e-05
30,11,gen_fuel_multiple_fuels_mw,0.075471416
30,12,system_energy_price_da,0.20788397
30,13,gen_fuel_storage_mw,0.22422756
30,14,forecast_load_mw_day_ahead,0.38433468
30,15,gen_fuel_gas_mw,0.33657804
30,16,total_gen,0.7867231
30,17,gen_fuel_wind_mw,0.00010784839
30,18,wind_generation_mw,0.00033108937
30,19,da_as_as_req_mw_thirty_minutes_reserve,0.1713863
30,20,gen_fuel_multiple_fuels_pct,0.2894742
30,21,total_lmp_da,0.670729
30,22,system_energy_price_rt,0.73406935
30,23,total_lmp_rt,0.6219752
30,24,da_as_mcp_synchronized_reserve,0.3515695
30,25,da_as_mcp_primary_reserve,0.2457715
30,26,marginal_loss_price_rt,0.5429642
30,27,gen_fuel_gas_pct,0.18120293
30,28,marginal_loss_price_da,0.59433323
30,29,gen_fuel_wind_pct,-4.2866013e-06
30,30,metered_load_mw,0.60192215
30,31,gross_inadv_interchange_mw,0.21562228
30,32,gen_fuel_nuclear_pct,0.0013732313
30,33,congestion_price_da,0.30045924
30,34,congestion_price_rt,0.0364082
30,35,forecast_load_mw_latest_available,0.62958974
30,36,prelim_load_avg_hourly,0.63638693
30,37,gross_actual_interchange_mw,1.1174794e-05
30,38,total_losses,0.4939531
30,39,gen_fuel_oil_mw,0.1657445
30,40,da_as_ss_mw_primary_reserve,1.0235995e-05
30,41,da_as_nsr_mw_primary_reserve,-0.00062093436
30,42,gen_fuel_coal_pct,0.16491614
30,43,gen_fuel_other_renewables_pct,-0.0004446033
30,44,solar_generation_mw,0.056578364
30,45,gen_fuel_hydro_mw,0.07478922
30,46,net_inadv_interchange_mw,0.20621838
30,47,gen_fuel_solar_mw,-8.107942e-05
31,1,net_sched_interchange_mw,1.2730742
31,2,gen_fuel_coal_mw,0.41741914
31,3,da_as_total_mw_thirty_minutes_reserve,4.557969e-05
31,4,gross_sched_interchange_mw,0.66160804
31,5,gen_fuel_nuclear_mw,0.26102147
31,6,da_as_as_req_mw_primary_reserve,0.00051150494
31,7,da_as_as_req_mw_synchronized_reserve,0.14380625
31,8,da_as_total_mw_primary_reserve,-0.000650658
31,9,da_as_total_mw_synchronized_reserve,0.000121228935
31,10,gen_fuel_other_renewables_mw,-1.3403507e-05
31,11,gen_fuel_multiple_fuels_mw,0.012650363
31,12,system_energy_price_da,0.1610627
31,13,gen_fuel_storage_mw,0.16751786
31,14,forecast_load_mw_day_ahead,0.33710226
31,15,gen_fuel_gas_mw,0.27983436
31,16,total_gen,0.7681427
31,17,gen_fuel_wind_mw,0.00024366441
31,18,wind_generation_mw,5.1897216e-05
31,19,da_as_as_req_mw_thirty_minutes_reserve,0.10792763
31,20,gen_fuel_multiple_fuels_pct,0.23217595
31,21,total_lmp_da,0.64827764
31,22,system_energy_price_rt,0.7183952
31,23,total_lmp_rt,0.59898716
31,24,da_as_mcp_synchronized_reserve,0.30586013
31,25,da_as_mcp_primary_reserve,0.1952066
31,26,marginal_loss_price_rt,0.51173353
31,27,gen_fuel_gas_pct,0.1233536
31,28,marginal_loss_price_da,0.567195
31,29,gen_fuel_wind_pct,-0.0004273525
31,30,metered_load_mw,0.57527304
31,31,gross_inadv_interchange_mw,0.15630472
31,32,gen_fuel_nuclear_pct,-0.00011435667
31,33,congestion_price_da,0.24633965
31,34,congestion_price_rt,9.264619e-05
31,35,forecast_load_mw_latest_available,0.5991131
31,36,prelim_load_avg_hourly,0.61043876
31,37,gross_actual_interchange_mw,-8.4892345e-05
31,38,total_losses,0.4537966
31,39,gen_fuel_oil_mw,0.108057715
31,40,da_as_ss_mw_primary_reserve,2.1315527e-05
31,41,da_as_nsr_mw_primary_reserve,0.0005820554
31,42,gen_fuel_coal_pct,0.12238972
31,43,gen_fuel_other_renewables_pct,1.046402e-05
31,44,solar_generation_mw,0.0036697595
31,45,gen_fuel_hydro_mw,0.015447799
31,46,net_inadv_interchange_mw,0.1942436
31,47,gen_fuel_solar_mw,4.9699447e-05
32,1,net_sched_interchange_mw,1.2706127
32,2,gen_fuel_coal_mw,0.37304625
32,3,da_as_total_mw_thirty_minutes_reserve,0.000800502
32,4,gross_sched_interchange_mw,0.6326141
32,5,gen_fuel_nuclear_mw,0.20714621
32,6,da_as_as_req_mw_primary_reserve,-2.3745308e-05
32,7,da_as_as_req_mw_synchronized_reserve,0.073308975
32,8,da_as_total_mw_primary_reserve,-0.00021328352
32,9,da_as_total_mw_synchronized_reserve,-0.0002478768
32,10,gen_fuel_other_renewables_mw,0.00012305667
32,11,gen_fuel_multiple_fuels_mw,0.00050402374
32,12,system_energy_price_da,0.112567775
32,13,gen_fuel_storage_mw,0.108902425
32,14,forecast_load_mw_day_ahead,0.28853795
32,15,gen_fuel_gas_mw,0.22275463
32,16,total_gen,0.747797
32,17,gen_fuel_wind_mw,-0.00019757092
32,18,wind_generation_mw,9.977832e-05
32,19,da_as_as_req_mw_thirty_minutes_reserve,0.04447612
32,20,gen_fuel_multiple_fuels_pct,0.17055316
32,21,total_lmp_da,0.62356156
32,22,system_energy_price_rt,0.70188105
32,23,total_lmp_rt,0.5718655
32,24,da_as_mcp_synchronized_reserve,0.25731733
32,25,da_as_mcp_primary_reserve,0.14552076
32,26,marginal_loss_price_rt,0.48550868
32,27,gen_fuel_gas_pct,0.06356128
32,28,marginal_loss_price_da,0.537988
32,29,gen_fuel_wind_pct,0.00013962804
32,30,metered_load_mw,0.5477534
32,31,gross_inadv_interchange_mw,0.09468096
32,32,gen_fuel_nuclear_pct,-0.0010802072
32,33,congestion_price_da,0.19285601
32,34,congestion_price_rt,-0.0002351403
32,35,forecast_load_mw_latest_available,0.5674624
32,36,prelim_load_avg_hourly,0.5842679
32,37,gross_actual_interchange_mw,-1.2886467e-06
32,38,total_losses,0.40979338
32,39,gen_fuel_oil_mw,0.04624797
32,40,da_as_ss_mw_primary_reserve,2.12778e-05
32,41,da_as_nsr_mw_primary_reserve,9.714844e-06
32,42,gen_fuel_coal_pct,0.08663131
32,43,gen_fuel_other_renewables_pct,5.892752e-05
32,44,solar_generation_mw,2.1754466e-05
32,45,gen_fuel_hydro_mw,-8.1855804e-05
32,46,net_inadv_interchange_mw,0.1847238
32,47,gen_fuel_solar_mw,0.0003822136
33,1,net_sched_interchange_mw,1.272173
33,2,gen_fuel_coal_mw,0.32155055
33,3,da_as_total_mw_thirty_minutes_reserve,8.0740414e-05
33,4,gross_sched_interchange_mw,0.6010356
33,5,gen_fuel_nuclear_mw,0.14755192
33,6,da_as_as_req_mw_primary_reserve,2.7924252e-06
33,7,da_as_as_req_mw_synchronized_reserve,0.0042142626
33,8,da_as_total_mw_primary_reserve,-0.00028250497
33,9,da_as_total_mw_synchronized_reserve,0.0002630553
33,10,gen_fuel_other_renewables_mw,-7.353838e-05
33,11,gen_fuel_multiple_fuels_mw,0.00016461217
33,12,system_energy_price_da,0.07563328
33,13,gen_fuel_storage_mw,0.04659284
33,14,forecast_load_mw_day_ahead,0.23261136
33,15,gen_fuel_gas_mw,0.15566725
33,16,total_gen,0.7282
33,17,gen_fuel_wind_mw,-3.7083253e-05
33,18,wind_generation_mw,-0.00029190254
33,19,da_as_as_req_mw_thirty_minutes_reserve,-0.00014710851
33,20,gen_fuel_multiple_fuels_pct,0.108630404
33,21,total_lmp_da,0.58920974
33,22,system_energy_price_rt,0.67207336
33,23,total_lmp_rt,0.52279705
33,24,da_as_mcp_synchronized_reserve,0.20377469
33,25,da_as_mcp_primary_reserve,0.10926427
33,26,marginal_loss_price_rt,0.4524448
33,27,gen_fuel_gas_pct,0.0047050756
33,28,marginal_loss_price_da,0.5013632
33,29,gen_fuel_wind_pct,3.1653326e-05
33,30,metered_load_mw,0.5117314
33,31,gross_inadv_interchange_mw,0.031448733
33,32,gen_fuel_nuclear_pct,2.375229e-05
33,33,congestion_price_da,0.14032593
33,34,congestion_price_rt,3.2817763e-05
33,35,forecast_load_mw_latest_available,0.5288209
33,36,prelim_load_avg_hourly,0.5531772
33,37,gross_actual_interchange_mw,0.00021495241
33,38,total_losses,0.36064407
33,39,gen_fuel_oil_mw,0.00050236675
33,40,da_as_ss_mw_primary_reserve,-0.00014822528
33,41,da_as_nsr_mw_primary_reserve,-0.00014234237
33,42,gen_fuel_coal_pct,0.059995357
33,43,gen_fuel_other_renewables_pct,-0.00010093683
33,44,solar_generation_mw,0.00010038023
33,45,gen_fuel_hydro_mw,2.6213726e-05
33,46,net_inadv_interchange_mw,0.18030971
33,47,gen_fuel_solar_mw,-8.276104e-05
34,1,net_sched_interchange_mw,1.2688861
34,2,gen_fuel_coal_mw,0.27197534
34,3,da_as_total_mw_thirty_minutes_reserve,8.517399e-05
34,4,gross_sched_interchange_mw,0.56817967
34,5,gen_fuel_nuclear_mw,0.088283665
34,6,da_as_as_req_mw_primary_reserve,7.400902e-05
34,7,da_as_as_req_mw_synchronized_reserve,-4.0587176e-05
34,8,da_as_total_mw_primary_reserve,-6.886988e-05
34,9,da_as_total_mw_synchronized_reserve,7.7253775e-05
34,10,gen_fuel_other_renewables_mw,7.5160424e-06
34,11,gen_fuel_multiple_fuels_mw,2.414491e-05
34,12,system_energy_price_da,0.032175977
34,13,gen_fuel_storage_mw,-0.0001828234
34,14,forecast_load_mw_day_ahead,0.18107794
34,15,gen_fuel_gas_mw,0.09206649
34,16,total_gen,0.70803416
34,17,gen_fuel_wind_mw,8.606389e-05
34,18,wind_generation_mw,-0.00021716065
34,19,da_as_as_req_mw_thirty_minutes_reserve,2.2097905e-05
34,20,gen_fuel_multiple_fuels_pct,0.043856513
34,21,total_lmp_da,0.5648509
34,22,system_energy_price_rt,0.6505016
34,23,total_lmp_rt,0.49809217
34,24,da_as_mcp_synchronized_reserve,0.15616678
34,25,da_as_mcp_primary_reserve,0.05789672
34,26,marginal_loss_price_rt,0.42029992
34,27,gen_fuel_gas_pct,3.939876e-05
34,28,marginal_loss_price_da,0.47284546
34,29,gen_fuel_wind_pct,0.00028474687
34,30,metered_load_mw,0.48549628
34,31,gross_inadv_interchange_mw,-0.000322059
34,32,gen_fuel_nuclear_pct,0.00013565211
34,33,congestion_price_da,0.08136041
34,34,congestion_price_rt,-3.9171053e-05
34,35,forecast_load_mw_latest_available,0.49289808
34,36,prelim_load_avg_hourly,0.52629066
34,37,gross_actual_interchange_mw,-2.0220788e-05
34,38,total_losses,0.31358898
34,39,gen_fuel_oil_mw,-0.00027319818
34,40,da_as_ss_mw_primary_reserve,-1.6709906e-05
34,41,da_as_nsr_mw_primary_reserve,0.00018484236
34,42,gen_fuel_coal_pct,0.035669345
34,43,gen_fuel_other_renewables_pct,-4.9011862e-05
34,44,solar_generation_mw,0.00011262422
34,45,gen_fuel_hydro_mw,-0.00028623923
34,46,net_inadv_interchange_mw,0.17288738
34,47,gen_fuel_solar_mw,9.4227355e-05
35,1,net_sched_interchange_mw,1.2655271
35,2,gen_fuel_coal_mw,0.2195452
35,3,da_as_total_mw_thirty_minutes_reserve,-0.00020001043
35,4,gross_sched_interchange_mw,0.5326045
35,5,gen_fuel_nuclear_mw,0.025668109
35,6,da_as_as_req_mw_primary_reserve,0.000239666
35,7,da_as_as_req_mw_synchronized_reserve,-0.00018073065
35,8,da_as_total_mw_primary_reserve,0.0002986298
35,9,da_as_total_mw_synchronized_reserve,0.00016139094
35,10,gen_fuel_other_renewables_mw,-0.00012907054
35,11,gen_fuel_multiple_fuels_mw,-2.930429e-05
35,12,system_energy_price_da,0.0012605065
35,13,gen_fuel_storage_mw,0.00020706226
35,14,forecast_load_mw_day_ahead,0.12751034
35,15,gen_fuel_gas_mw,0.030904774
35,16,total_gen,0.68805134
35,17,gen_fuel_wind_mw,0.00024312206
35,18,wind_generation_mw,0.00014394092
35,19,da_as_as_req_mw_thirty_minutes_reserve,5.008515e-05
35,20,gen_fuel_multiple_fuels_pct,0.00030182904
35,21,total_lmp_da,0.53572667
35,22,system_energy_price_rt,0.62845415
35,23,total_lmp_rt,0.4690599
35,24,da_as_mcp_synchronized_reserve,0.10563953
35,25,da_as_mcp_primary_reserve,0.0096825175
35,26,marginal_loss_price_rt,0.3920631
35,27,gen_fuel_gas_pct,4.3381446e-05
35,28,marginal_loss_price_da,0.437605
35,29,gen_fuel_wind_pct,-0.0004914102
35,30,metered_load_mw,0.45658398
35,31,gross_inadv_interchange_mw,-0.00013088816
35,32,gen_fuel_nuclear_pct,-0.00010260694
35,33,congestion_price_da,0.019000223
35,34,congestion_price_rt,-2.6709313e-07
35,35,forecast_load_mw_latest_available,0.4537453
35,36,prelim_load_avg_hourly,0.4967137
35,37,gross_actual_interchange_mw,7.2828785e-05
35,38,total_losses,0.26210803
35,39,gen_fuel_oil_mw,0.00024236404
35,40,da_as_ss_mw_primary_reserve,-0.00011966235
35,41,da_as_nsr_mw_primary_reserve,-0.00015327313
35,42,gen_fuel_coal_pct,0.020167535
35,43,gen_fuel_other_renewables_pct,-3.9382787e-05
35,44,solar_generation_mw,-5.343084e-05
35,45,gen_fuel_hydro_mw,-0.00021044674
35,46,net_inadv_interchange_mw,0.16305672
35,47,gen_fuel_solar_mw,6.386029e-05
36,1,net_sched_interchange_mw,1.2620531
36,2,gen_fuel_coal_mw,0.16622068
36,3,da_as_total_mw_thirty_minutes_reserve,0.00014442942
36,4,gross_sched_interchange_mw,0.4953473
36,5,gen_fuel_nuclear_mw,-7.2266455e-05
36,6,da_as_as_req_mw_primary_reserve,8.923067e-06
36,7,da_as_as_req_mw_synchronized_reserve,5.8451744e-05
36,8,da_as_total_mw_primary_reserve,4.5976223e-05
36,9,da_as_total_mw_synchronized_reserve,-0.00046557735
36,10,gen_fuel_other_renewables_mw,-2.8386508e-05
36,11,gen_fuel_multiple_fuels_mw,-0.00021714348
36,12,system_energy_price_da,0.0037378746
36,13,gen_fuel_storage_mw,0.00012230732
36,14,forecast_load_mw_day_ahead,0.0691642
36,15,gen_fuel_gas_mw,4.4866574e-05
36,16,total_gen,0.6659903
36,17,gen_fuel_wind_mw,-1.644397e-05
36,18,wind_generation_mw,0.00017499478
36,19,da_as_as_req_mw_thirty_minutes_reserve,1.9874877e-05
36,20,gen_fuel_multiple_fuels_pct,-0.00018486663
36,21,total_lmp_da,0.50585467
36,22,system_energy_price_rt,0.6060486
36,23,total_lmp_rt,0.4405374
36,24,da_as_mcp_synchronized_reserve,0.054834086
36,25,da_as_mcp_primary_reserve,-3.8550235e-05
36,26,marginal_loss_price_rt,0.3613778
36,27,gen_fuel_gas_pct,-5.854491e-05
36,28,marginal_loss_price_da,0.40360248
36,29,gen_fuel_wind_pct,0.000114850176
36,30,metered_load_mw,0.42741582
36,31,gross_inadv_interchange_mw,-0.00010386069
36,32,gen_fuel_nuclear_pct,-0.00012039757
36,33,congestion_price_da,2.0812513e-05
36,34,congestion_price_rt,0.00025364847
36,35,forecast_load_mw_latest_available,0.41396156
36,36,prelim_load_avg_hourly,0.46631297
36,37,gross_actual_interchange_mw,-0.000103274826
36,38,total_losses,0.21031108
36,39,gen_fuel_oil_mw,-8.1721446e-05
36,40,da_as_ss_mw_primary_reserve,-0.00016137227
36,41,da_as_nsr_mw_primary_reserve,0.0001188944
36,42,gen_fuel_coal_pct,0.004552891
36,43,gen_fuel_other_renewables_pct,0.00035243976
36,44,solar_generation_mw,-4.439371e-05
36,45,gen_fuel_hydro_mw,-0.0002419211
36,46,net_inadv_interchange_mw,0.15660766
36,47,gen_fuel_solar_mw,8.051798e-06
37,1,net_sched_interchange_mw,1.2577785
37,2,gen_fuel_coal_mw,0.11054612
37,3,da_as_total_mw_thirty_minutes_reserve,-0.00018886491
37,4,gross_sched_interchange_mw,0.45571974
37,5,gen_fuel_nuclear_mw,3.628128e-05
37,6,da_as_as_req_mw_primary_reserve,0.00013069298
37,7,da_as_as_req_mw_synchronized_reserve,0.00010740149
37,8,da_as_total_mw_primary_reserve,-4.467234e-05
37,9,da_as_total_mw_synchronized_reserve,-6.293011e-05
37,10,gen_fuel_other_renewables_mw,0.00013098994
37,11,gen_fuel_multiple_fuels_mw,7.5680975e-05
37,12,system_energy_price_da,0.00014827421
37,13,gen_fuel_storage_mw,1.5216909e-05
37,14,forecast_load_mw_day_ahead,0.007700179
37,15,gen_fuel_gas_mw,1.7833634e-05
37,16,total_gen,0.6414646
37,17,gen_fuel_wind_mw,0.00014238291
37,18,wind_generation_mw,-8.950938e-06
37,19,da_as_as_req_mw_thirty_minutes_reserve,-3.1463765e-05
37,20,gen_fuel_multiple_fuels_pct,5.6490617e-06
37,21,total_lmp_da,0.4751699
37,22,system_energy_price_rt,0.5829128
37,23,total_lmp_rt,0.4108384
37,24,da_as_mcp_synchronized_reserve,-0.0009418665
37,25,da_as_mcp_primary_reserve,-4.8793365e-05
37,26,marginal_loss_price_rt,0.3279489
37,27,gen_fuel_gas_pct,-0.00013851159
37,28,marginal_loss_price_da,0.36575294
37,29,gen_fuel_wind_pct,-0.0001515418
37,30,metered_load_mw,0.3956902
37,31,gross_inadv_interchange_mw,0.00015378748
37,32,gen_fuel_nuclear_pct,-0.00020319656
37,33,congestion_price_da,-9.795465e-05
37,34,congestion_price_rt,1.9519444e-05
37,35,forecast_load_mw_latest_available,0.37342265
37,36,prelim_load_avg_hourly,0.4363914
37,37,gross_actual_interchange_mw,-8.7628345e-05
37,38,total_losses,0.15397234
37,39,gen_fuel_oil_mw,-0.00015901041
37,40,da_as_ss_mw_primary_reserve,5.9902235e-05
37,41,da_as_nsr_mw_primary_reserve,2.1024607e-07
37,42,gen_fuel_coal_pct,0.00020840514
37,43,gen_fuel_other_renewables_pct,-0.00016869367
37,44,solar_generation_mw,4.1748688e-05
37,45,gen_fuel_hydro_mw,4.1874482e-05
37,46,net_inadv_interchange_mw,0.15062414
37,47,gen_fuel_solar_mw,-2.5696896e-05
38,1,net_sched_interchange_mw,1.2530347
38,2,gen_fuel_coal_mw,0.054064844
38,3,da_as_total_mw_thirty_minutes_reserve,8.609444e-05
38,4,gross_sched_interchange_mw,0.41278836
38,5,gen_fuel_nuclear_mw,-4.6165715e-05
38,6,da_as_as_req_mw_primary_reserve,0.00013158322
38,7,da_as_as_req_mw_synchronized_reserve,-0.00015553266
38,8,da_as_total_mw_primary_reserve,4.2468582e-05
38,9,da_as_total_mw_synchronized_reserve,-6.73818e-05
38,10,gen_fuel_other_renewables_mw,6.5570806e-05
38,11,gen_fuel_multiple_fuels_mw,-0.00011524171
38,12,system_energy_price_da,0.0007696618
38,13,gen_fuel_storage_mw,-6.379116e-06
38,14,forecast_load_mw_day_ahead,-0.00021181881
38,15,gen_fuel_gas_mw,-0.00012728797
38,16,total_gen,0.6167863
38,17,gen_fuel_wind_mw,-4.31636e-05
38,18,wind_generation_mw,-2.941044e-05
38,19,da_as_as_req_mw_thirty_minutes_reserve,0.0003789384
38,20,gen_fuel_multiple_fuels_pct,1.4951052e-05
38,21,total_lmp_da,0.4425419
38,22,system_energy_price_rt,0.55646706
38,23,total_lmp_rt,0.37944064
38,24,da_as_mcp_synchronized_reserve,0.00010889681
38,25,da_as_mcp_primary_reserve,0.00012723354
38,26,marginal_loss_price_rt,0.29520732
38,27,gen_fuel_gas_pct,0.00012483708
38,28,marginal_loss_price_da,0.32732195
38,29,gen_fuel_wind_pct,-0.000103519866
38,30,metered_load_mw,0.3611364
38,31,gross_inadv_interchange_mw,-0.0001713288
38,32,gen_fuel_nuclear_pct,0.00013345017
38,33,congestion_price_da,1.4119723e-07
38,34,congestion_price_rt,0.00014137136
38,35,forecast_load_mw_latest_available,0.33005378
38,36,prelim_load_avg_hourly,0.40220657
38,37,gross_actual_interchange_mw,-0.00010599361
38,38,total_losses,0.09659989
38,39,gen_fuel_oil_mw,-4.7032867e-05
38,40,da_as_ss_mw_primary_reserve,-9.17046e-05
38,41,da_as_nsr_mw_primary_reserve,-0.00011621174
38,42,gen_fuel_coal_pct,0.00034798466
38,43,gen_fuel_other_renewables_pct,-4.8160517e-05
38,44,solar_generation_mw,-0.00014533178
38,45,gen_fuel_hydro_mw,-6.354634e-05
38,46,net_inadv_interchange_mw,0.14631875
38,47,gen_fuel_solar_mw,-0.0004138832
39,1,net_sched_interchange_mw,1.248061
39,2,gen_fuel_coal_mw,-0.001218996
39,3,da_as_total_mw_thirty_minutes_reserve,-5.0180474e-06
39,4,gross_sched_interchange_mw,0.36777386
39,5,gen_fuel_nuclear_mw,2.7476688e-05
39,6,da_as_as_req_mw_primary_reserve,-0.00025874344
39,7,da_as_as_req_mw_synchronized_reserve,-0.00011414809
39,8,da_as_total_mw_primary_reserve,-0.00017731832
39,9,da_as_total_mw_synchronized_reserve,9.060687e-05
39,10,gen_fuel_other_renewables_mw,-3.2849395e-05
39,11,gen_fuel_multiple_fuels_mw,3.1379837e-05
39,12,system_energy_price_da,-4.5457928e-05
39,13,gen_fuel_storage_mw,0.00012024406
39,14,forecast_load_mw_day_ahead,-0.00018259074
39,15,gen_fuel_gas_mw,1.456216e-05
39,16,total_gen,0.58790696
39,17,gen_fuel_wind_mw,-6.9832524e-05
39,18,wind_generation_mw,9.937732e-05
39,19,da_as_as_req_mw_thirty_minutes_reserve,-3.1335767e-05
39,20,gen_fuel_multiple_fuels_pct,7.303365e-05
39,21,total_lmp_da,0.40945852
39,22,system_energy_price_rt,0.52917725
39,23,total_lmp_rt,0.34424987
39,24,da_as_mcp_synchronized_reserve,-4.168054e-05
39,25,da_as_mcp_primary_reserve,9.7798125e-05
39,26,marginal_loss_price_rt,0.25532284
39,27,gen_fuel_gas_pct,-3.0669034e-05
39,28,marginal_loss_price_da,0.28564507
39,29,gen_fuel_wind_pct,-5.3372372e-05
39,30,metered_load_mw,0.3273979
39,31,gross_inadv_interchange_mw,0.00011499638
39,32,gen_fuel_nuclear_pct,-0.0001014741
39,33,congestion_price_da,-2.2420169e-05
39,34,congestion_price_rt,-3.4460718e-06
39,35,forecast_load_mw_latest_available,0.28450996
39,36,prelim_load_avg_hourly,0.36970967
39,37,gross_actual_interchange_mw,0.00027848408
39,38,total_losses,0.03733919
39,39,gen_fuel_oil_mw,-0.0009344759
39,40,da_as_ss_mw_primary_reserve,-6.6434775e-05
39,41,da_as_nsr_mw_primary_reserve,-4.963152e-05
39,42,gen_fuel_coal_pct,0.000841639
39,43,gen_fuel_other_renewables_pct,-0.000105090476
39,44,solar_generation_mw,4.880696e-05
39,45,gen_fuel_hydro_mw,-1.09152115e-05
39,46,net_inadv_interchange_mw,0.13932166
39,47,gen_fuel_solar_mw,0.00019260182
40,1,net_sched_interchange_mw,1.2427961
40,2,gen_fuel_coal_mw,-6.118691e-05
40,3,da_as_total_mw_thirty_minutes_reserve,-0.00021567862
40,4,gross_sched_interchange_mw,0.32006916
40,5,gen_fuel_nuclear_mw,1.4615411e-05
40,6,da_as_as_req_mw_primary_reserve,-8.25698e-05
40,7,da_as_as_req_mw_synchronized_reserve,-5.2011437e-06
40,8,da_as_total_mw_primary_reserve,0.00010625163
40,9,da_as_total_mw_synchronized_reserve,5.921836e-05
40,10,gen_fuel_other_renewables_mw,-8.7468405e-05
40,11,gen_fuel_multiple_fuels_mw,1.0579228e-05
40,12,system_energy_price_da,6.5211396e-05
40,13,gen_fuel_storage_mw,-0.0002446486
40,14,forecast_load_mw_day_ahead,-0.00013851267
40,15,gen_fuel_gas_mw,-0.00010042869
40,16,total_gen,0.55950046
40,17,gen_fuel_wind_mw,4.7188038e-05
40,18,wind_generation_mw,0.00014649252
40,19,da_as_as_req_mw_thirty_minutes_reserve,0.00011402842
40,20,gen_fuel_multiple_fuels_pct,4.7218076e-05
40,21,total_lmp_da,0.37223694
40,22,system_energy_price_rt,0.49983886
40,23,total_lmp_rt,0.3071482
40,24,da_as_mcp_synchronized_reserve,3.2676344e-05
40,25,da_as_mcp_primary_reserve,-1.2143646e-05
40,26,marginal_loss_price_rt,0.21900155
40,27,gen_fuel_gas_pct,4.053147e-05
40,28,marginal_loss_price_da,0.2406629
40,29,gen_fuel_wind_pct,-0.00034586553
40,30,metered_load_mw,0.28876793
40,31,gross_inadv_interchange_mw,0.00012748908
40,32,gen_fuel_nuclear_pct,-2.8901777e-06
40,33,congestion_price_da,4.816924e-06
40,34,congestion_price_rt,0.00014661922
40,35,forecast_load_mw_latest_available,0.23699774
40,36,prelim_load_avg_hourly,0.33152246
40,37,gross_actual_interchange_mw,5.615085e-05
40,38,total_losses,-3.791008e-05
40,39,gen_fuel_oil_mw,0.00019268955
40,40,da_as_ss_mw_primary_reserve,0.00012578865
40,41,da_as_nsr_mw_primary_reserve,-0.00014404484
40,42,gen_fuel_coal_pct,-0.00011932629
40,43,gen_fuel_other_renewables_pct,-0.0001456928
40,44,solar_generation_mw,-5.508803e-05
40,45,gen_fuel_hydro_mw,0.00015977092
40,46,net_inadv_interchange_mw,0.13464461
40,47,gen_fuel_solar_mw,0.00021422123
41,1,net_sched_interchange_mw,1.2367544
41,2,gen_fuel_coal_mw,-1.1433174e-05
41,3,da_as_total_mw_thirty_minutes_reserve,9.8076096e-05
41,4,gross_sched_interchange_mw,0.2698597
41,5,gen_fuel_nuclear_mw,-6.927547e-05
41,6,da_as_as_req_mw_primary_reserve,5.8179103e-05
41,7,da_as_as_req_mw_synchronized_reserve,-0.00013377886
41,8,da_as_total_mw_primary_reserve,0.00020659945
41,9,da_as_total_mw_synchronized_reserve,1.6433209e-05
41,10,gen_fuel_other_renewables_mw,-1.9779043e-05
41,11,gen_fuel_multiple_fuels_mw,0.00011898698
41,12,system_energy_price_da,-0.0002590514
41,13,gen_fuel_storage_mw,-3.545137e-05
41,14,forecast_load_mw_day_ahead,-5.5917e-05
41,15,gen_fuel_gas_mw,-3.39333e-05
41,16,total_gen,0.52766913
41,17,gen_fuel_wind_mw,9.6519005e-05
41,18,wind_generation_mw,0.00010031009
41,19,da_as_as_req_mw_thirty_minutes_reserve,-0.00012042528
41,20,gen_fuel_multiple_fuels_pct,7.489149e-05
41,21,total_lmp_da,0.33365864
41,22,system_energy_price_rt,0.4696438
41,23,total_lmp_rt,0.26957217
41,24,da_as_mcp_synchronized_reserve,-7.891408e-05
41,25,da_as_mcp_primary_reserve,7.0996335e-05
41,26,marginal_loss_price_rt,0.17800553
41,27,gen_fuel_gas_pct,-0.00020129979
41,28,marginal_loss_price_da,0.19536261
41,29,gen_fuel_wind_pct,0.00024221902
41,30,metered_load_mw,0.2511191
41,31,gross_inadv_interchange_mw,-1.2116958e-05
41,32,gen_fuel_nuclear_pct,-2.9136867e-05
41,33,congestion_price_da,1.7816412e-05
41,34,congestion_price_rt,-0.0002115143
41,35,forecast_load_mw_latest_available,0.18695416
41,36,prelim_load_avg_hourly,0.2936306
41,37,gross_actual_interchange_mw,0.00017051207
41,38,total_losses,-3.9823302e-05
41,39,gen_fuel_oil_mw,-2.3531917e-05
41,40,da_as_ss_mw_primary_reserve,0.00021980758
41,41,da_as_nsr_mw_primary_reserve,-5.5685567e-05
41,42,gen_fuel_coal_pct,-0.00029454316
41,43,gen_fuel_other_renewables_pct,1.0780219e-05
41,44,solar_generation_mw,-0.00011211102
41,45,gen_fuel_hydro_mw,5.3569554e-05
41,46,net_inadv_interchange_mw,0.12823032
41,47,gen_fuel_solar_mw,9.5398e-05
42,1,net_sched_interchange_mw,1.2306831
42,2,gen_fuel_coal_mw,7.660219e-05
42,3,da_as_total_mw_thirty_minutes_reserve,1.6397127e-05
42,4,gross_sched_interchange_mw,0.21686658
42,5,gen_fuel_nuclear_mw,-0.00012132243
42,6,da_as_as_req_mw_primary_reserve,-0.00017522689
42,7,da_as_as_req_mw_synchronized_reserve,-0.00017832365
42,8,da_as_total_mw_primary_reserve,4.007003e-05
42,9,da_as_total_mw_synchronized_reserve,0.00030053052
42,10,gen_fuel_other_renewables_mw,-0.00030092828
42,11,gen_fuel_multiple_fuels_mw,0.00010893251
42,12,system_energy_price_da,9.520777e-05
42,13,gen_fuel_storage_mw,-0.00014745013
42,14,forecast_load_mw_day_ahead,3.7581995e-05
42,15,gen_fuel_gas_mw,1.03702405e-05
42,16,total_gen,0.49334833
42,17,gen_fuel_wind_mw,0.00021443694
42,18,wind_generation_mw,3.264472e-05
42,19,da_as_as_req_mw_thirty_minutes_reserve,-0.00012501719
42,20,gen_fuel_multiple_fuels_pct,4.1138264e-06
42,21,total_lmp_da,0.29307744
42,22,system_energy_price_rt,0.43698424
42,23,total_lmp_rt,0.22961642
42,24,da_as_mcp_synchronized_reserve,3.1783173e-05
42,25,da_as_mcp_primary_reserve,-3.3681863e-06
42,26,marginal_loss_price_rt,0.13578768
42,27,gen_fuel_gas_pct,5.460231e-05
42,28,marginal_loss_price_da,0.1468205
42,29,gen_fuel_wind_pct,-4.428842e-05
42,30,metered_load_mw,0.21151245
42,31,gross_inadv_interchange_mw,5.468371e-05
42,32,gen_fuel_nuclear_pct,-8.844152e-05
42,33,congestion_price_da,8.619323e-05
42,34,congestion_price_rt,0.00014291682
42,35,forecast_load_mw_latest_available,0.13411835
42,36,prelim_load_avg_hourly,0.25413305
42,37,gross_actual_interchange_mw,0.0004149583
42,38,total_losses,-2.5295403e-05
42,39,gen_fuel_oil_mw,3.1190575e-05
42,40,da_as_ss_mw_primary_reserve,-0.00018129374
42,41,da_as_nsr_mw_primary_reserve,-3.0409006e-05
42,42,gen_fuel_coal_pct,-6.322327e-05
42,43,gen_fuel_other_renewables_pct,-0.00021299071
42,44,solar_generation_mw,-7.309437e-05
42,45,gen_fuel_hydro_mw,-3.9629907e-05
42,46,net_inadv_interchange_mw,0.12436672
42,47,gen_fuel_solar_mw,7.1541355e-05
43,1,net_sched_interchange_mw,1.22412
43,2,gen_fuel_coal_mw,-0.00012456163
43,3,da_as_total_mw_thirty_minutes_reserve,7.968984e-05
43,4,gross_sched_interchange_mw,0.1602392
43,5,gen_fuel_nuclear_mw,-0.00016520575
43,6,da_as_as_req_mw_primary_reserve,-0.0004167445
43,7,da_as_as_req_mw_synchronized_reserve,0.00014775683
43,8,da_as_total_mw_primary_reserve,9.072681e-05
43,9,da_as_total_mw_synchronized_reserve,2.3565924e-05
43,10,gen_fuel_other_renewables_mw,-0.00010501314
43,11,gen_fuel_multiple_fuels_mw,-3.5364792e-05
43,12,system_energy_price_da,-5.592167e-05
43,13,gen_fuel_storage_mw,8.411402e-05
43,14,forecast_load_mw_day_ahead,0.00020448324
43,15,gen_fuel_gas_mw,-4.942188e-05
43,16,total_gen,0.45583352
43,17,gen_fuel_wind_mw,1.5545793e-05
43,18,wind_generation_mw,-0.0001872249
43,19,da_as_as_req_mw_thirty_minutes_reserve,1.0329124e-05
43,20,gen_fuel_multiple_fuels_pct,-0.00011551422
43,21,total_lmp_da,0.2495043
43,22,system_energy_price_rt,0.4016558
43,23,total_lmp_rt,0.1871303
43,24,da_as_mcp_synchronized_reserve,8.112267e-05
43,25,da_as_mcp_primary_reserve,0.0003115205
43,26,marginal_loss_price_rt,0.08968992
43,27,gen_fuel_gas_pct,-1.9438874e-05
43,28,marginal_loss_price_da,0.0960699
43,29,gen_fuel_wind_pct,5.8419984e-05
43,30,metered_load_mw,0.17070541
43,31,gross_inadv_interchange_mw,-0.00013918684
43,32,gen_fuel_nuclear_pct,0.00018413538
43,33,congestion_price_da,-4.8121026e-05
43,34,congestion_price_rt,-0.00012835418
43,35,forecast_load_mw_latest_available,0.07898077
43,36,prelim_load_avg_hourly,0.21400411
43,37,gross_actual_interchange_mw,9.641332e-05
43,38,total_losses,-4.1167074e-05
43,39,gen_fuel_oil_mw,-9.074867e-05
43,40,da_as_ss_mw_primary_reserve,3.242745e-05
43,41,da_as_nsr_mw_primary_reserve,4.31613e-05
43,42,gen_fuel_coal_pct,-0.00025628292
43,43,gen_fuel_other_renewables_pct,-3.4600227e-05
43,44,solar_generation_mw,-0.00014748273
43,45,gen_fuel_hydro_mw,-5.6899866e-05
43,46,net_inadv_interchange_mw,0.11886747
43,47,gen_fuel_solar_mw,-0.00019120309
44,1,net_sched_interchange_mw,1.2169319
44,2,gen_fuel_coal_mw,4.9246028e-05
44,3,da_as_total_mw_thirty_minutes_reserve,0.0002776144
44,4,gross_sched_interchange_mw,0.09997262
44,5,gen_fuel_nuclear_mw,-0.00016028335
44,6,da_as_as_req_mw_primary_reserve,-0.00019422601
44,7,da_as_as_req_mw_synchronized_reserve,0.00019289693
44,8,da_as_total_mw_primary_reserve,4.667745e-06
44,9,da_as_total_mw_synchronized_reserve,0.000111591115
44,10,gen_fuel_other_renewables_mw,5.1992763e-05
44,11,gen_fuel_multiple_fuels_mw,-0.00015926301
44,12,system_energy_price_da,-0.00010584977
44,13,gen_fuel_storage_mw,0.00015452859
44,14,forecast_load_mw_day_ahead,5.8926533e-05
44,15,gen_fuel_gas_mw,8.350613e-05
44,16,total_gen,0.4153118
44,17,gen_fuel_wind_mw,5.5320932e-05
44,18,wind_generation_mw,3.1582516e-05
44,19,da_as_as_req_mw_thirty_minutes_reserve,4.1552266e-05
44,20,gen_fuel_multiple_fuels_pct,9.046636e-05
44,21,total_lmp_da,0.20196964
44,22,system_energy_price_rt,0.36448318
44,23,total_lmp_rt,0.14382547
44,24,da_as_mcp_synchronized_reserve,-0.0001276478
44,25,da_as_mcp_primary_reserve,9.257495e-05
44,26,marginal_loss_price_rt,0.04250535
44,27,gen_fuel_gas_pct,-0.00013358564
44,28,marginal_loss_price_da,0.04164619
44,29,gen_fuel_wind_pct,-5.910255e-06
44,30,metered_load_mw,0.1303649
44,31,gross_inadv_interchange_mw,4.27452e-05
44,32,gen_fuel_nuclear_pct,0.000109903805
44,33,congestion_price_da,-6.3979496e-05
44,34,congestion_price_rt,-8.858642e-05
44,35,forecast_load_mw_latest_available,0.021078704
44,36,prelim_load_avg_hourly,0.17398986
44,37,gross_actual_interchange_mw,-0.00010446498
44,38,total_losses,-1.8576822e-05
44,39,gen_fuel_oil_mw,-0.0001607012
44,40,da_as_ss_mw_primary_reserve,6.392921e-05
44,41,da_as_nsr_mw_primary_reserve,-0.00014099937
44,42,gen_fuel_coal_pct,-0.00024482756
44,43,gen_fuel_other_renewables_pct,-0.00014114019
44,44,solar_generation_mw,-0.00022153581
44,45,gen_fuel_hydro_mw,6.937309e-05
44,46,net_inadv_interchange_mw,0.113208205
44,47,gen_fuel_solar_mw,6.009276e-05
45,1,net_sched_interchange_mw,1.2097093
45,2,gen_fuel_coal_mw,0.00017344239
45,3,da_as_total_mw_thirty_minutes_reserve,4.58407e-05
45,4,gross_sched_interchange_mw,0.037309267
45,5,gen_fuel_nuclear_mw,-3.57432e-05
45,6,da_as_as_req_mw_primary_reserve,-0.00024926176
45,7,da_as_as_req_mw_synchronized_reserve,9.495623e-05
45,8,da_as_total_mw_primary_reserve,-4.9055117e-05
45,9,da_as_total_mw_synchronized_reserve,-0.00018327183
45,10,gen_fuel_other_renewables_mw,-9.352457e-05
45,11,gen_fuel_multiple_fuels_mw,1.6977676e-05
45,12,system_energy_price_da,7.80939e-05
45,13,gen_fuel_storage_mw,-2.185493e-05
45,14,forecast_load_mw_day_ahead,-0.00010186696
45,15,gen_fuel_gas_mw,-6.0034003e-05
45,16,total_gen,0.3712002
45,17,gen_fuel_wind_mw,-0.00010865346
45,18,wind_generation_mw,3.790654e-05
45,19,da_as_as_req_mw_thirty_minutes_reserve,-6.4738415e-06
45,20,gen_fuel_multiple_fuels_pct,-0.00010875189
45,21,total_lmp_da,0.15293817
45,22,system_energy_price_rt,0.32413468
45,23,total_lmp_rt,0.09734335
45,24,da_as_mcp_synchronized_reserve,0.00019201287
45,25,da_as_mcp_primary_reserve,3.553767e-05
45,26,marginal_loss_price_rt,-0.0001628735
45,27,gen_fuel_gas_pct,6.6106426e-05
45,28,marginal_loss_price_da,6.4765125e-05
45,29,gen_fuel_wind_pct,-8.4407046e-05
45,30,metered_load_mw,0.09179087
45,31,gross_inadv_interchange_mw,-9.44258e-05
45,32,gen_fuel_nuclear_pct,5.374968e-06
45,33,congestion_price_da,7.926732e-05
45,34,congestion_price_rt,1.0755931e-05
45,35,forecast_load_mw_latest_available,5.5736622e-05
45,36,prelim_load_avg_hourly,0.1340682
45,37,gross_actual_interchange_mw,0.00016200298
45,38,total_losses,4.3633816e-05
45,39,gen_fuel_oil_mw,-1.8048966e-05
45,40,da_as_ss_mw_primary_reserve,7.649242e-05
45,41,da_as_nsr_mw_primary_reserve,5.9967493e-05
45,42,gen_fuel_coal_pct,-0.00028327666
45,43,gen_fuel_other_renewables_pct,0.00017584697
45,44,solar_generation_mw,-7.9779464e-05
45,45,gen_fuel_hydro_mw,0.000117089454
45,46,net_inadv_interchange_mw,0.108736314
45,47,gen_fuel_solar_mw,0.00014905604
46,1,net_sched_interchange_mw,1.2020347
46,2,gen_fuel_coal_mw,-0.0002207095
46,3,da_as_total_mw_thirty_minutes_reserve,6.502568e-05
46,4,gross_sched_interchange_mw,2.0427162e-05
46,5,gen_fuel_nuclear_mw,4.4769968e-05
46,6,da_as_as_req_mw_primary_reserve,-0.00027824574
46,7,da_as_as_req_mw_synchronized_reserve,9.856931e-06
46,8,da_as_total_mw_primary_reserve,-0.00024177993
46,9,da_as_total_mw_synchronized_reserve,8.749667e-05
46,10,gen_fuel_other_renewables_mw,-8.213776e-05
46,11,gen_fuel_multiple_fuels_mw,-0.00021708268
46,12,system_energy_price_da,-0.00012612721
46,13,gen_fuel_storage_mw,-8.957608e-05
46,14,forecast_load_mw_day_ahead,-2.6461748e-05
46,15,gen_fuel_gas_mw,-7.986857e-05
46,16,total_gen,0.32406875
46,17,gen_fuel_wind_mw,9.262057e-05
46,18,wind_generation_mw,0.0002786478
46,19,da_as_as_req_mw_thirty_minutes_reserve,1.0847936e-05
46,20,gen_fuel_multiple_fuels_pct,-0.00016560953
46,21,total_lmp_da,0.10059792
46,22,system_energy_price_rt,0.2815506
46,23,total_lmp_rt,0.05019342
46,24,da_as_mcp_synchronized_reserve,-2.7169603e-05
46,25,da_as_mcp_primary_reserve,5.262358e-05
46,26,marginal_loss_price_rt,3.7874837e-05
46,27,gen_fuel_gas_pct,-0.0001085686
46,28,marginal_loss_price_da,-6.0905535e-05
46,29,gen_fuel_wind_pct,-7.552782e-05
46,30,metered_load_mw,0.055818938
46,31,gross_inadv_interchange_mw,-8.674573e-05
46,32,gen_fuel_nuclear_pct,6.4682084e-05
46,33,congestion_price_da,-8.33646e-05
46,34,congestion_price_rt,-8.239361e-05
46,35,forecast_load_mw_latest_available,1.8590756e-05
46,36,prelim_load_avg_hourly,0.0955943
46,37,gross_actual_interchange_mw,2.2867585e-05
46,38,total_losses,9.480657e-05
46,39,gen_fuel_oil_mw,5.4225162e-05
46,40,da_as_ss_mw_primary_reserve,-0.00012240361
46,41,da_as_nsr_mw_primary_reserve,0.000113093316
46,42,gen_fuel_coal_pct,3.7008525e-05
46,43,gen_fuel_other_renewables_pct,-0.0001624997
46,44,solar_generation_mw,0.0002497819
46,45,gen_fuel_hydro_mw,0.0001034623
46,46,net_inadv_interchange_mw,0.10470001
46,47,gen_fuel_solar_mw,8.366595e-06
47,1,net_sched_interchange_mw,1.1941845
47,2,gen_fuel_coal_mw,-1.8040144e-05
47,3,da_as_total_mw_thirty_minutes_reserve,0.00013811291
47,4,gross_sched_interchange_mw,9.2109505e-05
47,5,gen_fuel_nuclear_mw,0.00018271143
47,6,da_as_as_req_mw_primary_reserve,0.00014998997
47,7,da_as_as_req_mw_synchronized_reserve,-1.5800617e-05
47,8,da_as_total_mw_primary_reserve,4.3664728e-05
47,9,da_as_total_mw_synchronized_reserve,-0.00016775531
47,10,gen_fuel_other_renewables_mw,-4.421553e-05
47,11,gen_fuel_multiple_fuels_mw,-1.4167315e-05
47,12,system_energy_price_da,0.00013030757
47,13,gen_fuel_storage_mw,-8.201332e-05
47,14,forecast_load_mw_day_ahead,-0.000118737924
47,15,gen_fuel_gas_mw,7.742309e-05
47,16,total_gen,0.27409217
47,17,gen_fuel_wind_mw,9.169777e-05
47,18,wind_generation_mw,-3.982956e-05
47,19,da_as_as_req_mw_thirty_minutes_reserve,-0.0001816698
47,20,gen_fuel_multiple_fuels_pct,-1.7022685e-06
47,21,total_lmp_da,0.046117526
47,22,system_energy_price_rt,0.23715858
47,23,total_lmp_rt,0.006070291
47,24,da_as_mcp_synchronized_reserve,-5.332872e-05
47,25,da_as_mcp_primary_reserve,-2.8991133e-05
47,26,marginal_loss_price_rt,-0.0003056642
47,27,gen_fuel_gas_pct,-3.6157147e-05
47,28,marginal_loss_price_da,-0.00017857146
47,29,gen_fuel_wind_pct,-0.00034404438
47,30,metered_load_mw,0.02245344
47,31,gross_inadv_interchange_mw,0.00013900043
47,32,gen_fuel_nuclear_pct,-2.5219895e-05
47,33,congestion_price_da,1.5499476e-05
47,34,congestion_price_rt,0.000119870914
47,35,forecast_load_mw_latest_available,4.4532582e-05
47,36,prelim_load_avg_hourly,0.060188856
47,37,gross_actual_interchange_mw,7.4066884e-05
47,38,total_losses,-0.00013315666
47,39,gen_fuel_oil_mw,-0.0001463423
47,40,da_as_ss_mw_primary_reserve,0.00029597752
47,41,da_as_nsr_mw_primary_reserve,-0.000258419
47,42,gen_fuel_coal_pct,2.0747211e-05
47,43,gen_fuel_other_renewables_pct,0.00023003081
47,44,solar_generation_mw,-0.0002684851
47,45,gen_fuel_hydro_mw,0.00035090695
47,46,net_inadv_interchange_mw,0.09942825
47,47,gen_fuel_solar_mw,-0.00031982953
48,1,net_sched_interchange_mw,1.1856593
48,2,gen_fuel_coal_mw,5.2175423e-05
48,3,da_as_total_mw_thirty_minutes_reserve,2.0241023e-05
48,4,gross_sched_interchange_mw,-0.00011901921
48,5,gen_fuel_nuclear_mw,-2.5790448e-05
48,6,da_as_as_req_mw_primary_reserve,-5.161928e-06
48,7,da_as_as_req_mw_synchronized_reserve,3.742404e-05
48,8,da_as_total_mw_primary_reserve,-1.408438e-05
48,9,da_as_total_mw_synchronized_reserve,0.00017301252
48,10,gen_fuel_other_renewables_mw,-8.743136e-05
48,11,gen_fuel_multiple_fuels_mw,5.2152172e-06
48,12,system_energy_price_da,-0.00033122418
48,13,gen_fuel_storage_mw,0.00020860233
48,14,forecast_load_mw_day_ahead,7.694553e-06
48,15,gen_fuel_gas_mw,0.0003224605
48,16,total_gen,0.22271538
48,17,gen_fuel_wind_mw,-0.00015623827
48,18,wind_generation_mw,-9.814756e-05
48,19,da_as_as_req_mw_thirty_minutes_reserve,7.9534046e-05
48,20,gen_fuel_multiple_fuels_pct,-3.361037e-05
48,21,total_lmp_da,0.00091320975
48,22,system_energy_price_rt,0.18970758
48,23,total_lmp_rt,0.000104525716
48,24,da_as_mcp_synchronized_reserve,-8.780834e-05
48,25,da_as_mcp_primary_reserve,5.8372127e-05
48,26,marginal_loss_price_rt,-0.0009332289
48,27,gen_fuel_gas_pct,-8.0337166e-05
48,28,marginal_loss_price_da,0.00014941065
48,29,gen_fuel_wind_pct,5.074583e-05
48,30,metered_load_mw,0.0005430492
48,31,gross_inadv_interchange_mw,-0.00013096501
48,32,gen_fuel_nuclear_pct,4.2918473e-06
48,33,congestion_price_da,-0.00033230986
48,34,congestion_price_rt,9.645923e-06
48,35,forecast_load_mw_latest_available,1.4011166e-06
48,36,prelim_load_avg_hourly,0.029206172
48,37,gross_actual_interchange_mw,-8.2089005e-05
48,38,total_losses,-8.188216e-05
48,39,gen_fuel_oil_mw,-2.157778e-05
48,40,da_as_ss_mw_primary_reserve,-0.00015056104
48,41,da_as_nsr_mw_primary_reserve,0.00023914975
48,42,gen_fuel_coal_pct,-0.00022467592
48,43,gen_fuel_other_renewables_pct,0.0003807613
48,44,solar_generation_mw,-6.5065855e-05
48,45,gen_fuel_hydro_mw,0.00016709752
48,46,net_inadv_interchange_mw,0.09581672
48,47,gen_fuel_solar_mw,0.00018661127
49,1,net_sched_interchange_mw,1.1766269
49,2,gen_fuel_coal_mw,8.128089e-06
49,3,da_as_total_mw_thirty_minutes_reserve,-1.795539e-05
49,4,gross_sched_interchange_mw,-3.8417216e-05
49,5,gen_fuel_nuclear_mw,2.8742026e-05
49,6,da_as_as_req_mw_primary_reserve,-0.00014297816
49,7,da_as_as_req_mw_synchronized_reserve,-6.6132634e-07
49,8,da_as_total_mw_primary_reserve,-0.000421049
49,9,da_as_total_mw_synchronized_reserve,2.1506981e-05
49,10,gen_fuel_other_renewables_mw,-4.9647133e-06
49,11,gen_fuel_multiple_fuels_mw,-0.00016747143
49,12,system_energy_price_da,-5.0030812e-05
49,13,gen_fuel_storage_mw,-0.00035628286
49,14,forecast_load_mw_day_ahead,-0.00014251831
49,15,gen_fuel_gas_mw,9.5718555e-05
49,16,total_gen,0.1724761
49,17,gen_fuel_wind_mw,0.00014795059
49,18,wind_generation_mw,-4.255862e-06
49,19,da_as_as_req_mw_thirty_minutes_reserve,9.386392e-05
49,20,gen_fuel_multiple_fuels_pct,0.00018982684
49,21,total_lmp_da,-9.124382e-06
49,22,system_energy_price_rt,0.13923885
49,23,total_lmp_rt,9.666683e-05
49,24,da_as_mcp_synchronized_reserve,-5.9502163e-05
49,25,da_as_mcp_primary_reserve,0.0001692383
49,26,marginal_loss_price_rt,1.8177436e-05
49,27,gen_fuel_gas_pct,1.0906908e-05
49,28,marginal_loss_price_da,2.6130974e-05
49,29,gen_fuel_wind_pct,0.00051613315
49,30,metered_load_mw,0.00017662642
49,31,gross_inadv_interchange_mw,-0.00013541053
49,32,gen_fuel_nuclear_pct,0.00036519638
49,33,congestion_price_da,0.00027541103
49,34,congestion_price_rt,-4.626777e-05
49,35,forecast_load_mw_latest_available,0.00018195307
49,36,prelim_load_avg_hourly,-0.00045374315
49,37,gross_actual_interchange_mw,0.000103348604
49,38,total_losses,-2.8800248e-05
49,39,gen_fuel_oil_mw,-3.5224177e-05
49,40,da_as_ss_mw_primary_reserve,-0.0001250104
49,41,da_as_nsr_mw_primary_reserve,0.00022404475
49,42,gen_fuel_coal_pct,-0.00015398185
49,43,gen_fuel_other_renewables_pct,4.8948023e-05
49,44,solar_generation_mw,-0.000159496
49,45,gen_fuel_hydro_mw,2.3297907e-05
49,46,net_inadv_interchange_mw,0.091747954
49,47,gen_fuel_solar_mw,-0.0001190941
50,1,net_sched_interchange_mw,1.1671551
50,2,gen_fuel_coal_mw,0.00012700874
50,3,da_as_total_mw_thirty_minutes_reserve,-0.00011205404
50,4,gross_sched_interchange_mw,0.000111656766
50,5,gen_fuel_nuclear_mw,3.1976284e-05
50,6,da_as_as_req_mw_primary_reserve,6.618283e-05
50,7,da_as_as_req_mw_synchronized_reserve,-0.00019215069
50,8,da_as_total_mw_primary_reserve,6.5120694e-05
50,9,da_as_total_mw_synchronized_reserve,6.799511e-05
50,10,gen_fuel_other_renewables_mw,-0.00012729623
50,11,gen_fuel_multiple_fuels_mw,-0.00023282834
50,12,system_energy_price_da,4.443282e-06
50,13,gen_fuel_storage_mw,-4.11996e-05
50,14,forecast_load_mw_day_ahead,0.00010860848
50,15,gen_fuel_gas_mw,7.930954e-05
50,16,total_gen,0.12179466
50,17,gen_fuel_wind_mw,7.002174e-05
50,18,wind_generation_mw,0.00014183097
50,19,da_as_as_req_mw_thirty_minutes_reserve,2.5822308e-05
50,20,gen_fuel_multiple_fuels_pct,9.750983e-05
50,21,total_lmp_da,0.0001230355
50,22,system_energy_price_rt,0.085174285
50,23,total_lmp_rt,2.03339e-06
50,24,da_as_mcp_synchronized_reserve,0.0001252557
50,25,da_as_mcp_primary_reserve,-0.000110069544
50,26,marginal_loss_price_rt,-9.065862e-05
50,27,gen_fuel_gas_pct,5.419171e-05
50,28,marginal_loss_price_da,-2.4677654e-05
50,29,gen_fuel_wind_pct,-7.3263895e-05
50,30,metered_load_mw,0.0001698353
50,31,gross_inadv_interchange_mw,0.00011065372
50,32,gen_fuel_nuclear_pct,-7.759329e-06
50,33,congestion_price_da,0.000107791595
50,34,congestion_price_rt,-0.00012705744
50,35,forecast_load_mw_latest_available,5.7720434e-05
50,36,prelim_load_avg_hourly,0.00013916686
50,37,gross_actual_interchange_mw,0.00010210699
50,38,total_losses,-4.189733e-06
50,39,gen_fuel_oil_mw,8.789309e-05
50,40,da_as_ss_mw_primary_reserve,-6.9791146e-05
50,41,da_as_nsr_mw_primary_reserve,0.00011975266
50,42,gen_fuel_coal_pct,4.3641678e-05
50,43,gen_fuel_other_renewables_pct,0.00012222302
50,44,solar_generation_mw,-0.00031914102
50,45,gen_fuel_hydro_mw,4.990933e-05
50,46,net_inadv_interchange_mw,0.08876258
50,47,gen_fuel_solar_mw,0.00014651395
51,1,net_sched_interchange_mw,1.1570354
51,2,gen_fuel_coal_mw,-3.1583066e-05
51,3,da_as_total_mw_thirty_minutes_reserve,-0.00011080121
51,4,gross_sched_interchange_mw,5.4668824e-05
51,5,gen_fuel_nuclear_mw,-5.747082e-05
51,6,da_as_as_req_mw_primary_reserve,1.2255608e-05
51,7,da_as_as_req_mw_synchronized_reserve,0.00014044202
51,8,da_as_total_mw_primary_reserve,-0.00013381601
51,9,da_as_total_mw_synchronized_reserve,0.0002107461
51,10,gen_fuel_other_renewables_mw,8.089617e-05
51,11,gen_fuel_multiple_fuels_mw,-0.0001545297
51,12,system_energy_price_da,-0.0001741621
51,13,gen_fuel_storage_mw,-0.00012711767
51,14,forecast_load_mw_day_ahead,-9.839714e-07
51,15,gen_fuel_gas_mw,3.2322267e-05
51,16,total_gen,0.068428546
51,17,gen_fuel_wind_mw,0.00023792818
51,18,wind_generation_mw,0.00011149588
51,19,da_as_as_req_mw_thirty_minutes_reserve,-4.509269e-05
51,20,gen_fuel_multiple_fuels_pct,-6.99908e-05
51,21,total_lmp_da,-2.734396e-05
51,22,system_energy_price_rt,0.029208187
51,23,total_lmp_rt,-0.00015894503
51,24,da_as_mcp_synchronized_reserve,-5.7259596e-05
51,25,da_as_mcp_primary_reserve,-0.00011679876
51,26,marginal_loss_price_rt,1.0604708e-05
51,27,gen_fuel_gas_pct,0.00023229662
51,28,marginal_loss_price_da,2.4464349e-05
51,29,gen_fuel_wind_pct,-0.00015555415
51,30,metered_load_mw,0.00014042095
51,31,gross_inadv_interchange_mw,-0.00013868563
51,32,gen_fuel_nuclear_pct,-0.00021326574
51,33,congestion_price_da,8.247676e-05
51,34,congestion_price_rt,0.00014360147
51,35,forecast_load_mw_latest_available,-0.0001446195
51,36,prelim_load_avg_hourly,-6.355965e-05
51,37,gross_actual_interchange_mw,-0.0002801972
51,38,total_losses,0.00014382359
51,39,gen_fuel_oil_mw,-1.1952048e-05
51,40,da_as_ss_mw_primary_reserve,-0.000100088364
51,41,da_as_nsr_mw_primary_reserve,0.00025535794
51,42,gen_fuel_coal_pct,-4.5195404e-05
51,43,gen_fuel_other_renewables_pct,-4.3968175e-06
51,44,solar_generation_mw,-1.2843593e-05
51,45,gen_fuel_hydro_mw,-0.0001414803
51,46,net_inadv_interchange_mw,0.08524433
51,47,gen_fuel_solar_mw,0.00023222926
52,1,net_sched_interchange_mw,1.1464653
52,2,gen_fuel_coal_mw,-3.7090642e-05
52,3,da_as_total_mw_thirty_minutes_reserve,-2.605647e-05
52,4,gross_sched_interchange_mw,0.00014775209
52,5,gen_fuel_nuclear_mw,1.56346e-05
52,6,da_as_as_req_mw_primary_reserve,1.970616e-05
52,7,da_as_as_req_mw_synchronized_reserve,-8.4452346e-05
52,8,da_as_total_mw_primary_reserve,-0.00021641262
52,9,da_as_total_mw_synchronized_reserve,0.00010476199
52,10,gen_fuel_other_renewables_mw,0.000110678215
52,11,gen_fuel_multiple_fuels_mw,-4.2641208e-05
52,12,system_energy_price_da,0.00015535895
52,13,gen_fuel_storage_mw,5.0956907e-05
52,14,forecast_load_mw_day_ahead,-8.70909e-05
52,15,gen_fuel_gas_mw,-1.8687293e-05
52,16,total_gen,0.012065223
52,17,gen_fuel_wind_mw,6.9729336e-05
52,18,wind_generation_mw,-0.00017234696
52,19,da_as_as_req_mw_thirty_minutes_reserve,-0.00021315113
52,20,gen_fuel_multiple_fuels_pct,2.516196e-05
52,21,total_lmp_da,8.337556e-06
52,22,system_energy_price_rt,-1.7242139e-05
52,23,total_lmp_rt,9.1791204e-05
52,24,da_as_mcp_synchronized_reserve,-5.6965582e-05
52,25,da_as_mcp_primary_reserve,-8.0363156e-05
52,26,marginal_loss_price_rt,-5.1106566e-05
52,27,gen_fuel_gas_pct,-6.986623e-05
52,28,marginal_loss_price_da,-0.00021531734
52,29,gen_fuel_wind_pct,0.00015281516
52,30,metered_load_mw,-3.749385e-05
52,31,gross_inadv_interchange_mw,-0.00012776321
52,32,gen_fuel_nuclear_pct,5.2793905e-05
52,33,congestion_price_da,1.3918816e-05
52,34,congestion_price_rt,5.562517e-05
52,35,forecast_load_mw_latest_available,0.00012606478
52,36,prelim_load_avg_hourly,-0.00010038912
52,37,gross_actual_interchange_mw,-4.788022e-06
52,38,total_losses,0.00013113269
52,39,gen_fuel_oil_mw,6.4756896e-05
52,40,da_as_ss_mw_primary_reserve,0.00015096966
52,41,da_as_nsr_mw_primary_reserve,5.0293762e-05
52,42,gen_fuel_coal_pct,-0.00030986633
52,43,gen_fuel_other_renewables_pct,1.6342892e-05
52,44,solar_generation_mw,0.00013582279
52,45,gen_fuel_hydro_mw,7.0666138e-06
52,46,net_inadv_interchange_mw,0.08149645
52,47,gen_fuel_solar_mw,-4.129135e-05
53,1,net_sched_interchange_mw,1.1348214
53,2,gen_fuel_coal_mw,-8.405577e-05
53,3,da_as_total_mw_thirty_minutes_reserve,1.0886057e-05
53,4,gross_sched_interchange_mw,-2.0640837e-05
53,5,gen_fuel_nuclear_mw,-4.9157876e-05
53,6,da_as_as_req_mw_primary_reserve,-0.00044456084
53,7,da_as_as_req_mw_synchronized_reserve,8.5579544e-05
53,8,da_as_total_mw_primary_reserve,0.00023079963
53,9,da_as_total_mw_synchronized_reserve,0.00018724585
53,10,gen_fuel_other_renewables_mw,4.6686626e-05
53,11,gen_fuel_multiple_fuels_mw,0.00017605367
53,12,system_energy_price_da,-1.8462702e-05
53,13,gen_fuel_storage_mw,-0.00010719219
53,14,forecast_load_mw_day_ahead,-4.844922e-05
53,15,gen_fuel_gas_mw,-0.00016732587
53,16,total_gen,-9.845608e-07
53,17,gen_fuel_wind_mw,-0.00016966336
53,18,wind_generation_mw,-1.5723988e-05
53,19,da_as_as_req_mw_thirty_minutes_reserve,1.1766606e-06
53,20,gen_fuel_multiple_fuels_pct,-6.528394e-05
53,21,total_lmp_da,0.00013987489
53,22,system_energy_price_rt,-5.1938932e-06
53,23,total_lmp_rt,0.000100647834
53,24,da_as_mcp_synchronized_reserve,6.6827342e-06
53,25,da_as_mcp_primary_reserve,-6.0439448e-05
53,26,marginal_loss_price_rt,-0.00014630909
53,27,gen_fuel_gas_pct,3.301342e-06
53,28,marginal_loss_price_da,2.8027513e-05
53,29,gen_fuel_wind_pct,0.00014625661
53,30,metered_load_mw,-0.00027127747
53,31,gross_inadv_interchange_mw,6.788546e-05
53,32,gen_fuel_nuclear_pct,0.00039147987
53,33,congestion_price_da,-2.5166977e-05
53,34,congestion_price_rt,5.8375357e-05
53,35,forecast_load_mw_latest_available,-2.0990183e-05
53,36,prelim_load_avg_hourly,-4.9114667e-05
53,37,gross_actual_interchange_mw,-6.6741166e-05
53,38,total_losses,0.00011316089
53,39,gen_fuel_oil_mw,-1.6736096e-05
53,40,da_as_ss_mw_primary_reserve,0.00014909111
53,41,da_as_nsr_mw_primary_reserve,-0.00036188797
53,42,gen_fuel_coal_pct,0.00018927956
53,43,gen_fuel_other_renewables_pct,-3.830099e-05
53,44,solar_generation_mw,6.58511e-05
53,45,gen_fuel_hydro_mw,9.504089e-05
53,46,net_inadv_interchange_mw,0.07847748
53,47,gen_fuel_solar_mw,2.8235863e-05
54,1,net_sched_interchange_mw,1.1229522
54,2,gen_fuel_coal_mw,6.884287e-05
54,3,da_as_total_mw_thirty_minutes_reserve,0.00026923808
54,4,gross_sched_interchange_mw,-5.3156942e-05
54,5,gen_fuel_nuclear_mw,-9.502415e-05
54,6,da_as_as_req_mw_primary_reserve,-2.050052e-06
54,7,da_as_as_req_mw_synchronized_reserve,-0.00034294243
54,8,da_as_total_mw_primary_reserve,-0.00013504797
54,9,da_as_total_mw_synchronized_reserve,0.0002137012
54,10,gen_fuel_other_renewables_mw,-5.4233962e-05
54,11,gen_fuel_multiple_fuels_mw,-1.908611e-05
54,12,system_energy_price_da,5.6830562e-05
54,13,gen_fuel_storage_mw,-3.6440688e-05
54,14,forecast_load_mw_day_ahead,-0.00026527818
54,15,gen_fuel_gas_mw,5.042609e-05
54,16,total_gen,6.2582316e-05
54,17,gen_fuel_wind_mw,9.044925e-05
54,18,wind_generation_mw,4.9979368e-05
54,19,da_as_as_req_mw_thirty_minutes_reserve,-0.00019816449
54,20,gen_fuel_multiple_fuels_pct,-7.002185e-06
54,21,total_lmp_da,6.9362504e-06
54,22,system_energy_price_rt,2.323624e-05
54,23,total_lmp_rt,-9.301241e-05
54,24,da_as_mcp_synchronized_reserve,-7.188346e-05
54,25,da_as_mcp_primary_reserve,7.50701e-05
54,26,marginal_loss_price_rt,-5.065847e-05
54,27,gen_fuel_gas_pct,-0.00025153265
54,28,marginal_loss_price_da,0.00014862626
54,29,gen_fuel_wind_pct,-5.228389e-05
54,30,metered_load_mw,9.261491e-05
54,31,gross_inadv_interchange_mw,-5.933795e-05
54,32,gen_fuel_nuclear_pct,-7.922042e-06
54,33,congestion_price_da,-8.2977815e-05
54,34,congestion_price_rt,-6.23448e-05
54,35,forecast_load_mw_latest_available,4.5725497e-05
54,36,prelim_load_avg_hourly,6.4971864e-06
54,37,gross_actual_interchange_mw,-0.00020489961
54,38,total_losses,3.3386466e-05
54,39,gen_fuel_oil_mw,9.3261e-05
54,40,da_as_ss_mw_primary_reserve,0.00011034964
54,41,da_as_nsr_mw_primary_reserve,-4.97807e-06
54,42,gen_fuel_coal_pct,-2.1073258e-05
54,43,gen_fuel_other_renewables_pct,-5.35668e-05
54,44,solar_generation_mw,7.294649e-05
54,45,gen_fuel_hydro_mw,-0.0004236888
54,46,net_inadv_interchange_mw,0.07610895
54,47,gen_fuel_solar_mw,0.0001549659
55,1,net_sched_interchange_mw,1.1106964
55,2,gen_fuel_coal_mw,5.8570666e-05
55,3,da_as_total_mw_thirty_minutes_reserve,1.7644656e-05
55,4,gross_sched_interchange_mw,-9.257232e-06
55,5,gen_fuel_nuclear_mw,0.00020923349
55,6,da_as_as_req_mw_primary_reserve,0.00012606222
55,7,da_as_as_req_mw_synchronized_reserve,0.00014549986
55,8,da_as_total_mw_primary_reserve,-3.116334e-05
55,9,da_as_total_mw_synchronized_reserve,-6.39223e-05
55,10,gen_fuel_other_renewables_mw,-1.2479955e-05
55,11,gen_fuel_multiple_fuels_mw,-1.7784483e-05
55,12,system_energy_price_da,-1.8449224e-05
55,13,gen_fuel_storage_mw,0.00022472854
55,14,forecast_load_mw_day_ahead,-0.00016288189
55,15,gen_fuel_gas_mw,0.000119184326
55,16,total_gen,-4.4547705e-05
55,17,gen_fuel_wind_mw,-0.00015913065
55,18,wind_generation_mw,-1.1880009e-05
55,19,da_as_as_req_mw_thirty_minutes_reserve,-0.00030247404
55,20,gen_fuel_multiple_fuels_pct,0.00012072555
55,21,total_lmp_da,0.00014017565
55,22,system_energy_price_rt,1.2528799e-06
55,23,total_lmp_rt,0.00026013883
55,24,da_as_mcp_synchronized_reserve,0.00017594507
55,25,da_as_mcp_primary_reserve,0.000105322004
55,26,marginal_loss_price_rt,-0.00016206459
55,27,gen_fuel_gas_pct,-9.137593e-05
55,28,marginal_loss_price_da,7.3846015e-05
55,29,gen_fuel_wind_pct,-5.836044e-05
55,30,metered_load_mw,-7.463535e-05
55,31,gross_inadv_interchange_mw,7.653908e-05
55,32,gen_fuel_nuclear_pct,-9.7256125e-05
55,33,congestion_price_da,-0.000146062
55,34,congestion_price_rt,0.00015341348
55,35,forecast_load_mw_latest_available,6.758863e-05
55,36,prelim_load_avg_hourly,-5.832016e-05
55,37,gross_actual_interchange_mw,-5.4075328e-05
55,38,total_losses,0.00031844224
55,39,gen_fuel_oil_mw,-2.1608532e-05
55,40,da_as_ss_mw_primary_reserve,0.00011285122
55,41,da_as_nsr_mw_primary_reserve,0.00021699355
55,42,gen_fuel_coal_pct,-0.00037644224
55,43,gen_fuel_other_renewables_pct,5.5904617e-05
55,44,solar_generation_mw,0.00017090296
55,45,gen_fuel_hydro_mw,-0.00018285746
55,46,net_inadv_interchange_mw,0.07301723
55,47,gen_fuel_solar_mw,-0.00031724563
56,1,net_sched_interchange_mw,1.0985781
56,2,gen_fuel_coal_mw,0.0004196043
56,3,da_as_total_mw_thirty_minutes_reserve,-2.5797264e-05
56,4,gross_sched_interchange_mw,0.00012453675
56,5,gen_fuel_nuclear_mw,-0.0003829615
56,6,da_as_as_req_mw_primary_reserve,9.095066e-05
56,7,da_as_as_req_mw_synchronized_reserve,0.00043447944
56,8,da_as_total_mw_primary_reserve,7.988089e-05
56,9,da_as_total_mw_synchronized_reserve,0.00014559216
56,10,gen_fuel_other_renewables_mw,7.186459e-05
56,11,gen_fuel_multiple_fuels_mw,-4.89724e-05
56,12,system_energy_price_da,-5.172295e-05
56,13,gen_fuel_storage_mw,8.163304e-06
56,14,forecast_load_mw_day_ahead,-0.00014913583
56,15,gen_fuel_gas_mw,0.00020640204
56,16,total_gen,8.97146e-05
56,17,gen_fuel_wind_mw,-0.00016218597
56,18,wind_generation_mw,7.058938e-05
56,19,da_as_as_req_mw_thirty_minutes_reserve,0.00019248514
56,20,gen_fuel_multiple_fuels_pct,-1.8513181e-05
56,21,total_lmp_da,9.2316775e-05
56,22,system_energy_price_rt,-0.0001134183
56,23,total_lmp_rt,-5.1098836e-05
56,24,da_as_mcp_synchronized_reserve,-4.9954837e-05
56,25,da_as_mcp_primary_reserve,-0.00015552698
56,26,marginal_loss_price_rt,9.271099e-05
56,27,gen_fuel_gas_pct,-0.00030867202
56,28,marginal_loss_price_da,4.5919398e-05
56,29,gen_fuel_wind_pct,-1.0816475e-06
56,30,metered_load_mw,0.0003601531
56,31,gross_inadv_interchange_mw,3.169853e-05
56,32,gen_fuel_nuclear_pct,-0.00012551906
56,33,congestion_price_da,0.00012601435
56,34,congestion_price_rt,0.000107512285
56,35,forecast_load_mw_latest_available,-5.4430246e-05
56,36,prelim_load_avg_hourly,2.5536137e-06
56,37,gross_actual_interchange_mw,-7.9491845e-05
56,38,total_losses,-6.3742705e-06
56,39,gen_fuel_oil_mw,-0.0001369469
56,40,da_as_ss_mw_primary_reserve,8.850569e-06
56,41,da_as_nsr_mw_primary_reserve,0.00021534506
56,42,gen_fuel_coal_pct,0.00011828491
56,43,gen_fuel_other_renewables_pct,0.00021222077
56,44,solar_generation_mw,-7.0135575e-05
56,45,gen_fuel_hydro_mw,1.0060707e-05
56,46,net_inadv_interchange_mw,0.070522785
56,47,gen_fuel_solar_mw,-0.00014578635
57,1,net_sched_interchange_mw,1.0863324
57,2,gen_fuel_coal_mw,9.038165e-05
57,3,da_as_total_mw_thirty_minutes_reserve,0.00015673312
57,4,gross_sched_interchange_mw,-1.0632241e-05
57,5,gen_fuel_nuclear_mw,-1.1963828e-05
57,6,da_as_as_req_mw_primary_reserve,0.00014275042
57,7,da_as_as_req_mw_synchronized_reserve,0.00030919776
57,8,da_as_total_mw_primary_reserve,-0.00012445453
57,9,da_as_total_mw_synchronized_reserve,-1.99321e-05
57,10,gen_fuel_other_renewables_mw,8.765368e-05
57,11,gen_fuel_multiple_fuels_mw,0.00015048988
57,12,system_energy_price_da,7.8676756e-05
57,13,gen_fuel_storage_mw,-0.00015117126
57,14,forecast_load_mw_day_ahead,-8.739862e-05
57,15,gen_fuel_gas_mw,-0.00024495923
57,16,total_gen,6.7897854e-05
57,17,gen_fuel_wind_mw,-0.00032021166
57,18,wind_generation_mw,0.00022944402
57,19,da_as_as_req_mw_thirty_minutes_reserve,-5.1570045e-05
57,20,gen_fuel_multiple_fuels_pct,-0.0002516531
57,21,total_lmp_da,3.130841e-05
57,22,system_energy_price_rt,2.0948413e-05
57,23,total_lmp_rt,-1.8590483e-05
57,24,da_as_mcp_synchronized_reserve,9.888184e-05
57,25,da_as_mcp_primary_reserve,-0.00019972111
57,26,marginal_loss_price_rt,-0.0001904757
57,27,gen_fuel_gas_pct,0.00012476061
57,28,marginal_loss_price_da,-0.00015994327
57,29,gen_fuel_wind_pct,7.736505e-05
57,30,metered_load_mw,-0.00015409774
57,31,gross_inadv_interchange_mw,-0.00014491775
57,32,gen_fuel_nuclear_pct,-1.8332621e-05
57,33,congestion_price_da,9.305618e-05
57,34,congestion_price_rt,1.1294207e-05
57,35,forecast_load_mw_latest_available,0.0001511199
57,36,prelim_load_avg_hourly,-0.00012262762
57,37,gross_actual_interchange_mw,-9.2594375e-05
57,38,total_losses,4.3903463e-05
57,39,gen_fuel_oil_mw,3.751667e-05
57,40,da_as_ss_mw_primary_reserve,-0.00014028282
57,41,da_as_nsr_mw_primary_reserve,0.0002544811
57,42,gen_fuel_coal_pct,0.00012843078
57,43,gen_fuel_other_renewables_pct,-7.712134e-05
57,44,solar_generation_mw,0.00012574365
57,45,gen_fuel_hydro_mw,-6.9329326e-05
57,46,net_inadv_interchange_mw,0.06752045
57,47,gen_fuel_solar_mw,-0.000114624105
58,1,net_sched_interchange_mw,1.0735509
58,2,gen_fuel_coal_mw,2.18278e-05
58,3,da_as_total_mw_thirty_minutes_reserve,0.000118175434
58,4,gross_sched_interchange_mw,-6.47211e-06
58,5,gen_fuel_nuclear_mw,-5.2817733e-05
58,6,da_as_as_req_mw_primary_reserve,-0.00018104623
58,7,da_as_as_req_mw_synchronized_reserve,-0.00016770134
58,8,da_as_total_mw_primary_reserve,-7.011331e-07
58,9,da_as_total_mw_synchronized_reserve,2.9451538e-05
58,10,gen_fuel_other_renewables_mw,7.558751e-05
58,11,gen_fuel_multiple_fuels_mw,-0.00017883867
58,12,system_energy_price_da,7.630436e-05
58,13,gen_fuel_storage_mw,6.434814e-05
58,14,forecast_load_mw_day_ahead,-0.00033598667
58,15,gen_fuel_gas_mw,0.00035458797
58,16,total_gen,-9.76335e-05
58,17,gen_fuel_wind_mw,2.9785004e-05
58,18,wind_generation_mw,-4.445693e-05
58,19,da_as_as_req_mw_thirty_minutes_reserve,0.00020242308
58,20,gen_fuel_multiple_fuels_pct,-1.610021e-05
58,21,total_lmp_da,-8.812534e-05
58,22,system_energy_price_rt,-0.0001714892
58,23,total_lmp_rt,-6.279901e-05
58,24,da_as_mcp_synchronized_reserve,0.0001250426
58,25,da_as_mcp_primary_reserve,0.00019058907
58,26,marginal_loss_price_rt,-5.545793e-06
58,27,gen_fuel_gas_pct,-0.00019469191
58,28,marginal_loss_price_da,0.00014422911
58,29,gen_fuel_wind_pct,-2.2951848e-05
58,30,metered_load_mw,0.0002007976
58,31,gross_inadv_interchange_mw,-0.00023053428
58,32,gen_fuel_nuclear_pct,0.00047190994
58,33,congestion_price_da,-8.806089e-05
58,34,congestion_price_rt,0.00012073468
58,35,forecast_load_mw_latest_available,-5.3668948e-05
58,36,prelim_load_avg_hourly,0.00031954263
58,37,gross_actual_interchange_mw,7.4963595e-05
58,38,total_losses,-0.00012837251
58,39,gen_fuel_oil_mw,0.00014252836
58,40,da_as_ss_mw_primary_reserve,-0.0001669316
58,41,da_as_nsr_mw_primary_reserve,1.2844102e-06
58,42,gen_fuel_coal_pct,7.827388e-05
58,43,gen_fuel_other_renewables_pct,0.0002066221
58,44,solar_generation_mw,-0.00033756133
58,45,gen_fuel_hydro_mw,-0.00016172146
58,46,net_inadv_interchange_mw,0.06511833
58,47,gen_fuel_solar_mw,0.00044562074
59,1,net_sched_interchange_mw,1.0628531
59,2,gen_fuel_coal_mw,-0.0003857824
59,3,da_as_total_mw_thirty_minutes_reserve,-0.00010462386
59,4,gross_sched_interchange_mw,4.5783922e-06
59,5,gen_fuel_nuclear_mw,-0.00012670047
59,6,da_as_as_req_mw_primary_reserve,-0.000362999
59,7,da_as_as_req_mw_synchronized_reserve,-6.785093e-05
59,8,da_as_total_mw_primary_reserve,6.0657185e-05
59,9,da_as_total_mw_synchronized_reserve,-0.0006004893
59,10,gen_fuel_other_renewables_mw,0.00012837835
59,11,gen_fuel_multiple_fuels_mw,8.180311e-05
59,12,system_energy_price_da,8.122849e-05
59,13,gen_fuel_storage_mw,-0.00011161952
59,14,forecast_load_mw_day_ahead,-0.00030019082
59,15,gen_fuel_gas_mw,9.172376e-05
59,16,total_gen,0.000160484
59,17,gen_fuel_wind_mw,-7.7459845e-06
59,18,wind_generation_mw,-0.00045831103
59,19,da_as_as_req_mw_thirty_minutes_reserve,-6.681958e-05
59,20,gen_fuel_multiple_fuels_pct,8.786651e-05
59,21,total_lmp_da,-0.00023792415
59,22,system_energy_price_rt,0.00013509303
59,23,total_lmp_rt,-7.39728e-05
59,24,da_as_mcp_synchronized_reserve,0.000109791654
59,25,da_as_mcp_primary_reserve,-3.1066302e-06
59,26,marginal_loss_price_rt,-8.7754495e-05
59,27,gen_fuel_gas_pct,-0.00016548543
59,28,marginal_loss_price_da,7.142017e-05
59,29,gen_fuel_wind_pct,0.00035030232
59,30,metered_load_mw,-0.0004822073
59,31,gross_inadv_interchange_mw,0.00014381291
59,32,gen_fuel_nuclear_pct,6.5982196e-05
59,33,congestion_price_da,0.0001486534
59,34,congestion_price_rt,-3.8733997e-06
59,35,forecast_load_mw_latest_available,-2.1467182e-05
59,36,prelim_load_avg_hourly,0.0002304503
59,37,gross_actual_interchange_mw,3.880023e-05
59,38,total_losses,7.163871e-05
59,39,gen_fuel_oil_mw,0.00012760966
59,40,da_as_ss_mw_primary_reserve,0.00014282865
59,41,da_as_nsr_mw_primary_reserve,0.00043765723
59,42,gen_fuel_coal_pct,-0.00036166148
59,43,gen_fuel_other_renewables_pct,6.933864e-05
59,44,solar_generation_mw,-0.00032808637
59,45,gen_fuel_hydro_mw,-0.0003490227
59,46,net_inadv_interchange_mw,0.065814085
59,47,gen_fuel_solar_mw,-0.00036599475
60,1,net_sched_interchange_mw,1.056045
60,2,gen_fuel_coal_mw,4.0773462e-05
60,3,da_as_total_mw_thirty_minutes_reserve,-3.3399774e-06
60,4,gross_sched_interchange_mw,0.00011125319
60,5,gen_fuel_nuclear_mw,9.687971e-05
60,6,da_as_as_req_mw_primary_reserve,9.456977e-05
60,7,da_as_as_req_mw_synchronized_reserve,0.0003696371
60,8,da_as_total_mw_primary_reserve,6.772655e-05
60,9,da_as_total_mw_synchronized_reserve,-0.00027900524
60,10,gen_fuel_other_renewables_mw,-4.0618666e-05
60,11,gen_fuel_multiple_fuels_mw,-5.323835e-05
60,12,system_energy_price_da,0.0001490091
60,13,gen_fuel_storage_mw,-9.983944e-05
60,14,forecast_load_mw_day_ahead,9.564597e-05
60,15,gen_fuel_gas_mw,3.3073688e-05
60,16,total_gen,9.720311e-05
60,17,gen_fuel_wind_mw,4.39034e-05
60,18,wind_generation_mw,-0.00015075065
60,19,da_as_as_req_mw_thirty_minutes_reserve,-0.0002753656
60,20,gen_fuel_multiple_fuels_pct,0.00014315569
60,21,total_lmp_da,0.00014778698
60,22,system_energy_price_rt,-8.572293e-06
60,23,total_lmp_rt,-9.1367256e-05
60,24,da_as_mcp_synchronized_reserve,6.40079e-05
60,25,da_as_mcp_primary_reserve,0.00013926298
60,26,marginal_loss_price_rt,0.00017954031
60,27,gen_fuel_gas_pct,9.163931e-05
60,28,marginal_loss_price_da,-0.00010088998
60,29,gen_fuel_wind_pct,0.00017792266
60,30,metered_load_mw,0.000108712855
60,31,gross_inadv_interchange_mw,-8.5208034e-05
60,32,gen_fuel_nuclear_pct,0.00025170087
60,33,congestion_price_da,-0.00012768838
60,34,congestion_price_rt,-0.00013044363
60,35,forecast_load_mw_latest_available,-0.0003759075
60,36,prelim_load_avg_hourly,8.498102e-05
60,37,gross_actual_interchange_mw,-9.54642e-06
60,38,total_losses,-0.00019812917
60,39,gen_fuel_oil_mw,8.0733786e-05
60,40,da_as_ss_mw_primary_reserve,0.000175289
60,41,da_as_nsr_mw_primary_reserve,-0.00016110283
60,42,gen_fuel_coal_pct,8.266914e-06
60,43,gen_fuel_other_renewables_pct,0.00023270075
60,44,solar_generation_mw,-0.00030976618
60,45,gen_fuel_hydro_mw,0.00033149633
60,46,net_inadv_interchange_mw,0.061253533
60,47,gen_fuel_solar_mw,2.2442953e-05
61,1,net_sched_interchange_mw,1.0501692
61,2,gen_fuel_coal_mw,0.00012464974
61,3,da_as_total_mw_thirty_minutes_reserve,-7.130915e-06
61,4,gross_sched_interchange_mw,-0.0002957374
61,5,gen_fuel_nuclear_mw,-0.00017846475
61,6,da_as_as_req_mw_primary_reserve,-9.4641044e-05
61,7,da_as_as_req_mw_synchronized_reserve,-4.3047068e-05
61,8,da_as_total_mw_primary_reserve,-0.00023347852
61,9,da_as_total_mw_synchronized_reserve,-9.675114e-05
61,10,gen_fuel_other_renewables_mw,-0.00030425438
61,11,gen_fuel_multiple_fuels_mw,-9.580365e-05
61,12,system_energy_price_da,0.00019108171
61,13,gen_fuel_storage_mw,1.800459e-05
61,14,forecast_load_mw_day_ahead,8.45146e-05
61,15,gen_fuel_gas_mw,7.18448e-05
61,16,total_gen,-1.5406418e-05
61,17,gen_fuel_wind_mw,3.7031085e-05
61,18,wind_generation_mw,0.00010892355
61,19,da_as_as_req_mw_thirty_minutes_reserve,0.00013835898
61,20,gen_fuel_multiple_fuels_pct,8.847233e-05
61,21,total_lmp_da,4.937852e-05
61,22,system_energy_price_rt,-6.4777036e-05
61,23,total_lmp_rt,-3.0516458e-06
61,24,da_as_mcp_synchronized_reserve,-1.189192e-05
61,25,da_as_mcp_primary_reserve,6.560983e-05
61,26,marginal_loss_price_rt,4.8422175e-05
61,27,gen_fuel_gas_pct,9.466347e-05
61,28,marginal_loss_price_da,3.183337e-05
61,29,gen_fuel_wind_pct,-5.984548e-06
61,30,metered_load_mw,-2.309063e-05
61,31,gross_inadv_interchange_mw,-0.00013836747
61,32,gen_fuel_nuclear_pct,-0.00013733006
61,33,congestion_price_da,-0.0001519263
61,34,congestion_price_rt,-2.8798415e-05
61,35,forecast_load_mw_latest_available,0.00021176584
61,36,prelim_load_avg_hourly,-9.4580595e-05
61,37,gross_actual_interchange_mw,4.3755215e-05
61,38,total_losses,-0.00012722152
61,39,gen_fuel_oil_mw,0.000222803
61,40,da_as_ss_mw_primary_reserve,-3.933679e-05
61,41,da_as_nsr_mw_primary_reserve,-0.00012318137
61,42,gen_fuel_coal_pct,2.6451227e-05
61,43,gen_fuel_other_renewables_pct,0.00018191652
61,44,solar_generation_mw,-3.8560975e-06
61,45,gen_fuel_hydro_mw,0.00020014757
61,46,net_inadv_interchange_mw,0.059625436
61,47,gen_fuel_solar_mw,2.7612374e-05
62,1,net_sched_interchange_mw,1.0437405
62,2,gen_fuel_coal_mw,0.00012381023
62,3,da_as_total_mw_thirty_minutes_reserve,9.085451e-05
62,4,gross_sched_interchange_mw,0.00012513253
62,5,gen_fuel_nuclear_mw,7.396309e-05
62,6,da_as_as_req_mw_primary_reserve,0.00030027752
62,7,da_as_as_req_mw_synchronized_reserve,-8.6323955e-05
62,8,da_as_total_mw_primary_reserve,-0.00035010924
62,9,da_as_total_mw_synchronized_reserve,-4.7670823e-05
62,10,gen_fuel_other_renewables_mw,-0.00015057516
62,11,gen_fuel_multiple_fuels_mw,-0.0002198568
62,12,system_energy_price_da,1.6090198e-05
62,13,gen_fuel_storage_mw,-0.00020284999
62,14,forecast_load_mw_day_ahead,-7.9992664e-05
62,15,gen_fuel_gas_mw,-0.00020583818
62,16,total_gen,-8.110834e-05
62,17,gen_fuel_wind_mw,-0.0001956789
62,18,wind_generation_mw,-4.6711037e-05
62,19,da_as_as_req_mw_thirty_minutes_reserve,0.00026816726
62,20,gen_fuel_multiple_fuels_pct,8.505179e-05
62,21,total_lmp_da,8.825216e-06
62,22,system_energy_price_rt,6.684204e-05
62,23,total_lmp_rt,8.7454755e-06
62,24,da_as_mcp_synchronized_reserve,5.354226e-05
62,25,da_as_mcp_primary_reserve,-0.00011961013
62,26,marginal_loss_price_rt,-1.0906922e-05
62,27,gen_fuel_gas_pct,2.8730254e-05
62,28,marginal_loss_price_da,-0.00026526916
62,29,gen_fuel_wind_pct,0.00010148269
62,30,metered_load_mw,-6.0163467e-05
62,31,gross_inadv_interchange_mw,-7.878798e-05
62,32,gen_fuel_nuclear_pct,0.0001930694
62,33,congestion_price_da,-0.00018966981
62,34,congestion_price_rt,6.843223e-05
62,35,forecast_load_mw_latest_available,-0.00026640616
62,36,prelim_load_avg_hourly,-3.693762e-05
62,37,gross_actual_interchange_mw,-4.151181e-06
62,38,total_losses,0.0003037683
62,39,gen_fuel_oil_mw,-0.00011511474
62,40,da_as_ss_mw_primary_reserve,7.2709854e-06
62,41,da_as_nsr_mw_primary_reserve,-0.00015746651
62,42,gen_fuel_coal_pct,-0.00018186969
62,43,gen_fuel_other_renewables_pct,-2.4552086e-05
62,44,solar_generation_mw,-0.00013900883
62,45,gen_fuel_hydro_mw,0.00011350292
62,46,net_inadv_interchange_mw,0.05721166
62,47,gen_fuel_solar_mw,-0.0002398254
63,1,net_sched_interchange_mw,1.0368313
63,2,gen_fuel_coal_mw,0.0002668474
63,3,da_as_total_mw_thirty_minutes_reserve,0.00015824742
63,4,gross_sched_interchange_mw,-3.8272716e-05
63,5,gen_fuel_nuclear_mw,4.014115e-05
63,6,da_as_as_req_mw_primary_reserve,-8.190921e-05
63,7,da_as_as_req_mw_synchronized_reserve,7.420358e-05
63,8,da_as_total_mw_primary_reserve,2.119827e-05
63,9,da_as_total_mw_synchronized_reserve,0.00016930257
63,10,gen_fuel_other_renewables_mw,-8.094405e-05
63,11,gen_fuel_multiple_fuels_mw,-5.7196572e-05
63,12,system_energy_price_da,1.4665464e-05
63,13,gen_fuel_storage_mw,-1.6817845e-05
63,14,forecast_load_mw_day_ahead,6.4078224e-05
63,15,gen_fuel_gas_mw,0.00041041538
63,16,total_gen,3.340409e-05
63,17,gen_fuel_wind_mw,2.1408217e-05
63,18,wind_generation_mw,0.00051598303
63,19,da_as_as_req_mw_thirty_minutes_reserve,0.00015079931
63,20,gen_fuel_multiple_fuels_pct,-3.302937e-05
63,21,total_lmp_da,-6.81809e-05
63,22,system_energy_price_rt,4.7937297e-05
63,23,total_lmp_rt,0.00011340998
63,24,da_as_mcp_synchronized_reserve,-0.00013542724
63,25,da_as_mcp_primary_reserve,-6.358854e-05
63,26,marginal_loss_price_rt,7.8521705e-05
63,27,gen_fuel_gas_pct,0.0001725838
63,28,marginal_loss_price_da,5.1667434e-05
63,29,gen_fuel_wind_pct,6.0801824e-05
63,30,metered_load_mw,-0.00011111588
63,31,gross_inadv_interchange_mw,7.8986006e-05
63,32,gen_fuel_nuclear_pct,-0.00012121545
63,33,congestion_price_da,2.8230235e-05
63,34,congestion_price_rt,-0.0002511971
63,35,forecast_load_mw_latest_available,5.400143e-07
63,36,prelim_load_avg_hourly,8.185164e-05
63,37,gross_actual_interchange_mw,4.3740285e-05
63,38,total_losses,8.549859e-05
63,39,gen_fuel_oil_mw,0.00012062806
63,40,da_as_ss_mw_primary_reserve,1.15833245e-07
63,41,da_as_nsr_mw_primary_reserve,-1.8815626e-07
63,42,gen_fuel_coal_pct,-0.00031821072
63,43,gen_fuel_other_renewables_pct,8.3641775e-05
63,44,solar_generation_mw,-0.00014349658
63,45,gen_fuel_hydro_mw,0.0002953522
63,46,net_inadv_interchange_mw,0.055829126
63,47,gen_fuel_solar_mw,-8.186154e-05
64,1,net_sched_interchange_mw,1.0298321
64,2,gen_fuel_coal_mw,0.00025876728
64,3,da_as_total_mw_thirty_minutes_reserve,1.0276053e-05
64,4,gross_sched_interchange_mw,4.1647872e-05
64,5,gen_fuel_nuclear_mw,0.00011118833
64,6,da_as_as_req_mw_primary_reserve,-0.00014143113
64,7,da_as_as_req_mw_synchronized_reserve,-0.000241025
64,8,da_as_total_mw_primary_reserve,-4.716274e-05
64,9,da_as_total_mw_synchronized_reserve,9.124556e-05
64,10,gen_fuel_other_renewables_mw,-0.0001670158
64,11,gen_fuel_multiple_fuels_mw,4.6566638e-05
64,12,system_energy_price_da,-2.0936686e-05
64,13,gen_fuel_storage_mw,8.472935e-05
64,14,forecast_load_mw_day_ahead,-0.00020536305
64,15,gen_fuel_gas_mw,-5.1986044e-05
64,16,total_gen,-7.3536736e-05
64,17,gen_fuel_wind_mw,-2.7248345e-05
64,18,wind_generation_mw,1.9427116e-05
64,19,da_as_as_req_mw_thirty_minutes_reserve,3.0311709e-05
64,20,gen_fuel_multiple_fuels_pct,-7.294862e-05
64,21,total_lmp_da,9.153287e-05
64,22,system_energy_price_rt,8.9235604e-05
64,23,total_lmp_rt,6.1328945e-05
64,24,da_as_mcp_synchronized_reserve,-0.00012669408
64,25,da_as_mcp_primary_reserve,-0.00012224687
64,26,marginal_loss_price_rt,0.000105597006
64,27,gen_fuel_gas_pct,0.00016541057
64,28,marginal_loss_price_da,0.00022875491
64,29,gen_fuel_wind_pct,0.00014133281
64,30,metered_load_mw,0.00020897495
64,31,gross_inadv_interchange_mw,0.00014504784
64,32,gen_fuel_nuclear_pct,9.9360615e-05
64,33,congestion_price_da,-0.00014841837
64,34,congestion_price_rt,0.00020398595
64,35,forecast_load_mw_latest_available,0.00013553559
64,36,prelim_load_avg_hourly,0.00019742681
64,37,gross_actual_interchange_mw,-0.00020055653
64,38,total_losses,-2.5572936e-05
64,39,gen_fuel_oil_mw,1.4626996e-05
64,40,da_as_ss_mw_primary_reserve,0.00012524083
64,41,da_as_nsr_mw_primary_reserve,-0.000119825825
64,42,gen_fuel_coal_pct,-1.6861177e-05
64,43,gen_fuel_other_renewables_pct,-2.2001826e-05
64,44,solar_generation_mw,-0.0001401819
64,45,gen_fuel_hydro_mw,-0.00021029757
64,46,net_inadv_interchange_mw,0.0538875
64,47,gen_fuel_solar_mw,-3.249314e-05
65,1,net_sched_interchange_mw,1.0224475
65,2,gen_fuel_coal_mw,0.000283652
65,3,da_as_total_mw_thirty_minutes_reserve,-9.655469e-07
65,4,gross_sched_interchange_mw,0.0002542645
65,5,gen_fuel_nuclear_mw,4.25573e-05
65,6,da_as_as_req_mw_primary_reserve,-7.5888755e-05
65,7,da_as_as_req_mw_synchronized_reserve,7.1189424e-07
65,8,da_as_total_mw_primary_reserve,-0.00020518171
65,9,da_as_total_mw_synchronized_reserve,0.00011815821
65,10,gen_fuel_other_renewables_mw,-0.00014127624
65,11,gen_fuel_multiple_fuels_mw,-0.00023151755
65,12,system_energy_price_da,-0.00022978555
65,13,gen_fuel_storage_mw,4.7760623e-05
65,14,forecast_load_mw_day_ahead,0.00027015578
65,15,gen_fuel_gas_mw,0.00035963638
65,16,total_gen,0.00016689677
65,17,gen_fuel_wind_mw,9.321782e-06
65,18,wind_generation_mw,2.5627087e-05
65,19,da_as_as_req_mw_thirty_minutes_reserve,-6.732502e-06
65,20,gen_fuel_multiple_fuels_pct,7.260499e-05
65,21,total_lmp_da,-1.7184255e-05
65,22,system_energy_price_rt,-2.5849527e-05
65,23,total_lmp_rt,6.795861e-05
65,24,da_as_mcp_synchronized_reserve,0.00011106446
65,25,da_as_mcp_primary_reserve,-0.00014519923
65,26,marginal_loss_price_rt,3.3991695e-05
65,27,gen_fuel_gas_pct,0.00014903511
65,28,marginal_loss_price_da,1.8853396e-05
65,29,gen_fuel_wind_pct,-2.1437416e-05
65,30,metered_load_mw,-0.00013196902
65,31,gross_inadv_interchange_mw,0.00014921598
65,32,gen_fuel_nuclear_pct,0.00019797076
65,33,congestion_price_da,-0.00011909268
65,34,congestion_price_rt,8.8886445e-06
65,35,forecast_load_mw_latest_available,-1.6807826e-06
65,36,prelim_load_avg_hourly,-0.0002346017
65,37,gross_actual_interchange_mw,5.6430632e-05
65,38,total_losses,-2.2089313e-05
65,39,gen_fuel_oil_mw,0.00014753926
65,40,da_as_ss_mw_primary_reserve,0.00010750401
65,41,da_as_nsr_mw_primary_reserve,0.00010413458
65,42,gen_fuel_coal_pct,0.00023960289
65,43,gen_fuel_other_renewables_pct,-0.00012337047
65,44,solar_generation_mw,1.775007e-05
65,45,gen_fuel_hydro_mw,-0.0002625555
65,46,net_inadv_interchange_mw,0.05180708
65,47,gen_fuel_solar_mw,0.00011400513
66,1,net_sched_interchange_mw,1.0144134
66,2,gen_fuel_coal_mw,1.9021907e-05
66,3,da_as_total_mw_thirty_minutes_reserve,-0.00019027446
66,4,gross_sched_interchange_mw,-5.1140003e-05
66,5,gen_fuel_nuclear_mw,0.000102446356
66,6,da_as_as_req_mw_primary_reserve,-0.0001661685
66,7,da_as_as_req_mw_synchronized_reserve,1.6195947e-05
66,8,da_as_total_mw_primary_reserve,3.897253e-05
66,9,da_as_total_mw_synchronized_reserve,-3.861548e-05
66,10,gen_fuel_other_renewables_mw,-0.00011531007
66,11,gen_fuel_multiple_fuels_mw,0.00012935145
66,12,system_energy_price_da,7.7904624e-05
66,13,gen_fuel_storage_mw,-0.0002674674
66,14,forecast_load_mw_day_ahead,-0.0002913563
66,15,gen_fuel_gas_mw,-5.8006197e-05
66,16,total_gen,-0.0001164773
66,17,gen_fuel_wind_mw,2.4885438e-05
66,18,wind_generation_mw,5.4568533e-05
66,19,da_as_as_req_mw_thirty_minutes_reserve,3.069581e-05
66,20,gen_fuel_multiple_fuels_pct,-8.445559e-05
66,21,total_lmp_da,4.84786e-05
66,22,system_energy_price_rt,-0.00015152857
66,23,total_lmp_rt,8.7073226e-05
66,24,da_as_mcp_synchronized_reserve,-7.156035e-05
66,25,da_as_mcp_primary_reserve,5.673048e-05
66,26,marginal_loss_price_rt,8.3004765e-05
66,27,gen_fuel_gas_pct,-6.615689e-05
66,28,marginal_loss_price_da,2.9246617e-05
66,29,gen_fuel_wind_pct,-0.00014088629
66,30,metered_load_mw,7.6142955e-05
66,31,gross_inadv_interchange_mw,-6.0436578e-05
66,32,gen_fuel_nuclear_pct,0.00015585583
66,33,congestion_price_da,-2.0825773e-05
66,34,congestion_price_rt,-4.7609043e-05
66,35,forecast_load_mw_latest_available,-0.00025939976
66,36,prelim_load_avg_hourly,5.581679e-05
66,37,gross_actual_interchange_mw,0.00024321889
66,38,total_losses,8.645437e-05
66,39,gen_fuel_oil_mw,0.00015302855
66,40,da_as_ss_mw_primary_reserve,0.0001283244
66,41,da_as_nsr_mw_primary_reserve,0.000100778474
66,42,gen_fuel_coal_pct,0.00017675081
66,43,gen_fuel_other_renewables_pct,-6.358551e-05
66,44,solar_generation_mw,-4.3501816e-05
66,45,gen_fuel_hydro_mw,0.00011160907
66,46,net_inadv_interchange_mw,0.05058378
66,47,gen_fuel_solar_mw,-0.00018659036
67,1,net_sched_interchange_mw,1.0061307
67,2,gen_fuel_coal_mw,0.000106452906
67,3,da_as_total_mw_thirty_minutes_reserve,0.00020813732
67,4,gross_sched_interchange_mw,9.861742e-05
67,5,gen_fuel_nuclear_mw,0.00012867447
67,6,da_as_as_req_mw_primary_reserve,0.00013240105
67,7,da_as_as_req_mw_synchronized_reserve,-0.00016210572
67,8,da_as_total_mw_primary_reserve,0.00021246557
67,9,da_as_total_mw_synchronized_reserve,-5.6285495e-05
67,10,gen_fuel_other_renewables_mw,0.00010503934
67,11,gen_fuel_multiple_fuels_mw,0.00053111726
67,12,system_energy_price_da,4.682005e-05
67,13,gen_fuel_storage_mw,7.412643e-05
67,14,forecast_load_mw_day_ahead,-0.00021897745
67,15,gen_fuel_gas_mw,-0.00013289116
67,16,total_gen,-4.214888e-05
67,17,gen_fuel_wind_mw,5.3435315e-07
67,18,wind_generation_mw,0.00017067876
67,19,da_as_as_req_mw_thirty_minutes_reserve,0.0002436338
67,20,gen_fuel_multiple_fuels_pct,0.00011882604
67,21,total_lmp_da,-8.291731e-05
67,22,system_energy_price_rt,-3.161264e-05
67,23,total_lmp_rt,0.00011554866
67,24,da_as_mcp_synchronized_reserve,-0.00025972014
67,25,da_as_mcp_primary_reserve,-0.0001855599
67,26,marginal_loss_price_rt,-7.178825e-05
67,27,gen_fuel_gas_pct,0.00010588621
67,28,marginal_loss_price_da,-5.6753728e-05
67,29,gen_fuel_wind_pct,-9.559487e-05
67,30,metered_load_mw,-0.000543868
67,31,gross_inadv_interchange_mw,-0.00032814118
67,32,gen_fuel_nuclear_pct,6.3671105e-05
67,33,congestion_price_da,-0.00016712685
67,34,congestion_price_rt,3.689852e-05
67,35,forecast_load_mw_latest_available,0.00024052688
67,36,prelim_load_avg_hourly,-6.8049994e-05
67,37,gross_actual_interchange_mw,0.00032619404
67,38,total_losses,0.00014306247
67,39,gen_fuel_oil_mw,-0.00014145892
67,40,da_as_ss_mw_primary_reserve,-4.524971e-05
67,41,da_as_nsr_mw_primary_reserve,-0.000115708695
67,42,gen_fuel_coal_pct,-0.0006846684
67,43,gen_fuel_other_renewables_pct,9.9916186e-05
67,44,solar_generation_mw,0.00038775313
67,45,gen_fuel_hydro_mw,1.4457255e-06
67,46,net_inadv_interchange_mw,0.049943097
67,47,gen_fuel_solar_mw,0.00018651476
68,1,net_sched_interchange_mw,0.9981256
68,2,gen_fuel_coal_mw,-1.811437e-06
68,3,da_as_total_mw_thirty_minutes_reserve,-5.7578858e-05
68,4,gross_sched_interchange_mw,-6.773499e-05
68,5,gen_fuel_nuclear_mw,-8.1805076e-05
68,6,da_as_as_req_mw_primary_reserve,-6.029909e-05
68,7,da_as_as_req_mw_synchronized_reserve,-2.2634718e-05
68,8,da_as_total_mw_primary_reserve,0.0001927028
68,9,da_as_total_mw_synchronized_reserve,9.7563156e-05
68,10,gen_fuel_other_renewables_mw,-0.00016114562
68,11,gen_fuel_multiple_fuels_mw,-0.00016402455
68,12,system_energy_price_da,-0.00013058016
68,13,gen_fuel_storage_mw,2.8294995e-05
68,14,forecast_load_mw_day_ahead,-0.0001292561
68,15,gen_fuel_gas_mw,-5.0583338e-05
68,16,total_gen,-9.515291e-05
68,17,gen_fuel_wind_mw,0.000103916565
68,18,wind_generation_mw,0.00027848588
68,19,da_as_as_req_mw_thirty_minutes_reserve,-6.551034e-05
68,20,gen_fuel_multiple_fuels_pct,-6.0992505e-05
68,21,total_lmp_da,-1.3128476e-05
68,22,system_energy_price_rt,-0.00032903304
68,23,total_lmp_rt,-0.00018038416
68,24,da_as_mcp_synchronized_reserve,-8.602634e-05
68,25,da_as_mcp_primary_reserve,2.3400862e-05
68,26,marginal_loss_price_rt,-5.9874117e-05
68,27,gen_fuel_gas_pct,2.1742679e-05
68,28,marginal_loss_price_da,1.2672317e-06
68,29,gen_fuel_wind_pct,-0.00016927333
68,30,metered_load_mw,1.1055181e-05
68,31,gross_inadv_interchange_mw,-3.6483383e-05
68,32,gen_fuel_nuclear_pct,3.099927e-05
68,33,congestion_price_da,-4.5225504e-05
68,34,congestion_price_rt,-0.00015038507
68,35,forecast_load_mw_latest_available,-6.12577e-05
68,36,prelim_load_avg_hourly,-5.7699322e-05
68,37,gross_actual_interchange_mw,-4.4176795e-05
68,38,total_losses,0.00012229345
68,39,gen_fuel_oil_mw,0.00024345863
68,40,da_as_ss_mw_primary_reserve,-0.00018422202
68,41,da_as_nsr_mw_primary_reserve,-0.00028984138
68,42,gen_fuel_coal_pct,-0.00026504693
68,43,gen_fuel_other_renewables_pct,0.00021486044
68,44,solar_generation_mw,-0.0001805014
68,45,gen_fuel_hydro_mw,-0.0005264017
68,46,net_inadv_interchange_mw,0.047295436
68,47,gen_fuel_solar_mw,2.4566354e-05
69,1,net_sched_interchange_mw,0.9902834
69,2,gen_fuel_coal_mw,-9.848391e-05
69,3,da_as_total_mw_thirty_minutes_reserve,6.722157e-05
69,4,gross_sched_interchange_mw,-1.6583886e-05
69,5,gen_fuel_nuclear_mw,-6.628863e-05
69,6,da_as_as_req_mw_primary_reserve,0.00019910172
69,7,da_as_as_req_mw_synchronized_reserve,0.00023516067
69,8,da_as_total_mw_primary_reserve,0.00013255895
69,9,da_as_total_mw_synchronized_reserve,0.00029537748
69,10,gen_fuel_other_renewables_mw,0.00017218755
69,11,gen_fuel_multiple_fuels_mw,-1.1825992e-05
69,12,system_energy_price_da,-0.00027077008
69,13,gen_fuel_storage_mw,0.00019468434
69,14,forecast_load_mw_day_ahead,-0.00017115896
69,15,gen_fuel_gas_mw,-0.00032251986
69,16,total_gen,-3.9723822e-05
69,17,gen_fuel_wind_mw,0.0002468782
69,18,wind_generation_mw,0.0001258952
69,19,da_as_as_req_mw_thirty_minutes_reserve,7.6530916e-05
69,20,gen_fuel_multiple_fuels_pct,-3.2014854e-05
69,21,total_lmp_da,0.0003212926
69,22,system_energy_price_rt,6.860136e-05
69,23,total_lmp_rt,0.00022354905
69,24,da_as_mcp_synchronized_reserve,-0.00013929603
69,25,da_as_mcp_primary_reserve,0.00010937784
69,26,marginal_loss_price_rt,-0.00022266425
69,27,gen_fuel_gas_pct,-2.5562476e-05
69,28,marginal_loss_price_da,0.00032311928
69,29,gen_fuel_wind_pct,0.00012308914
69,30,metered_load_mw,4.748261e-06
69,31,gross_inadv_interchange_mw,-4.279286e-05
69,32,gen_fuel_nuclear_pct,-0.00011764212
69,33,congestion_price_da,-0.00015627447
69,34,congestion_price_rt,3.9775943e-05
69,35,forecast_load_mw_latest_available,1.7560138e-05
69,36,prelim_load_avg_hourly,-0.00036549277
69,37,gross_actual_interchange_mw,2.233306e-05
69,38,total_losses,-1.7721719e-05
69,39,gen_fuel_oil_mw,0.000117729134
69,40,da_as_ss_mw_primary_reserve,0.00033079737
69,41,da_as_nsr_mw_primary_reserve,-2.9165109e-05
69,42,gen_fuel_coal_pct,-9.5940944e-05
69,43,gen_fuel_other_renewables_pct,-7.333426e-05
69,44,solar_generation_mw,6.497472e-06
69,45,gen_fuel_hydro_mw,8.9809444e-05
69,46,net_inadv_interchange_mw,0.04624853
69,47,gen_fuel_solar_mw,-0.00017944543
70,1,net_sched_interchange_mw,0.98317575
70,2,gen_fuel_coal_mw,0.00019577847
70,3,da_as_total_mw_thirty_minutes_reserve,0.00013921651
70,4,gross_sched_interchange_mw,-9.140678e-05
70,5,gen_fuel_nuclear_mw,-3.957264e-05
70,6,da_as_as_req_mw_primary_reserve,0.00014881007
70,7,da_as_as_req_mw_synchronized_reserve,-0.00015432191
70,8,da_as_total_mw_primary_reserve,6.388093e-05
70,9,da_as_total_mw_synchronized_reserve,-3.009745e-05
70,10,gen_fuel_other_renewables_mw,-8.751173e-05
70,11,gen_fuel_multiple_fuels_mw,0.00013419028
70,12,system_energy_price_da,-8.4076237e-07
70,13,gen_fuel_storage_mw,-0.00027439863
70,14,forecast_load_mw_day_ahead,3.2459997e-05
70,15,gen_fuel_gas_mw,-7.132115e-05
70,16,total_gen,-6.245275e-05
70,17,gen_fuel_wind_mw,0.00016769892
70,18,wind_generation_mw,-3.172078e-05
70,19,da_as_as_req_mw_thirty_minutes_reserve,-0.00022311184
70,20,gen_fuel_multiple_fuels_pct,-0.00014495972
70,21,total_lmp_da,-0.00012934074
70,22,system_energy_price_rt,0.00014079563
70,23,total_lmp_rt,-0.00017548025
70,24,da_as_mcp_synchronized_reserve,1.45296835e-05
70,25,da_as_mcp_primary_reserve,-0.00040651287
70,26,marginal_loss_price_rt,-8.6535125e-05
70,27,gen_fuel_gas_pct,6.616606e-05
70,28,marginal_loss_price_da,0.00029063725
70,29,gen_fuel_wind_pct,-2.0675754e-05
70,30,metered_load_mw,-1.8123534e-05
70,31,gross_inadv_interchange_mw,-7.7918456e-05
70,32,gen_fuel_nuclear_pct,-0.00028790074
70,33,congestion_price_da,3.849809e-05
70,34,congestion_price_rt,-8.409101e-05
70,35,forecast_load_mw_latest_available,-0.00035936685
70,36,prelim_load_avg_hourly,0.00015984892
70,37,gross_actual_interchange_mw,-9.164136e-05
70,38,total_losses,-0.00017944051
70,39,gen_fuel_oil_mw,9.031274e-05
70,40,da_as_ss_mw_primary_reserve,-0.00023936966
70,41,da_as_nsr_mw_primary_reserve,-0.00040157585
70,42,gen_fuel_coal_pct,-0.00014324387
70,43,gen_fuel_other_renewables_pct,0.00014000417
70,44,solar_generation_mw,4.229178e-05
70,45,gen_fuel_hydro_mw,-0.00032428672
70,46,net_inadv_interchange_mw,0.04422081
70,47,gen_fuel_solar_mw,-0.00012850633
71,1,net_sched_interchange_mw,0.97782266
71,2,gen_fuel_coal_mw,0.00016977367
71,3,da_as_total_mw_thirty_minutes_reserve,7.035675e-05
71,4,gross_sched_interchange_mw,-0.00022757317
71,5,gen_fuel_nuclear_mw,8.395771e-05
71,6,da_as_as_req_mw_primary_reserve,-0.00017420333
71,7,da_as_as_req_mw_synchronized_reserve,-0.00014260516
71,8,da_as_total_mw_primary_reserve,-2.8212253e-06
71,9,da_as_total_mw_synchronized_reserve,-4.3527456e-05
71,10,gen_fuel_other_renewables_mw,0.0003098163
71,11,gen_fuel_multiple_fuels_mw,1.2436907e-05
71,12,system_energy_price_da,-1.091756e-05
71,13,gen_fuel_storage_mw,-0.000114879156
71,14,forecast_load_mw_day_ahead,1.6440412e-05
71,15,gen_fuel_gas_mw,-0.00012909304
71,16,total_gen,-1.8333325e-05
71,17,gen_fuel_wind_mw,0.00014148465
71,18,wind_generation_mw,-7.878971e-05
71,19,da_as_as_req_mw_thirty_minutes_reserve,0.00019767239
71,20,gen_fuel_multiple_fuels_pct,1.9698782e-06
71,21,total_lmp_da,-7.282473e-05
71,22,system_energy_price_rt,0.00013726033
71,23,total_lmp_rt,-0.00012716353
71,24,da_as_mcp_synchronized_reserve,-3.8478363e-05
71,25,da_as_mcp_primary_reserve,0.0002036362
71,26,marginal_loss_price_rt,-0.0001550638
71,27,gen_fuel_gas_pct,0.00028641213
71,28,marginal_loss_price_da,0.00013960591
71,29,gen_fuel_wind_pct,0.0002842335
71,30,metered_load_mw,-8.53555e-06
71,31,gross_inadv_interchange_mw,-4.542478e-05
71,32,gen_fuel_nuclear_pct,5.6449222e-05
71,33,congestion_price_da,-0.00010095315
71,34,congestion_price_rt,0.00039625374
71,35,forecast_load_mw_latest_available,-2.4437268e-05
71,36,prelim_load_avg_hourly,0.00017486264
71,37,gross_actual_interchange_mw,-5.287555e-05
71,38,total_losses,-5.4202523e-05
71,39,gen_fuel_oil_mw,0.00011631765
71,40,da_as_ss_mw_primary_reserve,-6.929753e-06
71,41,da_as_nsr_mw_primary_reserve,-0.00013700404
71,42,gen_fuel_coal_pct,2.713452e-06
71,43,gen_fuel_other_renewables_pct,-6.213329e-05
71,44,solar_generation_mw,0.00034943604
71,45,gen_fuel_hydro_mw,4.098076e-05
71,46,net_inadv_interchange_mw,0.043463342
71,47,gen_fuel_solar_mw,-6.2789935e-05
72,1,net_sched_interchange_mw,0.972203
72,2,gen_fuel_coal_mw,-8.37371e-06
72,3,da_as_total_mw_thirty_minutes_reserve,8.8118395e-05
72,4,gross_sched_interchange_mw,0.00030581476
72,5,gen_fuel_nuclear_mw,-0.00027548237
72,6,da_as_as_req_mw_primary_reserve,8.117084e-05
72,7,da_as_as_req_mw_synchronized_reserve,-0.00041507444
72,8,da_as_total_mw_primary_reserve,9.93615e-05
72,9,da_as_total_mw_synchronized_reserve,-0.00015330242
72,10,gen_fuel_other_renewables_mw,-0.00013915612
72,11,gen_fuel_multiple_fuels_mw,4.161186e-05
72,12,system_energy_price_da,0.00011961169
72,13,gen_fuel_storage_mw,-5.4468073e-06
72,14,forecast_load_mw_day_ahead,6.0821592e-05
72,15,gen_fuel_gas_mw,6.977374e-05
72,16,total_gen,0.0001185506
72,17,gen_fuel_wind_mw,-0.0001695371
72,18,wind_generation_mw,-0.00018825095
72,19,da_as_as_req_mw_thirty_minutes_reserve,-3.5106103e-05
72,20,gen_fuel_multiple_fuels_pct,9.784112e-05
72,21,total_lmp_da,-4.7866037e-05
72,22,system_energy_price_rt,-0.00019346896
72,23,total_lmp_rt,-0.00014066233
72,24,da_as_mcp_synchronized_reserve,3.478365e-05
72,25,da_as_mcp_primary_reserve,0.00019209745
72,26,marginal_loss_price_rt,6.004222e-06
72,27,gen_fuel_gas_pct,8.75512e-06
72,28,marginal_loss_price_da,5.2069954e-05
72,29,gen_fuel_wind_pct,0.00015945318
72,30,metered_load_mw,-0.00026848895
72,31,gross_inadv_interchange_mw,7.616837e-05
72,32,gen_fuel_nuclear_pct,-4.636024e-05
72,33,congestion_price_da,0.00016258543
72,34,congestion_price_rt,0.00010239924
72,35,forecast_load_mw_latest_available,-0.00018236387
72,36,prelim_load_avg_hourly,-0.00014057345
72,37,gross_actual_interchange_mw,0.00013609706
72,38,total_losses,4.901194e-07
72,39,gen_fuel_oil_mw,-0.00017367379
72,40,da_as_ss_mw_primary_reserve,-5.5646193e-05
72,41,da_as_nsr_mw_primary_reserve,-0.00031909582
72,42,gen_fuel_coal_pct,0.00013852856
72,43,gen_fuel_other_renewables_pct,-2.3055123e-05
72,44,solar_generation_mw,-1.9413696e-05
72,45,gen_fuel_hydro_mw,4.6447327e-05
72,46,net_inadv_interchange_mw,0.04252455
72,47,gen_fuel_solar_mw,0.00016764093
73,1,net_sched_interchange_mw,0.96612424
73,2,gen_fuel_coal_mw,7.866558e-05
73,3,da_as_total_mw_thirty_minutes_reserve,-6.399848e-05
73,4,gross_sched_interchange_mw,-0.00017684844
73,5,gen_fuel_nuclear_mw,-0.00021380589
73,6,da_as_as_req_mw_primary_reserve,5.9649687e-05
73,7,da_as_as_req_mw_synchronized_reserve,3.336933e-05
73,8,da_as_total_mw_primary_reserve,-7.202805e-05
73,9,da_as_total_mw_synchronized_reserve,-4.217096e-05
73,10,gen_fuel_other_renewables_mw,-0.0001422734
73,11,gen_fuel_multiple_fuels_mw,-0.00010431225
73,12,system_energy_price_da,0.00021630104
73,13,gen_fuel_storage_mw,-0.00014732414
73,14,forecast_load_mw_day_ahead,7.4664495e-05
73,15,gen_fuel_gas_mw,-0.00012113569
73,16,total_gen,0.0001137444
73,17,gen_fuel_wind_mw,0.00013511117
73,18,wind_generation_mw,-3.8526992e-05
73,19,da_as_as_req_mw_thirty_minutes_reserve,6.67445e-05
73,20,gen_fuel_multiple_fuels_pct,3.524265e-05
73,21,total_lmp_da,-4.2907326e-05
73,22,system_energy_price_rt,0.000104307
73,23,total_lmp_rt,-0.00028910956
73,24,da_as_mcp_synchronized_reserve,-2.730632e-05
73,25,da_as_mcp_primary_reserve,0.0001532619
73,26,marginal_loss_price_rt,-0.00012984185
73,27,gen_fuel_gas_pct,2.8311173e-05
73,28,marginal_loss_price_da,-2.617031e-06
73,29,gen_fuel_wind_pct,0.00022085437
73,30,metered_load_mw,-0.00010540974
73,31,gross_inadv_interchange_mw,-4.8274494e-05
73,32,gen_fuel_nuclear_pct,7.8819496e-05
73,33,congestion_price_da,-9.0904665e-05
73,34,congestion_price_rt,-8.5459236e-05
73,35,forecast_load_mw_latest_available,1.0769461e-05
73,36,prelim_load_avg_hourly,-4.7698275e-05
73,37,gross_actual_interchange_mw,-2.2361186e-05
73,38,total_losses,-0.0002513338
73,39,gen_fuel_oil_mw,-0.00011263686
73,40,da_as_ss_mw_primary_reserve,8.9952766e-05
73,41,da_as_nsr_mw_primary_reserve,3.3765413e-05
73,42,gen_fuel_coal_pct,-8.193892e-06
73,43,gen_fuel_other_renewables_pct,0.00016142582
73,44,solar_generation_mw,0.0001412293
73,45,gen_fuel_hydro_mw,0.00015741272
73,46,net_inadv_interchange_mw,0.040460818
73,47,gen_fuel_solar_mw,-9.867366e-05
74,1,net_sched_interchange_mw,0.95990986
74,2,gen_fuel_coal_mw,0.0002818533
74,3,da_as_total_mw_thirty_minutes_reserve,-0.00029813385
74,4,gross_sched_interchange_mw,-0.00036450708
74,5,gen_fuel_nuclear_mw,5.0779403e-05
74,6,da_as_as_req_mw_primary_reserve,-2.968641e-05
74,7,da_as_as_req_mw_synchronized_reserve,-0.00019881922
74,8,da_as_total_mw_primary_reserve,-0.00013143336
74,9,da_as_total_mw_synchronized_reserve,0.00033166682
74,10,gen_fuel_other_renewables_mw,0.0001382237
74,11,gen_fuel_multiple_fuels_mw,-0.00017506778
74,12,system_energy_price_da,0.00014911036
74,13,gen_fuel_storage_mw,-9.890322e-05
74,14,forecast_load_mw_day_ahead,-3.1300908e-05
74,15,gen_fuel_gas_mw,-2.2709806e-05
74,16,total_gen,6.852488e-06
74,17,gen_fuel_wind_mw,0.00011864659
74,18,wind_generation_mw,-7.131761e-05
74,19,da_as_as_req_mw_thirty_minutes_reserve,2.5209702e-05
74,20,gen_fuel_multiple_fuels_pct,3.6546247e-05
74,21,total_lmp_da,0.00013263214
74,22,system_energy_price_rt,0.000101194724
74,23,total_lmp_rt,1.1921264e-05
74,24,da_as_mcp_synchronized_reserve,-4.1775635e-05
74,25,da_as_mcp_primary_reserve,0.000104366765
74,26,marginal_loss_price_rt,-3.0821146e-05
74,27,gen_fuel_gas_pct,9.304971e-05
74,28,marginal_loss_price_da,-0.000110759516
74,29,gen_fuel_wind_pct,-0.0001517148
74,30,metered_load_mw,-0.00010808459
74,31,gross_inadv_interchange_mw,0.00018516941
74,32,gen_fuel_nuclear_pct,-0.00029747462
74,33,congestion_price_da,-0.00011459489
74,34,congestion_price_rt,-4.609119e-06
74,35,forecast_load_mw_latest_available,0.0001252516
74,36,prelim_load_avg_hourly,9.520179e-05
74,37,gross_actual_interchange_mw,-7.388083e-05
74,38,total_losses,9.929188e-05
74,39,gen_fuel_oil_mw,0.00013706455
74,40,da_as_ss_mw_primary_reserve,-0.00011848583
74,41,da_as_nsr_mw_primary_reserve,3.458387e-05
74,42,gen_fuel_coal_pct,-0.00012406867
74,43,gen_fuel_other_renewables_pct,-5.3043223e-05
74,44,solar_generation_mw,0.00016562265
74,45,gen_fuel_hydro_mw,0.00011095889
74,46,net_inadv_interchange_mw,0.039435934
74,47,gen_fuel_solar_mw,-0.0001263908
75,1,net_sched_interchange_mw,0.95329976
75,2,gen_fuel_coal_mw,1.0251992e-05
75,3,da_as_total_mw_thirty_minutes_reserve,-0.00014716544
75,4,gross_sched_interchange_mw,0.0002017715
75,5,gen_fuel_nuclear_mw,-1.3401379e-05
75,6,da_as_as_req_mw_primary_reserve,-0.00022346555
75,7,da_as_as_req_mw_synchronized_reserve,-4.3855605e-05
75,8,da_as_total_mw_primary_reserve,0.00014155201
75,9,da_as_total_mw_synchronized_reserve,-0.00010278053
75,10,gen_fuel_other_renewables_mw,-1.62324e-05
75,11,gen_fuel_multiple_fuels_mw,8.771966e-05
75,12,system_energy_price_da,0.00014930677
75,13,gen_fuel_storage_mw,-0.0002805002
75,14,forecast_load_mw_day_ahead,3.812e-05
75,15,gen_fuel_gas_mw,0.00028825583
75,16,total_gen,-0.00028777617
75,17,gen_fuel_wind_mw,-0.00014715176
75,18,wind_generation_mw,0.00019514278
75,19,da_as_as_req_mw_thirty_minutes_reserve,5.1682e-05
75,20,gen_fuel_multiple_fuels_pct,6.51436e-05
75,21,total_lmp_da,-6.865956e-05
75,22,system_energy_price_rt,6.2191626e-05
75,23,total_lmp_rt,3.5102956e-05
75,24,da_as_mcp_synchronized_reserve,-0.0002988609
75,25,da_as_mcp_primary_reserve,8.490023e-05
75,26,marginal_loss_price_rt,0.000104427505
75,27,gen_fuel_gas_pct,0.00018927778
75,28,marginal_loss_price_da,-0.00013137097
75,29,gen_fuel_wind_pct,-0.00031563028
75,30,metered_load_mw,0.00015265832
75,31,gross_inadv_interchange_mw,0.00027061102
75,32,gen_fuel_nuclear_pct,7.1569186e-05
75,33,congestion_price_da,0.00016337418
75,34,congestion_price_rt,6.720691e-05
75,35,forecast_load_mw_latest_available,0.00012392417
75,36,prelim_load_avg_hourly,-5.45359e-05
75,37,gross_actual_interchange_mw,-0.0002031688
75,38,total_losses,5.2721043e-06
75,39,gen_fuel_oil_mw,-1.184475e-06
75,40,da_as_ss_mw_primary_reserve,-3.747028e-05
75,41,da_as_nsr_mw_primary_reserve,-0.0001380532
75,42,gen_fuel_coal_pct,0.00013502725
75,43,gen_fuel_other_renewables_pct,0.00012348316
75,44,solar_generation_mw,-9.970977e-05
75,45,gen_fuel_hydro_mw,0.0002240581
75,46,net_inadv_interchange_mw,0.03854558
75,47,gen_fuel_solar_mw,-3.8797698e-05
76,1,net_sched_interchange_mw,0.9464116
76,2,gen_fuel_coal_mw,-7.020775e-05
76,3,da_as_total_mw_thirty_minutes_reserve,-0.00016723557
76,4,gross_sched_interchange_mw,9.467551e-05
76,5,gen_fuel_nuclear_mw,0.00014077604
76,6,da_as_as_req_mw_primary_reserve,1.9751627e-05
76,7,da_as_as_req_mw_synchronized_reserve,-1.393821e-05
76,8,da_as_total_mw_primary_reserve,-4.9679693e-05
76,9,da_as_total_mw_synchronized_reserve,-0.00011614349
76,10,gen_fuel_other_renewables_mw,0.00013585566
76,11,gen_fuel_multiple_fuels_mw,-0.00023981041
76,12,system_energy_price_da,-0.00022365578
76,13,gen_fuel_storage_mw,8.3206425e-05
76,14,forecast_load_mw_day_ahead,-6.877004e-05
76,15,gen_fuel_gas_mw,-0.00010305976
76,16,total_gen,-3.075059e-05
76,17,gen_fuel_wind_mw,-0.00018231696
76,18,wind_generation_mw,0.00032433876
76,19,da_as_as_req_mw_thirty_minutes_reserve,-6.83806e-05
76,20,gen_fuel_multiple_fuels_pct,-0.00014724878
76,21,total_lmp_da,-9.052126e-05
76,22,system_energy_price_rt,-4.304704e-05
76,23,total_lmp_rt,5.992659e-05
76,24,da_as_mcp_synchronized_reserve,7.629277e-05
76,25,da_as_mcp_primary_reserve,-0.00019230848
76,26,marginal_loss_price_rt,0.00044231024
76,27,gen_fuel_gas_pct,0.00023456532
76,28,marginal_loss_price_da,-0.00023711423
76,29,gen_fuel_wind_pct,-0.00010276445
76,30,metered_load_mw,-7.135396e-05
76,31,gross_inadv_interchange_mw,8.855968e-05
76,32,gen_fuel_nuclear_pct,0.00020391739
76,33,congestion_price_da,9.910746e-05
76,34,congestion_price_rt,1.3840632e-05
76,35,forecast_load_mw_latest_available,5.582683e-05
76,36,prelim_load_avg_hourly,0.00022382806
76,37,gross_actual_interchange_mw,0.00012512386
76,38,total_losses,-0.00021867205
76,39,gen_fuel_oil_mw,-8.623169e-05
76,40,da_as_ss_mw_primary_reserve,-7.4731506e-06
76,41,da_as_nsr_mw_primary_reserve,-0.00010674136
76,42,gen_fuel_coal_pct,0.00018548235
76,43,gen_fuel_other_renewables_pct,-0.0002646078
76,44,solar_generation_mw,0.00011064127
76,45,gen_fuel_hydro_mw,0.00037080827
76,46,net_inadv_interchange_mw,0.036883656
76,47,gen_fuel_solar_mw,9.474548e-06
77,1,net_sched_interchange_mw,0.94036144
77,2,gen_fuel_coal_mw,0.00022891094
77,3,da_as_total_mw_thirty_minutes_reserve,-0.0003155886
77,4,gross_sched_interchange_mw,0.00011789126
77,5,gen_fuel_nuclear_mw,-0.00012278183
77,6,da_as_as_req_mw_primary_reserve,6.3166364e-05
77,7,da_as_as_req_mw_synchronized_reserve,0.0002611017
77,8,da_as_total_mw_primary_reserve,0.00011353166
77,9,da_as_total_mw_synchronized_reserve,0.00024930947
77,10,gen_fuel_other_renewables_mw,0.00015343369
77,11,gen_fuel_multiple_fuels_mw,-9.21899e-05
77,12,system_energy_price_da,0.00017411058
77,13,gen_fuel_storage_mw,-0.000103564445
77,14,forecast_load_mw_day_ahead,3.273919e-05
77,15,gen_fuel_gas_mw,-4.6689387e-05
77,16,total_gen,-0.00019642492
77,17,gen_fuel_wind_mw,0.0003722782
77,18,wind_generation_mw,0.0001261076
77,19,da_as_as_req_mw_thirty_minutes_reserve,-8.163416e-05
77,20,gen_fuel_multiple_fuels_pct,8.1938626e-05
77,21,total_lmp_da,0.00014937558
77,22,system_energy_price_rt,-0.00011493356
77,23,total_lmp_rt,0.00023255001
77,24,da_as_mcp_synchronized_reserve,-0.0001032687
77,25,da_as_mcp_primary_reserve,1.1720491e-05
77,26,marginal_loss_price_rt,0.00020475722
77,27,gen_fuel_gas_pct,-9.499601e-05
77,28,marginal_loss_price_da,-5.211001e-05
77,29,gen_fuel_wind_pct,-7.670268e-05
77,30,metered_load_mw,5.6619825e-05
77,31,gross_inadv_interchange_mw,4.3552398e-05
77,32,gen_fuel_nuclear_pct,-0.00020437487
77,33,congestion_price_da,-0.0002584443
77,34,congestion_price_rt,0.00027528655
77,35,forecast_load_mw_latest_available,-0.0001677651
77,36,prelim_load_avg_hourly,-0.0002303764
77,37,gross_actual_interchange_mw,-0.00031179475
77,38,total_losses,-0.00014321815
77,39,gen_fuel_oil_mw,0.00014891257
77,40,da_as_ss_mw_primary_reserve,-6.328272e-05
77,41,da_as_nsr_mw_primary_reserve,-0.00021681556
77,42,gen_fuel_coal_pct,0.00014230364
77,43,gen_fuel_other_renewables_pct,-0.00020702988
77,44,solar_generation_mw,0.000103235405
77,45,gen_fuel_hydro_mw,-5.4978373e-06
77,46,net_inadv_interchange_mw,0.036162887
77,47,gen_fuel_solar_mw,0.00020052219
78,1,net_sched_interchange_mw,0.93395823
78,2,gen_fuel_coal_mw,0.00011353202
78,3,da_as_total_mw_thirty_minutes_reserve,0.00023242983
78,4,gross_sched_interchange_mw,-3.060999e-05
78,5,gen_fuel_nuclear_mw,0.00018612125
78,6,da_as_as_req_mw_primary_reserve,0.0003366422
78,7,da_as_as_req_mw_synchronized_reserve,-0.0002708735
78,8,da_as_total_mw_primary_reserve,3.9311795e-05
78,9,da_as_total_mw_synchronized_reserve,1.4366571e-05
78,10,gen_fuel_other_renewables_mw,0.00021364613
78,11,gen_fuel_multiple_fuels_mw,-6.4054424e-05
78,12,system_energy_price_da,-0.00016481255
78,13,gen_fuel_storage_mw,1.660094e-05
78,14,forecast_load_mw_day_ahead,-0.00010966054
78,15,gen_fuel_gas_mw,-0.00026937725
78,16,total_gen,0.00012223085
78,17,gen_fuel_wind_mw,-0.00012594767
78,18,wind_generation_mw,9.022114e-05
78,19,da_as_as_req_mw_thirty_minutes_reserve,0.00016285008
78,20,gen_fuel_multiple_fuels_pct,-2.3080356e-06
78,21,total_lmp_da,0.00014950117
78,22,system_energy_price_rt,0.00014508735
78,23,total_lmp_rt,9.2992326e-05
78,24,da_as_mcp_synchronized_reserve,0.00020204077
78,25,da_as_mcp_primary_reserve,-0.00012653592
78,26,marginal_loss_price_rt,0.0001654431
78,27,gen_fuel_gas_pct,0.00024291148
78,28,marginal_loss_price_da,0.00011422981
78,29,gen_fuel_wind_pct,-0.00011628555
78,30,metered_load_mw,2.0406093e-05
78,31,gross_inadv_interchange_mw,7.989633e-05
78,32,gen_fuel_nuclear_pct,-3.634261e-05
78,33,congestion_price_da,0.00011988628
78,34,congestion_price_rt,-6.504324e-06
78,35,forecast_load_mw_latest_available,0.00017579472
78,36,prelim_load_avg_hourly,5.9290287e-05
78,37,gross_actual_interchange_mw,6.7273875e-05
78,38,total_losses,-2.4671906e-05
78,39,gen_fuel_oil_mw,8.1249804e-05
78,40,da_as_ss_mw_primary_reserve,-9.4271505e-05
78,41,da_as_nsr_mw_primary_reserve,0.00016823283
78,42,gen_fuel_coal_pct,-0.00035151196
78,43,gen_fuel_other_renewables_pct,0.0002133412
78,44,solar_generation_mw,-0.0001034865
78,45,gen_fuel_hydro_mw,0.00014062003
78,46,net_inadv_interchange_mw,0.03550994
78,47,gen_fuel_solar_mw,8.352683e-06
79,1,net_sched_interchange_mw,0.92722875
79,2,gen_fuel_coal_mw,-8.859749e-05
79,3,da_as_total_mw_thirty_minutes_reserve,0.0001974265
79,4,gross_sched_interchange_mw,2.2513865e-05
79,5,gen_fuel_nuclear_mw,-6.607127e-05
79,6,da_as_as_req_mw_primary_reserve,2.2304768e-05
79,7,da_as_as_req_mw_synchronized_reserve,0.0005233746
79,8,da_as_total_mw_primary_reserve,2.4674373e-05
79,9,da_as_total_mw_synchronized_reserve,-6.682473e-05
79,10,gen_fuel_other_renewables_mw,0.0001888704
79,11,gen_fuel_multiple_fuels_mw,-0.00014751632
79,12,system_energy_price_da,9.9405515e-06
79,13,gen_fuel_storage_mw,-5.159955e-05
79,14,forecast_load_mw_day_ahead,-0.00021444276
79,15,gen_fuel_gas_mw,-0.00041645512
79,16,total_gen,5.6022785e-05
79,17,gen_fuel_wind_mw,-3.3051823e-05
79,18,wind_generation_mw,1.9276442e-05
79,19,da_as_as_req_mw_thirty_minutes_reserve,6.984063e-05
79,20,gen_fuel_multiple_fuels_pct,-2.884039e-05
79,21,total_lmp_da,-5.5397095e-06
79,22,system_energy_price_rt,-5.568183e-06
79,23,total_lmp_rt,0.00017883728
79,24,da_as_mcp_synchronized_reserve,0.00022959427
79,25,da_as_mcp_primary_reserve,-0.00010637331
79,26,marginal_loss_price_rt,0.00037273986
79,27,gen_fuel_gas_pct,-0.0001064412
79,28,marginal_loss_price_da,-0.00012919749
79,29,gen_fuel_wind_pct,8.061255e-05
79,30,metered_load_mw,-5.0728988e-05
79,31,gross_inadv_interchange_mw,-7.577435e-06
79,32,gen_fuel_nuclear_pct,-0.00021726696
79,33,congestion_price_da,9.533428e-05
79,34,congestion_price_rt,1.4343666e-05
79,35,forecast_load_mw_latest_available,0.00017044376
79,36,prelim_load_avg_hourly,-5.686595e-05
79,37,gross_actual_interchange_mw,-8.823273e-05
79,38,total_losses,0.00014153359
79,39,gen_fuel_oil_mw,0.00026719618
79,40,da_as_ss_mw_primary_reserve,-0.00032259672
79,41,da_as_nsr_mw_primary_reserve,9.211583e-05
79,42,gen_fuel_coal_pct,5.691094e-05
79,43,gen_fuel_other_renewables_pct,0.00016315734
79,44,solar_generation_mw,-6.76834e-05
79,45,gen_fuel_hydro_mw,0.00021499745
79,46,net_inadv_interchange_mw,0.034249667
79,47,gen_fuel_solar_mw,8.007987e-05
80,1,net_sched_interchange_mw,0.92044324
80,2,gen_fuel_coal_mw,0.00010558043
80,3,da_as_total_mw_thirty_minutes_reserve,-0.00017404574
80,4,gross_sched_interchange_mw,-0.00021940065
80,5,gen_fuel_nuclear_mw,-0.00015619738
80,6,da_as_as_req_mw_primary_reserve,6.3083775e-05
80,7,da_as_as_req_mw_synchronized_reserve,0.00018377788
80,8,da_as_total_mw_primary_reserve,-0.0002950107
80,9,da_as_total_mw_synchronized_reserve,6.1027138e-05
80,10,gen_fuel_other_renewables_mw,0.0002387415
80,11,gen_fuel_multiple_fuels_mw,-4.817016e-05
80,12,system_energy_price_da,-0.000400996
80,13,gen_fuel_storage_mw,1.5916343e-05
80,14,forecast_load_mw_day_ahead,-0.00013783839
80,15,gen_fuel_gas_mw,0.0002144066
80,16,total_gen,1.2638957e-05
80,17,gen_fuel_wind_mw,-0.0002808114
80,18,wind_generation_mw,-1.0679005e-05
80,19,da_as_as_req_mw_thirty_minutes_reserve,-0.00027929872
80,20,gen_fuel_multiple_fuels_pct,-4.8464564e-05
80,21,total_lmp_da,0.0001447895
80,22,system_energy_price_rt,1.0137999e-05
80,23,total_lmp_rt,-5.2468262e-05
80,24,da_as_mcp_synchronized_reserve,-0.00029463926
80,25,da_as_mcp_primary_reserve,0.00017492568
80,26,marginal_loss_price_rt,-0.000106962674
80,27,gen_fuel_gas_pct,8.618192e-05
80,28,marginal_loss_price_da,-8.472733e-06
80,29,gen_fuel_wind_pct,-1.0049494e-05
80,30,metered_load_mw,-0.0001573372
80,31,gross_inadv_interchange_mw,4.236376e-05
80,32,gen_fuel_nuclear_pct,-0.00018599996
80,33,congestion_price_da,0.00021219367
80,34,congestion_price_rt,-0.0002896481
80,35,forecast_load_mw_latest_available,4.3541328e-05
80,36,prelim_load_avg_hourly,3.8642025e-05
80,37,gross_actual_interchange_mw,-0.00012576488
80,38,total_losses,0.00013938916
80,39,gen_fuel_oil_mw,0.00011492014
80,40,da_as_ss_mw_primary_reserve,9.410257e-05
80,41,da_as_nsr_mw_primary_reserve,-3.843858e-05
80,42,gen_fuel_coal_pct,-0.0001563227
80,43,gen_fuel_other_renewables_pct,8.0545244e-05
80,44,solar_generation_mw,-9.831411e-05
80,45,gen_fuel_hydro_mw,-0.0001913932
80,46,net_inadv_interchange_mw,0.033040315
80,47,gen_fuel_solar_mw,-8.822797e-06
81,1,net_sched_interchange_mw,0.9132027
81,2,gen_fuel_coal_mw,-0.00032034743
81,3,da_as_total_mw_thirty_minutes_reserve,0.000118756594
81,4,gross_sched_interchange_mw,0.00014216008
81,5,gen_fuel_nuclear_mw,0.00014255312
81,6,da_as_as_req_mw_primary_reserve,-9.869659e-05
81,7,da_as_as_req_mw_synchronized_reserve,-0.00013423458
81,8,da_as_total_mw_primary_reserve,-0.00012583823
81,9,da_as_total_mw_synchronized_reserve,4.2999793e-05
81,10,gen_fuel_other_renewables_mw,3.572937e-05
81,11,gen_fuel_multiple_fuels_mw,-0.00019585012
81,12,system_energy_price_da,9.18141e-05
81,13,gen_fuel_storage_mw,6.106774e-05
81,14,forecast_load_mw_day_ahead,-5.028601e-07
81,15,gen_fuel_gas_mw,-0.00015827079
81,16,total_gen,3.2826174e-06
81,17,gen_fuel_wind_mw,0.00020706454
81,18,wind_generation_mw,0.000110294684
81,19,da_as_as_req_mw_thirty_minutes_reserve,-0.00013089254
81,20,gen_fuel_multiple_fuels_pct,-8.272292e-05
81,21,total_lmp_da,-0.00026602347
81,22,system_energy_price_rt,0.00014534185
81,23,total_lmp_rt,6.988422e-05
81,24,da_as_mcp_synchronized_reserve,-0.0003741063
81,25,da_as_mcp_primary_reserve,1.4073317e-05
81,26,marginal_loss_price_rt,0.0002077859
81,27,gen_fuel_gas_pct,-1.6791455e-07
81,28,marginal_loss_price_da,4.350611e-05
81,29,gen_fuel_wind_pct,-0.00013448668
81,30,metered_load_mw,9.351318e-05
81,31,gross_inadv_interchange_mw,9.567899e-05
81,32,gen_fuel_nuclear_pct,0.00010620163
81,33,congestion_price_da,0.00011391311
81,34,congestion_price_rt,-0.00012274303
81,35,forecast_load_mw_latest_available,-0.00037121424
81,36,prelim_load_avg_hourly,9.050605e-05
81,37,gross_actual_interchange_mw,0.00014350744
81,38,total_losses,-9.718807e-05
81,39,gen_fuel_oil_mw,-0.00010542639
81,40,da_as_ss_mw_primary_reserve,3.907052e-05
81,41,da_as_nsr_mw_primary_reserve,-0.00017459423
81,42,gen_fuel_coal_pct,1.551015e-05
81,43,gen_fuel_other_renewables_pct,4.3711843e-05
81,44,solar_generation_mw,0.00028917135
81,45,gen_fuel_hydro_mw,-6.726524e-05
81,46,net_inadv_interchange_mw,0.03234086
81,47,gen_fuel_solar_mw,0.00010961345
82,1,net_sched_interchange_mw,0.9071912
82,2,gen_fuel_coal_mw,7.323872e-05
82,3,da_as_total_mw_thirty_minutes_reserve,-0.00042070268
82,4,gross_sched_interchange_mw,-9.1396505e-05
82,5,gen_fuel_nuclear_mw,2.1608794e-05
82,6,da_as_as_req_mw_primary_reserve,0.0002569155
82,7,da_as_as_req_mw_synchronized_reserve,0.00023241303
82,8,da_as_total_mw_primary_reserve,3.3484663e-05
82,9,da_as_total_mw_synchronized_reserve,6.350536e-05
82,10,gen_fuel_other_renewables_mw,-0.000111749396
82,11,gen_fuel_multiple_fuels_mw,-0.00012034976
82,12,system_energy_price_da,-3.9524162e-05
82,13,gen_fuel_storage_mw,-0.00025839923
82,14,forecast_load_mw_day_ahead,3.2367992e-05
82,15,gen_fuel_gas_mw,-0.00028708685
82,16,total_gen,-0.00026497207
82,17,gen_fuel_wind_mw,-3.3909775e-05
82,18,wind_generation_mw,2.7949282e-05
82,19,da_as_as_req_mw_thirty_minutes_reserve,-2.3887857e-05
82,20,gen_fuel_multiple_fuels_pct,-0.00013078941
82,21,total_lmp_da,-3.0144583e-06
82,22,system_energy_price_rt,-4.8197187e-05
82,23,total_lmp_rt,-0.00016748565
82,24,da_as_mcp_synchronized_reserve,3.0355768e-05
82,25,da_as_mcp_primary_reserve,4.040201e-06
82,26,marginal_loss_price_rt,-0.0001277301
82,27,gen_fuel_gas_pct,0.00018837297
82,28,marginal_loss_price_da,-0.00014997217
82,29,gen_fuel_wind_pct,-2.6018046e-05
82,30,metered_load_mw,-0.00014652607
82,31,gross_inadv_interchange_mw,-9.455631e-06
82,32,gen_fuel_nuclear_pct,-0.00011527556
82,33,congestion_price_da,0.00012023088
82,34,congestion_price_rt,-0.00014442767
82,35,forecast_load_mw_latest_available,-4.2421598e-05
82,36,prelim_load_avg_hourly,0.00018012412
82,37,gross_actual_interchange_mw,-5.631899e-05
82,38,total_losses,-0.00011301931
82,39,gen_fuel_oil_mw,6.092734e-05
82,40,da_as_ss_mw_primary_reserve,0.00029375168
82,41,da_as_nsr_mw_primary_reserve,-4.8008966e-05
82,42,gen_fuel_coal_pct,0.00014689709
82,43,gen_fuel_other_renewables_pct,-0.000390154
82,44,solar_generation_mw,-0.00031583957
82,45,gen_fuel_hydro_mw,0.00014702114
82,46,net_inadv_interchange_mw,0.03213865
82,47,gen_fuel_solar_mw,-6.034221e-05
83,1,net_sched_interchange_mw,0.90163374
83,2,gen_fuel_coal_mw,0.00010658942
83,3,da_as_total_mw_thirty_minutes_reserve,-7.900392e-05
83,4,gross_sched_interchange_mw,0.00022619987
83,5,gen_fuel_nuclear_mw,5.2804076e-05
83,6,da_as_as_req_mw_primary_reserve,-1.0865173e-05
83,7,da_as_as_req_mw_synchronized_reserve,-6.8343434e-05
83,8,da_as_total_mw_primary_reserve,-4.1165746e-05
83,9,da_as_total_mw_synchronized_reserve,0.00019321291
83,10,gen_fuel_other_renewables_mw,-0.000104757084
83,11,gen_fuel_multiple_fuels_mw,-2.6061703e-05
83,12,system_energy_price_da,-0.0001190484
83,13,gen_fuel_storage_mw,2.458584e-05
83,14,forecast_load_mw_day_ahead,3.8233586e-05
83,15,gen_fuel_gas_mw,-0.00018083896
83,16,total_gen,-0.00012612977
83,17,gen_fuel_wind_mw,4.4174394e-05
83,18,wind_generation_mw,-9.223122e-05
83,19,da_as_as_req_mw_thirty_minutes_reserve,4.1950785e-05
83,20,gen_fuel_multiple_fuels_pct,-5.3745265e-05
83,21,total_lmp_da,1.0260421e-05
83,22,system_energy_price_rt,-4.5086737e-05
83,23,total_lmp_rt,-0.00011098279
83,24,da_as_mcp_synchronized_reserve,0.00012205381
83,25,da_as_mcp_primary_reserve,1.5216066e-05
83,26,marginal_loss_price_rt,-9.302952e-06
83,27,gen_fuel_gas_pct,0.00017763334
83,28,marginal_loss_price_da,0.00012346158
83,29,gen_fuel_wind_pct,-9.28876e-06
83,30,metered_load_mw,0.00010248645
83,31,gross_inadv_interchange_mw,-4.7055873e-06
83,32,gen_fuel_nuclear_pct,0.00020365448
83,33,congestion_price_da,1.7162638e-05
83,34,congestion_price_rt,-0.00015384846
83,35,forecast_load_mw_latest_available,-0.0001865132
83,36,prelim_load_avg_hourly,0.00018764783
83,37,gross_actual_interchange_mw,0.00038716517
83,38,total_losses,0.00010689038
83,39,gen_fuel_oil_mw,9.37365e-05
83,40,da_as_ss_mw_primary_reserve,0.00015405989
83,41,da_as_nsr_mw_primary_reserve,1.4943922e-05
83,42,gen_fuel_coal_pct,-1.9288258e-05
83,43,gen_fuel_other_renewables_pct,0.00025462644
83,44,solar_generation_mw,4.8209444e-05
83,45,gen_fuel_hydro_mw,0.0002436798
83,46,net_inadv_interchange_mw,0.03125352
83,47,gen_fuel_solar_mw,-1.987168e-05
84,1,net_sched_interchange_mw,0.895668
84,2,gen_fuel_coal_mw,-0.00010192701
84,3,da_as_total_mw_thirty_minutes_reserve,-0.0001286673
84,4,gross_sched_interchange_mw,7.7067685e-05
84,5,gen_fuel_nuclear_mw,7.187769e-05
84,6,da_as_as_req_mw_primary_reserve,-8.939805e-06
84,7,da_as_as_req_mw_synchronized_reserve,-5.626043e-07
84,8,da_as_total_mw_primary_reserve,5.8048478e-05
84,9,da_as_total_mw_synchronized_reserve,0.00012692745
84,10,gen_fuel_other_renewables_mw,-2.884307e-05
84,11,gen_fuel_multiple_fuels_mw,6.625664e-05
84,12,system_energy_price_da,-3.956373e-05
84,13,gen_fuel_storage_mw,3.063025e-05
84,14,forecast_load_mw_day_ahead,-7.726642e-05
84,15,gen_fuel_gas_mw,-0.00018660426
84,16,total_gen,7.2214316e-05
84,17,gen_fuel_wind_mw,-0.0001745527
84,18,wind_generation_mw,-9.807692e-05
84,19,da_as_as_req_mw_thirty_minutes_reserve,4.1438892e-05
84,20,gen_fuel_multiple_fuels_pct,-3.6569236e-05
84,21,total_lmp_da,5.6138273e-05
84,22,system_energy_price_rt,-2.5351066e-05
84,23,total_lmp_rt,-0.00012275047
84,24,da_as_mcp_synchronized_reserve,8.0355494e-07
84,25,da_as_mcp_primary_reserve,-9.30908e-05
84,26,marginal_loss_price_rt,-0.00012327911
84,27,gen_fuel_gas_pct,7.7999044e-05
84,28,marginal_loss_price_da,-6.450649e-05
84,29,gen_fuel_wind_pct,0.00013344656
84,30,metered_load_mw,0.00010500943
84,31,gross_inadv_interchange_mw,-0.00012773367
84,32,gen_fuel_nuclear_pct,-8.104295e-05
84,33,congestion_price_da,-0.00037922454
84,34,congestion_price_rt,-6.773921e-05
84,35,forecast_load_mw_latest_available,-8.7762346e-05
84,36,prelim_load_avg_hourly,-0.00010311554
84,37,gross_actual_interchange_mw,0.00013744764
84,38,total_losses,0.00016958572
84,39,gen_fuel_oil_mw,-6.658695e-05
84,40,da_as_ss_mw_primary_reserve,4.6076748e-05
84,41,da_as_nsr_mw_primary_reserve,-3.7857353e-05
84,42,gen_fuel_coal_pct,-7.777817e-05
84,43,gen_fuel_other_renewables_pct,-7.127278e-05
84,44,solar_generation_mw,-7.2353723e-06
84,45,gen_fuel_hydro_mw,0.0003075067
84,46,net_inadv_interchange_mw,0.030373799
84,47,gen_fuel_solar_mw,-0.00012315437
85,1,net_sched_interchange_mw,0.88939685
85,2,gen_fuel_coal_mw,7.7803976e-05
85,3,da_as_total_mw_thirty_minutes_reserve,-5.6997174e-05
85,4,gross_sched_interchange_mw,0.0001600957
85,5,gen_fuel_nuclear_mw,1.30108565e-05
85,6,da_as_as_req_mw_primary_reserve,-7.328054e-05
85,7,da_as_as_req_mw_synchronized_reserve,-3.603599e-05
85,8,da_as_total_mw_primary_reserve,-9.312866e-05
85,9,da_as_total_mw_synchronized_reserve,-7.931486e-05
85,10,gen_fuel_other_renewables_mw,0.00011161436
85,11,gen_fuel_multiple_fuels_mw,1.5737187e-05
85,12,system_energy_price_da,-0.00033519545
85,13,gen_fuel_storage_mw,9.336243e-05
85,14,forecast_load_mw_day_ahead,-0.00015988812
85,15,gen_fuel_gas_mw,7.76794e-05
85,16,total_gen,8.487959e-05
85,17,gen_fuel_wind_mw,0.00025720985
85,18,wind_generation_mw,0.0001260987
85,19,da_as_as_req_mw_thirty_minutes_reserve,-0.00013861642
85,20,gen_fuel_multiple_fuels_pct,4.2861517e-05
85,21,total_lmp_da,-3.605437e-06
85,22,system_energy_price_rt,9.058768e-05
85,23,total_lmp_rt,0.00020654868
85,24,da_as_mcp_synchronized_reserve,9.6061776e-05
85,25,da_as_mcp_primary_reserve,-0.00031294694
85,26,marginal_loss_price_rt,9.2702205e-05
85,27,gen_fuel_gas_pct,0.00012834024
85,28,marginal_loss_price_da,-0.00028027286
85,29,gen_fuel_wind_pct,-9.678521e-05
85,30,metered_load_mw,0.00044851197
85,31,gross_inadv_interchange_mw,0.00016579169
85,32,gen_fuel_nuclear_pct,-9.0814385e-05
85,33,congestion_price_da,-7.559449e-05
85,34,congestion_price_rt,3.8722137e-05
85,35,forecast_load_mw_latest_available,1.6500599e-07
85,36,prelim_load_avg_hourly,0.0003118385
85,37,gross_actual_interchange_mw,1.2695775e-05
85,38,total_losses,0.00017568408
85,39,gen_fuel_oil_mw,0.00014636015
85,40,da_as_ss_mw_primary_reserve,-2.3354569e-05
85,41,da_as_nsr_mw_primary_reserve,-5.1356546e-05
85,42,gen_fuel_coal_pct,-0.0002242109
85,43,gen_fuel_other_renewables_pct,0.00010758898
85,44,solar_generation_mw,9.63748e-05
85,45,gen_fuel_hydro_mw,-0.00013736097
85,46,net_inadv_interchange_mw,0.029706223
85,47,gen_fuel_solar_mw,1.64944e-05
86,1,net_sched_interchange_mw,0.8827687
86,2,gen_fuel_coal_mw,-0.00010624167
86,3,da_as_total_mw_thirty_minutes_reserve,-2.5513287e-05
86,4,gross_sched_interchange_mw,-0.00015328167
86,5,gen_fuel_nuclear_mw,0.00017923987
86,6,da_as_as_req_mw_primary_reserve,-0.0002615548
86,7,da_as_as_req_mw_synchronized_reserve,3.188956e-05
86,8,da_as_total_mw_primary_reserve,4.7229278e-05
86,9,da_as_total_mw_synchronized_reserve,9.9144476e-05
86,10,gen_fuel_other_renewables_mw,0.000113136884
86,11,gen_fuel_multiple_fuels_mw,0.00030920378
86,12,system_energy_price_da,-0.0001957299
86,13,gen_fuel_storage_mw,-9.495736e-06
86,14,forecast_load_mw_day_ahead,0.00011822109
86,15,gen_fuel_gas_mw,-0.00015312491
86,16,total_gen,-3.0032399e-05
86,17,gen_fuel_wind_mw,-3.363155e-05
86,18,wind_generation_mw,-4.7958296e-05
86,19,da_as_as_req_mw_thirty_minutes_reserve,0.000105011655
86,20,gen_fuel_multiple_fuels_pct,9.60115e-06
86,21,total_lmp_da,-0.00010002095
86,22,system_energy_price_rt,1.4457539e-05
86,23,total_lmp_rt,8.809382e-05
86,24,da_as_mcp_synchronized_reserve,0.00015414991
86,25,da_as_mcp_primary_reserve,-0.00017094468
86,26,marginal_loss_price_rt,9.1096306e-05
86,27,gen_fuel_gas_pct,-9.481803e-05
86,28,marginal_loss_price_da,6.980232e-05
86,29,gen_fuel_wind_pct,-0.000115097544
86,30,metered_load_mw,5.1483476e-05
86,31,gross_inadv_interchange_mw,-8.319276e-05
86,32,gen_fuel_nuclear_pct,-2.4391353e-05
86,33,congestion_price_da,0.0001392753
86,34,congestion_price_rt,-6.66242e-05
86,35,forecast_load_mw_latest_available,-0.00032838335
86,36,prelim_load_avg_hourly,0.00017195358
86,37,gross_actual_interchange_mw,5.790648e-06
86,38,total_losses,7.2502575e-05
86,39,gen_fuel_oil_mw,-0.00012447158
86,40,da_as_ss_mw_primary_reserve,-0.00010027204
86,41,da_as_nsr_mw_primary_reserve,-0.0002446062
86,42,gen_fuel_coal_pct,-0.00010340458
86,43,gen_fuel_other_renewables_pct,-3.3329256e-05
86,44,solar_generation_mw,-9.848255e-05
86,45,gen_fuel_hydro_mw,-0.00013925202
86,46,net_inadv_interchange_mw,0.028725406
86,47,gen_fuel_solar_mw,0.00010866108
87,1,net_sched_interchange_mw,0.8760503
87,2,gen_fuel_coal_mw,-0.00014443611
87,3,da_as_total_mw_thirty_minutes_reserve,-8.755412e-05
87,4,gross_sched_interchange_mw,0.00020176024
87,5,gen_fuel_nuclear_mw,7.5055825e-05
87,6,da_as_as_req_mw_primary_reserve,-0.00031058153
87,7,da_as_as_req_mw_synchronized_reserve,-0.00013501677
87,8,da_as_total_mw_primary_reserve,0.0004891526
87,9,da_as_total_mw_synchronized_reserve,-0.00047192496
87,10,gen_fuel_other_renewables_mw,1.6604361e-05
87,11,gen_fuel_multiple_fuels_mw,0.000117704956
87,12,system_energy_price_da,-5.3254626e-05
87,13,gen_fuel_storage_mw,-0.000158126
87,14,forecast_load_mw_day_ahead,-0.0005651394
87,15,gen_fuel_gas_mw,-0.00034362782
87,16,total_gen,-3.0249124e-05
87,17,gen_fuel_wind_mw,8.7875305e-05
87,18,wind_generation_mw,0.00015607482
87,19,da_as_as_req_mw_thirty_minutes_reserve,-8.952188e-05
87,20,gen_fuel_multiple_fuels_pct,0.00021728876
87,21,total_lmp_da,0.00018002497
87,22,system_energy_price_rt,-1.9999847e-05
87,23,total_lmp_rt,-0.00027275184
87,24,da_as_mcp_synchronized_reserve,0.00041320897
87,25,da_as_mcp_primary_reserve,0.0001786345
87,26,marginal_loss_price_rt,-0.00012804287
87,27,gen_fuel_gas_pct,-0.00014825945
87,28,marginal_loss_price_da,-0.00016775745
87,29,gen_fuel_wind_pct,1.5742025e-05
87,30,metered_load_mw,0.0031151725
87,31,gross_inadv_interchange_mw,0.00012207728
87,32,gen_fuel_nuclear_pct,-0.00031486902
87,33,congestion_price_da,-0.00014577206
87,34,congestion_price_rt,7.208592e-05
87,35,forecast_load_mw_latest_available,0.00012557916
87,36,prelim_load_avg_hourly,0.00040300802
87,37,gross_actual_interchange_mw,-0.0001760041
87,38,total_losses,-0.00014213912
87,39,gen_fuel_oil_mw,8.323157e-06
87,40,da_as_ss_mw_primary_reserve,3.7926264e-05
87,41,da_as_nsr_mw_primary_reserve,8.893781e-06
87,42,gen_fuel_coal_pct,0.0012255597
87,43,gen_fuel_other_renewables_pct,0.000107744876
87,44,solar_generation_mw,-8.0494225e-05
87,45,gen_fuel_hydro_mw,3.352853e-05
87,46,net_inadv_interchange_mw,0.029078327
87,47,gen_fuel_solar_mw,3.0701984e-05
88,1,net_sched_interchange_mw,0.86997926
88,2,gen_fuel_coal_mw,0.00032482864
88,3,da_as_total_mw_thirty_minutes_reserve,-1.4083453e-05
88,4,gross_sched_interchange_mw,0.00022470532
88,5,gen_fuel_nuclear_mw,0.00011168995
88,6,da_as_as_req_mw_primary_reserve,3.0236944e-05
88,7,da_as_as_req_mw_synchronized_reserve,0.00024122185
88,8,da_as_total_mw_primary_reserve,-0.00033033054
88,9,da_as_total_mw_synchronized_reserve,0.0003171843
88,10,gen_fuel_other_renewables_mw,0.0001281747
88,11,gen_fuel_multiple_fuels_mw,5.7159647e-05
88,12,system_energy_price_da,-0.000174387
88,13,gen_fuel_storage_mw,5.229155e-05
88,14,forecast_load_mw_day_ahead,9.3181356e-05
88,15,gen_fuel_gas_mw,-0.00020205614
88,16,total_gen,-0.000101759004
88,17,gen_fuel_wind_mw,-7.6179385e-06
88,18,wind_generation_mw,0.00024137992
88,19,da_as_as_req_mw_thirty_minutes_reserve,-0.00031769765
88,20,gen_fuel_multiple_fuels_pct,0.00017980827
88,21,total_lmp_da,-0.00026822268
88,22,system_energy_price_rt,0.000101677506
88,23,total_lmp_rt,0.00013501354
88,24,da_as_mcp_synchronized_reserve,-6.819544e-05
88,25,da_as_mcp_primary_reserve,-9.216585e-05
88,26,marginal_loss_price_rt,8.254253e-05
88,27,gen_fuel_gas_pct,4.929461e-07
88,28,marginal_loss_price_da,7.100741e-05
88,29,gen_fuel_wind_pct,-4.7122536e-05
88,30,metered_load_mw,-0.00030976388
88,31,gross_inadv_interchange_mw,-0.00015637453
88,32,gen_fuel_nuclear_pct,0.00019797462
88,33,congestion_price_da,0.00017136929
88,34,congestion_price_rt,-0.00014407933
88,35,forecast_load_mw_latest_available,0.00016229364
88,36,prelim_load_avg_hourly,-8.2559636e-05
88,37,gross_actual_interchange_mw,-6.396626e-05
88,38,total_losses,0.00012624043
88,39,gen_fuel_oil_mw,6.0653212e-05
88,40,da_as_ss_mw_primary_reserve,-0.00031242782
88,41,da_as_nsr_mw_primary_reserve,-8.1898426e-05
88,42,gen_fuel_coal_pct,-9.2309645e-05
88,43,gen_fuel_other_renewables_pct,-0.00022549619
88,44,solar_generation_mw,-0.00012843506
88,45,gen_fuel_hydro_mw,6.740792e-05
88,46,net_inadv_interchange_mw,0.026844805
88,47,gen_fuel_solar_mw,-0.00027817988
89,1,net_sched_interchange_mw,0.8639629
89,2,gen_fuel_coal_mw,0.00021086964
89,3,da_as_total_mw_thirty_minutes_reserve,0.00013196483
89,4,gross_sched_interchange_mw,-0.00011837363
89,5,gen_fuel_nuclear_mw,-0.00019296061
89,6,da_as_as_req_mw_primary_reserve,-1.1274933e-06
89,7,da_as_as_req_mw_synchronized_reserve,7.234217e-05
89,8,da_as_total_mw_primary_reserve,-0.00014489413
89,9,da_as_total_mw_synchronized_reserve,-0.00023042329
89,10,gen_fuel_other_renewables_mw,-0.00011691599
89,11,gen_fuel_multiple_fuels_mw,8.6064014e-05
89,12,system_energy_price_da,-5.6630397e-05
89,13,gen_fuel_storage_mw,-9.838877e-06
89,14,forecast_load_mw_day_ahead,8.449488e-05
89,15,gen_fuel_gas_mw,7.205882e-05
89,16,total_gen,8.481747e-05
89,17,gen_fuel_wind_mw,-4.8347392e-05
89,18,wind_generation_mw,0.00031311545
89,19,da_as_as_req_mw_thirty_minutes_reserve,9.5658346e-05
89,20,gen_fuel_multiple_fuels_pct,-4.338562e-05
89,21,total_lmp_da,-0.0003876514
89,22,system_energy_price_rt,1.57514e-05
89,23,total_lmp_rt,-9.097508e-06
89,24,da_as_mcp_synchronized_reserve,2.3452565e-05
89,25,da_as_mcp_primary_reserve,-5.8967955e-05
89,26,marginal_loss_price_rt,0.00017013108
89,27,gen_fuel_gas_pct,-0.00024479226
89,28,marginal_loss_price_da,-0.00023538215
89,29,gen_fuel_wind_pct,0.00030181356
89,30,metered_load_mw,-7.6744924e-05
89,31,gross_inadv_interchange_mw,0.000101756246
89,32,gen_fuel_nuclear_pct,0.0001760843
89,33,congestion_price_da,-5.0492235e-07
89,34,congestion_price_rt,-2.4285546e-05
89,35,forecast_load_mw_latest_available,0.00013890768
89,36,prelim_load_avg_hourly,3.596428e-05
89,37,gross_actual_interchange_mw,-0.00013179718
89,38,total_losses,-0.00013289959
89,39,gen_fuel_oil_mw,7.877621e-05
89,40,da_as_ss_mw_primary_reserve,-0.00024508766
89,41,da_as_nsr_mw_primary_reserve,-1.5133788e-05
89,42,gen_fuel_coal_pct,8.2283805e-07
89,43,gen_fuel_other_renewables_pct,-8.062585e-05
89,44,solar_generation_mw,9.7791475e-05
89,45,gen_fuel_hydro_mw,-0.00023558896
89,46,net_inadv_interchange_mw,0.026578968
89,47,gen_fuel_solar_mw,-7.260415e-05
90,1,net_sched_interchange_mw,0.8575814
90,2,gen_fuel_coal_mw,-0.00017345799
90,3,da_as_total_mw_thirty_minutes_reserve,-8.473535e-05
90,4,gross_sched_interchange_mw,4.6672278e-05
90,5,gen_fuel_nuclear_mw,0.00025082286
90,6,da_as_as_req_mw_primary_reserve,-0.00011570392
90,7,da_as_as_req_mw_synchronized_reserve,-9.971568e-05
90,8,da_as_total_mw_primary_reserve,-0.00016849469
90,9,da_as_total_mw_synchronized_reserve,5.7076286e-06
90,10,gen_fuel_other_renewables_mw,-2.6581634e-05
90,11,gen_fuel_multiple_fuels_mw,5.8385194e-06
90,12,system_energy_price_da,-0.00012272492
90,13,gen_fuel_storage_mw,-1.9960822e-05
90,14,forecast_load_mw_day_ahead,-0.00018403164
90,15,gen_fuel_gas_mw,1.730828e-05
90,16,total_gen,0.00021489305
90,17,gen_fuel_wind_mw,0.00026239068
90,18,wind_generation_mw,-5.919719e-06
90,19,da_as_as_req_mw_thirty_minutes_reserve,-0.00028514865
90,20,gen_fuel_multiple_fuels_pct,4.844307e-05
90,21,total_lmp_da,-1.812744e-05
90,22,system_energy_price_rt,-3.9930525e-05
90,23,total_lmp_rt,0.00022683937
90,24,da_as_mcp_synchronized_reserve,7.4324766e-05
90,25,da_as_mcp_primary_reserve,-0.00023304523
90,26,marginal_loss_price_rt,-0.00017405274
90,27,gen_fuel_gas_pct,0.00032564835
90,28,marginal_loss_price_da,1.670765e-05
90,29,gen_fuel_wind_pct,-2.1086467e-05
90,30,metered_load_mw,0.0002764145
90,31,gross_inadv_interchange_mw,8.526392e-05
90,32,gen_fuel_nuclear_pct,-0.00029842058
90,33,congestion_price_da,5.9828173e-05
90,34,congestion_price_rt,-0.00021180982
90,35,forecast_load_mw_latest_available,-0.00011150917
90,36,prelim_load_avg_hourly,-4.4340566e-05
90,37,gross_actual_interchange_mw,1.2581804e-05
90,38,total_losses,-7.9985926e-05
90,39,gen_fuel_oil_mw,-0.00016080611
90,40,da_as_ss_mw_primary_reserve,-0.00015072933
90,41,da_as_nsr_mw_primary_reserve,-0.00012882375
90,42,gen_fuel_coal_pct,-6.7793662e-06
90,43,gen_fuel_other_renewables_pct,0.00025885587
90,44,solar_generation_mw,-2.3471897e-05
90,45,gen_fuel_hydro_mw,-6.4531625e-05
90,46,net_inadv_interchange_mw,0.025761874
90,47,gen_fuel_solar_mw,0.00023483747
91,1,net_sched_interchange_mw,0.85091144
91,2,gen_fuel_coal_mw,-7.4897864e-05
91,3,da_as_total_mw_thirty_minutes_reserve,0.00019000458
91,4,gross_sched_interchange_mw,-3.7635764e-05
91,5,gen_fuel_nuclear_mw,0.000121390694
91,6,da_as_as_req_mw_primary_reserve,-0.00010482245
91,7,da_as_as_req_mw_synchronized_reserve,1.9169122e-05
91,8,da_as_total_mw_primary_reserve,-0.00013081178
91,9,da_as_total_mw_synchronized_reserve,0.0002451956
91,10,gen_fuel_other_renewables_mw,-7.987906e-05
91,11,gen_fuel_multiple_fuels_mw,-0.00019853405
91,12,system_energy_price_da,-0.00011303064
91,13,gen_fuel_storage_mw,4.468559e-05
91,14,forecast_load_mw_day_ahead,-0.00012194516
91,15,gen_fuel_gas_mw,-4.8011338e-05
91,16,total_gen,3.0598294e-05
91,17,gen_fuel_wind_mw,-9.608669e-05
91,18,wind_generation_mw,-9.223695e-07
91,19,da_as_as_req_mw_thirty_minutes_reserve,1.7275284e-05
91,20,gen_fuel_multiple_fuels_pct,-6.194499e-05
91,21,total_lmp_da,-0.00027660292
91,22,system_energy_price_rt,0.00010122113
91,23,total_lmp_rt,0.00019007406
91,24,da_as_mcp_synchronized_reserve,-0.00020418852
91,25,da_as_mcp_primary_reserve,8.777513e-05
91,26,marginal_loss_price_rt,0.00011375951
91,27,gen_fuel_gas_pct,3.843934e-05
91,28,marginal_loss_price_da,0.00021152834
91,29,gen_fuel_wind_pct,-0.00013583142
91,30,metered_load_mw,-0.0001303114
91,31,gross_inadv_interchange_mw,-0.000116083
91,32,gen_fuel_nuclear_pct,7.5630844e-05
91,33,congestion_price_da,0.00030725292
91,34,congestion_price_rt,-4.1194442e-05
91,35,forecast_load_mw_latest_available,0.0002996465
91,36,prelim_load_avg_hourly,0.00016069744
91,37,gross_actual_interchange_mw,-1.5235033e-05
91,38,total_losses,9.121101e-05
91,39,gen_fuel_oil_mw,-3.4741606e-07
91,40,da_as_ss_mw_primary_reserve,-1.3681289e-05
91,41,da_as_nsr_mw_primary_reserve,2.3563261e-06
91,42,gen_fuel_coal_pct,-2.8920927e-05
91,43,gen_fuel_other_renewables_pct,-0.00020850795
91,44,solar_generation_mw,2.4499037e-05
91,45,gen_fuel_hydro_mw,-0.00011259099
91,46,net_inadv_interchange_mw,0.025072401
91,47,gen_fuel_solar_mw,-0.00021314304
92,1,net_sched_interchange_mw,0.8439008
92,2,gen_fuel_coal_mw,-0.00021081393
92,3,da_as_total_mw_thirty_minutes_reserve,8.265766e-05
92,4,gross_sched_interchange_mw,9.9943325e-05
92,5,gen_fuel_nuclear_mw,7.878158e-05
92,6,da_as_as_req_mw_primary_reserve,-0.00031894638
92,7,da_as_as_req_mw_synchronized_reserve,-0.000130382
92,8,da_as_total_mw_primary_reserve,0.00018467962
92,9,da_as_total_mw_synchronized_reserve,-0.00021201573
92,10,gen_fuel_other_renewables_mw,-8.785984e-05
92,11,gen_fuel_multiple_fuels_mw,-9.191378e-05
92,12,system_energy_price_da,-3.3831573e-05
92,13,gen_fuel_storage_mw,-1.9785813e-05
92,14,forecast_load_mw_day_ahead,-0.00016067046
92,15,gen_fuel_gas_mw,-6.2586e-05
92,16,total_gen,0.00010774176
92,17,gen_fuel_wind_mw,-0.00022589571
92,18,wind_generation_mw,-0.00012279366
92,19,da_as_as_req_mw_thirty_minutes_reserve,0.00030666898
92,20,gen_fuel_multiple_fuels_pct,4.868365e-06
92,21,total_lmp_da,-0.00015687775
92,22,system_energy_price_rt,-0.00015702008
92,23,total_lmp_rt,-0.00015660937
92,24,da_as_mcp_synchronized_reserve,-0.00025342408
92,25,da_as_mcp_primary_reserve,0.00010369203
92,26,marginal_loss_price_rt,-0.00012292854
92,27,gen_fuel_gas_pct,-0.00025434652
92,28,marginal_loss_price_da,1.9357543e-05
92,29,gen_fuel_wind_pct,-5.934697e-05
92,30,metered_load_mw,-0.00041546777
92,31,gross_inadv_interchange_mw,-3.315506e-05
92,32,gen_fuel_nuclear_pct,-7.386867e-05
92,33,congestion_price_da,3.0217416e-05
92,34,congestion_price_rt,-0.00010728813
92,35,forecast_load_mw_latest_available,0.00019762102
92,36,prelim_load_avg_hourly,-0.0002522972
92,37,gross_actual_interchange_mw,6.30374e-05
92,38,total_losses,-5.4474433e-05
92,39,gen_fuel_oil_mw,-0.00024209279
92,40,da_as_ss_mw_primary_reserve,8.496898e-05
92,41,da_as_nsr_mw_primary_reserve,0.000116614
92,42,gen_fuel_coal_pct,-4.2474094e-05
92,43,gen_fuel_other_renewables_pct,-0.00017119225
92,44,solar_generation_mw,-0.00020654325
92,45,gen_fuel_hydro_mw,9.551982e-05
92,46,net_inadv_interchange_mw,0.024447234
92,47,gen_fuel_solar_mw,0.00011665949
93,1,net_sched_interchange_mw,0.8373104
93,2,gen_fuel_coal_mw,0.00017142965
93,3,da_as_total_mw_thirty_minutes_reserve,0.00019559669
93,4,gross_sched_interchange_mw,-1.584529e-06
93,5,gen_fuel_nuclear_mw,-0.0001452755
93,6,da_as_as_req_mw_primary_reserve,-0.000336567
93,7,da_as_as_req_mw_synchronized_reserve,4.731752e-05
93,8,da_as_total_mw_primary_reserve,-0.00026914082
93,9,da_as_total_mw_synchronized_reserve,0.00014921208
93,10,gen_fuel_other_renewables_mw,-0.000102493024
93,11,gen_fuel_multiple_fuels_mw,5.763847e-05
93,12,system_energy_price_da,-0.00017871521
93,13,gen_fuel_storage_mw,0.00014121944
93,14,forecast_load_mw_day_ahead,-6.492041e-05
93,15,gen_fuel_gas_mw,-3.2729731e-06
93,16,total_gen,-0.00046777155
93,17,gen_fuel_wind_mw,0.00018412825
93,18,wind_generation_mw,-8.337936e-05
93,19,da_as_as_req_mw_thirty_minutes_reserve,0.00013338833
93,20,gen_fuel_multiple_fuels_pct,-1.5639835e-05
93,21,total_lmp_da,0.00019204202
93,22,system_energy_price_rt,0.00016922335
93,23,total_lmp_rt,-0.00019920088
93,24,da_as_mcp_synchronized_reserve,4.0652747e-05
93,25,da_as_mcp_primary_reserve,0.00024301591
93,26,marginal_loss_price_rt,-0.00015648446
93,27,gen_fuel_gas_pct,5.5922712e-05
93,28,marginal_loss_price_da,-0.00012400013
93,29,gen_fuel_wind_pct,0.00036125135
93,30,metered_load_mw,0.00012704293
93,31,gross_inadv_interchange_mw,-0.00017469624
93,32,gen_fuel_nuclear_pct,0.00016226951
93,33,congestion_price_da,-6.3405634e-05
93,34,congestion_price_rt,0.00014271298
93,35,forecast_load_mw_latest_available,-0.00036812772
93,36,prelim_load_avg_hourly,0.00023372022
93,37,gross_actual_interchange_mw,0.0001656131
93,38,total_losses,4.3456937e-05
93,39,gen_fuel_oil_mw,-1.8396415e-05
93,40,da_as_ss_mw_primary_reserve,0.00014905215
93,41,da_as_nsr_mw_primary_reserve,9.7729564e-05
93,42,gen_fuel_coal_pct,0.00025260972
93,43,gen_fuel_other_renewables_pct,-0.00023195404
93,44,solar_generation_mw,-0.0003847294
93,45,gen_fuel_hydro_mw,2.6463033e-05
93,46,net_inadv_interchange_mw,0.023470838
93,47,gen_fuel_solar_mw,-0.00018483642
94,1,net_sched_interchange_mw,0.83094764
94,2,gen_fuel_coal_mw,0.00031017343
94,3,da_as_total_mw_thirty_minutes_reserve,0.00020615179
94,4,gross_sched_interchange_mw,-6.5768363e-06
94,5,gen_fuel_nuclear_mw,0.000102611804
94,6,da_as_as_req_mw_primary_reserve,0.00012831867
94,7,da_as_as_req_mw_synchronized_reserve,3.8654718e-05
94,8,da_as_total_mw_primary_reserve,-1.423e-05
94,9,da_as_total_mw_synchronized_reserve,-9.538215e-05
94,10,gen_fuel_other_renewables_mw,-0.00030376148
94,11,gen_fuel_multiple_fuels_mw,3.475785e-05
94,12,system_energy_price_da,-0.00010410218
94,13,gen_fuel_storage_mw,-0.00019108572
94,14,forecast_load_mw_day_ahead,-3.806413e-05
94,15,gen_fuel_gas_mw,0.00011563897
94,16,total_gen,-5.4319433e-05
94,17,gen_fuel_wind_mw,-3.2443902e-05
94,18,wind_generation_mw,6.744814e-05
94,19,da_as_as_req_mw_thirty_minutes_reserve,-0.0001766321
94,20,gen_fuel_multiple_fuels_pct,7.946306e-06
94,21,total_lmp_da,1.6179773e-05
94,22,system_energy_price_rt,2.1047399e-05
94,23,total_lmp_rt,8.4135536e-05
94,24,da_as_mcp_synchronized_reserve,-0.00010791753
94,25,da_as_mcp_primary_reserve,-0.00023516068
94,26,marginal_loss_price_rt,2.848945e-05
94,27,gen_fuel_gas_pct,-6.5329696e-06
94,28,marginal_loss_price_da,6.62027e-05
94,29,gen_fuel_wind_pct,-9.455936e-06
94,30,metered_load_mw,-0.00034075108
94,31,gross_inadv_interchange_mw,-0.00014770371
94,32,gen_fuel_nuclear_pct,9.462124e-05
94,33,congestion_price_da,-0.00011897739
94,34,congestion_price_rt,6.319083e-05
94,35,forecast_load_mw_latest_available,0.0001923038
94,36,prelim_load_avg_hourly,-0.0001196468
94,37,gross_actual_interchange_mw,-8.813827e-05
94,38,total_losses,9.942893e-05
94,39,gen_fuel_oil_mw,-0.00015720898
94,40,da_as_ss_mw_primary_reserve,-0.00015362282
94,41,da_as_nsr_mw_primary_reserve,-7.923018e-05
94,42,gen_fuel_coal_pct,-0.00013001943
94,43,gen_fuel_other_renewables_pct,0.000109582266
94,44,solar_generation_mw,9.907513e-05
94,45,gen_fuel_hydro_mw,-4.7356792e-05
94,46,net_inadv_interchange_mw,0.023379827
94,47,gen_fuel_solar_mw,0.00014179185
95,1,net_sched_interchange_mw,0.8241858
95,2,gen_fuel_coal_mw,-2.0863896e-05
95,3,da_as_total_mw_thirty_minutes_reserve,-0.00011192815
95,4,gross_sched_interchange_mw,-0.00019141888
95,5,gen_fuel_nuclear_mw,0.000107408065
95,6,da_as_as_req_mw_primary_reserve,-0.00021459912
95,7,da_as_as_req_mw_synchronized_reserve,6.177349e-05
95,8,da_as_total_mw_primary_reserve,6.72835e-05
95,9,da_as_total_mw_synchronized_reserve,-3.733921e-05
95,10,gen_fuel_other_renewables_mw,-5.8010366e-05
95,11,gen_fuel_multiple_fuels_mw,-0.00028308225
95,12,system_energy_price_da,-2.567529e-05
95,13,gen_fuel_storage_mw,7.566299e-05
95,14,forecast_load_mw_day_ahead,-0.00035918184
95,15,gen_fuel_gas_mw,-0.00013947763
95,16,total_gen,-0.00019152803
95,17,gen_fuel_wind_mw,6.9115056e-05
95,18,wind_generation_mw,0.00013762226
95,19,da_as_as_req_mw_thirty_minutes_reserve,-4.4514712e-05
95,20,gen_fuel_multiple_fuels_pct,-0.0002385038
95,21,total_lmp_da,-0.0002329982
95,22,system_energy_price_rt,0.00027995798
95,23,total_lmp_rt,8.943454e-06
95,24,da_as_mcp_synchronized_reserve,-2.6422422e-06
95,25,da_as_mcp_primary_reserve,0.00016160839
95,26,marginal_loss_price_rt,0.00026589667
95,27,gen_fuel_gas_pct,8.7736444e-05
95,28,marginal_loss_price_da,5.8710804e-05
95,29,gen_fuel_wind_pct,1.2985562e-05
95,30,metered_load_mw,1.679521e-05
95,31,gross_inadv_interchange_mw,-6.539839e-05
95,32,gen_fuel_nuclear_pct,0.00012412493
95,33,congestion_price_da,-0.00022769596
95,34,congestion_price_rt,4.330313e-05
95,35,forecast_load_mw_latest_available,-0.00020252993
95,36,prelim_load_avg_hourly,-7.318567e-05
95,37,gross_actual_interchange_mw,5.0093207e-05
95,38,total_losses,0.0001541282
95,39,gen_fuel_oil_mw,-0.0002179883
95,40,da_as_ss_mw_primary_reserve,-9.7343145e-06
95,41,da_as_nsr_mw_primary_reserve,-3.1452175e-05
95,42,gen_fuel_coal_pct,-7.2133626e-05
95,43,gen_fuel_other_renewables_pct,0.0002834304
95,44,solar_generation_mw,-2.9424264e-05
95,45,gen_fuel_hydro_mw,-7.938631e-05
95,46,net_inadv_interchange_mw,0.022928502
95,47,gen_fuel_solar_mw,5.192575e-05
96,1,net_sched_interchange_mw,0.8170494
96,2,gen_fuel_coal_mw,-0.0001320605
96,3,da_as_total_mw_thirty_minutes_reserve,0.00019428482
96,4,gross_sched_interchange_mw,0.00018679883
96,5,gen_fuel_nuclear_mw,3.40345e-05
96,6,da_as_as_req_mw_primary_reserve,-3.0655796e-05
96,7,da_as_as_req_mw_synchronized_reserve,5.3863125e-05
96,8,da_as_total_mw_primary_reserve,-0.00016696978
96,9,da_as_total_mw_synchronized_reserve,1.807067e-05
96,10,gen_fuel_other_renewables_mw,0.00028260832
96,11,gen_fuel_multiple_fuels_mw,-9.8311386e-05
96,12,system_energy_price_da,-3.1784853e-05
96,13,gen_fuel_storage_mw,0.00014487072
96,14,forecast_load_mw_day_ahead,9.872796e-05
96,15,gen_fuel_gas_mw,-7.841115e-05
96,16,total_gen,-4.171364e-05
96,17,gen_fuel_wind_mw,-1.8313971e-05
96,18,wind_generation_mw,-1.2426535e-06
96,19,da_as_as_req_mw_thirty_minutes_reserve,-5.4548742e-05
96,20,gen_fuel_multiple_fuels_pct,0.00018881776
96,21,total_lmp_da,5.183852e-05
96,22,system_energy_price_rt,-1.6362901e-06
96,23,total_lmp_rt,9.79723e-05
96,24,da_as_mcp_synchronized_reserve,0.0001552027
96,25,da_as_mcp_primary_reserve,8.056362e-06
96,26,marginal_loss_price_rt,0.00015572681
96,27,gen_fuel_gas_pct,-0.00023539885
96,28,marginal_loss_price_da,-1.1827844e-05
96,29,gen_fuel_wind_pct,-0.00013437515
96,30,metered_load_mw,2.45801e-05
96,31,gross_inadv_interchange_mw,8.5860636e-05
96,32,gen_fuel_nuclear_pct,-2.0071537e-05
96,33,congestion_price_da,1.778378e-05
96,34,congestion_price_rt,7.801455e-05
96,35,forecast_load_mw_latest_available,-9.371062e-06
96,36,prelim_load_avg_hourly,0.00013270749
96,37,gross_actual_interchange_mw,-3.1925818e-05
96,38,total_losses,-0.0002287465
96,39,gen_fuel_oil_mw,0.000115443996
96,40,da_as_ss_mw_primary_reserve,-5.8251993e-05
96,41,da_as_nsr_mw_primary_reserve,-0.00021677073
96,42,gen_fuel_coal_pct,-5.384998e-05
96,43,gen_fuel_other_renewables_pct,-6.794178e-05
96,44,solar_generation_mw,0.00026747215
96,45,gen_fuel_hydro_mw,-3.1583695e-05
96,46,net_inadv_interchange_mw,0.022015516
96,47,gen_fuel_solar_mw,0.00011411337
97,1,net_sched_interchange_mw,0.81014836
97,2,gen_fuel_coal_mw,-0.00021434292
97,3,da_as_total_mw_thirty_minutes_reserve,7.223548e-05
97,4,gross_sched_interchange_mw,0.0003455603
97,5,gen_fuel_nuclear_mw,-5.7928293e-05
97,6,da_as_as_req_mw_primary_reserve,-0.00020942092
97,7,da_as_as_req_mw_synchronized_reserve,-0.00013981384
97,8,da_as_total_mw_primary_reserve,8.976923e-05
97,9,da_as_total_mw_synchronized_reserve,-0.00026858912
97,10,gen_fuel_other_renewables_mw,6.337196e-05
97,11,gen_fuel_multiple_fuels_mw,7.734968e-05
97,12,system_energy_price_da,-0.00015868472
97,13,gen_fuel_storage_mw,-0.00020823862
97,14,forecast_load_mw_day_ahead,-0.0002118931
97,15,gen_fuel_gas_mw,4.8341702e-05
97,16,total_gen,-9.185995e-06
97,17,gen_fuel_wind_mw,-0.00011892134
97,18,wind_generation_mw,0.00015672557
97,19,da_as_as_req_mw_thirty_minutes_reserve,-0.00013594957
97,20,gen_fuel_multiple_fuels_pct,-5.9757396e-05
97,21,total_lmp_da,-0.000352982
97,22,system_energy_price_rt,4.6807025e-05
97,23,total_lmp_rt,0.0001079611
97,24,da_as_mcp_synchronized_reserve,0.00017091741
97,25,da_as_mcp_primary_reserve,3.1069318e-05
97,26,marginal_loss_price_rt,-0.00013338187
97,27,gen_fuel_gas_pct,0.00032720168
97,28,marginal_loss_price_da,-0.000117635704
97,29,gen_fuel_wind_pct,0.00011989428
97,30,metered_load_mw,7.117007e-05
97,31,gross_inadv_interchange_mw,-5.6695328e-05
97,32,gen_fuel_nuclear_pct,-0.00042248867
97,33,congestion_price_da,8.8006556e-05
97,34,congestion_price_rt,0.00012876553
97,35,forecast_load_mw_latest_available,-8.1712715e-05
97,36,prelim_load_avg_hourly,5.3261458e-05
97,37,gross_actual_interchange_mw,-7.73373e-05
97,38,total_losses,0.00022977003
97,39,gen_fuel_oil_mw,-5.2143267e-05
97,40,da_as_ss_mw_primary_reserve,-6.0593607e-05
97,41,da_as_nsr_mw_primary_reserve,0.00023850263
97,42,gen_fuel_coal_pct,-9.931717e-05
97,43,gen_fuel_other_renewables_pct,0.00015830174
97,44,solar_generation_mw,-5.1760497e-05
97,45,gen_fuel_hydro_mw,-9.939739e-05
97,46,net_inadv_interchange_mw,0.021793533
97,47,gen_fuel_solar_mw,-7.4899144e-06
98,1,net_sched_interchange_mw,0.8031109
98,2,gen_fuel_coal_mw,-3.8261787e-06
98,3,da_as_total_mw_thirty_minutes_reserve,-6.986866e-05
98,4,gross_sched_interchange_mw,-0.00019095515
98,5,gen_fuel_nuclear_mw,-0.0001543429
98,6,da_as_as_req_mw_primary_reserve,0.00019644025
98,7,da_as_as_req_mw_synchronized_reserve,1.0653985e-05
98,8,da_as_total_mw_primary_reserve,-0.00018573775
98,9,da_as_total_mw_synchronized_reserve,-0.00029852072
98,10,gen_fuel_other_renewables_mw,-0.00016285427
98,11,gen_fuel_multiple_fuels_mw,1.5272071e-05
98,12,system_energy_price_da,0.00014246206
98,13,gen_fuel_storage_mw,-0.00010949565
98,14,forecast_load_mw_day_ahead,-0.0001385925
98,15,gen_fuel_gas_mw,-5.2382675e-06
98,16,total_gen,-0.00018273338
98,17,gen_fuel_wind_mw,7.6922355e-05
98,18,wind_generation_mw,-0.0001240274
98,19,da_as_as_req_mw_thirty_minutes_reserve,0.00023239783
98,20,gen_fuel_multiple_fuels_pct,-4.522306e-06
98,21,total_lmp_da,-0.00027159872
98,22,system_energy_price_rt,5.809632e-05
98,23,total_lmp_rt,-1.1488795e-05
98,24,da_as_mcp_synchronized_reserve,0.00035666156
98,25,da_as_mcp_primary_reserve,-3.2458385e-05
98,26,marginal_loss_price_rt,-4.0539337e-05
98,27,gen_fuel_gas_pct,4.848199e-05
98,28,marginal_loss_price_da,-8.633951e-05
98,29,gen_fuel_wind_pct,-0.00022653677
98,30,metered_load_mw,0.0008647278
98,31,gross_inadv_interchange_mw,1.4064375e-05
98,32,gen_fuel_nuclear_pct,-0.00024504
98,33,congestion_price_da,-1.691925e-05
98,34,congestion_price_rt,-0.00013794223
98,35,forecast_load_mw_latest_available,0.00014220698
98,36,prelim_load_avg_hourly,0.00091333594
98,37,gross_actual_interchange_mw,0.0003661624
98,38,total_losses,0.0003218409
98,39,gen_fuel_oil_mw,1.065954e-05
98,40,da_as_ss_mw_primary_reserve,-0.00017400319
98,41,da_as_nsr_mw_primary_reserve,0.00075088884
98,42,gen_fuel_coal_pct,0.00057741755
98,43,gen_fuel_other_renewables_pct,3.9585375e-05
98,44,solar_generation_mw,9.37017e-05
98,45,gen_fuel_hydro_mw,7.37989e-05
98,46,net_inadv_interchange_mw,0.020701433
98,47,gen_fuel_solar_mw,0.00051756296
99,1,net_sched_interchange_mw,0.7989302
99,2,gen_fuel_coal_mw,0.0001264248
99,3,da_as_total_mw_thirty_minutes_reserve,-6.5000524e-05
99,4,gross_sched_interchange_mw,4.6089477e-05
99,5,gen_fuel_nuclear_mw,0.00013398961
99,6,da_as_as_req_mw_primary_reserve,-4.3527718e-05
99,7,da_as_as_req_mw_synchronized_reserve,0.00013797736
99,8,da_as_total_mw_primary_reserve,-7.5294985e-05
99,9,da_as_total_mw_synchronized_reserve,-2.3172288e-05
99,10,gen_fuel_other_renewables_mw,-0.00012614402
99,11,gen_fuel_multiple_fuels_mw,-2.4852685e-05
99,12,system_energy_price_da,1.0518921e-05
99,13,gen_fuel_storage_mw,5.727932e-05
99,14,forecast_load_mw_day_ahead,0.00010210161
99,15,gen_fuel_gas_mw,-4.6113684e-05
99,16,total_gen,-0.00013734362
99,17,gen_fuel_wind_mw,0.00016627098
99,18,wind_generation_mw,0.00012490145
99,19,da_as_as_req_mw_thirty_minutes_reserve,-4.2403495e-05
99,20,gen_fuel_multiple_fuels_pct,0.00018517901
99,21,total_lmp_da,-9.340755e-05
99,22,system_energy_price_rt,0.00011827158
99,23,total_lmp_rt,-1.4524208e-05
99,24,da_as_mcp_synchronized_reserve,8.1833816e-05
99,25,da_as_mcp_primary_reserve,0.00012024808
99,26,marginal_loss_price_rt,-0.00014230324
99,27,gen_fuel_gas_pct,0.000107609754
99,28,marginal_loss_price_da,-4.45658e-05
99,29,gen_fuel_wind_pct,0.00026490743
99,30,metered_load_mw,0.0005073085
99,31,gross_inadv_interchange_mw,-0.00013408157
99,32,gen_fuel_nuclear_pct,-0.00014460138
99,33,congestion_price_da,-5.3601165e-05
99,34,congestion_price_rt,8.9541136e-05
99,35,forecast_load_mw_latest_available,-1.0727388e-05
99,36,prelim_load_avg_hourly,1.119253e-05
99,37,gross_actual_interchange_mw,-0.00023381966
99,38,total_losses,2.8670118e-05
99,39,gen_fuel_oil_mw,0.00013580234
99,40,da_as_ss_mw_primary_reserve,-0.00013877671
99,41,da_as_nsr_mw_primary_reserve,0.0001508847
99,42,gen_fuel_coal_pct,2.112129e-05
99,43,gen_fuel_other_renewables_pct,-0.00013274535
99,44,solar_generation_mw,6.9737696e-05
99,45,gen_fuel_hydro_mw,0.00010030583
99,46,net_inadv_interchange_mw,0.021111866
99,47,gen_fuel_solar_mw,0.0004810479
100,1,net_sched_interchange_mw,0.79439557
100,2,gen_fuel_coal_mw,0.00020466797
100,3,da_as_total_mw_thirty_minutes_reserve,6.5733606e-05
100,4,gross_sched_interchange_mw,6.202289e-05
100,5,gen_fuel_nuclear_mw,0.00013028877
100,6,da_as_as_req_mw_primary_reserve,0.00025718578
100,7,da_as_as_req_mw_synchronized_reserve,-0.0001515565
100,8,da_as_total_mw_primary_reserve,1.613691e-05
100,9,da_as_total_mw_synchronized_reserve,-0.00012686424
100,10,gen_fuel_other_renewables_mw,5.7816735e-05
100,11,gen_fuel_multiple_fuels_mw,9.16173e-05
100,12,system_energy_price_da,1.8166429e-05
100,13,gen_fuel_storage_mw,-3.9494833e-05
100,14,forecast_load_mw_day_ahead,-0.00021932331
100,15,gen_fuel_gas_mw,-5.991332e-05
100,16,total_gen,-7.1779476e-05
100,17,gen_fuel_wind_mw,-0.00014877843
100,18,wind_generation_mw,-0.00011397243
100,19,da_as_as_req_mw_thirty_minutes_reserve,0.0001618256
100,20,gen_fuel_multiple_fuels_pct,-0.00023200957
100,21,total_lmp_da,1.8729916e-06
100,22,system_energy_price_rt,-8.163668e-06
100,23,total_lmp_rt,-4.9400427e-05
100,24,da_as_mcp_synchronized_reserve,-6.2634863e-06
100,25,da_as_mcp_primary_reserve,-0.00019006967
100,26,marginal_loss_price_rt,-0.00035637684
100,27,gen_fuel_gas_pct,-0.0001242036
100,28,marginal_loss_price_da,-7.1817776e-05
100,29,gen_fuel_wind_pct,-0.00017401505
100,30,metered_load_mw,0.00019030951
100,31,gross_inadv_interchange_mw,-0.00012208895
100,32,gen_fuel_nuclear_pct,0.00010844829
100,33,congestion_price_da,6.558922e-05
100,34,congestion_price_rt,0.00019513861
100,35,forecast_load_mw_latest_available,0.00010587781
100,36,prelim_load_avg_hourly,-2.1976499e-05
100,37,gross_actual_interchange_mw,-3.4351808e-05
100,38,total_losses,0.0001776217
100,39,gen_fuel_oil_mw,-0.00011360624
100,40,da_as_ss_mw_primary_reserve,-0.00012387335
100,41,da_as_nsr_mw_primary_reserve,-0.00032826472
100,42,gen_fuel_coal_pct,-0.0004154899
100,43,gen_fuel_other_renewables_pct,0.00027970027
100,44,solar_generation_mw,0.00028713292
100,45,gen_fuel_hydro_mw,0.00010922477
100,46,net_inadv_interchange_mw,0.02092318
100,47,gen_fuel_solar_mw,2.701988e-05
101,1,net_sched_interchange_mw,0.7896418
101,2,gen_fuel_coal_mw,0.0001957783
101,3,da_as_total_mw_thirty_minutes_reserve,0.00014799277
101,4,gross_sched_interchange_mw,-2.3639332e-06
101,5,gen_fuel_nuclear_mw,-8.926008e-05
101,6,da_as_as_req_mw_primary_reserve,-0.00021583031
101,7,da_as_as_req_mw_synchronized_reserve,-5.9390586e-05
101,8,da_as_total_mw_primary_reserve,0.00013238312
101,9,da_as_total_mw_synchronized_reserve,0.0001436275
101,10,gen_fuel_other_renewables_mw,-0.00026446264
101,11,gen_fuel_multiple_fuels_mw,8.25394e-05
101,12,system_energy_price_da,-0.00018344227
101,13,gen_fuel_storage_mw,-8.519084e-05
101,14,forecast_load_mw_day_ahead,0.00014555166
101,15,gen_fuel_gas_mw,-5.7224875e-05
101,16,total_gen,-3.2207863e-05
101,17,gen_fuel_wind_mw,7.65603e-05
101,18,wind_generation_mw,-0.00011827813
101,19,da_as_as_req_mw_thirty_minutes_reserve,8.710405e-06
101,20,gen_fuel_multiple_fuels_pct,0.00016870647
101,21,total_lmp_da,2.7803497e-05
101,22,system_energy_price_rt,-0.00018875622
101,23,total_lmp_rt,3.1695163e-05
101,24,da_as_mcp_synchronized_reserve,-2.754759e-05
101,25,da_as_mcp_primary_reserve,-3.9580562e-05
101,26,marginal_loss_price_rt,-5.7712314e-06
101,27,gen_fuel_gas_pct,0.00017484903
101,28,marginal_loss_price_da,3.013698e-05
101,29,gen_fuel_wind_pct,-8.98716e-05
101,30,metered_load_mw,7.2144634e-05
101,31,gross_inadv_interchange_mw,2.8032367e-05
101,32,gen_fuel_nuclear_pct,-3.880389e-05
101,33,congestion_price_da,-1.2358221e-05
101,34,congestion_price_rt,-1.9332234e-05
101,35,forecast_load_mw_latest_available,0.00010114513
101,36,prelim_load_avg_hourly,5.4270102e-05
101,37,gross_actual_interchange_mw,-5.3143754e-05
101,38,total_losses,-0.00030438116
101,39,gen_fuel_oil_mw,-0.00017109026
101,40,da_as_ss_mw_primary_reserve,-0.00011238409
101,41,da_as_nsr_mw_primary_reserve,-2.5886813e-05
101,42,gen_fuel_coal_pct,-5.9715847e-05
101,43,gen_fuel_other_renewables_pct,3.6354642e-05
101,44,solar_generation_mw,-6.679109e-05
101,45,gen_fuel_hydro_mw,-6.1264465e-05
101,46,net_inadv_interchange_mw,0.020316029
101,47,gen_fuel_solar_mw,-0.00019254071
102,1,net_sched_interchange_mw,0.78447
102,2,gen_fuel_coal_mw,-0.000236655
102,3,da_as_total_mw_thirty_minutes_reserve,6.9215894e-06
102,4,gross_sched_interchange_mw,0.00013148856
102,5,gen_fuel_nuclear_mw,0.00016337485
102,6,da_as_as_req_mw_primary_reserve,1.5698104e-05
102,7,da_as_as_req_mw_synchronized_reserve,-4.283396e-05
102,8,da_as_total_mw_primary_reserve,-0.00012258344
102,9,da_as_total_mw_synchronized_reserve,-5.096254e-05
102,10,gen_fuel_other_renewables_mw,-2.0265717e-05
102,11,gen_fuel_multiple_fuels_mw,-4.5979337e-05
102,12,system_energy_price_da,-0.00026895304
102,13,gen_fuel_storage_mw,5.107456e-05
102,14,forecast_load_mw_day_ahead,-5.0264593e-05
102,15,gen_fuel_gas_mw,7.347229e-05
102,16,total_gen,0.00018388077
102,17,gen_fuel_wind_mw,2.4206976e-05
102,18,wind_generation_mw,0.00017827284
102,19,da_as_as_req_mw_thirty_minutes_reserve,6.8411646e-05
102,20,gen_fuel_multiple_fuels_pct,-0.00036641536
102,21,total_lmp_da,5.0584727e-05
102,22,system_energy_price_rt,0.00015540344
102,23,total_lmp_rt,0.000102897815
102,24,da_as_mcp_synchronized_reserve,6.106893e-05
102,25,da_as_mcp_primary_reserve,0.00017667687
102,26,marginal_loss_price_rt,0.00013726197
102,27,gen_fuel_gas_pct,3.4376393e-05
102,28,marginal_loss_price_da,-5.7964528e-05
102,29,gen_fuel_wind_pct,8.8866516e-05
102,30,metered_load_mw,0.000213073
102,31,gross_inadv_interchange_mw,-6.3043386e-05
102,32,gen_fuel_nuclear_pct,0.0004891476
102,33,congestion_price_da,-0.0002575191
102,34,congestion_price_rt,-1.4815971e-05
102,35,forecast_load_mw_latest_available,-0.00010008887
102,36,prelim_load_avg_hourly,2.992717e-05
102,37,gross_actual_interchange_mw,-0.00013551513
102,38,total_losses,-0.0001229443
102,39,gen_fuel_oil_mw,0.00017167945
102,40,da_as_ss_mw_primary_reserve,5.2183546e-05
102,41,da_as_nsr_mw_primary_reserve,2.679435e-05
102,42,gen_fuel_coal_pct,2.1675987e-07
102,43,gen_fuel_other_renewables_pct,1.7845465e-05
102,44,solar_generation_mw,-0.00018501203
102,45,gen_fuel_hydro_mw,1.0866621e-05
102,46,net_inadv_interchange_mw,0.0197147
102,47,gen_fuel_solar_mw,-0.0001002706
103,1,net_sched_interchange_mw,0.77911663
103,2,gen_fuel_coal_mw,-8.89138e-05
103,3,da_as_total_mw_thirty_minutes_reserve,-2.2772161e-05
103,4,gross_sched_interchange_mw,-3.6560836e-05
103,5,gen_fuel_nuclear_mw,9.853385e-05
103,6,da_as_as_req_mw_primary_reserve,0.00016332144
103,7,da_as_as_req_mw_synchronized_reserve,-0.00025686188
103,8,da_as_total_mw_primary_reserve,0.00013279164
103,9,da_as_total_mw_synchronized_reserve,0.00010735387
103,10,gen_fuel_other_renewables_mw,7.390855e-05
103,11,gen_fuel_multiple_fuels_mw,0.0002159363
103,12,system_energy_price_da,7.571185e-05
103,13,gen_fuel_storage_mw,5.600261e-05
103,14,forecast_load_mw_day_ahead,-0.000109929075
103,15,gen_fuel_gas_mw,0.0002982385
103,16,total_gen,-0.00013660642
103,17,gen_fuel_wind_mw,-0.0002055402
103,18,wind_generation_mw,9.124267e-05
103,19,da_as_as_req_mw_thirty_minutes_reserve,0.00020157416
103,20,gen_fuel_multiple_fuels_pct,-0.00034189044
103,21,total_lmp_da,-0.0001283394
103,22,system_energy_price_rt,-0.0001516309
103,23,total_lmp_rt,-0.0001656629
103,24,da_as_mcp_synchronized_reserve,-0.000108540786
103,25,da_as_mcp_primary_reserve,0.00021364632
103,26,marginal_loss_price_rt,-0.00023156525
103,27,gen_fuel_gas_pct,5.7588804e-05
103,28,marginal_loss_price_da,9.8783974e-05
103,29,gen_fuel_wind_pct,-6.366527e-05
103,30,metered_load_mw,4.1632942e-05
103,31,gross_inadv_interchange_mw,-6.338152e-05
103,32,gen_fuel_nuclear_pct,-0.0002502315
103,33,congestion_price_da,0.00018921541
103,34,congestion_price_rt,-0.0001607994
103,35,forecast_load_mw_latest_available,-3.0262052e-05
103,36,prelim_load_avg_hourly,-0.00018675625
103,37,gross_actual_interchange_mw,-9.875335e-05
103,38,total_losses,-3.0104376e-05
103,39,gen_fuel_oil_mw,2.96082e-05
103,40,da_as_ss_mw_primary_reserve,-0.00011561463
103,41,da_as_nsr_mw_primary_reserve,1.5216079e-05
103,42,gen_fuel_coal_pct,5.7717676e-05
103,43,gen_fuel_other_renewables_pct,0.00014211467
103,44,solar_generation_mw,0.00023265419
103,45,gen_fuel_hydro_mw,0.000105020314
103,46,net_inadv_interchange_mw,0.019293727
103,47,gen_fuel_solar_mw,-8.695126e-05
104,1,net_sched_interchange_mw,0.7733417
104,2,gen_fuel_coal_mw,0.00024308081
104,3,da_as_total_mw_thirty_minutes_reserve,-2.5723071e-05
104,4,gross_sched_interchange_mw,0.000110744055
104,5,gen_fuel_nuclear_mw,0.000135508
104,6,da_as_as_req_mw_primary_reserve,-0.000120234276
104,7,da_as_as_req_mw_synchronized_reserve,0.00013771953
104,8,da_as_total_mw_primary_reserve,-3.290717e-05
104,9,da_as_total_mw_synchronized_reserve,-0.00028769593
104,10,gen_fuel_other_renewables_mw,0.00024079406
104,11,gen_fuel_multiple_fuels_mw,0.00017623791
104,12,system_energy_price_da,5.172426e-05
104,13,gen_fuel_storage_mw,-4.7626745e-05
104,14,forecast_load_mw_day_ahead,-0.0002856137
104,15,gen_fuel_gas_mw,-9.4558454e-05
104,16,total_gen,-0.0004949419
104,17,gen_fuel_wind_mw,-0.00021940612
104,18,wind_generation_mw,-1.4168312e-05
104,19,da_as_as_req_mw_thirty_minutes_reserve,-0.00013033111
104,20,gen_fuel_multiple_fuels_pct,5.391947e-05
104,21,total_lmp_da,-8.03398e-05
104,22,system_energy_price_rt,1.453159e-05
104,23,total_lmp_rt,-0.00025534767
104,24,da_as_mcp_synchronized_reserve,-0.00024129478
104,25,da_as_mcp_primary_reserve,0.00021533022
104,26,marginal_loss_price_rt,4.1729676e-05
104,27,gen_fuel_gas_pct,0.00022495948
104,28,marginal_loss_price_da,0.000102970036
104,29,gen_fuel_wind_pct,0.00026051336
104,30,metered_load_mw,-0.00058320165
104,31,gross_inadv_interchange_mw,-3.659972e-05
104,32,gen_fuel_nuclear_pct,5.3599193e-05
104,33,congestion_price_da,0.00016193325
104,34,congestion_price_rt,-0.00033497045
104,35,forecast_load_mw_latest_available,0.00024679152
104,36,prelim_load_avg_hourly,-0.00022995152
104,37,gross_actual_interchange_mw,-8.977892e-05
104,38,total_losses,8.662982e-05
104,39,gen_fuel_oil_mw,-0.00019468601
104,40,da_as_ss_mw_primary_reserve,-0.00015314684
104,41,da_as_nsr_mw_primary_reserve,0.00025380956
104,42,gen_fuel_coal_pct,-0.00022179421
104,43,gen_fuel_other_renewables_pct,-0.000119777345
104,44,solar_generation_mw,-0.00032848463
104,45,gen_fuel_hydro_mw,0.0002625063
104,46,net_inadv_interchange_mw,0.019236038
104,47,gen_fuel_solar_mw,-0.000112149115
105,1,net_sched_interchange_mw,0.7688846
105,2,gen_fuel_coal_mw,-0.00031466596
105,3,da_as_total_mw_thirty_minutes_reserve,-6.356898e-05
105,4,gross_sched_interchange_mw,-0.00015221609
105,5,gen_fuel_nuclear_mw,0.0001425034
105,6,da_as_as_req_mw_primary_reserve,0.00013047487
105,7,da_as_as_req_mw_synchronized_reserve,-1.2526925e-05
105,8,da_as_total_mw_primary_reserve,0.00012586094
105,9,da_as_total_mw_synchronized_reserve,-6.6924695e-06
105,10,gen_fuel_other_renewables_mw,-2.1079715e-05
105,11,gen_fuel_multiple_fuels_mw,-0.00014027138
105,12,system_energy_price_da,-0.00018602134
105,13,gen_fuel_storage_mw,7.433789e-05
105,14,forecast_load_mw_day_ahead,-4.203178e-05
105,15,gen_fuel_gas_mw,-0.00013542523
105,16,total_gen,0.00024433143
105,17,gen_fuel_wind_mw,-8.5521046e-05
105,18,wind_generation_mw,3.245731e-05
105,19,da_as_as_req_mw_thirty_minutes_reserve,-1.9225074e-05
105,20,gen_fuel_multiple_fuels_pct,7.0352144e-06
105,21,total_lmp_da,0.00010404416
105,22,system_energy_price_rt,-0.0002617382
105,23,total_lmp_rt,-0.0005682834
105,24,da_as_mcp_synchronized_reserve,-0.00012433318
105,25,da_as_mcp_primary_reserve,0.00015201415
105,26,marginal_loss_price_rt,-0.00018518725
105,27,gen_fuel_gas_pct,-6.8264508e-06
105,28,marginal_loss_price_da,0.00024797564
105,29,gen_fuel_wind_pct,-0.0002825474
105,30,metered_load_mw,0.000118825876
105,31,gross_inadv_interchange_mw,-0.00010473745
105,32,gen_fuel_nuclear_pct,-0.00030385802
105,33,congestion_price_da,-3.138679e-05
105,34,congestion_price_rt,7.6976736e-05
105,35,forecast_load_mw_latest_available,-0.0001748985
105,36,prelim_load_avg_hourly,7.7311044e-05
105,37,gross_actual_interchange_mw,-7.506773e-06
105,38,total_losses,0.00011788268
105,39,gen_fuel_oil_mw,-0.00018543171
105,40,da_as_ss_mw_primary_reserve,-0.00024532827
105,41,da_as_nsr_mw_primary_reserve,-4.861678e-05
105,42,gen_fuel_coal_pct,0.000101389385
105,43,gen_fuel_other_renewables_pct,-5.6720855e-06
105,44,solar_generation_mw,0.00019950209
105,45,gen_fuel_hydro_mw,9.952903e-05
105,46,net_inadv_interchange_mw,0.01927978
105,47,gen_fuel_solar_mw,-0.0002671316
106,1,net_sched_interchange_mw,0.764661
106,2,gen_fuel_coal_mw,-0.0002016358
106,3,da_as_total_mw_thirty_minutes_reserve,0.00039857414
106,4,gross_sched_interchange_mw,-2.133959e-05
106,5,gen_fuel_nuclear_mw,0.0001984174
106,6,da_as_as_req_mw_primary_reserve,0.00020521511
106,7,da_as_as_req_mw_synchronized_reserve,-0.00027439927
106,8,da_as_total_mw_primary_reserve,1.6350357e-05
106,9,da_as_total_mw_synchronized_reserve,9.260879e-05
106,10,gen_fuel_other_renewables_mw,-9.5866526e-05
106,11,gen_fuel_multiple_fuels_mw,-2.2062053e-05
106,12,system_energy_price_da,-2.3157703e-05
106,13,gen_fuel_storage_mw,-7.7366734e-05
106,14,forecast_load_mw_day_ahead,0.00017596377
106,15,gen_fuel_gas_mw,-9.528897e-05
106,16,total_gen,1.5590824e-05
106,17,gen_fuel_wind_mw,-0.00016002869
106,18,wind_generation_mw,-0.00019609426
106,19,da_as_as_req_mw_thirty_minutes_reserve,-7.1873474e-06
106,20,gen_fuel_multiple_fuels_pct,5.8920687e-05
106,21,total_lmp_da,-8.948819e-05
106,22,system_energy_price_rt,1.0251139e-05
106,23,total_lmp_rt,4.6227276e-05
106,24,da_as_mcp_synchronized_reserve,8.500736e-05
106,25,da_as_mcp_primary_reserve,1.45322265e-05
106,26,marginal_loss_price_rt,-0.00016105647
106,27,gen_fuel_gas_pct,0.00024121942
106,28,marginal_loss_price_da,6.223326e-05
106,29,gen_fuel_wind_pct,-0.00036090988
106,30,metered_load_mw,0.000110182795
106,31,gross_inadv_interchange_mw,-0.00012385118
106,32,gen_fuel_nuclear_pct,2.7874097e-05
106,33,congestion_price_da,5.4651027e-05
106,34,congestion_price_rt,-0.00018426639
106,35,forecast_load_mw_latest_available,0.0002908228
106,36,prelim_load_avg_hourly,0.00016764666
106,37,gross_actual_interchange_mw,9.712977e-05
106,38,total_losses,-0.00019114184
106,39,gen_fuel_oil_mw,0.00016460862
106,40,da_as_ss_mw_primary_reserve,6.9309346e-05
106,41,da_as_nsr_mw_primary_reserve,-6.0299553e-06
106,42,gen_fuel_coal_pct,-0.00010097526
106,43,gen_fuel_other_renewables_pct,-1.12068665e-05
106,44,solar_generation_mw,0.00020505971
106,45,gen_fuel_hydro_mw,-5.2473206e-05
106,46,net_inadv_interchange_mw,0.018566318
106,47,gen_fuel_solar_mw,-0.00012832596
107,1,net_sched_interchange_mw,0.7601349
107,2,gen_fuel_coal_mw,-8.18479e-06
107,3,da_as_total_mw_thirty_minutes_reserve,-0.00022097057
107,4,gross_sched_interchange_mw,-0.00025965075
107,5,gen_fuel_nuclear_mw,6.5207736e-05
107,6,da_as_as_req_mw_primary_reserve,-9.0969545e-05
107,7,da_as_as_req_mw_synchronized_reserve,-0.00025863785
107,8,da_as_total_mw_primary_reserve,-7.320669e-05
107,9,da_as_total_mw_synchronized_reserve,-3.406414e-05
107,10,gen_fuel_other_renewables_mw,-8.577481e-06
107,11,gen_fuel_multiple_fuels_mw,-4.501215e-06
107,12,system_energy_price_da,-3.3076147e-05
107,13,gen_fuel_storage_mw,4.9290138e-05
107,14,forecast_load_mw_day_ahead,0.00017850264
107,15,gen_fuel_gas_mw,0.00031755562
107,16,total_gen,-5.5671604e-05
107,17,gen_fuel_wind_mw,4.994996e-05
107,18,wind_generation_mw,0.00029676544
107,19,da_as_as_req_mw_thirty_minutes_reserve,-1.4580859e-05
107,20,gen_fuel_multiple_fuels_pct,0.00020587137
107,21,total_lmp_da,-0.00016080076
107,22,system_energy_price_rt,6.2066894e-05
107,23,total_lmp_rt,8.955285e-06
107,24,da_as_mcp_synchronized_reserve,2.2483084e-05
107,25,da_as_mcp_primary_reserve,0.00013306574
107,26,marginal_loss_price_rt,0.00011354935
107,27,gen_fuel_gas_pct,8.5307096e-05
107,28,marginal_loss_price_da,0.00022171834
107,29,gen_fuel_wind_pct,7.2057956e-05
107,30,metered_load_mw,4.0212333e-05
107,31,gross_inadv_interchange_mw,0.00010677468
107,32,gen_fuel_nuclear_pct,-5.9605707e-05
107,33,congestion_price_da,-9.745141e-05
107,34,congestion_price_rt,5.8667763e-05
107,35,forecast_load_mw_latest_available,8.693213e-05
107,36,prelim_load_avg_hourly,-6.0241433e-05
107,37,gross_actual_interchange_mw,-0.00025089007
107,38,total_losses,-0.0004629678
107,39,gen_fuel_oil_mw,0.00019557777
107,40,da_as_ss_mw_primary_reserve,-6.346858e-05
107,41,da_as_nsr_mw_primary_reserve,0.00015852053
107,42,gen_fuel_coal_pct,-8.229473e-05
107,43,gen_fuel_other_renewables_pct,1.28762385e-05
107,44,solar_generation_mw,-7.158701e-05
107,45,gen_fuel_hydro_mw,8.242323e-06
107,46,net_inadv_interchange_mw,0.018154446
107,47,gen_fuel_solar_mw,4.3157954e-05
108,1,net_sched_interchange_mw,0.7553444
108,2,gen_fuel_coal_mw,0.0001641306
108,3,da_as_total_mw_thirty_minutes_reserve,2.399429e-08
108,4,gross_sched_interchange_mw,-1.275196e-05
108,5,gen_fuel_nuclear_mw,-0.0001306262
108,6,da_as_as_req_mw_primary_reserve,1.0358199e-06
108,7,da_as_as_req_mw_synchronized_reserve,-0.00010921093
108,8,da_as_total_mw_primary_reserve,0.00014802231
108,9,da_as_total_mw_synchronized_reserve,8.100122e-05
108,10,gen_fuel_other_renewables_mw,-0.000116320916
108,11,gen_fuel_multiple_fuels_mw,-6.4066684e-05
108,12,system_energy_price_da,9.794861e-05
108,13,gen_fuel_storage_mw,7.328816e-05
108,14,forecast_load_mw_day_ahead,4.611903e-05
108,15,gen_fuel_gas_mw,-0.00015963514
108,16,total_gen,-4.0247553e-05
108,17,gen_fuel_wind_mw,-0.00012549652
108,18,wind_generation_mw,-6.113183e-05
108,19,da_as_as_req_mw_thirty_minutes_reserve,5.6975572e-05
108,20,gen_fuel_multiple_fuels_pct,-0.0001504833
108,21,total_lmp_da,0.00015317739
108,22,system_energy_price_rt,9.593564e-05
108,23,total_lmp_rt,-0.00014586614
108,24,da_as_mcp_synchronized_reserve,1.7572245e-05
108,25,da_as_mcp_primary_reserve,5.967482e-06
108,26,marginal_loss_price_rt,-6.973275e-05
108,27,gen_fuel_gas_pct,8.952916e-05
108,28,marginal_loss_price_da,-7.6635326e-05
108,29,gen_fuel_wind_pct,0.0003438322
108,30,metered_load_mw,-0.0002838472
108,31,gross_inadv_interchange_mw,-0.0001477982
108,32,gen_fuel_nuclear_pct,0.00011493063
108,33,congestion_price_da,0.0001163709
108,34,congestion_price_rt,0.000113502865
108,35,forecast_load_mw_latest_available,-0.00011551827
108,36,prelim_load_avg_hourly,-5.8421454e-05
108,37,gross_actual_interchange_mw,-2.9527022e-05
108,38,total_losses,1.4316553e-05
108,39,gen_fuel_oil_mw,0.00011480433
108,40,da_as_ss_mw_primary_reserve,-8.1969534e-05
108,41,da_as_nsr_mw_primary_reserve,2.619655e-05
108,42,gen_fuel_coal_pct,-2.537774e-05
108,43,gen_fuel_other_renewables_pct,2.6578215e-05
108,44,solar_generation_mw,-2.4186593e-05
108,45,gen_fuel_hydro_mw,0.00014200382
108,46,net_inadv_interchange_mw,0.017671103
108,47,gen_fuel_solar_mw,8.614849e-05
109,1,net_sched_interchange_mw,0.75013316
109,2,gen_fuel_coal_mw,-2.008985e-05
109,3,da_as_total_mw_thirty_minutes_reserve,3.690296e-05
109,4,gross_sched_interchange_mw,0.00022616706
109,5,gen_fuel_nuclear_mw,9.55721e-05
109,6,da_as_as_req_mw_primary_reserve,0.00010859872
109,7,da_as_as_req_mw_synchronized_reserve,0.00024369366
109,8,da_as_total_mw_primary_reserve,-8.637777e-05
109,9,da_as_total_mw_synchronized_reserve,-0.0002800636
109,10,gen_fuel_other_renewables_mw,0.00019737623
109,11,gen_fuel_multiple_fuels_mw,-3.7423088e-05
109,12,system_energy_price_da,0.00026726467
109,13,gen_fuel_storage_mw,-9.0809626e-05
109,14,forecast_load_mw_day_ahead,-7.1431234e-05
109,15,gen_fuel_gas_mw,-0.00020595177
109,16,total_gen,-6.921294e-05
109,17,gen_fuel_wind_mw,1.6641206e-05
109,18,wind_generation_mw,0.00027232285
109,19,da_as_as_req_mw_thirty_minutes_reserve,0.00039258166
109,20,gen_fuel_multiple_fuels_pct,-0.00014172294
109,21,total_lmp_da,-0.00031343623
109,22,system_energy_price_rt,-5.3984688e-05
109,23,total_lmp_rt,0.00063664385
109,24,da_as_mcp_synchronized_reserve,0.00011411582
109,25,da_as_mcp_primary_reserve,0.00016326518
109,26,marginal_loss_price_rt,0.0001528154
109,27,gen_fuel_gas_pct,8.576596e-05
109,28,marginal_loss_price_da,-0.000104363105
109,29,gen_fuel_wind_pct,0.00013900302
109,30,metered_load_mw,-6.609481e-05
109,31,gross_inadv_interchange_mw,-0.000372112
109,32,gen_fuel_nuclear_pct,-0.00026366016
109,33,congestion_price_da,-0.00015232684
109,34,congestion_price_rt,0.00011586645
109,35,forecast_load_mw_latest_available,2.876655e-05
109,36,prelim_load_avg_hourly,0.00018542435
109,37,gross_actual_interchange_mw,7.526345e-06
109,38,total_losses,4.2436077e-06
109,39,gen_fuel_oil_mw,-7.7848046e-05
109,40,da_as_ss_mw_primary_reserve,-5.4634824e-05
109,41,da_as_nsr_mw_primary_reserve,-9.942954e-05
109,42,gen_fuel_coal_pct,-5.41173e-05
109,43,gen_fuel_other_renewables_pct,-0.00010208846
109,44,solar_generation_mw,-0.0001891071
109,45,gen_fuel_hydro_mw,0.00031683105
109,46,net_inadv_interchange_mw,0.017927561
109,47,gen_fuel_solar_mw,-5.920995e-05
110,1,net_sched_interchange_mw,0.745319
110,2,gen_fuel_coal_mw,6.8806316e-05
110,3,da_as_total_mw_thirty_minutes_reserve,3.9666804e-05
110,4,gross_sched_interchange_mw,-5.6460012e-05
110,5,gen_fuel_nuclear_mw,-8.766874e-06
110,6,da_as_as_req_mw_primary_reserve,-9.190868e-05
110,7,da_as_as_req_mw_synchronized_reserve,-3.3032185e-05
110,8,da_as_total_mw_primary_reserve,-0.00010511922
110,9,da_as_total_mw_synchronized_reserve,0.00010789181
110,10,gen_fuel_other_renewables_mw,0.00013264644
110,11,gen_fuel_multiple_fuels_mw,0.00026398554
110,12,system_energy_price_da,2.8950832e-05
110,13,gen_fuel_storage_mw,0.0001425026
110,14,forecast_load_mw_day_ahead,-0.00018824791
110,15,gen_fuel_gas_mw,7.644217e-05
110,16,total_gen,-7.9136866e-05
110,17,gen_fuel_wind_mw,-0.00017579959
110,18,wind_generation_mw,0.00010272348
110,19,da_as_as_req_mw_thirty_minutes_reserve,9.050258e-05
110,20,gen_fuel_multiple_fuels_pct,-4.281171e-05
110,21,total_lmp_da,0.00022930147
110,22,system_energy_price_rt,1.8370174e-05
110,23,total_lmp_rt,0.00014533792
110,24,da_as_mcp_synchronized_reserve,-8.49766e-05
110,25,da_as_mcp_primary_reserve,-0.00022874904
110,26,marginal_loss_price_rt,0.00014176503
110,27,gen_fuel_gas_pct,0.00018583518
110,28,marginal_loss_price_da,0.00029368355
110,29,gen_fuel_wind_pct,-0.00019204355
110,30,metered_load_mw,1.852357e-06
110,31,gross_inadv_interchange_mw,-0.00034881823
110,32,gen_fuel_nuclear_pct,9.45652e-05
110,33,congestion_price_da,-0.00023212153
110,34,congestion_price_rt,-3.5989677e-05
110,35,forecast_load_mw_latest_available,7.283401e-06
110,36,prelim_load_avg_hourly,7.374191e-05
110,37,gross_actual_interchange_mw,-1.06385705e-05
110,38,total_losses,0.00012571311
110,39,gen_fuel_oil_mw,-2.2384054e-05
110,40,da_as_ss_mw_primary_reserve,-0.00012599214
110,41,da_as_nsr_mw_primary_reserve,-0.00013333515
110,42,gen_fuel_coal_pct,-0.00014694952
110,43,gen_fuel_other_renewables_pct,2.3840716e-05
110,44,solar_generation_mw,0.00014633761
110,45,gen_fuel_hydro_mw,-0.0001564438
110,46,net_inadv_interchange_mw,0.016969677
110,47,gen_fuel_solar_mw,0.000120412384
111,1,net_sched_interchange_mw,0.73987514
111,2,gen_fuel_coal_mw,-0.00013824273
111,3,da_as_total_mw_thirty_minutes_reserve,4.314682e-05
111,4,gross_sched_interchange_mw,1.2934466e-05
111,5,gen_fuel_nuclear_mw,-4.9320035e-05
111,6,da_as_as_req_mw_primary_reserve,-6.282481e-05
111,7,da_as_as_req_mw_synchronized_reserve,-0.00013517113
111,8,da_as_total_mw_primary_reserve,0.0001831695
111,9,da_as_total_mw_synchronized_reserve,-3.856099e-05
111,10,gen_fuel_other_renewables_mw,8.157297e-05
111,11,gen_fuel_multiple_fuels_mw,-0.000114256676
111,12,system_energy_price_da,-0.00019377674
111,13,gen_fuel_storage_mw,2.9663113e-05
111,14,forecast_load_mw_day_ahead,0.00015683402
111,15,gen_fuel_gas_mw,-4.6683464e-05
111,16,total_gen,2.2632034e-05
111,17,gen_fuel_wind_mw,7.337272e-05
111,18,wind_generation_mw,-0.00012580889
111,19,da_as_as_req_mw_thirty_minutes_reserve,-0.00040165702
111,20,gen_fuel_multiple_fuels_pct,0.00010831941
111,21,total_lmp_da,-0.00014846065
111,22,system_energy_price_rt,-5.947797e-06
111,23,total_lmp_rt,2.422661e-06
111,24,da_as_mcp_synchronized_reserve,0.00015923151
111,25,da_as_mcp_primary_reserve,-0.00014619372
111,26,marginal_loss_price_rt,-6.2551844e-05
111,27,gen_fuel_gas_pct,-7.827018e-05
111,28,marginal_loss_price_da,2.6421592e-05
111,29,gen_fuel_wind_pct,5.7207682e-05
111,30,metered_load_mw,-0.00017182298
111,31,gross_inadv_interchange_mw,-1.0587741e-05
111,32,gen_fuel_nuclear_pct,-0.00015790178
111,33,congestion_price_da,0.00014125256
111,34,congestion_price_rt,-7.880662e-06
111,35,forecast_load_mw_latest_available,-4.8672377e-05
111,36,prelim_load_avg_hourly,0.00029733032
111,37,gross_actual_interchange_mw,0.00022545388
111,38,total_losses,-3.977141e-06
111,39,gen_fuel_oil_mw,0.00024226535
111,40,da_as_ss_mw_primary_reserve,0.0001062833
111,41,da_as_nsr_mw_primary_reserve,0.00031641615
111,42,gen_fuel_coal_pct,0.00033563667
111,43,gen_fuel_other_renewables_pct,-8.332536e-06
111,44,solar_generation_mw,2.545822e-05
111,45,gen_fuel_hydro_mw,0.00016548156
111,46,net_inadv_interchange_mw,0.016968235
111,47,gen_fuel_solar_mw,-0.0001853604
112,1,net_sched_interchange_mw,0.7342588
112,2,gen_fuel_coal_mw,-0.00018552435
112,3,da_as_total_mw_thirty_minutes_reserve,-4.501679e-05
112,4,gross_sched_interchange_mw,-0.00012902744
112,5,gen_fuel_nuclear_mw,-6.3211206e-05
112,6,da_as_as_req_mw_primary_reserve,-0.00048485433
112,7,da_as_as_req_mw_synchronized_reserve,0.00021291626
112,8,da_as_total_mw_primary_reserve,-1.962285e-05
112,9,da_as_total_mw_synchronized_reserve,-0.000254968
112,10,gen_fuel_other_renewables_mw,0.00021466316
112,11,gen_fuel_multiple_fuels_mw,-0.00015366585
112,12,system_energy_price_da,-6.4255306e-05
112,13,gen_fuel_storage_mw,0.0001425589
112,14,forecast_load_mw_day_ahead,-3.84379e-05
112,15,gen_fuel_gas_mw,6.2996995e-05
112,16,total_gen,7.954966e-05
112,17,gen_fuel_wind_mw,-9.4879084e-05
112,18,wind_generation_mw,1.3476732e-05
112,19,da_as_as_req_mw_thirty_minutes_reserve,-0.00020437174
112,20,gen_fuel_multiple_fuels_pct,7.949538e-05
112,21,total_lmp_da,-0.00034089136
112,22,system_energy_price_rt,0.00010095284
112,23,total_lmp_rt,-0.00014955192
112,24,da_as_mcp_synchronized_reserve,0.00016527054
112,25,da_as_mcp_primary_reserve,-2.8072063e-05
112,26,marginal_loss_price_rt,6.469258e-05
112,27,gen_fuel_gas_pct,-8.4080726e-05
112,28,marginal_loss_price_da,0.00025960238
112,29,gen_fuel_wind_pct,4.245968e-05
112,30,metered_load_mw,0.00024782357
112,31,gross_inadv_interchange_mw,0.00023487885
112,32,gen_fuel_nuclear_pct,-3.5104338e-05
112,33,congestion_price_da,-6.756888e-05
112,34,congestion_price_rt,0.00018438393
112,35,forecast_load_mw_latest_available,0.00014182882
112,36,prelim_load_avg_hourly,2.451455e-05
112,37,gross_actual_interchange_mw,-0.00019299195
112,38,total_losses,-0.00019126007
112,39,gen_fuel_oil_mw,-8.8637644e-05
112,40,da_as_ss_mw_primary_reserve,0.0001411093
112,41,da_as_nsr_mw_primary_reserve,0.00024310916
112,42,gen_fuel_coal_pct,6.247783e-05
112,43,gen_fuel_other_renewables_pct,-3.1233925e-05
112,44,solar_generation_mw,0.00047230805
112,45,gen_fuel_hydro_mw,5.437364e-05
112,46,net_inadv_interchange_mw,0.016239427
112,47,gen_fuel_solar_mw,-5.6445424e-06
113,1,net_sched_interchange_mw,0.72869784
113,2,gen_fuel_coal_mw,0.00014441376
113,3,da_as_total_mw_thirty_minutes_reserve,5.846632e-06
113,4,gross_sched_interchange_mw,-4.6830508e-05
113,5,gen_fuel_nuclear_mw,-0.00014176924
113,6,da_as_as_req_mw_primary_reserve,-8.027294e-05
113,7,da_as_as_req_mw_synchronized_reserve,0.00017565239
113,8,da_as_total_mw_primary_reserve,0.00017068065
113,9,da_as_total_mw_synchronized_reserve,-1.9095096e-06
113,10,gen_fuel_other_renewables_mw,-0.00010547682
113,11,gen_fuel_multiple_fuels_mw,0.00024970682
113,12,system_energy_price_da,-0.00016415068
113,13,gen_fuel_storage_mw,2.0339634e-05
113,14,forecast_load_mw_day_ahead,0.00012472963
113,15,gen_fuel_gas_mw,-0.00033476815
113,16,total_gen,1.6758713e-06
113,17,gen_fuel_wind_mw,-0.00010595274
113,18,wind_generation_mw,-8.520101e-05
113,19,da_as_as_req_mw_thirty_minutes_reserve,8.2409606e-05
113,20,gen_fuel_multiple_fuels_pct,5.8458543e-05
113,21,total_lmp_da,0.00011561136
113,22,system_energy_price_rt,1.5000049e-05
113,23,total_lmp_rt,-0.00022478256
113,24,da_as_mcp_synchronized_reserve,-4.4996264e-05
113,25,da_as_mcp_primary_reserve,4.728732e-06
113,26,marginal_loss_price_rt,-2.4776564e-05
113,27,gen_fuel_gas_pct,9.267926e-06
113,28,marginal_loss_price_da,-0.0002950839
113,29,gen_fuel_wind_pct,-7.369596e-05
113,30,metered_load_mw,4.766132e-05
113,31,gross_inadv_interchange_mw,3.403301e-05
113,32,gen_fuel_nuclear_pct,0.00023885549
113,33,congestion_price_da,8.9001354e-05
113,34,congestion_price_rt,1.8352235e-05
113,35,forecast_load_mw_latest_available,0.00012664463
113,36,prelim_load_avg_hourly,-0.00018382468
113,37,gross_actual_interchange_mw,0.00012674689
113,38,total_losses,-0.00021651581
113,39,gen_fuel_oil_mw,-0.00010985511
113,40,da_as_ss_mw_primary_reserve,9.16951e-05
113,41,da_as_nsr_mw_primary_reserve,-3.0597264e-05
113,42,gen_fuel_coal_pct,-5.256052e-05
113,43,gen_fuel_other_renewables_pct,-0.0001470194
113,44,solar_generation_mw,8.946988e-05
113,45,gen_fuel_hydro_mw,9.739533e-05
113,46,net_inadv_interchange_mw,0.01615986
113,47,gen_fuel_solar_mw,-0.00021403207
114,1,net_sched_interchange_mw,0.7225889
114,2,gen_fuel_coal_mw,7.3803705e-05
114,3,da_as_total_mw_thirty_minutes_reserve,-5.1753497e-05
114,4,gross_sched_interchange_mw,2.372852e-05
114,5,gen_fuel_nuclear_mw,-1.0010794e-05
114,6,da_as_as_req_mw_primary_reserve,0.00046596245
114,7,da_as_as_req_mw_synchronized_reserve,-0.00023109028
114,8,da_as_total_mw_primary_reserve,-0.00028515648
114,9,da_as_total_mw_synchronized_reserve,0.00016649923
114,10,gen_fuel_other_renewables_mw,-0.00014447204
114,11,gen_fuel_multiple_fuels_mw,0.00023090892
114,12,system_energy_price_da,-0.00025272436
114,13,gen_fuel_storage_mw,0.00030903736
114,14,forecast_load_mw_day_ahead,-0.00025316275
114,15,gen_fuel_gas_mw,-0.00010361077
114,16,total_gen,-0.00010707748
114,17,gen_fuel_wind_mw,1.6116654e-05
114,18,wind_generation_mw,-2.3426517e-05
114,19,da_as_as_req_mw_thirty_minutes_reserve,2.7293798e-05
114,20,gen_fuel_multiple_fuels_pct,0.00014861408
114,21,total_lmp_da,-2.2914555e-05
114,22,system_energy_price_rt,-9.468471e-06
114,23,total_lmp_rt,-6.6065695e-08
114,24,da_as_mcp_synchronized_reserve,-5.466068e-05
114,25,da_as_mcp_primary_reserve,8.529487e-05
114,26,marginal_loss_price_rt,0.00016992312
114,27,gen_fuel_gas_pct,0.00020201725
114,28,marginal_loss_price_da,-4.029469e-05
114,29,gen_fuel_wind_pct,2.0004532e-05
114,30,metered_load_mw,-0.00030095002
114,31,gross_inadv_interchange_mw,-0.00024764938
114,32,gen_fuel_nuclear_pct,-0.00015698918
114,33,congestion_price_da,-8.0461745e-05
114,34,congestion_price_rt,-5.7989186e-05
114,35,forecast_load_mw_latest_available,5.2770985e-05
114,36,prelim_load_avg_hourly,-0.00015420899
114,37,gross_actual_interchange_mw,0.00016379586
114,38,total_losses,0.00010737812
114,39,gen_fuel_oil_mw,5.259758e-05
114,40,da_as_ss_mw_primary_reserve,6.8347676e-05
114,41,da_as_nsr_mw_primary_reserve,9.4735515e-05
114,42,gen_fuel_coal_pct,-4.295123e-05
114,43,gen_fuel_other_renewables_pct,-0.00023585209
114,44,solar_generation_mw,-0.00049954763
114,45,gen_fuel_hydro_mw,0.00014477309
114,46,net_inadv_interchange_mw,0.01560915
114,47,gen_fuel_solar_mw,-0.00037875428
115,1,net_sched_interchange_mw,0.71622837
115,2,gen_fuel_coal_mw,7.663077e-05
115,3,da_as_total_mw_thirty_minutes_reserve,0.00014375811
115,4,gross_sched_interchange_mw,-1.2045224e-05
115,5,gen_fuel_nuclear_mw,0.00021225808
115,6,da_as_as_req_mw_primary_reserve,-0.00024758012
115,7,da_as_as_req_mw_synchronized_reserve,3.2978292e-05
115,8,da_as_total_mw_primary_reserve,-5.99431e-05
115,9,da_as_total_mw_synchronized_reserve,0.00045706678
115,10,gen_fuel_other_renewables_mw,6.4164444e-05
115,11,gen_fuel_multiple_fuels_mw,0.00044897443
115,12,system_energy_price_da,-0.00051740115
115,13,gen_fuel_storage_mw,-0.00028526413
115,14,forecast_load_mw_day_ahead,-0.00027242748
115,15,gen_fuel_gas_mw,0.00031885947
115,16,total_gen,-4.710624e-05
115,17,gen_fuel_wind_mw,0.00011477666
115,18,wind_generation_mw,0.0003467987
115,19,da_as_as_req_mw_thirty_minutes_reserve,-5.060668e-05
115,20,gen_fuel_multiple_fuels_pct,5.6297133e-05
115,21,total_lmp_da,0.00040116723
115,22,system_energy_price_rt,0.0002231052
115,23,total_lmp_rt,3.1026895e-05
115,24,da_as_mcp_synchronized_reserve,-1.8193878e-05
115,25,da_as_mcp_primary_reserve,0.00018952687
115,26,marginal_loss_price_rt,0.00015596958
115,27,gen_fuel_gas_pct,-6.027374e-05
115,28,marginal_loss_price_da,9.40311e-05
115,29,gen_fuel_wind_pct,-0.00012166949
115,30,metered_load_mw,5.5901706e-05
115,31,gross_inadv_interchange_mw,0.00012976804
115,32,gen_fuel_nuclear_pct,-0.00039819494
115,33,congestion_price_da,4.9697934e-05
115,34,congestion_price_rt,0.00014406246
115,35,forecast_load_mw_latest_available,0.0001757957
115,36,prelim_load_avg_hourly,-0.00020945515
115,37,gross_actual_interchange_mw,0.00015425378
115,38,total_losses,0.00012766334
115,39,gen_fuel_oil_mw,-0.00022362803
115,40,da_as_ss_mw_primary_reserve,7.696144e-06
115,41,da_as_nsr_mw_primary_reserve,-0.00012320965
115,42,gen_fuel_coal_pct,-0.00016807379
115,43,gen_fuel_other_renewables_pct,-9.143229e-05
115,44,solar_generation_mw,0.00018022174
115,45,gen_fuel_hydro_mw,-8.715123e-05
115,46,net_inadv_interchange_mw,0.015456579
115,47,gen_fuel_solar_mw,0.00017206228
116,1,net_sched_interchange_mw,0.71013546
116,2,gen_fuel_coal_mw,-9.639565e-05
116,3,da_as_total_mw_thirty_minutes_reserve,-3.5314733e-05
116,4,gross_sched_interchange_mw,-0.00015776612
116,5,gen_fuel_nuclear_mw,-2.2914537e-06
116,6,da_as_as_req_mw_primary_reserve,0.00033132551
116,7,da_as_as_req_mw_synchronized_reserve,0.0002623179
116,8,da_as_total_mw_primary_reserve,-3.7004833e-05
116,9,da_as_total_mw_synchronized_reserve,-4.6865745e-05
116,10,gen_fuel_other_renewables_mw,-0.00013170956
116,11,gen_fuel_multiple_fuels_mw,0.00030041768
116,12,system_energy_price_da,-5.7674053e-05
116,13,gen_fuel_storage_mw,-0.00019712275
116,14,forecast_load_mw_day_ahead,-2.4352761e-05
116,15,gen_fuel_gas_mw,0.00026170106
116,16,total_gen,-2.829486e-05
116,17,gen_fuel_wind_mw,-0.00025928518
116,18,wind_generation_mw,-8.814982e-05
116,19,da_as_as_req_mw_thirty_minutes_reserve,-0.00010245193
116,20,gen_fuel_multiple_fuels_pct,-5.446936e-05
116,21,total_lmp_da,-0.00033396253
116,22,system_energy_price_rt,-0.000108279804
116,23,total_lmp_rt,3.5894e-05
116,24,da_as_mcp_synchronized_reserve,-5.6502737e-05
116,25,da_as_mcp_primary_reserve,0.0002511898
116,26,marginal_loss_price_rt,-0.00027319108
116,27,gen_fuel_gas_pct,-2.2647197e-05
116,28,marginal_loss_price_da,-1.4917641e-06
116,29,gen_fuel_wind_pct,0.00020148567
116,30,metered_load_mw,-2.856445e-05
116,31,gross_inadv_interchange_mw,0.00015732516
116,32,gen_fuel_nuclear_pct,-0.00033287719
116,33,congestion_price_da,-3.6166366e-05
116,34,congestion_price_rt,5.7280755e-05
116,35,forecast_load_mw_latest_available,0.00029431662
116,36,prelim_load_avg_hourly,4.982925e-06
116,37,gross_actual_interchange_mw,1.7856335e-05
116,38,total_losses,-0.00013587756
116,39,gen_fuel_oil_mw,-0.00012978681
116,40,da_as_ss_mw_primary_reserve,-0.00018773615
116,41,da_as_nsr_mw_primary_reserve,-4.243877e-05
116,42,gen_fuel_coal_pct,0.00013038021
116,43,gen_fuel_other_renewables_pct,-4.1101302e-06
116,44,solar_generation_mw,-0.00013109088
116,45,gen_fuel_hydro_mw,-4.3451073e-05
116,46,net_inadv_interchange_mw,0.015085863
116,47,gen_fuel_solar_mw,-0.00017749728
117,1,net_sched_interchange_mw,0.70406675
117,2,gen_fuel_coal_mw,-8.852509e-05
117,3,da_as_total_mw_thirty_minutes_reserve,7.369929e-05
117,4,gross_sched_interchange_mw,-0.000110398476
117,5,gen_fuel_nuclear_mw,-0.00012410287
117,6,da_as_as_req_mw_primary_reserve,-0.00012258097
117,7,da_as_as_req_mw_synchronized_reserve,-6.395875e-05
117,8,da_as_total_mw_primary_reserve,4.296539e-05
117,9,da_as_total_mw_synchronized_reserve,0.00029637487
117,10,gen_fuel_other_renewables_mw,0.000102778475
117,11,gen_fuel_multiple_fuels_mw,-0.00021995821
117,12,system_energy_price_da,-0.00020463922
117,13,gen_fuel_storage_mw,-7.455528e-05
117,14,forecast_load_mw_day_ahead,0.00012898038
117,15,gen_fuel_gas_mw,0.00014064446
117,16,total_gen,-8.673697e-05
117,17,gen_fuel_wind_mw,-0.00015042537
117,18,wind_generation_mw,-0.00021562094
117,19,da_as_as_req_mw_thirty_minutes_reserve,-0.00017531427
117,20,gen_fuel_multiple_fuels_pct,-3.655594e-05
117,21,total_lmp_da,0.00023904015
117,22,system_energy_price_rt,-2.5637244e-05
117,23,total_lmp_rt,0.00027294393
117,24,da_as_mcp_synchronized_reserve,-0.00026197202
117,25,da_as_mcp_primary_reserve,-0.00036045854
117,26,marginal_loss_price_rt,-9.2989954e-05
117,27,gen_fuel_gas_pct,-0.00023124108
117,28,marginal_loss_price_da,-0.00028301054
117,29,gen_fuel_wind_pct,0.00018048527
117,30,metered_load_mw,0.00033204493
117,31,gross_inadv_interchange_mw,0.00015443802
117,32,gen_fuel_nuclear_pct,0.00017425258
117,33,congestion_price_da,-0.00025052446
117,34,congestion_price_rt,0.00010865638
117,35,forecast_load_mw_latest_available,-1.9910078e-06
117,36,prelim_load_avg_hourly,0.0002629871
117,37,gross_actual_interchange_mw,4.6218564e-05
117,38,total_losses,9.4382274e-05
117,39,gen_fuel_oil_mw,-1.6250156e-05
117,40,da_as_ss_mw_primary_reserve,8.801469e-05
117,41,da_as_nsr_mw_primary_reserve,-4.675561e-05
117,42,gen_fuel_coal_pct,4.8015143e-05
117,43,gen_fuel_other_renewables_pct,0.000108707856
117,44,solar_generation_mw,-8.190617e-05
117,45,gen_fuel_hydro_mw,-0.00030144956
117,46,net_inadv_interchange_mw,0.01450474
117,47,gen_fuel_solar_mw,-0.00037171226
118,1,net_sched_interchange_mw,0.699328
118,2,gen_fuel_coal_mw,0.00017794764
118,3,da_as_total_mw_thirty_minutes_reserve,-8.247122e-05
118,4,gross_sched_interchange_mw,-0.0004288989
118,5,gen_fuel_nuclear_mw,-0.00014474521
118,6,da_as_as_req_mw_primary_reserve,-0.00020510079
118,7,da_as_as_req_mw_synchronized_reserve,-0.000106686944
118,8,da_as_total_mw_primary_reserve,6.306394e-05
118,9,da_as_total_mw_synchronized_reserve,-0.00064345205
118,10,gen_fuel_other_renewables_mw,-2.0792533e-05
118,11,gen_fuel_multiple_fuels_mw,0.00018307511
118,12,system_energy_price_da,1.5753074e-05
118,13,gen_fuel_storage_mw,7.711482e-05
118,14,forecast_load_mw_day_ahead,6.35146e-06
118,15,gen_fuel_gas_mw,0.0001621086
118,16,total_gen,3.6344863e-05
118,17,gen_fuel_wind_mw,-7.149295e-05
118,18,wind_generation_mw,-9.860887e-06
118,19,da_as_as_req_mw_thirty_minutes_reserve,0.00015613505
118,20,gen_fuel_multiple_fuels_pct,0.00013673014
118,21,total_lmp_da,-0.000529558
118,22,system_energy_price_rt,-0.00029865315
118,23,total_lmp_rt,0.00044134597
118,24,da_as_mcp_synchronized_reserve,0.00043216415
118,25,da_as_mcp_primary_reserve,0.00014775786
118,26,marginal_loss_price_rt,-0.00018656705
118,27,gen_fuel_gas_pct,4.0658677e-05
118,28,marginal_loss_price_da,-0.00023589455
118,29,gen_fuel_wind_pct,0.0001574301
118,30,metered_load_mw,0.00016574873
118,31,gross_inadv_interchange_mw,-0.0001785926
118,32,gen_fuel_nuclear_pct,0.00014542484
118,33,congestion_price_da,-5.9741134e-05
118,34,congestion_price_rt,-0.00012680849
118,35,forecast_load_mw_latest_available,-0.00019960059
118,36,prelim_load_avg_hourly,0.00011142827
118,37,gross_actual_interchange_mw,-5.5223885e-05
118,38,total_losses,-0.00035477203
118,39,gen_fuel_oil_mw,-0.00013485088
118,40,da_as_ss_mw_primary_reserve,0.00038661328
118,41,da_as_nsr_mw_primary_reserve,-0.00014555178
118,42,gen_fuel_coal_pct,-0.00012059709
118,43,gen_fuel_other_renewables_pct,-0.00014246105
118,44,solar_generation_mw,0.0001453169
118,45,gen_fuel_hydro_mw,4.1151154e-05
118,46,net_inadv_interchange_mw,0.014503446
118,47,gen_fuel_solar_mw,-2.2907348e-05
119,1,net_sched_interchange_mw,0.6949739
119,2,gen_fuel_coal_mw,-0.00021687851
119,3,da_as_total_mw_thirty_minutes_reserve,5.5241813e-05
119,4,gross_sched_interchange_mw,-0.0002613263
119,5,gen_fuel_nuclear_mw,0.0002096855
119,6,da_as_as_req_mw_primary_reserve,-0.00027449636
119,7,da_as_as_req_mw_synchronized_reserve,0.00019342989
119,8,da_as_total_mw_primary_reserve,7.9864796e-05
119,9,da_as_total_mw_synchronized_reserve,3.386078e-05
119,10,gen_fuel_other_renewables_mw,0.00019790832
119,11,gen_fuel_multiple_fuels_mw,-9.597718e-05
119,12,system_energy_price_da,-1.0840517e-05
119,13,gen_fuel_storage_mw,0.00023426503
119,14,forecast_load_mw_day_ahead,0.00023870156
119,15,gen_fuel_gas_mw,-3.0180887e-05
119,16,total_gen,-0.0002618385
119,17,gen_fuel_wind_mw,-2.1032745e-05
119,18,wind_generation_mw,-0.00015967441
119,19,da_as_as_req_mw_thirty_minutes_reserve,4.982532e-06
119,20,gen_fuel_multiple_fuels_pct,0.00035232265
119,21,total_lmp_da,-0.00035258644
119,22,system_energy_price_rt,-0.00023147147
119,23,total_lmp_rt,0.0003445847
119,24,da_as_mcp_synchronized_reserve,6.1313185e-05
119,25,da_as_mcp_primary_reserve,-0.00022417
119,26,marginal_loss_price_rt,-0.00015494623
119,27,gen_fuel_gas_pct,-0.00025615032
119,28,marginal_loss_price_da,-1.10159945e-05
119,29,gen_fuel_wind_pct,4.4062806e-05
119,30,metered_load_mw,-5.12135e-05
119,31,gross_inadv_interchange_mw,2.0317762e-05
119,32,gen_fuel_nuclear_pct,-0.00013928316
119,33,congestion_price_da,9.4979594e-05
119,34,congestion_price_rt,-0.00012141177
119,35,forecast_load_mw_latest_available,7.995182e-05
119,36,prelim_load_avg_hourly,-0.00013615438
119,37,gross_actual_interchange_mw,-3.1126183e-05
119,38,total_losses,8.544385e-05
119,39,gen_fuel_oil_mw,-0.00032014775
119,40,da_as_ss_mw_primary_reserve,2.12526e-05
119,41,da_as_nsr_mw_primary_reserve,0.0001577247
119,42,gen_fuel_coal_pct,0.0001666499
119,43,gen_fuel_other_renewables_pct,-0.00029583616
119,44,solar_generation_mw,-3.660613e-05
119,45,gen_fuel_hydro_mw,-0.00022875276
119,46,net_inadv_interchange_mw,0.014498825
119,47,gen_fuel_solar_mw,3.1175347e-05
120,1,net_sched_interchange_mw,0.6900994
120,2,gen_fuel_coal_mw,0.0001439291
120,3,da_as_total_mw_thirty_minutes_reserve,0.00017143638
120,4,gross_sched_interchange_mw,-1.0837544e-05
120,5,gen_fuel_nuclear_mw,-5.015448e-05
120,6,da_as_as_req_mw_primary_reserve,-9.374212e-05
120,7,da_as_as_req_mw_synchronized_reserve,-0.0002072339
120,8,da_as_total_mw_primary_reserve,8.557302e-05
120,9,da_as_total_mw_synchronized_reserve,-6.1377985e-05
120,10,gen_fuel_other_renewables_mw,4.2780914e-05
120,11,gen_fuel_multiple_fuels_mw,-9.234712e-05
120,12,system_energy_price_da,-0.00020770394
120,13,gen_fuel_storage_mw,-0.000113943686
120,14,forecast_load_mw_day_ahead,-9.636089e-05
120,15,gen_fuel_gas_mw,-0.00014352321
120,16,total_gen,0.0002036296
120,17,gen_fuel_wind_mw,-3.0082498e-05
120,18,wind_generation_mw,0.00015880514
120,19,da_as_as_req_mw_thirty_minutes_reserve,-6.198745e-06
120,20,gen_fuel_multiple_fuels_pct,-9.0996116e-05
120,21,total_lmp_da,-8.906583e-05
120,22,system_energy_price_rt,-6.1094965e-05
120,23,total_lmp_rt,1.7203132e-05
120,24,da_as_mcp_synchronized_reserve,-0.00018232611
120,25,da_as_mcp_primary_reserve,-7.717197e-05
120,26,marginal_loss_price_rt,-0.00019050654
120,27,gen_fuel_gas_pct,0.00017407411
120,28,marginal_loss_price_da,-0.00012721962
120,29,gen_fuel_wind_pct,0.0001494991
120,30,metered_load_mw,-2.4975887e-05
120,31,gross_inadv_interchange_mw,0.00011068648
120,32,gen_fuel_nuclear_pct,0.00012671397
120,33,congestion_price_da,-0.0003496803
120,34,congestion_price_rt,4.3150056e-05
120,35,forecast_load_mw_latest_available,0.00027562844
120,36,prelim_load_avg_hourly,-9.273003e-05
120,37,gross_actual_interchange_mw,5.745396e-05
120,38,total_losses,2.9897856e-05
120,39,gen_fuel_oil_mw,-0.00013578025
120,40,da_as_ss_mw_primary_reserve,9.3662224e-05
120,41,da_as_nsr_mw_primary_reserve,-3.7508544e-05
120,42,gen_fuel_coal_pct,5.05357e-05
120,43,gen_fuel_other_renewables_pct,-0.0001562179
120,44,solar_generation_mw,-4.400525e-05
120,45,gen_fuel_hydro_mw,-3.8018894e-05
120,46,net_inadv_interchange_mw,0.014479845
120,47,gen_fuel_solar_mw,0.000102269856
121,1,net_sched_interchange_mw,0.6848786
121,2,gen_fuel_coal_mw,-6.812136e-05
121,3,da_as_total_mw_thirty_minutes_reserve,-0.00024511834
121,4,gross_sched_interchange_mw,0.00012006365
121,5,gen_fuel_nuclear_mw,7.929136e-05
121,6,da_as_as_req_mw_primary_reserve,0.0003147837
121,7,da_as_as_req_mw_synchronized_reserve,0.00039127513
121,8,da_as_total_mw_primary_reserve,0.00013414506
121,9,da_as_total_mw_synchronized_reserve,7.129441e-05
121,10,gen_fuel_other_renewables_mw,-1.8181574e-05
121,11,gen_fuel_multiple_fuels_mw,7.0204376e-05
121,12,system_energy_price_da,7.679609e-05
121,13,gen_fuel_storage_mw,1.2601962e-05
121,14,forecast_load_mw_day_ahead,0.00011054603
121,15,gen_fuel_gas_mw,-0.00027410267
121,16,total_gen,2.2909575e-05
121,17,gen_fuel_wind_mw,-0.000109203145
121,18,wind_generation_mw,5.1478473e-05
121,19,da_as_as_req_mw_thirty_minutes_reserve,-5.494716e-05
121,20,gen_fuel_multiple_fuels_pct,-9.087964e-05
121,21,total_lmp_da,7.281202e-05
121,22,system_energy_price_rt,-3.12757e-05
121,23,total_lmp_rt,0.0002042499
121,24,da_as_mcp_synchronized_reserve,9.200161e-06
121,25,da_as_mcp_primary_reserve,-0.000114105394
121,26,marginal_loss_price_rt,0.00013029327
121,27,gen_fuel_gas_pct,8.946885e-05
121,28,marginal_loss_price_da,6.8768975e-05
121,29,gen_fuel_wind_pct,-3.1559735e-05
121,30,metered_load_mw,0.00036141195
121,31,gross_inadv_interchange_mw,-0.00033777545
121,32,gen_fuel_nuclear_pct,7.891467e-06
121,33,congestion_price_da,3.736247e-05
121,34,congestion_price_rt,-1.0638252e-05
121,35,forecast_load_mw_latest_available,7.870652e-05
121,36,prelim_load_avg_hourly,-0.000241148
121,37,gross_actual_interchange_mw,3.9035513e-05
121,38,total_losses,-0.00034074977
121,39,gen_fuel_oil_mw,-0.00022864252
121,40,da_as_ss_mw_primary_reserve,-0.00013295245
121,41,da_as_nsr_mw_primary_reserve,0.00013619034
121,42,gen_fuel_coal_pct,-5.8439742e-05
121,43,gen_fuel_other_renewables_pct,-5.961221e-05
121,44,solar_generation_mw,7.144257e-05
121,45,gen_fuel_hydro_mw,5.16779e-05
121,46,net_inadv_interchange_mw,0.014128206
121,47,gen_fuel_solar_mw,8.3502935e-05
122,1,net_sched_interchange_mw,0.67951
122,2,gen_fuel_coal_mw,9.5127965e-05
122,3,da_as_total_mw_thirty_minutes_reserve,-3.8979488e-07
122,4,gross_sched_interchange_mw,-2.915521e-05
122,5,gen_fuel_nuclear_mw,6.818967e-05
122,6,da_as_as_req_mw_primary_reserve,0.000118329874
122,7,da_as_as_req_mw_synchronized_reserve,7.041883e-06
122,8,da_as_total_mw_primary_reserve,-5.648109e-05
122,9,da_as_total_mw_synchronized_reserve,-0.00019374375
122,10,gen_fuel_other_renewables_mw,0.00012773077
122,11,gen_fuel_multiple_fuels_mw,4.8920338e-06
122,12,system_energy_price_da,-0.000368124
122,13,gen_fuel_storage_mw,1.6029808e-05
122,14,forecast_load_mw_day_ahead,-0.00019353256
122,15,gen_fuel_gas_mw,-3.0443174e-05
122,16,total_gen,2.1860706e-05
122,17,gen_fuel_wind_mw,-0.000103840066
122,18,wind_generation_mw,-0.00039874105
122,19,da_as_as_req_mw_thirty_minutes_reserve,-7.235032e-05
122,20,gen_fuel_multiple_fuels_pct,5.0413644e-05
122,21,total_lmp_da,0.00022646524
122,22,system_energy_price_rt,7.56432e-05
122,23,total_lmp_rt,-0.0001956806
122,24,da_as_mcp_synchronized_reserve,-0.00031200683
122,25,da_as_mcp_primary_reserve,-0.0001626877
122,26,marginal_loss_price_rt,9.767988e-06
122,27,gen_fuel_gas_pct,-0.000107344276
122,28,marginal_loss_price_da,-0.00010467248
122,29,gen_fuel_wind_pct,0.00014154658
122,30,metered_load_mw,-0.0002541847
122,31,gross_inadv_interchange_mw,-7.0861475e-05
122,32,gen_fuel_nuclear_pct,-0.00011769416
122,33,congestion_price_da,-0.00015773917
122,34,congestion_price_rt,-4.1454936e-05
122,35,forecast_load_mw_latest_available,0.00015438403
122,36,prelim_load_avg_hourly,-0.0003216333
122,37,gross_actual_interchange_mw,-9.1073074e-05
122,38,total_losses,7.7264165e-05
122,39,gen_fuel_oil_mw,7.44647e-05
122,40,da_as_ss_mw_primary_reserve,5.697068e-05
122,41,da_as_nsr_mw_primary_reserve,-5.719113e-05
122,42,gen_fuel_coal_pct,-0.00012405493
122,43,gen_fuel_other_renewables_pct,7.690978e-05
122,44,solar_generation_mw,0.000107060834
122,45,gen_fuel_hydro_mw,0.00030106222
122,46,net_inadv_interchange_mw,0.014086443
122,47,gen_fuel_solar_mw,0.00023184685
123,1,net_sched_interchange_mw,0.6739182
123,2,gen_fuel_coal_mw,-8.091927e-06
123,3,da_as_total_mw_thirty_minutes_reserve,1.4761681e-05
123,4,gross_sched_interchange_mw,-3.618592e-05
123,5,gen_fuel_nuclear_mw,0.0002211058
123,6,da_as_as_req_mw_primary_reserve,-0.0001284325
123,7,da_as_as_req_mw_synchronized_reserve,2.0133171e-05
123,8,da_as_total_mw_primary_reserve,-1.0459007e-05
123,9,da_as_total_mw_synchronized_reserve,-0.00018742989
123,10,gen_fuel_other_renewables_mw,-1.0710981e-05
123,11,gen_fuel_multiple_fuels_mw,-0.000109332104
123,12,system_energy_price_da,0.00031763056
123,13,gen_fuel_storage_mw,4.8101487e-05
123,14,forecast_load_mw_day_ahead,1.3639641e-05
123,15,gen_fuel_gas_mw,-0.00025732556
123,16,total_gen,-0.00011600541
123,17,gen_fuel_wind_mw,-2.0070496e-05
123,18,wind_generation_mw,7.083939e-05
123,19,da_as_as_req_mw_thirty_minutes_reserve,2.7801547e-05
123,20,gen_fuel_multiple_fuels_pct,-7.885043e-06
123,21,total_lmp_da,0.00015158748
123,22,system_energy_price_rt,-8.430937e-05
123,23,total_lmp_rt,6.605e-05
123,24,da_as_mcp_synchronized_reserve,7.8511206e-05
123,25,da_as_mcp_primary_reserve,-6.0514503e-05
123,26,marginal_loss_price_rt,4.270349e-05
123,27,gen_fuel_gas_pct,-2.4280936e-05
123,28,marginal_loss_price_da,-0.00013143505
123,29,gen_fuel_wind_pct,0.00015998163
123,30,metered_load_mw,0.00026557804
123,31,gross_inadv_interchange_mw,0.00011125893
123,32,gen_fuel_nuclear_pct,-0.00022335167
123,33,congestion_price_da,-0.00011988306
123,34,congestion_price_rt,-4.852318e-05
123,35,forecast_load_mw_latest_available,-4.084753e-05
123,36,prelim_load_avg_hourly,0.00011313463
123,37,gross_actual_interchange_mw,-0.00010252411
123,38,total_losses,-5.756454e-05
123,39,gen_fuel_oil_mw,-0.00017000633
123,40,da_as_ss_mw_primary_reserve,5.5882272e-05
123,41,da_as_nsr_mw_primary_reserve,-0.00020759615
123,42,gen_fuel_coal_pct,-8.625073e-06
123,43,gen_fuel_other_renewables_pct,-0.00019029241
123,44,solar_generation_mw,0.00013279484
123,45,gen_fuel_hydro_mw,2.8908398e-06
123,46,net_inadv_interchange_mw,0.013735349
123,47,gen_fuel_solar_mw,-0.00011236089
124,1,net_sched_interchange_mw,0.6685922
124,2,gen_fuel_coal_mw,6.506474e-05
124,3,da_as_total_mw_thirty_minutes_reserve,7.549047e-05
124,4,gross_sched_interchange_mw,3.852896e-05
124,5,gen_fuel_nuclear_mw,0.00019380276
124,6,da_as_as_req_mw_primary_reserve,8.0505924e-05
124,7,da_as_as_req_mw_synchronized_reserve,-8.671543e-05
124,8,da_as_total_mw_primary_reserve,8.459715e-05
124,9,da_as_total_mw_synchronized_reserve,6.828629e-05
124,10,gen_fuel_other_renewables_mw,0.00027738785
124,11,gen_fuel_multiple_fuels_mw,-0.0005765691
124,12,system_energy_price_da,-0.00024456502
124,13,gen_fuel_storage_mw,0.00014647176
124,14,forecast_load_mw_day_ahead,2.2463108e-05
124,15,gen_fuel_gas_mw,0.000125306
124,16,total_gen,0.00016701479
124,17,gen_fuel_wind_mw,-0.000106485924
124,18,wind_generation_mw,-4.1894935e-05
124,19,da_as_as_req_mw_thirty_minutes_reserve,1.1310098e-05
124,20,gen_fuel_multiple_fuels_pct,7.154274e-05
124,21,total_lmp_da,0.00029712592
124,22,system_energy_price_rt,-5.9169048e-05
124,23,total_lmp_rt,0.00013013184
124,24,da_as_mcp_synchronized_reserve,0.00013805553
124,25,da_as_mcp_primary_reserve,0.00014236376
124,26,marginal_loss_price_rt,-0.00015053051
124,27,gen_fuel_gas_pct,0.00016386152
124,28,marginal_loss_price_da,1.7438484e-05
124,29,gen_fuel_wind_pct,0.00012755289
124,30,metered_load_mw,0.00027646474
124,31,gross_inadv_interchange_mw,-8.8249646e-05
124,32,gen_fuel_nuclear_pct,0.0001382698
124,33,congestion_price_da,-0.00017439257
124,34,congestion_price_rt,1.3161898e-05
124,35,forecast_load_mw_latest_available,-2.5728375e-05
124,36,prelim_load_avg_hourly,0.0002918164
124,37,gross_actual_interchange_mw,-0.00010927449
124,38,total_losses,-0.00035484755
124,39,gen_fuel_oil_mw,2.3075756e-05
124,40,da_as_ss_mw_primary_reserve,-4.0022736e-05
124,41,da_as_nsr_mw_primary_reserve,-0.0002726665
124,42,gen_fuel_coal_pct,0.00033178195
124,43,gen_fuel_other_renewables_pct,-9.6302276e-05
124,44,solar_generation_mw,-0.00013604481
124,45,gen_fuel_hydro_mw,-0.00015338273
124,46,net_inadv_interchange_mw,0.013535172
124,47,gen_fuel_solar_mw,0.00013250843
125,1,net_sched_interchange_mw,0.663797
125,2,gen_fuel_coal_mw,-7.826407e-05
125,3,da_as_total_mw_thirty_minutes_reserve,6.843507e-05
125,4,gross_sched_interchange_mw,8.564655e-05
125,5,gen_fuel_nuclear_mw,1.8611292e-05
125,6,da_as_as_req_mw_primary_reserve,-0.00023261714
125,7,da_as_as_req_mw_synchronized_reserve,0.00011117726
125,8,da_as_total_mw_primary_reserve,0.00015434617
125,9,da_as_total_mw_synchronized_reserve,0.00013021984
125,10,gen_fuel_other_renewables_mw,-2.9961197e-05
125,11,gen_fuel_multiple_fuels_mw,-1.4245699e-05
125,12,system_energy_price_da,-7.763434e-05
125,13,gen_fuel_storage_mw,-0.00019948663
125,14,forecast_load_mw_day_ahead,-3.865746e-05
125,15,gen_fuel_gas_mw,0.0004334663
125,16,total_gen,-1.6315578e-05
125,17,gen_fuel_wind_mw,-4.277454e-05
125,18,wind_generation_mw,-5.7556827e-07
125,19,da_as_as_req_mw_thirty_minutes_reserve,-0.0003388541
125,20,gen_fuel_multiple_fuels_pct,0.00033268475
125,21,total_lmp_da,0.00026096357
125,22,system_energy_price_rt,0.00010766048
125,23,total_lmp_rt,0.00017535064
125,24,da_as_mcp_synchronized_reserve,0.00021209026
125,25,da_as_mcp_primary_reserve,-5.694681e-06
125,26,marginal_loss_price_rt,-0.00012239117
125,27,gen_fuel_gas_pct,0.00016883225
125,28,marginal_loss_price_da,6.820659e-05
125,29,gen_fuel_wind_pct,4.17094e-05
125,30,metered_load_mw,-2.553418e-05
125,31,gross_inadv_interchange_mw,0.00023056647
125,32,gen_fuel_nuclear_pct,0.00013184825
125,33,congestion_price_da,-2.2718263e-05
125,34,congestion_price_rt,0.00042292447
125,35,forecast_load_mw_latest_available,-7.8026285e-05
125,36,prelim_load_avg_hourly,0.00028796663
125,37,gross_actual_interchange_mw,-0.0003685426
125,38,total_losses,0.00012385506
125,39,gen_fuel_oil_mw,1.1717762e-05
125,40,da_as_ss_mw_primary_reserve,-4.544978e-05
125,41,da_as_nsr_mw_primary_reserve,9.042778e-06
125,42,gen_fuel_coal_pct,-3.660608e-05
125,43,gen_fuel_other_renewables_pct,0.0002819656
125,44,solar_generation_mw,-0.00018422496
125,45,gen_fuel_hydro_mw,9.890441e-05
125,46,net_inadv_interchange_mw,0.013419503
125,47,gen_fuel_solar_mw,-0.00011898544
126,1,net_sched_interchange_mw,0.658425
126,2,gen_fuel_coal_mw,0.00016688206
126,3,da_as_total_mw_thirty_minutes_reserve,-0.00028176658
126,4,gross_sched_interchange_mw,9.1956565e-05
126,5,gen_fuel_nuclear_mw,9.90546e-06
126,6,da_as_as_req_mw_primary_reserve,-0.00017816634
126,7,da_as_as_req_mw_synchronized_reserve,-1.8766841e-05
126,8,da_as_total_mw_primary_reserve,0.00010340842
126,9,da_as_total_mw_synchronized_reserve,9.089002e-05
126,10,gen_fuel_other_renewables_mw,-5.527711e-05
126,11,gen_fuel_multiple_fuels_mw,0.00015125827
126,12,system_energy_price_da,-8.0406506e-05
126,13,gen_fuel_storage_mw,-0.00027297562
126,14,forecast_load_mw_day_ahead,1.8094635e-05
126,15,gen_fuel_gas_mw,0.00015347087
126,16,total_gen,-2.0197098e-05
126,17,gen_fuel_wind_mw,-5.5421675e-05
126,18,wind_generation_mw,4.5066616e-05
126,19,da_as_as_req_mw_thirty_minutes_reserve,-5.13079e-05
126,20,gen_fuel_multiple_fuels_pct,-5.4501095e-05
126,21,total_lmp_da,-0.00012033683
126,22,system_energy_price_rt,-0.00013102645
126,23,total_lmp_rt,4.8162125e-05
126,24,da_as_mcp_synchronized_reserve,0.00012522287
126,25,da_as_mcp_primary_reserve,-0.00013294452
126,26,marginal_loss_price_rt,-0.00017058736
126,27,gen_fuel_gas_pct,7.832014e-05
126,28,marginal_loss_price_da,0.00014178854
126,29,gen_fuel_wind_pct,-7.430335e-07
126,30,metered_load_mw,-0.00023320965
126,31,gross_inadv_interchange_mw,-0.00011806109
126,32,gen_fuel_nuclear_pct,0.00016847547
126,33,congestion_price_da,3.974128e-08
126,34,congestion_price_rt,-0.00020079201
126,35,forecast_load_mw_latest_available,0.000102587015
126,36,prelim_load_avg_hourly,-6.489051e-05
126,37,gross_actual_interchange_mw,-9.1316586e-05
126,38,total_losses,0.00028683565
126,39,gen_fuel_oil_mw,-0.00023719454
126,40,da_as_ss_mw_primary_reserve,-0.00017798996
126,41,da_as_nsr_mw_primary_reserve,-6.314923e-05
126,42,gen_fuel_coal_pct,-0.00022722107
126,43,gen_fuel_other_renewables_pct,-0.0002687212
126,44,solar_generation_mw,0.000110214445
126,45,gen_fuel_hydro_mw,-0.00026969888
126,46,net_inadv_interchange_mw,0.013276898
126,47,gen_fuel_solar_mw,-6.287143e-05
127,1,net_sched_interchange_mw,0.65273404
127,2,gen_fuel_coal_mw,5.0654875e-05
127,3,da_as_total_mw_thirty_minutes_reserve,0.00010990369
127,4,gross_sched_interchange_mw,0.0001686575
127,5,gen_fuel_nuclear_mw,3.074056e-05
127,6,da_as_as_req_mw_primary_reserve,1.5800237e-05
127,7,da_as_as_req_mw_synchronized_reserve,1.45032245e-05
127,8,da_as_total_mw_primary_reserve,0.00024677944
127,9,da_as_total_mw_synchronized_reserve,5.381823e-05
127,10,gen_fuel_other_renewables_mw,6.884569e-05
127,11,gen_fuel_multiple_fuels_mw,-7.697226e-05
127,12,system_energy_price_da,-4.3631786e-05
127,13,gen_fuel_storage_mw,-3.2262797e-05
127,14,forecast_load_mw_day_ahead,-0.00016782028
127,15,gen_fuel_gas_mw,0.00012654442
127,16,total_gen,0.00016820637
127,17,gen_fuel_wind_mw,-0.00024602684
127,18,wind_generation_mw,-6.754347e-05
127,19,da_as_as_req_mw_thirty_minutes_reserve,-0.00012596505
127,20,gen_fuel_multiple_fuels_pct,0.00011873163
127,21,total_lmp_da,0.00023951748
127,22,system_energy_price_rt,3.018973e-06
127,23,total_lmp_rt,0.00013448761
127,24,da_as_mcp_synchronized_reserve,-7.709705e-05
127,25,da_as_mcp_primary_reserve,-0.0002186393
127,26,marginal_loss_price_rt,-7.852955e-05
127,27,gen_fuel_gas_pct,-9.8249366e-05
127,28,marginal_loss_price_da,8.580131e-05
127,29,gen_fuel_wind_pct,6.9749454e-05
127,30,metered_load_mw,-7.374342e-05
127,31,gross_inadv_interchange_mw,-5.2433872e-05
127,32,gen_fuel_nuclear_pct,3.2234588e-05
127,33,congestion_price_da,0.00022323595
127,34,congestion_price_rt,3.8698883e-05
127,35,forecast_load_mw_latest_available,-0.00012425997
127,36,prelim_load_avg_hourly,2.9646933e-05
127,37,gross_actual_interchange_mw,-0.00014725457
127,38,total_losses,0.00037727074
127,39,gen_fuel_oil_mw,-0.00026896724
127,40,da_as_ss_mw_primary_reserve,0.00017654187
127,41,da_as_nsr_mw_primary_reserve,1.6630787e-05
127,42,gen_fuel_coal_pct,-4.112847e-05
127,43,gen_fuel_other_renewables_pct,0.00021636744
127,44,solar_generation_mw,4.3386644e-05
127,45,gen_fuel_hydro_mw,0.000121361256
127,46,net_inadv_interchange_mw,0.012995985
127,47,gen_fuel_solar_mw,-0.00013930998
128,1,net_sched_interchange_mw,0.6466995
128,2,gen_fuel_coal_mw,6.078724e-05
128,3,da_as_total_mw_thirty_minutes_reserve,-6.3220577e-06
128,4,gross_sched_interchange_mw,0.00039342884
128,5,gen_fuel_nuclear_mw,2.6537826e-05
128,6,da_as_as_req_mw_primary_reserve,-3.0154915e-05
128,7,da_as_as_req_mw_synchronized_reserve,-1.6991264e-05
128,8,da_as_total_mw_primary_reserve,-9.713865e-05
128,9,da_as_total_mw_synchronized_reserve,0.00018956806
128,10,gen_fuel_other_renewables_mw,7.366049e-05
128,11,gen_fuel_multiple_fuels_mw,-0.00019994288
128,12,system_energy_price_da,0.00011664373
128,13,gen_fuel_storage_mw,7.197037e-05
128,14,forecast_load_mw_day_ahead,-0.00016233447
128,15,gen_fuel_gas_mw,-1.3535697e-05
128,16,total_gen,6.205744e-05
128,17,gen_fuel_wind_mw,-4.998241e-06
128,18,wind_generation_mw,0.00023506515
128,19,da_as_as_req_mw_thirty_minutes_reserve,-5.745802e-05
128,20,gen_fuel_multiple_fuels_pct,0.00024457462
128,21,total_lmp_da,-0.00022256786
128,22,system_energy_price_rt,-5.2041927e-05
128,23,total_lmp_rt,0.00013119429
128,24,da_as_mcp_synchronized_reserve,-7.313765e-05
128,25,da_as_mcp_primary_reserve,0.00017037221
128,26,marginal_loss_price_rt,5.26642e-05
128,27,gen_fuel_gas_pct,-0.00032533074
128,28,marginal_loss_price_da,4.1241663e-05
128,29,gen_fuel_wind_pct,6.820025e-05
128,30,metered_load_mw,3.1739505e-06
128,31,gross_inadv_interchange_mw,0.000101837235
128,32,gen_fuel_nuclear_pct,-2.9413226e-05
128,33,congestion_price_da,-0.000107322296
128,34,congestion_price_rt,0.00014145247
128,35,forecast_load_mw_latest_available,-6.602865e-05
128,36,prelim_load_avg_hourly,-6.497127e-05
128,37,gross_actual_interchange_mw,-2.428636e-05
128,38,total_losses,-4.867938e-05
128,39,gen_fuel_oil_mw,-0.00021012576
128,40,da_as_ss_mw_primary_reserve,-0.00016728933
128,41,da_as_nsr_mw_primary_reserve,7.339024e-05
128,42,gen_fuel_coal_pct,-0.00013369044
128,43,gen_fuel_other_renewables_pct,-0.00010479332
128,44,solar_generation_mw,0.0004164388
128,45,gen_fuel_hydro_mw,0.00023499255
128,46,net_inadv_interchange_mw,0.012621674
128,47,gen_fuel_solar_mw,0.00010247569
129,1,net_sched_interchange_mw,0.6404224
129,2,gen_fuel_coal_mw,8.931564e-05
129,3,da_as_total_mw_thirty_minutes_reserve,0.000242903
129,4,gross_sched_interchange_mw,-5.1495546e-05
129,5,gen_fuel_nuclear_mw,-4.191284e-05
129,6,da_as_as_req_mw_primary_reserve,8.619894e-06
129,7,da_as_as_req_mw_synchronized_reserve,-1.2337339e-05
129,8,da_as_total_mw_primary_reserve,-0.00015047911
129,9,da_as_total_mw_synchronized_reserve,0.00020637468
129,10,gen_fuel_other_renewables_mw,4.0341234e-05
129,11,gen_fuel_multiple_fuels_mw,0.00010936152
129,12,system_energy_price_da,9.562413e-06
129,13,gen_fuel_storage_mw,1.7564889e-06
129,14,forecast_load_mw_day_ahead,2.3200864e-05
129,15,gen_fuel_gas_mw,-7.8234065e-05
129,16,total_gen,-0.0002358463
129,17,gen_fuel_wind_mw,-0.00013715678
129,18,wind_generation_mw,-7.185667e-05
129,19,da_as_as_req_mw_thirty_minutes_reserve,-0.00015381713
129,20,gen_fuel_multiple_fuels_pct,0.00017393654
129,21,total_lmp_da,-0.00028204796
129,22,system_energy_price_rt,-0.00018437163
129,23,total_lmp_rt,0.0002975263
129,24,da_as_mcp_synchronized_reserve,-8.5774314e-05
129,25,da_as_mcp_primary_reserve,0.00013979194
129,26,marginal_loss_price_rt,0.00029207673
129,27,gen_fuel_gas_pct,-0.00011223824
129,28,marginal_loss_price_da,0.00014083425
129,29,gen_fuel_wind_pct,-0.0002082248
129,30,metered_load_mw,0.00011613406
129,31,gross_inadv_interchange_mw,-1.3249461e-05
129,32,gen_fuel_nuclear_pct,9.885553e-07
129,33,congestion_price_da,7.9524456e-05
129,34,congestion_price_rt,0.00026774922
129,35,forecast_load_mw_latest_available,0.00011480723
129,36,prelim_load_avg_hourly,-7.926588e-05
129,37,gross_actual_interchange_mw,-0.00018046037
129,38,total_losses,-0.0001825361
129,39,gen_fuel_oil_mw,-0.00015342997
129,40,da_as_ss_mw_primary_reserve,0.000118944416
129,41,da_as_nsr_mw_primary_reserve,-0.00012438874
129,42,gen_fuel_coal_pct,-0.00011296557
129,43,gen_fuel_other_renewables_pct,-9.990718e-05
129,44,solar_generation_mw,8.274972e-05
129,45,gen_fuel_hydro_mw,6.610683e-05
129,46,net_inadv_interchange_mw,0.0126463575
129,47,gen_fuel_solar_mw,6.954142e-07
130,1,net_sched_interchange_mw,0.6340539
130,2,gen_fuel_coal_mw,5.935692e-05
130,3,da_as_total_mw_thirty_minutes_reserve,-0.00010347453
130,4,gross_sched_interchange_mw,5.4118325e-05
130,5,gen_fuel_nuclear_mw,3.348895e-05
130,6,da_as_as_req_mw_primary_reserve,0.000293189
130,7,da_as_as_req_mw_synchronized_reserve,6.101664e-05
130,8,da_as_total_mw_primary_reserve,9.8118835e-05
130,9,da_as_total_mw_synchronized_reserve,-8.720148e-06
130,10,gen_fuel_other_renewables_mw,-8.6670974e-05
130,11,gen_fuel_multiple_fuels_mw,0.00012216964
130,12,system_energy_price_da,-3.1995383e-05
130,13,gen_fuel_storage_mw,1.9567342e-05
130,14,forecast_load_mw_day_ahead,0.00029921686
130,15,gen_fuel_gas_mw,-0.00013032657
130,16,total_gen,-0.00013618256
130,17,gen_fuel_wind_mw,0.00016006619
130,18,wind_generation_mw,-0.00012129461
130,19,da_as_as_req_mw_thirty_minutes_reserve,0.00014749549
130,20,gen_fuel_multiple_fuels_pct,2.9960152e-05
130,21,total_lmp_da,0.0001378571
130,22,system_energy_price_rt,0.00016480449
130,23,total_lmp_rt,-2.5233734e-05
130,24,da_as_mcp_synchronized_reserve,0.00013417265
130,25,da_as_mcp_primary_reserve,-0.00032222708
130,26,marginal_loss_price_rt,0.000102131686
130,27,gen_fuel_gas_pct,0.00018155666
130,28,marginal_loss_price_da,-0.00016134842
130,29,gen_fuel_wind_pct,0.00010196541
130,30,metered_load_mw,-0.00029958854
130,31,gross_inadv_interchange_mw,-0.0004886995
130,32,gen_fuel_nuclear_pct,0.0003122143
130,33,congestion_price_da,9.384401e-05
130,34,congestion_price_rt,0.00014282114
130,35,forecast_load_mw_latest_available,-3.8836184e-05
130,36,prelim_load_avg_hourly,-0.00012969223
130,37,gross_actual_interchange_mw,-6.106189e-05
130,38,total_losses,-0.00014714469
130,39,gen_fuel_oil_mw,6.326142e-05
130,40,da_as_ss_mw_primary_reserve,4.32432e-05
130,41,da_as_nsr_mw_primary_reserve,-3.148625e-05
130,42,gen_fuel_coal_pct,0.00018933951
130,43,gen_fuel_other_renewables_pct,-0.00013509918
130,44,solar_generation_mw,-0.00011028325
130,45,gen_fuel_hydro_mw,-0.00020942563
130,46,net_inadv_interchange_mw,0.012474472
130,47,gen_fuel_solar_mw,-0.00021162847
131,1,net_sched_interchange_mw,0.6315184
131,2,gen_fuel_coal_mw,0.000104544386
131,3,da_as_total_mw_thirty_minutes_reserve,2.1818174e-05
131,4,gross_sched_interchange_mw,0.00015679665
131,5,gen_fuel_nuclear_mw,-2.6152135e-05
131,6,da_as_as_req_mw_primary_reserve,0.00017891603
131,7,da_as_as_req_mw_synchronized_reserve,0.00023335833
131,8,da_as_total_mw_primary_reserve,-0.00013927597
131,9,da_as_total_mw_synchronized_reserve,0.00010478138
131,10,gen_fuel_other_renewables_mw,0.00022041796
131,11,gen_fuel_multiple_fuels_mw,-0.00014229231
131,12,system_energy_price_da,-0.00033246423
131,13,gen_fuel_storage_mw,-7.6671095e-06
131,14,forecast_load_mw_day_ahead,-0.00016858065
131,15,gen_fuel_gas_mw,-0.000109304085
131,16,total_gen,6.267093e-05
131,17,gen_fuel_wind_mw,-0.00010336503
131,18,wind_generation_mw,0.00013819715
131,19,da_as_as_req_mw_thirty_minutes_reserve,-3.2167394e-05
131,20,gen_fuel_multiple_fuels_pct,-0.00021332038
131,21,total_lmp_da,-0.0002744637
131,22,system_energy_price_rt,-4.658423e-05
131,23,total_lmp_rt,-0.0001649874
131,24,da_as_mcp_synchronized_reserve,0.00016911622
131,25,da_as_mcp_primary_reserve,4.6840738e-05
131,26,marginal_loss_price_rt,0.00010645472
131,27,gen_fuel_gas_pct,-0.00012378547
131,28,marginal_loss_price_da,-0.00038261467
131,29,gen_fuel_wind_pct,7.5244905e-05
131,30,metered_load_mw,-0.00010687446
131,31,gross_inadv_interchange_mw,6.174455e-05
131,32,gen_fuel_nuclear_pct,4.1903782e-05
131,33,congestion_price_da,-0.00030496225
131,34,congestion_price_rt,-0.0001051353
131,35,forecast_load_mw_latest_available,-0.00012517141
131,36,prelim_load_avg_hourly,0.00035856603
131,37,gross_actual_interchange_mw,0.00024108085
131,38,total_losses,-0.00012530758
131,39,gen_fuel_oil_mw,7.283214e-05
131,40,da_as_ss_mw_primary_reserve,9.231927e-05
131,41,da_as_nsr_mw_primary_reserve,5.695759e-05
131,42,gen_fuel_coal_pct,-0.00016024912
131,43,gen_fuel_other_renewables_pct,0.00015366336
131,44,solar_generation_mw,0.00012507325
131,45,gen_fuel_hydro_mw,-0.00030456213
131,46,net_inadv_interchange_mw,0.0131002
131,47,gen_fuel_solar_mw,7.722016e-05
132,1,net_sched_interchange_mw,0.62873256
132,2,gen_fuel_coal_mw,9.2901006e-05
132,3,da_as_total_mw_thirty_minutes_reserve,-2.557983e-05
132,4,gross_sched_interchange_mw,0.00023663603
132,5,gen_fuel_nuclear_mw,-1.9024064e-05
132,6,da_as_as_req_mw_primary_reserve,2.5735033e-05
132,7,da_as_as_req_mw_synchronized_reserve,-0.0002804398
132,8,da_as_total_mw_primary_reserve,-0.00015463984
132,9,da_as_total_mw_synchronized_reserve,1.7752496e-05
132,10,gen_fuel_other_renewables_mw,0.00016894974
132,11,gen_fuel_multiple_fuels_mw,6.326671e-05
132,12,system_energy_price_da,-0.00011323455
132,13,gen_fuel_storage_mw,5.4043398e-05
132,14,forecast_load_mw_day_ahead,-7.949029e-05
132,15,gen_fuel_gas_mw,-0.00017601061
132,16,total_gen,-2.8853152e-05
132,17,gen_fuel_wind_mw,4.8418286e-05
132,18,wind_generation_mw,-0.00025231176
132,19,da_as_as_req_mw_thirty_minutes_reserve,2.6079713e-05
132,20,gen_fuel_multiple_fuels_pct,-0.0002458952
132,21,total_lmp_da,-3.3702345e-05
132,22,system_energy_price_rt,-3.186628e-05
132,23,total_lmp_rt,-0.00014394283
132,24,da_as_mcp_synchronized_reserve,-4.9140697e-05
132,25,da_as_mcp_primary_reserve,-0.00028201306
132,26,marginal_loss_price_rt,0.0001706479
132,27,gen_fuel_gas_pct,3.2203916e-05
132,28,marginal_loss_price_da,7.7548924e-05
132,29,gen_fuel_wind_pct,0.00019146652
132,30,metered_load_mw,-2.2165816e-05
132,31,gross_inadv_interchange_mw,9.9214005e-05
132,32,gen_fuel_nuclear_pct,-4.254433e-05
132,33,congestion_price_da,-2.3105735e-05
132,34,congestion_price_rt,-9.51321e-05
132,35,forecast_load_mw_latest_available,-6.8430825e-05
132,36,prelim_load_avg_hourly,-0.000101596146
132,37,gross_actual_interchange_mw,4.967968e-06
132,38,total_losses,0.00019678482
132,39,gen_fuel_oil_mw,-0.00032225324
132,40,da_as_ss_mw_primary_reserve,3.0454568e-05
132,41,da_as_nsr_mw_primary_reserve,-3.8133832e-05
132,42,gen_fuel_coal_pct,0.0001377954
132,43,gen_fuel_other_renewables_pct,2.4973218e-05
132,44,solar_generation_mw,0.00016672874
132,45,gen_fuel_hydro_mw,-4.2134045e-05
132,46,net_inadv_interchange_mw,0.01283063
132,47,gen_fuel_solar_mw,-0.00012567753
133,1,net_sched_interchange_mw,0.62561375
133,2,gen_fuel_coal_mw,-4.014671e-05
133,3,da_as_total_mw_thirty_minutes_reserve,4.148795e-05
133,4,gross_sched_interchange_mw,1.1118056e-05
133,5,gen_fuel_nuclear_mw,2.2357784e-05
133,6,da_as_as_req_mw_primary_reserve,-0.00014635845
133,7,da_as_as_req_mw_synchronized_reserve,-7.545981e-05
133,8,da_as_total_mw_primary_reserve,0.00021047278
133,9,da_as_total_mw_synchronized_reserve,5.3164338e-05
133,10,gen_fuel_other_renewables_mw,-0.0003032142
133,11,gen_fuel_multiple_fuels_mw,1.2764976e-05
133,12,system_energy_price_da,0.0001018835
133,13,gen_fuel_storage_mw,0.000106841464
133,14,forecast_load_mw_day_ahead,0.00029026033
133,15,gen_fuel_gas_mw,0.000121072124
133,16,total_gen,0.00029369982
133,17,gen_fuel_wind_mw,6.559731e-05
133,18,wind_generation_mw,-8.692106e-06
133,19,da_as_as_req_mw_thirty_minutes_reserve,-2.4284163e-05
133,20,gen_fuel_multiple_fuels_pct,-1.7593135e-05
133,21,total_lmp_da,-3.3333054e-05
133,22,system_energy_price_rt,0.00022688201
133,23,total_lmp_rt,6.7173016e-05
133,24,da_as_mcp_synchronized_reserve,-5.6338067e-05
133,25,da_as_mcp_primary_reserve,-0.00015991708
133,26,marginal_loss_price_rt,1.0698946e-05
133,27,gen_fuel_gas_pct,-0.0002058035
133,28,marginal_loss_price_da,-5.808275e-05
133,29,gen_fuel_wind_pct,6.919959e-05
133,30,metered_load_mw,-9.517309e-05
133,31,gross_inadv_interchange_mw,-0.00020970101
133,32,gen_fuel_nuclear_pct,8.72709e-05
133,33,congestion_price_da,4.096233e-05
133,34,congestion_price_rt,-8.226352e-05
133,35,forecast_load_mw_latest_available,-5.602352e-05
133,36,prelim_load_avg_hourly,-8.8006986e-05
133,37,gross_actual_interchange_mw,-0.00013773079
133,38,total_losses,-6.708228e-05
133,39,gen_fuel_oil_mw,-0.0001163532
133,40,da_as_ss_mw_primary_reserve,-0.0001612425
133,41,da_as_nsr_mw_primary_reserve,-0.00014597709
133,42,gen_fuel_coal_pct,-4.1716896e-05
133,43,gen_fuel_other_renewables_pct,0.00026010387
133,44,solar_generation_mw,-7.079767e-05
133,45,gen_fuel_hydro_mw,-0.00012308058
133,46,net_inadv_interchange_mw,0.012732315
133,47,gen_fuel_solar_mw,-6.930201e-05
134,1,net_sched_interchange_mw,0.62226534
134,2,gen_fuel_coal_mw,0.0001055146
134,3,da_as_total_mw_thirty_minutes_reserve,-8.8022935e-05
134,4,gross_sched_interchange_mw,9.075856e-05
134,5,gen_fuel_nuclear_mw,0.00012416093
134,6,da_as_as_req_mw_primary_reserve,0.00035024033
134,7,da_as_as_req_mw_synchronized_reserve,-0.000187764
134,8,da_as_total_mw_primary_reserve,-0.00013348827
134,9,da_as_total_mw_synchronized_reserve,-4.6661506e-05
134,10,gen_fuel_other_renewables_mw,-2.8379582e-06
134,11,gen_fuel_multiple_fuels_mw,1.8555369e-05
134,12,system_energy_price_da,-6.625637e-05
134,13,gen_fuel_storage_mw,0.000106702544
134,14,forecast_load_mw_day_ahead,-0.00016739922
134,15,gen_fuel_gas_mw,-0.00013559082
134,16,total_gen,-2.0605323e-05
134,17,gen_fuel_wind_mw,0.00026998165
134,18,wind_generation_mw,-0.00013565613
134,19,da_as_as_req_mw_thirty_minutes_reserve,-7.773338e-05
134,20,gen_fuel_multiple_fuels_pct,-0.00020231486
134,21,total_lmp_da,7.865117e-05
134,22,system_energy_price_rt,-0.00016293568
134,23,total_lmp_rt,-0.00019763931
134,24,da_as_mcp_synchronized_reserve,5.815811e-05
134,25,da_as_mcp_primary_reserve,3.931274e-05
134,26,marginal_loss_price_rt,0.0001584253
134,27,gen_fuel_gas_pct,2.195954e-05
134,28,marginal_loss_price_da,6.955169e-05
134,29,gen_fuel_wind_pct,-6.7793844e-05
134,30,metered_load_mw,-4.7331694e-05
134,31,gross_inadv_interchange_mw,7.377809e-05
134,32,gen_fuel_nuclear_pct,-6.148442e-05
134,33,congestion_price_da,-0.0001093761
134,34,congestion_price_rt,-0.00010121988
134,35,forecast_load_mw_latest_available,-2.7488053e-05
134,36,prelim_load_avg_hourly,0.00032797136
134,37,gross_actual_interchange_mw,0.00019441464
134,38,total_losses,0.00021859824
134,39,gen_fuel_oil_mw,0.00023608624
134,40,da_as_ss_mw_primary_reserve,3.8199036e-05
134,41,da_as_nsr_mw_primary_reserve,9.976661e-05
134,42,gen_fuel_coal_pct,0.00010245245
134,43,gen_fuel_other_renewables_pct,-0.00012609668
134,44,solar_generation_mw,-2.3757944e-05
134,45,gen_fuel_hydro_mw,1.1696788e-05
134,46,net_inadv_interchange_mw,0.012620062
134,47,gen_fuel_solar_mw,0.000113673
135,1,net_sched_interchange_mw,0.6187071
135,2,gen_fuel_coal_mw,-9.198089e-05
135,3,da_as_total_mw_thirty_minutes_reserve,-4.0297098e-05
135,4,gross_sched_interchange_mw,-8.112816e-05
135,5,gen_fuel_nuclear_mw,0.00021239098
135,6,da_as_as_req_mw_primary_reserve,-7.883433e-05
135,7,da_as_as_req_mw_synchronized_reserve,8.736625e-05
135,8,da_as_total_mw_primary_reserve,-0.00031607307
135,9,da_as_total_mw_synchronized_reserve,0.00012440831
135,10,gen_fuel_other_renewables_mw,-5.9882645e-05
135,11,gen_fuel_multiple_fuels_mw,-9.8382254e-05
135,12,system_energy_price_da,-3.3836728e-05
135,13,gen_fuel_storage_mw,2.931933e-05
135,14,forecast_load_mw_day_ahead,-0.00011314449
135,15,gen_fuel_gas_mw,-4.672478e-05
135,16,total_gen,0.00014711836
135,17,gen_fuel_wind_mw,-0.00013908942
135,18,wind_generation_mw,8.02779e-06
135,19,da_as_as_req_mw_thirty_minutes_reserve,-4.442026e-05
135,20,gen_fuel_multiple_fuels_pct,-0.00013669743
135,21,total_lmp_da,-0.00011018958
135,22,system_energy_price_rt,-8.5724176e-05
135,23,total_lmp_rt,6.1394836e-05
135,24,da_as_mcp_synchronized_reserve,3.8946535e-05
135,25,da_as_mcp_primary_reserve,5.2530515e-05
135,26,marginal_loss_price_rt,-1.7163813e-05
135,27,gen_fuel_gas_pct,3.4058874e-05
135,28,marginal_loss_price_da,0.00016718215
135,29,gen_fuel_wind_pct,-4.409881e-05
135,30,metered_load_mw,-2.9364292e-05
135,31,gross_inadv_interchange_mw,0.00031313673
135,32,gen_fuel_nuclear_pct,-8.049492e-05
135,33,congestion_price_da,3.7978865e-05
135,34,congestion_price_rt,-9.432455e-05
135,35,forecast_load_mw_latest_available,0.00013401356
135,36,prelim_load_avg_hourly,-0.00010862642
135,37,gross_actual_interchange_mw,0.00017223883
135,38,total_losses,6.2238556e-05
135,39,gen_fuel_oil_mw,-6.293737e-05
135,40,da_as_ss_mw_primary_reserve,-8.3143066e-05
135,41,da_as_nsr_mw_primary_reserve,-1.7112397e-06
135,42,gen_fuel_coal_pct,9.644047e-05
135,43,gen_fuel_other_renewables_pct,-0.00024816932
135,44,solar_generation_mw,7.0389797e-07
135,45,gen_fuel_hydro_mw,0.000111664485
135,46,net_inadv_interchange_mw,0.012364679
135,47,gen_fuel_solar_mw,1.9898856e-05
136,1,net_sched_interchange_mw,0.61484563
136,2,gen_fuel_coal_mw,5.8412334e-05
136,3,da_as_total_mw_thirty_minutes_reserve,4.414829e-05
136,4,gross_sched_interchange_mw,-0.00024239662
136,5,gen_fuel_nuclear_mw,-0.00024762744
136,6,da_as_as_req_mw_primary_reserve,-3.622728e-05
136,7,da_as_as_req_mw_synchronized_reserve,7.7968354e-05
136,8,da_as_total_mw_primary_reserve,5.3201187e-05
136,9,da_as_total_mw_synchronized_reserve,-3.2957078e-06
136,10,gen_fuel_other_renewables_mw,-6.009227e-05
136,11,gen_fuel_multiple_fuels_mw,-0.00019457939
136,12,system_energy_price_da,3.8355305e-05
136,13,gen_fuel_storage_mw,9.698386e-05
136,14,forecast_load_mw_day_ahead,-6.1994884e-05
136,15,gen_fuel_gas_mw,1.7434053e-05
136,16,total_gen,-9.974938e-05
136,17,gen_fuel_wind_mw,-0.000113706206
136,18,wind_generation_mw,-0.00018555876
136,19,da_as_as_req_mw_thirty_minutes_reserve,-0.00011689629
136,20,gen_fuel_multiple_fuels_pct,5.387563e-05
136,21,total_lmp_da,1.9279505e-05
136,22,system_energy_price_rt,3.135456e-05
136,23,total_lmp_rt,0.0002572774
136,24,da_as_mcp_synchronized_reserve,0.00015900897
136,25,da_as_mcp_primary_reserve,-0.00031610552
136,26,marginal_loss_price_rt,0.00016459633
136,27,gen_fuel_gas_pct,0.00012930128
136,28,marginal_loss_price_da,0.00014138785
136,29,gen_fuel_wind_pct,0.00014183368
136,30,metered_load_mw,0.00024028512
136,31,gross_inadv_interchange_mw,-3.481465e-05
136,32,gen_fuel_nuclear_pct,-8.284278e-05
136,33,congestion_price_da,-5.7155477e-05
136,34,congestion_price_rt,7.830641e-05
136,35,forecast_load_mw_latest_available,7.548889e-05
136,36,prelim_load_avg_hourly,-0.00031422748
136,37,gross_actual_interchange_mw,0.00013999612
136,38,total_losses,-3.471608e-05
136,39,gen_fuel_oil_mw,5.5302233e-05
136,40,da_as_ss_mw_primary_reserve,-0.00031265192
136,41,da_as_nsr_mw_primary_reserve,0.00016262822
136,42,gen_fuel_coal_pct,-0.00012512706
136,43,gen_fuel_other_renewables_pct,5.6313456e-05
136,44,solar_generation_mw,0.00016891927
136,45,gen_fuel_hydro_mw,0.00018430577
136,46,net_inadv_interchange_mw,0.012224452
136,47,gen_fuel_solar_mw,0.00018298323
137,1,net_sched_interchange_mw,0.61088455
137,2,gen_fuel_coal_mw,-0.00015118066
137,3,da_as_total_mw_thirty_minutes_reserve,-8.787587e-05
137,4,gross_sched_interchange_mw,0.0002470298
137,5,gen_fuel_nuclear_mw,0.00010115136
137,6,da_as_as_req_mw_primary_reserve,-8.6764485e-06
137,7,da_as_as_req_mw_synchronized_reserve,-9.8000484e-05
137,8,da_as_total_mw_primary_reserve,1.0785152e-06
137,9,da_as_total_mw_synchronized_reserve,5.148815e-05
137,10,gen_fuel_other_renewables_mw,0.0003137058
137,11,gen_fuel_multiple_fuels_mw,-0.00023177236
137,12,system_energy_price_da,4.513991e-05
137,13,gen_fuel_storage_mw,-1.6983915e-05
137,14,forecast_load_mw_day_ahead,-0.00028360213
137,15,gen_fuel_gas_mw,-8.446459e-06
137,16,total_gen,-0.00017375113
137,17,gen_fuel_wind_mw,-0.00022107182
137,18,wind_generation_mw,6.131643e-05
137,19,da_as_as_req_mw_thirty_minutes_reserve,-0.00013076725
137,20,gen_fuel_multiple_fuels_pct,-1.3946992e-05
137,21,total_lmp_da,8.794641e-05
137,22,system_energy_price_rt,0.00010473241
137,23,total_lmp_rt,3.6208949e-06
137,24,da_as_mcp_synchronized_reserve,0.00010755198
137,25,da_as_mcp_primary_reserve,-0.00025943705
137,26,marginal_loss_price_rt,0.00022887846
137,27,gen_fuel_gas_pct,-0.00016101376
137,28,marginal_loss_price_da,-4.5651806e-05
137,29,gen_fuel_wind_pct,0.00014830746
137,30,metered_load_mw,0.00023826539
137,31,gross_inadv_interchange_mw,-0.00030490573
137,32,gen_fuel_nuclear_pct,-9.7406126e-05
137,33,congestion_price_da,1.267e-05
137,34,congestion_price_rt,0.00013296865
137,35,forecast_load_mw_latest_available,2.5839992e-05
137,36,prelim_load_avg_hourly,-6.8783993e-06
137,37,gross_actual_interchange_mw,0.00011793188
137,38,total_losses,-0.00015779726
137,39,gen_fuel_oil_mw,-9.730517e-05
137,40,da_as_ss_mw_primary_reserve,0.00011050066
137,41,da_as_nsr_mw_primary_reserve,-0.00010772146
137,42,gen_fuel_coal_pct,0.00022592625
137,43,gen_fuel_other_renewables_pct,6.172341e-05
137,44,solar_generation_mw,0.00020577906
137,45,gen_fuel_hydro_mw,7.5468124e-06
137,46,net_inadv_interchange_mw,0.011813712
137,47,gen_fuel_solar_mw,-8.456748e-05
138,1,net_sched_interchange_mw,0.6065672
138,2,gen_fuel_coal_mw,-2.6466878e-05
138,3,da_as_total_mw_thirty_minutes_reserve,-0.00014279423
138,4,gross_sched_interchange_mw,8.2945015e-05
138,5,gen_fuel_nuclear_mw,-0.00029812154
138,6,da_as_as_req_mw_primary_reserve,-6.791523e-05
138,7,da_as_as_req_mw_synchronized_reserve,-0.000114989045
138,8,da_as_total_mw_primary_reserve,-7.559891e-05
138,9,da_as_total_mw_synchronized_reserve,5.208521e-05
138,10,gen_fuel_other_renewables_mw,-0.000108863926
138,11,gen_fuel_multiple_fuels_mw,0.00014015759
138,12,system_energy_price_da,-0.00017915879
138,13,gen_fuel_storage_mw,-0.00015081445
138,14,forecast_load_mw_day_ahead,3.0068753e-05
138,15,gen_fuel_gas_mw,4.490599e-05
138,16,total_gen,2.7284781e-05
138,17,gen_fuel_wind_mw,0.00013715745
138,18,wind_generation_mw,5.0676404e-05
138,19,da_as_as_req_mw_thirty_minutes_reserve,4.713663e-05
138,20,gen_fuel_multiple_fuels_pct,-0.0001286703
138,21,total_lmp_da,0.00024345357
138,22,system_energy_price_rt,-0.00017145996
138,23,total_lmp_rt,-0.00010335129
138,24,da_as_mcp_synchronized_reserve,-0.00020916898
138,25,da_as_mcp_primary_reserve,3.3057295e-06
138,26,marginal_loss_price_rt,1.882465e-05
138,27,gen_fuel_gas_pct,0.00011846665
138,28,marginal_loss_price_da,-2.7460945e-05
138,29,gen_fuel_wind_pct,0.00028207374
138,30,metered_load_mw,-2.7191385e-05
138,31,gross_inadv_interchange_mw,4.4619745e-05
138,32,gen_fuel_nuclear_pct,-3.0115043e-05
138,33,congestion_price_da,1.3838682e-05
138,34,congestion_price_rt,-1.9961884e-05
138,35,forecast_load_mw_latest_available,0.00011612984
138,36,prelim_load_avg_hourly,4.5738198e-06
138,37,gross_actual_interchange_mw,-8.845888e-05
138,38,total_losses,0.0002850445
138,39,gen_fuel_oil_mw,6.4912805e-05
138,40,da_as_ss_mw_primary_reserve,-0.000120135825
138,41,da_as_nsr_mw_primary_reserve,6.6517576e-05
138,42,gen_fuel_coal_pct,6.661984e-05
138,43,gen_fuel_other_renewables_pct,-9.209299e-05
138,44,solar_generation_mw,5.9165955e-05
138,45,gen_fuel_hydro_mw,-3.211324e-05
138,46,net_inadv_interchange_mw,0.011846278
138,47,gen_fuel_solar_mw,0.00017909866
139,1,net_sched_interchange_mw,0.60205597
139,2,gen_fuel_coal_mw,0.00020391971
139,3,da_as_total_mw_thirty_minutes_reserve,-0.00017496778
139,4,gross_sched_interchange_mw,9.621065e-05
139,5,gen_fuel_nuclear_mw,-1.1376615e-05
139,6,da_as_as_req_mw_primary_reserve,-0.00010246236
139,7,da_as_as_req_mw_synchronized_reserve,0.00019669399
139,8,da_as_total_mw_primary_reserve,0.00028581457
139,9,da_as_total_mw_synchronized_reserve,-0.00017404548
139,10,gen_fuel_other_renewables_mw,-0.00025129534
139,11,gen_fuel_multiple_fuels_mw,0.00019109713
139,12,system_energy_price_da,0.00014742182
139,13,gen_fuel_storage_mw,8.788536e-05
139,14,forecast_load_mw_day_ahead,0.00034391912
139,15,gen_fuel_gas_mw,5.732072e-06
139,16,total_gen,-1.2886034e-05
139,17,gen_fuel_wind_mw,-2.9663535e-05
139,18,wind_generation_mw,9.5780844e-05
139,19,da_as_as_req_mw_thirty_minutes_reserve,0.0001326722
139,20,gen_fuel_multiple_fuels_pct,-0.0002439972
139,21,total_lmp_da,-0.00012229307
139,22,system_energy_price_rt,-4.5551154e-05
139,23,total_lmp_rt,-9.725895e-05
139,24,da_as_mcp_synchronized_reserve,-6.566286e-06
139,25,da_as_mcp_primary_reserve,7.0469134e-05
139,26,marginal_loss_price_rt,-8.5110834e-05
139,27,gen_fuel_gas_pct,-0.00024040247
139,28,marginal_loss_price_da,-0.000113830654
139,29,gen_fuel_wind_pct,-9.863145e-05
139,30,metered_load_mw,0.00024250048
139,31,gross_inadv_interchange_mw,-9.587571e-05
139,32,gen_fuel_nuclear_pct,-0.00024547346
139,33,congestion_price_da,-4.2281434e-05
139,34,congestion_price_rt,5.2374904e-05
139,35,forecast_load_mw_latest_available,0.00030005025
139,36,prelim_load_avg_hourly,-9.955512e-05
139,37,gross_actual_interchange_mw,-7.4066156e-06
139,38,total_losses,-3.8087255e-05
139,39,gen_fuel_oil_mw,1.5848564e-05
139,40,da_as_ss_mw_primary_reserve,-4.536053e-05
139,41,da_as_nsr_mw_primary_reserve,0.00012915058
139,42,gen_fuel_coal_pct,0.00028361895
139,43,gen_fuel_other_renewables_pct,-0.00028596618
139,44,solar_generation_mw,1.343921e-05
139,45,gen_fuel_hydro_mw,-0.00023871698
139,46,net_inadv_interchange_mw,0.011814103
139,47,gen_fuel_solar_mw,7.6160155e-05
140,1,net_sched_interchange_mw,0.5972135
140,2,gen_fuel_coal_mw,-1.3865705e-05
140,3,da_as_total_mw_thirty_minutes_reserve,-9.7518845e-05
140,4,gross_sched_interchange_mw,4.0248415e-05
140,5,gen_fuel_nuclear_mw,9.45131e-05
140,6,da_as_as_req_mw_primary_reserve,-0.00019696895
140,7,da_as_as_req_mw_synchronized_reserve,1.2789968e-05
140,8,da_as_total_mw_primary_reserve,-2.5026493e-05
140,9,da_as_total_mw_synchronized_reserve,-9.996758e-05
140,10,gen_fuel_other_renewables_mw,0.00029882867
140,11,gen_fuel_multiple_fuels_mw,0.00012230477
140,12,system_energy_price_da,9.047882e-05
140,13,gen_fuel_storage_mw,0.0001073639
140,14,forecast_load_mw_day_ahead,7.3898955e-06
140,15,gen_fuel_gas_mw,0.00011179434
140,16,total_gen,-0.000236414
140,17,gen_fuel_wind_mw,0.00013544422
140,18,wind_generation_mw,-2.3916002e-05
140,19,da_as_as_req_mw_thirty_minutes_reserve,-5.1646988e-05
140,20,gen_fuel_multiple_fuels_pct,-2.3777873e-05
140,21,total_lmp_da,-4.3368986e-05
140,22,system_energy_price_rt,0.00024426717
140,23,total_lmp_rt,2.5809975e-05
140,24,da_as_mcp_synchronized_reserve,5.7643527e-05
140,25,da_as_mcp_primary_reserve,7.194155e-05
140,26,marginal_loss_price_rt,4.943885e-05
140,27,gen_fuel_gas_pct,9.124581e-05
140,28,marginal_loss_price_da,7.6508724e-05
140,29,gen_fuel_wind_pct,-0.000176175
140,30,metered_load_mw,-0.00022848122
140,31,gross_inadv_interchange_mw,-1.99824e-06
140,32,gen_fuel_nuclear_pct,0.00014275778
140,33,congestion_price_da,-0.00033596886
140,34,congestion_price_rt,-8.2777275e-05
140,35,forecast_load_mw_latest_available,-9.933245e-05
140,36,prelim_load_avg_hourly,-0.00017613693
140,37,gross_actual_interchange_mw,-0.00027431696
140,38,total_losses,-0.00015199967
140,39,gen_fuel_oil_mw,-7.063344e-05
140,40,da_as_ss_mw_primary_reserve,-1.3781988e-05
140,41,da_as_nsr_mw_primary_reserve,0.00029877844
140,42,gen_fuel_coal_pct,3.8434315e-05
140,43,gen_fuel_other_renewables_pct,3.374955e-05
140,44,solar_generation_mw,0.00016459347
140,45,gen_fuel_hydro_mw,-2.33865e-05
140,46,net_inadv_interchange_mw,0.011444003
140,47,gen_fuel_solar_mw,-0.00033040968
141,1,net_sched_interchange_mw,0.5925567
141,2,gen_fuel_coal_mw,-0.00011422207
141,3,da_as_total_mw_thirty_minutes_reserve,8.254946e-05
141,4,gross_sched_interchange_mw,-0.00033834434
141,5,gen_fuel_nuclear_mw,1.9608531e-05
141,6,da_as_as_req_mw_primary_reserve,6.304849e-05
141,7,da_as_as_req_mw_synchronized_reserve,0.000114593764
141,8,da_as_total_mw_primary_reserve,4.31398e-05
141,9,da_as_total_mw_synchronized_reserve,5.567464e-05
141,10,gen_fuel_other_renewables_mw,0.00026091433
141,11,gen_fuel_multiple_fuels_mw,0.0001459229
141,12,system_energy_price_da,-3.5796817e-05
141,13,gen_fuel_storage_mw,0.00018346029
141,14,forecast_load_mw_day_ahead,-9.48173e-05
141,15,gen_fuel_gas_mw,0.00017588135
141,16,total_gen,-1.5930349e-05
141,17,gen_fuel_wind_mw,-8.3822895e-05
141,18,wind_generation_mw,0.00021493006
141,19,da_as_as_req_mw_thirty_minutes_reserve,0.00017719106
141,20,gen_fuel_multiple_fuels_pct,-5.7858444e-05
141,21,total_lmp_da,9.626201e-05
141,22,system_energy_price_rt,-0.00026112207
141,23,total_lmp_rt,0.000118210344
141,24,da_as_mcp_synchronized_reserve,-0.00014561851
141,25,da_as_mcp_primary_reserve,-0.00017722195
141,26,marginal_loss_price_rt,-8.754653e-05
141,27,gen_fuel_gas_pct,5.185475e-05
141,28,marginal_loss_price_da,0.00015620788
141,29,gen_fuel_wind_pct,5.4154007e-05
141,30,metered_load_mw,-9.881332e-05
141,31,gross_inadv_interchange_mw,3.28317e-05
141,32,gen_fuel_nuclear_pct,2.506792e-06
141,33,congestion_price_da,-0.00026975796
141,34,congestion_price_rt,9.9966695e-05
141,35,forecast_load_mw_latest_available,-4.3947635e-05
141,36,prelim_load_avg_hourly,0.00017903991
141,37,gross_actual_interchange_mw,-0.00030667905
141,38,total_losses,6.976054e-05
141,39,gen_fuel_oil_mw,4.285669e-05
141,40,da_as_ss_mw_primary_reserve,-4.8626247e-05
141,41,da_as_nsr_mw_primary_reserve,-0.00010169539
141,42,gen_fuel_coal_pct,0.00033982733
141,43,gen_fuel_other_renewables_pct,0.0002107312
141,44,solar_generation_mw,0.00017249254
141,45,gen_fuel_hydro_mw,0.00020606094
141,46,net_inadv_interchange_mw,0.01125725
141,47,gen_fuel_solar_mw,-9.3395494e-05
142,1,net_sched_interchange_mw,0.58788383
142,2,gen_fuel_coal_mw,-7.7200195e-05
142,3,da_as_total_mw_thirty_minutes_reserve,9.557797e-05
142,4,gross_sched_interchange_mw,0.00015717813
142,5,gen_fuel_nuclear_mw,0.00022060412
142,6,da_as_as_req_mw_primary_reserve,3.98291e-05
142,7,da_as_as_req_mw_synchronized_reserve,-1.9976003e-05
142,8,da_as_total_mw_primary_reserve,-3.8510654e-05
142,9,da_as_total_mw_synchronized_reserve,-0.00018143692
142,10,gen_fuel_other_renewables_mw,2.6170164e-05
142,11,gen_fuel_multiple_fuels_mw,-0.00023000296
142,12,system_energy_price_da,0.0002900092
142,13,gen_fuel_storage_mw,-5.7643425e-05
142,14,forecast_load_mw_day_ahead,0.00019560663
142,15,gen_fuel_gas_mw,7.9183956e-05
142,16,total_gen,0.00015238569
142,17,gen_fuel_wind_mw,-0.00010538533
142,18,wind_generation_mw,6.0788057e-05
142,19,da_as_as_req_mw_thirty_minutes_reserve,0.0003666064
142,20,gen_fuel_multiple_fuels_pct,-0.00011130866
142,21,total_lmp_da,6.21583e-05
142,22,system_energy_price_rt,-2.1761982e-05
142,23,total_lmp_rt,3.792241e-05
142,24,da_as_mcp_synchronized_reserve,-0.00045269617
142,25,da_as_mcp_primary_reserve,-2.7273243e-05
142,26,marginal_loss_price_rt,6.119075e-05
142,27,gen_fuel_gas_pct,-7.320968e-05
142,28,marginal_loss_price_da,0.00017864375
142,29,gen_fuel_wind_pct,-0.0002059698
142,30,metered_load_mw,2.064514e-05
142,31,gross_inadv_interchange_mw,-8.910363e-05
142,32,gen_fuel_nuclear_pct,0.0001384583
142,33,congestion_price_da,-9.396204e-05
142,34,congestion_price_rt,-8.2499224e-05
142,35,forecast_load_mw_latest_available,-3.5905196e-05
142,36,prelim_load_avg_hourly,-0.00053426955
142,37,gross_actual_interchange_mw,6.337934e-05
142,38,total_losses,0.0005895119
142,39,gen_fuel_oil_mw,0.000297385
142,40,da_as_ss_mw_primary_reserve,-0.0002872176
142,41,da_as_nsr_mw_primary_reserve,-0.00022673678
142,42,gen_fuel_coal_pct,0.00020956935
142,43,gen_fuel_other_renewables_pct,0.00033152048
142,44,solar_generation_mw,0.0002862673
142,45,gen_fuel_hydro_mw,-3.439127e-05
142,46,net_inadv_interchange_mw,0.011097633
142,47,gen_fuel_solar_mw,-1.1070086e-05
143,1,net_sched_interchange_mw,0.58360577
143,2,gen_fuel_coal_mw,0.00034766155
143,3,da_as_total_mw_thirty_minutes_reserve,0.0001622074
143,4,gross_sched_interchange_mw,1.7395683e-05
143,5,gen_fuel_nuclear_mw,-8.1270555e-06
143,6,da_as_as_req_mw_primary_reserve,4.32058e-06
143,7,da_as_as_req_mw_synchronized_reserve,-5.7634712e-05
143,8,da_as_total_mw_primary_reserve,0.00017267455
143,9,da_as_total_mw_synchronized_reserve,1.1499541e-05
143,10,gen_fuel_other_renewables_mw,-6.0361912e-05
143,11,gen_fuel_multiple_fuels_mw,6.343446e-05
143,12,system_energy_price_da,3.9533516e-05
143,13,gen_fuel_storage_mw,0.00013634194
143,14,forecast_load_mw_day_ahead,-0.00023685746
143,15,gen_fuel_gas_mw,6.3709194e-05
143,16,total_gen,0.00014473769
143,17,gen_fuel_wind_mw,5.2142073e-05
143,18,wind_generation_mw,-0.00015397137
143,19,da_as_as_req_mw_thirty_minutes_reserve,0.00021428673
143,20,gen_fuel_multiple_fuels_pct,4.0439354e-06
143,21,total_lmp_da,-3.4550743e-05
143,22,system_energy_price_rt,3.4027646e-05
143,23,total_lmp_rt,1.2636083e-05
143,24,da_as_mcp_synchronized_reserve,-0.00016426508
143,25,da_as_mcp_primary_reserve,-6.383122e-05
143,26,marginal_loss_price_rt,0.000100685436
143,27,gen_fuel_gas_pct,-1.9408544e-05
143,28,marginal_loss_price_da,-0.00015167147
143,29,gen_fuel_wind_pct,-2.0220257e-05
143,30,metered_load_mw,-9.68553e-05
143,31,gross_inadv_interchange_mw,0.0003989706
143,32,gen_fuel_nuclear_pct,0.00012957139
143,33,congestion_price_da,5.3259893e-05
143,34,congestion_price_rt,-3.5305246e-05
143,35,forecast_load_mw_latest_available,8.373856e-05
143,36,prelim_load_avg_hourly,6.7412984e-05
143,37,gross_actual_interchange_mw,-4.7405367e-05
143,38,total_losses,0.00014520904
143,39,gen_fuel_oil_mw,-0.00032868964
143,40,da_as_ss_mw_primary_reserve,0.000105560546
143,41,da_as_nsr_mw_primary_reserve,-2.297126e-05
143,42,gen_fuel_coal_pct,0.00036419492
143,43,gen_fuel_other_renewables_pct,3.3033226e-05
143,44,solar_generation_mw,0.00019303965
143,45,gen_fuel_hydro_mw,-0.00018266564
143,46,net_inadv_interchange_mw,0.011296532
143,47,gen_fuel_solar_mw,0.00013746605
144,1,net_sched_interchange_mw,0.5793979
144,2,gen_fuel_coal_mw,-0.00024060701
144,3,da_as_total_mw_thirty_minutes_reserve,-0.00027373564
144,4,gross_sched_interchange_mw,0.00015146667
144,5,gen_fuel_nuclear_mw,-0.00010481729
144,6,da_as_as_req_mw_primary_reserve,0.00024848012
144,7,da_as_as_req_mw_synchronized_reserve,0.00019174897
144,8,da_as_total_mw_primary_reserve,-0.00053724716
144,9,da_as_total_mw_synchronized_reserve,5.8381556e-06
144,10,gen_fuel_other_renewables_mw,-6.403916e-05
144,11,gen_fuel_multiple_fuels_mw,6.039215e-06
144,12,system_energy_price_da,3.7176913e-05
144,13,gen_fuel_storage_mw,8.592251e-06
144,14,forecast_load_mw_day_ahead,0.00033938204
144,15,gen_fuel_gas_mw,-0.00013005763
144,16,total_gen,-0.00027841242
144,17,gen_fuel_wind_mw,-0.00010371266
144,18,wind_generation_mw,-3.436109e-05
144,19,da_as_as_req_mw_thirty_minutes_reserve,0.00035764082
144,20,gen_fuel_multiple_fuels_pct,2.6104377e-05
144,21,total_lmp_da,-0.00014449225
144,22,system_energy_price_rt,-6.2696614e-05
144,23,total_lmp_rt,-0.000116099705
144,24,da_as_mcp_synchronized_reserve,-7.2611285e-05
144,25,da_as_mcp_primary_reserve,6.7164365e-05
144,26,marginal_loss_price_rt,-0.000108333414
144,27,gen_fuel_gas_pct,-0.00016666106
144,28,marginal_loss_price_da,-0.00024558356
144,29,gen_fuel_wind_pct,-8.705655e-05
144,30,metered_load_mw,0.00034726842
144,31,gross_inadv_interchange_mw,0.00019516161
144,32,gen_fuel_nuclear_pct,-0.000102522376
144,33,congestion_price_da,-8.7074404e-05
144,34,congestion_price_rt,-0.00018749126
144,35,forecast_load_mw_latest_available,-0.0001246631
144,36,prelim_load_avg_hourly,0.0006464398
144,37,gross_actual_interchange_mw,-0.00048656127
144,38,total_losses,-0.00023271692
144,39,gen_fuel_oil_mw,0.00021167521
144,40,da_as_ss_mw_primary_reserve,6.48384e-05
144,41,da_as_nsr_mw_primary_reserve,-0.00016265098
144,42,gen_fuel_coal_pct,-6.0780556e-05
144,43,gen_fuel_other_renewables_pct,-0.000116120464
144,44,solar_generation_mw,-0.00032388346
144,45,gen_fuel_hydro_mw,-0.00020604362
144,46,net_inadv_interchange_mw,0.011183322
144,47,gen_fuel_solar_mw,0.00024323862
145,1,net_sched_interchange_mw,0.5753547
145,2,gen_fuel_coal_mw,-0.00022688211
145,3,da_as_total_mw_thirty_minutes_reserve,-7.0804927e-06
145,4,gross_sched_interchange_mw,-0.00012982581
145,5,gen_fuel_nuclear_mw,0.00020127918
145,6,da_as_as_req_mw_primary_reserve,3.5409183e-05
145,7,da_as_as_req_mw_synchronized_reserve,-9.505355e-05
145,8,da_as_total_mw_primary_reserve,-1.8399456e-05
145,9,da_as_total_mw_synchronized_reserve,0.0001096891
145,10,gen_fuel_other_renewables_mw,0.00015683052
145,11,gen_fuel_multiple_fuels_mw,8.951618e-06
145,12,system_energy_price_da,-0.00016096795
145,13,gen_fuel_storage_mw,-9.9369994e-05
145,14,forecast_load_mw_day_ahead,-0.00017215782
145,15,gen_fuel_gas_mw,0.00016397831
145,16,total_gen,0.00020779681
145,17,gen_fuel_wind_mw,-9.556373e-05
145,18,wind_generation_mw,-0.00010588647
145,19,da_as_as_req_mw_thirty_minutes_reserve,0.00017101785
145,20,gen_fuel_multiple_fuels_pct,0.00024960583
145,21,total_lmp_da,-9.240898e-05
145,22,system_energy_price_rt,0.00012701648
145,23,total_lmp_rt,-0.00022408438
145,24,da_as_mcp_synchronized_reserve,-0.00015136207
145,25,da_as_mcp_primary_reserve,3.375569e-05
145,26,marginal_loss_price_rt,-0.00016865376
145,27,gen_fuel_gas_pct,-6.974337e-05
145,28,marginal_loss_price_da,-2.1111235e-05
145,29,gen_fuel_wind_pct,2.79324e-07
145,30,metered_load_mw,-0.00014300697
145,31,gross_inadv_interchange_mw,0.00014449118
145,32,gen_fuel_nuclear_pct,-8.7330845e-05
145,33,congestion_price_da,0.00014226328
145,34,congestion_price_rt,9.848779e-05
145,35,forecast_load_mw_latest_available,-5.0294897e-05
145,36,prelim_load_avg_hourly,4.7511057e-05
145,37,gross_actual_interchange_mw,-0.00018007998
145,38,total_losses,4.091539e-06
145,39,gen_fuel_oil_mw,1.2968376e-06
145,40,da_as_ss_mw_primary_reserve,0.00024989154
145,41,da_as_nsr_mw_primary_reserve,-6.380663e-05
145,42,gen_fuel_coal_pct,2.767786e-05
145,43,gen_fuel_other_renewables_pct,-6.456686e-05
145,44,solar_generation_mw,-0.0003277552
145,45,gen_fuel_hydro_mw,-3.834979e-05
145,46,net_inadv_interchange_mw,0.010908212
145,47,gen_fuel_solar_mw,-0.00019622887
146,1,net_sched_interchange_mw,0.5708847
146,2,gen_fuel_coal_mw,-0.0001004046
146,3,da_as_total_mw_thirty_minutes_reserve,-0.000113329355
146,4,gross_sched_interchange_mw,-0.000132894
146,5,gen_fuel_nuclear_mw,0.000120499026
146,6,da_as_as_req_mw_primary_reserve,-0.00028826998
146,7,da_as_as_req_mw_synchronized_reserve,-2.144626e-05
146,8,da_as_total_mw_primary_reserve,-0.00020243647
146,9,da_as_total_mw_synchronized_reserve,6.225562e-05
146,10,gen_fuel_other_renewables_mw,0.00013447358
146,11,gen_fuel_multiple_fuels_mw,-0.00021622426
146,12,system_energy_price_da,3.493145e-05
146,13,gen_fuel_storage_mw,-6.729053e-05
146,14,forecast_load_mw_day_ahead,0.00012580527
146,15,gen_fuel_gas_mw,-4.4500208e-05
146,16,total_gen,-6.685301e-05
146,17,gen_fuel_wind_mw,0.00019881772
146,18,wind_generation_mw,0.00030176702
146,19,da_as_as_req_mw_thirty_minutes_reserve,-1.9379942e-05
146,20,gen_fuel_multiple_fuels_pct,-9.97709e-05
146,21,total_lmp_da,-3.1187246e-05
146,22,system_energy_price_rt,-0.00023406693
146,23,total_lmp_rt,-0.00012253207
146,24,da_as_mcp_synchronized_reserve,-0.00011423339
146,25,da_as_mcp_primary_reserve,6.8630165e-05
146,26,marginal_loss_price_rt,-3.1783093e-05
146,27,gen_fuel_gas_pct,0.00054964004
146,28,marginal_loss_price_da,-3.980739e-05
146,29,gen_fuel_wind_pct,8.932296e-05
146,30,metered_load_mw,4.462243e-06
146,31,gross_inadv_interchange_mw,0.000108153254
146,32,gen_fuel_nuclear_pct,2.3074681e-05
146,33,congestion_price_da,0.00017076166
146,34,congestion_price_rt,-2.2558732e-05
146,35,forecast_load_mw_latest_available,0.00025406168
146,36,prelim_load_avg_hourly,6.6665096e-05
146,37,gross_actual_interchange_mw,3.9983104e-05
146,38,total_losses,4.0668274e-06
146,39,gen_fuel_oil_mw,6.850152e-05
146,40,da_as_ss_mw_primary_reserve,4.1467065e-06
146,41,da_as_nsr_mw_primary_reserve,-0.00015057242
146,42,gen_fuel_coal_pct,-2.105735e-06
146,43,gen_fuel_other_renewables_pct,0.00022673474
146,44,solar_generation_mw,-2.1225787e-05
146,45,gen_fuel_hydro_mw,-0.00017279029
146,46,net_inadv_interchange_mw,0.010949168
146,47,gen_fuel_solar_mw,-0.00011390367
147,1,net_sched_interchange_mw,0.5661685
147,2,gen_fuel_coal_mw,4.0419076e-05
147,3,da_as_total_mw_thirty_minutes_reserve,-9.311538e-05
147,4,gross_sched_interchange_mw,-1.6496058e-05
147,5,gen_fuel_nuclear_mw,9.386578e-05
147,6,da_as_as_req_mw_primary_reserve,-0.000103497216
147,7,da_as_as_req_mw_synchronized_reserve,1.7928993e-05
147,8,da_as_total_mw_primary_reserve,-0.00011405585
147,9,da_as_total_mw_synchronized_reserve,0.00010182245
147,10,gen_fuel_other_renewables_mw,-4.721139e-05
147,11,gen_fuel_multiple_fuels_mw,-9.9038276e-05
147,12,system_energy_price_da,0.0002719167
147,13,gen_fuel_storage_mw,-2.4573568e-05
147,14,forecast_load_mw_day_ahead,0.00036568448
147,15,gen_fuel_gas_mw,-5.5092605e-05
147,16,total_gen,-0.0004140387
147,17,gen_fuel_wind_mw,-0.00041546643
147,18,wind_generation_mw,0.000104302206
147,19,da_as_as_req_mw_thirty_minutes_reserve,-0.000105929605
147,20,gen_fuel_multiple_fuels_pct,0.00012984886
147,21,total_lmp_da,1.9287178e-05
147,22,system_energy_price_rt,-0.000111622314
147,23,total_lmp_rt,-5.1112773e-05
147,24,da_as_mcp_synchronized_reserve,9.800974e-05
147,25,da_as_mcp_primary_reserve,-0.00011331016
147,26,marginal_loss_price_rt,-0.0003799434
147,27,gen_fuel_gas_pct,-0.0001384828
147,28,marginal_loss_price_da,-3.7655234e-05
147,29,gen_fuel_wind_pct,0.000109750916
147,30,metered_load_mw,8.953762e-05
147,31,gross_inadv_interchange_mw,-0.00019829985
147,32,gen_fuel_nuclear_pct,0.00016946491
147,33,congestion_price_da,5.4366334e-05
147,34,congestion_price_rt,-2.7095299e-05
147,35,forecast_load_mw_latest_available,-0.00030941344
147,36,prelim_load_avg_hourly,-8.5319356e-05
147,37,gross_actual_interchange_mw,-6.49135e-05
147,38,total_losses,4.6334888e-05
147,39,gen_fuel_oil_mw,8.535887e-05
147,40,da_as_ss_mw_primary_reserve,6.8097215e-05
147,41,da_as_nsr_mw_primary_reserve,-7.963991e-05
147,42,gen_fuel_coal_pct,-0.00023156503
147,43,gen_fuel_other_renewables_pct,9.195646e-06
147,44,solar_generation_mw,-8.3541876e-05
147,45,gen_fuel_hydro_mw,-2.2961642e-05
147,46,net_inadv_interchange_mw,0.010594773
147,47,gen_fuel_solar_mw,-2.3727478e-05
148,1,net_sched_interchange_mw,0.5612607
148,2,gen_fuel_coal_mw,2.988457e-05
148,3,da_as_total_mw_thirty_minutes_reserve,0.0002161344
148,4,gross_sched_interchange_mw,0.00028643024
148,5,gen_fuel_nuclear_mw,1.2823977e-05
148,6,da_as_as_req_mw_primary_reserve,4.687944e-05
148,7,da_as_as_req_mw_synchronized_reserve,8.6232845e-05
148,8,da_as_total_mw_primary_reserve,-8.483915e-05
148,9,da_as_total_mw_synchronized_reserve,6.400024e-05
148,10,gen_fuel_other_renewables_mw,-0.0003304712
148,11,gen_fuel_multiple_fuels_mw,9.5368196e-05
148,12,system_energy_price_da,4.4902423e-05
148,13,gen_fuel_storage_mw,0.00010242752
148,14,forecast_load_mw_day_ahead,8.307865e-05
148,15,gen_fuel_gas_mw,0.00032393992
148,16,total_gen,0.00012401886
148,17,gen_fuel_wind_mw,-0.0001826249
148,18,wind_generation_mw,2.4119749e-05
148,19,da_as_as_req_mw_thirty_minutes_reserve,-3.308682e-05
148,20,gen_fuel_multiple_fuels_pct,9.207864e-05
148,21,total_lmp_da,0.00013077508
148,22,system_energy_price_rt,-0.00013056255
148,23,total_lmp_rt,-2.2518703e-05
148,24,da_as_mcp_synchronized_reserve,-1.7853476e-05
148,25,da_as_mcp_primary_reserve,0.00021669545
148,26,marginal_loss_price_rt,-7.428804e-05
148,27,gen_fuel_gas_pct,0.00020781913
148,28,marginal_loss_price_da,0.00026154777
148,29,gen_fuel_wind_pct,6.881324e-05
148,30,metered_load_mw,-0.00023696874
148,31,gross_inadv_interchange_mw,-4.0132723e-05
148,32,gen_fuel_nuclear_pct,-1.9386021e-05
148,33,congestion_price_da,0.00011513285
148,34,congestion_price_rt,-0.00029618936
148,35,forecast_load_mw_latest_available,-8.996356e-05
148,36,prelim_load_avg_hourly,-0.00032209634
148,37,gross_actual_interchange_mw,6.285592e-05
148,38,total_losses,-3.1064897e-05
148,39,gen_fuel_oil_mw,0.00024022978
148,40,da_as_ss_mw_primary_reserve,6.717206e-05
148,41,da_as_nsr_mw_primary_reserve,-0.00014132327
148,42,gen_fuel_coal_pct,-0.00018056363
148,43,gen_fuel_other_renewables_pct,-0.00014618953
148,44,solar_generation_mw,-0.00013493327
148,45,gen_fuel_hydro_mw,-2.212332e-05
148,46,net_inadv_interchange_mw,0.010430512
148,47,gen_fuel_solar_mw,-9.878192e-05
149,1,net_sched_interchange_mw,0.55670893
149,2,gen_fuel_coal_mw,0.0002500306
149,3,da_as_total_mw_thirty_minutes_reserve,-6.502739e-05
149,4,gross_sched_interchange_mw,4.5353823e-05
149,5,gen_fuel_nuclear_mw,1.8548566e-05
149,6,da_as_as_req_mw_primary_reserve,0.00014044892
149,7,da_as_as_req_mw_synchronized_reserve,-7.028246e-05
149,8,da_as_total_mw_primary_reserve,0.00037965426
149,9,da_as_total_mw_synchronized_reserve,0.00033042568
149,10,gen_fuel_other_renewables_mw,0.0006298864
149,11,gen_fuel_multiple_fuels_mw,-9.2360824e-05
149,12,system_energy_price_da,7.5087184e-05
149,13,gen_fuel_storage_mw,-0.00012935414
149,14,forecast_load_mw_day_ahead,-7.365132e-05
149,15,gen_fuel_gas_mw,-0.00011572117
149,16,total_gen,3.1460637e-05
149,17,gen_fuel_wind_mw,0.0002822316
149,18,wind_generation_mw,-0.00029520033
149,19,da_as_as_req_mw_thirty_minutes_reserve,-0.000335854
149,20,gen_fuel_multiple_fuels_pct,0.0001844129
149,21,total_lmp_da,0.00019517771
149,22,system_energy_price_rt,9.5054915e-05
149,23,total_lmp_rt,-0.0003105136
149,24,da_as_mcp_synchronized_reserve,-0.000131385
149,25,da_as_mcp_primary_reserve,4.904541e-08
149,26,marginal_loss_price_rt,0.00020296985
149,27,gen_fuel_gas_pct,6.268393e-05
149,28,marginal_loss_price_da,8.302347e-05
149,29,gen_fuel_wind_pct,0.0001392217
149,30,metered_load_mw,0.00016394221
149,31,gross_inadv_interchange_mw,8.439661e-05
149,32,gen_fuel_nuclear_pct,0.0001912092
149,33,congestion_price_da,0.00023682787
149,34,congestion_price_rt,0.000332723
149,35,forecast_load_mw_latest_available,3.1468066e-05
149,36,prelim_load_avg_hourly,-0.00017411886
149,37,gross_actual_interchange_mw,0.00013330457
149,38,total_losses,-0.00011013171
149,39,gen_fuel_oil_mw,6.7772e-06
149,40,da_as_ss_mw_primary_reserve,-0.0003200171
149,41,da_as_nsr_mw_primary_reserve,-0.00033230183
149,42,gen_fuel_coal_pct,0.000130673
149,43,gen_fuel_other_renewables_pct,4.2317253e-05
149,44,solar_generation_mw,-2.8374685e-05
149,45,gen_fuel_hydro_mw,0.00014717004
149,46,net_inadv_interchange_mw,0.010141257
149,47,gen_fuel_solar_mw,-3.8877508e-05
150,1,net_sched_interchange_mw,0.5523652
150,2,gen_fuel_coal_mw,0.00010177118
150,3,da_as_total_mw_thirty_minutes_reserve,-6.787362e-05
150,4,gross_sched_interchange_mw,-0.00016889776
150,5,gen_fuel_nuclear_mw,-9.412023e-05
150,6,da_as_as_req_mw_primary_reserve,6.60776e-05
150,7,da_as_as_req_mw_synchronized_reserve,7.9434205e-05
150,8,da_as_total_mw_primary_reserve,5.0942217e-05
150,9,da_as_total_mw_synchronized_reserve,-4.3512715e-05
150,10,gen_fuel_other_renewables_mw,6.283124e-06
150,11,gen_fuel_multiple_fuels_mw,-0.00015249725
150,12,system_energy_price_da,8.906981e-05
150,13,gen_fuel_storage_mw,0.00011750187
150,14,forecast_load_mw_day_ahead,-9.578672e-05
150,15,gen_fuel_gas_mw,-0.00015653532
150,16,total_gen,9.617066e-05
150,17,gen_fuel_wind_mw,0.00014167606
150,18,wind_generation_mw,3.5927987e-05
150,19,da_as_as_req_mw_thirty_minutes_reserve,4.2356274e-05
150,20,gen_fuel_multiple_fuels_pct,0.00018868616
150,21,total_lmp_da,0.00020550462
150,22,system_energy_price_rt,-0.00017091774
150,23,total_lmp_rt,-9.721516e-05
150,24,da_as_mcp_synchronized_reserve,0.00022481843
150,25,da_as_mcp_primary_reserve,-0.00015826446
150,26,marginal_loss_price_rt,1.3712433e-05
150,27,gen_fuel_gas_pct,-3.5843666e-05
150,28,marginal_loss_price_da,-5.2785483e-05
150,29,gen_fuel_wind_pct,-0.00012575876
150,30,metered_load_mw,9.371202e-05
150,31,gross_inadv_interchange_mw,-9.2889444e-05
150,32,gen_fuel_nuclear_pct,-0.00022146906
150,33,congestion_price_da,-0.00031374366
150,34,congestion_price_rt,-2.5234447e-05
150,35,forecast_load_mw_latest_available,-0.0001123173
150,36,prelim_load_avg_hourly,4.6632238e-05
150,37,gross_actual_interchange_mw,-5.527254e-07
150,38,total_losses,1.1687211e-05
150,39,gen_fuel_oil_mw,3.260353e-06
150,40,da_as_ss_mw_primary_reserve,-0.000102559476
150,41,da_as_nsr_mw_primary_reserve,-5.3934877e-05
150,42,gen_fuel_coal_pct,-0.00015779062
150,43,gen_fuel_other_renewables_pct,-0.0001632683
150,44,solar_generation_mw,7.274203e-05
150,45,gen_fuel_hydro_mw,0.00038086093
150,46,net_inadv_interchange_mw,0.010324936
150,47,gen_fuel_solar_mw,0.0002354343
151,1,net_sched_interchange_mw,0.54765654
151,2,gen_fuel_coal_mw,-5.1266295e-05
151,3,da_as_total_mw_thirty_minutes_reserve,-0.00021352206
151,4,gross_sched_interchange_mw,-0.0002814519
151,5,gen_fuel_nuclear_mw,-7.438485e-05
151,6,da_as_as_req_mw_primary_reserve,-9.062226e-05
151,7,da_as_as_req_mw_synchronized_reserve,-1.8366256e-05
151,8,da_as_total_mw_primary_reserve,-0.00021386109
151,9,da_as_total_mw_synchronized_reserve,-0.00011233799
151,10,gen_fuel_other_renewables_mw,5.5044944e-05
151,11,gen_fuel_multiple_fuels_mw,-1.0391377e-05
151,12,system_energy_price_da,5.9522215e-05
151,13,gen_fuel_storage_mw,-0.00016953677
151,14,forecast_load_mw_day_ahead,-9.3974726e-05
151,15,gen_fuel_gas_mw,9.428782e-05
151,16,total_gen,-0.0001467735
151,17,gen_fuel_wind_mw,8.030779e-05
151,18,wind_generation_mw,0.00010514982
151,19,da_as_as_req_mw_thirty_minutes_reserve,-4.4615925e-05
151,20,gen_fuel_multiple_fuels_pct,-0.00017795025
151,21,total_lmp_da,-0.0003428451
151,22,system_energy_price_rt,-0.00015468385
151,23,total_lmp_rt,-0.00022639311
151,24,da_as_mcp_synchronized_reserve,0.000166296
151,25,da_as_mcp_primary_reserve,-0.00018272777
151,26,marginal_loss_price_rt,9.044269e-05
151,27,gen_fuel_gas_pct,-3.2115204e-06
151,28,marginal_loss_price_da,-0.00017006893
151,29,gen_fuel_wind_pct,0.00012839555
151,30,metered_load_mw,1.3444354e-05
151,31,gross_inadv_interchange_mw,0.00018600737
151,32,gen_fuel_nuclear_pct,-0.00022667821
151,33,congestion_price_da,-4.0508923e-05
151,34,congestion_price_rt,-0.000236033
151,35,forecast_load_mw_latest_available,-0.000104054314
151,36,prelim_load_avg_hourly,-7.836082e-05
151,37,gross_actual_interchange_mw,-1.6746919e-05
151,38,total_losses,2.3084809e-05
151,39,gen_fuel_oil_mw,0.00017599504
151,40,da_as_ss_mw_primary_reserve,-2.689453e-05
151,41,da_as_nsr_mw_primary_reserve,-0.00020097216
151,42,gen_fuel_coal_pct,-7.145869e-05
151,43,gen_fuel_other_renewables_pct,0.00011554606
151,44,solar_generation_mw,0.00039267406
151,45,gen_fuel_hydro_mw,-0.00026321283
151,46,net_inadv_interchange_mw,0.010039905
151,47,gen_fuel_solar_mw,-3.077605e-05
152,1,net_sched_interchange_mw,0.5433122
152,2,gen_fuel_coal_mw,-0.000109699235
152,3,da_as_total_mw_thirty_minutes_reserve,-9.871196e-05
152,4,gross_sched_interchange_mw,4.4142296e-05
152,5,gen_fuel_nuclear_mw,-0.00010187853
152,6,da_as_as_req_mw_primary_reserve,0.0001310282
152,7,da_as_as_req_mw_synchronized_reserve,-0.0003734529
152,8,da_as_total_mw_primary_reserve,0.00016830652
152,9,da_as_total_mw_synchronized_reserve,4.4815122e-05
152,10,gen_fuel_other_renewables_mw,-0.00016589435
152,11,gen_fuel_multiple_fuels_mw,2.0947482e-06
152,12,system_energy_price_da,0.00024595196
152,13,gen_fuel_storage_mw,-0.00027579593
152,14,forecast_load_mw_day_ahead,0.00032104438
152,15,gen_fuel_gas_mw,-0.00014080106
152,16,total_gen,-0.00015201312
152,17,gen_fuel_wind_mw,0.00015054567
152,18,wind_generation_mw,-0.00021840629
152,19,da_as_as_req_mw_thirty_minutes_reserve,-0.00018617256
152,20,gen_fuel_multiple_fuels_pct,0.00019438294
152,21,total_lmp_da,6.1059654e-05
152,22,system_energy_price_rt,0.00017770211
152,23,total_lmp_rt,-0.00017610914
152,24,da_as_mcp_synchronized_reserve,-4.745173e-05
152,25,da_as_mcp_primary_reserve,-0.0003308914
152,26,marginal_loss_price_rt,-9.260157e-05
152,27,gen_fuel_gas_pct,4.004658e-06
152,28,marginal_loss_price_da,-9.6078125e-05
152,29,gen_fuel_wind_pct,-0.00018027844
152,30,metered_load_mw,-0.00021526264
152,31,gross_inadv_interchange_mw,0.00018183008
152,32,gen_fuel_nuclear_pct,0.0001971939
152,33,congestion_price_da,-2.491608e-06
152,34,congestion_price_rt,-0.00013674406
152,35,forecast_load_mw_latest_available,0.00011535779
152,36,prelim_load_avg_hourly,0.0002644286
152,37,gross_actual_interchange_mw,0.00018416846
152,38,total_losses,-7.442059e-05
152,39,gen_fuel_oil_mw,0.000288698
152,40,da_as_ss_mw_primary_reserve,-9.53034e-05
152,41,da_as_nsr_mw_primary_reserve,9.621766e-05
152,42,gen_fuel_coal_pct,-0.00015862766
152,43,gen_fuel_other_renewables_pct,-1.5691301e-05
152,44,solar_generation_mw,-0.00041783217
152,45,gen_fuel_hydro_mw,0.00023748109
152,46,net_inadv_interchange_mw,0.009915333
152,47,gen_fuel_solar_mw,0.00026163645
153,1,net_sched_interchange_mw,0.5402115
153,2,gen_fuel_coal_mw,7.771484e-05
153,3,da_as_total_mw_thirty_minutes_reserve,0.00017955489
153,4,gross_sched_interchange_mw,-8.416364e-05
153,5,gen_fuel_nuclear_mw,-4.614275e-05
153,6,da_as_as_req_mw_primary_reserve,-7.808342e-05
153,7,da_as_as_req_mw_synchronized_reserve,-0.00028172505
153,8,da_as_total_mw_primary_reserve,-0.00030514126
153,9,da_as_total_mw_synchronized_reserve,1.2497912e-05
153,10,gen_fuel_other_renewables_mw,3.2570722e-05
153,11,gen_fuel_multiple_fuels_mw,-0.00014183152
153,12,system_energy_price_da,-0.00019109884
153,13,gen_fuel_storage_mw,0.00015276638
153,14,forecast_load_mw_day_ahead,-0.00015048587
153,15,gen_fuel_gas_mw,-9.851706e-05
153,16,total_gen,8.6345535e-05
153,17,gen_fuel_wind_mw,0.000118548654
153,18,wind_generation_mw,0.00013314749
153,19,da_as_as_req_mw_thirty_minutes_reserve,-7.867237e-05
153,20,gen_fuel_multiple_fuels_pct,0.0003434804
153,21,total_lmp_da,8.152006e-05
153,22,system_energy_price_rt,9.0814574e-05
153,23,total_lmp_rt,3.951756e-05
153,24,da_as_mcp_synchronized_reserve,-0.00018713562
153,25,da_as_mcp_primary_reserve,1.9836552e-05
153,26,marginal_loss_price_rt,-0.00019020052
153,27,gen_fuel_gas_pct,-0.00013006348
153,28,marginal_loss_price_da,0.0005286694
153,29,gen_fuel_wind_pct,0.0003155105
153,30,metered_load_mw,0.00014857831
153,31,gross_inadv_interchange_mw,0.0003285241
153,32,gen_fuel_nuclear_pct,0.00010404969
153,33,congestion_price_da,1.56889e-05
153,34,congestion_price_rt,0.0001341367
153,35,forecast_load_mw_latest_available,-0.0003395283
153,36,prelim_load_avg_hourly,-0.00011185997
153,37,gross_actual_interchange_mw,4.307734e-05
153,38,total_losses,-5.3155945e-06
153,39,gen_fuel_oil_mw,-8.349703e-05
153,40,da_as_ss_mw_primary_reserve,0.000100005855
153,41,da_as_nsr_mw_primary_reserve,-1.1928729e-05
153,42,gen_fuel_coal_pct,-0.00018443617
153,43,gen_fuel_other_renewables_pct,-1.6107391e-05
153,44,solar_generation_mw,-0.000563434
153,45,gen_fuel_hydro_mw,0.0003041331
153,46,net_inadv_interchange_mw,0.010108825
153,47,gen_fuel_solar_mw,7.451938e-05
154,1,net_sched_interchange_mw,0.53698665
154,2,gen_fuel_coal_mw,2.0612824e-05
154,3,da_as_total_mw_thirty_minutes_reserve,-6.5804146e-05
154,4,gross_sched_interchange_mw,-0.00011668366
154,5,gen_fuel_nuclear_mw,-0.00019178608
154,6,da_as_as_req_mw_primary_reserve,9.304444e-05
154,7,da_as_as_req_mw_synchronized_reserve,0.00015298888
154,8,da_as_total_mw_primary_reserve,6.051385e-05
154,9,da_as_total_mw_synchronized_reserve,-0.00012748677
154,10,gen_fuel_other_renewables_mw,-2.4257439e-05
154,11,gen_fuel_multiple_fuels_mw,-9.2773844e-05
154,12,system_energy_price_da,0.0001418624
154,13,gen_fuel_storage_mw,-8.4353924e-05
154,14,forecast_load_mw_day_ahead,-0.0001740355
154,15,gen_fuel_gas_mw,-0.00012323822
154,16,total_gen,-0.00023955503
154,17,gen_fuel_wind_mw,-3.7974754e-05
154,18,wind_generation_mw,0.00016664049
154,19,da_as_as_req_mw_thirty_minutes_reserve,-2.7851478e-05
154,20,gen_fuel_multiple_fuels_pct,4.2764616e-05
154,21,total_lmp_da,-9.743885e-05
154,22,system_energy_price_rt,-0.00026316248
154,23,total_lmp_rt,1.6391205e-06
154,24,da_as_mcp_synchronized_reserve,0.00022098613
154,25,da_as_mcp_primary_reserve,9.7970114e-05
154,26,marginal_loss_price_rt,0.000211493
154,27,gen_fuel_gas_pct,-0.00033046873
154,28,marginal_loss_price_da,5.472549e-05
154,29,gen_fuel_wind_pct,0.00022383842
154,30,metered_load_mw,-9.167082e-05
154,31,gross_inadv_interchange_mw,0.00010300022
154,32,gen_fuel_nuclear_pct,2.9869487e-05
154,33,congestion_price_da,-4.8627742e-05
154,34,congestion_price_rt,-1.4917023e-05
154,35,forecast_load_mw_latest_available,6.4901054e-05
154,36,prelim_load_avg_hourly,2.9900679e-05
154,37,gross_actual_interchange_mw,5.9377177e-05
154,38,total_losses,6.043136e-05
154,39,gen_fuel_oil_mw,-0.00025296674
154,40,da_as_ss_mw_primary_reserve,-3.3565026e-05
154,41,da_as_nsr_mw_primary_reserve,0.00021068752
154,42,gen_fuel_coal_pct,0.00010566067
154,43,gen_fuel_other_renewables_pct,-0.00022526155
154,44,solar_generation_mw,0.00026220494
154,45,gen_fuel_hydro_mw,-1.9450625e-05
154,46,net_inadv_interchange_mw,0.009966212
154,47,gen_fuel_solar_mw,-3.424834e-05
155,1,net_sched_interchange_mw,0.5333609
155,2,gen_fuel_coal_mw,-3.9966668e-05
155,3,da_as_total_mw_thirty_minutes_reserve,6.25993e-05
155,4,gross_sched_interchange_mw,-5.3097574e-05
155,5,gen_fuel_nuclear_mw,-8.835028e-05
155,6,da_as_as_req_mw_primary_reserve,-3.1387317e-06
155,7,da_as_as_req_mw_synchronized_reserve,-4.3687258e-05
155,8,da_as_total_mw_primary_reserve,-0.0002149102
155,9,da_as_total_mw_synchronized_reserve,0.000106988104
155,10,gen_fuel_other_renewables_mw,-0.00012943834
155,11,gen_fuel_multiple_fuels_mw,-4.6172565e-05
155,12,system_energy_price_da,4.3421613e-05
155,13,gen_fuel_storage_mw,-0.00012322617
155,14,forecast_load_mw_day_ahead,-0.00011426705
155,15,gen_fuel_gas_mw,-0.00017669573
155,16,total_gen,4.1799252e-05
155,17,gen_fuel_wind_mw,4.172002e-05
155,18,wind_generation_mw,-6.4785825e-05
155,19,da_as_as_req_mw_thirty_minutes_reserve,0.00016366647
155,20,gen_fuel_multiple_fuels_pct,9.887475e-05
155,21,total_lmp_da,-9.5316405e-05
155,22,system_energy_price_rt,-1.2301556e-05
155,23,total_lmp_rt,0.00029200796
155,24,da_as_mcp_synchronized_reserve,-4.2484695e-05
155,25,da_as_mcp_primary_reserve,-9.2625865e-05
155,26,marginal_loss_price_rt,1.5781774e-05
155,27,gen_fuel_gas_pct,-0.00026571247
155,28,marginal_loss_price_da,-2.2940603e-05
155,29,gen_fuel_wind_pct,0.00031856933
155,30,metered_load_mw,-1.5876685e-05
155,31,gross_inadv_interchange_mw,1.36141025e-05
155,32,gen_fuel_nuclear_pct,0.00014758954
155,33,congestion_price_da,0.00011482263
155,34,congestion_price_rt,0.00013782646
155,35,forecast_load_mw_latest_available,0.00022506365
155,36,prelim_load_avg_hourly,4.360448e-05
155,37,gross_actual_interchange_mw,-8.224316e-05
155,38,total_losses,-8.373429e-05
155,39,gen_fuel_oil_mw,-0.00024134679
155,40,da_as_ss_mw_primary_reserve,-0.000113161426
155,41,da_as_nsr_mw_primary_reserve,0.00027290822
155,42,gen_fuel_coal_pct,3.3786833e-05
155,43,gen_fuel_other_renewables_pct,-6.867791e-05
155,44,solar_generation_mw,4.2575877e-05
155,45,gen_fuel_hydro_mw,0.0001552276
155,46,net_inadv_interchange_mw,0.009880809
155,47,gen_fuel_solar_mw,1.9172287e-05
156,1,net_sched_interchange_mw,0.52956903
156,2,gen_fuel_coal_mw,9.0059715e-05
156,3,da_as_total_mw_thirty_minutes_reserve,-4.3828593e-05
156,4,gross_sched_interchange_mw,-0.00022562637
156,5,gen_fuel_nuclear_mw,9.779669e-05
156,6,da_as_as_req_mw_primary_reserve,0.00019689718
156,7,da_as_as_req_mw_synchronized_reserve,-2.7873339e-05
156,8,da_as_total_mw_primary_reserve,-3.988012e-05
156,9,da_as_total_mw_synchronized_reserve,-0.0003838228
156,10,gen_fuel_other_renewables_mw,-5.9931197e-05
156,11,gen_fuel_multiple_fuels_mw,-7.174938e-05
156,12,system_energy_price_da,0.00018943433
156,13,gen_fuel_storage_mw,-7.270407e-05
156,14,forecast_load_mw_day_ahead,-0.00010344002
156,15,gen_fuel_gas_mw,-0.00023067083
156,16,total_gen,9.0850845e-05
156,17,gen_fuel_wind_mw,0.00010083011
156,18,wind_generation_mw,-7.406925e-09
156,19,da_as_as_req_mw_thirty_minutes_reserve,9.554297e-05
156,20,gen_fuel_multiple_fuels_pct,3.368374e-05
156,21,total_lmp_da,2.7847615e-05
156,22,system_energy_price_rt,-5.967298e-05
156,23,total_lmp_rt,-0.00020498889
156,24,da_as_mcp_synchronized_reserve,4.6138826e-05
156,25,da_as_mcp_primary_reserve,-0.0001350651
156,26,marginal_loss_price_rt,-5.219585e-05
156,27,gen_fuel_gas_pct,-0.00013797646
156,28,marginal_loss_price_da,-6.302887e-05
156,29,gen_fuel_wind_pct,-1.140164e-05
156,30,metered_load_mw,0.000105160914
156,31,gross_inadv_interchange_mw,-5.27036e-06
156,32,gen_fuel_nuclear_pct,3.582082e-05
156,33,congestion_price_da,0.00022058722
156,34,congestion_price_rt,1.7010294e-05
156,35,forecast_load_mw_latest_available,-9.557685e-05
156,36,prelim_load_avg_hourly,-0.00027712065
156,37,gross_actual_interchange_mw,-5.2050935e-05
156,38,total_losses,-1.3737837e-05
156,39,gen_fuel_oil_mw,0.00021475079
156,40,da_as_ss_mw_primary_reserve,2.314795e-06
156,41,da_as_nsr_mw_primary_reserve,-5.085071e-05
156,42,gen_fuel_coal_pct,-2.1480075e-05
156,43,gen_fuel_other_renewables_pct,-0.00019356592
156,44,solar_generation_mw,-0.00019942096
156,45,gen_fuel_hydro_mw,-7.322185e-05
156,46,net_inadv_interchange_mw,0.009692207
156,47,gen_fuel_solar_mw,5.6572106e-05
157,1,net_sched_interchange_mw,0.5254357
157,2,gen_fuel_coal_mw,-9.9318626e-05
157,3,da_as_total_mw_thirty_minutes_reserve,-0.00013285989
157,4,gross_sched_interchange_mw,4.2713466e-05
157,5,gen_fuel_nuclear_mw,0.00015633857
157,6,da_as_as_req_mw_primary_reserve,-9.17247e-05
157,7,da_as_as_req_mw_synchronized_reserve,0.00024390727
157,8,da_as_total_mw_primary_reserve,-0.00021650018
157,9,da_as_total_mw_synchronized_reserve,-0.00032013128
157,10,gen_fuel_other_renewables_mw,-0.00015670266
157,11,gen_fuel_multiple_fuels_mw,4.4193905e-05
157,12,system_energy_price_da,-4.6188776e-05
157,13,gen_fuel_storage_mw,-0.00017473949
157,14,forecast_load_mw_day_ahead,4.8983275e-06
157,15,gen_fuel_gas_mw,0.00011491024
157,16,total_gen,0.000177655
157,17,gen_fuel_wind_mw,0.000105367624
157,18,wind_generation_mw,-0.00021696682
157,19,da_as_as_req_mw_thirty_minutes_reserve,0.00017173745
157,20,gen_fuel_multiple_fuels_pct,0.000147775
157,21,total_lmp_da,-0.00012413983
157,22,system_energy_price_rt,8.649843e-05
157,23,total_lmp_rt,-0.00014895006
157,24,da_as_mcp_synchronized_reserve,7.05738e-05
157,25,da_as_mcp_primary_reserve,0.00011048818
157,26,marginal_loss_price_rt,5.0645707e-05
157,27,gen_fuel_gas_pct,0.00013133948
157,28,marginal_loss_price_da,0.00029808696
157,29,gen_fuel_wind_pct,-4.52221e-05
157,30,metered_load_mw,-5.049478e-06
157,31,gross_inadv_interchange_mw,8.167942e-05
157,32,gen_fuel_nuclear_pct,0.00011004336
157,33,congestion_price_da,0.00015212115
157,34,congestion_price_rt,0.00017413586
157,35,forecast_load_mw_latest_available,0.00014025907
157,36,prelim_load_avg_hourly,-0.0001161348
157,37,gross_actual_interchange_mw,7.560717e-05
157,38,total_losses,4.125909e-05
157,39,gen_fuel_oil_mw,-0.00014684036
157,40,da_as_ss_mw_primary_reserve,-8.97585e-05
157,41,da_as_nsr_mw_primary_reserve,-4.2308762e-05
157,42,gen_fuel_coal_pct,0.00018971993
157,43,gen_fuel_other_renewables_pct,2.8805152e-05
157,44,solar_generation_mw,-5.7334204e-05
157,45,gen_fuel_hydro_mw,-4.4395718e-05
157,46,net_inadv_interchange_mw,0.009637704
157,47,gen_fuel_solar_mw,-3.3480763e-05
158,1,net_sched_interchange_mw,0.5210833
158,2,gen_fuel_coal_mw,-0.00015781283
158,3,da_as_total_mw_thirty_minutes_reserve,0.00016931523
158,4,gross_sched_interchange_mw,-4.950952e-05
158,5,gen_fuel_nuclear_mw,0.00016982025
158,6,da_as_as_req_mw_primary_reserve,0.000105581035
158,7,da_as_as_req_mw_synchronized_reserve,-0.0002274304
158,8,da_as_total_mw_primary_reserve,-0.00019369894
158,9,da_as_total_mw_synchronized_reserve,-0.00016887019
158,10,gen_fuel_other_renewables_mw,0.00035615524
158,11,gen_fuel_multiple_fuels_mw,-0.00012092714
158,12,system_energy_price_da,-4.7968482e-05
158,13,gen_fuel_storage_mw,-0.0002458971
158,14,forecast_load_mw_day_ahead,7.858442e-06
158,15,gen_fuel_gas_mw,-5.269709e-05
158,16,total_gen,2.1592114e-05
158,17,gen_fuel_wind_mw,-0.00025303572
158,18,wind_generation_mw,-7.7579505e-05
158,19,da_as_as_req_mw_thirty_minutes_reserve,6.767112e-05
158,20,gen_fuel_multiple_fuels_pct,0.00011624806
158,21,total_lmp_da,0.000116429954
158,22,system_energy_price_rt,0.00014949436
158,23,total_lmp_rt,-0.00013603107
158,24,da_as_mcp_synchronized_reserve,-0.00012149678
158,25,da_as_mcp_primary_reserve,7.3136776e-05
158,26,marginal_loss_price_rt,3.1332253e-05
158,27,gen_fuel_gas_pct,0.00010605844
158,28,marginal_loss_price_da,0.0001365771
158,29,gen_fuel_wind_pct,-1.5800464e-05
158,30,metered_load_mw,-0.00010206877
158,31,gross_inadv_interchange_mw,-0.0003059717
158,32,gen_fuel_nuclear_pct,-1.819685e-05
158,33,congestion_price_da,7.720789e-05
158,34,congestion_price_rt,-0.00012086974
158,35,forecast_load_mw_latest_available,-4.215614e-05
158,36,prelim_load_avg_hourly,-4.9638777e-05
158,37,gross_actual_interchange_mw,-4.1915868e-05
158,38,total_losses,0.00013815278
158,39,gen_fuel_oil_mw,0.00020020301
158,40,da_as_ss_mw_primary_reserve,0.0002059654
158,41,da_as_nsr_mw_primary_reserve,-4.1153922e-05
158,42,gen_fuel_coal_pct,7.949565e-05
158,43,gen_fuel_other_renewables_pct,0.00023496457
158,44,solar_generation_mw,0.00014959289
158,45,gen_fuel_hydro_mw,5.8597885e-05
158,46,net_inadv_interchange_mw,0.009429961
158,47,gen_fuel_solar_mw,-0.0004036855
159,1,net_sched_interchange_mw,0.51655895
159,2,gen_fuel_coal_mw,7.742459e-05
159,3,da_as_total_mw_thirty_minutes_reserve,-4.034805e-05
159,4,gross_sched_interchange_mw,0.0002636163
159,5,gen_fuel_nuclear_mw,8.358918e-06
159,6,da_as_as_req_mw_primary_reserve,0.00018722755
159,7,da_as_as_req_mw_synchronized_reserve,9.803872e-05
159,8,da_as_total_mw_primary_reserve,0.00011511165
159,9,da_as_total_mw_synchronized_reserve,4.9941922e-05
159,10,gen_fuel_other_renewables_mw,-0.00015233202
159,11,gen_fuel_multiple_fuels_mw,-7.6291763e-06
159,12,system_energy_price_da,-0.00042639626
159,13,gen_fuel_storage_mw,-8.694001e-05
159,14,forecast_load_mw_day_ahead,-0.00013167752
159,15,gen_fuel_gas_mw,-4.4562854e-05
159,16,total_gen,3.09179e-05
159,17,gen_fuel_wind_mw,0.00017376046
159,18,wind_generation_mw,-0.0001244563
159,19,da_as_as_req_mw_thirty_minutes_reserve,-0.00018745734
159,20,gen_fuel_multiple_fuels_pct,-6.7942776e-05
159,21,total_lmp_da,-0.00013481967
159,22,system_energy_price_rt,0.00010859696
159,23,total_lmp_rt,0.0002650749
159,24,da_as_mcp_synchronized_reserve,-0.00018286036
159,25,da_as_mcp_primary_reserve,-0.00013374058
159,26,marginal_loss_price_rt,-2.3553104e-05
159,27,gen_fuel_gas_pct,7.645853e-05
159,28,marginal_loss_price_da,0.0001432394
159,29,gen_fuel_wind_pct,8.795084e-05
159,30,metered_load_mw,-0.00019737947
159,31,gross_inadv_interchange_mw,-0.00024061158
159,32,gen_fuel_nuclear_pct,6.251972e-06
159,33,congestion_price_da,2.9268034e-05
159,34,congestion_price_rt,-0.00021569722
159,35,forecast_load_mw_latest_available,0.0002705885
159,36,prelim_load_avg_hourly,-6.02386e-05
159,37,gross_actual_interchange_mw,6.48104e-05
159,38,total_losses,0.0003259988
159,39,gen_fuel_oil_mw,0.000222827
159,40,da_as_ss_mw_primary_reserve,-8.695245e-05
159,41,da_as_nsr_mw_primary_reserve,-0.00015556085
159,42,gen_fuel_coal_pct,0.00018020632
159,43,gen_fuel_other_renewables_pct,0.00016694145
159,44,solar_generation_mw,-0.0002057687
159,45,gen_fuel_hydro_mw,-4.14059e-05
159,46,net_inadv_interchange_mw,0.009620668
159,47,gen_fuel_solar_mw,0.0001292516
160,1,net_sched_interchange_mw,0.5118908
160,2,gen_fuel_coal_mw,0.0001996585
160,3,da_as_total_mw_thirty_minutes_reserve,-0.00018726118
160,4,gross_sched_interchange_mw,0.00028627337
160,5,gen_fuel_nuclear_mw,-0.00021137734
160,6,da_as_as_req_mw_primary_reserve,2.8716859e-05
160,7,da_as_as_req_mw_synchronized_reserve,3.632628e-05
160,8,da_as_total_mw_primary_reserve,-2.003232e-05
160,9,da_as_total_mw_synchronized_reserve,1.9846117e-05
160,10,gen_fuel_other_renewables_mw,-1.30841e-06
160,11,gen_fuel_multiple_fuels_mw,-8.403245e-05
160,12,system_energy_price_da,0.000112291185
160,13,gen_fuel_storage_mw,-8.88994e-05
160,14,forecast_load_mw_day_ahead,4.2403113e-05
160,15,gen_fuel_gas_mw,7.054709e-05
160,16,total_gen,0.00011500192
160,17,gen_fuel_wind_mw,5.3944186e-05
160,18,wind_generation_mw,-1.3816025e-06
160,19,da_as_as_req_mw_thirty_minutes_reserve,-3.6588564e-05
160,20,gen_fuel_multiple_fuels_pct,-3.5510806e-05
160,21,total_lmp_da,-3.6187623e-05
160,22,system_energy_price_rt,0.0001330582
160,23,total_lmp_rt,0.00017131347
160,24,da_as_mcp_synchronized_reserve,8.582618e-06
160,25,da_as_mcp_primary_reserve,-0.000110237524
160,26,marginal_loss_price_rt,-0.00031021508
160,27,gen_fuel_gas_pct,4.4662396e-05
160,28,marginal_loss_price_da,2.5790898e-05
160,29,gen_fuel_wind_pct,4.555603e-05
160,30,metered_load_mw,-0.00023370415
160,31,gross_inadv_interchange_mw,0.000207447
160,32,gen_fuel_nuclear_pct,7.130096e-05
160,33,congestion_price_da,-1.8552391e-05
160,34,congestion_price_rt,-0.00012033463
160,35,forecast_load_mw_latest_available,1.9539417e-05
160,36,prelim_load_avg_hourly,-1.8186933e-05
160,37,gross_actual_interchange_mw,-5.558555e-05
160,38,total_losses,0.00016104679
160,39,gen_fuel_oil_mw,-0.0001376272
160,40,da_as_ss_mw_primary_reserve,-0.0002242976
160,41,da_as_nsr_mw_primary_reserve,-0.00017837058
160,42,gen_fuel_coal_pct,-4.3813896e-05
160,43,gen_fuel_other_renewables_pct,0.00028531853
160,44,solar_generation_mw,-0.00010569295
160,45,gen_fuel_hydro_mw,2.9056155e-05
160,46,net_inadv_interchange_mw,0.009264208
160,47,gen_fuel_solar_mw,-6.5844346e-05
161,1,net_sched_interchange_mw,0.50678366
161,2,gen_fuel_coal_mw,-0.00027822747
161,3,da_as_total_mw_thirty_minutes_reserve,-0.0002832588
161,4,gross_sched_interchange_mw,-2.3348264e-05
161,5,gen_fuel_nuclear_mw,-0.00019310693
161,6,da_as_as_req_mw_primary_reserve,0.00039249207
161,7,da_as_as_req_mw_synchronized_reserve,0.00019557856
161,8,da_as_total_mw_primary_reserve,0.00028417778
161,9,da_as_total_mw_synchronized_reserve,-7.969819e-05
161,10,gen_fuel_other_renewables_mw,0.00016788657
161,11,gen_fuel_multiple_fuels_mw,-0.00040939747
161,12,system_energy_price_da,-3.6407328e-06
161,13,gen_fuel_storage_mw,-0.00022708625
161,14,forecast_load_mw_day_ahead,-0.00047908718
161,15,gen_fuel_gas_mw,0.0003296776
161,16,total_gen,6.457481e-05
161,17,gen_fuel_wind_mw,-4.222282e-06
161,18,wind_generation_mw,-3.9556107e-05
161,19,da_as_as_req_mw_thirty_minutes_reserve,0.00051543314
161,20,gen_fuel_multiple_fuels_pct,-0.0002444138
161,21,total_lmp_da,-3.1758827e-05
161,22,system_energy_price_rt,-0.00010442291
161,23,total_lmp_rt,0.00017422615
161,24,da_as_mcp_synchronized_reserve,8.040732e-05
161,25,da_as_mcp_primary_reserve,0.00023704968
161,26,marginal_loss_price_rt,0.0003527272
161,27,gen_fuel_gas_pct,0.0001458681
161,28,marginal_loss_price_da,0.00026403065
161,29,gen_fuel_wind_pct,0.000492226
161,30,metered_load_mw,2.8666198e-05
161,31,gross_inadv_interchange_mw,0.00026671018
161,32,gen_fuel_nuclear_pct,-0.00037900166
161,33,congestion_price_da,-9.212177e-06
161,34,congestion_price_rt,-0.00067976594
161,35,forecast_load_mw_latest_available,-0.00011329641
161,36,prelim_load_avg_hourly,0.0004544872
161,37,gross_actual_interchange_mw,-5.7209523e-05
161,38,total_losses,-9.8939745e-06
161,39,gen_fuel_oil_mw,-0.00013031912
161,40,da_as_ss_mw_primary_reserve,1.1301308e-06
161,41,da_as_nsr_mw_primary_reserve,9.605508e-05
161,42,gen_fuel_coal_pct,-0.00040194523
161,43,gen_fuel_other_renewables_pct,-0.00015708806
161,44,solar_generation_mw,-0.00029040157
161,45,gen_fuel_hydro_mw,-0.0002479368
161,46,net_inadv_interchange_mw,0.009355846
161,47,gen_fuel_solar_mw,8.3870706e-05
162,1,net_sched_interchange_mw,0.5025591
162,2,gen_fuel_coal_mw,-0.00016172598
162,3,da_as_total_mw_thirty_minutes_reserve,0.00015704273
162,4,gross_sched_interchange_mw,-5.0208073e-05
162,5,gen_fuel_nuclear_mw,-0.00018900253
162,6,da_as_as_req_mw_primary_reserve,5.9407583e-05
162,7,da_as_as_req_mw_synchronized_reserve,6.013678e-05
162,8,da_as_total_mw_primary_reserve,-0.00024151511
162,9,da_as_total_mw_synchronized_reserve,0.00015475991
162,10,gen_fuel_other_renewables_mw,-3.3440607e-05
162,11,gen_fuel_multiple_fuels_mw,-0.00042550822
162,12,system_energy_price_da,-7.946248e-06
162,13,gen_fuel_storage_mw,0.00017412554
162,14,forecast_load_mw_day_ahead,7.098424e-08
162,15,gen_fuel_gas_mw,-9.3210445e-05
162,16,total_gen,0.000114049864
162,17,gen_fuel_wind_mw,-0.00026212068
162,18,wind_generation_mw,7.375115e-05
162,19,da_as_as_req_mw_thirty_minutes_reserve,-0.0001150085
162,20,gen_fuel_multiple_fuels_pct,0.00010680165
162,21,total_lmp_da,0.00013294046
162,22,system_energy_price_rt,0.00023931531
162,23,total_lmp_rt,-4.0341052e-05
162,24,da_as_mcp_synchronized_reserve,0.00032544677
162,25,da_as_mcp_primary_reserve,5.7760553e-06
162,26,marginal_loss_price_rt,-5.1412142e-05
162,27,gen_fuel_gas_pct,7.807763e-05
162,28,marginal_loss_price_da,-0.00013709985
162,29,gen_fuel_wind_pct,0.00022020774
162,30,metered_load_mw,-0.000100305784
162,31,gross_inadv_interchange_mw,3.7203572e-06
162,32,gen_fuel_nuclear_pct,-0.00030061908
162,33,congestion_price_da,-9.677943e-05
162,34,congestion_price_rt,-0.00023080611
162,35,forecast_load_mw_latest_available,0.0003450345
162,36,prelim_load_avg_hourly,-9.39277e-05
162,37,gross_actual_interchange_mw,-0.00040387094
162,38,total_losses,0.00018661426
162,39,gen_fuel_oil_mw,-0.00017238877
162,40,da_as_ss_mw_primary_reserve,-0.00022341566
162,41,da_as_nsr_mw_primary_reserve,-7.9068355e-05
162,42,gen_fuel_coal_pct,3.1273026e-05
162,43,gen_fuel_other_renewables_pct,-0.00038819414
162,44,solar_generation_mw,0.00015853604
162,45,gen_fuel_hydro_mw,-2.9996509e-05
162,46,net_inadv_interchange_mw,0.008884185
162,47,gen_fuel_solar_mw,-0.0003301049
163,1,net_sched_interchange_mw,0.49843082
163,2,gen_fuel_coal_mw,-2.0852764e-05
163,3,da_as_total_mw_thirty_minutes_reserve,-0.00015046835
163,4,gross_sched_interchange_mw,0.00015043777
163,5,gen_fuel_nuclear_mw,0.00045498973
163,6,da_as_as_req_mw_primary_reserve,6.496813e-05
163,7,da_as_as_req_mw_synchronized_reserve,0.00018666672
163,8,da_as_total_mw_primary_reserve,-0.00013390752
163,9,da_as_total_mw_synchronized_reserve,3.5803154e-05
163,10,gen_fuel_other_renewables_mw,0.00036632235
163,11,gen_fuel_multiple_fuels_mw,-0.00015389142
163,12,system_energy_price_da,7.224457e-05
163,13,gen_fuel_storage_mw,0.00025312975
163,14,forecast_load_mw_day_ahead,0.00011382294
163,15,gen_fuel_gas_mw,9.942462e-05
163,16,total_gen,0.00013309042
163,17,gen_fuel_wind_mw,0.00015241372
163,18,wind_generation_mw,-1.1504479e-05
163,19,da_as_as_req_mw_thirty_minutes_reserve,-0.00030586365
163,20,gen_fuel_multiple_fuels_pct,-2.6621736e-05
163,21,total_lmp_da,0.00016083076
163,22,system_energy_price_rt,0.00010948579
163,23,total_lmp_rt,0.000102713915
163,24,da_as_mcp_synchronized_reserve,-0.00014580457
163,25,da_as_mcp_primary_reserve,-6.511075e-05
163,26,marginal_loss_price_rt,9.7593285e-05
163,27,gen_fuel_gas_pct,-8.638639e-05
163,28,marginal_loss_price_da,4.8238773e-05
163,29,gen_fuel_wind_pct,8.814702e-05
163,30,metered_load_mw,-0.00011033034
163,31,gross_inadv_interchange_mw,0.00032434892
163,32,gen_fuel_nuclear_pct,-0.00010579387
163,33,congestion_price_da,-8.419955e-05
163,34,congestion_price_rt,7.296851e-05
163,35,forecast_load_mw_latest_available,4.0594998e-05
163,36,prelim_load_avg_hourly,-2.6775451e-05
163,37,gross_actual_interchange_mw,0.00017132546
163,38,total_losses,0.00014651704
163,39,gen_fuel_oil_mw,-0.00019953988
163,40,da_as_ss_mw_primary_reserve,5.2676798e-05
163,41,da_as_nsr_mw_primary_reserve,-8.0907615e-05
163,42,gen_fuel_coal_pct,-5.588945e-05
163,43,gen_fuel_other_renewables_pct,1.3102179e-05
163,44,solar_generation_mw,0.00020837042
163,45,gen_fuel_hydro_mw,-7.824049e-05
163,46,net_inadv_interchange_mw,0.008706877
163,47,gen_fuel_solar_mw,9.603382e-05
164,1,net_sched_interchange_mw,0.49528673
164,2,gen_fuel_coal_mw,3.5878547e-06
164,3,da_as_total_mw_thirty_minutes_reserve,-0.00028792853
164,4,gross_sched_interchange_mw,-0.00012243597
164,5,gen_fuel_nuclear_mw,0.00020272468
164,6,da_as_as_req_mw_primary_reserve,0.00014158363
164,7,da_as_as_req_mw_synchronized_reserve,4.4067267e-05
164,8,da_as_total_mw_primary_reserve,-5.447389e-05
164,9,da_as_total_mw_synchronized_reserve,3.0881893e-06
164,10,gen_fuel_other_renewables_mw,-0.0002833464
164,11,gen_fuel_multiple_fuels_mw,-0.00017111705
164,12,system_energy_price_da,-6.4627064e-05
164,13,gen_fuel_storage_mw,6.4621345e-05
164,14,forecast_load_mw_day_ahead,7.354145e-06
164,15,gen_fuel_gas_mw,6.643149e-05
164,16,total_gen,-0.00010020097
164,17,gen_fuel_wind_mw,-3.3322445e-05
164,18,wind_generation_mw,-4.0325933e-05
164,19,da_as_as_req_mw_thirty_minutes_reserve,1.6645361e-05
164,20,gen_fuel_multiple_fuels_pct,-0.00021461936
164,21,total_lmp_da,-0.0001384494
164,22,system_energy_price_rt,-1.1768934e-05
164,23,total_lmp_rt,-0.00016559125
164,24,da_as_mcp_synchronized_reserve,-0.00025205727
164,25,da_as_mcp_primary_reserve,-0.00022574281
164,26,marginal_loss_price_rt,-7.378371e-05
164,27,gen_fuel_gas_pct,0.00010820268
164,28,marginal_loss_price_da,-0.00016521092
164,29,gen_fuel_wind_pct,-0.00011016545
164,30,metered_load_mw,0.00023039716
164,31,gross_inadv_interchange_mw,-0.00014333244
164,32,gen_fuel_nuclear_pct,-5.9557737e-05
164,33,congestion_price_da,0.00010929229
164,34,congestion_price_rt,-7.870415e-05
164,35,forecast_load_mw_latest_available,1.444231e-05
164,36,prelim_load_avg_hourly,-0.00012303297
164,37,gross_actual_interchange_mw,0.000104281855
164,38,total_losses,-0.00017951427
164,39,gen_fuel_oil_mw,6.519736e-05
164,40,da_as_ss_mw_primary_reserve,0.00014535981
164,41,da_as_nsr_mw_primary_reserve,0.0001618994
164,42,gen_fuel_coal_pct,-0.00029021848
164,43,gen_fuel_other_renewables_pct,-0.000103821134
164,44,solar_generation_mw,-5.848375e-05
164,45,gen_fuel_hydro_mw,9.193504e-05
164,46,net_inadv_interchange_mw,0.009047465
164,47,gen_fuel_solar_mw,-7.670776e-05
165,1,net_sched_interchange_mw,0.4918659
165,2,gen_fuel_coal_mw,-7.6812285e-07
165,3,da_as_total_mw_thirty_minutes_reserve,0.00040386477
165,4,gross_sched_interchange_mw,0.00012835707
165,5,gen_fuel_nuclear_mw,2.4649176e-05
165,6,da_as_as_req_mw_primary_reserve,0.00021804892
165,7,da_as_as_req_mw_synchronized_reserve,0.00021994468
165,8,da_as_total_mw_primary_reserve,0.000249922
165,9,da_as_total_mw_synchronized_reserve,9.343422e-05
165,10,gen_fuel_other_renewables_mw,4.0679202e-05
165,11,gen_fuel_multiple_fuels_mw,-0.00022658103
165,12,system_energy_price_da,-8.46551e-05
165,13,gen_fuel_storage_mw,-0.00012112268
165,14,forecast_load_mw_day_ahead,5.4323733e-05
165,15,gen_fuel_gas_mw,3.1251126e-05
165,16,total_gen,3.2280393e-05
165,17,gen_fuel_wind_mw,-0.00036506177
165,18,wind_generation_mw,8.826504e-05
165,19,da_as_as_req_mw_thirty_minutes_reserve,-0.00024028176
165,20,gen_fuel_multiple_fuels_pct,-0.00038603024
165,21,total_lmp_da,3.8047147e-05
165,22,system_energy_price_rt,-0.000121467005
165,23,total_lmp_rt,-1.6633981e-05
165,24,da_as_mcp_synchronized_reserve,0.00023212995
165,25,da_as_mcp_primary_reserve,6.330585e-06
165,26,marginal_loss_price_rt,2.1189997e-05
165,27,gen_fuel_gas_pct,-0.0002828181
165,28,marginal_loss_price_da,4.580027e-05
165,29,gen_fuel_wind_pct,-0.00010364517
165,30,metered_load_mw,-0.00011225075
165,31,gross_inadv_interchange_mw,0.00011767918
165,32,gen_fuel_nuclear_pct,-1.345342e-05
165,33,congestion_price_da,4.8990238e-05
165,34,congestion_price_rt,7.625418e-05
165,35,forecast_load_mw_latest_available,-0.00015690774
165,36,prelim_load_avg_hourly,0.00034947065
165,37,gross_actual_interchange_mw,-0.0003011714
165,38,total_losses,0.00011924899
165,39,gen_fuel_oil_mw,9.044772e-06
165,40,da_as_ss_mw_primary_reserve,-0.00010884464
165,41,da_as_nsr_mw_primary_reserve,0.0002185356
165,42,gen_fuel_coal_pct,-0.00012559396
165,43,gen_fuel_other_renewables_pct,1.2383251e-05
165,44,solar_generation_mw,0.00017701946
165,45,gen_fuel_hydro_mw,0.00020720888
165,46,net_inadv_interchange_mw,0.008758701
165,47,gen_fuel_solar_mw,-0.00027787118
166,1,net_sched_interchange_mw,0.48821002
166,2,gen_fuel_coal_mw,-0.00027688875
166,3,da_as_total_mw_thirty_minutes_reserve,-7.964144e-05
166,4,gross_sched_interchange_mw,-0.00012188536
166,5,gen_fuel_nuclear_mw,-0.00021668148
166,6,da_as_as_req_mw_primary_reserve,3.646087e-05
166,7,da_as_as_req_mw_synchronized_reserve,8.1325044e-05
166,8,da_as_total_mw_primary_reserve,-3.0467781e-05
166,9,da_as_total_mw_synchronized_reserve,-0.00016932846
166,10,gen_fuel_other_renewables_mw,-5.6867284e-06
166,11,gen_fuel_multiple_fuels_mw,-0.00020681499
166,12,system_energy_price_da,0.00015939721
166,13,gen_fuel_storage_mw,9.8820434e-05
166,14,forecast_load_mw_day_ahead,-5.702402e-05
166,15,gen_fuel_gas_mw,-0.00012782284
166,16,total_gen,8.273277e-05
166,17,gen_fuel_wind_mw,0.00031433196
166,18,wind_generation_mw,4.3958964e-05
166,19,da_as_as_req_mw_thirty_minutes_reserve,9.237346e-05
166,20,gen_fuel_multiple_fuels_pct,0.00026328003
166,21,total_lmp_da,-0.0001340016
166,22,system_energy_price_rt,-7.3778036e-05
166,23,total_lmp_rt,-0.00010808216
166,24,da_as_mcp_synchronized_reserve,0.00015511324
166,25,da_as_mcp_primary_reserve,-0.00018750384
166,26,marginal_loss_price_rt,-0.00014732649
166,27,gen_fuel_gas_pct,-0.00019507168
166,28,marginal_loss_price_da,0.00018863015
166,29,gen_fuel_wind_pct,1.3166311e-05
166,30,metered_load_mw,0.0001304986
166,31,gross_inadv_interchange_mw,-0.00021284768
166,32,gen_fuel_nuclear_pct,6.332758e-05
166,33,congestion_price_da,-5.7025696e-05
166,34,congestion_price_rt,7.213249e-05
166,35,forecast_load_mw_latest_available,0.00021124017
166,36,prelim_load_avg_hourly,1.0982083e-05
166,37,gross_actual_interchange_mw,0.00030546292
166,38,total_losses,0.00033682107
166,39,gen_fuel_oil_mw,2.2760514e-05
166,40,da_as_ss_mw_primary_reserve,-4.4919223e-05
166,41,da_as_nsr_mw_primary_reserve,-8.649489e-06
166,42,gen_fuel_coal_pct,-1.6870996e-05
166,43,gen_fuel_other_renewables_pct,0.00013051173
166,44,solar_generation_mw,-1.453748e-05
166,45,gen_fuel_hydro_mw,5.4074466e-05
166,46,net_inadv_interchange_mw,0.008731778
166,47,gen_fuel_solar_mw,0.00022123044
167,1,net_sched_interchange_mw,0.48433658
167,2,gen_fuel_coal_mw,-0.00024689306
167,3,da_as_total_mw_thirty_minutes_reserve,0.00015492785
167,4,gross_sched_interchange_mw,-5.0115632e-05
167,5,gen_fuel_nuclear_mw,-4.0475672e-05
167,6,da_as_as_req_mw_primary_reserve,-5.408524e-05
167,7,da_as_as_req_mw_synchronized_reserve,3.2795506e-05
167,8,da_as_total_mw_primary_reserve,-0.00015703881
167,9,da_as_total_mw_synchronized_reserve,1.5836049e-06
167,10,gen_fuel_other_renewables_mw,-4.8683432e-06
167,11,gen_fuel_multiple_fuels_mw,-0.00013443363
167,12,system_energy_price_da,-0.00013684995
167,13,gen_fuel_storage_mw,0.0002174631
167,14,forecast_load_mw_day_ahead,-3.3005665e-05
167,15,gen_fuel_gas_mw,3.270946e-05
167,16,total_gen,-0.00020257485
167,17,gen_fuel_wind_mw,-9.886613e-05
167,18,wind_generation_mw,-0.00021873708
167,19,da_as_as_req_mw_thirty_minutes_reserve,-3.0398794e-05
167,20,gen_fuel_multiple_fuels_pct,4.2267293e-05
167,21,total_lmp_da,-6.693565e-05
167,22,system_energy_price_rt,-7.130891e-05
167,23,total_lmp_rt,3.2707947e-05
167,24,da_as_mcp_synchronized_reserve,-0.0002536747
167,25,da_as_mcp_primary_reserve,2.6883266e-05
167,26,marginal_loss_price_rt,2.8666123e-05
167,27,gen_fuel_gas_pct,-0.00015406757
167,28,marginal_loss_price_da,-0.000108602246
167,29,gen_fuel_wind_pct,-0.00013858445
167,30,metered_load_mw,-3.435838e-05
167,31,gross_inadv_interchange_mw,-0.0001903549
167,32,gen_fuel_nuclear_pct,2.4059591e-05
167,33,congestion_price_da,0.00031894376
167,34,congestion_price_rt,-0.00011495844
167,35,forecast_load_mw_latest_available,0.00025576344
167,36,prelim_load_avg_hourly,-8.168881e-05
167,37,gross_actual_interchange_mw,0.00021930318
167,38,total_losses,-0.00019989582
167,39,gen_fuel_oil_mw,0.00030647437
167,40,da_as_ss_mw_primary_reserve,0.000106195905
167,41,da_as_nsr_mw_primary_reserve,-0.00042122358
167,42,gen_fuel_coal_pct,-0.00012699369
167,43,gen_fuel_other_renewables_pct,-0.0001517191
167,44,solar_generation_mw,-0.0001641211
167,45,gen_fuel_hydro_mw,6.286027e-05
167,46,net_inadv_interchange_mw,0.008544894
167,47,gen_fuel_solar_mw,2.1815464e-05
168,1,net_sched_interchange_mw,0.48013622
168,2,gen_fuel_coal_mw,-3.1530093e-05
168,3,da_as_total_mw_thirty_minutes_reserve,-0.00017301584
168,4,gross_sched_interchange_mw,0.00016349755
168,5,gen_fuel_nuclear_mw,-3.814432e-05
168,6,da_as_as_req_mw_primary_reserve,5.8995785e-05
168,7,da_as_as_req_mw_synchronized_reserve,0.0002737058
168,8,da_as_total_mw_primary_reserve,-2.3619144e-05
168,9,da_as_total_mw_synchronized_reserve,3.928953e-05
168,10,gen_fuel_other_renewables_mw,1.1022363e-05
168,11,gen_fuel_multiple_fuels_mw,0.0001669291
168,12,system_energy_price_da,5.2727235e-05
168,13,gen_fuel_storage_mw,2.5356232e-05
168,14,forecast_load_mw_day_ahead,7.2134666e-05
168,15,gen_fuel_gas_mw,1.48222225e-05
168,16,total_gen,5.3010364e-05
168,17,gen_fuel_wind_mw,-4.9593502e-05
168,18,wind_generation_mw,-0.00015421325
168,19,da_as_as_req_mw_thirty_minutes_reserve,-0.00020574564
168,20,gen_fuel_multiple_fuels_pct,-0.000103957806
168,21,total_lmp_da,-2.732534e-05
168,22,system_energy_price_rt,-2.2997243e-05
168,23,total_lmp_rt,0.00033913774
168,24,da_as_mcp_synchronized_reserve,1.7934519e-05
168,25,da_as_mcp_primary_reserve,-5.981494e-05
168,26,marginal_loss_price_rt,-7.049469e-05
168,27,gen_fuel_gas_pct,0.00021938217
168,28,marginal_loss_price_da,2.1037034e-05
168,29,gen_fuel_wind_pct,-0.00010637257
168,30,metered_load_mw,-9.203204e-05
168,31,gross_inadv_interchange_mw,-1.148117e-06
168,32,gen_fuel_nuclear_pct,-0.00013465066
168,33,congestion_price_da,0.0001004902
168,34,congestion_price_rt,-0.00039028676
168,35,forecast_load_mw_latest_available,-0.000118299096
168,36,prelim_load_avg_hourly,-2.3166376e-06
168,37,gross_actual_interchange_mw,0.00019964264
168,38,total_losses,0.00016863001
168,39,gen_fuel_oil_mw,-9.607646e-05
168,40,da_as_ss_mw_primary_reserve,-9.4455965e-05
168,41,da_as_nsr_mw_primary_reserve,0.00018911218
168,42,gen_fuel_coal_pct,2.068959e-05
168,43,gen_fuel_other_renewables_pct,6.765805e-05
168,44,solar_generation_mw,-0.00014731166
168,45,gen_fuel_hydro_mw,0.00017068996
168,46,net_inadv_interchange_mw,0.008402876
168,47,gen_fuel_solar_mw,-0.0001084183
169,1,net_sched_interchange_mw,0.47573152
169,2,gen_fuel_coal_mw,0.00014083105
169,3,da_as_total_mw_thirty_minutes_reserve,0.00013445798
169,4,gross_sched_interchange_mw,1.8553583e-05
169,5,gen_fuel_nuclear_mw,4.4118133e-05
169,6,da_as_as_req_mw_primary_reserve,7.217124e-06
169,7,da_as_as_req_mw_synchronized_reserve,2.6344424e-05
169,8,da_as_total_mw_primary_reserve,0.00022414734
169,9,da_as_total_mw_synchronized_reserve,0.00017485025
169,10,gen_fuel_other_renewables_mw,-0.0003883863
169,11,gen_fuel_multiple_fuels_mw,-0.00021564992
169,12,system_energy_price_da,3.8423565e-05
169,13,gen_fuel_storage_mw,4.828835e-05
169,14,forecast_load_mw_day_ahead,0.00014641922
169,15,gen_fuel_gas_mw,-7.4798154e-05
169,16,total_gen,-2.1536805e-05
169,17,gen_fuel_wind_mw,-1.8469422e-05
169,18,wind_generation_mw,6.745621e-05
169,19,da_as_as_req_mw_thirty_minutes_reserve,4.2608724e-05
169,20,gen_fuel_multiple_fuels_pct,-9.2085706e-05
169,21,total_lmp_da,-6.793915e-05
169,22,system_energy_price_rt,-0.00023230384
169,23,total_lmp_rt,7.0478054e-05
169,24,da_as_mcp_synchronized_reserve,-0.00010601325
169,25,da_as_mcp_primary_reserve,2.244324e-05
169,26,marginal_loss_price_rt,8.0484904e-05
169,27,gen_fuel_gas_pct,-0.0002618543
169,28,marginal_loss_price_da,4.625914e-05
169,29,gen_fuel_wind_pct,-5.284266e-05
169,30,metered_load_mw,-5.8875346e-05
169,31,gross_inadv_interchange_mw,2.0998252e-05
169,32,gen_fuel_nuclear_pct,6.7487024e-05
169,33,congestion_price_da,8.9011795e-05
169,34,congestion_price_rt,-0.00014992725
169,35,forecast_load_mw_latest_available,0.00017666776
169,36,prelim_load_avg_hourly,-0.00011755329
169,37,gross_actual_interchange_mw,-0.00029808682
169,38,total_losses,0.00012386791
169,39,gen_fuel_oil_mw,1.2897799e-06
169,40,da_as_ss_mw_primary_reserve,0.00013010215
169,41,da_as_nsr_mw_primary_reserve,9.272015e-06
169,42,gen_fuel_coal_pct,0.0002505809
169,43,gen_fuel_other_renewables_pct,-0.00013040399
169,44,solar_generation_mw,-8.110543e-05
169,45,gen_fuel_hydro_mw,-0.00025878788
169,46,net_inadv_interchange_mw,0.008559834
169,47,gen_fuel_solar_mw,0.00034643378
170,1,net_sched_interchange_mw,0.47258988
170,2,gen_fuel_coal_mw,-0.000118707016
170,3,da_as_total_mw_thirty_minutes_reserve,-0.000106000116
170,4,gross_sched_interchange_mw,-0.00026107725
170,5,gen_fuel_nuclear_mw,-1.9282365e-05
170,6,da_as_as_req_mw_primary_reserve,-0.00042883237
170,7,da_as_as_req_mw_synchronized_reserve,0.0002621753
170,8,da_as_total_mw_primary_reserve,0.00020262774
170,9,da_as_total_mw_synchronized_reserve,-0.00016012485
170,10,gen_fuel_other_renewables_mw,-2.4174995e-05
170,11,gen_fuel_multiple_fuels_mw,-0.00013313525
170,12,system_energy_price_da,-0.0002144755
170,13,gen_fuel_storage_mw,-0.0002959587
170,14,forecast_load_mw_day_ahead,-0.00017724042
170,15,gen_fuel_gas_mw,0.0003628889
170,16,total_gen,7.7888624e-05
170,17,gen_fuel_wind_mw,-0.00023776015
170,18,wind_generation_mw,0.00012216148
170,19,da_as_as_req_mw_thirty_minutes_reserve,-0.00018797976
170,20,gen_fuel_multiple_fuels_pct,0.00016659664
170,21,total_lmp_da,4.4927292e-05
170,22,system_energy_price_rt,8.577469e-05
170,23,total_lmp_rt,-3.677102e-05
170,24,da_as_mcp_synchronized_reserve,-3.6141657e-05
170,25,da_as_mcp_primary_reserve,0.00018893045
170,26,marginal_loss_price_rt,-0.00017567893
170,27,gen_fuel_gas_pct,3.0764659e-06
170,28,marginal_loss_price_da,7.6138545e-05
170,29,gen_fuel_wind_pct,7.0433845e-05
170,30,metered_load_mw,-0.00012676661
170,31,gross_inadv_interchange_mw,4.2508465e-05
170,32,gen_fuel_nuclear_pct,0.00010177451
170,33,congestion_price_da,9.827684e-05
170,34,congestion_price_rt,-2.1122105e-07
170,35,forecast_load_mw_latest_available,3.1475247e-05
170,36,prelim_load_avg_hourly,-0.00042107454
170,37,gross_actual_interchange_mw,0.00014532913
170,38,total_losses,-0.00054267794
170,39,gen_fuel_oil_mw,-0.00011433556
170,40,da_as_ss_mw_primary_reserve,-6.346147e-05
170,41,da_as_nsr_mw_primary_reserve,-0.00010455665
170,42,gen_fuel_coal_pct,0.00019891636
170,43,gen_fuel_other_renewables_pct,-2.6494792e-05
170,44,solar_generation_mw,0.00019660065
170,45,gen_fuel_hydro_mw,1.620302e-05
170,46,net_inadv_interchange_mw,0.008226681
170,47,gen_fuel_solar_mw,0.000102605976
171,1,net_sched_interchange_mw,0.4685052
171,2,gen_fuel_coal_mw,0.0001456996
171,3,da_as_total_mw_thirty_minutes_reserve,4.8724458e-05
171,4,gross_sched_interchange_mw,-3.414473e-05
171,5,gen_fuel_nuclear_mw,-0.00014285024
171,6,da_as_as_req_mw_primary_reserve,0.00012470769
171,7,da_as_as_req_mw_synchronized_reserve,-5.214005e-05
171,8,da_as_total_mw_primary_reserve,-8.021755e-05
171,9,da_as_total_mw_synchronized_reserve,4.0771432e-05
171,10,gen_fuel_other_renewables_mw,-0.00011620253
171,11,gen_fuel_multiple_fuels_mw,5.6659002e-05
171,12,system_energy_price_da,0.00016656824
171,13,gen_fuel_storage_mw,0.00016763419
171,14,forecast_load_mw_day_ahead,-0.0001605585
171,15,gen_fuel_gas_mw,-0.00015525811
171,16,total_gen,-0.00019713098
171,17,gen_fuel_wind_mw,0.00016078362
171,18,wind_generation_mw,2.107976e-06
171,19,da_as_as_req_mw_thirty_minutes_reserve,-0.00013547181
171,20,gen_fuel_multiple_fuels_pct,-0.00032115282
171,21,total_lmp_da,-9.456521e-05
171,22,system_energy_price_rt,-0.000102635466
171,23,total_lmp_rt,-0.00028183285
171,24,da_as_mcp_synchronized_reserve,3.165495e-05
171,25,da_as_mcp_primary_reserve,0.00014852262
171,26,marginal_loss_price_rt,6.9296225e-06
171,27,gen_fuel_gas_pct,0.00022071128
171,28,marginal_loss_price_da,6.0996244e-06
171,29,gen_fuel_wind_pct,-0.00033389087
171,30,metered_load_mw,-3.846204e-05
171,31,gross_inadv_interchange_mw,0.00022680016
171,32,gen_fuel_nuclear_pct,9.392314e-05
171,33,congestion_price_da,-0.00017248321
171,34,congestion_price_rt,-9.616067e-05
171,35,forecast_load_mw_latest_available,1.9111558e-06
171,36,prelim_load_avg_hourly,0.00012386916
171,37,gross_actual_interchange_mw,-6.740068e-05
171,38,total_losses,7.082091e-05
171,39,gen_fuel_oil_mw,0.00015648143
171,40,da_as_ss_mw_primary_reserve,0.00031190692
171,41,da_as_nsr_mw_primary_reserve,0.00027471225
171,42,gen_fuel_coal_pct,-0.00011406965
171,43,gen_fuel_other_renewables_pct,-0.00013096671
171,44,solar_generation_mw,-0.00023487245
171,45,gen_fuel_hydro_mw,0.00013158764
171,46,net_inadv_interchange_mw,0.008273952
171,47,gen_fuel_solar_mw,0.000263422
172,1,net_sched_interchange_mw,0.46455508
172,2,gen_fuel_coal_mw,0.00011737546
172,3,da_as_total_mw_thirty_minutes_reserve,-8.245699e-06
172,4,gross_sched_interchange_mw,-3.8731967e-05
172,5,gen_fuel_nuclear_mw,-0.00020080533
172,6,da_as_as_req_mw_primary_reserve,-7.236587e-05
172,7,da_as_as_req_mw_synchronized_reserve,4.826567e-05
172,8,da_as_total_mw_primary_reserve,0.00034301903
172,9,da_as_total_mw_synchronized_reserve,0.00026209277
172,10,gen_fuel_other_renewables_mw,1.5033656e-06
172,11,gen_fuel_multiple_fuels_mw,-9.631497e-05
172,12,system_energy_price_da,-0.00010391144
172,13,gen_fuel_storage_mw,0.00012654348
172,14,forecast_load_mw_day_ahead,-3.1094896e-06
172,15,gen_fuel_gas_mw,0.00016163416
172,16,total_gen,-9.121919e-05
172,17,gen_fuel_wind_mw,-0.0001188065
172,18,wind_generation_mw,0.00016240924
172,19,da_as_as_req_mw_thirty_minutes_reserve,0.0001318794
172,20,gen_fuel_multiple_fuels_pct,2.426251e-05
172,21,total_lmp_da,3.6637393e-05
172,22,system_energy_price_rt,-0.00015523097
172,23,total_lmp_rt,-7.147889e-05
172,24,da_as_mcp_synchronized_reserve,5.293048e-06
172,25,da_as_mcp_primary_reserve,-3.440855e-05
172,26,marginal_loss_price_rt,1.8986473e-05
172,27,gen_fuel_gas_pct,0.00013666341
172,28,marginal_loss_price_da,-9.529453e-05
172,29,gen_fuel_wind_pct,-0.00010296432
172,30,metered_load_mw,0.00022126483
172,31,gross_inadv_interchange_mw,2.1028187e-05
172,32,gen_fuel_nuclear_pct,-7.836505e-05
172,33,congestion_price_da,0.00012267225
172,34,congestion_price_rt,5.7452395e-05
172,35,forecast_load_mw_latest_available,-6.469263e-05
172,36,prelim_load_avg_hourly,7.2934374e-05
172,37,gross_actual_interchange_mw,6.168918e-05
172,38,total_losses,8.531894e-05
172,39,gen_fuel_oil_mw,-5.291112e-05
172,40,da_as_ss_mw_primary_reserve,-0.00023912566
172,41,da_as_nsr_mw_primary_reserve,-9.551477e-06
172,42,gen_fuel_coal_pct,-0.00020116594
172,43,gen_fuel_other_renewables_pct,1.6179547e-06
172,44,solar_generation_mw,-6.573314e-05
172,45,gen_fuel_hydro_mw,0.00013616821
172,46,net_inadv_interchange_mw,0.008205692
172,47,gen_fuel_solar_mw,-0.00016629485
173,1,net_sched_interchange_mw,0.46065658
173,2,gen_fuel_coal_mw,0.00013713926
173,3,da_as_total_mw_thirty_minutes_reserve,-0.00042999172
173,4,gross_sched_interchange_mw,-5.595135e-05
173,5,gen_fuel_nuclear_mw,0.0002909251
173,6,da_as_as_req_mw_primary_reserve,-0.00010011498
173,7,da_as_as_req_mw_synchronized_reserve,-0.00025920835
173,8,da_as_total_mw_primary_reserve,-0.00016954195
173,9,da_as_total_mw_synchronized_reserve,-0.0003114737
173,10,gen_fuel_other_renewables_mw,0.00025650772
173,11,gen_fuel_multiple_fuels_mw,0.00020017335
173,12,system_energy_price_da,-0.00010609868
173,13,gen_fuel_storage_mw,0.0006467461
173,14,forecast_load_mw_day_ahead,-8.0875696e-05
173,15,gen_fuel_gas_mw,8.152215e-05
173,16,total_gen,-0.00036727393
173,17,gen_fuel_wind_mw,-2.4968365e-05
173,18,wind_generation_mw,-0.00024159775
173,19,da_as_as_req_mw_thirty_minutes_reserve,1.405034e-05
173,20,gen_fuel_multiple_fuels_pct,-2.3065404e-05
173,21,total_lmp_da,8.2776736e-05
173,22,system_energy_price_rt,5.2536518e-05
173,23,total_lmp_rt,-0.00034144148
173,24,da_as_mcp_synchronized_reserve,-4.2375843e-05
173,25,da_as_mcp_primary_reserve,-6.2796316e-05
173,26,marginal_loss_price_rt,0.0003311145
173,27,gen_fuel_gas_pct,-0.00024566674
173,28,marginal_loss_price_da,-6.3811895e-05
173,29,gen_fuel_wind_pct,-6.185365e-05
173,30,metered_load_mw,0.00026899745
173,31,gross_inadv_interchange_mw,-0.00029558098
173,32,gen_fuel_nuclear_pct,7.174025e-05
173,33,congestion_price_da,-9.622e-05
173,34,congestion_price_rt,0.00013695334
173,35,forecast_load_mw_latest_available,-0.000111078174
173,36,prelim_load_avg_hourly,6.645419e-05
173,37,gross_actual_interchange_mw,0.00029363265
173,38,total_losses,-6.537265e-05
173,39,gen_fuel_oil_mw,-0.00033693615
173,40,da_as_ss_mw_primary_reserve,0.00097210694
173,41,da_as_nsr_mw_primary_reserve,-7.674404e-06
173,42,gen_fuel_coal_pct,0.0006758167
173,43,gen_fuel_other_renewables_pct,-3.203345e-05
173,44,solar_generation_mw,-4.977052e-05
173,45,gen_fuel_hydro_mw,0.0003151266
173,46,net_inadv_interchange_mw,0.008458511
173,47,gen_fuel_solar_mw,-0.00031043243
174,1,net_sched_interchange_mw,0.45745078
174,2,gen_fuel_coal_mw,-7.41167e-05
174,3,da_as_total_mw_thirty_minutes_reserve,5.3187243e-05
174,4,gross_sched_interchange_mw,-2.373532e-05
174,5,gen_fuel_nuclear_mw,0.00021088356
174,6,da_as_as_req_mw_primary_reserve,8.577663e-05
174,7,da_as_as_req_mw_synchronized_reserve,4.3386026e-05
174,8,da_as_total_mw_primary_reserve,-0.00013869387
174,9,da_as_total_mw_synchronized_reserve,-5.0536575e-05
174,10,gen_fuel_other_renewables_mw,0.00027524857
174,11,gen_fuel_multiple_fuels_mw,-4.000411e-05
174,12,system_energy_price_da,-5.0514856e-05
174,13,gen_fuel_storage_mw,-1.0474774e-05
174,14,forecast_load_mw_day_ahead,-7.991799e-05
174,15,gen_fuel_gas_mw,-3.591105e-05
174,16,total_gen,0.00021106162
174,17,gen_fuel_wind_mw,1.2211302e-05
174,18,wind_generation_mw,0.00013017902
174,19,da_as_as_req_mw_thirty_minutes_reserve,0.0001460774
174,20,gen_fuel_multiple_fuels_pct,-0.00015642503
174,21,total_lmp_da,-1.2520613e-06
174,22,system_energy_price_rt,0.00014519793
174,23,total_lmp_rt,-0.0001907694
174,24,da_as_mcp_synchronized_reserve,-2.8090566e-05
174,25,da_as_mcp_primary_reserve,0.00016619467
174,26,marginal_loss_price_rt,5.533352e-05
174,27,gen_fuel_gas_pct,0.00021161012
174,28,marginal_loss_price_da,-7.6123455e-05
174,29,gen_fuel_wind_pct,-0.0001137449
174,30,metered_load_mw,0.0002094804
174,31,gross_inadv_interchange_mw,0.00034908688
174,32,gen_fuel_nuclear_pct,9.612048e-05
174,33,congestion_price_da,-0.00019745063
174,34,congestion_price_rt,-1.0343974e-05
174,35,forecast_load_mw_latest_available,8.476396e-05
174,36,prelim_load_avg_hourly,0.00014275592
174,37,gross_actual_interchange_mw,-3.1251613e-05
174,38,total_losses,-0.00023149422
174,39,gen_fuel_oil_mw,-0.00029166054
174,40,da_as_ss_mw_primary_reserve,-0.00043178568
174,41,da_as_nsr_mw_primary_reserve,0.00016352828
174,42,gen_fuel_coal_pct,-9.151218e-05
174,43,gen_fuel_other_renewables_pct,-5.907897e-05
174,44,solar_generation_mw,-0.00013265191
174,45,gen_fuel_hydro_mw,0.00019460045
174,46,net_inadv_interchange_mw,0.008066205
174,47,gen_fuel_solar_mw,0.00014998218
175,1,net_sched_interchange_mw,0.454245
175,2,gen_fuel_coal_mw,0.0002036505
175,3,da_as_total_mw_thirty_minutes_reserve,-0.00014369993
175,4,gross_sched_interchange_mw,-9.1078284e-05
175,5,gen_fuel_nuclear_mw,5.9088605e-05
175,6,da_as_as_req_mw_primary_reserve,-0.00015659048
175,7,da_as_as_req_mw_synchronized_reserve,-6.854335e-05
175,8,da_as_total_mw_primary_reserve,-0.00012001765
175,9,da_as_total_mw_synchronized_reserve,-0.00019856967
175,10,gen_fuel_other_renewables_mw,-4.2911848e-05
175,11,gen_fuel_multiple_fuels_mw,-6.93304e-05
175,12,system_energy_price_da,-7.6771255e-05
175,13,gen_fuel_storage_mw,-3.6928774e-05
175,14,forecast_load_mw_day_ahead,-7.0172973e-06
175,15,gen_fuel_gas_mw,-0.00012775141
175,16,total_gen,0.00019407168
175,17,gen_fuel_wind_mw,0.00010985306
175,18,wind_generation_mw,0.00021068609
175,19,da_as_as_req_mw_thirty_minutes_reserve,-0.00017667134
175,20,gen_fuel_multiple_fuels_pct,8.821989e-05
175,21,total_lmp_da,-9.756443e-05
175,22,system_energy_price_rt,5.975031e-06
175,23,total_lmp_rt,0.00015172716
175,24,da_as_mcp_synchronized_reserve,1.5612102e-05
175,25,da_as_mcp_primary_reserve,0.0004290395
175,26,marginal_loss_price_rt,0.00022709084
175,27,gen_fuel_gas_pct,0.000108754866
175,28,marginal_loss_price_da,0.00012955257
175,29,gen_fuel_wind_pct,8.478938e-05
175,30,metered_load_mw,-0.00016214486
175,31,gross_inadv_interchange_mw,-0.0004103538
175,32,gen_fuel_nuclear_pct,-3.099181e-05
175,33,congestion_price_da,0.00011684964
175,34,congestion_price_rt,-0.00014940379
175,35,forecast_load_mw_latest_available,-0.00011562881
175,36,prelim_load_avg_hourly,-0.00015705916
175,37,gross_actual_interchange_mw,-2.3759174e-05
175,38,total_losses,-7.077876e-05
175,39,gen_fuel_oil_mw,-0.00014429462
175,40,da_as_ss_mw_primary_reserve,7.865611e-05
175,41,da_as_nsr_mw_primary_reserve,-3.9866172e-06
175,42,gen_fuel_coal_pct,-0.0001203971
175,43,gen_fuel_other_renewables_pct,0.00016349604
175,44,solar_generation_mw,0.0001904589
175,45,gen_fuel_hydro_mw,1.0771679e-05
175,46,net_inadv_interchange_mw,0.0081785135
175,47,gen_fuel_solar_mw,6.3117215e-05
176,1,net_sched_interchange_mw,0.45079905
176,2,gen_fuel_coal_mw,-2.6330134e-05
176,3,da_as_total_mw_thirty_minutes_reserve,-0.00019481177
176,4,gross_sched_interchange_mw,0.0002408841
176,5,gen_fuel_nuclear_mw,4.863215e-05
176,6,da_as_as_req_mw_primary_reserve,-2.4463625e-05
176,7,da_as_as_req_mw_synchronized_reserve,5.7182086e-05
176,8,da_as_total_mw_primary_reserve,-0.00018153651
176,9,da_as_total_mw_synchronized_reserve,3.063643e-05
176,10,gen_fuel_other_renewables_mw,3.6939535e-05
176,11,gen_fuel_multiple_fuels_mw,-3.816221e-05
176,12,system_energy_price_da,0.00012760922
176,13,gen_fuel_storage_mw,-4.1973486e-05
176,14,forecast_load_mw_day_ahead,-0.00013598363
176,15,gen_fuel_gas_mw,-5.9180282e-05
176,16,total_gen,-7.340005e-05
176,17,gen_fuel_wind_mw,5.4772772e-05
176,18,wind_generation_mw,-3.2569176e-05
176,19,da_as_as_req_mw_thirty_minutes_reserve,-3.346041e-05
176,20,gen_fuel_multiple_fuels_pct,0.000100341495
176,21,total_lmp_da,0.0001043019
176,22,system_energy_price_rt,-7.1388306e-05
176,23,total_lmp_rt,0.00024704303
176,24,da_as_mcp_synchronized_reserve,0.0001472367
176,25,da_as_mcp_primary_reserve,-0.00011251648
176,26,marginal_loss_price_rt,8.835389e-05
176,27,gen_fuel_gas_pct,-5.9776165e-05
176,28,marginal_loss_price_da,0.00012828066
176,29,gen_fuel_wind_pct,0.00011637266
176,30,metered_load_mw,0.00021826287
176,31,gross_inadv_interchange_mw,0.00023809168
176,32,gen_fuel_nuclear_pct,6.806583e-05
176,33,congestion_price_da,-9.0674344e-05
176,34,congestion_price_rt,0.0001742282
176,35,forecast_load_mw_latest_available,-0.00033534813
176,36,prelim_load_avg_hourly,0.00012877771
176,37,gross_actual_interchange_mw,-0.00017598085
176,38,total_losses,-7.652954e-05
176,39,gen_fuel_oil_mw,-4.2121203e-05
176,40,da_as_ss_mw_primary_reserve,-7.567426e-05
176,41,da_as_nsr_mw_primary_reserve,-4.9371683e-05
176,42,gen_fuel_coal_pct,0.0001797827
176,43,gen_fuel_other_renewables_pct,0.00024314022
176,44,solar_generation_mw,-2.6159323e-05
176,45,gen_fuel_hydro_mw,-4.0001738e-05
176,46,net_inadv_interchange_mw,0.0080949925
176,47,gen_fuel_solar_mw,-0.00025811186
177,1,net_sched_interchange_mw,0.4470606
177,2,gen_fuel_coal_mw,0.00025813223
177,3,da_as_total_mw_thirty_minutes_reserve,-4.657994e-05
177,4,gross_sched_interchange_mw,-0.00017674387
177,5,gen_fuel_nuclear_mw,0.00026523683
177,6,da_as_as_req_mw_primary_reserve,0.00020671125
177,7,da_as_as_req_mw_synchronized_reserve,0.00011373114
177,8,da_as_total_mw_primary_reserve,3.7410646e-05
177,9,da_as_total_mw_synchronized_reserve,0.00018511321
177,10,gen_fuel_other_renewables_mw,-0.00013394415
177,11,gen_fuel_multiple_fuels_mw,9.559447e-05
177,12,system_energy_price_da,0.00010459654
177,13,gen_fuel_storage_mw,0.00029404776
177,14,forecast_load_mw_day_ahead,0.00016017274
177,15,gen_fuel_gas_mw,0.00013090346
177,16,total_gen,0.00012308624
177,17,gen_fuel_wind_mw,-0.00026611617
177,18,wind_generation_mw,1.7744773e-05
177,19,da_as_as_req_mw_thirty_minutes_reserve,0.00014882321
177,20,gen_fuel_multiple_fuels_pct,-8.4631254e-05
177,21,total_lmp_da,-6.8015666e-05
177,22,system_energy_price_rt,0.00023476635
177,23,total_lmp_rt,-0.00013773967
177,24,da_as_mcp_synchronized_reserve,-3.3845645e-06
177,25,da_as_mcp_primary_reserve,0.00013244012
177,26,marginal_loss_price_rt,4.995428e-05
177,27,gen_fuel_gas_pct,0.000117898766
177,28,marginal_loss_price_da,-0.00016032266
177,29,gen_fuel_wind_pct,6.109063e-05
177,30,metered_load_mw,0.00010974402
177,31,gross_inadv_interchange_mw,1.925281e-05
177,32,gen_fuel_nuclear_pct,0.0002354926
177,33,congestion_price_da,1.261523e-05
177,34,congestion_price_rt,2.5342451e-05
177,35,forecast_load_mw_latest_available,0.0001185576
177,36,prelim_load_avg_hourly,0.00012882437
177,37,gross_actual_interchange_mw,-9.4041505e-05
177,38,total_losses,-0.00018303332
177,39,gen_fuel_oil_mw,-0.00010497519
177,40,da_as_ss_mw_primary_reserve,0.00016680174
177,41,da_as_nsr_mw_primary_reserve,0.00030942995
177,42,gen_fuel_coal_pct,3.456905e-05
177,43,gen_fuel_other_renewables_pct,-7.406599e-05
177,44,solar_generation_mw,-0.0001182429
177,45,gen_fuel_hydro_mw,0.00057113956
177,46,net_inadv_interchange_mw,0.008085888
177,47,gen_fuel_solar_mw,8.120008e-05
178,1,net_sched_interchange_mw,0.44355834
178,2,gen_fuel_coal_mw,-4.822197e-05
178,3,da_as_total_mw_thirty_minutes_reserve,5.7947353e-05
178,4,gross_sched_interchange_mw,0.00020038703
178,5,gen_fuel_nuclear_mw,0.00015952898
178,6,da_as_as_req_mw_primary_reserve,-0.00036813726
178,7,da_as_as_req_mw_synchronized_reserve,-0.00038440363
178,8,da_as_total_mw_primary_reserve,-0.00017157343
178,9,da_as_total_mw_synchronized_reserve,-0.00016897616
178,10,gen_fuel_other_renewables_mw,-0.00012709301
178,11,gen_fuel_multiple_fuels_mw,-5.8041864e-05
178,12,system_energy_price_da,9.1765636e-05
178,13,gen_fuel_storage_mw,-9.439003e-05
178,14,forecast_load_mw_day_ahead,-0.00012009885
178,15,gen_fuel_gas_mw,0.00035348162
178,16,total_gen,-4.7927562e-05
178,17,gen_fuel_wind_mw,-1.9269974e-05
178,18,wind_generation_mw,0.00013301292
178,19,da_as_as_req_mw_thirty_minutes_reserve,-1.1965967e-05
178,20,gen_fuel_multiple_fuels_pct,-8.495582e-05
178,21,total_lmp_da,0.00017970233
178,22,system_energy_price_rt,-7.3359064e-05
178,23,total_lmp_rt,0.00018933363
178,24,da_as_mcp_synchronized_reserve,-5.040878e-05
178,25,da_as_mcp_primary_reserve,0.0001896452
178,26,marginal_loss_price_rt,-5.9725702e-05
178,27,gen_fuel_gas_pct,-8.617446e-05
178,28,marginal_loss_price_da,0.00012962354
178,29,gen_fuel_wind_pct,4.530455e-05
178,30,metered_load_mw,0.00013385754
178,31,gross_inadv_interchange_mw,-0.00031969603
178,32,gen_fuel_nuclear_pct,-3.2352422e-05
178,33,congestion_price_da,-5.2656193e-05
178,34,congestion_price_rt,-0.0002817211
178,35,forecast_load_mw_latest_available,-0.00016015282
178,36,prelim_load_avg_hourly,-0.000118563374
178,37,gross_actual_interchange_mw,-3.603043e-05
178,38,total_losses,-5.1556483e-05
178,39,gen_fuel_oil_mw,-1.8409643e-05
178,40,da_as_ss_mw_primary_reserve,-6.298776e-05
178,41,da_as_nsr_mw_primary_reserve,-3.1305244e-05
178,42,gen_fuel_coal_pct,-0.00026601058
178,43,gen_fuel_other_renewables_pct,-0.00017850866
178,44,solar_generation_mw,0.00032380095
178,45,gen_fuel_hydro_mw,-9.124284e-05
178,46,net_inadv_interchange_mw,0.007957341
178,47,gen_fuel_solar_mw,-0.00013572421
179,1,net_sched_interchange_mw,0.43987322
179,2,gen_fuel_coal_mw,-9.3127615e-05
179,3,da_as_total_mw_thirty_minutes_reserve,5.171438e-06
179,4,gross_sched_interchange_mw,0.00017195499
179,5,gen_fuel_nuclear_mw,7.510537e-05
179,6,da_as_as_req_mw_primary_reserve,-0.0004457382
179,7,da_as_as_req_mw_synchronized_reserve,0.00020666086
179,8,da_as_total_mw_primary_reserve,1.8350023e-05
179,9,da_as_total_mw_synchronized_reserve,-4.178866e-05
179,10,gen_fuel_other_renewables_mw,6.128204e-05
179,11,gen_fuel_multiple_fuels_mw,8.570487e-05
179,12,system_energy_price_da,3.262493e-05
179,13,gen_fuel_storage_mw,-0.00016348257
179,14,forecast_load_mw_day_ahead,0.00027137736
179,15,gen_fuel_gas_mw,-0.0003594292
179,16,total_gen,-4.7841488e-05
179,17,gen_fuel_wind_mw,-0.00023532369
179,18,wind_generation_mw,4.404388e-05
179,19,da_as_as_req_mw_thirty_minutes_reserve,0.00017345694
179,20,gen_fuel_multiple_fuels_pct,-2.1989661e-05
179,21,total_lmp_da,0.00046049207
179,22,system_energy_price_rt,-9.437659e-06
179,23,total_lmp_rt,-4.7609872e-05
179,24,da_as_mcp_synchronized_reserve,6.37917e-05
179,25,da_as_mcp_primary_reserve,7.038441e-05
179,26,marginal_loss_price_rt,-3.1470852e-05
179,27,gen_fuel_gas_pct,3.8383885e-05
179,28,marginal_loss_price_da,-0.00012883033
179,29,gen_fuel_wind_pct,5.4291067e-05
179,30,metered_load_mw,-4.0298077e-05
179,31,gross_inadv_interchange_mw,2.845336e-06
179,32,gen_fuel_nuclear_pct,0.0004568991
179,33,congestion_price_da,-0.0001733981
179,34,congestion_price_rt,-0.00013118576
179,35,forecast_load_mw_latest_available,-0.00034375215
179,36,prelim_load_avg_hourly,-9.603487e-05
179,37,gross_actual_interchange_mw,0.00011386769
179,38,total_losses,-5.9795027e-05
179,39,gen_fuel_oil_mw,1.6076272e-05
179,40,da_as_ss_mw_primary_reserve,2.1202923e-05
179,41,da_as_nsr_mw_primary_reserve,-0.00013369284
179,42,gen_fuel_coal_pct,-0.00014781766
179,43,gen_fuel_other_renewables_pct,1.2889737e-05
179,44,solar_generation_mw,-7.7996105e-05
179,45,gen_fuel_hydro_mw,-0.000104702776
179,46,net_inadv_interchange_mw,0.007918235
179,47,gen_fuel_solar_mw,0.0001902968
180,1,net_sched_interchange_mw,0.4358378
180,2,gen_fuel_coal_mw,-0.0001630055
180,3,da_as_total_mw_thirty_minutes_reserve,0.00018094946
180,4,gross_sched_interchange_mw,-2.3821183e-05
180,5,gen_fuel_nuclear_mw,7.459141e-05
180,6,da_as_as_req_mw_primary_reserve,0.0002156433
180,7,da_as_as_req_mw_synchronized_reserve,-0.000115718416
180,8,da_as_total_mw_primary_reserve,0.00014188202
180,9,da_as_total_mw_synchronized_reserve,0.00014339012
180,10,gen_fuel_other_renewables_mw,-0.00013510307
180,11,gen_fuel_multiple_fuels_mw,-3.840323e-06
180,12,system_energy_price_da,0.00035964506
180,13,gen_fuel_storage_mw,5.1293355e-06
180,14,forecast_load_mw_day_ahead,-0.00011447126
180,15,gen_fuel_gas_mw,0.00014696113
180,16,total_gen,0.00011388968
180,17,gen_fuel_wind_mw,6.177771e-05
180,18,wind_generation_mw,-0.00035416483
180,19,da_as_as_req_mw_thirty_minutes_reserve,-0.00010419874
180,20,gen_fuel_multiple_fuels_pct,0.00017033036
180,21,total_lmp_da,-0.00014174025
180,22,system_energy_price_rt,-0.0001743945
180,23,total_lmp_rt,-1.6713755e-05
180,24,da_as_mcp_synchronized_reserve,-8.7631415e-06
180,25,da_as_mcp_primary_reserve,9.086926e-05
180,26,marginal_loss_price_rt,0.00012456707
180,27,gen_fuel_gas_pct,-0.00013678639
180,28,marginal_loss_price_da,-0.00015373864
180,29,gen_fuel_wind_pct,0.00014204074
180,30,metered_load_mw,-7.993174e-05
180,31,gross_inadv_interchange_mw,-0.00010246379
180,32,gen_fuel_nuclear_pct,-5.9670223e-05
180,33,congestion_price_da,5.199935e-05
180,34,congestion_price_rt,-0.00011650451
180,35,forecast_load_mw_latest_available,9.947954e-05
180,36,prelim_load_avg_hourly,-3.3716788e-06
180,37,gross_actual_interchange_mw,0.0001901794
180,38,total_losses,0.00013778431
180,39,gen_fuel_oil_mw,-7.325529e-05
180,40,da_as_ss_mw_primary_reserve,0.00030330726
180,41,da_as_nsr_mw_primary_reserve,1.8502451e-05
180,42,gen_fuel_coal_pct,-1.6560443e-05
180,43,gen_fuel_other_renewables_pct,1.9104824e-05
180,44,solar_generation_mw,0.00030298514
180,45,gen_fuel_hydro_mw,2.3531342e-05
180,46,net_inadv_interchange_mw,0.007807468
180,47,gen_fuel_solar_mw,-6.077334e-05
181,1,net_sched_interchange_mw,0.43161884
181,2,gen_fuel_coal_mw,-8.586336e-05
181,3,da_as_total_mw_thirty_minutes_reserve,0.00040288482
181,4,gross_sched_interchange_mw,9.5956595e-05
181,5,gen_fuel_nuclear_mw,-1.4864629e-05
181,6,da_as_as_req_mw_primary_reserve,3.8513008e-05
181,7,da_as_as_req_mw_synchronized_reserve,-5.0635674e-05
181,8,da_as_total_mw_primary_reserve,-4.6022644e-05
181,9,da_as_total_mw_synchronized_reserve,0.00013245549
181,10,gen_fuel_other_renewables_mw,-6.7549576e-05
181,11,gen_fuel_multiple_fuels_mw,5.8702593e-05
181,12,system_energy_price_da,-0.0002591121
181,13,gen_fuel_storage_mw,-0.00011590206
181,14,forecast_load_mw_day_ahead,-3.6758633e-05
181,15,gen_fuel_gas_mw,7.4802214e-05
181,16,total_gen,1.917866e-05
181,17,gen_fuel_wind_mw,0.00014109365
181,18,wind_generation_mw,-0.00029337575
181,19,da_as_as_req_mw_thirty_minutes_reserve,7.70175e-05
181,20,gen_fuel_multiple_fuels_pct,-5.1862076e-05
181,21,total_lmp_da,0.00012915561
181,22,system_energy_price_rt,-1.6947379e-05
181,23,total_lmp_rt,6.302127e-05
181,24,da_as_mcp_synchronized_reserve,-0.0001903481
181,25,da_as_mcp_primary_reserve,-3.5386103e-05
181,26,marginal_loss_price_rt,0.0001529391
181,27,gen_fuel_gas_pct,0.0002038395
181,28,marginal_loss_price_da,-4.478514e-05
181,29,gen_fuel_wind_pct,-0.00020777044
181,30,metered_load_mw,0.00036126096
181,31,gross_inadv_interchange_mw,-0.00014788279
181,32,gen_fuel_nuclear_pct,3.8966195e-05
181,33,congestion_price_da,1.6408201e-05
181,34,congestion_price_rt,-5.333684e-05
181,35,forecast_load_mw_latest_available,-9.3338764e-05
181,36,prelim_load_avg_hourly,-5.2112504e-05
181,37,gross_actual_interchange_mw,-7.531741e-05
181,38,total_losses,4.159472e-05
181,39,gen_fuel_oil_mw,-6.2239833e-06
181,40,da_as_ss_mw_primary_reserve,-6.714771e-05
181,41,da_as_nsr_mw_primary_reserve,0.00021989565
181,42,gen_fuel_coal_pct,-4.0958796e-05
181,43,gen_fuel_other_renewables_pct,-9.890668e-06
181,44,solar_generation_mw,-0.00013782739
181,45,gen_fuel_hydro_mw,0.00021305568
181,46,net_inadv_interchange_mw,0.007604107
181,47,gen_fuel_solar_mw,-8.839817e-05
182,1,net_sched_interchange_mw,0.42706433
182,2,gen_fuel_coal_mw,0.00013934936
182,3,da_as_total_mw_thirty_minutes_reserve,0.00010053754
182,4,gross_sched_interchange_mw,-0.00010276522
182,5,gen_fuel_nuclear_mw,6.9654634e-05
182,6,da_as_as_req_mw_primary_reserve,0.0002284788
182,7,da_as_as_req_mw_synchronized_reserve,6.07669e-05
182,8,da_as_total_mw_primary_reserve,-0.00023108024
182,9,da_as_total_mw_synchronized_reserve,0.00016226953
182,10,gen_fuel_other_renewables_mw,4.2654137e-06
182,11,gen_fuel_multiple_fuels_mw,-0.00015345284
182,12,system_energy_price_da,-9.343534e-05
182,13,gen_fuel_storage_mw,0.0003850932
182,14,forecast_load_mw_day_ahead,-0.0001304496
182,15,gen_fuel_gas_mw,-0.00022309084
182,16,total_gen,-2.0598229e-05
182,17,gen_fuel_wind_mw,0.00029432352
182,18,wind_generation_mw,0.00025131594
182,19,da_as_as_req_mw_thirty_minutes_reserve,-0.00016424691
182,20,gen_fuel_multiple_fuels_pct,-0.0001152366
182,21,total_lmp_da,-8.839599e-05
182,22,system_energy_price_rt,-0.00020761386
182,23,total_lmp_rt,-0.00010248805
182,24,da_as_mcp_synchronized_reserve,-0.00024972495
182,25,da_as_mcp_primary_reserve,-1.2259567e-05
182,26,marginal_loss_price_rt,0.00020240193
182,27,gen_fuel_gas_pct,1.7131299e-05
182,28,marginal_loss_price_da,0.0001652246
182,29,gen_fuel_wind_pct,0.0002474567
182,30,metered_load_mw,2.463696e-05
182,31,gross_inadv_interchange_mw,5.1027615e-05
182,32,gen_fuel_nuclear_pct,0.000119849705
182,33,congestion_price_da,0.0004459278
182,34,congestion_price_rt,-0.00014641881
182,35,forecast_load_mw_latest_available,-5.266947e-05
182,36,prelim_load_avg_hourly,-0.0002285744
182,37,gross_actual_interchange_mw,0.00021749789
182,38,total_losses,0.00015501674
182,39,gen_fuel_oil_mw,9.3721086e-05
182,40,da_as_ss_mw_primary_reserve,0.00020483421
182,41,da_as_nsr_mw_primary_reserve,-7.9361984e-05
182,42,gen_fuel_coal_pct,-8.7125954e-05
182,43,gen_fuel_other_renewables_pct,0.00035115724
182,44,solar_generation_mw,0.00031772596
182,45,gen_fuel_hydro_mw,-8.947443e-05
182,46,net_inadv_interchange_mw,0.007457266
182,47,gen_fuel_solar_mw,8.51194e-05
183,1,net_sched_interchange_mw,0.42321867
183,2,gen_fuel_coal_mw,0.00086848065
183,3,da_as_total_mw_thirty_minutes_reserve,7.828884e-05
183,4,gross_sched_interchange_mw,0.00015836896
183,5,gen_fuel_nuclear_mw,-2.0462176e-05
183,6,da_as_as_req_mw_primary_reserve,-3.0040537e-06
183,7,da_as_as_req_mw_synchronized_reserve,3.4434503e-05
183,8,da_as_total_mw_primary_reserve,0.00024023573
183,9,da_as_total_mw_synchronized_reserve,1.7629862e-05
183,10,gen_fuel_other_renewables_mw,0.0001341388
183,11,gen_fuel_multiple_fuels_mw,-0.00016949658
183,12,system_energy_price_da,0.0007520605
183,13,gen_fuel_storage_mw,0.00036803007
183,14,forecast_load_mw_day_ahead,0.0012783435
183,15,gen_fuel_gas_mw,-0.00031047987
183,16,total_gen,0.0004924773
183,17,gen_fuel_wind_mw,0.00016120751
183,18,wind_generation_mw,-0.00017491858
183,19,da_as_as_req_mw_thirty_minutes_reserve,-8.438343e-06
183,20,gen_fuel_multiple_fuels_pct,2.9562376e-05
183,21,total_lmp_da,2.3777262e-05
183,22,system_energy_price_rt,-0.0005684447
183,23,total_lmp_rt,0.00022649243
183,24,da_as_mcp_synchronized_reserve,-0.00039054023
183,25,da_as_mcp_primary_reserve,-0.0010982255
183,26,marginal_loss_price_rt,-0.00050748605
183,27,gen_fuel_gas_pct,0.00037191197
183,28,marginal_loss_price_da,0.0001790552
183,29,gen_fuel_wind_pct,-3.410266e-05
183,30,metered_load_mw,0.00022527704
183,31,gross_inadv_interchange_mw,-0.0003512798
183,32,gen_fuel_nuclear_pct,-0.00019765896
183,33,congestion_price_da,0.00042257336
183,34,congestion_price_rt,0.000109535744
183,35,forecast_load_mw_latest_available,0.00025216944
183,36,prelim_load_avg_hourly,-0.00026169728
183,37,gross_actual_interchange_mw,0.00010907721
183,38,total_losses,-0.00028349942
183,39,gen_fuel_oil_mw,0.00010036302
183,40,da_as_ss_mw_primary_reserve,-7.5716845e-05
183,41,da_as_nsr_mw_primary_reserve,-0.00045369464
183,42,gen_fuel_coal_pct,0.00016197612
183,43,gen_fuel_other_renewables_pct,-0.0005664275
183,44,solar_generation_mw,-0.00025038948
183,45,gen_fuel_hydro_mw,0.00033243207
183,46,net_inadv_interchange_mw,0.007071395
183,47,gen_fuel_solar_mw,-2.9133902e-05
184,1,net_sched_interchange_mw,0.42017862
184,2,gen_fuel_coal_mw,2.6941634e-05
184,3,da_as_total_mw_thirty_minutes_reserve,-5.8263668e-06
184,4,gross_sched_interchange_mw,8.41904e-06
184,5,gen_fuel_nuclear_mw,-3.055697e-05
184,6,da_as_as_req_mw_primary_reserve,1.6944228e-05
184,7,da_as_as_req_mw_synchronized_reserve,0.00011535836
184,8,da_as_total_mw_primary_reserve,-0.00012312034
184,9,da_as_total_mw_synchronized_reserve,0.000112192545
184,10,gen_fuel_other_renewables_mw,-0.00025790033
184,11,gen_fuel_multiple_fuels_mw,-4.093045e-05
184,12,system_energy_price_da,-3.1028296e-05
184,13,gen_fuel_storage_mw,0.00011501328
184,14,forecast_load_mw_day_ahead,-0.00014697536
184,15,gen_fuel_gas_mw,5.7980484e-05
184,16,total_gen,6.778177e-05
184,17,gen_fuel_wind_mw,-9.4777904e-05
184,18,wind_generation_mw,-0.0001431256
184,19,da_as_as_req_mw_thirty_minutes_reserve,-0.00013422055
184,20,gen_fuel_multiple_fuels_pct,0.00011222674
184,21,total_lmp_da,-0.0002705942
184,22,system_energy_price_rt,-1.2938348e-05
184,23,total_lmp_rt,-3.1554802e-05
184,24,da_as_mcp_synchronized_reserve,-3.5151923e-05
184,25,da_as_mcp_primary_reserve,0.00015123593
184,26,marginal_loss_price_rt,-0.00024922672
184,27,gen_fuel_gas_pct,-6.11834e-05
184,28,marginal_loss_price_da,3.364991e-05
184,29,gen_fuel_wind_pct,-0.00048432272
184,30,metered_load_mw,-5.2326825e-05
184,31,gross_inadv_interchange_mw,-0.0002359772
184,32,gen_fuel_nuclear_pct,-0.00015939343
184,33,congestion_price_da,0.00018500391
184,34,congestion_price_rt,-8.1046936e-05
184,35,forecast_load_mw_latest_available,7.353335e-05
184,36,prelim_load_avg_hourly,0.00011185816
184,37,gross_actual_interchange_mw,8.504088e-05
184,38,total_losses,-0.00017736583
184,39,gen_fuel_oil_mw,-0.00010631471
184,40,da_as_ss_mw_primary_reserve,-8.227785e-05
184,41,da_as_nsr_mw_primary_reserve,3.301086e-05
184,42,gen_fuel_coal_pct,-0.00029706932
184,43,gen_fuel_other_renewables_pct,0.00019151875
184,44,solar_generation_mw,-9.4006704e-05
184,45,gen_fuel_hydro_mw,-4.770569e-06
184,46,net_inadv_interchange_mw,0.0075944923
184,47,gen_fuel_solar_mw,-9.575767e-05
185,1,net_sched_interchange_mw,0.41697168
185,2,gen_fuel_coal_mw,0.00034708428
185,3,da_as_total_mw_thirty_minutes_reserve,4.7739566e-05
185,4,gross_sched_interchange_mw,-0.0004126789
185,5,gen_fuel_nuclear_mw,-0.00011555633
185,6,da_as_as_req_mw_primary_reserve,-0.00031579845
185,7,da_as_as_req_mw_synchronized_reserve,-0.00015139378
185,8,da_as_total_mw_primary_reserve,-0.0001370782
185,9,da_as_total_mw_synchronized_reserve,-0.00026617374
185,10,gen_fuel_other_renewables_mw,-1.7266273e-05
185,11,gen_fuel_multiple_fuels_mw,-4.7197424e-05
185,12,system_energy_price_da,-0.00025872263
185,13,gen_fuel_storage_mw,0.00022089973
185,14,forecast_load_mw_day_ahead,6.682477e-05
185,15,gen_fuel_gas_mw,-0.0004533942
185,16,total_gen,0.0002737358
185,17,gen_fuel_wind_mw,1.849232e-05
185,18,wind_generation_mw,-6.8609515e-05
185,19,da_as_as_req_mw_thirty_minutes_reserve,-9.519223e-06
185,20,gen_fuel_multiple_fuels_pct,7.269365e-05
185,21,total_lmp_da,-3.8845406e-05
185,22,system_energy_price_rt,0.00017492073
185,23,total_lmp_rt,-0.00015615515
185,24,da_as_mcp_synchronized_reserve,-2.34236e-05
185,25,da_as_mcp_primary_reserve,7.104317e-05
185,26,marginal_loss_price_rt,-0.00022492917
185,27,gen_fuel_gas_pct,4.9764498e-05
185,28,marginal_loss_price_da,-1.7358641e-05
185,29,gen_fuel_wind_pct,0.0002479939
185,30,metered_load_mw,6.413799e-05
185,31,gross_inadv_interchange_mw,3.818346e-05
185,32,gen_fuel_nuclear_pct,-5.011661e-05
185,33,congestion_price_da,0.0001189009
185,34,congestion_price_rt,-0.0002586586
185,35,forecast_load_mw_latest_available,8.771962e-05
185,36,prelim_load_avg_hourly,-0.00010139659
185,37,gross_actual_interchange_mw,-0.0001463994
185,38,total_losses,-0.0004291041
185,39,gen_fuel_oil_mw,-0.00018796153
185,40,da_as_ss_mw_primary_reserve,0.00025569272
185,41,da_as_nsr_mw_primary_reserve,0.0001616567
185,42,gen_fuel_coal_pct,1.7330742e-05
185,43,gen_fuel_other_renewables_pct,1.5168775e-05
185,44,solar_generation_mw,-0.00013455961
185,45,gen_fuel_hydro_mw,-3.8279308e-05
185,46,net_inadv_interchange_mw,0.0073399344
185,47,gen_fuel_solar_mw,1.1838885e-05
186,1,net_sched_interchange_mw,0.4142244
186,2,gen_fuel_coal_mw,5.591856e-05
186,3,da_as_total_mw_thirty_minutes_reserve,-0.000111233065
186,4,gross_sched_interchange_mw,-0.00021772602
186,5,gen_fuel_nuclear_mw,-0.00020108387
186,6,da_as_as_req_mw_primary_reserve,-1.7892511e-05
186,7,da_as_as_req_mw_synchronized_reserve,0.00024065726
186,8,da_as_total_mw_primary_reserve,-0.00034560537
186,9,da_as_total_mw_synchronized_reserve,-8.5783395e-06
186,10,gen_fuel_other_renewables_mw,3.8946437e-05
186,11,gen_fuel_multiple_fuels_mw,-6.202257e-05
186,12,system_energy_price_da,-0.00011662756
186,13,gen_fuel_storage_mw,-1.6558733e-05
186,14,forecast_load_mw_day_ahead,-0.00012682789
186,15,gen_fuel_gas_mw,-8.884584e-05
186,16,total_gen,-0.00015573634
186,17,gen_fuel_wind_mw,9.7566495e-05
186,18,wind_generation_mw,-6.929277e-05
186,19,da_as_as_req_mw_thirty_minutes_reserve,-4.5921337e-05
186,20,gen_fuel_multiple_fuels_pct,-1.3633515e-05
186,21,total_lmp_da,-0.00031413854
186,22,system_energy_price_rt,-0.0004603832
186,23,total_lmp_rt,-0.00034958293
186,24,da_as_mcp_synchronized_reserve,8.532555e-05
186,25,da_as_mcp_primary_reserve,-0.00018575546
186,26,marginal_loss_price_rt,0.00013814338
186,27,gen_fuel_gas_pct,-2.8953176e-05
186,28,marginal_loss_price_da,-6.3965825e-05
186,29,gen_fuel_wind_pct,0.0002231071
186,30,metered_load_mw,-0.00025032938
186,31,gross_inadv_interchange_mw,-5.1699244e-05
186,32,gen_fuel_nuclear_pct,-0.0001720928
186,33,congestion_price_da,-0.00014295804
186,34,congestion_price_rt,4.2903008e-05
186,35,forecast_load_mw_latest_available,-2.1677697e-05
186,36,prelim_load_avg_hourly,-0.00013784197
186,37,gross_actual_interchange_mw,-1.4697129e-05
186,38,total_losses,-0.00015353563
186,39,gen_fuel_oil_mw,0.000103871345
186,40,da_as_ss_mw_primary_reserve,-6.738805e-05
186,41,da_as_nsr_mw_primary_reserve,-0.00035244095
186,42,gen_fuel_coal_pct,0.00014342251
186,43,gen_fuel_other_renewables_pct,-9.533887e-05
186,44,solar_generation_mw,-0.00018440111
186,45,gen_fuel_hydro_mw,-1.2833261e-05
186,46,net_inadv_interchange_mw,0.0075783143
186,47,gen_fuel_solar_mw,4.2879663e-05
187,1,net_sched_interchange_mw,0.41105637
187,2,gen_fuel_coal_mw,5.599555e-06
187,3,da_as_total_mw_thirty_minutes_reserve,0.000102733815
187,4,gross_sched_interchange_mw,0.00019301802
187,5,gen_fuel_nuclear_mw,-5.375841e-05
187,6,da_as_as_req_mw_primary_reserve,-6.301124e-05
187,7,da_as_as_req_mw_synchronized_reserve,-0.00014701403
187,8,da_as_total_mw_primary_reserve,-0.0002183394
187,9,da_as_total_mw_synchronized_reserve,2.2773907e-05
187,10,gen_fuel_other_renewables_mw,-4.609718e-05
187,11,gen_fuel_multiple_fuels_mw,-1.933287e-05
187,12,system_energy_price_da,5.558732e-05
187,13,gen_fuel_storage_mw,-0.00013917981
187,14,forecast_load_mw_day_ahead,-0.000112814516
187,15,gen_fuel_gas_mw,-2.311237e-06
187,16,total_gen,-0.00013914403
187,17,gen_fuel_wind_mw,-0.00014330793
187,18,wind_generation_mw,6.2835694e-05
187,19,da_as_as_req_mw_thirty_minutes_reserve,-0.00026971666
187,20,gen_fuel_multiple_fuels_pct,5.423042e-05
187,21,total_lmp_da,2.1398002e-05
187,22,system_energy_price_rt,0.00015011872
187,23,total_lmp_rt,-0.00010823429
187,24,da_as_mcp_synchronized_reserve,7.319031e-05
187,25,da_as_mcp_primary_reserve,-0.00015511934
187,26,marginal_loss_price_rt,-3.8162972e-05
187,27,gen_fuel_gas_pct,-2.5231217e-05
187,28,marginal_loss_price_da,2.8743332e-05
187,29,gen_fuel_wind_pct,-4.9669798e-05
187,30,metered_load_mw,-0.00017480525
187,31,gross_inadv_interchange_mw,-0.00024056583
187,32,gen_fuel_nuclear_pct,-7.313359e-05
187,33,congestion_price_da,0.0001409362
187,34,congestion_price_rt,-7.729978e-05
187,35,forecast_load_mw_latest_available,-0.00015466208
187,36,prelim_load_avg_hourly,-4.9423077e-05
187,37,gross_actual_interchange_mw,5.7598678e-05
187,38,total_losses,5.3165946e-05
187,39,gen_fuel_oil_mw,0.000120996134
187,40,da_as_ss_mw_primary_reserve,0.0003754395
187,41,da_as_nsr_mw_primary_reserve,-0.00024695223
187,42,gen_fuel_coal_pct,0.00017233676
187,43,gen_fuel_other_renewables_pct,0.00037643217
187,44,solar_generation_mw,0.0003228728
187,45,gen_fuel_hydro_mw,0.00019050147
187,46,net_inadv_interchange_mw,0.0075439787
187,47,gen_fuel_solar_mw,-0.0002502396
188,1,net_sched_interchange_mw,0.4076822
188,2,gen_fuel_coal_mw,-0.00010234013
188,3,da_as_total_mw_thirty_minutes_reserve,-8.5147185e-05
188,4,gross_sched_interchange_mw,0.00023010469
188,5,gen_fuel_nuclear_mw,0.00017875589
188,6,da_as_as_req_mw_primary_reserve,3.2981894e-05
188,7,da_as_as_req_mw_synchronized_reserve,-0.00023302576
188,8,da_as_total_mw_primary_reserve,8.41649e-05
188,9,da_as_total_mw_synchronized_reserve,-0.00010741106
188,10,gen_fuel_other_renewables_mw,2.7292052e-05
188,11,gen_fuel_multiple_fuels_mw,0.000120415
188,12,system_energy_price_da,0.0001367827
188,13,gen_fuel_storage_mw,-0.00013224207
188,14,forecast_load_mw_day_ahead,0.00020003975
188,15,gen_fuel_gas_mw,0.00036390196
188,16,total_gen,5.130761e-05
188,17,gen_fuel_wind_mw,0.000158774
188,18,wind_generation_mw,-2.6102804e-05
188,19,da_as_as_req_mw_thirty_minutes_reserve,6.545509e-05
188,20,gen_fuel_multiple_fuels_pct,-0.000106118314
188,21,total_lmp_da,-0.00031516215
188,22,system_energy_price_rt,9.253723e-05
188,23,total_lmp_rt,0.00013861424
188,24,da_as_mcp_synchronized_reserve,0.0001078639
188,25,da_as_mcp_primary_reserve,5.548676e-05
188,26,marginal_loss_price_rt,0.00012263775
188,27,gen_fuel_gas_pct,-7.027836e-05
188,28,marginal_loss_price_da,-4.7589652e-05
188,29,gen_fuel_wind_pct,-0.0001325918
188,30,metered_load_mw,-0.00010983059
188,31,gross_inadv_interchange_mw,5.2919844e-05
188,32,gen_fuel_nuclear_pct,0.00010044561
188,33,congestion_price_da,0.00011358836
188,34,congestion_price_rt,-0.0001175101
188,35,forecast_load_mw_latest_available,3.740604e-05
188,36,prelim_load_avg_hourly,-0.00014629889
188,37,gross_actual_interchange_mw,-0.00017813976
188,38,total_losses,0.0002607512
188,39,gen_fuel_oil_mw,6.976265e-05
188,40,da_as_ss_mw_primary_reserve,0.000121797464
188,41,da_as_nsr_mw_primary_reserve,-4.1049934e-06
188,42,gen_fuel_coal_pct,-3.9166844e-05
188,43,gen_fuel_other_renewables_pct,0.00018186955
188,44,solar_generation_mw,-0.0002948888
188,45,gen_fuel_hydro_mw,-0.00014175056
188,46,net_inadv_interchange_mw,0.007435563
188,47,gen_fuel_solar_mw,0.00010498967
189,1,net_sched_interchange_mw,0.40483952
189,2,gen_fuel_coal_mw,-0.00027628124
189,3,da_as_total_mw_thirty_minutes_reserve,3.5910536e-05
189,4,gross_sched_interchange_mw,7.163655e-05
189,5,gen_fuel_nuclear_mw,-3.4599536e-05
189,6,da_as_as_req_mw_primary_reserve,-0.00015973963
189,7,da_as_as_req_mw_synchronized_reserve,-0.00011958546
189,8,da_as_total_mw_primary_reserve,9.8248915e-05
189,9,da_as_total_mw_synchronized_reserve,-0.00015944215
189,10,gen_fuel_other_renewables_mw,0.00022025147
189,11,gen_fuel_multiple_fuels_mw,0.00012968166
189,12,system_energy_price_da,3.7745704e-05
189,13,gen_fuel_storage_mw,0.00023808675
189,14,forecast_load_mw_day_ahead,-0.000115070405
189,15,gen_fuel_gas_mw,6.367753e-06
189,16,total_gen,5.243801e-05
189,17,gen_fuel_wind_mw,2.226814e-06
189,18,wind_generation_mw,0.0001400054
189,19,da_as_as_req_mw_thirty_minutes_reserve,0.00028799567
189,20,gen_fuel_multiple_fuels_pct,-7.636534e-05
189,21,total_lmp_da,-8.2541126e-05
189,22,system_energy_price_rt,-0.00013142797
189,23,total_lmp_rt,-9.879966e-05
189,24,da_as_mcp_synchronized_reserve,-8.3681196e-05
189,25,da_as_mcp_primary_reserve,0.00014602239
189,26,marginal_loss_price_rt,0.00029066985
189,27,gen_fuel_gas_pct,-0.00014440967
189,28,marginal_loss_price_da,-0.00018107067
189,29,gen_fuel_wind_pct,0.00018527458
189,30,metered_load_mw,1.9648094e-05
189,31,gross_inadv_interchange_mw,-0.00019184928
189,32,gen_fuel_nuclear_pct,0.00017395627
189,33,congestion_price_da,8.351192e-05
189,34,congestion_price_rt,-1.7973347e-05
189,35,forecast_load_mw_latest_available,-0.00016933995
189,36,prelim_load_avg_hourly,-0.00020344998
189,37,gross_actual_interchange_mw,-7.4838026e-06
189,38,total_losses,6.0669336e-06
189,39,gen_fuel_oil_mw,1.3960453e-06
189,40,da_as_ss_mw_primary_reserve,6.419323e-05
189,41,da_as_nsr_mw_primary_reserve,-9.61352e-05
189,42,gen_fuel_coal_pct,-4.9076174e-05
189,43,gen_fuel_other_renewables_pct,0.00021495976
189,44,solar_generation_mw,4.0419825e-05
189,45,gen_fuel_hydro_mw,-2.7276867e-05
189,46,net_inadv_interchange_mw,0.0073889904
189,47,gen_fuel_solar_mw,-0.00011730207
190,1,net_sched_interchange_mw,0.40159783
190,2,gen_fuel_coal_mw,-4.7735142e-05
190,3,da_as_total_mw_thirty_minutes_reserve,0.00017298156
190,4,gross_sched_interchange_mw,0.000104078164
190,5,gen_fuel_nuclear_mw,-0.00024506272
190,6,da_as_as_req_mw_primary_reserve,-4.0216946e-05
190,7,da_as_as_req_mw_synchronized_reserve,0.0001967323
190,8,da_as_total_mw_primary_reserve,-7.936238e-06
190,9,da_as_total_mw_synchronized_reserve,-8.548459e-05
190,10,gen_fuel_other_renewables_mw,0.0001441276
190,11,gen_fuel_multiple_fuels_mw,0.00010118933
190,12,system_energy_price_da,2.3446224e-05
190,13,gen_fuel_storage_mw,-0.00013001196
190,14,forecast_load_mw_day_ahead,0.0001886308
190,15,gen_fuel_gas_mw,0.00015735686
190,16,total_gen,-0.00017115858
190,17,gen_fuel_wind_mw,0.00049487554
190,18,wind_generation_mw,3.4733675e-05
190,19,da_as_as_req_mw_thirty_minutes_reserve,-3.2860407e-06
190,20,gen_fuel_multiple_fuels_pct,5.1112045e-05
190,21,total_lmp_da,5.4023138e-05
190,22,system_energy_price_rt,-7.6712524e-05
190,23,total_lmp_rt,1.2805831e-05
190,24,da_as_mcp_synchronized_reserve,-3.5560894e-05
190,25,da_as_mcp_primary_reserve,0.00014258295
190,26,marginal_loss_price_rt,-7.2199866e-05
190,27,gen_fuel_gas_pct,-0.0002938713
190,28,marginal_loss_price_da,-3.8926788e-05
190,29,gen_fuel_wind_pct,-9.474784e-05
190,30,metered_load_mw,-1.9988234e-05
190,31,gross_inadv_interchange_mw,9.1291964e-05
190,32,gen_fuel_nuclear_pct,0.00013955684
190,33,congestion_price_da,0.0001890285
190,34,congestion_price_rt,-0.00011875869
190,35,forecast_load_mw_latest_available,-0.00013802138
190,36,prelim_load_avg_hourly,-9.644314e-05
190,37,gross_actual_interchange_mw,0.00013249827
190,38,total_losses,-9.056108e-05
190,39,gen_fuel_oil_mw,-0.00011845687
190,40,da_as_ss_mw_primary_reserve,3.9447157e-05
190,41,da_as_nsr_mw_primary_reserve,-0.00013829027
190,42,gen_fuel_coal_pct,-2.578678e-05
190,43,gen_fuel_other_renewables_pct,-7.98831e-05
190,44,solar_generation_mw,0.00015775333
190,45,gen_fuel_hydro_mw,0.000104042345
190,46,net_inadv_interchange_mw,0.007376356
190,47,gen_fuel_solar_mw,0.00015455167
191,1,net_sched_interchange_mw,0.3988004
191,2,gen_fuel_coal_mw,0.00044854247
191,3,da_as_total_mw_thirty_minutes_reserve,0.00036139396
191,4,gross_sched_interchange_mw,9.354278e-06
191,5,gen_fuel_nuclear_mw,-1.0417927e-05
191,6,da_as_as_req_mw_primary_reserve,5.6950048e-05
191,7,da_as_as_req_mw_synchronized_reserve,0.00012890731
191,8,da_as_total_mw_primary_reserve,-0.00016604546
191,9,da_as_total_mw_synchronized_reserve,-0.00047990467
191,10,gen_fuel_other_renewables_mw,-0.00023444102
191,11,gen_fuel_multiple_fuels_mw,-0.00025075604
191,12,system_energy_price_da,3.3656066e-05
191,13,gen_fuel_storage_mw,8.94707e-05
191,14,forecast_load_mw_day_ahead,-0.0005287613
191,15,gen_fuel_gas_mw,-0.00050726865
191,16,total_gen,-5.115001e-05
191,17,gen_fuel_wind_mw,0.0009704094
191,18,wind_generation_mw,-7.2504045e-06
191,19,da_as_as_req_mw_thirty_minutes_reserve,0.00032171072
191,20,gen_fuel_multiple_fuels_pct,-0.000296353
191,21,total_lmp_da,-7.3103234e-05
191,22,system_energy_price_rt,-0.0004562984
191,23,total_lmp_rt,0.00017052371
191,24,da_as_mcp_synchronized_reserve,-2.3985436e-05
191,25,da_as_mcp_primary_reserve,-0.00016765713
191,26,marginal_loss_price_rt,1.6424296e-05
191,27,gen_fuel_gas_pct,-0.00010013734
191,28,marginal_loss_price_da,0.0005808516
191,29,gen_fuel_wind_pct,-0.00080851966
191,30,metered_load_mw,-0.00018431083
191,31,gross_inadv_interchange_mw,0.0003109807
191,32,gen_fuel_nuclear_pct,0.0002844247
191,33,congestion_price_da,0.00014981467
191,34,congestion_price_rt,6.803527e-05
191,35,forecast_load_mw_latest_available,0.0003871114
191,36,prelim_load_avg_hourly,0.00022294826
191,37,gross_actual_interchange_mw,-0.0005578705
191,38,total_losses,6.307897e-05
191,39,gen_fuel_oil_mw,-6.5933615e-05
191,40,da_as_ss_mw_primary_reserve,0.00010296482
191,41,da_as_nsr_mw_primary_reserve,0.0007257042
191,42,gen_fuel_coal_pct,-0.0008225138
191,43,gen_fuel_other_renewables_pct,-0.0004026158
191,44,solar_generation_mw,-0.0002778071
191,45,gen_fuel_hydro_mw,-3.174803e-05
191,46,net_inadv_interchange_mw,0.0076150717
191,47,gen_fuel_solar_mw,-0.0007759355
192,1,net_sched_interchange_mw,0.3961609
192,2,gen_fuel_coal_mw,5.038656e-05
192,3,da_as_total_mw_thirty_minutes_reserve,-3.700386e-05
192,4,gross_sched_interchange_mw,-1.8200371e-06
192,5,gen_fuel_nuclear_mw,-9.509495e-06
192,6,da_as_as_req_mw_primary_reserve,-7.2323266e-05
192,7,da_as_as_req_mw_synchronized_reserve,-0.00023499159
192,8,da_as_total_mw_primary_reserve,-9.2672446e-05
192,9,da_as_total_mw_synchronized_reserve,3.0066934e-05
192,10,gen_fuel_other_renewables_mw,-0.00020053369
192,11,gen_fuel_multiple_fuels_mw,-6.644505e-05
192,12,system_energy_price_da,-0.00012465224
192,13,gen_fuel_storage_mw,3.7357095e-05
192,14,forecast_load_mw_day_ahead,0.00012530554
192,15,gen_fuel_gas_mw,-2.12487e-05
192,16,total_gen,-0.00019314978
192,17,gen_fuel_wind_mw,-1.538117e-05
192,18,wind_generation_mw,0.00013733412
192,19,da_as_as_req_mw_thirty_minutes_reserve,-4.202593e-08
192,20,gen_fuel_multiple_fuels_pct,0.00010866237
192,21,total_lmp_da,-0.0001310964
192,22,system_energy_price_rt,-1.3406083e-05
192,23,total_lmp_rt,9.090862e-05
192,24,da_as_mcp_synchronized_reserve,-0.0001461814
192,25,da_as_mcp_primary_reserve,3.7302088e-06
192,26,marginal_loss_price_rt,0.00017422184
192,27,gen_fuel_gas_pct,-0.00039056005
192,28,marginal_loss_price_da,-0.00011912191
192,29,gen_fuel_wind_pct,-0.00015484219
192,30,metered_load_mw,-8.394709e-07
192,31,gross_inadv_interchange_mw,2.9681565e-05
192,32,gen_fuel_nuclear_pct,0.00016791612
192,33,congestion_price_da,0.00028125566
192,34,congestion_price_rt,-8.572619e-05
192,35,forecast_load_mw_latest_available,-0.00034986914
192,36,prelim_load_avg_hourly,-0.00010766576
192,37,gross_actual_interchange_mw,-0.00010918679
192,38,total_losses,0.0002783757
192,39,gen_fuel_oil_mw,-0.00025791724
192,40,da_as_ss_mw_primary_reserve,0.00016237349
192,41,da_as_nsr_mw_primary_reserve,-9.285433e-05
192,42,gen_fuel_coal_pct,6.504779e-06
192,43,gen_fuel_other_renewables_pct,-8.272017e-05
192,44,solar_generation_mw,-0.0003012953
192,45,gen_fuel_hydro_mw,7.433025e-05
192,46,net_inadv_interchange_mw,0.0072416724
192,47,gen_fuel_solar_mw,-2.4760106e-05
193,1,net_sched_interchange_mw,0.3933581
193,2,gen_fuel_coal_mw,-7.449208e-05
193,3,da_as_total_mw_thirty_minutes_reserve,0.00013192793
193,4,gross_sched_interchange_mw,5.814432e-05
193,5,gen_fuel_nuclear_mw,-0.00012002895
193,6,da_as_as_req_mw_primary_reserve,-1.8802668e-05
193,7,da_as_as_req_mw_synchronized_reserve,-0.000116212075
193,8,da_as_total_mw_primary_reserve,-0.00015310624
193,9,da_as_total_mw_synchronized_reserve,0.0002180841
193,10,gen_fuel_other_renewables_mw,0.00016881774
193,11,gen_fuel_multiple_fuels_mw,-0.000104280785
193,12,system_energy_price_da,-3.936104e-05
193,13,gen_fuel_storage_mw,0.00014506199
193,14,forecast_load_mw_day_ahead,-6.306362e-05
193,15,gen_fuel_gas_mw,5.6426295e-05
193,16,total_gen,-0.00050459243
193,17,gen_fuel_wind_mw,-5.871031e-05
193,18,wind_generation_mw,0.00018163008
193,19,da_as_as_req_mw_thirty_minutes_reserve,0.00022188737
193,20,gen_fuel_multiple_fuels_pct,-6.430055e-05
193,21,total_lmp_da,0.00023473953
193,22,system_energy_price_rt,-0.000100583784
193,23,total_lmp_rt,-6.564912e-05
193,24,da_as_mcp_synchronized_reserve,0.00016100303
193,25,da_as_mcp_primary_reserve,-0.00017483773
193,26,marginal_loss_price_rt,1.617639e-05
193,27,gen_fuel_gas_pct,-0.00011294286
193,28,marginal_loss_price_da,-0.0003844351
193,29,gen_fuel_wind_pct,0.0001568204
193,30,metered_load_mw,-7.5525066e-05
193,31,gross_inadv_interchange_mw,0.00016901278
193,32,gen_fuel_nuclear_pct,0.000278156
193,33,congestion_price_da,0.00011594021
193,34,congestion_price_rt,-7.582476e-05
193,35,forecast_load_mw_latest_available,0.00015543285
193,36,prelim_load_avg_hourly,-3.4158176e-05
193,37,gross_actual_interchange_mw,0.00028123643
193,38,total_losses,-0.00020108563
193,39,gen_fuel_oil_mw,-0.00041166908
193,40,da_as_ss_mw_primary_reserve,2.7904804e-05
193,41,da_as_nsr_mw_primary_reserve,-6.89628e-05
193,42,gen_fuel_coal_pct,0.00021416947
193,43,gen_fuel_other_renewables_pct,-4.137203e-06
193,44,solar_generation_mw,-1.4093239e-06
193,45,gen_fuel_hydro_mw,0.00034757692
193,46,net_inadv_interchange_mw,0.0070962086
193,47,gen_fuel_solar_mw,-5.0576313e-05
194,1,net_sched_interchange_mw,0.39035648
194,2,gen_fuel_coal_mw,4.571989e-05
194,3,da_as_total_mw_thirty_minutes_reserve,2.7928105e-05
194,4,gross_sched_interchange_mw,-2.0174128e-05
194,5,gen_fuel_nuclear_mw,-8.248471e-05
194,6,da_as_as_req_mw_primary_reserve,0.00010742801
194,7,da_as_as_req_mw_synchronized_reserve,8.766913e-05
194,8,da_as_total_mw_primary_reserve,-1.6486505e-05
194,9,da_as_total_mw_synchronized_reserve,-0.00023124747
194,10,gen_fuel_other_renewables_mw,0.00035961057
194,11,gen_fuel_multiple_fuels_mw,-0.00023662002
194,12,system_energy_price_da,-8.3422583e-07
194,13,gen_fuel_storage_mw,9.266654e-05
194,14,forecast_load_mw_day_ahead,1.8837174e-05
194,15,gen_fuel_gas_mw,0.0003366279
194,16,total_gen,-4.127543e-05
194,17,gen_fuel_wind_mw,0.00017552255
194,18,wind_generation_mw,0.00023084969
194,19,da_as_as_req_mw_thirty_minutes_reserve,-0.00019748544
194,20,gen_fuel_multiple_fuels_pct,0.00033168972
194,21,total_lmp_da,6.879787e-05
194,22,system_energy_price_rt,4.0702045e-05
194,23,total_lmp_rt,-0.00013674857
194,24,da_as_mcp_synchronized_reserve,-0.00052110833
194,25,da_as_mcp_primary_reserve,-0.00030732708
194,26,marginal_loss_price_rt,-0.0001613803
194,27,gen_fuel_gas_pct,-7.892902e-05
194,28,marginal_loss_price_da,7.730279e-05
194,29,gen_fuel_wind_pct,-8.320757e-05
194,30,metered_load_mw,8.098307e-05
194,31,gross_inadv_interchange_mw,4.2951404e-05
194,32,gen_fuel_nuclear_pct,3.1593998e-05
194,33,congestion_price_da,2.2797762e-05
194,34,congestion_price_rt,-4.0347317e-05
194,35,forecast_load_mw_latest_available,0.00015187328
194,36,prelim_load_avg_hourly,-7.3611416e-05
194,37,gross_actual_interchange_mw,-0.00012765161
194,38,total_losses,0.00023336991
194,39,gen_fuel_oil_mw,-5.6710152e-05
194,40,da_as_ss_mw_primary_reserve,1.8821083e-06
194,41,da_as_nsr_mw_primary_reserve,3.7850714e-05
194,42,gen_fuel_coal_pct,-0.00016015297
194,43,gen_fuel_other_renewables_pct,0.00022562243
194,44,solar_generation_mw,-4.557563e-05
194,45,gen_fuel_hydro_mw,0.00013615041
194,46,net_inadv_interchange_mw,0.0070729926
194,47,gen_fuel_solar_mw,6.603298e-05
195,1,net_sched_interchange_mw,0.38734052
195,2,gen_fuel_coal_mw,0.00024205493
195,3,da_as_total_mw_thirty_minutes_reserve,9.477424e-05
195,4,gross_sched_interchange_mw,0.00027652064
195,5,gen_fuel_nuclear_mw,0.00016857826
195,6,da_as_as_req_mw_primary_reserve,3.94541e-05
195,7,da_as_as_req_mw_synchronized_reserve,0.00016354115
195,8,da_as_total_mw_primary_reserve,0.00016639772
195,9,da_as_total_mw_synchronized_reserve,-0.00084353925
195,10,gen_fuel_other_renewables_mw,-0.0002703665
195,11,gen_fuel_multiple_fuels_mw,9.885319e-05
195,12,system_energy_price_da,2.8075694e-05
195,13,gen_fuel_storage_mw,0.00013788576
195,14,forecast_load_mw_day_ahead,0.0001684064
195,15,gen_fuel_gas_mw,1.6778009e-05
195,16,total_gen,-0.00038823838
195,17,gen_fuel_wind_mw,-9.724373e-05
195,18,wind_generation_mw,7.082366e-05
195,19,da_as_as_req_mw_thirty_minutes_reserve,-0.00024823943
195,20,gen_fuel_multiple_fuels_pct,-0.000172726
195,21,total_lmp_da,-0.0001730186
195,22,system_energy_price_rt,0.00041118596
195,23,total_lmp_rt,7.947281e-05
195,24,da_as_mcp_synchronized_reserve,-2.235733e-05
195,25,da_as_mcp_primary_reserve,0.00013261125
195,26,marginal_loss_price_rt,-0.0004967929
195,27,gen_fuel_gas_pct,-0.00047903202
195,28,marginal_loss_price_da,0.000102893486
195,29,gen_fuel_wind_pct,-0.00019348858
195,30,metered_load_mw,-0.00023513885
195,31,gross_inadv_interchange_mw,0.0002493211
195,32,gen_fuel_nuclear_pct,-0.00045944596
195,33,congestion_price_da,-0.0002016706
195,34,congestion_price_rt,0.00016898663
195,35,forecast_load_mw_latest_available,-0.00069384987
195,36,prelim_load_avg_hourly,0.00030734512
195,37,gross_actual_interchange_mw,-6.7305955e-05
195,38,total_losses,5.3471736e-05
195,39,gen_fuel_oil_mw,0.00022970708
195,40,da_as_ss_mw_primary_reserve,-0.00025941306
195,41,da_as_nsr_mw_primary_reserve,-0.0004518514
195,42,gen_fuel_coal_pct,-0.0001637813
195,43,gen_fuel_other_renewables_pct,0.00021148616
195,44,solar_generation_mw,-0.0002444023
195,45,gen_fuel_hydro_mw,-0.0011384155
195,46,net_inadv_interchange_mw,0.0073554404
195,47,gen_fuel_solar_mw,5.001182e-05
196,1,net_sched_interchange_mw,0.38602763
196,2,gen_fuel_coal_mw,-0.00018617167
196,3,da_as_total_mw_thirty_minutes_reserve,3.722126e-05
196,4,gross_sched_interchange_mw,0.00018166486
196,5,gen_fuel_nuclear_mw,0.00024823376
196,6,da_as_as_req_mw_primary_reserve,0.00021898003
196,7,da_as_as_req_mw_synchronized_reserve,-8.168496e-05
196,8,da_as_total_mw_primary_reserve,-0.00014216152
196,9,da_as_total_mw_synchronized_reserve,3.7049045e-05
196,10,gen_fuel_other_renewables_mw,0.00026791406
196,11,gen_fuel_multiple_fuels_mw,-3.834816e-05
196,12,system_energy_price_da,-0.0001542919
196,13,gen_fuel_storage_mw,-5.0229755e-06
196,14,forecast_load_mw_day_ahead,0.00015919606
196,15,gen_fuel_gas_mw,-0.00014417665
196,16,total_gen,3.0667525e-05
196,17,gen_fuel_wind_mw,-0.00023823658
196,18,wind_generation_mw,-6.557441e-05
196,19,da_as_as_req_mw_thirty_minutes_reserve,2.996606e-05
196,20,gen_fuel_multiple_fuels_pct,2.4959445e-06
196,21,total_lmp_da,-0.00016372837
196,22,system_energy_price_rt,-0.00011062943
196,23,total_lmp_rt,0.00012384047
196,24,da_as_mcp_synchronized_reserve,1.501818e-05
196,25,da_as_mcp_primary_reserve,4.1632447e-06
196,26,marginal_loss_price_rt,2.0493055e-05
196,27,gen_fuel_gas_pct,-2.954829e-05
196,28,marginal_loss_price_da,8.712924e-05
196,29,gen_fuel_wind_pct,-0.000358695
196,30,metered_load_mw,-0.0003095296
196,31,gross_inadv_interchange_mw,-3.7119036e-05
196,32,gen_fuel_nuclear_pct,0.00013276818
196,33,congestion_price_da,2.805973e-07
196,34,congestion_price_rt,8.813011e-06
196,35,forecast_load_mw_latest_available,-0.0001510475
196,36,prelim_load_avg_hourly,-6.73531e-05
196,37,gross_actual_interchange_mw,-7.5565054e-05
196,38,total_losses,-4.6867077e-05
196,39,gen_fuel_oil_mw,-0.00013635625
196,40,da_as_ss_mw_primary_reserve,0.00025727702
196,41,da_as_nsr_mw_primary_reserve,-2.8156108e-05
196,42,gen_fuel_coal_pct,3.0152056e-05
196,43,gen_fuel_other_renewables_pct,-0.00012401897
196,44,solar_generation_mw,-0.00028903445
196,45,gen_fuel_hydro_mw,8.7585475e-05
196,46,net_inadv_interchange_mw,0.007213174
196,47,gen_fuel_solar_mw,0.00016586529
197,1,net_sched_interchange_mw,0.38393587
197,2,gen_fuel_coal_mw,-6.40016e-05
197,3,da_as_total_mw_thirty_minutes_reserve,0.00018217595
197,4,gross_sched_interchange_mw,-1.8213463e-05
197,5,gen_fuel_nuclear_mw,2.4484027e-05
197,6,da_as_as_req_mw_primary_reserve,-0.00018879148
197,7,da_as_as_req_mw_synchronized_reserve,-0.00010034189
197,8,da_as_total_mw_primary_reserve,0.00015763225
197,9,da_as_total_mw_synchronized_reserve,-8.30085e-05
197,10,gen_fuel_other_renewables_mw,0.00012876155
197,11,gen_fuel_multiple_fuels_mw,0.00018599027
197,12,system_energy_price_da,-8.144635e-05
197,13,gen_fuel_storage_mw,5.788708e-06
197,14,forecast_load_mw_day_ahead,0.00010918921
197,15,gen_fuel_gas_mw,-4.0899966e-05
197,16,total_gen,7.862252e-05
197,17,gen_fuel_wind_mw,-9.54824e-05
197,18,wind_generation_mw,-5.662671e-05
197,19,da_as_as_req_mw_thirty_minutes_reserve,-8.847246e-05
197,20,gen_fuel_multiple_fuels_pct,-0.0001040534
197,21,total_lmp_da,3.5116722e-05
197,22,system_energy_price_rt,0.00024170369
197,23,total_lmp_rt,0.00012362076
197,24,da_as_mcp_synchronized_reserve,0.00024020176
197,25,da_as_mcp_primary_reserve,-1.8938783e-05
197,26,marginal_loss_price_rt,7.350604e-05
197,27,gen_fuel_gas_pct,-1.4654804e-05
197,28,marginal_loss_price_da,-5.2757267e-05
197,29,gen_fuel_wind_pct,4.3111904e-06
197,30,metered_load_mw,-0.00015517841
197,31,gross_inadv_interchange_mw,3.0735817e-05
197,32,gen_fuel_nuclear_pct,4.9836817e-06
197,33,congestion_price_da,-0.0001373074
197,34,congestion_price_rt,0.00024157885
197,35,forecast_load_mw_latest_available,0.00013687843
197,36,prelim_load_avg_hourly,-9.255966e-05
197,37,gross_actual_interchange_mw,-0.00010628431
197,38,total_losses,0.0001523395
197,39,gen_fuel_oil_mw,-8.427234e-05
197,40,da_as_ss_mw_primary_reserve,3.9353356e-05
197,41,da_as_nsr_mw_primary_reserve,6.431047e-05
197,42,gen_fuel_coal_pct,-0.00023082463
197,43,gen_fuel_other_renewables_pct,-7.692696e-05
197,44,solar_generation_mw,-7.080336e-06
197,45,gen_fuel_hydro_mw,-0.00010268535
197,46,net_inadv_interchange_mw,0.007187738
197,47,gen_fuel_solar_mw,-0.00014199354
198,1,net_sched_interchange_mw,0.38159427
198,2,gen_fuel_coal_mw,-4.9275382e-05
198,3,da_as_total_mw_thirty_minutes_reserve,8.662895e-05
198,4,gross_sched_interchange_mw,0.00010524083
198,5,gen_fuel_nuclear_mw,-0.00010192568
198,6,da_as_as_req_mw_primary_reserve,-0.00010680348
198,7,da_as_as_req_mw_synchronized_reserve,-8.738293e-05
198,8,da_as_total_mw_primary_reserve,9.079446e-05
198,9,da_as_total_mw_synchronized_reserve,4.6534504e-05
198,10,gen_fuel_other_renewables_mw,-0.00015659636
198,11,gen_fuel_multiple_fuels_mw,-8.003214e-05
198,12,system_energy_price_da,-5.000751e-06
198,13,gen_fuel_storage_mw,0.00016472791
198,14,forecast_load_mw_day_ahead,0.00013853825
198,15,gen_fuel_gas_mw,3.435065e-05
198,16,total_gen,-6.2194966e-05
198,17,gen_fuel_wind_mw,0.00024128582
198,18,wind_generation_mw,-0.000120547586
198,19,da_as_as_req_mw_thirty_minutes_reserve,-4.0548573e-05
198,20,gen_fuel_multiple_fuels_pct,-0.000126748
198,21,total_lmp_da,-0.00020928678
198,22,system_energy_price_rt,0.00015192114
198,23,total_lmp_rt,0.00020272128
198,24,da_as_mcp_synchronized_reserve,3.1877935e-05
198,25,da_as_mcp_primary_reserve,7.416702e-05
198,26,marginal_loss_price_rt,6.391492e-06
198,27,gen_fuel_gas_pct,0.00022427474
198,28,marginal_loss_price_da,4.2423024e-05
198,29,gen_fuel_wind_pct,-0.00019937186
198,30,metered_load_mw,-3.5482775e-05
198,31,gross_inadv_interchange_mw,-3.9973387e-05
198,32,gen_fuel_nuclear_pct,-6.930581e-05
198,33,congestion_price_da,0.00011357596
198,34,congestion_price_rt,-4.1656844e-05
198,35,forecast_load_mw_latest_available,0.00010054888
198,36,prelim_load_avg_hourly,-0.00013754089
198,37,gross_actual_interchange_mw,-5.0750277e-05
198,38,total_losses,7.180143e-05
198,39,gen_fuel_oil_mw,1.7405338e-05
198,40,da_as_ss_mw_primary_reserve,7.4311625e-05
198,41,da_as_nsr_mw_primary_reserve,-6.351736e-05
198,42,gen_fuel_coal_pct,7.171264e-05
198,43,gen_fuel_other_renewables_pct,-0.00010230105
198,44,solar_generation_mw,-3.242641e-05
198,45,gen_fuel_hydro_mw,0.00011823143
198,46,net_inadv_interchange_mw,0.006953973
198,47,gen_fuel_solar_mw,-0.00019926851
199,1,net_sched_interchange_mw,0.37906882
199,2,gen_fuel_coal_mw,-4.456972e-05
199,3,da_as_total_mw_thirty_minutes_reserve,0.0003504855
199,4,gross_sched_interchange_mw,-2.9000876e-06
199,5,gen_fuel_nuclear_mw,0.00031899495
199,6,da_as_as_req_mw_primary_reserve,2.1197113e-05
199,7,da_as_as_req_mw_synchronized_reserve,-0.00014449215
199,8,da_as_total_mw_primary_reserve,3.5292887e-05
199,9,da_as_total_mw_synchronized_reserve,1.0190684e-05
199,10,gen_fuel_other_renewables_mw,-5.5985307e-05
199,11,gen_fuel_multiple_fuels_mw,-5.4994438e-05
199,12,system_energy_price_da,-0.000119808625
199,13,gen_fuel_storage_mw,-0.00022838452
199,14,forecast_load_mw_day_ahead,-5.9999926e-05
199,15,gen_fuel_gas_mw,5.9620586e-05
199,16,total_gen,0.0003148787
199,17,gen_fuel_wind_mw,-0.00035375464
199,18,wind_generation_mw,-8.4789295e-05
199,19,da_as_as_req_mw_thirty_minutes_reserve,-2.5099049e-05
199,20,gen_fuel_multiple_fuels_pct,-3.0358642e-05
199,21,total_lmp_da,-0.00033680556
199,22,system_energy_price_rt,2.7464845e-05
199,23,total_lmp_rt,0.0001417324
199,24,da_as_mcp_synchronized_reserve,0.0003770141
199,25,da_as_mcp_primary_reserve,4.0091916e-05
199,26,marginal_loss_price_rt,-4.034926e-05
199,27,gen_fuel_gas_pct,0.00022824077
199,28,marginal_loss_price_da,2.0803927e-05
199,29,gen_fuel_wind_pct,1.9739564e-05
199,30,metered_load_mw,-0.00013019098
199,31,gross_inadv_interchange_mw,-0.00013315183
199,32,gen_fuel_nuclear_pct,0.0003900797
199,33,congestion_price_da,-7.99854e-05
199,34,congestion_price_rt,0.00011910159
199,35,forecast_load_mw_latest_available,-7.40674e-05
199,36,prelim_load_avg_hourly,-0.00013370739
199,37,gross_actual_interchange_mw,-1.858356e-05
199,38,total_losses,-0.00015917444
199,39,gen_fuel_oil_mw,-3.918596e-05
199,40,da_as_ss_mw_primary_reserve,-0.00020424431
199,41,da_as_nsr_mw_primary_reserve,-4.501271e-06
199,42,gen_fuel_coal_pct,5.259789e-05
199,43,gen_fuel_other_renewables_pct,-1.0264375e-05
199,44,solar_generation_mw,0.00016473887
199,45,gen_fuel_hydro_mw,0.0001652716
199,46,net_inadv_interchange_mw,0.007151942
199,47,gen_fuel_solar_mw,-4.0652834e-05
200,1,net_sched_interchange_mw,0.37646943
200,2,gen_fuel_coal_mw,0.00017097636
200,3,da_as_total_mw_thirty_minutes_reserve,-5.1314637e-06
200,4,gross_sched_interchange_mw,-5.5706412e-05
200,5,gen_fuel_nuclear_mw,-2.841714e-05
200,6,da_as_as_req_mw_primary_reserve,3.5660283e-05
200,7,da_as_as_req_mw_synchronized_reserve,6.2797146e-05
200,8,da_as_total_mw_primary_reserve,8.099785e-05
200,9,da_as_total_mw_synchronized_reserve,-0.00024318715
200,10,gen_fuel_other_renewables_mw,7.0305e-05
200,11,gen_fuel_multiple_fuels_mw,5.8114365e-05
200,12,system_energy_price_da,-6.824927e-05
200,13,gen_fuel_storage_mw,-0.00031804046
200,14,forecast_load_mw_day_ahead,7.179763e-05
200,15,gen_fuel_gas_mw,0.00015318548
200,16,total_gen,4.2286545e-05
200,17,gen_fuel_wind_mw,-0.00010085739
200,18,wind_generation_mw,0.00027374522
200,19,da_as_as_req_mw_thirty_minutes_reserve,3.211896e-05
200,20,gen_fuel_multiple_fuels_pct,0.00019696607
200,21,total_lmp_da,-0.00027330633
200,22,system_energy_price_rt,-0.00015853951
200,23,total_lmp_rt,0.00023308145
200,24,da_as_mcp_synchronized_reserve,4.864909e-06
200,25,da_as_mcp_primary_reserve,0.00023952783
200,26,marginal_loss_price_rt,-1.8336701e-05
200,27,gen_fuel_gas_pct,-0.00017878914
200,28,marginal_loss_price_da,-0.00013738548
200,29,gen_fuel_wind_pct,7.5468633e-06
200,30,metered_load_mw,0.00013729866
200,31,gross_inadv_interchange_mw,0.00031027704
200,32,gen_fuel_nuclear_pct,-3.246432e-05
200,33,congestion_price_da,0.00014326142
200,34,congestion_price_rt,0.00017355787
200,35,forecast_load_mw_latest_available,-1.7718043e-05
200,36,prelim_load_avg_hourly,2.0286934e-05
200,37,gross_actual_interchange_mw,3.0713345e-06
200,38,total_losses,-5.9486367e-05
200,39,gen_fuel_oil_mw,8.1524864e-05
200,40,da_as_ss_mw_primary_reserve,8.273291e-05
200,41,da_as_nsr_mw_primary_reserve,0.00012957689
200,42,gen_fuel_coal_pct,6.244319e-05
200,43,gen_fuel_other_renewables_pct,0.00025598457
200,44,solar_generation_mw,-0.00020694704
200,45,gen_fuel_hydro_mw,0.00017896248
200,46,net_inadv_interchange_mw,0.007031233
200,47,gen_fuel_solar_mw,-0.00011661515
