epoch,feature_index,feature,gate
1,1,gross_inadv_interchange_mw,1.0119425
1,2,total_losses,1.0774493
1,3,total_pjm_loc_credit,0.95383894
1,4,da_as_nsr_mw_primary_reserve,0.97882146
1,5,marginal_loss_price_rt,0.98756254
1,6,total_pjm_rmccp_cr,0.96664786
1,7,gross_actual_interchange_mw,0.9610647
1,8,gross_sched_interchange_mw,0.9731126
1,9,total_lmp_rt,1.0022719
1,10,total_lmp_da,1.0370705
1,11,system_energy_price_da,1.0527736
1,12,system_energy_price_rt,0.9990334
1,13,marginal_loss_price_da,1.0249786
1,14,total_pjm_reg_purchases,0.957523
1,15,da_as_mcp_synchronized_reserve,0.9733293
1,16,da_as_mcp_primary_reserve,0.95965165
1,17,da_as_as_req_mw_synchronized_reserve,1.0268192
1,18,da_as_as_req_mw_thirty_minutes_reserve,1.0016143
1,19,da_as_as_mw_primary_reserve,0.9790506
1,20,da_as_as_req_mw_primary_reserve,1.01989
1,21,da_as_total_mw_primary_reserve,0.9473199
1,22,congestion_price_rt,0.98166806
1,23,congestion_price_da,0.9589668
1,24,rmccp,0.95576286
1,25,net_inadv_interchange_mw,0.97574115
1,26,da_as_as_mw_thirty_minutes_reserve,1.0433244
1,27,da_as_total_mw_thirty_minutes_reserve,1.0347347
1,28,total_pjm_self_sched_reg,0.97682554
1,29,net_sched_interchange_mw,0.96876305
1,30,net_actual_interchange_mw,0.97381824
1,31,total_pjm_assigned_reg,1.0018117
1,32,da_as_ss_mw_primary_reserve,0.9493323
1,33,da_as_ss_mw_synchronized_reserve,0.9834564
1,34,da_as_ss_mw_thirty_minutes_reserve,0.97841555
1,35,da_as_as_mw_synchronized_reserve,0.99482524
1,36,total_pjm_rmpcp_cr,0.98241097
1,37,rmpcp,0.9741642
2,1,gross_inadv_interchange_mw,0.97903043
2,2,total_losses,1.0759122
2,3,total_pjm_loc_credit,0.92378414
2,4,da_as_nsr_mw_primary_reserve,0.95653695
2,5,marginal_loss_price_rt,0.97647893
2,6,total_pjm_rmccp_cr,0.9426197
2,7,gross_actual_interchange_mw,0.9467435
2,8,gross_sched_interchange_mw,0.9700011
2,9,total_lmp_rt,0.9787185
2,10,total_lmp_da,1.0422968
2,11,system_energy_price_da,1.0703443
2,12,system_energy_price_rt,0.98010176
2,13,marginal_loss_price_da,1.0091513
2,14,total_pjm_reg_purchases,0.9449824
2,15,da_as_mcp_synchronized_reserve,0.97619057
2,16,da_as_mcp_primary_reserve,0.94257456
2,17,da_as_as_req_mw_synchronized_reserve,1.0092742
2,18,da_as_as_req_mw_thirty_minutes_reserve,0.98338026
2,19,da_as_as_mw_primary_reserve,0.9459713
2,20,da_as_as_req_mw_primary_reserve,0.9932001
2,21,da_as_total_mw_primary_reserve,0.90747154
2,22,congestion_price_rt,0.9569452
2,23,congestion_price_da,0.9301381
2,24,rmccp,0.9415098
2,25,net_inadv_interchange_mw,0.9529151
2,26,da_as_as_mw_thirty_minutes_reserve,1.0587804
2,27,da_as_total_mw_thirty_minutes_reserve,1.0460634
2,28,total_pjm_self_sched_reg,0.95294267
2,29,net_sched_interchange_mw,0.9797271
2,30,net_actual_interchange_mw,0.9716366
2,31,total_pjm_assigned_reg,0.99100804
2,32,da_as_ss_mw_primary_reserve,0.9078709
2,33,da_as_ss_mw_synchronized_reserve,0.9447131
2,34,da_as_ss_mw_thirty_minutes_reserve,0.94593126
2,35,da_as_as_mw_synchronized_reserve,0.95684093
2,36,total_pjm_rmpcp_cr,0.94987094
2,37,rmpcp,0.9552849
3,1,gross_inadv_interchange_mw,0.96085465
3,2,total_losses,1.063696
3,3,total_pjm_loc_credit,0.8825864
3,4,da_as_nsr_mw_primary_reserve,0.9381147
3,5,marginal_loss_price_rt,0.9668746
3,6,total_pjm_rmccp_cr,0.9212944
3,7,gross_actual_interchange_mw,0.9408098
3,8,gross_sched_interchange_mw,0.9682165
3,9,total_lmp_rt,0.9479196
3,10,total_lmp_da,1.0485572
3,11,system_energy_price_da,1.0826689
3,12,system_energy_price_rt,0.96002096
3,13,marginal_loss_price_da,0.99821085
3,14,total_pjm_reg_purchases,0.93444467
3,15,da_as_mcp_synchronized_reserve,0.9713543
3,16,da_as_mcp_primary_reserve,0.9181553
3,17,da_as_as_req_mw_synchronized_reserve,0.9963071
3,18,da_as_as_req_mw_thirty_minutes_reserve,0.9676044
3,19,da_as_as_mw_primary_reserve,0.9244668
3,20,da_as_as_req_mw_primary_reserve,0.972728
3,21,da_as_total_mw_primary_reserve,0.864855
3,22,congestion_price_rt,0.9369031
3,23,congestion_price_da,0.91286194
3,24,rmccp,0.92152274
3,25,net_inadv_interchange_mw,0.92958593
3,26,da_as_as_mw_thirty_minutes_reserve,1.0462742
3,27,da_as_total_mw_thirty_minutes_reserve,1.029645
3,28,total_pjm_self_sched_reg,0.9218265
3,29,net_sched_interchange_mw,0.97412676
3,30,net_actual_interchange_mw,0.9649654
3,31,total_pjm_assigned_reg,0.9744646
3,32,da_as_ss_mw_primary_reserve,0.8733625
3,33,da_as_ss_mw_synchronized_reserve,0.9128811
3,34,da_as_ss_mw_thirty_minutes_reserve,0.91760737
3,35,da_as_as_mw_synchronized_reserve,0.92874104
3,36,total_pjm_rmpcp_cr,0.91444147
3,37,rmpcp,0.93915623
4,1,gross_inadv_interchange_mw,0.9467073
4,2,total_losses,1.0631728
4,3,total_pjm_loc_credit,0.857247
4,4,da_as_nsr_mw_primary_reserve,0.92059207
4,5,marginal_loss_price_rt,0.95204806
4,6,total_pjm_rmccp_cr,0.91047794
4,7,gross_actual_interchange_mw,0.92804426
4,8,gross_sched_interchange_mw,0.95825076
4,9,total_lmp_rt,0.9256709
4,10,total_lmp_da,1.0505222
4,11,system_energy_price_da,1.0893997
4,12,system_energy_price_rt,0.937968
4,13,marginal_loss_price_da,0.98802775
4,14,total_pjm_reg_purchases,0.91744256
4,15,da_as_mcp_synchronized_reserve,0.97030395
4,16,da_as_mcp_primary_reserve,0.9014014
4,17,da_as_as_req_mw_synchronized_reserve,0.98388195
4,18,da_as_as_req_mw_thirty_minutes_reserve,0.9523325
4,19,da_as_as_mw_primary_reserve,0.90782285
4,20,da_as_as_req_mw_primary_reserve,0.95390457
4,21,da_as_total_mw_primary_reserve,0.82992196
4,22,congestion_price_rt,0.9194836
4,23,congestion_price_da,0.8934063
4,24,rmccp,0.89901924
4,25,net_inadv_interchange_mw,0.9089281
4,26,da_as_as_mw_thirty_minutes_reserve,1.0368949
4,27,da_as_total_mw_thirty_minutes_reserve,1.0125746
4,28,total_pjm_self_sched_reg,0.89048684
4,29,net_sched_interchange_mw,0.9657044
4,30,net_actual_interchange_mw,0.95195687
4,31,total_pjm_assigned_reg,0.96023345
4,32,da_as_ss_mw_primary_reserve,0.84240264
4,33,da_as_ss_mw_synchronized_reserve,0.88983136
4,34,da_as_ss_mw_thirty_minutes_reserve,0.8964527
4,35,da_as_as_mw_synchronized_reserve,0.8971511
4,36,total_pjm_rmpcp_cr,0.87891215
4,37,rmpcp,0.91755843
5,1,gross_inadv_interchange_mw,0.9310915
5,2,total_losses,1.0561123
5,3,total_pjm_loc_credit,0.8268881
5,4,da_as_nsr_mw_primary_reserve,0.90368074
5,5,marginal_loss_price_rt,0.93992597
5,6,total_pjm_rmccp_cr,0.89439976
5,7,gross_actual_interchange_mw,0.92213064
5,8,gross_sched_interchange_mw,0.9519262
5,9,total_lmp_rt,0.90212065
5,10,total_lmp_da,1.049844
5,11,system_energy_price_da,1.0914043
5,12,system_energy_price_rt,0.9255896
5,13,marginal_loss_price_da,0.98124033
5,14,total_pjm_reg_purchases,0.90336806
5,15,da_as_mcp_synchronized_reserve,0.9636946
5,16,da_as_mcp_primary_reserve,0.8821281
5,17,da_as_as_req_mw_synchronized_reserve,0.97466505
5,18,da_as_as_req_mw_thirty_minutes_reserve,0.9363844
5,19,da_as_as_mw_primary_reserve,0.88490015
5,20,da_as_as_req_mw_primary_reserve,0.9313399
5,21,da_as_total_mw_primary_reserve,0.79413384
5,22,congestion_price_rt,0.8981563
5,23,congestion_price_da,0.87961537
5,24,rmccp,0.87556565
5,25,net_inadv_interchange_mw,0.8842279
5,26,da_as_as_mw_thirty_minutes_reserve,1.0276542
5,27,da_as_total_mw_thirty_minutes_reserve,0.99815357
5,28,total_pjm_self_sched_reg,0.86277705
5,29,net_sched_interchange_mw,0.9583922
5,30,net_actual_interchange_mw,0.9439833
5,31,total_pjm_assigned_reg,0.9471713
5,32,da_as_ss_mw_primary_reserve,0.8078481
5,33,da_as_ss_mw_synchronized_reserve,0.85667413
5,34,da_as_ss_mw_thirty_minutes_reserve,0.87482584
5,35,da_as_as_mw_synchronized_reserve,0.8717297
5,36,total_pjm_rmpcp_cr,0.8490153
5,37,rmpcp,0.8922599
6,1,gross_inadv_interchange_mw,0.9192155
6,2,total_losses,1.0495477
6,3,total_pjm_loc_credit,0.80672425
6,4,da_as_nsr_mw_primary_reserve,0.88466203
6,5,marginal_loss_price_rt,0.9173184
6,6,total_pjm_rmccp_cr,0.8764879
6,7,gross_actual_interchange_mw,0.90869164
6,8,gross_sched_interchange_mw,0.9371077
6,9,total_lmp_rt,0.88451433
6,10,total_lmp_da,1.0458297
6,11,system_energy_price_da,1.0908324
6,12,system_energy_price_rt,0.901635
6,13,marginal_loss_price_da,0.9779566
6,14,total_pjm_reg_purchases,0.8910485
6,15,da_as_mcp_synchronized_reserve,0.96031934
6,16,da_as_mcp_primary_reserve,0.869583
6,17,da_as_as_req_mw_synchronized_reserve,0.96460384
6,18,da_as_as_req_mw_thirty_minutes_reserve,0.919571
6,19,da_as_as_mw_primary_reserve,0.86371857
6,20,da_as_as_req_mw_primary_reserve,0.9118855
6,21,da_as_total_mw_primary_reserve,0.7612021
6,22,congestion_price_rt,0.88457245
6,23,congestion_price_da,0.8700866
6,24,rmccp,0.864152
6,25,net_inadv_interchange_mw,0.8601354
6,26,da_as_as_mw_thirty_minutes_reserve,1.0225009
6,27,da_as_total_mw_thirty_minutes_reserve,0.989054
6,28,total_pjm_self_sched_reg,0.83376634
6,29,net_sched_interchange_mw,0.94635314
6,30,net_actual_interchange_mw,0.9339792
6,31,total_pjm_assigned_reg,0.93583393
6,32,da_as_ss_mw_primary_reserve,0.77673465
6,33,da_as_ss_mw_synchronized_reserve,0.82909626
6,34,da_as_ss_mw_thirty_minutes_reserve,0.8521138
6,35,da_as_as_mw_synchronized_reserve,0.8495872
6,36,total_pjm_rmpcp_cr,0.82251745
6,37,rmpcp,0.8689372
7,1,gross_inadv_interchange_mw,0.9033922
7,2,total_losses,1.0453494
7,3,total_pjm_loc_credit,0.7822273
7,4,da_as_nsr_mw_primary_reserve,0.86582536
7,5,marginal_loss_price_rt,0.9032719
7,6,total_pjm_rmccp_cr,0.86510676
7,7,gross_actual_interchange_mw,0.89710796
7,8,gross_sched_interchange_mw,0.9303561
7,9,total_lmp_rt,0.8585738
7,10,total_lmp_da,1.0452483
7,11,system_energy_price_da,1.0907872
7,12,system_energy_price_rt,0.89079833
7,13,marginal_loss_price_da,0.97285354
7,14,total_pjm_reg_purchases,0.8779016
7,15,da_as_mcp_synchronized_reserve,0.95053875
7,16,da_as_mcp_primary_reserve,0.8528521
7,17,da_as_as_req_mw_synchronized_reserve,0.9538127
7,18,da_as_as_req_mw_thirty_minutes_reserve,0.90036833
7,19,da_as_as_mw_primary_reserve,0.848443
7,20,da_as_as_req_mw_primary_reserve,0.89385855
7,21,da_as_total_mw_primary_reserve,0.72939545
7,22,congestion_price_rt,0.8665104
7,23,congestion_price_da,0.85357326
7,24,rmccp,0.8410571
7,25,net_inadv_interchange_mw,0.83493125
7,26,da_as_as_mw_thirty_minutes_reserve,1.0150548
7,27,da_as_total_mw_thirty_minutes_reserve,0.9767736
7,28,total_pjm_self_sched_reg,0.8096995
7,29,net_sched_interchange_mw,0.9343724
7,30,net_actual_interchange_mw,0.92134774
7,31,total_pjm_assigned_reg,0.9258157
7,32,da_as_ss_mw_primary_reserve,0.7482909
7,33,da_as_ss_mw_synchronized_reserve,0.803939
7,34,da_as_ss_mw_thirty_minutes_reserve,0.8274476
7,35,da_as_as_mw_synchronized_reserve,0.82781106
7,36,total_pjm_rmpcp_cr,0.7975254
7,37,rmpcp,0.83891106
8,1,gross_inadv_interchange_mw,0.8915711
8,2,total_losses,1.0421913
8,3,total_pjm_loc_credit,0.7586267
8,4,da_as_nsr_mw_primary_reserve,0.84978324
8,5,marginal_loss_price_rt,0.89429116
8,6,total_pjm_rmccp_cr,0.8430833
8,7,gross_actual_interchange_mw,0.8809721
8,8,gross_sched_interchange_mw,0.9209926
8,9,total_lmp_rt,0.8399277
8,10,total_lmp_da,1.0404977
8,11,system_energy_price_da,1.0861381
8,12,system_energy_price_rt,0.8783224
8,13,marginal_loss_price_da,0.96541667
8,14,total_pjm_reg_purchases,0.8667754
8,15,da_as_mcp_synchronized_reserve,0.94691384
8,16,da_as_mcp_primary_reserve,0.8347854
8,17,da_as_as_req_mw_synchronized_reserve,0.9412356
8,18,da_as_as_req_mw_thirty_minutes_reserve,0.8800256
8,19,da_as_as_mw_primary_reserve,0.8319255
8,20,da_as_as_req_mw_primary_reserve,0.8737714
8,21,da_as_total_mw_primary_reserve,0.700779
8,22,congestion_price_rt,0.85459965
8,23,congestion_price_da,0.84079856
8,24,rmccp,0.8166587
8,25,net_inadv_interchange_mw,0.8126956
8,26,da_as_as_mw_thirty_minutes_reserve,1.0079676
8,27,da_as_total_mw_thirty_minutes_reserve,0.9659086
8,28,total_pjm_self_sched_reg,0.7946895
8,29,net_sched_interchange_mw,0.9207087
8,30,net_actual_interchange_mw,0.90913004
8,31,total_pjm_assigned_reg,0.9140289
8,32,da_as_ss_mw_primary_reserve,0.725633
8,33,da_as_ss_mw_synchronized_reserve,0.7831121
8,34,da_as_ss_mw_thirty_minutes_reserve,0.8163232
8,35,da_as_as_mw_synchronized_reserve,0.8049767
8,36,total_pjm_rmpcp_cr,0.7718063
8,37,rmpcp,0.80753285
9,1,gross_inadv_interchange_mw,0.8772437
9,2,total_losses,1.0372192
9,3,total_pjm_loc_credit,0.7301732
9,4,da_as_nsr_mw_primary_reserve,0.8310497
9,5,marginal_loss_price_rt,0.8819044
9,6,total_pjm_rmccp_cr,0.83044654
9,7,gross_actual_interchange_mw,0.86192137
9,8,gross_sched_interchange_mw,0.9028588
9,9,total_lmp_rt,0.80953264
9,10,total_lmp_da,1.0383413
9,11,system_energy_price_da,1.084821
9,12,system_energy_price_rt,0.8668587
9,13,marginal_loss_price_da,0.9663105
9,14,total_pjm_reg_purchases,0.8533364
9,15,da_as_mcp_synchronized_reserve,0.940137
9,16,da_as_mcp_primary_reserve,0.81960726
9,17,da_as_as_req_mw_synchronized_reserve,0.92732084
9,18,da_as_as_req_mw_thirty_minutes_reserve,0.86205775
9,19,da_as_as_mw_primary_reserve,0.8207038
9,20,da_as_as_req_mw_primary_reserve,0.85576946
9,21,da_as_total_mw_primary_reserve,0.6810818
9,22,congestion_price_rt,0.83978605
9,23,congestion_price_da,0.8268019
9,24,rmccp,0.7973894
9,25,net_inadv_interchange_mw,0.7863304
9,26,da_as_as_mw_thirty_minutes_reserve,1.0004983
9,27,da_as_total_mw_thirty_minutes_reserve,0.95587826
9,28,total_pjm_self_sched_reg,0.7704933
9,29,net_sched_interchange_mw,0.9080418
9,30,net_actual_interchange_mw,0.89931554
9,31,total_pjm_assigned_reg,0.9038243
9,32,da_as_ss_mw_primary_reserve,0.6967823
9,33,da_as_ss_mw_synchronized_reserve,0.7614157
9,34,da_as_ss_mw_thirty_minutes_reserve,0.7999763
9,35,da_as_as_mw_synchronized_reserve,0.7846277
9,36,total_pjm_rmpcp_cr,0.74659175
9,37,rmpcp,0.7723964
10,1,gross_inadv_interchange_mw,0.8557739
10,2,total_losses,1.0316758
10,3,total_pjm_loc_credit,0.7040975
10,4,da_as_nsr_mw_primary_reserve,0.8170157
10,5,marginal_loss_price_rt,0.8698701
10,6,total_pjm_rmccp_cr,0.81169844
10,7,gross_actual_interchange_mw,0.8451235
10,8,gross_sched_interchange_mw,0.8922939
10,9,total_lmp_rt,0.79878145
10,10,total_lmp_da,1.0332423
10,11,system_energy_price_da,1.0797
10,12,system_energy_price_rt,0.8525068
10,13,marginal_loss_price_da,0.9613236
10,14,total_pjm_reg_purchases,0.841857
10,15,da_as_mcp_synchronized_reserve,0.9366678
10,16,da_as_mcp_primary_reserve,0.80124176
10,17,da_as_as_req_mw_synchronized_reserve,0.9158005
10,18,da_as_as_req_mw_thirty_minutes_reserve,0.84741795
10,19,da_as_as_mw_primary_reserve,0.7999093
10,20,da_as_as_req_mw_primary_reserve,0.83610934
10,21,da_as_total_mw_primary_reserve,0.6547146
10,22,congestion_price_rt,0.82309777
10,23,congestion_price_da,0.8142123
10,24,rmccp,0.77454585
10,25,net_inadv_interchange_mw,0.76760906
10,26,da_as_as_mw_thirty_minutes_reserve,0.9941187
10,27,da_as_total_mw_thirty_minutes_reserve,0.944247
10,28,total_pjm_self_sched_reg,0.75504583
10,29,net_sched_interchange_mw,0.89327127
10,30,net_actual_interchange_mw,0.8866848
10,31,total_pjm_assigned_reg,0.89371395
10,32,da_as_ss_mw_primary_reserve,0.6705131
10,33,da_as_ss_mw_synchronized_reserve,0.73864424
10,34,da_as_ss_mw_thirty_minutes_reserve,0.78208786
10,35,da_as_as_mw_synchronized_reserve,0.76162565
10,36,total_pjm_rmpcp_cr,0.72861123
10,37,rmpcp,0.7422188
11,1,gross_inadv_interchange_mw,0.8422433
11,2,total_losses,1.0302546
11,3,total_pjm_loc_credit,0.68481594
11,4,da_as_nsr_mw_primary_reserve,0.79837275
11,5,marginal_loss_price_rt,0.8588923
11,6,total_pjm_rmccp_cr,0.79359823
11,7,gross_actual_interchange_mw,0.82711434
11,8,gross_sched_interchange_mw,0.8796712
11,9,total_lmp_rt,0.78014964
11,10,total_lmp_da,1.0286528
11,11,system_energy_price_da,1.0750674
11,12,system_energy_price_rt,0.8395669
11,13,marginal_loss_price_da,0.95691735
11,14,total_pjm_reg_purchases,0.8315938
11,15,da_as_mcp_synchronized_reserve,0.9318716
11,16,da_as_mcp_primary_reserve,0.7831394
11,17,da_as_as_req_mw_synchronized_reserve,0.90170234
11,18,da_as_as_req_mw_thirty_minutes_reserve,0.8254206
11,19,da_as_as_mw_primary_reserve,0.7853369
11,20,da_as_as_req_mw_primary_reserve,0.81403655
11,21,da_as_total_mw_primary_reserve,0.63177675
11,22,congestion_price_rt,0.8037065
11,23,congestion_price_da,0.80055684
11,24,rmccp,0.7511794
11,25,net_inadv_interchange_mw,0.74740946
11,26,da_as_as_mw_thirty_minutes_reserve,0.9884996
11,27,da_as_total_mw_thirty_minutes_reserve,0.9328027
11,28,total_pjm_self_sched_reg,0.7371749
11,29,net_sched_interchange_mw,0.8764604
11,30,net_actual_interchange_mw,0.8720644
11,31,total_pjm_assigned_reg,0.88094836
11,32,da_as_ss_mw_primary_reserve,0.64229876
11,33,da_as_ss_mw_synchronized_reserve,0.71488583
11,34,da_as_ss_mw_thirty_minutes_reserve,0.7614078
11,35,da_as_as_mw_synchronized_reserve,0.743757
11,36,total_pjm_rmpcp_cr,0.7051338
11,37,rmpcp,0.71792656
12,1,gross_inadv_interchange_mw,0.82295686
12,2,total_losses,1.0233457
12,3,total_pjm_loc_credit,0.65881765
12,4,da_as_nsr_mw_primary_reserve,0.7861458
12,5,marginal_loss_price_rt,0.847935
12,6,total_pjm_rmccp_cr,0.77548814
12,7,gross_actual_interchange_mw,0.8104736
12,8,gross_sched_interchange_mw,0.86647147
12,9,total_lmp_rt,0.76758343
12,10,total_lmp_da,1.0235609
12,11,system_energy_price_da,1.0712328
12,12,system_energy_price_rt,0.82624704
12,13,marginal_loss_price_da,0.9503685
12,14,total_pjm_reg_purchases,0.8197968
12,15,da_as_mcp_synchronized_reserve,0.9282334
12,16,da_as_mcp_primary_reserve,0.7646756
12,17,da_as_as_req_mw_synchronized_reserve,0.89051425
12,18,da_as_as_req_mw_thirty_minutes_reserve,0.80502516
12,19,da_as_as_mw_primary_reserve,0.7694254
12,20,da_as_as_req_mw_primary_reserve,0.7943701
12,21,da_as_total_mw_primary_reserve,0.6094052
12,22,congestion_price_rt,0.78554523
12,23,congestion_price_da,0.78584194
12,24,rmccp,0.72840226
12,25,net_inadv_interchange_mw,0.73076165
12,26,da_as_as_mw_thirty_minutes_reserve,0.9790974
12,27,da_as_total_mw_thirty_minutes_reserve,0.91892654
12,28,total_pjm_self_sched_reg,0.7169756
12,29,net_sched_interchange_mw,0.86508816
12,30,net_actual_interchange_mw,0.86070526
12,31,total_pjm_assigned_reg,0.87380546
12,32,da_as_ss_mw_primary_reserve,0.61743575
12,33,da_as_ss_mw_synchronized_reserve,0.6956714
12,34,da_as_ss_mw_thirty_minutes_reserve,0.74683255
12,35,da_as_as_mw_synchronized_reserve,0.72173005
12,36,total_pjm_rmpcp_cr,0.68636054
12,37,rmpcp,0.68483144
13,1,gross_inadv_interchange_mw,0.8082404
13,2,total_losses,1.0200044
13,3,total_pjm_loc_credit,0.6405732
13,4,da_as_nsr_mw_primary_reserve,0.76834667
13,5,marginal_loss_price_rt,0.8247831
13,6,total_pjm_rmccp_cr,0.7609979
13,7,gross_actual_interchange_mw,0.7932314
13,8,gross_sched_interchange_mw,0.8481071
13,9,total_lmp_rt,0.7391145
13,10,total_lmp_da,1.0194582
13,11,system_energy_price_da,1.0673536
13,12,system_energy_price_rt,0.80715096
13,13,marginal_loss_price_da,0.946492
13,14,total_pjm_reg_purchases,0.8080801
13,15,da_as_mcp_synchronized_reserve,0.9204142
13,16,da_as_mcp_primary_reserve,0.7480331
13,17,da_as_as_req_mw_synchronized_reserve,0.8784022
13,18,da_as_as_req_mw_thirty_minutes_reserve,0.7885099
13,19,da_as_as_mw_primary_reserve,0.7466394
13,20,da_as_as_req_mw_primary_reserve,0.77502006
13,21,da_as_total_mw_primary_reserve,0.58809215
13,22,congestion_price_rt,0.7674757
13,23,congestion_price_da,0.770364
13,24,rmccp,0.7121617
13,25,net_inadv_interchange_mw,0.71326596
13,26,da_as_as_mw_thirty_minutes_reserve,0.97126037
13,27,da_as_total_mw_thirty_minutes_reserve,0.9070064
13,28,total_pjm_self_sched_reg,0.6932948
13,29,net_sched_interchange_mw,0.8534386
13,30,net_actual_interchange_mw,0.849879
13,31,total_pjm_assigned_reg,0.86278933
13,32,da_as_ss_mw_primary_reserve,0.59229404
13,33,da_as_ss_mw_synchronized_reserve,0.6791073
13,34,da_as_ss_mw_thirty_minutes_reserve,0.73080206
13,35,da_as_as_mw_synchronized_reserve,0.70162874
13,36,total_pjm_rmpcp_cr,0.6694116
13,37,rmpcp,0.6601445
14,1,gross_inadv_interchange_mw,0.79407877
14,2,total_losses,1.0184792
14,3,total_pjm_loc_credit,0.6190135
14,4,da_as_nsr_mw_primary_reserve,0.751687
14,5,marginal_loss_price_rt,0.8083903
14,6,total_pjm_rmccp_cr,0.73360956
14,7,gross_actual_interchange_mw,0.7748956
14,8,gross_sched_interchange_mw,0.8305797
14,9,total_lmp_rt,0.72543573
14,10,total_lmp_da,1.0133935
14,11,system_energy_price_da,1.0614198
14,12,system_energy_price_rt,0.7860352
14,13,marginal_loss_price_da,0.9371781
14,14,total_pjm_reg_purchases,0.79953223
14,15,da_as_mcp_synchronized_reserve,0.91486794
14,16,da_as_mcp_primary_reserve,0.7315973
14,17,da_as_as_req_mw_synchronized_reserve,0.86812377
14,18,da_as_as_req_mw_thirty_minutes_reserve,0.7698688
14,19,da_as_as_mw_primary_reserve,0.73284954
14,20,da_as_as_req_mw_primary_reserve,0.7547383
14,21,da_as_total_mw_primary_reserve,0.5692078
14,22,congestion_price_rt,0.7478829
14,23,congestion_price_da,0.7492356
14,24,rmccp,0.6838335
14,25,net_inadv_interchange_mw,0.694644
14,26,da_as_as_mw_thirty_minutes_reserve,0.9655849
14,27,da_as_total_mw_thirty_minutes_reserve,0.89519125
14,28,total_pjm_self_sched_reg,0.67620033
14,29,net_sched_interchange_mw,0.84185475
14,30,net_actual_interchange_mw,0.8396489
14,31,total_pjm_assigned_reg,0.85357594
14,32,da_as_ss_mw_primary_reserve,0.5671262
14,33,da_as_ss_mw_synchronized_reserve,0.65375733
14,34,da_as_ss_mw_thirty_minutes_reserve,0.7158076
14,35,da_as_as_mw_synchronized_reserve,0.6802212
14,36,total_pjm_rmpcp_cr,0.6510081
14,37,rmpcp,0.640767
15,1,gross_inadv_interchange_mw,0.77598286
15,2,total_losses,1.0120605
15,3,total_pjm_loc_credit,0.59762603
15,4,da_as_nsr_mw_primary_reserve,0.7362805
15,5,marginal_loss_price_rt,0.79068017
15,6,total_pjm_rmccp_cr,0.70863914
15,7,gross_actual_interchange_mw,0.7620725
15,8,gross_sched_interchange_mw,0.82030946
15,9,total_lmp_rt,0.70758414
15,10,total_lmp_da,1.0074412
15,11,system_energy_price_da,1.0569525
15,12,system_energy_price_rt,0.7730964
15,13,marginal_loss_price_da,0.92971766
15,14,total_pjm_reg_purchases,0.788357
15,15,da_as_mcp_synchronized_reserve,0.910247
15,16,da_as_mcp_primary_reserve,0.7111172
15,17,da_as_as_req_mw_synchronized_reserve,0.85587084
15,18,da_as_as_req_mw_thirty_minutes_reserve,0.7523628
15,19,da_as_as_mw_primary_reserve,0.71365225
15,20,da_as_as_req_mw_primary_reserve,0.7369317
15,21,da_as_total_mw_primary_reserve,0.54826975
15,22,congestion_price_rt,0.72605014
15,23,congestion_price_da,0.74122554
15,24,rmccp,0.6621136
15,25,net_inadv_interchange_mw,0.6817686
15,26,da_as_as_mw_thirty_minutes_reserve,0.96185875
15,27,da_as_total_mw_thirty_minutes_reserve,0.8865398
15,28,total_pjm_self_sched_reg,0.66229784
15,29,net_sched_interchange_mw,0.82917714
15,30,net_actual_interchange_mw,0.825133
15,31,total_pjm_assigned_reg,0.84030986
15,32,da_as_ss_mw_primary_reserve,0.5500104
15,33,da_as_ss_mw_synchronized_reserve,0.6370365
15,34,da_as_ss_mw_thirty_minutes_reserve,0.704493
15,35,da_as_as_mw_synchronized_reserve,0.66136426
15,36,total_pjm_rmpcp_cr,0.63686615
15,37,rmpcp,0.61549693
16,1,gross_inadv_interchange_mw,0.7634449
16,2,total_losses,1.009538
16,3,total_pjm_loc_credit,0.5767682
16,4,da_as_nsr_mw_primary_reserve,0.7234358
16,5,marginal_loss_price_rt,0.7802749
16,6,total_pjm_rmccp_cr,0.68580276
16,7,gross_actual_interchange_mw,0.75082994
16,8,gross_sched_interchange_mw,0.80780625
16,9,total_lmp_rt,0.6905479
16,10,total_lmp_da,1.0021173
16,11,system_energy_price_da,1.052822
16,12,system_energy_price_rt,0.75654453
16,13,marginal_loss_price_da,0.92100155
16,14,total_pjm_reg_purchases,0.7792451
16,15,da_as_mcp_synchronized_reserve,0.90619653
16,16,da_as_mcp_primary_reserve,0.68904704
16,17,da_as_as_req_mw_synchronized_reserve,0.84621644
16,18,da_as_as_req_mw_thirty_minutes_reserve,0.7326345
16,19,da_as_as_mw_primary_reserve,0.7029698
16,20,da_as_as_req_mw_primary_reserve,0.71787614
16,21,da_as_total_mw_primary_reserve,0.5311315
16,22,congestion_price_rt,0.7123792
16,23,congestion_price_da,0.72584283
16,24,rmccp,0.629569
16,25,net_inadv_interchange_mw,0.66513187
16,26,da_as_as_mw_thirty_minutes_reserve,0.9488884
16,27,da_as_total_mw_thirty_minutes_reserve,0.86665046
16,28,total_pjm_self_sched_reg,0.64372855
16,29,net_sched_interchange_mw,0.8139957
16,30,net_actual_interchange_mw,0.8112976
16,31,total_pjm_assigned_reg,0.83232903
16,32,da_as_ss_mw_primary_reserve,0.5310555
16,33,da_as_ss_mw_synchronized_reserve,0.61976576
16,34,da_as_ss_mw_thirty_minutes_reserve,0.69024324
16,35,da_as_as_mw_synchronized_reserve,0.63837236
16,36,total_pjm_rmpcp_cr,0.6173049
16,37,rmpcp,0.5894544
17,1,gross_inadv_interchange_mw,0.753557
17,2,total_losses,1.0029793
17,3,total_pjm_loc_credit,0.5554497
17,4,da_as_nsr_mw_primary_reserve,0.71039635
17,5,marginal_loss_price_rt,0.7620381
17,6,total_pjm_rmccp_cr,0.65592134
17,7,gross_actual_interchange_mw,0.7360744
17,8,gross_sched_interchange_mw,0.7905565
17,9,total_lmp_rt,0.6743552
17,10,total_lmp_da,0.99474037
17,11,system_energy_price_da,1.0463176
17,12,system_energy_price_rt,0.73984736
17,13,marginal_loss_price_da,0.9118308
17,14,total_pjm_reg_purchases,0.7673755
17,15,da_as_mcp_synchronized_reserve,0.9006554
17,16,da_as_mcp_primary_reserve,0.666221
17,17,da_as_as_req_mw_synchronized_reserve,0.8311392
17,18,da_as_as_req_mw_thirty_minutes_reserve,0.7181134
17,19,da_as_as_mw_primary_reserve,0.6857017
17,20,da_as_as_req_mw_primary_reserve,0.69984704
17,21,da_as_total_mw_primary_reserve,0.5118567
17,22,congestion_price_rt,0.695853
17,23,congestion_price_da,0.7135648
17,24,rmccp,0.60377175
17,25,net_inadv_interchange_mw,0.6516623
17,26,da_as_as_mw_thirty_minutes_reserve,0.940444
17,27,da_as_total_mw_thirty_minutes_reserve,0.8545263
17,28,total_pjm_self_sched_reg,0.63217545
17,29,net_sched_interchange_mw,0.80058944
17,30,net_actual_interchange_mw,0.79985875
17,31,total_pjm_assigned_reg,0.8207507
17,32,da_as_ss_mw_primary_reserve,0.5103972
17,33,da_as_ss_mw_synchronized_reserve,0.5968049
17,34,da_as_ss_mw_thirty_minutes_reserve,0.6773511
17,35,da_as_as_mw_synchronized_reserve,0.62398463
17,36,total_pjm_rmpcp_cr,0.5966771
17,37,rmpcp,0.56850904
18,1,gross_inadv_interchange_mw,0.73579544
18,2,total_losses,0.9975359
18,3,total_pjm_loc_credit,0.5406287
18,4,da_as_nsr_mw_primary_reserve,0.7008035
18,5,marginal_loss_price_rt,0.7348858
18,6,total_pjm_rmccp_cr,0.6290423
18,7,gross_actual_interchange_mw,0.7176559
18,8,gross_sched_interchange_mw,0.77822995
18,9,total_lmp_rt,0.6441106
18,10,total_lmp_da,0.99054533
18,11,system_energy_price_da,1.0436109
18,12,system_energy_price_rt,0.7129384
18,13,marginal_loss_price_da,0.8994763
18,14,total_pjm_reg_purchases,0.75783634
18,15,da_as_mcp_synchronized_reserve,0.8918577
18,16,da_as_mcp_primary_reserve,0.64956945
18,17,da_as_as_req_mw_synchronized_reserve,0.8238274
18,18,da_as_as_req_mw_thirty_minutes_reserve,0.70278686
18,19,da_as_as_mw_primary_reserve,0.6702225
18,20,da_as_as_req_mw_primary_reserve,0.6834507
18,21,da_as_total_mw_primary_reserve,0.4936274
18,22,congestion_price_rt,0.67922217
18,23,congestion_price_da,0.70227057
18,24,rmccp,0.5807159
18,25,net_inadv_interchange_mw,0.64126325
18,26,da_as_as_mw_thirty_minutes_reserve,0.9324918
18,27,da_as_total_mw_thirty_minutes_reserve,0.8421386
18,28,total_pjm_self_sched_reg,0.61351573
18,29,net_sched_interchange_mw,0.7894811
18,30,net_actual_interchange_mw,0.7901317
18,31,total_pjm_assigned_reg,0.81089693
18,32,da_as_ss_mw_primary_reserve,0.4932117
18,33,da_as_ss_mw_synchronized_reserve,0.5802518
18,34,da_as_ss_mw_thirty_minutes_reserve,0.6617336
18,35,da_as_as_mw_synchronized_reserve,0.5982383
18,36,total_pjm_rmpcp_cr,0.5857236
18,37,rmpcp,0.55347836
19,1,gross_inadv_interchange_mw,0.724689
19,2,total_losses,0.9908627
19,3,total_pjm_loc_credit,0.52042425
19,4,da_as_nsr_mw_primary_reserve,0.68478
19,5,marginal_loss_price_rt,0.7221839
19,6,total_pjm_rmccp_cr,0.5976497
19,7,gross_actual_interchange_mw,0.70456034
19,8,gross_sched_interchange_mw,0.76344866
19,9,total_lmp_rt,0.62625355
19,10,total_lmp_da,0.98274726
19,11,system_energy_price_da,1.0363586
19,12,system_energy_price_rt,0.7030108
19,13,marginal_loss_price_da,0.8959603
19,14,total_pjm_reg_purchases,0.7468963
19,15,da_as_mcp_synchronized_reserve,0.8862422
19,16,da_as_mcp_primary_reserve,0.62946033
19,17,da_as_as_req_mw_synchronized_reserve,0.8101499
19,18,da_as_as_req_mw_thirty_minutes_reserve,0.6893575
19,19,da_as_as_mw_primary_reserve,0.6574721
19,20,da_as_as_req_mw_primary_reserve,0.66195416
19,21,da_as_total_mw_primary_reserve,0.47962487
19,22,congestion_price_rt,0.6658928
19,23,congestion_price_da,0.69177634
19,24,rmccp,0.5516804
19,25,net_inadv_interchange_mw,0.62648636
19,26,da_as_as_mw_thirty_minutes_reserve,0.92531735
19,27,da_as_total_mw_thirty_minutes_reserve,0.83174545
19,28,total_pjm_self_sched_reg,0.60122097
19,29,net_sched_interchange_mw,0.77876776
19,30,net_actual_interchange_mw,0.7787443
19,31,total_pjm_assigned_reg,0.7990722
19,32,da_as_ss_mw_primary_reserve,0.4839579
19,33,da_as_ss_mw_synchronized_reserve,0.56388015
19,34,da_as_ss_mw_thirty_minutes_reserve,0.6481791
19,35,da_as_as_mw_synchronized_reserve,0.58671
19,36,total_pjm_rmpcp_cr,0.5734252
19,37,rmpcp,0.53294885
20,1,gross_inadv_interchange_mw,0.71400577
20,2,total_losses,0.9879787
20,3,total_pjm_loc_credit,0.5023098
20,4,da_as_nsr_mw_primary_reserve,0.6715003
20,5,marginal_loss_price_rt,0.70244217
20,6,total_pjm_rmccp_cr,0.5726697
20,7,gross_actual_interchange_mw,0.69562167
20,8,gross_sched_interchange_mw,0.751448
20,9,total_lmp_rt,0.6156412
20,10,total_lmp_da,0.976357
20,11,system_energy_price_da,1.0312333
20,12,system_energy_price_rt,0.68433917
20,13,marginal_loss_price_da,0.8861844
20,14,total_pjm_reg_purchases,0.7379208
20,15,da_as_mcp_synchronized_reserve,0.8842856
20,16,da_as_mcp_primary_reserve,0.6095978
20,17,da_as_as_req_mw_synchronized_reserve,0.7987509
20,18,da_as_as_req_mw_thirty_minutes_reserve,0.6784686
20,19,da_as_as_mw_primary_reserve,0.64332545
20,20,da_as_as_req_mw_primary_reserve,0.6444719
20,21,da_as_total_mw_primary_reserve,0.45947316
20,22,congestion_price_rt,0.643534
20,23,congestion_price_da,0.6718914
20,24,rmccp,0.527259
20,25,net_inadv_interchange_mw,0.6113042
20,26,da_as_as_mw_thirty_minutes_reserve,0.9152135
20,27,da_as_total_mw_thirty_minutes_reserve,0.81708354
20,28,total_pjm_self_sched_reg,0.59011626
20,29,net_sched_interchange_mw,0.76676774
20,30,net_actual_interchange_mw,0.76436085
20,31,total_pjm_assigned_reg,0.7902964
20,32,da_as_ss_mw_primary_reserve,0.4658341
20,33,da_as_ss_mw_synchronized_reserve,0.54368454
20,34,da_as_ss_mw_thirty_minutes_reserve,0.63399476
20,35,da_as_as_mw_synchronized_reserve,0.5669312
20,36,total_pjm_rmpcp_cr,0.55395126
20,37,rmpcp,0.5165411
21,1,gross_inadv_interchange_mw,0.701433
21,2,total_losses,0.98257244
21,3,total_pjm_loc_credit,0.48199612
21,4,da_as_nsr_mw_primary_reserve,0.66101074
21,5,marginal_loss_price_rt,0.6910182
21,6,total_pjm_rmccp_cr,0.5451938
21,7,gross_actual_interchange_mw,0.6812699
21,8,gross_sched_interchange_mw,0.7389112
21,9,total_lmp_rt,0.59975284
21,10,total_lmp_da,0.9688086
21,11,system_energy_price_da,1.0246842
21,12,system_energy_price_rt,0.6719904
21,13,marginal_loss_price_da,0.8781878
21,14,total_pjm_reg_purchases,0.73239744
21,15,da_as_mcp_synchronized_reserve,0.87612253
21,16,da_as_mcp_primary_reserve,0.5842003
21,17,da_as_as_req_mw_synchronized_reserve,0.7862357
21,18,da_as_as_req_mw_thirty_minutes_reserve,0.66153085
21,19,da_as_as_mw_primary_reserve,0.63119256
21,20,da_as_as_req_mw_primary_reserve,0.6269514
21,21,da_as_total_mw_primary_reserve,0.4451202
21,22,congestion_price_rt,0.63192534
21,23,congestion_price_da,0.6633689
21,24,rmccp,0.5013976
21,25,net_inadv_interchange_mw,0.59933925
21,26,da_as_as_mw_thirty_minutes_reserve,0.9045483
21,27,da_as_total_mw_thirty_minutes_reserve,0.8029217
21,28,total_pjm_self_sched_reg,0.572433
21,29,net_sched_interchange_mw,0.7531453
21,30,net_actual_interchange_mw,0.7511247
21,31,total_pjm_assigned_reg,0.77870595
21,32,da_as_ss_mw_primary_reserve,0.45349756
21,33,da_as_ss_mw_synchronized_reserve,0.5201358
21,34,da_as_ss_mw_thirty_minutes_reserve,0.62334204
21,35,da_as_as_mw_synchronized_reserve,0.5518133
21,36,total_pjm_rmpcp_cr,0.54611444
21,37,rmpcp,0.5034401
22,1,gross_inadv_interchange_mw,0.69507414
22,2,total_losses,0.97686285
22,3,total_pjm_loc_credit,0.4672044
22,4,da_as_nsr_mw_primary_reserve,0.6476007
22,5,marginal_loss_price_rt,0.6793527
22,6,total_pjm_rmccp_cr,0.51250345
22,7,gross_actual_interchange_mw,0.6678075
22,8,gross_sched_interchange_mw,0.72553957
22,9,total_lmp_rt,0.5838809
22,10,total_lmp_da,0.96117926
22,11,system_energy_price_da,1.0186806
22,12,system_energy_price_rt,0.65793943
22,13,marginal_loss_price_da,0.8678631
22,14,total_pjm_reg_purchases,0.7201452
22,15,da_as_mcp_synchronized_reserve,0.8695172
22,16,da_as_mcp_primary_reserve,0.56315637
22,17,da_as_as_req_mw_synchronized_reserve,0.7751385
22,18,da_as_as_req_mw_thirty_minutes_reserve,0.6445569
22,19,da_as_as_mw_primary_reserve,0.61412776
22,20,da_as_as_req_mw_primary_reserve,0.60901326
22,21,da_as_total_mw_primary_reserve,0.42731014
22,22,congestion_price_rt,0.6175873
22,23,congestion_price_da,0.6531058
22,24,rmccp,0.47685447
22,25,net_inadv_interchange_mw,0.58588743
22,26,da_as_as_mw_thirty_minutes_reserve,0.89653224
22,27,da_as_total_mw_thirty_minutes_reserve,0.7942703
22,28,total_pjm_self_sched_reg,0.5575117
22,29,net_sched_interchange_mw,0.74165124
22,30,net_actual_interchange_mw,0.7450615
22,31,total_pjm_assigned_reg,0.77186584
22,32,da_as_ss_mw_primary_reserve,0.43870395
22,33,da_as_ss_mw_synchronized_reserve,0.50404155
22,34,da_as_ss_mw_thirty_minutes_reserve,0.6070065
22,35,da_as_as_mw_synchronized_reserve,0.5370988
22,36,total_pjm_rmpcp_cr,0.52593845
22,37,rmpcp,0.48767978
23,1,gross_inadv_interchange_mw,0.6793224
23,2,total_losses,0.9697378
23,3,total_pjm_loc_credit,0.45027086
23,4,da_as_nsr_mw_primary_reserve,0.6341802
23,5,marginal_loss_price_rt,0.66522974
23,6,total_pjm_rmccp_cr,0.48619756
23,7,gross_actual_interchange_mw,0.65649426
23,8,gross_sched_interchange_mw,0.71549815
23,9,total_lmp_rt,0.5666429
23,10,total_lmp_da,0.9564171
23,11,system_energy_price_da,1.0142981
23,12,system_energy_price_rt,0.646762
23,13,marginal_loss_price_da,0.85923773
23,14,total_pjm_reg_purchases,0.70879275
23,15,da_as_mcp_synchronized_reserve,0.8642428
23,16,da_as_mcp_primary_reserve,0.54352635
23,17,da_as_as_req_mw_synchronized_reserve,0.7652442
23,18,da_as_as_req_mw_thirty_minutes_reserve,0.63260543
23,19,da_as_as_mw_primary_reserve,0.5991444
23,20,da_as_as_req_mw_primary_reserve,0.5928432
23,21,da_as_total_mw_primary_reserve,0.40617967
23,22,congestion_price_rt,0.5966311
23,23,congestion_price_da,0.64310426
23,24,rmccp,0.44740438
23,25,net_inadv_interchange_mw,0.5684741
23,26,da_as_as_mw_thirty_minutes_reserve,0.88338226
23,27,da_as_total_mw_thirty_minutes_reserve,0.7783634
23,28,total_pjm_self_sched_reg,0.5406304
23,29,net_sched_interchange_mw,0.7250365
23,30,net_actual_interchange_mw,0.7302742
23,31,total_pjm_assigned_reg,0.75973094
23,32,da_as_ss_mw_primary_reserve,0.42676827
23,33,da_as_ss_mw_synchronized_reserve,0.49059263
23,34,da_as_ss_mw_thirty_minutes_reserve,0.6003036
23,35,da_as_as_mw_synchronized_reserve,0.52270156
23,36,total_pjm_rmpcp_cr,0.5154233
23,37,rmpcp,0.47132826
24,1,gross_inadv_interchange_mw,0.66623664
24,2,total_losses,0.9647576
24,3,total_pjm_loc_credit,0.4285569
24,4,da_as_nsr_mw_primary_reserve,0.62408304
24,5,marginal_loss_price_rt,0.6502941
24,6,total_pjm_rmccp_cr,0.45681712
24,7,gross_actual_interchange_mw,0.6477168
24,8,gross_sched_interchange_mw,0.70788455
24,9,total_lmp_rt,0.5501475
24,10,total_lmp_da,0.95045495
24,11,system_energy_price_da,1.0099057
24,12,system_energy_price_rt,0.62983537
24,13,marginal_loss_price_da,0.8521013
24,14,total_pjm_reg_purchases,0.70146614
24,15,da_as_mcp_synchronized_reserve,0.85335284
24,16,da_as_mcp_primary_reserve,0.52171654
24,17,da_as_as_req_mw_synchronized_reserve,0.75283813
24,18,da_as_as_req_mw_thirty_minutes_reserve,0.6184081
24,19,da_as_as_mw_primary_reserve,0.58915234
24,20,da_as_as_req_mw_primary_reserve,0.5763784
24,21,da_as_total_mw_primary_reserve,0.3937269
24,22,congestion_price_rt,0.5810013
24,23,congestion_price_da,0.6273992
24,24,rmccp,0.4277509
24,25,net_inadv_interchange_mw,0.55695117
24,26,da_as_as_mw_thirty_minutes_reserve,0.8752789
24,27,da_as_total_mw_thirty_minutes_reserve,0.7669233
24,28,total_pjm_self_sched_reg,0.5289195
24,29,net_sched_interchange_mw,0.71098924
24,30,net_actual_interchange_mw,0.7161428
24,31,total_pjm_assigned_reg,0.75025785
24,32,da_as_ss_mw_primary_reserve,0.40819922
24,33,da_as_ss_mw_synchronized_reserve,0.47337106
24,34,da_as_ss_mw_thirty_minutes_reserve,0.5895112
24,35,da_as_as_mw_synchronized_reserve,0.5138362
24,36,total_pjm_rmpcp_cr,0.5040437
24,37,rmpcp,0.46116152
25,1,gross_inadv_interchange_mw,0.6585049
25,2,total_losses,0.956134
25,3,total_pjm_loc_credit,0.41575277
25,4,da_as_nsr_mw_primary_reserve,0.6074685
25,5,marginal_loss_price_rt,0.6330281
25,6,total_pjm_rmccp_cr,0.42324278
25,7,gross_actual_interchange_mw,0.63703215
25,8,gross_sched_interchange_mw,0.6937709
25,9,total_lmp_rt,0.5343304
25,10,total_lmp_da,0.94380504
25,11,system_energy_price_da,1.0049294
25,12,system_energy_price_rt,0.6113441
25,13,marginal_loss_price_da,0.83829755
25,14,total_pjm_reg_purchases,0.69248337
25,15,da_as_mcp_synchronized_reserve,0.8485408
25,16,da_as_mcp_primary_reserve,0.50110227
25,17,da_as_as_req_mw_synchronized_reserve,0.74137884
25,18,da_as_as_req_mw_thirty_minutes_reserve,0.60541093
25,19,da_as_as_mw_primary_reserve,0.5693819
25,20,da_as_as_req_mw_primary_reserve,0.5617388
25,21,da_as_total_mw_primary_reserve,0.3755043
25,22,congestion_price_rt,0.5708506
25,23,congestion_price_da,0.61142814
25,24,rmccp,0.400965
25,25,net_inadv_interchange_mw,0.53692955
25,26,da_as_as_mw_thirty_minutes_reserve,0.8700242
25,27,da_as_total_mw_thirty_minutes_reserve,0.7596894
25,28,total_pjm_self_sched_reg,0.50778073
25,29,net_sched_interchange_mw,0.70755625
25,30,net_actual_interchange_mw,0.7050357
25,31,total_pjm_assigned_reg,0.74121004
25,32,da_as_ss_mw_primary_reserve,0.40314266
25,33,da_as_ss_mw_synchronized_reserve,0.45946544
25,34,da_as_ss_mw_thirty_minutes_reserve,0.579773
25,35,da_as_as_mw_synchronized_reserve,0.49692085
25,36,total_pjm_rmpcp_cr,0.4897064
25,37,rmpcp,0.44461635
26,1,gross_inadv_interchange_mw,0.6486633
26,2,total_losses,0.94839114
26,3,total_pjm_loc_credit,0.4067112
26,4,da_as_nsr_mw_primary_reserve,0.6015556
26,5,marginal_loss_price_rt,0.6176104
26,6,total_pjm_rmccp_cr,0.3873137
26,7,gross_actual_interchange_mw,0.6257113
26,8,gross_sched_interchange_mw,0.68690634
26,9,total_lmp_rt,0.5181725
26,10,total_lmp_da,0.9364606
26,11,system_energy_price_da,0.99931866
26,12,system_energy_price_rt,0.6021545
26,13,marginal_loss_price_da,0.8317718
26,14,total_pjm_reg_purchases,0.68366987
26,15,da_as_mcp_synchronized_reserve,0.84125155
26,16,da_as_mcp_primary_reserve,0.48271838
26,17,da_as_as_req_mw_synchronized_reserve,0.73127466
26,18,da_as_as_req_mw_thirty_minutes_reserve,0.59281397
26,19,da_as_as_mw_primary_reserve,0.56415707
26,20,da_as_as_req_mw_primary_reserve,0.54664177
26,21,da_as_total_mw_primary_reserve,0.36157563
26,22,congestion_price_rt,0.558201
26,23,congestion_price_da,0.59753346
26,24,rmccp,0.37109104
26,25,net_inadv_interchange_mw,0.51748055
26,26,da_as_as_mw_thirty_minutes_reserve,0.8581485
26,27,da_as_total_mw_thirty_minutes_reserve,0.7428499
26,28,total_pjm_self_sched_reg,0.49861622
26,29,net_sched_interchange_mw,0.6918872
26,30,net_actual_interchange_mw,0.6944817
26,31,total_pjm_assigned_reg,0.7315811
26,32,da_as_ss_mw_primary_reserve,0.39335048
26,33,da_as_ss_mw_synchronized_reserve,0.44484666
26,34,da_as_ss_mw_thirty_minutes_reserve,0.5708827
26,35,da_as_as_mw_synchronized_reserve,0.4854392
26,36,total_pjm_rmpcp_cr,0.48083323
26,37,rmpcp,0.42915502
27,1,gross_inadv_interchange_mw,0.63668376
27,2,total_losses,0.9414257
27,3,total_pjm_loc_credit,0.3931721
27,4,da_as_nsr_mw_primary_reserve,0.5914276
27,5,marginal_loss_price_rt,0.6021877
27,6,total_pjm_rmccp_cr,0.35417977
27,7,gross_actual_interchange_mw,0.61802125
27,8,gross_sched_interchange_mw,0.66831976
27,9,total_lmp_rt,0.49958336
27,10,total_lmp_da,0.92794013
27,11,system_energy_price_da,0.9925781
27,12,system_energy_price_rt,0.58376104
27,13,marginal_loss_price_da,0.82045734
27,14,total_pjm_reg_purchases,0.67145914
27,15,da_as_mcp_synchronized_reserve,0.8354301
27,16,da_as_mcp_primary_reserve,0.45942223
27,17,da_as_as_req_mw_synchronized_reserve,0.71851003
27,18,da_as_as_req_mw_thirty_minutes_reserve,0.58111334
27,19,da_as_as_mw_primary_reserve,0.5547223
27,20,da_as_as_req_mw_primary_reserve,0.53304315
27,21,da_as_total_mw_primary_reserve,0.34806967
27,22,congestion_price_rt,0.5473149
27,23,congestion_price_da,0.5914882
27,24,rmccp,0.34901267
27,25,net_inadv_interchange_mw,0.5019969
27,26,da_as_as_mw_thirty_minutes_reserve,0.8492653
27,27,da_as_total_mw_thirty_minutes_reserve,0.7310723
27,28,total_pjm_self_sched_reg,0.48999107
27,29,net_sched_interchange_mw,0.6791701
27,30,net_actual_interchange_mw,0.68414825
27,31,total_pjm_assigned_reg,0.72097194
27,32,da_as_ss_mw_primary_reserve,0.38038772
27,33,da_as_ss_mw_synchronized_reserve,0.43333697
27,34,da_as_ss_mw_thirty_minutes_reserve,0.5585967
27,35,da_as_as_mw_synchronized_reserve,0.47483915
27,36,total_pjm_rmpcp_cr,0.47047815
27,37,rmpcp,0.4195807
28,1,gross_inadv_interchange_mw,0.62571883
28,2,total_losses,0.93620086
28,3,total_pjm_loc_credit,0.38120496
28,4,da_as_nsr_mw_primary_reserve,0.5839361
28,5,marginal_loss_price_rt,0.58601105
28,6,total_pjm_rmccp_cr,0.32852405
28,7,gross_actual_interchange_mw,0.602871
28,8,gross_sched_interchange_mw,0.66406673
28,9,total_lmp_rt,0.4871132
28,10,total_lmp_da,0.9212437
28,11,system_energy_price_da,0.9869611
28,12,system_energy_price_rt,0.56290716
28,13,marginal_loss_price_da,0.8136844
28,14,total_pjm_reg_purchases,0.6643512
28,15,da_as_mcp_synchronized_reserve,0.8285051
28,16,da_as_mcp_primary_reserve,0.44573155
28,17,da_as_as_req_mw_synchronized_reserve,0.7091354
28,18,da_as_as_req_mw_thirty_minutes_reserve,0.5724432
28,19,da_as_as_mw_primary_reserve,0.54751104
28,20,da_as_as_req_mw_primary_reserve,0.5202225
28,21,da_as_total_mw_primary_reserve,0.33379793
28,22,congestion_price_rt,0.53502625
28,23,congestion_price_da,0.5762365
28,24,rmccp,0.3275318
28,25,net_inadv_interchange_mw,0.4934754
28,26,da_as_as_mw_thirty_minutes_reserve,0.8374927
28,27,da_as_total_mw_thirty_minutes_reserve,0.7166608
28,28,total_pjm_self_sched_reg,0.47779688
28,29,net_sched_interchange_mw,0.6664908
28,30,net_actual_interchange_mw,0.672574
28,31,total_pjm_assigned_reg,0.71455973
28,32,da_as_ss_mw_primary_reserve,0.37118286
28,33,da_as_ss_mw_synchronized_reserve,0.42057616
28,34,da_as_ss_mw_thirty_minutes_reserve,0.55075765
28,35,da_as_as_mw_synchronized_reserve,0.46124282
28,36,total_pjm_rmpcp_cr,0.46181405
28,37,rmpcp,0.41034102
29,1,gross_inadv_interchange_mw,0.6156362
29,2,total_losses,0.933696
29,3,total_pjm_loc_credit,0.36564377
29,4,da_as_nsr_mw_primary_reserve,0.5720388
29,5,marginal_loss_price_rt,0.57106656
29,6,total_pjm_rmccp_cr,0.29528108
29,7,gross_actual_interchange_mw,0.5936673
29,8,gross_sched_interchange_mw,0.6498122
29,9,total_lmp_rt,0.46836388
29,10,total_lmp_da,0.9137829
29,11,system_energy_price_da,0.981132
29,12,system_energy_price_rt,0.55146676
29,13,marginal_loss_price_da,0.8021791
29,14,total_pjm_reg_purchases,0.65297115
29,15,da_as_mcp_synchronized_reserve,0.8222327
29,16,da_as_mcp_primary_reserve,0.4296446
29,17,da_as_as_req_mw_synchronized_reserve,0.69465697
29,18,da_as_as_req_mw_thirty_minutes_reserve,0.55678225
29,19,da_as_as_mw_primary_reserve,0.532393
29,20,da_as_as_req_mw_primary_reserve,0.5028737
29,21,da_as_total_mw_primary_reserve,0.3152084
29,22,congestion_price_rt,0.522217
29,23,congestion_price_da,0.57054055
29,24,rmccp,0.30235004
29,25,net_inadv_interchange_mw,0.4755222
29,26,da_as_as_mw_thirty_minutes_reserve,0.82876945
29,27,da_as_total_mw_thirty_minutes_reserve,0.7061845
29,28,total_pjm_self_sched_reg,0.47184807
29,29,net_sched_interchange_mw,0.65767235
29,30,net_actual_interchange_mw,0.6646626
29,31,total_pjm_assigned_reg,0.7025464
29,32,da_as_ss_mw_primary_reserve,0.3613957
29,33,da_as_ss_mw_synchronized_reserve,0.41025555
29,34,da_as_ss_mw_thirty_minutes_reserve,0.54101986
29,35,da_as_as_mw_synchronized_reserve,0.4501966
29,36,total_pjm_rmpcp_cr,0.45128617
29,37,rmpcp,0.39767078
30,1,gross_inadv_interchange_mw,0.60581625
30,2,total_losses,0.92436343
30,3,total_pjm_loc_credit,0.35012415
30,4,da_as_nsr_mw_primary_reserve,0.5646451
30,5,marginal_loss_price_rt,0.5485395
30,6,total_pjm_rmccp_cr,0.27364162
30,7,gross_actual_interchange_mw,0.58378553
30,8,gross_sched_interchange_mw,0.633141
30,9,total_lmp_rt,0.45109722
30,10,total_lmp_da,0.9094802
30,11,system_energy_price_da,0.9783414
30,12,system_energy_price_rt,0.5306519
30,13,marginal_loss_price_da,0.796961
30,14,total_pjm_reg_purchases,0.6457276
30,15,da_as_mcp_synchronized_reserve,0.8135212
30,16,da_as_mcp_primary_reserve,0.4119132
30,17,da_as_as_req_mw_synchronized_reserve,0.6818837
30,18,da_as_as_req_mw_thirty_minutes_reserve,0.54317784
30,19,da_as_as_mw_primary_reserve,0.5251892
30,20,da_as_as_req_mw_primary_reserve,0.491403
30,21,da_as_total_mw_primary_reserve,0.3043504
30,22,congestion_price_rt,0.50582856
30,23,congestion_price_da,0.5581778
30,24,rmccp,0.2782824
30,25,net_inadv_interchange_mw,0.46593934
30,26,da_as_as_mw_thirty_minutes_reserve,0.8200851
30,27,da_as_total_mw_thirty_minutes_reserve,0.6953543
30,28,total_pjm_self_sched_reg,0.4640204
30,29,net_sched_interchange_mw,0.64292324
30,30,net_actual_interchange_mw,0.6522469
30,31,total_pjm_assigned_reg,0.6928435
30,32,da_as_ss_mw_primary_reserve,0.34928378
30,33,da_as_ss_mw_synchronized_reserve,0.396409
30,34,da_as_ss_mw_thirty_minutes_reserve,0.53233147
30,35,da_as_as_mw_synchronized_reserve,0.43615976
30,36,total_pjm_rmpcp_cr,0.44101515
30,37,rmpcp,0.38564727
31,1,gross_inadv_interchange_mw,0.5945512
31,2,total_losses,0.91744846
31,3,total_pjm_loc_credit,0.32957703
31,4,da_as_nsr_mw_primary_reserve,0.552803
31,5,marginal_loss_price_rt,0.538784
31,6,total_pjm_rmccp_cr,0.24491678
31,7,gross_actual_interchange_mw,0.5686272
31,8,gross_sched_interchange_mw,0.62668353
31,9,total_lmp_rt,0.4350459
31,10,total_lmp_da,0.90161324
31,11,system_energy_price_da,0.9726026
31,12,system_energy_price_rt,0.521472
31,13,marginal_loss_price_da,0.7898357
31,14,total_pjm_reg_purchases,0.63552105
31,15,da_as_mcp_synchronized_reserve,0.80312675
31,16,da_as_mcp_primary_reserve,0.3886893
31,17,da_as_as_req_mw_synchronized_reserve,0.67329776
31,18,da_as_as_req_mw_thirty_minutes_reserve,0.5342501
31,19,da_as_as_mw_primary_reserve,0.5153625
31,20,da_as_as_req_mw_primary_reserve,0.47761986
31,21,da_as_total_mw_primary_reserve,0.28953356
31,22,congestion_price_rt,0.48945096
31,23,congestion_price_da,0.5470132
31,24,rmccp,0.26047048
31,25,net_inadv_interchange_mw,0.45278853
31,26,da_as_as_mw_thirty_minutes_reserve,0.8095377
31,27,da_as_total_mw_thirty_minutes_reserve,0.6828898
31,28,total_pjm_self_sched_reg,0.45794708
31,29,net_sched_interchange_mw,0.63331753
31,30,net_actual_interchange_mw,0.64230245
31,31,total_pjm_assigned_reg,0.6817218
31,32,da_as_ss_mw_primary_reserve,0.33887932
31,33,da_as_ss_mw_synchronized_reserve,0.38466108
31,34,da_as_ss_mw_thirty_minutes_reserve,0.52521956
31,35,da_as_as_mw_synchronized_reserve,0.423068
31,36,total_pjm_rmpcp_cr,0.43196636
31,37,rmpcp,0.37697026
32,1,gross_inadv_interchange_mw,0.58889943
32,2,total_losses,0.91028583
32,3,total_pjm_loc_credit,0.32011092
32,4,da_as_nsr_mw_primary_reserve,0.54355353
32,5,marginal_loss_price_rt,0.5280427
32,6,total_pjm_rmccp_cr,0.21124254
32,7,gross_actual_interchange_mw,0.5575495
32,8,gross_sched_interchange_mw,0.61473066
32,9,total_lmp_rt,0.42241183
32,10,total_lmp_da,0.89477265
32,11,system_energy_price_da,0.96710485
32,12,system_energy_price_rt,0.5078281
32,13,marginal_loss_price_da,0.7762686
32,14,total_pjm_reg_purchases,0.62579674
32,15,da_as_mcp_synchronized_reserve,0.7977212
32,16,da_as_mcp_primary_reserve,0.37344167
32,17,da_as_as_req_mw_synchronized_reserve,0.66212904
32,18,da_as_as_req_mw_thirty_minutes_reserve,0.51871896
32,19,da_as_as_mw_primary_reserve,0.5074319
32,20,da_as_as_req_mw_primary_reserve,0.46939427
32,21,da_as_total_mw_primary_reserve,0.28039065
32,22,congestion_price_rt,0.47811133
32,23,congestion_price_da,0.53456473
32,24,rmccp,0.23707569
32,25,net_inadv_interchange_mw,0.43804267
32,26,da_as_as_mw_thirty_minutes_reserve,0.80091494
32,27,da_as_total_mw_thirty_minutes_reserve,0.6738063
32,28,total_pjm_self_sched_reg,0.4496888
32,29,net_sched_interchange_mw,0.623552
32,30,net_actual_interchange_mw,0.628755
32,31,total_pjm_assigned_reg,0.67025685
32,32,da_as_ss_mw_primary_reserve,0.32814747
32,33,da_as_ss_mw_synchronized_reserve,0.3727448
32,34,da_as_ss_mw_thirty_minutes_reserve,0.5198384
32,35,da_as_as_mw_synchronized_reserve,0.41015896
32,36,total_pjm_rmpcp_cr,0.42290825
32,37,rmpcp,0.36845192
33,1,gross_inadv_interchange_mw,0.5725525
33,2,total_losses,0.9021554
33,3,total_pjm_loc_credit,0.31153655
33,4,da_as_nsr_mw_primary_reserve,0.53366494
33,5,marginal_loss_price_rt,0.50511813
33,6,total_pjm_rmccp_cr,0.18278852
33,7,gross_actual_interchange_mw,0.55376905
33,8,gross_sched_interchange_mw,0.6085533
33,9,total_lmp_rt,0.40106043
33,10,total_lmp_da,0.88747895
33,11,system_energy_price_da,0.9616641
33,12,system_energy_price_rt,0.48479807
33,13,marginal_loss_price_da,0.76940376
33,14,total_pjm_reg_purchases,0.61533284
33,15,da_as_mcp_synchronized_reserve,0.79129064
33,16,da_as_mcp_primary_reserve,0.36247706
33,17,da_as_as_req_mw_synchronized_reserve,0.6532458
33,18,da_as_as_req_mw_thirty_minutes_reserve,0.5092026
33,19,da_as_as_mw_primary_reserve,0.49650368
33,20,da_as_as_req_mw_primary_reserve,0.45381156
33,21,da_as_total_mw_primary_reserve,0.2591189
33,22,congestion_price_rt,0.46667308
33,23,congestion_price_da,0.52415615
33,24,rmccp,0.2203269
33,25,net_inadv_interchange_mw,0.42764115
33,26,da_as_as_mw_thirty_minutes_reserve,0.7869524
33,27,da_as_total_mw_thirty_minutes_reserve,0.6596154
33,28,total_pjm_self_sched_reg,0.43923834
33,29,net_sched_interchange_mw,0.6119484
33,30,net_actual_interchange_mw,0.61892813
33,31,total_pjm_assigned_reg,0.66541815
33,32,da_as_ss_mw_primary_reserve,0.31910154
33,33,da_as_ss_mw_synchronized_reserve,0.36552075
33,34,da_as_ss_mw_thirty_minutes_reserve,0.50897795
33,35,da_as_as_mw_synchronized_reserve,0.40420005
33,36,total_pjm_rmpcp_cr,0.41197786
33,37,rmpcp,0.3558349
34,1,gross_inadv_interchange_mw,0.562103
34,2,total_losses,0.8939607
34,3,total_pjm_loc_credit,0.29640502
34,4,da_as_nsr_mw_primary_reserve,0.5240608
34,5,marginal_loss_price_rt,0.4947841
34,6,total_pjm_rmccp_cr,0.16552429
34,7,gross_actual_interchange_mw,0.544264
34,8,gross_sched_interchange_mw,0.5955474
34,9,total_lmp_rt,0.3952889
34,10,total_lmp_da,0.88171256
34,11,system_energy_price_da,0.9560413
34,12,system_energy_price_rt,0.47328162
34,13,marginal_loss_price_da,0.7606786
34,14,total_pjm_reg_purchases,0.6058465
34,15,da_as_mcp_synchronized_reserve,0.784461
34,16,da_as_mcp_primary_reserve,0.33880103
34,17,da_as_as_req_mw_synchronized_reserve,0.6412658
34,18,da_as_as_req_mw_thirty_minutes_reserve,0.50116324
34,19,da_as_as_mw_primary_reserve,0.4860062
34,20,da_as_as_req_mw_primary_reserve,0.4423023
34,21,da_as_total_mw_primary_reserve,0.2490058
34,22,congestion_price_rt,0.4576463
34,23,congestion_price_da,0.51349807
34,24,rmccp,0.21095745
34,25,net_inadv_interchange_mw,0.41807163
34,26,da_as_as_mw_thirty_minutes_reserve,0.77933615
34,27,da_as_total_mw_thirty_minutes_reserve,0.64732975
34,28,total_pjm_self_sched_reg,0.43019897
34,29,net_sched_interchange_mw,0.603333
34,30,net_actual_interchange_mw,0.6087901
34,31,total_pjm_assigned_reg,0.65593916
34,32,da_as_ss_mw_primary_reserve,0.30885866
34,33,da_as_ss_mw_synchronized_reserve,0.3539386
34,34,da_as_ss_mw_thirty_minutes_reserve,0.50007915
34,35,da_as_as_mw_synchronized_reserve,0.39148402
34,36,total_pjm_rmpcp_cr,0.39951798
34,37,rmpcp,0.34916317
35,1,gross_inadv_interchange_mw,0.55306417
35,2,total_losses,0.8888352
35,3,total_pjm_loc_credit,0.28462034
35,4,da_as_nsr_mw_primary_reserve,0.51725644
35,5,marginal_loss_price_rt,0.48441297
35,6,total_pjm_rmccp_cr,0.14840361
35,7,gross_actual_interchange_mw,0.54033995
35,8,gross_sched_interchange_mw,0.5885289
35,9,total_lmp_rt,0.38038212
35,10,total_lmp_da,0.87527204
35,11,system_energy_price_da,0.9516221
35,12,system_energy_price_rt,0.46726972
35,13,marginal_loss_price_da,0.7531963
35,14,total_pjm_reg_purchases,0.598932
35,15,da_as_mcp_synchronized_reserve,0.7780036
35,16,da_as_mcp_primary_reserve,0.3246297
35,17,da_as_as_req_mw_synchronized_reserve,0.63254195
35,18,da_as_as_req_mw_thirty_minutes_reserve,0.49286896
35,19,da_as_as_mw_primary_reserve,0.4792204
35,20,da_as_as_req_mw_primary_reserve,0.42917657
35,21,da_as_total_mw_primary_reserve,0.23765866
35,22,congestion_price_rt,0.4460864
35,23,congestion_price_da,0.50411046
35,24,rmccp,0.1931151
35,25,net_inadv_interchange_mw,0.40902495
35,26,da_as_as_mw_thirty_minutes_reserve,0.7672393
35,27,da_as_total_mw_thirty_minutes_reserve,0.63592476
35,28,total_pjm_self_sched_reg,0.42240027
35,29,net_sched_interchange_mw,0.5897103
35,30,net_actual_interchange_mw,0.5976475
35,31,total_pjm_assigned_reg,0.6476216
35,32,da_as_ss_mw_primary_reserve,0.30473238
35,33,da_as_ss_mw_synchronized_reserve,0.34608048
35,34,da_as_ss_mw_thirty_minutes_reserve,0.4949271
35,35,da_as_as_mw_synchronized_reserve,0.37964737
35,36,total_pjm_rmpcp_cr,0.3944752
35,37,rmpcp,0.33659336
36,1,gross_inadv_interchange_mw,0.5411414
36,2,total_losses,0.8828433
36,3,total_pjm_loc_credit,0.27647597
36,4,da_as_nsr_mw_primary_reserve,0.50776535
36,5,marginal_loss_price_rt,0.4652162
36,6,total_pjm_rmccp_cr,0.12854756
36,7,gross_actual_interchange_mw,0.5255362
36,8,gross_sched_interchange_mw,0.57889086
36,9,total_lmp_rt,0.36738887
36,10,total_lmp_da,0.86809385
36,11,system_energy_price_da,0.9453022
36,12,system_energy_price_rt,0.4535137
36,13,marginal_loss_price_da,0.74433315
36,14,total_pjm_reg_purchases,0.58695203
36,15,da_as_mcp_synchronized_reserve,0.7713157
36,16,da_as_mcp_primary_reserve,0.316342
36,17,da_as_as_req_mw_synchronized_reserve,0.6255682
36,18,da_as_as_req_mw_thirty_minutes_reserve,0.48739308
36,19,da_as_as_mw_primary_reserve,0.47207668
36,20,da_as_as_req_mw_primary_reserve,0.4174395
36,21,da_as_total_mw_primary_reserve,0.22924104
36,22,congestion_price_rt,0.43612397
36,23,congestion_price_da,0.49982473
36,24,rmccp,0.18232904
36,25,net_inadv_interchange_mw,0.40187338
36,26,da_as_as_mw_thirty_minutes_reserve,0.7577621
36,27,da_as_total_mw_thirty_minutes_reserve,0.6252764
36,28,total_pjm_self_sched_reg,0.412114
36,29,net_sched_interchange_mw,0.5866915
36,30,net_actual_interchange_mw,0.59055835
36,31,total_pjm_assigned_reg,0.63630986
36,32,da_as_ss_mw_primary_reserve,0.2944381
36,33,da_as_ss_mw_synchronized_reserve,0.33638528
36,34,da_as_ss_mw_thirty_minutes_reserve,0.49020004
36,35,da_as_as_mw_synchronized_reserve,0.370858
36,36,total_pjm_rmpcp_cr,0.3840351
36,37,rmpcp,0.3277811
37,1,gross_inadv_interchange_mw,0.5347493
37,2,total_losses,0.87319094
37,3,total_pjm_loc_credit,0.25975516
37,4,da_as_nsr_mw_primary_reserve,0.4989695
37,5,marginal_loss_price_rt,0.45533812
37,6,total_pjm_rmccp_cr,0.11225918
37,7,gross_actual_interchange_mw,0.52120227
37,8,gross_sched_interchange_mw,0.5705129
37,9,total_lmp_rt,0.3604388
37,10,total_lmp_da,0.86023796
37,11,system_energy_price_da,0.9393652
37,12,system_energy_price_rt,0.44167516
37,13,marginal_loss_price_da,0.73255545
37,14,total_pjm_reg_purchases,0.57806414
37,15,da_as_mcp_synchronized_reserve,0.76447594
37,16,da_as_mcp_primary_reserve,0.29748583
37,17,da_as_as_req_mw_synchronized_reserve,0.61373043
37,18,da_as_as_req_mw_thirty_minutes_reserve,0.47606695
37,19,da_as_as_mw_primary_reserve,0.46695924
37,20,da_as_as_req_mw_primary_reserve,0.40532243
37,21,da_as_total_mw_primary_reserve,0.21716969
37,22,congestion_price_rt,0.4280783
37,23,congestion_price_da,0.48560128
37,24,rmccp,0.17626178
37,25,net_inadv_interchange_mw,0.3910935
37,26,da_as_as_mw_thirty_minutes_reserve,0.7498939
37,27,da_as_total_mw_thirty_minutes_reserve,0.61631405
37,28,total_pjm_self_sched_reg,0.4082761
37,29,net_sched_interchange_mw,0.5722153
37,30,net_actual_interchange_mw,0.5760872
37,31,total_pjm_assigned_reg,0.6251956
37,32,da_as_ss_mw_primary_reserve,0.28642094
37,33,da_as_ss_mw_synchronized_reserve,0.3267349
37,34,da_as_ss_mw_thirty_minutes_reserve,0.47813037
37,35,da_as_as_mw_synchronized_reserve,0.36284637
37,36,total_pjm_rmpcp_cr,0.3727446
37,37,rmpcp,0.3227743
38,1,gross_inadv_interchange_mw,0.53126216
38,2,total_losses,0.8653545
38,3,total_pjm_loc_credit,0.25245625
38,4,da_as_nsr_mw_primary_reserve,0.48701808
38,5,marginal_loss_price_rt,0.44291553
38,6,total_pjm_rmccp_cr,0.10675819
38,7,gross_actual_interchange_mw,0.51080054
38,8,gross_sched_interchange_mw,0.55662626
38,9,total_lmp_rt,0.34292027
38,10,total_lmp_da,0.85342646
38,11,system_energy_price_da,0.93489796
38,12,system_energy_price_rt,0.4295222
38,13,marginal_loss_price_da,0.7276427
38,14,total_pjm_reg_purchases,0.5697547
38,15,da_as_mcp_synchronized_reserve,0.755946
38,16,da_as_mcp_primary_reserve,0.28709546
38,17,da_as_as_req_mw_synchronized_reserve,0.60339934
38,18,da_as_as_req_mw_thirty_minutes_reserve,0.46742585
38,19,da_as_as_mw_primary_reserve,0.45452547
38,20,da_as_as_req_mw_primary_reserve,0.3951066
38,21,da_as_total_mw_primary_reserve,0.20638993
38,22,congestion_price_rt,0.42239624
38,23,congestion_price_da,0.48148465
38,24,rmccp,0.16884804
38,25,net_inadv_interchange_mw,0.37758547
38,26,da_as_as_mw_thirty_minutes_reserve,0.7410403
38,27,da_as_total_mw_thirty_minutes_reserve,0.6049866
38,28,total_pjm_self_sched_reg,0.39911875
38,29,net_sched_interchange_mw,0.56393653
38,30,net_actual_interchange_mw,0.56549454
38,31,total_pjm_assigned_reg,0.61455756
38,32,da_as_ss_mw_primary_reserve,0.2744177
38,33,da_as_ss_mw_synchronized_reserve,0.31778824
38,34,da_as_ss_mw_thirty_minutes_reserve,0.47945797
38,35,da_as_as_mw_synchronized_reserve,0.35440207
38,36,total_pjm_rmpcp_cr,0.36365473
38,37,rmpcp,0.32292432
39,1,gross_inadv_interchange_mw,0.5165423
39,2,total_losses,0.85745853
39,3,total_pjm_loc_credit,0.2473312
39,4,da_as_nsr_mw_primary_reserve,0.47675985
39,5,marginal_loss_price_rt,0.43285722
39,6,total_pjm_rmccp_cr,0.0918938
39,7,gross_actual_interchange_mw,0.503188
39,8,gross_sched_interchange_mw,0.54937804
39,9,total_lmp_rt,0.3343139
39,10,total_lmp_da,0.8475437
39,11,system_energy_price_da,0.9308091
39,12,system_energy_price_rt,0.4243869
39,13,marginal_loss_price_da,0.71726847
39,14,total_pjm_reg_purchases,0.56376576
39,15,da_as_mcp_synchronized_reserve,0.7507229
39,16,da_as_mcp_primary_reserve,0.27622575
39,17,da_as_as_req_mw_synchronized_reserve,0.59067494
39,18,da_as_as_req_mw_thirty_minutes_reserve,0.45512602
39,19,da_as_as_mw_primary_reserve,0.44415703
39,20,da_as_as_req_mw_primary_reserve,0.38311803
39,21,da_as_total_mw_primary_reserve,0.19252886
39,22,congestion_price_rt,0.4054639
39,23,congestion_price_da,0.47120035
39,24,rmccp,0.15617548
39,25,net_inadv_interchange_mw,0.37053704
39,26,da_as_as_mw_thirty_minutes_reserve,0.73148704
39,27,da_as_total_mw_thirty_minutes_reserve,0.5942341
39,28,total_pjm_self_sched_reg,0.38323298
39,29,net_sched_interchange_mw,0.5543911
39,30,net_actual_interchange_mw,0.55661833
39,31,total_pjm_assigned_reg,0.607857
39,32,da_as_ss_mw_primary_reserve,0.26711774
39,33,da_as_ss_mw_synchronized_reserve,0.3081643
39,34,da_as_ss_mw_thirty_minutes_reserve,0.46523735
39,35,da_as_as_mw_synchronized_reserve,0.34703648
39,36,total_pjm_rmpcp_cr,0.35666057
39,37,rmpcp,0.31357792
40,1,gross_inadv_interchange_mw,0.511698
40,2,total_losses,0.8529728
40,3,total_pjm_loc_credit,0.23829609
40,4,da_as_nsr_mw_primary_reserve,0.4700407
40,5,marginal_loss_price_rt,0.425559
40,6,total_pjm_rmccp_cr,0.08380808
40,7,gross_actual_interchange_mw,0.49876717
40,8,gross_sched_interchange_mw,0.53888464
40,9,total_lmp_rt,0.32200214
40,10,total_lmp_da,0.84068173
40,11,system_energy_price_da,0.92506796
40,12,system_energy_price_rt,0.41251978
40,13,marginal_loss_price_da,0.7056982
40,14,total_pjm_reg_purchases,0.5553715
40,15,da_as_mcp_synchronized_reserve,0.73949033
40,16,da_as_mcp_primary_reserve,0.26457682
40,17,da_as_as_req_mw_synchronized_reserve,0.58306885
40,18,da_as_as_req_mw_thirty_minutes_reserve,0.45226195
40,19,da_as_as_mw_primary_reserve,0.44065225
40,20,da_as_as_req_mw_primary_reserve,0.37396166
40,21,da_as_total_mw_primary_reserve,0.18617308
40,22,congestion_price_rt,0.40220493
40,23,congestion_price_da,0.46489123
40,24,rmccp,0.14821024
40,25,net_inadv_interchange_mw,0.36273587
40,26,da_as_as_mw_thirty_minutes_reserve,0.7186819
40,27,da_as_total_mw_thirty_minutes_reserve,0.5830999
40,28,total_pjm_self_sched_reg,0.3806835
40,29,net_sched_interchange_mw,0.54400045
40,30,net_actual_interchange_mw,0.54750293
40,31,total_pjm_assigned_reg,0.59535646
40,32,da_as_ss_mw_primary_reserve,0.257021
40,33,da_as_ss_mw_synchronized_reserve,0.29738408
40,34,da_as_ss_mw_thirty_minutes_reserve,0.4599482
40,35,da_as_as_mw_synchronized_reserve,0.34200805
40,36,total_pjm_rmpcp_cr,0.35156107
40,37,rmpcp,0.30423635
41,1,gross_inadv_interchange_mw,0.5007527
41,2,total_losses,0.8458931
41,3,total_pjm_loc_credit,0.23160903
41,4,da_as_nsr_mw_primary_reserve,0.46284488
41,5,marginal_loss_price_rt,0.41510782
41,6,total_pjm_rmccp_cr,0.077257395
41,7,gross_actual_interchange_mw,0.48547563
41,8,gross_sched_interchange_mw,0.5342403
41,9,total_lmp_rt,0.31361964
41,10,total_lmp_da,0.8311555
41,11,system_energy_price_da,0.91836256
41,12,system_energy_price_rt,0.39886838
41,13,marginal_loss_price_da,0.7014574
41,14,total_pjm_reg_purchases,0.5507395
41,15,da_as_mcp_synchronized_reserve,0.73321813
41,16,da_as_mcp_primary_reserve,0.25150803
41,17,da_as_as_req_mw_synchronized_reserve,0.5716527
41,18,da_as_as_req_mw_thirty_minutes_reserve,0.44043317
41,19,da_as_as_mw_primary_reserve,0.43337557
41,20,da_as_as_req_mw_primary_reserve,0.35879004
41,21,da_as_total_mw_primary_reserve,0.18061091
41,22,congestion_price_rt,0.39166018
41,23,congestion_price_da,0.4567943
41,24,rmccp,0.14425582
41,25,net_inadv_interchange_mw,0.35384876
41,26,da_as_as_mw_thirty_minutes_reserve,0.7108811
41,27,da_as_total_mw_thirty_minutes_reserve,0.5728882
41,28,total_pjm_self_sched_reg,0.37701035
41,29,net_sched_interchange_mw,0.5329174
41,30,net_actual_interchange_mw,0.5356423
41,31,total_pjm_assigned_reg,0.5883632
41,32,da_as_ss_mw_primary_reserve,0.24933855
41,33,da_as_ss_mw_synchronized_reserve,0.2899171
41,34,da_as_ss_mw_thirty_minutes_reserve,0.45150912
41,35,da_as_as_mw_synchronized_reserve,0.3278807
41,36,total_pjm_rmpcp_cr,0.34196678
41,37,rmpcp,0.29716817
42,1,gross_inadv_interchange_mw,0.49149328
42,2,total_losses,0.8375941
42,3,total_pjm_loc_credit,0.22597986
42,4,da_as_nsr_mw_primary_reserve,0.45445848
42,5,marginal_loss_price_rt,0.40247378
42,6,total_pjm_rmccp_cr,0.06470568
42,7,gross_actual_interchange_mw,0.48289868
42,8,gross_sched_interchange_mw,0.52729225
42,9,total_lmp_rt,0.30618408
42,10,total_lmp_da,0.8249762
42,11,system_energy_price_da,0.9131207
42,12,system_energy_price_rt,0.39251408
42,13,marginal_loss_price_da,0.6918432
42,14,total_pjm_reg_purchases,0.5425453
42,15,da_as_mcp_synchronized_reserve,0.7222262
42,16,da_as_mcp_primary_reserve,0.2449281
42,17,da_as_as_req_mw_synchronized_reserve,0.5648063
42,18,da_as_as_req_mw_thirty_minutes_reserve,0.4331146
42,19,da_as_as_mw_primary_reserve,0.42309162
42,20,da_as_as_req_mw_primary_reserve,0.349518
42,21,da_as_total_mw_primary_reserve,0.16750248
42,22,congestion_price_rt,0.38208157
42,23,congestion_price_da,0.44741458
42,24,rmccp,0.13617256
42,25,net_inadv_interchange_mw,0.3465889
42,26,da_as_as_mw_thirty_minutes_reserve,0.7034226
42,27,da_as_total_mw_thirty_minutes_reserve,0.5649486
42,28,total_pjm_self_sched_reg,0.37214565
42,29,net_sched_interchange_mw,0.5280198
42,30,net_actual_interchange_mw,0.5275951
42,31,total_pjm_assigned_reg,0.5778428
42,32,da_as_ss_mw_primary_reserve,0.24449895
42,33,da_as_ss_mw_synchronized_reserve,0.28397804
42,34,da_as_ss_mw_thirty_minutes_reserve,0.4505704
42,35,da_as_as_mw_synchronized_reserve,0.3253797
42,36,total_pjm_rmpcp_cr,0.33250585
42,37,rmpcp,0.2903538
43,1,gross_inadv_interchange_mw,0.48400247
43,2,total_losses,0.8289687
43,3,total_pjm_loc_credit,0.21869385
43,4,da_as_nsr_mw_primary_reserve,0.44846076
43,5,marginal_loss_price_rt,0.38987282
43,6,total_pjm_rmccp_cr,0.056781437
43,7,gross_actual_interchange_mw,0.4704815
43,8,gross_sched_interchange_mw,0.5160837
43,9,total_lmp_rt,0.29193905
43,10,total_lmp_da,0.81737316
43,11,system_energy_price_da,0.9070603
43,12,system_energy_price_rt,0.38370976
43,13,marginal_loss_price_da,0.6882432
43,14,total_pjm_reg_purchases,0.53103626
43,15,da_as_mcp_synchronized_reserve,0.71529156
43,16,da_as_mcp_primary_reserve,0.23558846
43,17,da_as_as_req_mw_synchronized_reserve,0.5564146
43,18,da_as_as_req_mw_thirty_minutes_reserve,0.42832208
43,19,da_as_as_mw_primary_reserve,0.4145391
43,20,da_as_as_req_mw_primary_reserve,0.33997428
43,21,da_as_total_mw_primary_reserve,0.15681058
43,22,congestion_price_rt,0.3803148
43,23,congestion_price_da,0.44075787
43,24,rmccp,0.12496828
43,25,net_inadv_interchange_mw,0.33927804
43,26,da_as_as_mw_thirty_minutes_reserve,0.6945352
43,27,da_as_total_mw_thirty_minutes_reserve,0.5578112
43,28,total_pjm_self_sched_reg,0.36257526
43,29,net_sched_interchange_mw,0.5221427
43,30,net_actual_interchange_mw,0.5195665
43,31,total_pjm_assigned_reg,0.5663155
43,32,da_as_ss_mw_primary_reserve,0.23734158
43,33,da_as_ss_mw_synchronized_reserve,0.27821186
43,34,da_as_ss_mw_thirty_minutes_reserve,0.44607425
43,35,da_as_as_mw_synchronized_reserve,0.31482157
43,36,total_pjm_rmpcp_cr,0.32764393
43,37,rmpcp,0.28674755
44,1,gross_inadv_interchange_mw,0.4766333
44,2,total_losses,0.82271683
44,3,total_pjm_loc_credit,0.21344276
44,4,da_as_nsr_mw_primary_reserve,0.43825933
44,5,marginal_loss_price_rt,0.38608435
44,6,total_pjm_rmccp_cr,0.055002134
44,7,gross_actual_interchange_mw,0.46337998
44,8,gross_sched_interchange_mw,0.50874424
44,9,total_lmp_rt,0.278248
44,10,total_lmp_da,0.8110224
44,11,system_energy_price_da,0.9025559
44,12,system_energy_price_rt,0.36941534
44,13,marginal_loss_price_da,0.6777948
44,14,total_pjm_reg_purchases,0.52732354
44,15,da_as_mcp_synchronized_reserve,0.70595664
44,16,da_as_mcp_primary_reserve,0.22115883
44,17,da_as_as_req_mw_synchronized_reserve,0.54532766
44,18,da_as_as_req_mw_thirty_minutes_reserve,0.4202071
44,19,da_as_as_mw_primary_reserve,0.40251985
44,20,da_as_as_req_mw_primary_reserve,0.32771668
44,21,da_as_total_mw_primary_reserve,0.14704207
44,22,congestion_price_rt,0.3633212
44,23,congestion_price_da,0.4361658
44,24,rmccp,0.13056174
44,25,net_inadv_interchange_mw,0.33178842
44,26,da_as_as_mw_thirty_minutes_reserve,0.68323785
44,27,da_as_total_mw_thirty_minutes_reserve,0.5446661
44,28,total_pjm_self_sched_reg,0.35096243
44,29,net_sched_interchange_mw,0.5147932
44,30,net_actual_interchange_mw,0.5099994
44,31,total_pjm_assigned_reg,0.5612684
44,32,da_as_ss_mw_primary_reserve,0.23522802
44,33,da_as_ss_mw_synchronized_reserve,0.27440587
44,34,da_as_ss_mw_thirty_minutes_reserve,0.44158956
44,35,da_as_as_mw_synchronized_reserve,0.3086354
44,36,total_pjm_rmpcp_cr,0.32156348
44,37,rmpcp,0.28129932
45,1,gross_inadv_interchange_mw,0.46667278
45,2,total_losses,0.81525695
45,3,total_pjm_loc_credit,0.20703967
45,4,da_as_nsr_mw_primary_reserve,0.4336454
45,5,marginal_loss_price_rt,0.37066746
45,6,total_pjm_rmccp_cr,0.045221608
45,7,gross_actual_interchange_mw,0.45786077
45,8,gross_sched_interchange_mw,0.5018544
45,9,total_lmp_rt,0.26756787
45,10,total_lmp_da,0.80551374
45,11,system_energy_price_da,0.8985427
45,12,system_energy_price_rt,0.36761266
45,13,marginal_loss_price_da,0.67180705
45,14,total_pjm_reg_purchases,0.51635385
45,15,da_as_mcp_synchronized_reserve,0.69858515
45,16,da_as_mcp_primary_reserve,0.21569352
45,17,da_as_as_req_mw_synchronized_reserve,0.5383075
45,18,da_as_as_req_mw_thirty_minutes_reserve,0.4137896
45,19,da_as_as_mw_primary_reserve,0.39917824
45,20,da_as_as_req_mw_primary_reserve,0.32294887
45,21,da_as_total_mw_primary_reserve,0.13969694
45,22,congestion_price_rt,0.35252297
45,23,congestion_price_da,0.42455104
45,24,rmccp,0.12764592
45,25,net_inadv_interchange_mw,0.3237374
45,26,da_as_as_mw_thirty_minutes_reserve,0.6757429
45,27,da_as_total_mw_thirty_minutes_reserve,0.537505
45,28,total_pjm_self_sched_reg,0.34647173
45,29,net_sched_interchange_mw,0.5047949
45,30,net_actual_interchange_mw,0.49739417
45,31,total_pjm_assigned_reg,0.5502927
45,32,da_as_ss_mw_primary_reserve,0.22392946
45,33,da_as_ss_mw_synchronized_reserve,0.26268855
45,34,da_as_ss_mw_thirty_minutes_reserve,0.43252075
45,35,da_as_as_mw_synchronized_reserve,0.3002586
45,36,total_pjm_rmpcp_cr,0.31563523
45,37,rmpcp,0.27218634
46,1,gross_inadv_interchange_mw,0.4618455
46,2,total_losses,0.8072658
46,3,total_pjm_loc_credit,0.20335414
46,4,da_as_nsr_mw_primary_reserve,0.42603245
46,5,marginal_loss_price_rt,0.37019533
46,6,total_pjm_rmccp_cr,0.035863027
46,7,gross_actual_interchange_mw,0.45007598
46,8,gross_sched_interchange_mw,0.49501184
46,9,total_lmp_rt,0.25480285
46,10,total_lmp_da,0.7980286
46,11,system_energy_price_da,0.8926725
46,12,system_energy_price_rt,0.35597077
46,13,marginal_loss_price_da,0.66215885
46,14,total_pjm_reg_purchases,0.50785524
46,15,da_as_mcp_synchronized_reserve,0.6929611
46,16,da_as_mcp_primary_reserve,0.20550728
46,17,da_as_as_req_mw_synchronized_reserve,0.52816623
46,18,da_as_as_req_mw_thirty_minutes_reserve,0.40632173
46,19,da_as_as_mw_primary_reserve,0.39386526
46,20,da_as_as_req_mw_primary_reserve,0.3184214
46,21,da_as_total_mw_primary_reserve,0.13435356
46,22,congestion_price_rt,0.34826207
46,23,congestion_price_da,0.4183084
46,24,rmccp,0.115477465
46,25,net_inadv_interchange_mw,0.3114981
46,26,da_as_as_mw_thirty_minutes_reserve,0.6657975
46,27,da_as_total_mw_thirty_minutes_reserve,0.52623194
46,28,total_pjm_self_sched_reg,0.34048507
46,29,net_sched_interchange_mw,0.4992081
46,30,net_actual_interchange_mw,0.49166226
46,31,total_pjm_assigned_reg,0.54132456
46,32,da_as_ss_mw_primary_reserve,0.21769994
46,33,da_as_ss_mw_synchronized_reserve,0.25457573
46,34,da_as_ss_mw_thirty_minutes_reserve,0.4279641
46,35,da_as_as_mw_synchronized_reserve,0.29814953
46,36,total_pjm_rmpcp_cr,0.30453512
46,37,rmpcp,0.2693321
47,1,gross_inadv_interchange_mw,0.4579061
47,2,total_losses,0.8017107
47,3,total_pjm_loc_credit,0.20970277
47,4,da_as_nsr_mw_primary_reserve,0.4181173
47,5,marginal_loss_price_rt,0.34807497
47,6,total_pjm_rmccp_cr,0.027696509
47,7,gross_actual_interchange_mw,0.44433722
47,8,gross_sched_interchange_mw,0.48231015
47,9,total_lmp_rt,0.25702935
47,10,total_lmp_da,0.79151577
47,11,system_energy_price_da,0.88888395
47,12,system_energy_price_rt,0.34879908
47,13,marginal_loss_price_da,0.65134585
47,14,total_pjm_reg_purchases,0.49968913
47,15,da_as_mcp_synchronized_reserve,0.6870991
47,16,da_as_mcp_primary_reserve,0.20007023
47,17,da_as_as_req_mw_synchronized_reserve,0.5228563
47,18,da_as_as_req_mw_thirty_minutes_reserve,0.40358382
47,19,da_as_as_mw_primary_reserve,0.38515484
47,20,da_as_as_req_mw_primary_reserve,0.30718455
47,21,da_as_total_mw_primary_reserve,0.12403344
47,22,congestion_price_rt,0.33883858
47,23,congestion_price_da,0.41468695
47,24,rmccp,0.12092253
47,25,net_inadv_interchange_mw,0.30503106
47,26,da_as_as_mw_thirty_minutes_reserve,0.65952635
47,27,da_as_total_mw_thirty_minutes_reserve,0.5222819
47,28,total_pjm_self_sched_reg,0.3331321
47,29,net_sched_interchange_mw,0.49343124
47,30,net_actual_interchange_mw,0.48510015
47,31,total_pjm_assigned_reg,0.5324255
47,32,da_as_ss_mw_primary_reserve,0.20979552
47,33,da_as_ss_mw_synchronized_reserve,0.24525064
47,34,da_as_ss_mw_thirty_minutes_reserve,0.419434
47,35,da_as_as_mw_synchronized_reserve,0.28580058
47,36,total_pjm_rmpcp_cr,0.30185053
47,37,rmpcp,0.25675806
48,1,gross_inadv_interchange_mw,0.45111707
48,2,total_losses,0.79282385
48,3,total_pjm_loc_credit,0.19872479
48,4,da_as_nsr_mw_primary_reserve,0.40938348
48,5,marginal_loss_price_rt,0.34372368
48,6,total_pjm_rmccp_cr,0.019171966
48,7,gross_actual_interchange_mw,0.43592125
48,8,gross_sched_interchange_mw,0.472608
48,9,total_lmp_rt,0.2428825
48,10,total_lmp_da,0.78634566
48,11,system_energy_price_da,0.8817884
48,12,system_energy_price_rt,0.3422866
48,13,marginal_loss_price_da,0.6465752
48,14,total_pjm_reg_purchases,0.49480268
48,15,da_as_mcp_synchronized_reserve,0.6776783
48,16,da_as_mcp_primary_reserve,0.1865938
48,17,da_as_as_req_mw_synchronized_reserve,0.51399636
48,18,da_as_as_req_mw_thirty_minutes_reserve,0.39687228
48,19,da_as_as_mw_primary_reserve,0.3808309
48,20,da_as_as_req_mw_primary_reserve,0.29538178
48,21,da_as_total_mw_primary_reserve,0.11882208
48,22,congestion_price_rt,0.33476648
48,23,congestion_price_da,0.4066667
48,24,rmccp,0.11814632
48,25,net_inadv_interchange_mw,0.30682188
48,26,da_as_as_mw_thirty_minutes_reserve,0.65002495
48,27,da_as_total_mw_thirty_minutes_reserve,0.51176524
48,28,total_pjm_self_sched_reg,0.3283518
48,29,net_sched_interchange_mw,0.48556197
48,30,net_actual_interchange_mw,0.47766283
48,31,total_pjm_assigned_reg,0.5235626
48,32,da_as_ss_mw_primary_reserve,0.20538208
48,33,da_as_ss_mw_synchronized_reserve,0.24067318
48,34,da_as_ss_mw_thirty_minutes_reserve,0.41378614
48,35,da_as_as_mw_synchronized_reserve,0.2850755
48,36,total_pjm_rmpcp_cr,0.29404977
48,37,rmpcp,0.25739372
49,1,gross_inadv_interchange_mw,0.44113535
49,2,total_losses,0.7833414
49,3,total_pjm_loc_credit,0.1910909
49,4,da_as_nsr_mw_primary_reserve,0.40221915
49,5,marginal_loss_price_rt,0.3395924
49,6,total_pjm_rmccp_cr,0.010759178
49,7,gross_actual_interchange_mw,0.4329754
49,8,gross_sched_interchange_mw,0.4664838
49,9,total_lmp_rt,0.23454866
49,10,total_lmp_da,0.7794967
49,11,system_energy_price_da,0.8775311
49,12,system_energy_price_rt,0.33133155
49,13,marginal_loss_price_da,0.6415694
49,14,total_pjm_reg_purchases,0.48775843
49,15,da_as_mcp_synchronized_reserve,0.66959184
49,16,da_as_mcp_primary_reserve,0.18010402
49,17,da_as_as_req_mw_synchronized_reserve,0.5083945
49,18,da_as_as_req_mw_thirty_minutes_reserve,0.38572922
49,19,da_as_as_mw_primary_reserve,0.37745392
49,20,da_as_as_req_mw_primary_reserve,0.28721932
49,21,da_as_total_mw_primary_reserve,0.11270714
49,22,congestion_price_rt,0.32869685
49,23,congestion_price_da,0.39996815
49,24,rmccp,0.12357719
49,25,net_inadv_interchange_mw,0.29592296
49,26,da_as_as_mw_thirty_minutes_reserve,0.6409175
49,27,da_as_total_mw_thirty_minutes_reserve,0.50186485
49,28,total_pjm_self_sched_reg,0.324465
49,29,net_sched_interchange_mw,0.47331247
49,30,net_actual_interchange_mw,0.46537885
49,31,total_pjm_assigned_reg,0.5100054
49,32,da_as_ss_mw_primary_reserve,0.19987005
49,33,da_as_ss_mw_synchronized_reserve,0.23787282
49,34,da_as_ss_mw_thirty_minutes_reserve,0.4082186
49,35,da_as_as_mw_synchronized_reserve,0.27540356
49,36,total_pjm_rmpcp_cr,0.2882729
49,37,rmpcp,0.248353
50,1,gross_inadv_interchange_mw,0.43516153
50,2,total_losses,0.7785153
50,3,total_pjm_loc_credit,0.18398637
50,4,da_as_nsr_mw_primary_reserve,0.39782268
50,5,marginal_loss_price_rt,0.32876185
50,6,total_pjm_rmccp_cr,0.006737238
50,7,gross_actual_interchange_mw,0.42695937
50,8,gross_sched_interchange_mw,0.4612911
50,9,total_lmp_rt,0.22871369
50,10,total_lmp_da,0.77052885
50,11,system_energy_price_da,0.87053823
50,12,system_energy_price_rt,0.3289807
50,13,marginal_loss_price_da,0.6314864
50,14,total_pjm_reg_purchases,0.4777131
50,15,da_as_mcp_synchronized_reserve,0.663694
50,16,da_as_mcp_primary_reserve,0.17333882
50,17,da_as_as_req_mw_synchronized_reserve,0.49813285
50,18,da_as_as_req_mw_thirty_minutes_reserve,0.38090926
50,19,da_as_as_mw_primary_reserve,0.36916116
50,20,da_as_as_req_mw_primary_reserve,0.2823827
50,21,da_as_total_mw_primary_reserve,0.10642995
50,22,congestion_price_rt,0.33017474
50,23,congestion_price_da,0.3919063
50,24,rmccp,0.119828
50,25,net_inadv_interchange_mw,0.28978753
50,26,da_as_as_mw_thirty_minutes_reserve,0.6383744
50,27,da_as_total_mw_thirty_minutes_reserve,0.49898374
50,28,total_pjm_self_sched_reg,0.31912768
50,29,net_sched_interchange_mw,0.4703196
50,30,net_actual_interchange_mw,0.4582492
50,31,total_pjm_assigned_reg,0.5063701
50,32,da_as_ss_mw_primary_reserve,0.19376063
50,33,da_as_ss_mw_synchronized_reserve,0.23336615
50,34,da_as_ss_mw_thirty_minutes_reserve,0.40565878
50,35,da_as_as_mw_synchronized_reserve,0.2687524
50,36,total_pjm_rmpcp_cr,0.2832176
50,37,rmpcp,0.24866949
51,1,gross_inadv_interchange_mw,0.4249181
51,2,total_losses,0.76988757
51,3,total_pjm_loc_credit,0.18588574
51,4,da_as_nsr_mw_primary_reserve,0.39141992
51,5,marginal_loss_price_rt,0.3230535
51,6,total_pjm_rmccp_cr,0.0024510887
51,7,gross_actual_interchange_mw,0.41803455
51,8,gross_sched_interchange_mw,0.45528913
51,9,total_lmp_rt,0.22175127
51,10,total_lmp_da,0.7625086
51,11,system_energy_price_da,0.8660173
51,12,system_energy_price_rt,0.32460544
51,13,marginal_loss_price_da,0.62475026
51,14,total_pjm_reg_purchases,0.4705696
51,15,da_as_mcp_synchronized_reserve,0.6539333
51,16,da_as_mcp_primary_reserve,0.1658092
51,17,da_as_as_req_mw_synchronized_reserve,0.49086913
51,18,da_as_as_req_mw_thirty_minutes_reserve,0.3767613
51,19,da_as_as_mw_primary_reserve,0.36712873
51,20,da_as_as_req_mw_primary_reserve,0.27405116
51,21,da_as_total_mw_primary_reserve,0.101989105
51,22,congestion_price_rt,0.32396403
51,23,congestion_price_da,0.38717055
51,24,rmccp,0.11671438
51,25,net_inadv_interchange_mw,0.28231138
51,26,da_as_as_mw_thirty_minutes_reserve,0.62867886
51,27,da_as_total_mw_thirty_minutes_reserve,0.48331434
51,28,total_pjm_self_sched_reg,0.3113616
51,29,net_sched_interchange_mw,0.46282214
51,30,net_actual_interchange_mw,0.44797763
51,31,total_pjm_assigned_reg,0.49852943
51,32,da_as_ss_mw_primary_reserve,0.18950206
51,33,da_as_ss_mw_synchronized_reserve,0.22684449
51,34,da_as_ss_mw_thirty_minutes_reserve,0.40102306
51,35,da_as_as_mw_synchronized_reserve,0.2672048
51,36,total_pjm_rmpcp_cr,0.2811514
51,37,rmpcp,0.2394891
52,1,gross_inadv_interchange_mw,0.4203526
52,2,total_losses,0.76267225
52,3,total_pjm_loc_credit,0.18630594
52,4,da_as_nsr_mw_primary_reserve,0.38244468
52,5,marginal_loss_price_rt,0.3191351
52,6,total_pjm_rmccp_cr,0.003802359
52,7,gross_actual_interchange_mw,0.41376868
52,8,gross_sched_interchange_mw,0.44731113
52,9,total_lmp_rt,0.21608004
52,10,total_lmp_da,0.75742453
52,11,system_energy_price_da,0.8612154
52,12,system_energy_price_rt,0.31694338
52,13,marginal_loss_price_da,0.61740565
52,14,total_pjm_reg_purchases,0.46835738
52,15,da_as_mcp_synchronized_reserve,0.64855576
52,16,da_as_mcp_primary_reserve,0.15844028
52,17,da_as_as_req_mw_synchronized_reserve,0.48238093
52,18,da_as_as_req_mw_thirty_minutes_reserve,0.3680364
52,19,da_as_as_mw_primary_reserve,0.35646898
52,20,da_as_as_req_mw_primary_reserve,0.26304245
52,21,da_as_total_mw_primary_reserve,0.09221391
52,22,congestion_price_rt,0.31588113
52,23,congestion_price_da,0.3856103
52,24,rmccp,0.12100303
52,25,net_inadv_interchange_mw,0.28118297
52,26,da_as_as_mw_thirty_minutes_reserve,0.62093186
52,27,da_as_total_mw_thirty_minutes_reserve,0.47652665
52,28,total_pjm_self_sched_reg,0.30774108
52,29,net_sched_interchange_mw,0.45443472
52,30,net_actual_interchange_mw,0.43611518
52,31,total_pjm_assigned_reg,0.4906602
52,32,da_as_ss_mw_primary_reserve,0.18601641
52,33,da_as_ss_mw_synchronized_reserve,0.22207366
52,34,da_as_ss_mw_thirty_minutes_reserve,0.3952196
52,35,da_as_as_mw_synchronized_reserve,0.26262495
52,36,total_pjm_rmpcp_cr,0.27708277
52,37,rmpcp,0.23671252
53,1,gross_inadv_interchange_mw,0.41141766
53,2,total_losses,0.7563707
53,3,total_pjm_loc_credit,0.18657836
53,4,da_as_nsr_mw_primary_reserve,0.38093618
53,5,marginal_loss_price_rt,0.3073532
53,6,total_pjm_rmccp_cr,0.001486329
53,7,gross_actual_interchange_mw,0.40911818
53,8,gross_sched_interchange_mw,0.44240803
53,9,total_lmp_rt,0.21282221
53,10,total_lmp_da,0.7499984
53,11,system_energy_price_da,0.8567475
53,12,system_energy_price_rt,0.31217054
53,13,marginal_loss_price_da,0.61035216
53,14,total_pjm_reg_purchases,0.4580274
53,15,da_as_mcp_synchronized_reserve,0.6424982
53,16,da_as_mcp_primary_reserve,0.15265451
53,17,da_as_as_req_mw_synchronized_reserve,0.48015293
53,18,da_as_as_req_mw_thirty_minutes_reserve,0.36753955
53,19,da_as_as_mw_primary_reserve,0.357567
53,20,da_as_as_req_mw_primary_reserve,0.25658804
53,21,da_as_total_mw_primary_reserve,0.08924546
53,22,congestion_price_rt,0.31313124
53,23,congestion_price_da,0.37962916
53,24,rmccp,0.10977274
53,25,net_inadv_interchange_mw,0.27283466
53,26,da_as_as_mw_thirty_minutes_reserve,0.6128816
53,27,da_as_total_mw_thirty_minutes_reserve,0.46554205
53,28,total_pjm_self_sched_reg,0.3034025
53,29,net_sched_interchange_mw,0.44636664
53,30,net_actual_interchange_mw,0.42975703
53,31,total_pjm_assigned_reg,0.48125243
53,32,da_as_ss_mw_primary_reserve,0.17887804
53,33,da_as_ss_mw_synchronized_reserve,0.21492411
53,34,da_as_ss_mw_thirty_minutes_reserve,0.39349055
53,35,da_as_as_mw_synchronized_reserve,0.2549744
53,36,total_pjm_rmpcp_cr,0.27014908
53,37,rmpcp,0.23027544
54,1,gross_inadv_interchange_mw,0.40934297
54,2,total_losses,0.75262016
54,3,total_pjm_loc_credit,0.17942445
54,4,da_as_nsr_mw_primary_reserve,0.37442088
54,5,marginal_loss_price_rt,0.30529076
54,6,total_pjm_rmccp_cr,0.007712123
54,7,gross_actual_interchange_mw,0.39934564
54,8,gross_sched_interchange_mw,0.43558544
54,9,total_lmp_rt,0.20669085
54,10,total_lmp_da,0.74360466
54,11,system_energy_price_da,0.8521807
54,12,system_energy_price_rt,0.30530345
54,13,marginal_loss_price_da,0.6014287
54,14,total_pjm_reg_purchases,0.45044354
54,15,da_as_mcp_synchronized_reserve,0.63285536
54,16,da_as_mcp_primary_reserve,0.14697002
54,17,da_as_as_req_mw_synchronized_reserve,0.47130114
54,18,da_as_as_req_mw_thirty_minutes_reserve,0.36503878
54,19,da_as_as_mw_primary_reserve,0.35243157
54,20,da_as_as_req_mw_primary_reserve,0.25014028
54,21,da_as_total_mw_primary_reserve,0.08205351
54,22,congestion_price_rt,0.3044031
54,23,congestion_price_da,0.3733101
54,24,rmccp,0.10998024
54,25,net_inadv_interchange_mw,0.2691567
54,26,da_as_as_mw_thirty_minutes_reserve,0.6081367
54,27,da_as_total_mw_thirty_minutes_reserve,0.4593862
54,28,total_pjm_self_sched_reg,0.3008484
54,29,net_sched_interchange_mw,0.4431045
54,30,net_actual_interchange_mw,0.42436093
54,31,total_pjm_assigned_reg,0.47318116
54,32,da_as_ss_mw_primary_reserve,0.17571482
54,33,da_as_ss_mw_synchronized_reserve,0.2083407
54,34,da_as_ss_mw_thirty_minutes_reserve,0.38529977
54,35,da_as_as_mw_synchronized_reserve,0.24917915
54,36,total_pjm_rmpcp_cr,0.2662848
54,37,rmpcp,0.22623728
55,1,gross_inadv_interchange_mw,0.40234286
55,2,total_losses,0.74422896
55,3,total_pjm_loc_credit,0.17622976
55,4,da_as_nsr_mw_primary_reserve,0.36777094
55,5,marginal_loss_price_rt,0.2945623
55,6,total_pjm_rmccp_cr,-0.00060142594
55,7,gross_actual_interchange_mw,0.39278102
55,8,gross_sched_interchange_mw,0.42969605
55,9,total_lmp_rt,0.19631019
55,10,total_lmp_da,0.73824024
55,11,system_energy_price_da,0.8480413
55,12,system_energy_price_rt,0.30040428
55,13,marginal_loss_price_da,0.59385854
55,14,total_pjm_reg_purchases,0.445373
55,15,da_as_mcp_synchronized_reserve,0.6257353
55,16,da_as_mcp_primary_reserve,0.1419461
55,17,da_as_as_req_mw_synchronized_reserve,0.46718743
55,18,da_as_as_req_mw_thirty_minutes_reserve,0.35587382
55,19,da_as_as_mw_primary_reserve,0.3463399
55,20,da_as_as_req_mw_primary_reserve,0.2461064
55,21,da_as_total_mw_primary_reserve,0.075306185
55,22,congestion_price_rt,0.30191687
55,23,congestion_price_da,0.36848444
55,24,rmccp,0.10204268
55,25,net_inadv_interchange_mw,0.26013196
55,26,da_as_as_mw_thirty_minutes_reserve,0.5990412
55,27,da_as_total_mw_thirty_minutes_reserve,0.44842154
55,28,total_pjm_self_sched_reg,0.29590315
55,29,net_sched_interchange_mw,0.43449634
55,30,net_actual_interchange_mw,0.4113405
55,31,total_pjm_assigned_reg,0.46732333
55,32,da_as_ss_mw_primary_reserve,0.1700513
55,33,da_as_ss_mw_synchronized_reserve,0.20388052
55,34,da_as_ss_mw_thirty_minutes_reserve,0.3817534
55,35,da_as_as_mw_synchronized_reserve,0.24395795
55,36,total_pjm_rmpcp_cr,0.25896686
55,37,rmpcp,0.2251868
56,1,gross_inadv_interchange_mw,0.39937884
56,2,total_losses,0.73943186
56,3,total_pjm_loc_credit,0.1720086
56,4,da_as_nsr_mw_primary_reserve,0.35945764
56,5,marginal_loss_price_rt,0.2939427
56,6,total_pjm_rmccp_cr,0.0018450009
56,7,gross_actual_interchange_mw,0.38772786
56,8,gross_sched_interchange_mw,0.41887274
56,9,total_lmp_rt,0.19042335
56,10,total_lmp_da,0.730365
56,11,system_energy_price_da,0.8430274
56,12,system_energy_price_rt,0.29474774
56,13,marginal_loss_price_da,0.5885097
56,14,total_pjm_reg_purchases,0.43722793
56,15,da_as_mcp_synchronized_reserve,0.6196787
56,16,da_as_mcp_primary_reserve,0.13390858
56,17,da_as_as_req_mw_synchronized_reserve,0.45743233
56,18,da_as_as_req_mw_thirty_minutes_reserve,0.35293046
56,19,da_as_as_mw_primary_reserve,0.3373906
56,20,da_as_as_req_mw_primary_reserve,0.2366774
56,21,da_as_total_mw_primary_reserve,0.07044825
56,22,congestion_price_rt,0.29517296
56,23,congestion_price_da,0.36616826
56,24,rmccp,0.10392123
56,25,net_inadv_interchange_mw,0.25966576
56,26,da_as_as_mw_thirty_minutes_reserve,0.5940239
56,27,da_as_total_mw_thirty_minutes_reserve,0.44293615
56,28,total_pjm_self_sched_reg,0.29130042
56,29,net_sched_interchange_mw,0.42777717
56,30,net_actual_interchange_mw,0.40695906
56,31,total_pjm_assigned_reg,0.45766094
56,32,da_as_ss_mw_primary_reserve,0.16652682
56,33,da_as_ss_mw_synchronized_reserve,0.20365615
56,34,da_as_ss_mw_thirty_minutes_reserve,0.37911022
56,35,da_as_as_mw_synchronized_reserve,0.23782782
56,36,total_pjm_rmpcp_cr,0.26194832
56,37,rmpcp,0.21757263
57,1,gross_inadv_interchange_mw,0.39250946
57,2,total_losses,0.7304529
57,3,total_pjm_loc_credit,0.16951254
57,4,da_as_nsr_mw_primary_reserve,0.35746643
57,5,marginal_loss_price_rt,0.28327972
57,6,total_pjm_rmccp_cr,0.0005587594
57,7,gross_actual_interchange_mw,0.38221133
57,8,gross_sched_interchange_mw,0.41623068
57,9,total_lmp_rt,0.18689348
57,10,total_lmp_da,0.7238184
57,11,system_energy_price_da,0.8385429
57,12,system_energy_price_rt,0.2912224
57,13,marginal_loss_price_da,0.5814512
57,14,total_pjm_reg_purchases,0.4309571
57,15,da_as_mcp_synchronized_reserve,0.61146873
57,16,da_as_mcp_primary_reserve,0.13260424
57,17,da_as_as_req_mw_synchronized_reserve,0.4520813
57,18,da_as_as_req_mw_thirty_minutes_reserve,0.35048714
57,19,da_as_as_mw_primary_reserve,0.33242097
57,20,da_as_as_req_mw_primary_reserve,0.2337899
57,21,da_as_total_mw_primary_reserve,0.06469088
57,22,congestion_price_rt,0.29658505
57,23,congestion_price_da,0.3578579
57,24,rmccp,0.09782912
57,25,net_inadv_interchange_mw,0.25384513
57,26,da_as_as_mw_thirty_minutes_reserve,0.5876337
57,27,da_as_total_mw_thirty_minutes_reserve,0.43484053
57,28,total_pjm_self_sched_reg,0.28368273
57,29,net_sched_interchange_mw,0.41998833
57,30,net_actual_interchange_mw,0.39782184
57,31,total_pjm_assigned_reg,0.4515043
57,32,da_as_ss_mw_primary_reserve,0.15963522
57,33,da_as_ss_mw_synchronized_reserve,0.1980478
57,34,da_as_ss_mw_thirty_minutes_reserve,0.37675807
57,35,da_as_as_mw_synchronized_reserve,0.23616457
57,36,total_pjm_rmpcp_cr,0.25402018
57,37,rmpcp,0.21714887
58,1,gross_inadv_interchange_mw,0.38607046
58,2,total_losses,0.72631586
58,3,total_pjm_loc_credit,0.16438903
58,4,da_as_nsr_mw_primary_reserve,0.3511645
58,5,marginal_loss_price_rt,0.2750112
58,6,total_pjm_rmccp_cr,0.0013953588
58,7,gross_actual_interchange_mw,0.38264605
58,8,gross_sched_interchange_mw,0.40897974
58,9,total_lmp_rt,0.18066242
58,10,total_lmp_da,0.71764094
58,11,system_energy_price_da,0.8342991
58,12,system_energy_price_rt,0.28637245
58,13,marginal_loss_price_da,0.57515687
58,14,total_pjm_reg_purchases,0.42414206
58,15,da_as_mcp_synchronized_reserve,0.6045804
58,16,da_as_mcp_primary_reserve,0.12307842
58,17,da_as_as_req_mw_synchronized_reserve,0.44312027
58,18,da_as_as_req_mw_thirty_minutes_reserve,0.34339288
58,19,da_as_as_mw_primary_reserve,0.32822677
58,20,da_as_as_req_mw_primary_reserve,0.22527328
58,21,da_as_total_mw_primary_reserve,0.061917022
58,22,congestion_price_rt,0.28673586
58,23,congestion_price_da,0.35773653
58,24,rmccp,0.10025351
58,25,net_inadv_interchange_mw,0.25017366
58,26,da_as_as_mw_thirty_minutes_reserve,0.58095896
58,27,da_as_total_mw_thirty_minutes_reserve,0.4294252
58,28,total_pjm_self_sched_reg,0.2783332
58,29,net_sched_interchange_mw,0.41369113
58,30,net_actual_interchange_mw,0.39040256
58,31,total_pjm_assigned_reg,0.4449043
58,32,da_as_ss_mw_primary_reserve,0.15756693
58,33,da_as_ss_mw_synchronized_reserve,0.1872573
58,34,da_as_ss_mw_thirty_minutes_reserve,0.36730993
58,35,da_as_as_mw_synchronized_reserve,0.23124531
58,36,total_pjm_rmpcp_cr,0.24741378
58,37,rmpcp,0.21239366
59,1,gross_inadv_interchange_mw,0.38395172
59,2,total_losses,0.7158397
59,3,total_pjm_loc_credit,0.16320157
59,4,da_as_nsr_mw_primary_reserve,0.34738934
59,5,marginal_loss_price_rt,0.2736044
59,6,total_pjm_rmccp_cr,-0.0002145569
59,7,gross_actual_interchange_mw,0.37500495
59,8,gross_sched_interchange_mw,0.4038378
59,9,total_lmp_rt,0.17477867
59,10,total_lmp_da,0.71202785
59,11,system_energy_price_da,0.82952994
59,12,system_energy_price_rt,0.28296483
59,13,marginal_loss_price_da,0.5673379
59,14,total_pjm_reg_purchases,0.41847932
59,15,da_as_mcp_synchronized_reserve,0.59466165
59,16,da_as_mcp_primary_reserve,0.11758802
59,17,da_as_as_req_mw_synchronized_reserve,0.43726194
59,18,da_as_as_req_mw_thirty_minutes_reserve,0.33973858
59,19,da_as_as_mw_primary_reserve,0.32739833
59,20,da_as_as_req_mw_primary_reserve,0.22278164
59,21,da_as_total_mw_primary_reserve,0.05692912
59,22,congestion_price_rt,0.28156418
59,23,congestion_price_da,0.35341266
59,24,rmccp,0.10438963
59,25,net_inadv_interchange_mw,0.2492279
59,26,da_as_as_mw_thirty_minutes_reserve,0.5733544
59,27,da_as_total_mw_thirty_minutes_reserve,0.4200966
59,28,total_pjm_self_sched_reg,0.27605635
59,29,net_sched_interchange_mw,0.41130581
59,30,net_actual_interchange_mw,0.3845809
59,31,total_pjm_assigned_reg,0.4411418
59,32,da_as_ss_mw_primary_reserve,0.15163474
59,33,da_as_ss_mw_synchronized_reserve,0.1827327
59,34,da_as_ss_mw_thirty_minutes_reserve,0.3633257
59,35,da_as_as_mw_synchronized_reserve,0.22515225
59,36,total_pjm_rmpcp_cr,0.24713637
59,37,rmpcp,0.20946491
60,1,gross_inadv_interchange_mw,0.37743968
60,2,total_losses,0.7126634
60,3,total_pjm_loc_credit,0.16182856
60,4,da_as_nsr_mw_primary_reserve,0.3434449
60,5,marginal_loss_price_rt,0.2667615
60,6,total_pjm_rmccp_cr,0.0002662536
60,7,gross_actual_interchange_mw,0.36766452
60,8,gross_sched_interchange_mw,0.39612764
60,9,total_lmp_rt,0.17230555
60,10,total_lmp_da,0.70178604
60,11,system_energy_price_da,0.8228838
60,12,system_energy_price_rt,0.27964923
60,13,marginal_loss_price_da,0.56109977
60,14,total_pjm_reg_purchases,0.41541958
60,15,da_as_mcp_synchronized_reserve,0.59185696
60,16,da_as_mcp_primary_reserve,0.11315785
60,17,da_as_as_req_mw_synchronized_reserve,0.4319432
60,18,da_as_as_req_mw_thirty_minutes_reserve,0.3327494
60,19,da_as_as_mw_primary_reserve,0.32040113
60,20,da_as_as_req_mw_primary_reserve,0.21531913
60,21,da_as_total_mw_primary_reserve,0.048429646
60,22,congestion_price_rt,0.27401268
60,23,congestion_price_da,0.3468663
60,24,rmccp,0.099506795
60,25,net_inadv_interchange_mw,0.23928633
60,26,da_as_as_mw_thirty_minutes_reserve,0.56788623
60,27,da_as_total_mw_thirty_minutes_reserve,0.415823
60,28,total_pjm_self_sched_reg,0.27281225
60,29,net_sched_interchange_mw,0.40312025
60,30,net_actual_interchange_mw,0.37530106
60,31,total_pjm_assigned_reg,0.43013504
60,32,da_as_ss_mw_primary_reserve,0.14758109
60,33,da_as_ss_mw_synchronized_reserve,0.17536774
60,34,da_as_ss_mw_thirty_minutes_reserve,0.35962042
60,35,da_as_as_mw_synchronized_reserve,0.22261004
60,36,total_pjm_rmpcp_cr,0.24222112
60,37,rmpcp,0.20534523
61,1,gross_inadv_interchange_mw,0.36935818
61,2,total_losses,0.7051084
61,3,total_pjm_loc_credit,0.15749882
61,4,da_as_nsr_mw_primary_reserve,0.33568946
61,5,marginal_loss_price_rt,0.25570673
61,6,total_pjm_rmccp_cr,0.0038559667
61,7,gross_actual_interchange_mw,0.35962605
61,8,gross_sched_interchange_mw,0.3901365
61,9,total_lmp_rt,0.16498606
61,10,total_lmp_da,0.69489914
61,11,system_energy_price_da,0.8178338
61,12,system_energy_price_rt,0.27158937
61,13,marginal_loss_price_da,0.5563964
61,14,total_pjm_reg_purchases,0.4059028
61,15,da_as_mcp_synchronized_reserve,0.5864259
61,16,da_as_mcp_primary_reserve,0.11349846
61,17,da_as_as_req_mw_synchronized_reserve,0.42678264
61,18,da_as_as_req_mw_thirty_minutes_reserve,0.33214417
61,19,da_as_as_mw_primary_reserve,0.3152769
61,20,da_as_as_req_mw_primary_reserve,0.20891646
61,21,da_as_total_mw_primary_reserve,0.042217694
61,22,congestion_price_rt,0.27819127
61,23,congestion_price_da,0.33836734
61,24,rmccp,0.09665485
61,25,net_inadv_interchange_mw,0.23823881
61,26,da_as_as_mw_thirty_minutes_reserve,0.5621856
61,27,da_as_total_mw_thirty_minutes_reserve,0.40695885
61,28,total_pjm_self_sched_reg,0.27109218
61,29,net_sched_interchange_mw,0.39984646
61,30,net_actual_interchange_mw,0.3698787
61,31,total_pjm_assigned_reg,0.42267132
61,32,da_as_ss_mw_primary_reserve,0.14641353
61,33,da_as_ss_mw_synchronized_reserve,0.17392018
61,34,da_as_ss_mw_thirty_minutes_reserve,0.3561101
61,35,da_as_as_mw_synchronized_reserve,0.21767512
61,36,total_pjm_rmpcp_cr,0.24137205
61,37,rmpcp,0.20078996
62,1,gross_inadv_interchange_mw,0.3645579
62,2,total_losses,0.69894785
62,3,total_pjm_loc_credit,0.15794948
62,4,da_as_nsr_mw_primary_reserve,0.33023912
62,5,marginal_loss_price_rt,0.25259233
62,6,total_pjm_rmccp_cr,0.0012641515
62,7,gross_actual_interchange_mw,0.35649288
62,8,gross_sched_interchange_mw,0.38607433
62,9,total_lmp_rt,0.15568723
62,10,total_lmp_da,0.6890409
62,11,system_energy_price_da,0.8127191
62,12,system_energy_price_rt,0.26062256
62,13,marginal_loss_price_da,0.55136627
62,14,total_pjm_reg_purchases,0.4012735
62,15,da_as_mcp_synchronized_reserve,0.5788543
62,16,da_as_mcp_primary_reserve,0.11146374
62,17,da_as_as_req_mw_synchronized_reserve,0.42279238
62,18,da_as_as_req_mw_thirty_minutes_reserve,0.3276779
62,19,da_as_as_mw_primary_reserve,0.31636867
62,20,da_as_as_req_mw_primary_reserve,0.20726049
62,21,da_as_total_mw_primary_reserve,0.044413876
62,22,congestion_price_rt,0.2700537
62,23,congestion_price_da,0.33867693
62,24,rmccp,0.09969047
62,25,net_inadv_interchange_mw,0.23713568
62,26,da_as_as_mw_thirty_minutes_reserve,0.5535304
62,27,da_as_total_mw_thirty_minutes_reserve,0.3956894
62,28,total_pjm_self_sched_reg,0.2676385
62,29,net_sched_interchange_mw,0.39527225
62,30,net_actual_interchange_mw,0.3635149
62,31,total_pjm_assigned_reg,0.42012873
62,32,da_as_ss_mw_primary_reserve,0.13983248
62,33,da_as_ss_mw_synchronized_reserve,0.16809526
62,34,da_as_ss_mw_thirty_minutes_reserve,0.3526848
62,35,da_as_as_mw_synchronized_reserve,0.20742647
62,36,total_pjm_rmpcp_cr,0.23176044
62,37,rmpcp,0.20109917
63,1,gross_inadv_interchange_mw,0.35957158
63,2,total_losses,0.6908935
63,3,total_pjm_loc_credit,0.15262419
63,4,da_as_nsr_mw_primary_reserve,0.32445395
63,5,marginal_loss_price_rt,0.24507174
63,6,total_pjm_rmccp_cr,0.00095088204
63,7,gross_actual_interchange_mw,0.35132983
63,8,gross_sched_interchange_mw,0.38352334
63,9,total_lmp_rt,0.15996975
63,10,total_lmp_da,0.68298423
63,11,system_energy_price_da,0.80913454
63,12,system_energy_price_rt,0.26494712
63,13,marginal_loss_price_da,0.54392236
63,14,total_pjm_reg_purchases,0.39487594
63,15,da_as_mcp_synchronized_reserve,0.57152605
63,16,da_as_mcp_primary_reserve,0.10665201
63,17,da_as_as_req_mw_synchronized_reserve,0.41172385
63,18,da_as_as_req_mw_thirty_minutes_reserve,0.32258338
63,19,da_as_as_mw_primary_reserve,0.31133714
63,20,da_as_as_req_mw_primary_reserve,0.196108
63,21,da_as_total_mw_primary_reserve,0.041826397
63,22,congestion_price_rt,0.26362792
63,23,congestion_price_da,0.32917312
63,24,rmccp,0.09342568
63,25,net_inadv_interchange_mw,0.232246
63,26,da_as_as_mw_thirty_minutes_reserve,0.549731
63,27,da_as_total_mw_thirty_minutes_reserve,0.39111108
63,28,total_pjm_self_sched_reg,0.26329008
63,29,net_sched_interchange_mw,0.39014944
63,30,net_actual_interchange_mw,0.35860205
63,31,total_pjm_assigned_reg,0.40918332
63,32,da_as_ss_mw_primary_reserve,0.13778077
63,33,da_as_ss_mw_synchronized_reserve,0.1663391
63,34,da_as_ss_mw_thirty_minutes_reserve,0.34995386
63,35,da_as_as_mw_synchronized_reserve,0.20851286
63,36,total_pjm_rmpcp_cr,0.23164947
63,37,rmpcp,0.19333155
64,1,gross_inadv_interchange_mw,0.35847282
64,2,total_losses,0.6854362
64,3,total_pjm_loc_credit,0.14741187
64,4,da_as_nsr_mw_primary_reserve,0.3218506
64,5,marginal_loss_price_rt,0.24214639
64,6,total_pjm_rmccp_cr,0.002102225
64,7,gross_actual_interchange_mw,0.34635565
64,8,gross_sched_interchange_mw,0.3778881
64,9,total_lmp_rt,0.15040693
64,10,total_lmp_da,0.6765872
64,11,system_energy_price_da,0.8044076
64,12,system_energy_price_rt,0.26041225
64,13,marginal_loss_price_da,0.5339572
64,14,total_pjm_reg_purchases,0.38954335
64,15,da_as_mcp_synchronized_reserve,0.56590426
64,16,da_as_mcp_primary_reserve,0.0992074
64,17,da_as_as_req_mw_synchronized_reserve,0.40629515
64,18,da_as_as_req_mw_thirty_minutes_reserve,0.31870508
64,19,da_as_as_mw_primary_reserve,0.30998647
64,20,da_as_as_req_mw_primary_reserve,0.19227286
64,21,da_as_total_mw_primary_reserve,0.03678526
64,22,congestion_price_rt,0.25706843
64,23,congestion_price_da,0.3308522
64,24,rmccp,0.09244447
64,25,net_inadv_interchange_mw,0.22995697
64,26,da_as_as_mw_thirty_minutes_reserve,0.541989
64,27,da_as_total_mw_thirty_minutes_reserve,0.3835382
64,28,total_pjm_self_sched_reg,0.2583228
64,29,net_sched_interchange_mw,0.3852044
64,30,net_actual_interchange_mw,0.34955567
64,31,total_pjm_assigned_reg,0.40523717
64,32,da_as_ss_mw_primary_reserve,0.13736458
64,33,da_as_ss_mw_synchronized_reserve,0.16169004
64,34,da_as_ss_mw_thirty_minutes_reserve,0.3448023
64,35,da_as_as_mw_synchronized_reserve,0.20233542
64,36,total_pjm_rmpcp_cr,0.22682112
64,37,rmpcp,0.19019656
65,1,gross_inadv_interchange_mw,0.3519196
65,2,total_losses,0.6809162
65,3,total_pjm_loc_credit,0.14404307
65,4,da_as_nsr_mw_primary_reserve,0.31333008
65,5,marginal_loss_price_rt,0.23426431
65,6,total_pjm_rmccp_cr,0.0002397256
65,7,gross_actual_interchange_mw,0.34187582
65,8,gross_sched_interchange_mw,0.36852065
65,9,total_lmp_rt,0.15073024
65,10,total_lmp_da,0.6694804
65,11,system_energy_price_da,0.7992529
65,12,system_energy_price_rt,0.25783232
65,13,marginal_loss_price_da,0.5302276
65,14,total_pjm_reg_purchases,0.3848212
65,15,da_as_mcp_synchronized_reserve,0.5581771
65,16,da_as_mcp_primary_reserve,0.098804176
65,17,da_as_as_req_mw_synchronized_reserve,0.40285698
65,18,da_as_as_req_mw_thirty_minutes_reserve,0.31613076
65,19,da_as_as_mw_primary_reserve,0.30277693
65,20,da_as_as_req_mw_primary_reserve,0.18910608
65,21,da_as_total_mw_primary_reserve,0.03367887
65,22,congestion_price_rt,0.25717515
65,23,congestion_price_da,0.32446384
65,24,rmccp,0.08887568
65,25,net_inadv_interchange_mw,0.22558351
65,26,da_as_as_mw_thirty_minutes_reserve,0.5342837
65,27,da_as_total_mw_thirty_minutes_reserve,0.37598863
65,28,total_pjm_self_sched_reg,0.25539014
65,29,net_sched_interchange_mw,0.38127106
65,30,net_actual_interchange_mw,0.3427161
65,31,total_pjm_assigned_reg,0.4015035
65,32,da_as_ss_mw_primary_reserve,0.12989917
65,33,da_as_ss_mw_synchronized_reserve,0.15652357
65,34,da_as_ss_mw_thirty_minutes_reserve,0.33947313
65,35,da_as_as_mw_synchronized_reserve,0.19989805
65,36,total_pjm_rmpcp_cr,0.22283037
65,37,rmpcp,0.18793045
66,1,gross_inadv_interchange_mw,0.3498835
66,2,total_losses,0.6731934
66,3,total_pjm_loc_credit,0.14386165
66,4,da_as_nsr_mw_primary_reserve,0.30858412
66,5,marginal_loss_price_rt,0.2278239
66,6,total_pjm_rmccp_cr,0.00351951
66,7,gross_actual_interchange_mw,0.33816034
66,8,gross_sched_interchange_mw,0.36330286
66,9,total_lmp_rt,0.14498428
66,10,total_lmp_da,0.66341853
66,11,system_energy_price_da,0.79518664
66,12,system_energy_price_rt,0.25591168
66,13,marginal_loss_price_da,0.52424675
66,14,total_pjm_reg_purchases,0.3777216
66,15,da_as_mcp_synchronized_reserve,0.55096227
66,16,da_as_mcp_primary_reserve,0.0983407
66,17,da_as_as_req_mw_synchronized_reserve,0.39575368
66,18,da_as_as_req_mw_thirty_minutes_reserve,0.3109032
66,19,da_as_as_mw_primary_reserve,0.29836354
66,20,da_as_as_req_mw_primary_reserve,0.18332839
66,21,da_as_total_mw_primary_reserve,0.025816811
66,22,congestion_price_rt,0.2563273
66,23,congestion_price_da,0.31805685
66,24,rmccp,0.08984827
66,25,net_inadv_interchange_mw,0.22633335
66,26,da_as_as_mw_thirty_minutes_reserve,0.52767
66,27,da_as_total_mw_thirty_minutes_reserve,0.36986476
66,28,total_pjm_self_sched_reg,0.24761198
66,29,net_sched_interchange_mw,0.37193638
66,30,net_actual_interchange_mw,0.33326617
66,31,total_pjm_assigned_reg,0.3917342
66,32,da_as_ss_mw_primary_reserve,0.1302736
66,33,da_as_ss_mw_synchronized_reserve,0.15457149
66,34,da_as_ss_mw_thirty_minutes_reserve,0.3388549
66,35,da_as_as_mw_synchronized_reserve,0.19723095
66,36,total_pjm_rmpcp_cr,0.22309832
66,37,rmpcp,0.18676552
67,1,gross_inadv_interchange_mw,0.34388182
67,2,total_losses,0.66534615
67,3,total_pjm_loc_credit,0.14493382
67,4,da_as_nsr_mw_primary_reserve,0.30397946
67,5,marginal_loss_price_rt,0.22834864
67,6,total_pjm_rmccp_cr,0.0014083338
67,7,gross_actual_interchange_mw,0.3288706
67,8,gross_sched_interchange_mw,0.35704786
67,9,total_lmp_rt,0.13752186
67,10,total_lmp_da,0.6567869
67,11,system_energy_price_da,0.7891318
67,12,system_energy_price_rt,0.2512927
67,13,marginal_loss_price_da,0.5192877
67,14,total_pjm_reg_purchases,0.37258533
67,15,da_as_mcp_synchronized_reserve,0.54314864
67,16,da_as_mcp_primary_reserve,0.09149267
67,17,da_as_as_req_mw_synchronized_reserve,0.38953653
67,18,da_as_as_req_mw_thirty_minutes_reserve,0.30798814
67,19,da_as_as_mw_primary_reserve,0.29708648
67,20,da_as_as_req_mw_primary_reserve,0.17921235
67,21,da_as_total_mw_primary_reserve,0.020147573
67,22,congestion_price_rt,0.25344685
67,23,congestion_price_da,0.3171594
67,24,rmccp,0.08465859
67,25,net_inadv_interchange_mw,0.22007595
67,26,da_as_as_mw_thirty_minutes_reserve,0.5256438
67,27,da_as_total_mw_thirty_minutes_reserve,0.36672994
67,28,total_pjm_self_sched_reg,0.24465357
67,29,net_sched_interchange_mw,0.37062863
67,30,net_actual_interchange_mw,0.3305198
67,31,total_pjm_assigned_reg,0.38701946
67,32,da_as_ss_mw_primary_reserve,0.123112544
67,33,da_as_ss_mw_synchronized_reserve,0.14741495
67,34,da_as_ss_mw_thirty_minutes_reserve,0.33189878
67,35,da_as_as_mw_synchronized_reserve,0.19275728
67,36,total_pjm_rmpcp_cr,0.22362971
67,37,rmpcp,0.1798762
68,1,gross_inadv_interchange_mw,0.34242052
68,2,total_losses,0.6607267
68,3,total_pjm_loc_credit,0.14321178
68,4,da_as_nsr_mw_primary_reserve,0.3009117
68,5,marginal_loss_price_rt,0.22303334
68,6,total_pjm_rmccp_cr,0.00032626523
68,7,gross_actual_interchange_mw,0.33032465
68,8,gross_sched_interchange_mw,0.35298422
68,9,total_lmp_rt,0.13589339
68,10,total_lmp_da,0.6499237
68,11,system_energy_price_da,0.7855598
68,12,system_energy_price_rt,0.2480832
68,13,marginal_loss_price_da,0.51207274
68,14,total_pjm_reg_purchases,0.36654624
68,15,da_as_mcp_synchronized_reserve,0.5373305
68,16,da_as_mcp_primary_reserve,0.092393965
68,17,da_as_as_req_mw_synchronized_reserve,0.386882
68,18,da_as_as_req_mw_thirty_minutes_reserve,0.30150953
68,19,da_as_as_mw_primary_reserve,0.29121822
68,20,da_as_as_req_mw_primary_reserve,0.17274548
68,21,da_as_total_mw_primary_reserve,0.017516779
68,22,congestion_price_rt,0.2477704
68,23,congestion_price_da,0.30853936
68,24,rmccp,0.083452895
68,25,net_inadv_interchange_mw,0.21609522
68,26,da_as_as_mw_thirty_minutes_reserve,0.51874596
68,27,da_as_total_mw_thirty_minutes_reserve,0.35842058
68,28,total_pjm_self_sched_reg,0.24448125
68,29,net_sched_interchange_mw,0.36543298
68,30,net_actual_interchange_mw,0.3236901
68,31,total_pjm_assigned_reg,0.377936
68,32,da_as_ss_mw_primary_reserve,0.12738511
68,33,da_as_ss_mw_synchronized_reserve,0.14600141
68,34,da_as_ss_mw_thirty_minutes_reserve,0.3317131
68,35,da_as_as_mw_synchronized_reserve,0.18913276
68,36,total_pjm_rmpcp_cr,0.22164784
68,37,rmpcp,0.17916758
69,1,gross_inadv_interchange_mw,0.33985984
69,2,total_losses,0.6547357
69,3,total_pjm_loc_credit,0.13942488
69,4,da_as_nsr_mw_primary_reserve,0.2968257
69,5,marginal_loss_price_rt,0.2198916
69,6,total_pjm_rmccp_cr,0.00021514003
69,7,gross_actual_interchange_mw,0.32711184
69,8,gross_sched_interchange_mw,0.34795454
69,9,total_lmp_rt,0.13306895
69,10,total_lmp_da,0.6438119
69,11,system_energy_price_da,0.7811899
69,12,system_energy_price_rt,0.24529144
69,13,marginal_loss_price_da,0.5063729
69,14,total_pjm_reg_purchases,0.36261153
69,15,da_as_mcp_synchronized_reserve,0.52794355
69,16,da_as_mcp_primary_reserve,0.08821883
69,17,da_as_as_req_mw_synchronized_reserve,0.3801905
69,18,da_as_as_req_mw_thirty_minutes_reserve,0.29894215
69,19,da_as_as_mw_primary_reserve,0.28653425
69,20,da_as_as_req_mw_primary_reserve,0.17013043
69,21,da_as_total_mw_primary_reserve,0.014676552
69,22,congestion_price_rt,0.24347728
69,23,congestion_price_da,0.3119584
69,24,rmccp,0.09134431
69,25,net_inadv_interchange_mw,0.21203542
69,26,da_as_as_mw_thirty_minutes_reserve,0.51593375
69,27,da_as_total_mw_thirty_minutes_reserve,0.35667717
69,28,total_pjm_self_sched_reg,0.2428076
69,29,net_sched_interchange_mw,0.36019853
69,30,net_actual_interchange_mw,0.3166052
69,31,total_pjm_assigned_reg,0.37482446
69,32,da_as_ss_mw_primary_reserve,0.119919166
69,33,da_as_ss_mw_synchronized_reserve,0.14053024
69,34,da_as_ss_mw_thirty_minutes_reserve,0.32517338
69,35,da_as_as_mw_synchronized_reserve,0.18733661
69,36,total_pjm_rmpcp_cr,0.21838047
69,37,rmpcp,0.17738207
70,1,gross_inadv_interchange_mw,0.33210406
70,2,total_losses,0.64897096
70,3,total_pjm_loc_credit,0.13654542
70,4,da_as_nsr_mw_primary_reserve,0.29509103
70,5,marginal_loss_price_rt,0.21293008
70,6,total_pjm_rmccp_cr,0.00016557514
70,7,gross_actual_interchange_mw,0.32645962
70,8,gross_sched_interchange_mw,0.3482726
70,9,total_lmp_rt,0.12977818
70,10,total_lmp_da,0.63853216
70,11,system_energy_price_da,0.7773319
70,12,system_energy_price_rt,0.24200875
70,13,marginal_loss_price_da,0.50049984
70,14,total_pjm_reg_purchases,0.35855004
70,15,da_as_mcp_synchronized_reserve,0.5234008
70,16,da_as_mcp_primary_reserve,0.08350178
70,17,da_as_as_req_mw_synchronized_reserve,0.37339595
70,18,da_as_as_req_mw_thirty_minutes_reserve,0.29660434
70,19,da_as_as_mw_primary_reserve,0.28477538
70,20,da_as_as_req_mw_primary_reserve,0.16389865
70,21,da_as_total_mw_primary_reserve,0.011188051
70,22,congestion_price_rt,0.2406882
70,23,congestion_price_da,0.30231196
70,24,rmccp,0.08507886
70,25,net_inadv_interchange_mw,0.20689681
70,26,da_as_as_mw_thirty_minutes_reserve,0.50636756
70,27,da_as_total_mw_thirty_minutes_reserve,0.34758195
70,28,total_pjm_self_sched_reg,0.24033053
70,29,net_sched_interchange_mw,0.35382017
70,30,net_actual_interchange_mw,0.3085487
70,31,total_pjm_assigned_reg,0.3702554
70,32,da_as_ss_mw_primary_reserve,0.11543059
70,33,da_as_ss_mw_synchronized_reserve,0.13441019
70,34,da_as_ss_mw_thirty_minutes_reserve,0.31805652
70,35,da_as_as_mw_synchronized_reserve,0.18056525
70,36,total_pjm_rmpcp_cr,0.21222422
70,37,rmpcp,0.17491864
71,1,gross_inadv_interchange_mw,0.32681313
71,2,total_losses,0.6443449
71,3,total_pjm_loc_credit,0.134534
71,4,da_as_nsr_mw_primary_reserve,0.28991136
71,5,marginal_loss_price_rt,0.21022403
71,6,total_pjm_rmccp_cr,0.0001303223
71,7,gross_actual_interchange_mw,0.31857884
71,8,gross_sched_interchange_mw,0.3369704
71,9,total_lmp_rt,0.12524813
71,10,total_lmp_da,0.6321862
71,11,system_energy_price_da,0.77332973
71,12,system_energy_price_rt,0.23920634
71,13,marginal_loss_price_da,0.49749184
71,14,total_pjm_reg_purchases,0.35283178
71,15,da_as_mcp_synchronized_reserve,0.51522595
71,16,da_as_mcp_primary_reserve,0.080861434
71,17,da_as_as_req_mw_synchronized_reserve,0.36719272
71,18,da_as_as_req_mw_thirty_minutes_reserve,0.29094216
71,19,da_as_as_mw_primary_reserve,0.28206506
71,20,da_as_as_req_mw_primary_reserve,0.15940586
71,21,da_as_total_mw_primary_reserve,0.0064236536
71,22,congestion_price_rt,0.23881605
71,23,congestion_price_da,0.2989958
71,24,rmccp,0.08778954
71,25,net_inadv_interchange_mw,0.20406395
71,26,da_as_as_mw_thirty_minutes_reserve,0.50243646
71,27,da_as_total_mw_thirty_minutes_reserve,0.3416161
71,28,total_pjm_self_sched_reg,0.23478884
71,29,net_sched_interchange_mw,0.35350773
71,30,net_actual_interchange_mw,0.3063831
71,31,total_pjm_assigned_reg,0.3646521
71,32,da_as_ss_mw_primary_reserve,0.11311194
71,33,da_as_ss_mw_synchronized_reserve,0.13222514
71,34,da_as_ss_mw_thirty_minutes_reserve,0.31775108
71,35,da_as_as_mw_synchronized_reserve,0.17749196
71,36,total_pjm_rmpcp_cr,0.21065359
71,37,rmpcp,0.16785567
72,1,gross_inadv_interchange_mw,0.32359266
72,2,total_losses,0.63673395
72,3,total_pjm_loc_credit,0.13622838
72,4,da_as_nsr_mw_primary_reserve,0.28500482
72,5,marginal_loss_price_rt,0.20650262
72,6,total_pjm_rmccp_cr,0.002699239
72,7,gross_actual_interchange_mw,0.3160104
72,8,gross_sched_interchange_mw,0.33707914
72,9,total_lmp_rt,0.12426542
72,10,total_lmp_da,0.62607247
72,11,system_energy_price_da,0.7685349
72,12,system_energy_price_rt,0.24204329
72,13,marginal_loss_price_da,0.48890984
72,14,total_pjm_reg_purchases,0.34841073
72,15,da_as_mcp_synchronized_reserve,0.50996995
72,16,da_as_mcp_primary_reserve,0.07842523
72,17,da_as_as_req_mw_synchronized_reserve,0.36326638
72,18,da_as_as_req_mw_thirty_minutes_reserve,0.28438944
72,19,da_as_as_mw_primary_reserve,0.28194216
72,20,da_as_as_req_mw_primary_reserve,0.15393263
72,21,da_as_total_mw_primary_reserve,0.00750915
72,22,congestion_price_rt,0.23546998
72,23,congestion_price_da,0.28935567
72,24,rmccp,0.086613856
72,25,net_inadv_interchange_mw,0.20477569
72,26,da_as_as_mw_thirty_minutes_reserve,0.49587968
72,27,da_as_total_mw_thirty_minutes_reserve,0.33345652
72,28,total_pjm_self_sched_reg,0.2302035
72,29,net_sched_interchange_mw,0.34660977
72,30,net_actual_interchange_mw,0.30103064
72,31,total_pjm_assigned_reg,0.35884988
72,32,da_as_ss_mw_primary_reserve,0.11762739
72,33,da_as_ss_mw_synchronized_reserve,0.13434233
72,34,da_as_ss_mw_thirty_minutes_reserve,0.31647542
72,35,da_as_as_mw_synchronized_reserve,0.17650443
72,36,total_pjm_rmpcp_cr,0.20485464
72,37,rmpcp,0.1736066
73,1,gross_inadv_interchange_mw,0.3191155
73,2,total_losses,0.63137364
73,3,total_pjm_loc_credit,0.13528168
73,4,da_as_nsr_mw_primary_reserve,0.28309867
73,5,marginal_loss_price_rt,0.19969332
73,6,total_pjm_rmccp_cr,0.0003550906
73,7,gross_actual_interchange_mw,0.30969313
73,8,gross_sched_interchange_mw,0.33251074
73,9,total_lmp_rt,0.11858236
73,10,total_lmp_da,0.6191961
73,11,system_energy_price_da,0.7628057
73,12,system_energy_price_rt,0.23490548
73,13,marginal_loss_price_da,0.48653537
73,14,total_pjm_reg_purchases,0.34043413
73,15,da_as_mcp_synchronized_reserve,0.50573
73,16,da_as_mcp_primary_reserve,0.078850456
73,17,da_as_as_req_mw_synchronized_reserve,0.35955754
73,18,da_as_as_req_mw_thirty_minutes_reserve,0.28251672
73,19,da_as_as_mw_primary_reserve,0.27830327
73,20,da_as_as_req_mw_primary_reserve,0.14901333
73,21,da_as_total_mw_primary_reserve,0.002771406
73,22,congestion_price_rt,0.23223938
73,23,congestion_price_da,0.28766245
73,24,rmccp,0.087094724
73,25,net_inadv_interchange_mw,0.20562737
73,26,da_as_as_mw_thirty_minutes_reserve,0.49101827
73,27,da_as_total_mw_thirty_minutes_reserve,0.32895228
73,28,total_pjm_self_sched_reg,0.22892107
73,29,net_sched_interchange_mw,0.34453067
73,30,net_actual_interchange_mw,0.30041382
73,31,total_pjm_assigned_reg,0.3546458
73,32,da_as_ss_mw_primary_reserve,0.11365495
73,33,da_as_ss_mw_synchronized_reserve,0.12645884
73,34,da_as_ss_mw_thirty_minutes_reserve,0.31453893
73,35,da_as_as_mw_synchronized_reserve,0.17656521
73,36,total_pjm_rmpcp_cr,0.20548823
73,37,rmpcp,0.16838354
74,1,gross_inadv_interchange_mw,0.31675714
74,2,total_losses,0.6274211
74,3,total_pjm_loc_credit,0.12357148
74,4,da_as_nsr_mw_primary_reserve,0.27888736
74,5,marginal_loss_price_rt,0.19497427
74,6,total_pjm_rmccp_cr,0.00018153492
74,7,gross_actual_interchange_mw,0.31026372
74,8,gross_sched_interchange_mw,0.32491142
74,9,total_lmp_rt,0.11056667
74,10,total_lmp_da,0.61369455
74,11,system_energy_price_da,0.75858486
74,12,system_energy_price_rt,0.23274629
74,13,marginal_loss_price_da,0.48183554
74,14,total_pjm_reg_purchases,0.33818173
74,15,da_as_mcp_synchronized_reserve,0.4946817
74,16,da_as_mcp_primary_reserve,0.080577284
74,17,da_as_as_req_mw_synchronized_reserve,0.35393116
74,18,da_as_as_req_mw_thirty_minutes_reserve,0.28327745
74,19,da_as_as_mw_primary_reserve,0.2734779
74,20,da_as_as_req_mw_primary_reserve,0.14393903
74,21,da_as_total_mw_primary_reserve,0.0056914045
74,22,congestion_price_rt,0.22597435
74,23,congestion_price_da,0.28635055
74,24,rmccp,0.0883464
74,25,net_inadv_interchange_mw,0.20027907
74,26,da_as_as_mw_thirty_minutes_reserve,0.48761368
74,27,da_as_total_mw_thirty_minutes_reserve,0.324028
74,28,total_pjm_self_sched_reg,0.22661518
74,29,net_sched_interchange_mw,0.3390113
74,30,net_actual_interchange_mw,0.28834507
74,31,total_pjm_assigned_reg,0.34824157
74,32,da_as_ss_mw_primary_reserve,0.107730746
74,33,da_as_ss_mw_synchronized_reserve,0.12116039
74,34,da_as_ss_mw_thirty_minutes_reserve,0.30803427
74,35,da_as_as_mw_synchronized_reserve,0.17344321
74,36,total_pjm_rmpcp_cr,0.20028867
74,37,rmpcp,0.16309871
75,1,gross_inadv_interchange_mw,0.31434312
75,2,total_losses,0.6194258
75,3,total_pjm_loc_credit,0.12897989
75,4,da_as_nsr_mw_primary_reserve,0.27157503
75,5,marginal_loss_price_rt,0.19460413
75,6,total_pjm_rmccp_cr,-0.0035972367
75,7,gross_actual_interchange_mw,0.3014176
75,8,gross_sched_interchange_mw,0.3204687
75,9,total_lmp_rt,0.110682495
75,10,total_lmp_da,0.606259
75,11,system_energy_price_da,0.753282
75,12,system_energy_price_rt,0.2299342
75,13,marginal_loss_price_da,0.47481668
75,14,total_pjm_reg_purchases,0.33361086
75,15,da_as_mcp_synchronized_reserve,0.49182785
75,16,da_as_mcp_primary_reserve,0.075471826
75,17,da_as_as_req_mw_synchronized_reserve,0.351915
75,18,da_as_as_req_mw_thirty_minutes_reserve,0.27803406
75,19,da_as_as_mw_primary_reserve,0.2646917
75,20,da_as_as_req_mw_primary_reserve,0.14537987
75,21,da_as_total_mw_primary_reserve,0.001120988
75,22,congestion_price_rt,0.23108317
75,23,congestion_price_da,0.28264064
75,24,rmccp,0.07742005
75,25,net_inadv_interchange_mw,0.1923848
75,26,da_as_as_mw_thirty_minutes_reserve,0.48373052
75,27,da_as_total_mw_thirty_minutes_reserve,0.31892195
75,28,total_pjm_self_sched_reg,0.22299214
75,29,net_sched_interchange_mw,0.3399021
75,30,net_actual_interchange_mw,0.28963023
75,31,total_pjm_assigned_reg,0.3463445
75,32,da_as_ss_mw_primary_reserve,0.10800145
75,33,da_as_ss_mw_synchronized_reserve,0.1213428
75,34,da_as_ss_mw_thirty_minutes_reserve,0.30849385
75,35,da_as_as_mw_synchronized_reserve,0.16675733
75,36,total_pjm_rmpcp_cr,0.20033352
75,37,rmpcp,0.161131
76,1,gross_inadv_interchange_mw,0.30386755
76,2,total_losses,0.61707383
76,3,total_pjm_loc_credit,0.1278033
76,4,da_as_nsr_mw_primary_reserve,0.26939008
76,5,marginal_loss_price_rt,0.19010612
76,6,total_pjm_rmccp_cr,0.0006432211
76,7,gross_actual_interchange_mw,0.30138084
76,8,gross_sched_interchange_mw,0.3200327
76,9,total_lmp_rt,0.10615083
76,10,total_lmp_da,0.6038643
76,11,system_energy_price_da,0.7511726
76,12,system_energy_price_rt,0.22179776
76,13,marginal_loss_price_da,0.4728764
76,14,total_pjm_reg_purchases,0.33121747
76,15,da_as_mcp_synchronized_reserve,0.487735
76,16,da_as_mcp_primary_reserve,0.0742123
76,17,da_as_as_req_mw_synchronized_reserve,0.34176308
76,18,da_as_as_req_mw_thirty_minutes_reserve,0.2742965
76,19,da_as_as_mw_primary_reserve,0.26500002
76,20,da_as_as_req_mw_primary_reserve,0.13754922
76,21,da_as_total_mw_primary_reserve,0.0005550126
76,22,congestion_price_rt,0.22479923
76,23,congestion_price_da,0.2777261
76,24,rmccp,0.081975155
76,25,net_inadv_interchange_mw,0.19245273
76,26,da_as_as_mw_thirty_minutes_reserve,0.4787274
76,27,da_as_total_mw_thirty_minutes_reserve,0.31535769
76,28,total_pjm_self_sched_reg,0.21950401
76,29,net_sched_interchange_mw,0.33477736
76,30,net_actual_interchange_mw,0.28294948
76,31,total_pjm_assigned_reg,0.33729073
76,32,da_as_ss_mw_primary_reserve,0.10362226
76,33,da_as_ss_mw_synchronized_reserve,0.114446074
76,34,da_as_ss_mw_thirty_minutes_reserve,0.3017931
76,35,da_as_as_mw_synchronized_reserve,0.16548128
76,36,total_pjm_rmpcp_cr,0.19725516
76,37,rmpcp,0.15616414
77,1,gross_inadv_interchange_mw,0.30240983
77,2,total_losses,0.61189747
77,3,total_pjm_loc_credit,0.12325532
77,4,da_as_nsr_mw_primary_reserve,0.2655515
77,5,marginal_loss_price_rt,0.18838598
77,6,total_pjm_rmccp_cr,-0.00092346803
77,7,gross_actual_interchange_mw,0.29921132
77,8,gross_sched_interchange_mw,0.31418547
77,9,total_lmp_rt,0.10563268
77,10,total_lmp_da,0.596713
77,11,system_energy_price_da,0.7447686
77,12,system_energy_price_rt,0.22331294
77,13,marginal_loss_price_da,0.47034723
77,14,total_pjm_reg_purchases,0.32476938
77,15,da_as_mcp_synchronized_reserve,0.48259225
77,16,da_as_mcp_primary_reserve,0.072009474
77,17,da_as_as_req_mw_synchronized_reserve,0.338348
77,18,da_as_as_req_mw_thirty_minutes_reserve,0.26966247
77,19,da_as_as_mw_primary_reserve,0.26172072
77,20,da_as_as_req_mw_primary_reserve,0.13308182
77,21,da_as_total_mw_primary_reserve,0.00020728676
77,22,congestion_price_rt,0.22247268
77,23,congestion_price_da,0.28108907
77,24,rmccp,0.08449495
77,25,net_inadv_interchange_mw,0.19012776
77,26,da_as_as_mw_thirty_minutes_reserve,0.47447434
77,27,da_as_total_mw_thirty_minutes_reserve,0.3086628
77,28,total_pjm_self_sched_reg,0.21538123
77,29,net_sched_interchange_mw,0.3315232
77,30,net_actual_interchange_mw,0.27878302
77,31,total_pjm_assigned_reg,0.33019888
77,32,da_as_ss_mw_primary_reserve,0.104684815
77,33,da_as_ss_mw_synchronized_reserve,0.115599565
77,34,da_as_ss_mw_thirty_minutes_reserve,0.30402413
77,35,da_as_as_mw_synchronized_reserve,0.16294186
77,36,total_pjm_rmpcp_cr,0.19621636
77,37,rmpcp,0.15743855
78,1,gross_inadv_interchange_mw,0.3033982
78,2,total_losses,0.60709786
78,3,total_pjm_loc_credit,0.12833974
78,4,da_as_nsr_mw_primary_reserve,0.2616832
78,5,marginal_loss_price_rt,0.1845745
78,6,total_pjm_rmccp_cr,-0.00032705138
78,7,gross_actual_interchange_mw,0.29208812
78,8,gross_sched_interchange_mw,0.30703402
78,9,total_lmp_rt,0.10149369
78,10,total_lmp_da,0.5888847
78,11,system_energy_price_da,0.7400874
78,12,system_energy_price_rt,0.21896876
78,13,marginal_loss_price_da,0.46605235
78,14,total_pjm_reg_purchases,0.3217414
78,15,da_as_mcp_synchronized_reserve,0.47917718
78,16,da_as_mcp_primary_reserve,0.07372674
78,17,da_as_as_req_mw_synchronized_reserve,0.33503512
78,18,da_as_as_req_mw_thirty_minutes_reserve,0.2695932
78,19,da_as_as_mw_primary_reserve,0.2557798
78,20,da_as_as_req_mw_primary_reserve,0.13417138
78,21,da_as_total_mw_primary_reserve,0.0008111825
78,22,congestion_price_rt,0.21966572
78,23,congestion_price_da,0.275603
78,24,rmccp,0.07746408
78,25,net_inadv_interchange_mw,0.18834709
78,26,da_as_as_mw_thirty_minutes_reserve,0.47197685
78,27,da_as_total_mw_thirty_minutes_reserve,0.30605668
78,28,total_pjm_self_sched_reg,0.21038048
78,29,net_sched_interchange_mw,0.3267897
78,30,net_actual_interchange_mw,0.272628
78,31,total_pjm_assigned_reg,0.32937363
78,32,da_as_ss_mw_primary_reserve,0.098560564
78,33,da_as_ss_mw_synchronized_reserve,0.11098305
78,34,da_as_ss_mw_thirty_minutes_reserve,0.3011326
78,35,da_as_as_mw_synchronized_reserve,0.16216475
78,36,total_pjm_rmpcp_cr,0.19020602
78,37,rmpcp,0.15544552
79,1,gross_inadv_interchange_mw,0.2924576
79,2,total_losses,0.6027622
79,3,total_pjm_loc_credit,0.12337967
79,4,da_as_nsr_mw_primary_reserve,0.25759014
79,5,marginal_loss_price_rt,0.18226688
79,6,total_pjm_rmccp_cr,0.0016021341
79,7,gross_actual_interchange_mw,0.2914703
79,8,gross_sched_interchange_mw,0.30613413
79,9,total_lmp_rt,0.10117278
79,10,total_lmp_da,0.58432
79,11,system_energy_price_da,0.73635745
79,12,system_energy_price_rt,0.21993215
79,13,marginal_loss_price_da,0.45856792
79,14,total_pjm_reg_purchases,0.31730965
79,15,da_as_mcp_synchronized_reserve,0.471734
79,16,da_as_mcp_primary_reserve,0.07426288
79,17,da_as_as_req_mw_synchronized_reserve,0.33002296
79,18,da_as_as_req_mw_thirty_minutes_reserve,0.26628736
79,19,da_as_as_mw_primary_reserve,0.2544238
79,20,da_as_as_req_mw_primary_reserve,0.13271539
79,21,da_as_total_mw_primary_reserve,0.0016151428
79,22,congestion_price_rt,0.21243313
79,23,congestion_price_da,0.26802984
79,24,rmccp,0.07902712
79,25,net_inadv_interchange_mw,0.18524662
79,26,da_as_as_mw_thirty_minutes_reserve,0.46491218
79,27,da_as_total_mw_thirty_minutes_reserve,0.29580703
79,28,total_pjm_self_sched_reg,0.21017668
79,29,net_sched_interchange_mw,0.32221314
79,30,net_actual_interchange_mw,0.26910818
79,31,total_pjm_assigned_reg,0.3206875
79,32,da_as_ss_mw_primary_reserve,0.09489321
79,33,da_as_ss_mw_synchronized_reserve,0.10953056
79,34,da_as_ss_mw_thirty_minutes_reserve,0.29737094
79,35,da_as_as_mw_synchronized_reserve,0.16254973
79,36,total_pjm_rmpcp_cr,0.19222131
79,37,rmpcp,0.15007956
80,1,gross_inadv_interchange_mw,0.2949825
80,2,total_losses,0.59906214
80,3,total_pjm_loc_credit,0.12897559
80,4,da_as_nsr_mw_primary_reserve,0.25478604
80,5,marginal_loss_price_rt,0.18467125
80,6,total_pjm_rmccp_cr,0.00022474077
80,7,gross_actual_interchange_mw,0.28664172
80,8,gross_sched_interchange_mw,0.30251914
80,9,total_lmp_rt,0.10145519
80,10,total_lmp_da,0.5763971
80,11,system_energy_price_da,0.73118967
80,12,system_energy_price_rt,0.21748692
80,13,marginal_loss_price_da,0.45610642
80,14,total_pjm_reg_purchases,0.3133511
80,15,da_as_mcp_synchronized_reserve,0.46670067
80,16,da_as_mcp_primary_reserve,0.07044503
80,17,da_as_as_req_mw_synchronized_reserve,0.32370958
80,18,da_as_as_req_mw_thirty_minutes_reserve,0.2627256
80,19,da_as_as_mw_primary_reserve,0.25060162
80,20,da_as_as_req_mw_primary_reserve,0.12592739
80,21,da_as_total_mw_primary_reserve,-0.002952953
80,22,congestion_price_rt,0.21181197
80,23,congestion_price_da,0.2656168
80,24,rmccp,0.082818024
80,25,net_inadv_interchange_mw,0.18363024
80,26,da_as_as_mw_thirty_minutes_reserve,0.46370113
80,27,da_as_total_mw_thirty_minutes_reserve,0.29285362
80,28,total_pjm_self_sched_reg,0.20369875
80,29,net_sched_interchange_mw,0.31752136
80,30,net_actual_interchange_mw,0.2639373
80,31,total_pjm_assigned_reg,0.31925604
80,32,da_as_ss_mw_primary_reserve,0.09621436
80,33,da_as_ss_mw_synchronized_reserve,0.10545642
80,34,da_as_ss_mw_thirty_minutes_reserve,0.29637876
80,35,da_as_as_mw_synchronized_reserve,0.15854757
80,36,total_pjm_rmpcp_cr,0.19117236
80,37,rmpcp,0.14777106
81,1,gross_inadv_interchange_mw,0.29244903
81,2,total_losses,0.5934063
81,3,total_pjm_loc_credit,0.12248956
81,4,da_as_nsr_mw_primary_reserve,0.2535339
81,5,marginal_loss_price_rt,0.17867783
81,6,total_pjm_rmccp_cr,0.0018035864
81,7,gross_actual_interchange_mw,0.2820648
81,8,gross_sched_interchange_mw,0.3006542
81,9,total_lmp_rt,0.097103484
81,10,total_lmp_da,0.5711256
81,11,system_energy_price_da,0.72619
81,12,system_energy_price_rt,0.21337771
81,13,marginal_loss_price_da,0.45020685
81,14,total_pjm_reg_purchases,0.30809262
81,15,da_as_mcp_synchronized_reserve,0.46138215
81,16,da_as_mcp_primary_reserve,0.06712773
81,17,da_as_as_req_mw_synchronized_reserve,0.3230472
81,18,da_as_as_req_mw_thirty_minutes_reserve,0.26040316
81,19,da_as_as_mw_primary_reserve,0.2513106
81,20,da_as_as_req_mw_primary_reserve,0.12235155
81,21,da_as_total_mw_primary_reserve,0.0032087462
81,22,congestion_price_rt,0.21082382
81,23,congestion_price_da,0.2684297
81,24,rmccp,0.07882176
81,25,net_inadv_interchange_mw,0.17870659
81,26,da_as_as_mw_thirty_minutes_reserve,0.45660403
81,27,da_as_total_mw_thirty_minutes_reserve,0.2874314
81,28,total_pjm_self_sched_reg,0.20388316
81,29,net_sched_interchange_mw,0.3132553
81,30,net_actual_interchange_mw,0.25769702
81,31,total_pjm_assigned_reg,0.31312534
81,32,da_as_ss_mw_primary_reserve,0.09346212
81,33,da_as_ss_mw_synchronized_reserve,0.10239302
81,34,da_as_ss_mw_thirty_minutes_reserve,0.29055807
81,35,da_as_as_mw_synchronized_reserve,0.15751898
81,36,total_pjm_rmpcp_cr,0.18453105
81,37,rmpcp,0.1467094
82,1,gross_inadv_interchange_mw,0.28891852
82,2,total_losses,0.5862429
82,3,total_pjm_loc_credit,0.118023634
82,4,da_as_nsr_mw_primary_reserve,0.24772435
82,5,marginal_loss_price_rt,0.17745183
82,6,total_pjm_rmccp_cr,0.00024891368
82,7,gross_actual_interchange_mw,0.28092092
82,8,gross_sched_interchange_mw,0.2943521
82,9,total_lmp_rt,0.09597033
82,10,total_lmp_da,0.5675978
82,11,system_energy_price_da,0.7236499
82,12,system_energy_price_rt,0.20968516
82,13,marginal_loss_price_da,0.4457054
82,14,total_pjm_reg_purchases,0.30722705
82,15,da_as_mcp_synchronized_reserve,0.454529
82,16,da_as_mcp_primary_reserve,0.06368336
82,17,da_as_as_req_mw_synchronized_reserve,0.31798854
82,18,da_as_as_req_mw_thirty_minutes_reserve,0.25859118
82,19,da_as_as_mw_primary_reserve,0.24552867
82,20,da_as_as_req_mw_primary_reserve,0.122184865
82,21,da_as_total_mw_primary_reserve,0.0010927494
82,22,congestion_price_rt,0.20563343
82,23,congestion_price_da,0.2610265
82,24,rmccp,0.074576885
82,25,net_inadv_interchange_mw,0.17718239
82,26,da_as_as_mw_thirty_minutes_reserve,0.45262805
82,27,da_as_total_mw_thirty_minutes_reserve,0.28415152
82,28,total_pjm_self_sched_reg,0.20078605
82,29,net_sched_interchange_mw,0.30810666
82,30,net_actual_interchange_mw,0.25752577
82,31,total_pjm_assigned_reg,0.30998445
82,32,da_as_ss_mw_primary_reserve,0.08878973
82,33,da_as_ss_mw_synchronized_reserve,0.098112985
82,34,da_as_ss_mw_thirty_minutes_reserve,0.28587046
82,35,da_as_as_mw_synchronized_reserve,0.15220559
82,36,total_pjm_rmpcp_cr,0.182646
82,37,rmpcp,0.14806809
83,1,gross_inadv_interchange_mw,0.28152263
83,2,total_losses,0.5842891
83,3,total_pjm_loc_credit,0.11457506
83,4,da_as_nsr_mw_primary_reserve,0.24490653
83,5,marginal_loss_price_rt,0.17532344
83,6,total_pjm_rmccp_cr,0.00053717603
83,7,gross_actual_interchange_mw,0.28089097
83,8,gross_sched_interchange_mw,0.29199058
83,9,total_lmp_rt,0.09266619
83,10,total_lmp_da,0.5599551
83,11,system_energy_price_da,0.71890086
83,12,system_energy_price_rt,0.2076644
83,13,marginal_loss_price_da,0.43978187
83,14,total_pjm_reg_purchases,0.30329236
83,15,da_as_mcp_synchronized_reserve,0.45217398
83,16,da_as_mcp_primary_reserve,0.061532304
83,17,da_as_as_req_mw_synchronized_reserve,0.31320444
83,18,da_as_as_req_mw_thirty_minutes_reserve,0.2531521
83,19,da_as_as_mw_primary_reserve,0.2383416
83,20,da_as_as_req_mw_primary_reserve,0.11600133
83,21,da_as_total_mw_primary_reserve,9.7055774e-05
83,22,congestion_price_rt,0.20239003
83,23,congestion_price_da,0.25645205
83,24,rmccp,0.079345815
83,25,net_inadv_interchange_mw,0.17562121
83,26,da_as_as_mw_thirty_minutes_reserve,0.44977546
83,27,da_as_total_mw_thirty_minutes_reserve,0.27856246
83,28,total_pjm_self_sched_reg,0.19736493
83,29,net_sched_interchange_mw,0.30839837
83,30,net_actual_interchange_mw,0.25019896
83,31,total_pjm_assigned_reg,0.30711934
83,32,da_as_ss_mw_primary_reserve,0.09193076
83,33,da_as_ss_mw_synchronized_reserve,0.10549018
83,34,da_as_ss_mw_thirty_minutes_reserve,0.28787965
83,35,da_as_as_mw_synchronized_reserve,0.14936978
83,36,total_pjm_rmpcp_cr,0.17913695
83,37,rmpcp,0.14696842
84,1,gross_inadv_interchange_mw,0.27802247
84,2,total_losses,0.5796978
84,3,total_pjm_loc_credit,0.110435866
84,4,da_as_nsr_mw_primary_reserve,0.23760092
84,5,marginal_loss_price_rt,0.1744227
84,6,total_pjm_rmccp_cr,0.0008485744
84,7,gross_actual_interchange_mw,0.27639326
84,8,gross_sched_interchange_mw,0.2899947
84,9,total_lmp_rt,0.09236044
84,10,total_lmp_da,0.55549884
84,11,system_energy_price_da,0.7146802
84,12,system_energy_price_rt,0.20846926
84,13,marginal_loss_price_da,0.43545547
84,14,total_pjm_reg_purchases,0.30058545
84,15,da_as_mcp_synchronized_reserve,0.4462217
84,16,da_as_mcp_primary_reserve,0.064561054
84,17,da_as_as_req_mw_synchronized_reserve,0.31204227
84,18,da_as_as_req_mw_thirty_minutes_reserve,0.25040948
84,19,da_as_as_mw_primary_reserve,0.2391978
84,20,da_as_as_req_mw_primary_reserve,0.11491593
84,21,da_as_total_mw_primary_reserve,0.0018200292
84,22,congestion_price_rt,0.20479557
84,23,congestion_price_da,0.253519
84,24,rmccp,0.07262949
84,25,net_inadv_interchange_mw,0.17377418
84,26,da_as_as_mw_thirty_minutes_reserve,0.4447783
84,27,da_as_total_mw_thirty_minutes_reserve,0.27589506
84,28,total_pjm_self_sched_reg,0.19396144
84,29,net_sched_interchange_mw,0.30225617
84,30,net_actual_interchange_mw,0.24616869
84,31,total_pjm_assigned_reg,0.3013228
84,32,da_as_ss_mw_primary_reserve,0.08815911
84,33,da_as_ss_mw_synchronized_reserve,0.09811164
84,34,da_as_ss_mw_thirty_minutes_reserve,0.2833247
84,35,da_as_as_mw_synchronized_reserve,0.14935587
84,36,total_pjm_rmpcp_cr,0.18094033
84,37,rmpcp,0.14178714
85,1,gross_inadv_interchange_mw,0.27498344
85,2,total_losses,0.5739989
85,3,total_pjm_loc_credit,0.11161366
85,4,da_as_nsr_mw_primary_reserve,0.23385096
85,5,marginal_loss_price_rt,0.17240106
85,6,total_pjm_rmccp_cr,0.0014440712
85,7,gross_actual_interchange_mw,0.27254158
85,8,gross_sched_interchange_mw,0.28526703
85,9,total_lmp_rt,0.09089609
85,10,total_lmp_da,0.5491965
85,11,system_energy_price_da,0.7103934
85,12,system_energy_price_rt,0.20929478
85,13,marginal_loss_price_da,0.43217298
85,14,total_pjm_reg_purchases,0.29708037
85,15,da_as_mcp_synchronized_reserve,0.440859
85,16,da_as_mcp_primary_reserve,0.06629476
85,17,da_as_as_req_mw_synchronized_reserve,0.30605203
85,18,da_as_as_req_mw_thirty_minutes_reserve,0.24968603
85,19,da_as_as_mw_primary_reserve,0.2341675
85,20,da_as_as_req_mw_primary_reserve,0.11475396
85,21,da_as_total_mw_primary_reserve,0.0008929998
85,22,congestion_price_rt,0.20216385
85,23,congestion_price_da,0.2566505
85,24,rmccp,0.0754036
85,25,net_inadv_interchange_mw,0.16864927
85,26,da_as_as_mw_thirty_minutes_reserve,0.44130585
85,27,da_as_total_mw_thirty_minutes_reserve,0.2713666
85,28,total_pjm_self_sched_reg,0.19920714
85,29,net_sched_interchange_mw,0.29464358
85,30,net_actual_interchange_mw,0.23937972
85,31,total_pjm_assigned_reg,0.3009668
85,32,da_as_ss_mw_primary_reserve,0.08598814
85,33,da_as_ss_mw_synchronized_reserve,0.093219936
85,34,da_as_ss_mw_thirty_minutes_reserve,0.27942517
85,35,da_as_as_mw_synchronized_reserve,0.14432353
85,36,total_pjm_rmpcp_cr,0.1723874
85,37,rmpcp,0.14336164
86,1,gross_inadv_interchange_mw,0.27395234
86,2,total_losses,0.5707138
86,3,total_pjm_loc_credit,0.110067084
86,4,da_as_nsr_mw_primary_reserve,0.23519577
86,5,marginal_loss_price_rt,0.17479023
86,6,total_pjm_rmccp_cr,-0.0035979406
86,7,gross_actual_interchange_mw,0.26981288
86,8,gross_sched_interchange_mw,0.28179067
86,9,total_lmp_rt,0.090060525
86,10,total_lmp_da,0.5449879
86,11,system_energy_price_da,0.70773107
86,12,system_energy_price_rt,0.20989409
86,13,marginal_loss_price_da,0.4244028
86,14,total_pjm_reg_purchases,0.2941393
86,15,da_as_mcp_synchronized_reserve,0.43123215
86,16,da_as_mcp_primary_reserve,0.06097451
86,17,da_as_as_req_mw_synchronized_reserve,0.30518273
86,18,da_as_as_req_mw_thirty_minutes_reserve,0.24774098
86,19,da_as_as_mw_primary_reserve,0.23102763
86,20,da_as_as_req_mw_primary_reserve,0.10902193
86,21,da_as_total_mw_primary_reserve,0.00076714234
86,22,congestion_price_rt,0.19529612
86,23,congestion_price_da,0.25062278
86,24,rmccp,0.07627473
86,25,net_inadv_interchange_mw,0.16871968
86,26,da_as_as_mw_thirty_minutes_reserve,0.4366909
86,27,da_as_total_mw_thirty_minutes_reserve,0.2667587
86,28,total_pjm_self_sched_reg,0.19173688
86,29,net_sched_interchange_mw,0.2977982
86,30,net_actual_interchange_mw,0.24340779
86,31,total_pjm_assigned_reg,0.29982683
86,32,da_as_ss_mw_primary_reserve,0.08141384
86,33,da_as_ss_mw_synchronized_reserve,0.0892929
86,34,da_as_ss_mw_thirty_minutes_reserve,0.27529314
86,35,da_as_as_mw_synchronized_reserve,0.14017718
86,36,total_pjm_rmpcp_cr,0.17707792
86,37,rmpcp,0.13988958
87,1,gross_inadv_interchange_mw,0.27204672
87,2,total_losses,0.5641358
87,3,total_pjm_loc_credit,0.102028586
87,4,da_as_nsr_mw_primary_reserve,0.23110706
87,5,marginal_loss_price_rt,0.1646629
87,6,total_pjm_rmccp_cr,2.9866249e-05
87,7,gross_actual_interchange_mw,0.26708338
87,8,gross_sched_interchange_mw,0.2797338
87,9,total_lmp_rt,0.087026395
87,10,total_lmp_da,0.5378002
87,11,system_energy_price_da,0.70232904
87,12,system_energy_price_rt,0.2092003
87,13,marginal_loss_price_da,0.4247382
87,14,total_pjm_reg_purchases,0.29151595
87,15,da_as_mcp_synchronized_reserve,0.42830792
87,16,da_as_mcp_primary_reserve,0.059759274
87,17,da_as_as_req_mw_synchronized_reserve,0.29879227
87,18,da_as_as_req_mw_thirty_minutes_reserve,0.24224055
87,19,da_as_as_mw_primary_reserve,0.2268695
87,20,da_as_as_req_mw_primary_reserve,0.106163405
87,21,da_as_total_mw_primary_reserve,0.0013613583
87,22,congestion_price_rt,0.1927336
87,23,congestion_price_da,0.250207
87,24,rmccp,0.07335025
87,25,net_inadv_interchange_mw,0.16852625
87,26,da_as_as_mw_thirty_minutes_reserve,0.43097714
87,27,da_as_total_mw_thirty_minutes_reserve,0.26080534
87,28,total_pjm_self_sched_reg,0.19157682
87,29,net_sched_interchange_mw,0.29445487
87,30,net_actual_interchange_mw,0.23769061
87,31,total_pjm_assigned_reg,0.28914058
87,32,da_as_ss_mw_primary_reserve,0.08025681
87,33,da_as_ss_mw_synchronized_reserve,0.089622475
87,34,da_as_ss_mw_thirty_minutes_reserve,0.27343026
87,35,da_as_as_mw_synchronized_reserve,0.14310919
87,36,total_pjm_rmpcp_cr,0.17057748
87,37,rmpcp,0.13882941
88,1,gross_inadv_interchange_mw,0.26884276
88,2,total_losses,0.56166047
88,3,total_pjm_loc_credit,0.10862169
88,4,da_as_nsr_mw_primary_reserve,0.2253566
88,5,marginal_loss_price_rt,0.169473
88,6,total_pjm_rmccp_cr,0.0008741872
88,7,gross_actual_interchange_mw,0.2666276
88,8,gross_sched_interchange_mw,0.27379304
88,9,total_lmp_rt,0.08476496
88,10,total_lmp_da,0.5341945
88,11,system_energy_price_da,0.69807124
88,12,system_energy_price_rt,0.2064272
88,13,marginal_loss_price_da,0.41846475
88,14,total_pjm_reg_purchases,0.28478956
88,15,da_as_mcp_synchronized_reserve,0.42333993
88,16,da_as_mcp_primary_reserve,0.05457606
88,17,da_as_as_req_mw_synchronized_reserve,0.29594335
88,18,da_as_as_req_mw_thirty_minutes_reserve,0.2401167
88,19,da_as_as_mw_primary_reserve,0.22660734
88,20,da_as_as_req_mw_primary_reserve,0.10224257
88,21,da_as_total_mw_primary_reserve,-0.0019065934
88,22,congestion_price_rt,0.19421297
88,23,congestion_price_da,0.24421048
88,24,rmccp,0.07600569
88,25,net_inadv_interchange_mw,0.1667903
88,26,da_as_as_mw_thirty_minutes_reserve,0.4262577
88,27,da_as_total_mw_thirty_minutes_reserve,0.2562593
88,28,total_pjm_self_sched_reg,0.18723977
88,29,net_sched_interchange_mw,0.28762197
88,30,net_actual_interchange_mw,0.23028553
88,31,total_pjm_assigned_reg,0.29330337
88,32,da_as_ss_mw_primary_reserve,0.083942965
88,33,da_as_ss_mw_synchronized_reserve,0.09431168
88,34,da_as_ss_mw_thirty_minutes_reserve,0.27803588
88,35,da_as_as_mw_synchronized_reserve,0.1424359
88,36,total_pjm_rmpcp_cr,0.17013337
88,37,rmpcp,0.13508081
89,1,gross_inadv_interchange_mw,0.2654144
89,2,total_losses,0.5566088
89,3,total_pjm_loc_credit,0.10435399
89,4,da_as_nsr_mw_primary_reserve,0.22472942
89,5,marginal_loss_price_rt,0.16119578
89,6,total_pjm_rmccp_cr,0.00052859203
89,7,gross_actual_interchange_mw,0.26237708
89,8,gross_sched_interchange_mw,0.2709834
89,9,total_lmp_rt,0.08037901
89,10,total_lmp_da,0.5255829
89,11,system_energy_price_da,0.692416
89,12,system_energy_price_rt,0.20165981
89,13,marginal_loss_price_da,0.41290742
89,14,total_pjm_reg_purchases,0.27997494
89,15,da_as_mcp_synchronized_reserve,0.41841194
89,16,da_as_mcp_primary_reserve,0.056794625
89,17,da_as_as_req_mw_synchronized_reserve,0.29150707
89,18,da_as_as_req_mw_thirty_minutes_reserve,0.23881945
89,19,da_as_as_mw_primary_reserve,0.22630753
89,20,da_as_as_req_mw_primary_reserve,0.09942581
89,21,da_as_total_mw_primary_reserve,0.0015391449
89,22,congestion_price_rt,0.19475874
89,23,congestion_price_da,0.24384886
89,24,rmccp,0.06993214
89,25,net_inadv_interchange_mw,0.16197337
89,26,da_as_as_mw_thirty_minutes_reserve,0.4249576
89,27,da_as_total_mw_thirty_minutes_reserve,0.25543034
89,28,total_pjm_self_sched_reg,0.18646115
89,29,net_sched_interchange_mw,0.2885921
89,30,net_actual_interchange_mw,0.23194708
89,31,total_pjm_assigned_reg,0.2839919
89,32,da_as_ss_mw_primary_reserve,0.07828553
89,33,da_as_ss_mw_synchronized_reserve,0.08831111
89,34,da_as_ss_mw_thirty_minutes_reserve,0.27327147
89,35,da_as_as_mw_synchronized_reserve,0.14260332
89,36,total_pjm_rmpcp_cr,0.16815735
89,37,rmpcp,0.13257627
90,1,gross_inadv_interchange_mw,0.26269764
90,2,total_losses,0.5488239
90,3,total_pjm_loc_credit,0.10235897
90,4,da_as_nsr_mw_primary_reserve,0.21888812
90,5,marginal_loss_price_rt,0.16466545
90,6,total_pjm_rmccp_cr,0.00094832847
90,7,gross_actual_interchange_mw,0.25843978
90,8,gross_sched_interchange_mw,0.270768
90,9,total_lmp_rt,0.07898976
90,10,total_lmp_da,0.52116716
90,11,system_energy_price_da,0.68993646
90,12,system_energy_price_rt,0.2014341
90,13,marginal_loss_price_da,0.40986454
90,14,total_pjm_reg_purchases,0.28032857
90,15,da_as_mcp_synchronized_reserve,0.4124
90,16,da_as_mcp_primary_reserve,0.056828916
90,17,da_as_as_req_mw_synchronized_reserve,0.29108062
90,18,da_as_as_req_mw_thirty_minutes_reserve,0.23425917
90,19,da_as_as_mw_primary_reserve,0.21763568
90,20,da_as_as_req_mw_primary_reserve,0.09877293
90,21,da_as_total_mw_primary_reserve,-0.00058330956
90,22,congestion_price_rt,0.19254154
90,23,congestion_price_da,0.23785523
90,24,rmccp,0.07191747
90,25,net_inadv_interchange_mw,0.16361219
90,26,da_as_as_mw_thirty_minutes_reserve,0.42000476
90,27,da_as_total_mw_thirty_minutes_reserve,0.24901381
90,28,total_pjm_self_sched_reg,0.18206355
90,29,net_sched_interchange_mw,0.2812913
90,30,net_actual_interchange_mw,0.22305073
90,31,total_pjm_assigned_reg,0.28181595
90,32,da_as_ss_mw_primary_reserve,0.080115445
90,33,da_as_ss_mw_synchronized_reserve,0.087604314
90,34,da_as_ss_mw_thirty_minutes_reserve,0.27309006
90,35,da_as_as_mw_synchronized_reserve,0.13976549
90,36,total_pjm_rmpcp_cr,0.16330905
90,37,rmpcp,0.1283918
91,1,gross_inadv_interchange_mw,0.25781116
91,2,total_losses,0.5473638
91,3,total_pjm_loc_credit,0.104366854
91,4,da_as_nsr_mw_primary_reserve,0.214546
91,5,marginal_loss_price_rt,0.15562145
91,6,total_pjm_rmccp_cr,0.001265645
91,7,gross_actual_interchange_mw,0.2566183
91,8,gross_sched_interchange_mw,0.26754054
91,9,total_lmp_rt,0.07813701
91,10,total_lmp_da,0.5166809
91,11,system_energy_price_da,0.6862117
91,12,system_energy_price_rt,0.19825126
91,13,marginal_loss_price_da,0.40543967
91,14,total_pjm_reg_purchases,0.27500024
91,15,da_as_mcp_synchronized_reserve,0.40884602
91,16,da_as_mcp_primary_reserve,0.05865524
91,17,da_as_as_req_mw_synchronized_reserve,0.2869107
91,18,da_as_as_req_mw_thirty_minutes_reserve,0.23558477
91,19,da_as_as_mw_primary_reserve,0.2189557
91,20,da_as_as_req_mw_primary_reserve,0.09784182
91,21,da_as_total_mw_primary_reserve,0.0015397978
91,22,congestion_price_rt,0.18883064
91,23,congestion_price_da,0.23702556
91,24,rmccp,0.06758191
91,25,net_inadv_interchange_mw,0.15648603
91,26,da_as_as_mw_thirty_minutes_reserve,0.41670698
91,27,da_as_total_mw_thirty_minutes_reserve,0.24512829
91,28,total_pjm_self_sched_reg,0.17675294
91,29,net_sched_interchange_mw,0.27845186
91,30,net_actual_interchange_mw,0.21926688
91,31,total_pjm_assigned_reg,0.278159
91,32,da_as_ss_mw_primary_reserve,0.074244015
91,33,da_as_ss_mw_synchronized_reserve,0.08455934
91,34,da_as_ss_mw_thirty_minutes_reserve,0.26846927
91,35,da_as_as_mw_synchronized_reserve,0.13881454
91,36,total_pjm_rmpcp_cr,0.16683364
91,37,rmpcp,0.12831941
92,1,gross_inadv_interchange_mw,0.25598952
92,2,total_losses,0.54259884
92,3,total_pjm_loc_credit,0.10053597
92,4,da_as_nsr_mw_primary_reserve,0.21341078
92,5,marginal_loss_price_rt,0.15742387
92,6,total_pjm_rmccp_cr,0.0010633605
92,7,gross_actual_interchange_mw,0.24833
92,8,gross_sched_interchange_mw,0.26501808
92,9,total_lmp_rt,0.078387916
92,10,total_lmp_da,0.51002574
92,11,system_energy_price_da,0.6809407
92,12,system_energy_price_rt,0.19674754
92,13,marginal_loss_price_da,0.40221468
92,14,total_pjm_reg_purchases,0.27285177
92,15,da_as_mcp_synchronized_reserve,0.40484345
92,16,da_as_mcp_primary_reserve,0.05803689
92,17,da_as_as_req_mw_synchronized_reserve,0.28381374
92,18,da_as_as_req_mw_thirty_minutes_reserve,0.22975011
92,19,da_as_as_mw_primary_reserve,0.21508469
92,20,da_as_as_req_mw_primary_reserve,0.092196845
92,21,da_as_total_mw_primary_reserve,0.0008688489
92,22,congestion_price_rt,0.18769327
92,23,congestion_price_da,0.23587197
92,24,rmccp,0.06462047
92,25,net_inadv_interchange_mw,0.16011713
92,26,da_as_as_mw_thirty_minutes_reserve,0.41536394
92,27,da_as_total_mw_thirty_minutes_reserve,0.2427336
92,28,total_pjm_self_sched_reg,0.18133599
92,29,net_sched_interchange_mw,0.27813822
92,30,net_actual_interchange_mw,0.217142
92,31,total_pjm_assigned_reg,0.27643925
92,32,da_as_ss_mw_primary_reserve,0.07510561
92,33,da_as_ss_mw_synchronized_reserve,0.079839185
92,34,da_as_ss_mw_thirty_minutes_reserve,0.26536137
92,35,da_as_as_mw_synchronized_reserve,0.1313861
92,36,total_pjm_rmpcp_cr,0.16395327
92,37,rmpcp,0.12326711
93,1,gross_inadv_interchange_mw,0.2529335
93,2,total_losses,0.5373802
93,3,total_pjm_loc_credit,0.103016205
93,4,da_as_nsr_mw_primary_reserve,0.20944192
93,5,marginal_loss_price_rt,0.15726776
93,6,total_pjm_rmccp_cr,0.0013345941
93,7,gross_actual_interchange_mw,0.2509577
93,8,gross_sched_interchange_mw,0.26257867
93,9,total_lmp_rt,0.0782339
93,10,total_lmp_da,0.5040425
93,11,system_energy_price_da,0.676104
93,12,system_energy_price_rt,0.19757102
93,13,marginal_loss_price_da,0.39575946
93,14,total_pjm_reg_purchases,0.26915663
93,15,da_as_mcp_synchronized_reserve,0.39947498
93,16,da_as_mcp_primary_reserve,0.061191145
93,17,da_as_as_req_mw_synchronized_reserve,0.28003198
93,18,da_as_as_req_mw_thirty_minutes_reserve,0.22832578
93,19,da_as_as_mw_primary_reserve,0.21611062
93,20,da_as_as_req_mw_primary_reserve,0.0921095
93,21,da_as_total_mw_primary_reserve,0.0019654515
93,22,congestion_price_rt,0.18195252
93,23,congestion_price_da,0.2354737
93,24,rmccp,0.068733804
93,25,net_inadv_interchange_mw,0.15330248
93,26,da_as_as_mw_thirty_minutes_reserve,0.412141
93,27,da_as_total_mw_thirty_minutes_reserve,0.2395815
93,28,total_pjm_self_sched_reg,0.17598101
93,29,net_sched_interchange_mw,0.27567455
93,30,net_actual_interchange_mw,0.21433339
93,31,total_pjm_assigned_reg,0.27506706
93,32,da_as_ss_mw_primary_reserve,0.07651614
93,33,da_as_ss_mw_synchronized_reserve,0.07949768
93,34,da_as_ss_mw_thirty_minutes_reserve,0.26442122
93,35,da_as_as_mw_synchronized_reserve,0.13464591
93,36,total_pjm_rmpcp_cr,0.16310205
93,37,rmpcp,0.12646686
94,1,gross_inadv_interchange_mw,0.25184697
94,2,total_losses,0.534389
94,3,total_pjm_loc_credit,0.099311575
94,4,da_as_nsr_mw_primary_reserve,0.20802586
94,5,marginal_loss_price_rt,0.15787761
94,6,total_pjm_rmccp_cr,0.00033477726
94,7,gross_actual_interchange_mw,0.2458766
94,8,gross_sched_interchange_mw,0.2561257
94,9,total_lmp_rt,0.078228176
94,10,total_lmp_da,0.4983477
94,11,system_energy_price_da,0.672416
94,12,system_energy_price_rt,0.20063312
94,13,marginal_loss_price_da,0.39460286
94,14,total_pjm_reg_purchases,0.2675682
94,15,da_as_mcp_synchronized_reserve,0.39567456
94,16,da_as_mcp_primary_reserve,0.05743913
94,17,da_as_as_req_mw_synchronized_reserve,0.27794516
94,18,da_as_as_req_mw_thirty_minutes_reserve,0.22702369
94,19,da_as_as_mw_primary_reserve,0.21099925
94,20,da_as_as_req_mw_primary_reserve,0.0924611
94,21,da_as_total_mw_primary_reserve,0.0030847415
94,22,congestion_price_rt,0.1811589
94,23,congestion_price_da,0.22866194
94,24,rmccp,0.06421168
94,25,net_inadv_interchange_mw,0.15283264
94,26,da_as_as_mw_thirty_minutes_reserve,0.41102058
94,27,da_as_total_mw_thirty_minutes_reserve,0.23637156
94,28,total_pjm_self_sched_reg,0.17710248
94,29,net_sched_interchange_mw,0.27215928
94,30,net_actual_interchange_mw,0.21080552
94,31,total_pjm_assigned_reg,0.26866677
94,32,da_as_ss_mw_primary_reserve,0.06934104
94,33,da_as_ss_mw_synchronized_reserve,0.077199645
94,34,da_as_ss_mw_thirty_minutes_reserve,0.25848657
94,35,da_as_as_mw_synchronized_reserve,0.13503814
94,36,total_pjm_rmpcp_cr,0.16156507
94,37,rmpcp,0.119952545
95,1,gross_inadv_interchange_mw,0.25255695
95,2,total_losses,0.5275644
95,3,total_pjm_loc_credit,0.10470531
95,4,da_as_nsr_mw_primary_reserve,0.20690565
95,5,marginal_loss_price_rt,0.15276045
95,6,total_pjm_rmccp_cr,-0.0002942704
95,7,gross_actual_interchange_mw,0.24127324
95,8,gross_sched_interchange_mw,0.2533396
95,9,total_lmp_rt,0.073361926
95,10,total_lmp_da,0.49504602
95,11,system_energy_price_da,0.6690869
95,12,system_energy_price_rt,0.19598621
95,13,marginal_loss_price_da,0.3911582
95,14,total_pjm_reg_purchases,0.26216394
95,15,da_as_mcp_synchronized_reserve,0.39221844
95,16,da_as_mcp_primary_reserve,0.06011608
95,17,da_as_as_req_mw_synchronized_reserve,0.27600184
95,18,da_as_as_req_mw_thirty_minutes_reserve,0.22528301
95,19,da_as_as_mw_primary_reserve,0.21198072
95,20,da_as_as_req_mw_primary_reserve,0.08901356
95,21,da_as_total_mw_primary_reserve,0.0022038068
95,22,congestion_price_rt,0.17994055
95,23,congestion_price_da,0.2262614
95,24,rmccp,0.07491924
95,25,net_inadv_interchange_mw,0.15199192
95,26,da_as_as_mw_thirty_minutes_reserve,0.4029753
95,27,da_as_total_mw_thirty_minutes_reserve,0.22813328
95,28,total_pjm_self_sched_reg,0.17391248
95,29,net_sched_interchange_mw,0.27140194
95,30,net_actual_interchange_mw,0.2086926
95,31,total_pjm_assigned_reg,0.2659532
95,32,da_as_ss_mw_primary_reserve,0.07045416
95,33,da_as_ss_mw_synchronized_reserve,0.07798099
95,34,da_as_ss_mw_thirty_minutes_reserve,0.25780374
95,35,da_as_as_mw_synchronized_reserve,0.12975913
95,36,total_pjm_rmpcp_cr,0.15814474
95,37,rmpcp,0.12101703
96,1,gross_inadv_interchange_mw,0.24834388
96,2,total_losses,0.52540046
96,3,total_pjm_loc_credit,0.098306686
96,4,da_as_nsr_mw_primary_reserve,0.20413353
96,5,marginal_loss_price_rt,0.15396039
96,6,total_pjm_rmccp_cr,0.001425884
96,7,gross_actual_interchange_mw,0.2398583
96,8,gross_sched_interchange_mw,0.25293657
96,9,total_lmp_rt,0.07328298
96,10,total_lmp_da,0.48729655
96,11,system_energy_price_da,0.66408485
96,12,system_energy_price_rt,0.19569121
96,13,marginal_loss_price_da,0.3880171
96,14,total_pjm_reg_purchases,0.26205403
96,15,da_as_mcp_synchronized_reserve,0.3863896
96,16,da_as_mcp_primary_reserve,0.057796992
96,17,da_as_as_req_mw_synchronized_reserve,0.27297574
96,18,da_as_as_req_mw_thirty_minutes_reserve,0.22111006
96,19,da_as_as_mw_primary_reserve,0.20947546
96,20,da_as_as_req_mw_primary_reserve,0.08469691
96,21,da_as_total_mw_primary_reserve,-0.00065631216
96,22,congestion_price_rt,0.18419144
96,23,congestion_price_da,0.22380108
96,24,rmccp,0.06720737
96,25,net_inadv_interchange_mw,0.1491496
96,26,da_as_as_mw_thirty_minutes_reserve,0.4010253
96,27,da_as_total_mw_thirty_minutes_reserve,0.22820763
96,28,total_pjm_self_sched_reg,0.1669982
96,29,net_sched_interchange_mw,0.26440892
96,30,net_actual_interchange_mw,0.20213012
96,31,total_pjm_assigned_reg,0.26395494
96,32,da_as_ss_mw_primary_reserve,0.06913094
96,33,da_as_ss_mw_synchronized_reserve,0.07365797
96,34,da_as_ss_mw_thirty_minutes_reserve,0.25773805
96,35,da_as_as_mw_synchronized_reserve,0.1331559
96,36,total_pjm_rmpcp_cr,0.15899411
96,37,rmpcp,0.11895831
97,1,gross_inadv_interchange_mw,0.24502875
97,2,total_losses,0.52114815
97,3,total_pjm_loc_credit,0.09773086
97,4,da_as_nsr_mw_primary_reserve,0.2024722
97,5,marginal_loss_price_rt,0.1543575
97,6,total_pjm_rmccp_cr,-0.0012346111
97,7,gross_actual_interchange_mw,0.23666131
97,8,gross_sched_interchange_mw,0.25214323
97,9,total_lmp_rt,0.07035814
97,10,total_lmp_da,0.4839996
97,11,system_energy_price_da,0.66030663
97,12,system_energy_price_rt,0.19529979
97,13,marginal_loss_price_da,0.3862736
97,14,total_pjm_reg_purchases,0.25906035
97,15,da_as_mcp_synchronized_reserve,0.38472325
97,16,da_as_mcp_primary_reserve,0.06079822
97,17,da_as_as_req_mw_synchronized_reserve,0.26466653
97,18,da_as_as_req_mw_thirty_minutes_reserve,0.21814969
97,19,da_as_as_mw_primary_reserve,0.20931475
97,20,da_as_as_req_mw_primary_reserve,0.08201359
97,21,da_as_total_mw_primary_reserve,0.00015368636
97,22,congestion_price_rt,0.1745374
97,23,congestion_price_da,0.22198169
97,24,rmccp,0.066050336
97,25,net_inadv_interchange_mw,0.14494474
97,26,da_as_as_mw_thirty_minutes_reserve,0.39896327
97,27,da_as_total_mw_thirty_minutes_reserve,0.22598484
97,28,total_pjm_self_sched_reg,0.16834396
97,29,net_sched_interchange_mw,0.2654528
97,30,net_actual_interchange_mw,0.19948475
97,31,total_pjm_assigned_reg,0.25783557
97,32,da_as_ss_mw_primary_reserve,0.07060039
97,33,da_as_ss_mw_synchronized_reserve,0.074828796
97,34,da_as_ss_mw_thirty_minutes_reserve,0.2579228
97,35,da_as_as_mw_synchronized_reserve,0.12956783
97,36,total_pjm_rmpcp_cr,0.15765297
97,37,rmpcp,0.11658129
98,1,gross_inadv_interchange_mw,0.2449884
98,2,total_losses,0.5165802
98,3,total_pjm_loc_credit,0.09264578
98,4,da_as_nsr_mw_primary_reserve,0.19907431
98,5,marginal_loss_price_rt,0.15614136
98,6,total_pjm_rmccp_cr,0.0024897405
98,7,gross_actual_interchange_mw,0.23411007
98,8,gross_sched_interchange_mw,0.24834901
98,9,total_lmp_rt,0.06975
98,10,total_lmp_da,0.47966075
98,11,system_energy_price_da,0.6574313
98,12,system_energy_price_rt,0.19536382
98,13,marginal_loss_price_da,0.38147783
98,14,total_pjm_reg_purchases,0.2574039
98,15,da_as_mcp_synchronized_reserve,0.37749997
98,16,da_as_mcp_primary_reserve,0.05856469
98,17,da_as_as_req_mw_synchronized_reserve,0.26464045
98,18,da_as_as_req_mw_thirty_minutes_reserve,0.21689105
98,19,da_as_as_mw_primary_reserve,0.20306745
98,20,da_as_as_req_mw_primary_reserve,0.082549796
98,21,da_as_total_mw_primary_reserve,-0.0029141915
98,22,congestion_price_rt,0.17913577
98,23,congestion_price_da,0.22364758
98,24,rmccp,0.071521156
98,25,net_inadv_interchange_mw,0.14592929
98,26,da_as_as_mw_thirty_minutes_reserve,0.39676997
98,27,da_as_total_mw_thirty_minutes_reserve,0.22213197
98,28,total_pjm_self_sched_reg,0.16834638
98,29,net_sched_interchange_mw,0.261819
98,30,net_actual_interchange_mw,0.19510537
98,31,total_pjm_assigned_reg,0.2556046
98,32,da_as_ss_mw_primary_reserve,0.06586916
98,33,da_as_ss_mw_synchronized_reserve,0.07215994
98,34,da_as_ss_mw_thirty_minutes_reserve,0.25314313
98,35,da_as_as_mw_synchronized_reserve,0.12669809
98,36,total_pjm_rmpcp_cr,0.15385339
98,37,rmpcp,0.117275804
99,1,gross_inadv_interchange_mw,0.24232675
99,2,total_losses,0.51334846
99,3,total_pjm_loc_credit,0.09511792
99,4,da_as_nsr_mw_primary_reserve,0.19302389
99,5,marginal_loss_price_rt,0.15129505
99,6,total_pjm_rmccp_cr,0.0022136106
99,7,gross_actual_interchange_mw,0.23283973
99,8,gross_sched_interchange_mw,0.24518155
99,9,total_lmp_rt,0.06725183
99,10,total_lmp_da,0.4729993
99,11,system_energy_price_da,0.65248024
99,12,system_energy_price_rt,0.18994957
99,13,marginal_loss_price_da,0.3763641
99,14,total_pjm_reg_purchases,0.25334316
99,15,da_as_mcp_synchronized_reserve,0.37297627
99,16,da_as_mcp_primary_reserve,0.054151163
99,17,da_as_as_req_mw_synchronized_reserve,0.2626036
99,18,da_as_as_req_mw_thirty_minutes_reserve,0.21617551
99,19,da_as_as_mw_primary_reserve,0.20134683
99,20,da_as_as_req_mw_primary_reserve,0.080538526
99,21,da_as_total_mw_primary_reserve,0.00093765825
99,22,congestion_price_rt,0.17454115
99,23,congestion_price_da,0.21818584
99,24,rmccp,0.06493585
99,25,net_inadv_interchange_mw,0.14412075
99,26,da_as_as_mw_thirty_minutes_reserve,0.39490002
99,27,da_as_total_mw_thirty_minutes_reserve,0.21885249
99,28,total_pjm_self_sched_reg,0.16476265
99,29,net_sched_interchange_mw,0.25970617
99,30,net_actual_interchange_mw,0.19326952
99,31,total_pjm_assigned_reg,0.25124806
99,32,da_as_ss_mw_primary_reserve,0.064265415
99,33,da_as_ss_mw_synchronized_reserve,0.06936343
99,34,da_as_ss_mw_thirty_minutes_reserve,0.25023538
99,35,da_as_as_mw_synchronized_reserve,0.12248867
99,36,total_pjm_rmpcp_cr,0.15139474
99,37,rmpcp,0.11706978
100,1,gross_inadv_interchange_mw,0.23594753
100,2,total_losses,0.5093574
100,3,total_pjm_loc_credit,0.089946315
100,4,da_as_nsr_mw_primary_reserve,0.19211036
100,5,marginal_loss_price_rt,0.14518425
100,6,total_pjm_rmccp_cr,0.0014647552
100,7,gross_actual_interchange_mw,0.22963472
100,8,gross_sched_interchange_mw,0.24208473
100,9,total_lmp_rt,0.06669056
100,10,total_lmp_da,0.46969005
100,11,system_energy_price_da,0.6494384
100,12,system_energy_price_rt,0.18888752
100,13,marginal_loss_price_da,0.37410697
100,14,total_pjm_reg_purchases,0.24706769
100,15,da_as_mcp_synchronized_reserve,0.36920708
100,16,da_as_mcp_primary_reserve,0.057588477
100,17,da_as_as_req_mw_synchronized_reserve,0.25818226
100,18,da_as_as_req_mw_thirty_minutes_reserve,0.21263358
100,19,da_as_as_mw_primary_reserve,0.20330703
100,20,da_as_as_req_mw_primary_reserve,0.07655886
100,21,da_as_total_mw_primary_reserve,0.00068097765
100,22,congestion_price_rt,0.17084244
100,23,congestion_price_da,0.21347779
100,24,rmccp,0.06378849
100,25,net_inadv_interchange_mw,0.14131624
100,26,da_as_as_mw_thirty_minutes_reserve,0.38998023
100,27,da_as_total_mw_thirty_minutes_reserve,0.21642925
100,28,total_pjm_self_sched_reg,0.16423212
100,29,net_sched_interchange_mw,0.2576244
100,30,net_actual_interchange_mw,0.1940575
100,31,total_pjm_assigned_reg,0.2497518
100,32,da_as_ss_mw_primary_reserve,0.063624896
100,33,da_as_ss_mw_synchronized_reserve,0.06687753
100,34,da_as_ss_mw_thirty_minutes_reserve,0.24831189
100,35,da_as_as_mw_synchronized_reserve,0.12643999
100,36,total_pjm_rmpcp_cr,0.15218365
100,37,rmpcp,0.1172737
101,1,gross_inadv_interchange_mw,0.23687074
101,2,total_losses,0.50426334
101,3,total_pjm_loc_credit,0.09082883
101,4,da_as_nsr_mw_primary_reserve,0.1900976
101,5,marginal_loss_price_rt,0.14684914
101,6,total_pjm_rmccp_cr,-0.00089098234
101,7,gross_actual_interchange_mw,0.22763772
101,8,gross_sched_interchange_mw,0.23796155
101,9,total_lmp_rt,0.06449198
101,10,total_lmp_da,0.46571022
101,11,system_energy_price_da,0.64731526
101,12,system_energy_price_rt,0.18762703
101,13,marginal_loss_price_da,0.37016845
101,14,total_pjm_reg_purchases,0.24773076
101,15,da_as_mcp_synchronized_reserve,0.36292335
101,16,da_as_mcp_primary_reserve,0.056093544
101,17,da_as_as_req_mw_synchronized_reserve,0.25858748
101,18,da_as_as_req_mw_thirty_minutes_reserve,0.21512508
101,19,da_as_as_mw_primary_reserve,0.2022557
101,20,da_as_as_req_mw_primary_reserve,0.07935829
101,21,da_as_total_mw_primary_reserve,0.0033931409
101,22,congestion_price_rt,0.16961865
101,23,congestion_price_da,0.21101545
101,24,rmccp,0.06431814
101,25,net_inadv_interchange_mw,0.13483562
101,26,da_as_as_mw_thirty_minutes_reserve,0.38594526
101,27,da_as_total_mw_thirty_minutes_reserve,0.2114978
101,28,total_pjm_self_sched_reg,0.16188444
101,29,net_sched_interchange_mw,0.25475055
101,30,net_actual_interchange_mw,0.19205391
101,31,total_pjm_assigned_reg,0.24591307
101,32,da_as_ss_mw_primary_reserve,0.06400056
101,33,da_as_ss_mw_synchronized_reserve,0.06968247
101,34,da_as_ss_mw_thirty_minutes_reserve,0.24768832
101,35,da_as_as_mw_synchronized_reserve,0.12179347
101,36,total_pjm_rmpcp_cr,0.14944966
101,37,rmpcp,0.11395663
102,1,gross_inadv_interchange_mw,0.2357217
102,2,total_losses,0.50185055
102,3,total_pjm_loc_credit,0.08957068
102,4,da_as_nsr_mw_primary_reserve,0.18766174
102,5,marginal_loss_price_rt,0.14044689
102,6,total_pjm_rmccp_cr,0.0004131347
102,7,gross_actual_interchange_mw,0.22985792
102,8,gross_sched_interchange_mw,0.2413927
102,9,total_lmp_rt,0.06424427
102,10,total_lmp_da,0.4592878
102,11,system_energy_price_da,0.64214784
102,12,system_energy_price_rt,0.1842717
102,13,marginal_loss_price_da,0.36506346
102,14,total_pjm_reg_purchases,0.24344002
102,15,da_as_mcp_synchronized_reserve,0.3597004
102,16,da_as_mcp_primary_reserve,0.05700743
102,17,da_as_as_req_mw_synchronized_reserve,0.2584748
102,18,da_as_as_req_mw_thirty_minutes_reserve,0.21229641
102,19,da_as_as_mw_primary_reserve,0.1969606
102,20,da_as_as_req_mw_primary_reserve,0.07603371
102,21,da_as_total_mw_primary_reserve,-0.0017146905
102,22,congestion_price_rt,0.16924922
102,23,congestion_price_da,0.20884953
102,24,rmccp,0.06862257
102,25,net_inadv_interchange_mw,0.13898033
102,26,da_as_as_mw_thirty_minutes_reserve,0.38134286
102,27,da_as_total_mw_thirty_minutes_reserve,0.20489869
102,28,total_pjm_self_sched_reg,0.1562549
102,29,net_sched_interchange_mw,0.24996628
102,30,net_actual_interchange_mw,0.18663119
102,31,total_pjm_assigned_reg,0.2448587
102,32,da_as_ss_mw_primary_reserve,0.06568824
102,33,da_as_ss_mw_synchronized_reserve,0.06525569
102,34,da_as_ss_mw_thirty_minutes_reserve,0.24599098
102,35,da_as_as_mw_synchronized_reserve,0.12199813
102,36,total_pjm_rmpcp_cr,0.14535351
102,37,rmpcp,0.1164463
103,1,gross_inadv_interchange_mw,0.23344351
103,2,total_losses,0.49386996
103,3,total_pjm_loc_credit,0.091551885
103,4,da_as_nsr_mw_primary_reserve,0.1884969
103,5,marginal_loss_price_rt,0.14461586
103,6,total_pjm_rmccp_cr,0.0006585141
103,7,gross_actual_interchange_mw,0.22620785
103,8,gross_sched_interchange_mw,0.23569702
103,9,total_lmp_rt,0.06329044
103,10,total_lmp_da,0.45307386
103,11,system_energy_price_da,0.63885677
103,12,system_energy_price_rt,0.1862719
103,13,marginal_loss_price_da,0.36341348
103,14,total_pjm_reg_purchases,0.24130164
103,15,da_as_mcp_synchronized_reserve,0.35499746
103,16,da_as_mcp_primary_reserve,0.054755498
103,17,da_as_as_req_mw_synchronized_reserve,0.2500857
103,18,da_as_as_req_mw_thirty_minutes_reserve,0.20741864
103,19,da_as_as_mw_primary_reserve,0.20065883
103,20,da_as_as_req_mw_primary_reserve,0.07181674
103,21,da_as_total_mw_primary_reserve,0.0047895513
103,22,congestion_price_rt,0.16518126
103,23,congestion_price_da,0.21016125
103,24,rmccp,0.06467721
103,25,net_inadv_interchange_mw,0.1353544
103,26,da_as_as_mw_thirty_minutes_reserve,0.3805194
103,27,da_as_total_mw_thirty_minutes_reserve,0.20706235
103,28,total_pjm_self_sched_reg,0.15694854
103,29,net_sched_interchange_mw,0.2508321
103,30,net_actual_interchange_mw,0.18742251
103,31,total_pjm_assigned_reg,0.2427802
103,32,da_as_ss_mw_primary_reserve,0.06257947
103,33,da_as_ss_mw_synchronized_reserve,0.06171203
103,34,da_as_ss_mw_thirty_minutes_reserve,0.24306694
103,35,da_as_as_mw_synchronized_reserve,0.122184366
103,36,total_pjm_rmpcp_cr,0.14608043
103,37,rmpcp,0.11391908
104,1,gross_inadv_interchange_mw,0.22616257
104,2,total_losses,0.4933526
104,3,total_pjm_loc_credit,0.088603765
104,4,da_as_nsr_mw_primary_reserve,0.1851828
104,5,marginal_loss_price_rt,0.14333321
104,6,total_pjm_rmccp_cr,0.0016610917
104,7,gross_actual_interchange_mw,0.228102
104,8,gross_sched_interchange_mw,0.23171403
104,9,total_lmp_rt,0.060359336
104,10,total_lmp_da,0.44788346
104,11,system_energy_price_da,0.6337068
104,12,system_energy_price_rt,0.18487874
104,13,marginal_loss_price_da,0.36186934
104,14,total_pjm_reg_purchases,0.23734297
104,15,da_as_mcp_synchronized_reserve,0.35377318
104,16,da_as_mcp_primary_reserve,0.055231012
104,17,da_as_as_req_mw_synchronized_reserve,0.24810374
104,18,da_as_as_req_mw_thirty_minutes_reserve,0.20495896
104,19,da_as_as_mw_primary_reserve,0.19671948
104,20,da_as_as_req_mw_primary_reserve,0.066915795
104,21,da_as_total_mw_primary_reserve,0.0004114068
104,22,congestion_price_rt,0.16428529
104,23,congestion_price_da,0.21072578
104,24,rmccp,0.06846973
104,25,net_inadv_interchange_mw,0.1346837
104,26,da_as_as_mw_thirty_minutes_reserve,0.37537605
104,27,da_as_total_mw_thirty_minutes_reserve,0.2020422
104,28,total_pjm_self_sched_reg,0.15562572
104,29,net_sched_interchange_mw,0.24893503
104,30,net_actual_interchange_mw,0.18485628
104,31,total_pjm_assigned_reg,0.24177375
104,32,da_as_ss_mw_primary_reserve,0.06381276
104,33,da_as_ss_mw_synchronized_reserve,0.06262745
104,34,da_as_ss_mw_thirty_minutes_reserve,0.24407965
104,35,da_as_as_mw_synchronized_reserve,0.1216492
104,36,total_pjm_rmpcp_cr,0.1428256
104,37,rmpcp,0.11430719
105,1,gross_inadv_interchange_mw,0.22887729
105,2,total_losses,0.48660827
105,3,total_pjm_loc_credit,0.09022869
105,4,da_as_nsr_mw_primary_reserve,0.18352942
105,5,marginal_loss_price_rt,0.1381085
105,6,total_pjm_rmccp_cr,0.0012587379
105,7,gross_actual_interchange_mw,0.219065
105,8,gross_sched_interchange_mw,0.23249023
105,9,total_lmp_rt,0.0579074
105,10,total_lmp_da,0.44404745
105,11,system_energy_price_da,0.63225377
105,12,system_energy_price_rt,0.1798748
105,13,marginal_loss_price_da,0.35637876
105,14,total_pjm_reg_purchases,0.23859161
105,15,da_as_mcp_synchronized_reserve,0.34883374
105,16,da_as_mcp_primary_reserve,0.05367921
105,17,da_as_as_req_mw_synchronized_reserve,0.24871902
105,18,da_as_as_req_mw_thirty_minutes_reserve,0.2059365
105,19,da_as_as_mw_primary_reserve,0.19439165
105,20,da_as_as_req_mw_primary_reserve,0.07072541
105,21,da_as_total_mw_primary_reserve,0.004602633
105,22,congestion_price_rt,0.16363999
105,23,congestion_price_da,0.2037158
105,24,rmccp,0.06551067
105,25,net_inadv_interchange_mw,0.13388224
105,26,da_as_as_mw_thirty_minutes_reserve,0.37236494
105,27,da_as_total_mw_thirty_minutes_reserve,0.19976991
105,28,total_pjm_self_sched_reg,0.15644553
105,29,net_sched_interchange_mw,0.24557742
105,30,net_actual_interchange_mw,0.18071452
105,31,total_pjm_assigned_reg,0.23933591
105,32,da_as_ss_mw_primary_reserve,0.058502086
105,33,da_as_ss_mw_synchronized_reserve,0.060413107
105,34,da_as_ss_mw_thirty_minutes_reserve,0.23894872
105,35,da_as_as_mw_synchronized_reserve,0.11751274
105,36,total_pjm_rmpcp_cr,0.14196578
105,37,rmpcp,0.11083405
106,1,gross_inadv_interchange_mw,0.22234856
106,2,total_losses,0.48508787
106,3,total_pjm_loc_credit,0.08883417
106,4,da_as_nsr_mw_primary_reserve,0.18118756
106,5,marginal_loss_price_rt,0.13793965
106,6,total_pjm_rmccp_cr,-0.0006525368
106,7,gross_actual_interchange_mw,0.22003563
106,8,gross_sched_interchange_mw,0.2298883
106,9,total_lmp_rt,0.055008408
106,10,total_lmp_da,0.43925667
106,11,system_energy_price_da,0.62724936
106,12,system_energy_price_rt,0.18009773
106,13,marginal_loss_price_da,0.35403255
106,14,total_pjm_reg_purchases,0.23281112
106,15,da_as_mcp_synchronized_reserve,0.34372333
106,16,da_as_mcp_primary_reserve,0.056909148
106,17,da_as_as_req_mw_synchronized_reserve,0.24429181
106,18,da_as_as_req_mw_thirty_minutes_reserve,0.20198342
106,19,da_as_as_mw_primary_reserve,0.18996972
106,20,da_as_as_req_mw_primary_reserve,0.06641103
106,21,da_as_total_mw_primary_reserve,-0.0013312192
106,22,congestion_price_rt,0.16590421
106,23,congestion_price_da,0.2057455
106,24,rmccp,0.06215219
106,25,net_inadv_interchange_mw,0.13450584
106,26,da_as_as_mw_thirty_minutes_reserve,0.37171578
106,27,da_as_total_mw_thirty_minutes_reserve,0.19782376
106,28,total_pjm_self_sched_reg,0.15245536
106,29,net_sched_interchange_mw,0.24508168
106,30,net_actual_interchange_mw,0.17723812
106,31,total_pjm_assigned_reg,0.23624349
106,32,da_as_ss_mw_primary_reserve,0.06035333
106,33,da_as_ss_mw_synchronized_reserve,0.060469195
106,34,da_as_ss_mw_thirty_minutes_reserve,0.23970012
106,35,da_as_as_mw_synchronized_reserve,0.11856647
106,36,total_pjm_rmpcp_cr,0.1442753
106,37,rmpcp,0.1112823
107,1,gross_inadv_interchange_mw,0.22129183
107,2,total_losses,0.48022282
107,3,total_pjm_loc_credit,0.08334422
107,4,da_as_nsr_mw_primary_reserve,0.17561163
107,5,marginal_loss_price_rt,0.13435046
107,6,total_pjm_rmccp_cr,-0.00039121098
107,7,gross_actual_interchange_mw,0.21961212
107,8,gross_sched_interchange_mw,0.22802232
107,9,total_lmp_rt,0.055090033
107,10,total_lmp_da,0.43499082
107,11,system_energy_price_da,0.6240093
107,12,system_energy_price_rt,0.17867903
107,13,marginal_loss_price_da,0.35470068
107,14,total_pjm_reg_purchases,0.23179428
107,15,da_as_mcp_synchronized_reserve,0.33834013
107,16,da_as_mcp_primary_reserve,0.053171832
107,17,da_as_as_req_mw_synchronized_reserve,0.24162523
107,18,da_as_as_req_mw_thirty_minutes_reserve,0.19923536
107,19,da_as_as_mw_primary_reserve,0.18867365
107,20,da_as_as_req_mw_primary_reserve,0.06622573
107,21,da_as_total_mw_primary_reserve,0.00020497294
107,22,congestion_price_rt,0.1610521
107,23,congestion_price_da,0.20044278
107,24,rmccp,0.067542724
107,25,net_inadv_interchange_mw,0.13186449
107,26,da_as_as_mw_thirty_minutes_reserve,0.36622828
107,27,da_as_total_mw_thirty_minutes_reserve,0.19135746
107,28,total_pjm_self_sched_reg,0.15152994
107,29,net_sched_interchange_mw,0.24001637
107,30,net_actual_interchange_mw,0.17665544
107,31,total_pjm_assigned_reg,0.23349407
107,32,da_as_ss_mw_primary_reserve,0.057371285
107,33,da_as_ss_mw_synchronized_reserve,0.05708152
107,34,da_as_ss_mw_thirty_minutes_reserve,0.23843625
107,35,da_as_as_mw_synchronized_reserve,0.11492714
107,36,total_pjm_rmpcp_cr,0.14128487
107,37,rmpcp,0.10836499
108,1,gross_inadv_interchange_mw,0.21829404
108,2,total_losses,0.4782764
108,3,total_pjm_loc_credit,0.08823734
108,4,da_as_nsr_mw_primary_reserve,0.17575742
108,5,marginal_loss_price_rt,0.13745357
108,6,total_pjm_rmccp_cr,-0.00013440635
108,7,gross_actual_interchange_mw,0.21416341
108,8,gross_sched_interchange_mw,0.22383223
108,9,total_lmp_rt,0.05606665
108,10,total_lmp_da,0.4292311
108,11,system_energy_price_da,0.6204637
108,12,system_energy_price_rt,0.17965183
108,13,marginal_loss_price_da,0.3514734
108,14,total_pjm_reg_purchases,0.22616854
108,15,da_as_mcp_synchronized_reserve,0.33699194
108,16,da_as_mcp_primary_reserve,0.054535564
108,17,da_as_as_req_mw_synchronized_reserve,0.23888718
108,18,da_as_as_req_mw_thirty_minutes_reserve,0.19839779
108,19,da_as_as_mw_primary_reserve,0.1891599
108,20,da_as_as_req_mw_primary_reserve,0.061487447
108,21,da_as_total_mw_primary_reserve,0.00023521628
108,22,congestion_price_rt,0.15599819
108,23,congestion_price_da,0.197488
108,24,rmccp,0.06566729
108,25,net_inadv_interchange_mw,0.1282529
108,26,da_as_as_mw_thirty_minutes_reserve,0.3635703
108,27,da_as_total_mw_thirty_minutes_reserve,0.19105431
108,28,total_pjm_self_sched_reg,0.15136343
108,29,net_sched_interchange_mw,0.23929805
108,30,net_actual_interchange_mw,0.17564915
108,31,total_pjm_assigned_reg,0.22810306
108,32,da_as_ss_mw_primary_reserve,0.058690947
108,33,da_as_ss_mw_synchronized_reserve,0.05966647
108,34,da_as_ss_mw_thirty_minutes_reserve,0.2351244
108,35,da_as_as_mw_synchronized_reserve,0.11231001
108,36,total_pjm_rmpcp_cr,0.14176597
108,37,rmpcp,0.106554285
109,1,gross_inadv_interchange_mw,0.21850179
109,2,total_losses,0.4730901
109,3,total_pjm_loc_credit,0.08700213
109,4,da_as_nsr_mw_primary_reserve,0.17452641
109,5,marginal_loss_price_rt,0.13449186
109,6,total_pjm_rmccp_cr,0.002312255
109,7,gross_actual_interchange_mw,0.21301544
109,8,gross_sched_interchange_mw,0.2248328
109,9,total_lmp_rt,0.053717423
109,10,total_lmp_da,0.42471656
109,11,system_energy_price_da,0.6181475
109,12,system_energy_price_rt,0.17708302
109,13,marginal_loss_price_da,0.3443279
109,14,total_pjm_reg_purchases,0.22443485
109,15,da_as_mcp_synchronized_reserve,0.33166853
109,16,da_as_mcp_primary_reserve,0.053808827
109,17,da_as_as_req_mw_synchronized_reserve,0.23619719
109,18,da_as_as_req_mw_thirty_minutes_reserve,0.19837892
109,19,da_as_as_mw_primary_reserve,0.18447548
109,20,da_as_as_req_mw_primary_reserve,0.06245264
109,21,da_as_total_mw_primary_reserve,-0.0010613375
109,22,congestion_price_rt,0.15575193
109,23,congestion_price_da,0.19745094
109,24,rmccp,0.06877715
109,25,net_inadv_interchange_mw,0.12858795
109,26,da_as_as_mw_thirty_minutes_reserve,0.36247012
109,27,da_as_total_mw_thirty_minutes_reserve,0.19009835
109,28,total_pjm_self_sched_reg,0.14492255
109,29,net_sched_interchange_mw,0.23921661
109,30,net_actual_interchange_mw,0.1738311
109,31,total_pjm_assigned_reg,0.22730507
109,32,da_as_ss_mw_primary_reserve,0.056883484
109,33,da_as_ss_mw_synchronized_reserve,0.05771846
109,34,da_as_ss_mw_thirty_minutes_reserve,0.23493932
109,35,da_as_as_mw_synchronized_reserve,0.115111254
109,36,total_pjm_rmpcp_cr,0.13853413
109,37,rmpcp,0.10728763
110,1,gross_inadv_interchange_mw,0.21671525
110,2,total_losses,0.46961194
110,3,total_pjm_loc_credit,0.084743574
110,4,da_as_nsr_mw_primary_reserve,0.17068717
110,5,marginal_loss_price_rt,0.1377087
110,6,total_pjm_rmccp_cr,0.0006448159
110,7,gross_actual_interchange_mw,0.20977932
110,8,gross_sched_interchange_mw,0.22051059
110,9,total_lmp_rt,0.05266928
110,10,total_lmp_da,0.42117533
110,11,system_energy_price_da,0.6147811
110,12,system_energy_price_rt,0.17738076
110,13,marginal_loss_price_da,0.34282473
110,14,total_pjm_reg_purchases,0.22577563
110,15,da_as_mcp_synchronized_reserve,0.32950842
110,16,da_as_mcp_primary_reserve,0.05573665
110,17,da_as_as_req_mw_synchronized_reserve,0.23656356
110,18,da_as_as_req_mw_thirty_minutes_reserve,0.19639367
110,19,da_as_as_mw_primary_reserve,0.18512727
110,20,da_as_as_req_mw_primary_reserve,0.06267425
110,21,da_as_total_mw_primary_reserve,0.00042762145
110,22,congestion_price_rt,0.15426475
110,23,congestion_price_da,0.19581622
110,24,rmccp,0.06647458
110,25,net_inadv_interchange_mw,0.12508792
110,26,da_as_as_mw_thirty_minutes_reserve,0.3591985
110,27,da_as_total_mw_thirty_minutes_reserve,0.1842644
110,28,total_pjm_self_sched_reg,0.14724363
110,29,net_sched_interchange_mw,0.23509976
110,30,net_actual_interchange_mw,0.16980657
110,31,total_pjm_assigned_reg,0.22952972
110,32,da_as_ss_mw_primary_reserve,0.055411026
110,33,da_as_ss_mw_synchronized_reserve,0.0533709
110,34,da_as_ss_mw_thirty_minutes_reserve,0.23404916
110,35,da_as_as_mw_synchronized_reserve,0.11136415
110,36,total_pjm_rmpcp_cr,0.13533942
110,37,rmpcp,0.104135394
111,1,gross_inadv_interchange_mw,0.20874366
111,2,total_losses,0.46729025
111,3,total_pjm_loc_credit,0.08746879
111,4,da_as_nsr_mw_primary_reserve,0.1691748
111,5,marginal_loss_price_rt,0.1376517
111,6,total_pjm_rmccp_cr,0.0004177167
111,7,gross_actual_interchange_mw,0.2098626
111,8,gross_sched_interchange_mw,0.2201674
111,9,total_lmp_rt,0.052703504
111,10,total_lmp_da,0.4149535
111,11,system_energy_price_da,0.60986406
111,12,system_energy_price_rt,0.17603454
111,13,marginal_loss_price_da,0.33885786
111,14,total_pjm_reg_purchases,0.22154416
111,15,da_as_mcp_synchronized_reserve,0.32521588
111,16,da_as_mcp_primary_reserve,0.052139167
111,17,da_as_as_req_mw_synchronized_reserve,0.23481455
111,18,da_as_as_req_mw_thirty_minutes_reserve,0.19777305
111,19,da_as_as_mw_primary_reserve,0.18309927
111,20,da_as_as_req_mw_primary_reserve,0.060682174
111,21,da_as_total_mw_primary_reserve,-0.0014424283
111,22,congestion_price_rt,0.15828928
111,23,congestion_price_da,0.19392736
111,24,rmccp,0.06265837
111,25,net_inadv_interchange_mw,0.12449992
111,26,da_as_as_mw_thirty_minutes_reserve,0.3577701
111,27,da_as_total_mw_thirty_minutes_reserve,0.1797226
111,28,total_pjm_self_sched_reg,0.14626664
111,29,net_sched_interchange_mw,0.23574586
111,30,net_actual_interchange_mw,0.17004982
111,31,total_pjm_assigned_reg,0.22420605
111,32,da_as_ss_mw_primary_reserve,0.05310283
111,33,da_as_ss_mw_synchronized_reserve,0.05172855
111,34,da_as_ss_mw_thirty_minutes_reserve,0.22854513
111,35,da_as_as_mw_synchronized_reserve,0.110996105
111,36,total_pjm_rmpcp_cr,0.13565989
111,37,rmpcp,0.107137464
112,1,gross_inadv_interchange_mw,0.21050593
112,2,total_losses,0.46328226
112,3,total_pjm_loc_credit,0.0769404
112,4,da_as_nsr_mw_primary_reserve,0.16763078
112,5,marginal_loss_price_rt,0.13447689
112,6,total_pjm_rmccp_cr,0.0015672426
112,7,gross_actual_interchange_mw,0.20772527
112,8,gross_sched_interchange_mw,0.21428308
112,9,total_lmp_rt,0.050817348
112,10,total_lmp_da,0.41165987
112,11,system_energy_price_da,0.60716724
112,12,system_energy_price_rt,0.1750151
112,13,marginal_loss_price_da,0.33756784
112,14,total_pjm_reg_purchases,0.22090198
112,15,da_as_mcp_synchronized_reserve,0.32260478
112,16,da_as_mcp_primary_reserve,0.048575796
112,17,da_as_as_req_mw_synchronized_reserve,0.23159775
112,18,da_as_as_req_mw_thirty_minutes_reserve,0.19345142
112,19,da_as_as_mw_primary_reserve,0.18213771
112,20,da_as_as_req_mw_primary_reserve,0.058951695
112,21,da_as_total_mw_primary_reserve,0.004602658
112,22,congestion_price_rt,0.15615883
112,23,congestion_price_da,0.1923426
112,24,rmccp,0.06634307
112,25,net_inadv_interchange_mw,0.12740615
112,26,da_as_as_mw_thirty_minutes_reserve,0.3562654
112,27,da_as_total_mw_thirty_minutes_reserve,0.17982285
112,28,total_pjm_self_sched_reg,0.14225338
112,29,net_sched_interchange_mw,0.22704571
112,30,net_actual_interchange_mw,0.16599102
112,31,total_pjm_assigned_reg,0.22082967
112,32,da_as_ss_mw_primary_reserve,0.055654507
112,33,da_as_ss_mw_synchronized_reserve,0.054334506
112,34,da_as_ss_mw_thirty_minutes_reserve,0.23222604
112,35,da_as_as_mw_synchronized_reserve,0.11429869
112,36,total_pjm_rmpcp_cr,0.12995346
112,37,rmpcp,0.102848984
113,1,gross_inadv_interchange_mw,0.20546821
113,2,total_losses,0.45832542
113,3,total_pjm_loc_credit,0.08252414
113,4,da_as_nsr_mw_primary_reserve,0.16353056
113,5,marginal_loss_price_rt,0.13267995
113,6,total_pjm_rmccp_cr,-0.0013317862
113,7,gross_actual_interchange_mw,0.20522937
113,8,gross_sched_interchange_mw,0.21618475
113,9,total_lmp_rt,0.05038196
113,10,total_lmp_da,0.4075265
113,11,system_energy_price_da,0.60403395
113,12,system_energy_price_rt,0.17573716
113,13,marginal_loss_price_da,0.33469203
113,14,total_pjm_reg_purchases,0.21813297
113,15,da_as_mcp_synchronized_reserve,0.3185348
113,16,da_as_mcp_primary_reserve,0.051561907
113,17,da_as_as_req_mw_synchronized_reserve,0.23055293
113,18,da_as_as_req_mw_thirty_minutes_reserve,0.19370447
113,19,da_as_as_mw_primary_reserve,0.1794858
113,20,da_as_as_req_mw_primary_reserve,0.058483444
113,21,da_as_total_mw_primary_reserve,0.0028630006
113,22,congestion_price_rt,0.1527628
113,23,congestion_price_da,0.18841474
113,24,rmccp,0.065483354
113,25,net_inadv_interchange_mw,0.12424936
113,26,da_as_as_mw_thirty_minutes_reserve,0.34989876
113,27,da_as_total_mw_thirty_minutes_reserve,0.17507769
113,28,total_pjm_self_sched_reg,0.14253518
113,29,net_sched_interchange_mw,0.2287003
113,30,net_actual_interchange_mw,0.1669285
113,31,total_pjm_assigned_reg,0.21930933
113,32,da_as_ss_mw_primary_reserve,0.053557593
113,33,da_as_ss_mw_synchronized_reserve,0.051560584
113,34,da_as_ss_mw_thirty_minutes_reserve,0.22991292
113,35,da_as_as_mw_synchronized_reserve,0.113087624
113,36,total_pjm_rmpcp_cr,0.13065368
113,37,rmpcp,0.10773806
114,1,gross_inadv_interchange_mw,0.209006
114,2,total_losses,0.45730796
114,3,total_pjm_loc_credit,0.08170994
114,4,da_as_nsr_mw_primary_reserve,0.16346447
114,5,marginal_loss_price_rt,0.13286465
114,6,total_pjm_rmccp_cr,0.0020346558
114,7,gross_actual_interchange_mw,0.20374471
114,8,gross_sched_interchange_mw,0.21182239
114,9,total_lmp_rt,0.046119012
114,10,total_lmp_da,0.40179968
114,11,system_energy_price_da,0.6001288
114,12,system_energy_price_rt,0.17234279
114,13,marginal_loss_price_da,0.33102998
114,14,total_pjm_reg_purchases,0.21508008
114,15,da_as_mcp_synchronized_reserve,0.3156085
114,16,da_as_mcp_primary_reserve,0.052224666
114,17,da_as_as_req_mw_synchronized_reserve,0.22720124
114,18,da_as_as_req_mw_thirty_minutes_reserve,0.19258729
114,19,da_as_as_mw_primary_reserve,0.17727667
114,20,da_as_as_req_mw_primary_reserve,0.05659691
114,21,da_as_total_mw_primary_reserve,0.0028243335
114,22,congestion_price_rt,0.150381
114,23,congestion_price_da,0.19004811
114,24,rmccp,0.061900463
114,25,net_inadv_interchange_mw,0.12567604
114,26,da_as_as_mw_thirty_minutes_reserve,0.3499872
114,27,da_as_total_mw_thirty_minutes_reserve,0.17440465
114,28,total_pjm_self_sched_reg,0.14482336
114,29,net_sched_interchange_mw,0.2214849
114,30,net_actual_interchange_mw,0.16031508
114,31,total_pjm_assigned_reg,0.21752091
114,32,da_as_ss_mw_primary_reserve,0.053242177
114,33,da_as_ss_mw_synchronized_reserve,0.048177168
114,34,da_as_ss_mw_thirty_minutes_reserve,0.22780466
114,35,da_as_as_mw_synchronized_reserve,0.11152575
114,36,total_pjm_rmpcp_cr,0.13550411
114,37,rmpcp,0.09865687
115,1,gross_inadv_interchange_mw,0.20858751
115,2,total_losses,0.45146877
115,3,total_pjm_loc_credit,0.07833813
115,4,da_as_nsr_mw_primary_reserve,0.16040017
115,5,marginal_loss_price_rt,0.12999448
115,6,total_pjm_rmccp_cr,-0.00036679633
115,7,gross_actual_interchange_mw,0.20270763
115,8,gross_sched_interchange_mw,0.21464287
115,9,total_lmp_rt,0.046782974
115,10,total_lmp_da,0.39734477
115,11,system_energy_price_da,0.5961902
115,12,system_energy_price_rt,0.17516857
115,13,marginal_loss_price_da,0.33088702
115,14,total_pjm_reg_purchases,0.21581355
115,15,da_as_mcp_synchronized_reserve,0.3119479
115,16,da_as_mcp_primary_reserve,0.05128195
115,17,da_as_as_req_mw_synchronized_reserve,0.22723763
115,18,da_as_as_req_mw_thirty_minutes_reserve,0.19127591
115,19,da_as_as_mw_primary_reserve,0.17497212
115,20,da_as_as_req_mw_primary_reserve,0.05551944
115,21,da_as_total_mw_primary_reserve,0.0009878164
115,22,congestion_price_rt,0.14978096
115,23,congestion_price_da,0.18710214
115,24,rmccp,0.058378886
115,25,net_inadv_interchange_mw,0.11924014
115,26,da_as_as_mw_thirty_minutes_reserve,0.3480888
115,27,da_as_total_mw_thirty_minutes_reserve,0.17122127
115,28,total_pjm_self_sched_reg,0.13834131
115,29,net_sched_interchange_mw,0.2202833
115,30,net_actual_interchange_mw,0.16043982
115,31,total_pjm_assigned_reg,0.2143522
115,32,da_as_ss_mw_primary_reserve,0.050105616
115,33,da_as_ss_mw_synchronized_reserve,0.04949718
115,34,da_as_ss_mw_thirty_minutes_reserve,0.22559896
115,35,da_as_as_mw_synchronized_reserve,0.10886333
115,36,total_pjm_rmpcp_cr,0.1339587
115,37,rmpcp,0.097339354
116,1,gross_inadv_interchange_mw,0.2017472
116,2,total_losses,0.45041573
116,3,total_pjm_loc_credit,0.08047555
116,4,da_as_nsr_mw_primary_reserve,0.15942787
116,5,marginal_loss_price_rt,0.12925988
116,6,total_pjm_rmccp_cr,-0.0004347909
116,7,gross_actual_interchange_mw,0.19656485
116,8,gross_sched_interchange_mw,0.2085003
116,9,total_lmp_rt,0.044705257
116,10,total_lmp_da,0.39381525
116,11,system_energy_price_da,0.5934094
116,12,system_energy_price_rt,0.17042324
116,13,marginal_loss_price_da,0.32516095
116,14,total_pjm_reg_purchases,0.21224076
116,15,da_as_mcp_synchronized_reserve,0.30678967
116,16,da_as_mcp_primary_reserve,0.050472017
116,17,da_as_as_req_mw_synchronized_reserve,0.22431777
116,18,da_as_as_req_mw_thirty_minutes_reserve,0.18730713
116,19,da_as_as_mw_primary_reserve,0.17262717
116,20,da_as_as_req_mw_primary_reserve,0.054218903
116,21,da_as_total_mw_primary_reserve,-0.00053465954
116,22,congestion_price_rt,0.14727359
116,23,congestion_price_da,0.18289784
116,24,rmccp,0.064966604
116,25,net_inadv_interchange_mw,0.1192562
116,26,da_as_as_mw_thirty_minutes_reserve,0.34930316
116,27,da_as_total_mw_thirty_minutes_reserve,0.17277685
116,28,total_pjm_self_sched_reg,0.13931571
116,29,net_sched_interchange_mw,0.2199898
116,30,net_actual_interchange_mw,0.15992181
116,31,total_pjm_assigned_reg,0.21183063
116,32,da_as_ss_mw_primary_reserve,0.04756621
116,33,da_as_ss_mw_synchronized_reserve,0.04294567
116,34,da_as_ss_mw_thirty_minutes_reserve,0.221483
116,35,da_as_as_mw_synchronized_reserve,0.10827624
116,36,total_pjm_rmpcp_cr,0.12909666
116,37,rmpcp,0.09914849
117,1,gross_inadv_interchange_mw,0.20164992
117,2,total_losses,0.44700992
117,3,total_pjm_loc_credit,0.07918052
117,4,da_as_nsr_mw_primary_reserve,0.1559614
117,5,marginal_loss_price_rt,0.13498656
117,6,total_pjm_rmccp_cr,0.0007054577
117,7,gross_actual_interchange_mw,0.19545792
117,8,gross_sched_interchange_mw,0.20888011
117,9,total_lmp_rt,0.046521705
117,10,total_lmp_da,0.3892993
117,11,system_energy_price_da,0.5901743
117,12,system_energy_price_rt,0.1723842
117,13,marginal_loss_price_da,0.3210233
117,14,total_pjm_reg_purchases,0.20786361
117,15,da_as_mcp_synchronized_reserve,0.30715877
117,16,da_as_mcp_primary_reserve,0.050628148
117,17,da_as_as_req_mw_synchronized_reserve,0.2210375
117,18,da_as_as_req_mw_thirty_minutes_reserve,0.18778978
117,19,da_as_as_mw_primary_reserve,0.16992398
117,20,da_as_as_req_mw_primary_reserve,0.051854108
117,21,da_as_total_mw_primary_reserve,0.0024192396
117,22,congestion_price_rt,0.14215475
117,23,congestion_price_da,0.18342638
117,24,rmccp,0.06522871
117,25,net_inadv_interchange_mw,0.11537958
117,26,da_as_as_mw_thirty_minutes_reserve,0.34436506
117,27,da_as_total_mw_thirty_minutes_reserve,0.16830571
117,28,total_pjm_self_sched_reg,0.139826
117,29,net_sched_interchange_mw,0.21813703
117,30,net_actual_interchange_mw,0.15757713
117,31,total_pjm_assigned_reg,0.21037787
117,32,da_as_ss_mw_primary_reserve,0.051048886
117,33,da_as_ss_mw_synchronized_reserve,0.047833685
117,34,da_as_ss_mw_thirty_minutes_reserve,0.22278231
117,35,da_as_as_mw_synchronized_reserve,0.104811475
117,36,total_pjm_rmpcp_cr,0.130716
117,37,rmpcp,0.096460715
118,1,gross_inadv_interchange_mw,0.19615401
118,2,total_losses,0.44425648
118,3,total_pjm_loc_credit,0.07971452
118,4,da_as_nsr_mw_primary_reserve,0.15566944
118,5,marginal_loss_price_rt,0.12916906
118,6,total_pjm_rmccp_cr,0.0017160424
118,7,gross_actual_interchange_mw,0.19977935
118,8,gross_sched_interchange_mw,0.20685187
118,9,total_lmp_rt,0.046090763
118,10,total_lmp_da,0.38470513
118,11,system_energy_price_da,0.5864037
118,12,system_energy_price_rt,0.17176433
118,13,marginal_loss_price_da,0.3197631
118,14,total_pjm_reg_purchases,0.20553108
118,15,da_as_mcp_synchronized_reserve,0.304284
118,16,da_as_mcp_primary_reserve,0.053143475
118,17,da_as_as_req_mw_synchronized_reserve,0.22162865
118,18,da_as_as_req_mw_thirty_minutes_reserve,0.18667835
118,19,da_as_as_mw_primary_reserve,0.16910455
118,20,da_as_as_req_mw_primary_reserve,0.053105064
118,21,da_as_total_mw_primary_reserve,0.000808267
118,22,congestion_price_rt,0.14583395
118,23,congestion_price_da,0.18004115
118,24,rmccp,0.06392961
118,25,net_inadv_interchange_mw,0.11309255
118,26,da_as_as_mw_thirty_minutes_reserve,0.34298977
118,27,da_as_total_mw_thirty_minutes_reserve,0.16619791
118,28,total_pjm_self_sched_reg,0.13400361
118,29,net_sched_interchange_mw,0.2175426
118,30,net_actual_interchange_mw,0.1547217
118,31,total_pjm_assigned_reg,0.20770846
118,32,da_as_ss_mw_primary_reserve,0.045459468
118,33,da_as_ss_mw_synchronized_reserve,0.04482294
118,34,da_as_ss_mw_thirty_minutes_reserve,0.21953666
118,35,da_as_as_mw_synchronized_reserve,0.10410057
118,36,total_pjm_rmpcp_cr,0.12909652
118,37,rmpcp,0.09824698
119,1,gross_inadv_interchange_mw,0.20176232
119,2,total_losses,0.44122276
119,3,total_pjm_loc_credit,0.07303597
119,4,da_as_nsr_mw_primary_reserve,0.15139481
119,5,marginal_loss_price_rt,0.1268391
119,6,total_pjm_rmccp_cr,0.0005248938
119,7,gross_actual_interchange_mw,0.19821303
119,8,gross_sched_interchange_mw,0.2040442
119,9,total_lmp_rt,0.044623055
119,10,total_lmp_da,0.3808695
119,11,system_energy_price_da,0.5824769
119,12,system_energy_price_rt,0.169808
119,13,marginal_loss_price_da,0.31766626
119,14,total_pjm_reg_purchases,0.20476748
119,15,da_as_mcp_synchronized_reserve,0.29856572
119,16,da_as_mcp_primary_reserve,0.051900197
119,17,da_as_as_req_mw_synchronized_reserve,0.2169798
119,18,da_as_as_req_mw_thirty_minutes_reserve,0.18453744
119,19,da_as_as_mw_primary_reserve,0.16748405
119,20,da_as_as_req_mw_primary_reserve,0.05101831
119,21,da_as_total_mw_primary_reserve,-0.0013570546
119,22,congestion_price_rt,0.14547762
119,23,congestion_price_da,0.1790392
119,24,rmccp,0.057255447
119,25,net_inadv_interchange_mw,0.11328485
119,26,da_as_as_mw_thirty_minutes_reserve,0.33982977
119,27,da_as_total_mw_thirty_minutes_reserve,0.16316952
119,28,total_pjm_self_sched_reg,0.13184574
119,29,net_sched_interchange_mw,0.2163349
119,30,net_actual_interchange_mw,0.15192446
119,31,total_pjm_assigned_reg,0.20609176
119,32,da_as_ss_mw_primary_reserve,0.047854103
119,33,da_as_ss_mw_synchronized_reserve,0.04530608
119,34,da_as_ss_mw_thirty_minutes_reserve,0.21982233
119,35,da_as_as_mw_synchronized_reserve,0.10699222
119,36,total_pjm_rmpcp_cr,0.12739792
119,37,rmpcp,0.1002352
120,1,gross_inadv_interchange_mw,0.19673426
120,2,total_losses,0.43744785
120,3,total_pjm_loc_credit,0.07107288
120,4,da_as_nsr_mw_primary_reserve,0.15037668
120,5,marginal_loss_price_rt,0.12392033
120,6,total_pjm_rmccp_cr,-0.0032939175
120,7,gross_actual_interchange_mw,0.1941874
120,8,gross_sched_interchange_mw,0.2062488
120,9,total_lmp_rt,0.043742325
120,10,total_lmp_da,0.3761485
120,11,system_energy_price_da,0.5786713
120,12,system_energy_price_rt,0.16998093
120,13,marginal_loss_price_da,0.31506026
120,14,total_pjm_reg_purchases,0.20273799
120,15,da_as_mcp_synchronized_reserve,0.29342502
120,16,da_as_mcp_primary_reserve,0.049278874
120,17,da_as_as_req_mw_synchronized_reserve,0.21501298
120,18,da_as_as_req_mw_thirty_minutes_reserve,0.18050446
120,19,da_as_as_mw_primary_reserve,0.16815625
120,20,da_as_as_req_mw_primary_reserve,0.047039468
120,21,da_as_total_mw_primary_reserve,0.0012477925
120,22,congestion_price_rt,0.14703748
120,23,congestion_price_da,0.17793955
120,24,rmccp,0.064525194
120,25,net_inadv_interchange_mw,0.11387673
120,26,da_as_as_mw_thirty_minutes_reserve,0.33605558
120,27,da_as_total_mw_thirty_minutes_reserve,0.15994371
120,28,total_pjm_self_sched_reg,0.13346615
120,29,net_sched_interchange_mw,0.21422225
120,30,net_actual_interchange_mw,0.15397245
120,31,total_pjm_assigned_reg,0.20065808
120,32,da_as_ss_mw_primary_reserve,0.045582324
120,33,da_as_ss_mw_synchronized_reserve,0.044348534
120,34,da_as_ss_mw_thirty_minutes_reserve,0.21931918
120,35,da_as_as_mw_synchronized_reserve,0.106488176
120,36,total_pjm_rmpcp_cr,0.12847455
120,37,rmpcp,0.09888315
121,1,gross_inadv_interchange_mw,0.19746436
121,2,total_losses,0.43368983
121,3,total_pjm_loc_credit,0.07500965
121,4,da_as_nsr_mw_primary_reserve,0.14814457
121,5,marginal_loss_price_rt,0.123627976
121,6,total_pjm_rmccp_cr,-0.003621935
121,7,gross_actual_interchange_mw,0.19283818
121,8,gross_sched_interchange_mw,0.19599655
121,9,total_lmp_rt,0.042015728
121,10,total_lmp_da,0.37307456
121,11,system_energy_price_da,0.5767545
121,12,system_energy_price_rt,0.16623843
121,13,marginal_loss_price_da,0.31349224
121,14,total_pjm_reg_purchases,0.20260401
121,15,da_as_mcp_synchronized_reserve,0.29121715
121,16,da_as_mcp_primary_reserve,0.051667217
121,17,da_as_as_req_mw_synchronized_reserve,0.21504377
121,18,da_as_as_req_mw_thirty_minutes_reserve,0.18061212
121,19,da_as_as_mw_primary_reserve,0.16815664
121,20,da_as_as_req_mw_primary_reserve,0.04904745
121,21,da_as_total_mw_primary_reserve,-0.001227221
121,22,congestion_price_rt,0.14099742
121,23,congestion_price_da,0.17840222
121,24,rmccp,0.062328793
121,25,net_inadv_interchange_mw,0.11229839
121,26,da_as_as_mw_thirty_minutes_reserve,0.3333566
121,27,da_as_total_mw_thirty_minutes_reserve,0.15822816
121,28,total_pjm_self_sched_reg,0.13147053
121,29,net_sched_interchange_mw,0.21341328
121,30,net_actual_interchange_mw,0.15239508
121,31,total_pjm_assigned_reg,0.20481668
121,32,da_as_ss_mw_primary_reserve,0.043974675
121,33,da_as_ss_mw_synchronized_reserve,0.04083881
121,34,da_as_ss_mw_thirty_minutes_reserve,0.21669856
121,35,da_as_as_mw_synchronized_reserve,0.10431437
121,36,total_pjm_rmpcp_cr,0.12557393
121,37,rmpcp,0.09590898
122,1,gross_inadv_interchange_mw,0.19223385
122,2,total_losses,0.4320871
122,3,total_pjm_loc_credit,0.07119163
122,4,da_as_nsr_mw_primary_reserve,0.14852516
122,5,marginal_loss_price_rt,0.124511965
122,6,total_pjm_rmccp_cr,0.00012908137
122,7,gross_actual_interchange_mw,0.18948412
122,8,gross_sched_interchange_mw,0.19970089
122,9,total_lmp_rt,0.041807108
122,10,total_lmp_da,0.36824232
122,11,system_energy_price_da,0.57269734
122,12,system_energy_price_rt,0.16637506
122,13,marginal_loss_price_da,0.31125143
122,14,total_pjm_reg_purchases,0.201304
122,15,da_as_mcp_synchronized_reserve,0.2899399
122,16,da_as_mcp_primary_reserve,0.051970597
122,17,da_as_as_req_mw_synchronized_reserve,0.2155635
122,18,da_as_as_req_mw_thirty_minutes_reserve,0.17896453
122,19,da_as_as_mw_primary_reserve,0.16772887
122,20,da_as_as_req_mw_primary_reserve,0.049723376
122,21,da_as_total_mw_primary_reserve,0.00052278274
122,22,congestion_price_rt,0.14111292
122,23,congestion_price_da,0.17322704
122,24,rmccp,0.06471788
122,25,net_inadv_interchange_mw,0.11518564
122,26,da_as_as_mw_thirty_minutes_reserve,0.33209154
122,27,da_as_total_mw_thirty_minutes_reserve,0.15625276
122,28,total_pjm_self_sched_reg,0.1311604
122,29,net_sched_interchange_mw,0.21028593
122,30,net_actual_interchange_mw,0.14830983
122,31,total_pjm_assigned_reg,0.20056999
122,32,da_as_ss_mw_primary_reserve,0.046962395
122,33,da_as_ss_mw_synchronized_reserve,0.043568842
122,34,da_as_ss_mw_thirty_minutes_reserve,0.2166604
122,35,da_as_as_mw_synchronized_reserve,0.10031067
122,36,total_pjm_rmpcp_cr,0.12441986
122,37,rmpcp,0.09774234
123,1,gross_inadv_interchange_mw,0.18896441
123,2,total_losses,0.4265056
123,3,total_pjm_loc_credit,0.07545523
123,4,da_as_nsr_mw_primary_reserve,0.14466538
123,5,marginal_loss_price_rt,0.120221734
123,6,total_pjm_rmccp_cr,-0.003798509
123,7,gross_actual_interchange_mw,0.19009532
123,8,gross_sched_interchange_mw,0.19812238
123,9,total_lmp_rt,0.03957614
123,10,total_lmp_da,0.36385146
123,11,system_energy_price_da,0.5697612
123,12,system_energy_price_rt,0.16502632
123,13,marginal_loss_price_da,0.30604786
123,14,total_pjm_reg_purchases,0.20020007
123,15,da_as_mcp_synchronized_reserve,0.2884427
123,16,da_as_mcp_primary_reserve,0.050494973
123,17,da_as_as_req_mw_synchronized_reserve,0.21290281
123,18,da_as_as_req_mw_thirty_minutes_reserve,0.1793689
123,19,da_as_as_mw_primary_reserve,0.16342092
123,20,da_as_as_req_mw_primary_reserve,0.048900384
123,21,da_as_total_mw_primary_reserve,0.0013743303
123,22,congestion_price_rt,0.13993616
123,23,congestion_price_da,0.17476052
123,24,rmccp,0.06376268
123,25,net_inadv_interchange_mw,0.10931781
123,26,da_as_as_mw_thirty_minutes_reserve,0.3297185
123,27,da_as_total_mw_thirty_minutes_reserve,0.1517653
123,28,total_pjm_self_sched_reg,0.13469766
123,29,net_sched_interchange_mw,0.20802814
123,30,net_actual_interchange_mw,0.1449361
123,31,total_pjm_assigned_reg,0.19743074
123,32,da_as_ss_mw_primary_reserve,0.043115407
123,33,da_as_ss_mw_synchronized_reserve,0.041770868
123,34,da_as_ss_mw_thirty_minutes_reserve,0.21637003
123,35,da_as_as_mw_synchronized_reserve,0.10108608
123,36,total_pjm_rmpcp_cr,0.12392522
123,37,rmpcp,0.09638926
124,1,gross_inadv_interchange_mw,0.19241461
124,2,total_losses,0.4255262
124,3,total_pjm_loc_credit,0.07366776
124,4,da_as_nsr_mw_primary_reserve,0.14468315
124,5,marginal_loss_price_rt,0.11858145
124,6,total_pjm_rmccp_cr,0.0027470423
124,7,gross_actual_interchange_mw,0.18923417
124,8,gross_sched_interchange_mw,0.19657513
124,9,total_lmp_rt,0.036879588
124,10,total_lmp_da,0.3601556
124,11,system_energy_price_da,0.56580526
124,12,system_energy_price_rt,0.1625312
124,13,marginal_loss_price_da,0.30558026
124,14,total_pjm_reg_purchases,0.19544281
124,15,da_as_mcp_synchronized_reserve,0.28349718
124,16,da_as_mcp_primary_reserve,0.053255793
124,17,da_as_as_req_mw_synchronized_reserve,0.2079135
124,18,da_as_as_req_mw_thirty_minutes_reserve,0.17494087
124,19,da_as_as_mw_primary_reserve,0.16298336
124,20,da_as_as_req_mw_primary_reserve,0.044974055
124,21,da_as_total_mw_primary_reserve,0.0012611292
124,22,congestion_price_rt,0.14412758
124,23,congestion_price_da,0.17483021
124,24,rmccp,0.059275158
124,25,net_inadv_interchange_mw,0.111864194
124,26,da_as_as_mw_thirty_minutes_reserve,0.32802644
124,27,da_as_total_mw_thirty_minutes_reserve,0.15268843
124,28,total_pjm_self_sched_reg,0.13038275
124,29,net_sched_interchange_mw,0.2075672
124,30,net_actual_interchange_mw,0.14648166
124,31,total_pjm_assigned_reg,0.19588292
124,32,da_as_ss_mw_primary_reserve,0.039539076
124,33,da_as_ss_mw_synchronized_reserve,0.040175315
124,34,da_as_ss_mw_thirty_minutes_reserve,0.21033584
124,35,da_as_as_mw_synchronized_reserve,0.0987017
124,36,total_pjm_rmpcp_cr,0.12497757
124,37,rmpcp,0.0966906
125,1,gross_inadv_interchange_mw,0.18421774
125,2,total_losses,0.42143437
125,3,total_pjm_loc_credit,0.07401979
125,4,da_as_nsr_mw_primary_reserve,0.14337479
125,5,marginal_loss_price_rt,0.120793775
125,6,total_pjm_rmccp_cr,0.0017973853
125,7,gross_actual_interchange_mw,0.18746431
125,8,gross_sched_interchange_mw,0.19649573
125,9,total_lmp_rt,0.042141393
125,10,total_lmp_da,0.35796645
125,11,system_energy_price_da,0.5636898
125,12,system_energy_price_rt,0.1659464
125,13,marginal_loss_price_da,0.3008942
125,14,total_pjm_reg_purchases,0.19146776
125,15,da_as_mcp_synchronized_reserve,0.2813073
125,16,da_as_mcp_primary_reserve,0.050824452
125,17,da_as_as_req_mw_synchronized_reserve,0.20882927
125,18,da_as_as_req_mw_thirty_minutes_reserve,0.1743339
125,19,da_as_as_mw_primary_reserve,0.16112256
125,20,da_as_as_req_mw_primary_reserve,0.045254223
125,21,da_as_total_mw_primary_reserve,-0.0017446242
125,22,congestion_price_rt,0.13729121
125,23,congestion_price_da,0.17155588
125,24,rmccp,0.060473103
125,25,net_inadv_interchange_mw,0.11020033
125,26,da_as_as_mw_thirty_minutes_reserve,0.32510334
125,27,da_as_total_mw_thirty_minutes_reserve,0.1503127
125,28,total_pjm_self_sched_reg,0.12913255
125,29,net_sched_interchange_mw,0.20049958
125,30,net_actual_interchange_mw,0.14098874
125,31,total_pjm_assigned_reg,0.19430284
125,32,da_as_ss_mw_primary_reserve,0.038772445
125,33,da_as_ss_mw_synchronized_reserve,0.03620589
125,34,da_as_ss_mw_thirty_minutes_reserve,0.21001652
125,35,da_as_as_mw_synchronized_reserve,0.09697407
125,36,total_pjm_rmpcp_cr,0.12207077
125,37,rmpcp,0.090990014
126,1,gross_inadv_interchange_mw,0.18445483
126,2,total_losses,0.41764143
126,3,total_pjm_loc_credit,0.06857204
126,4,da_as_nsr_mw_primary_reserve,0.14009497
126,5,marginal_loss_price_rt,0.120795324
126,6,total_pjm_rmccp_cr,2.0974054e-05
126,7,gross_actual_interchange_mw,0.18544598
126,8,gross_sched_interchange_mw,0.19055189
126,9,total_lmp_rt,0.041960653
126,10,total_lmp_da,0.353359
126,11,system_energy_price_da,0.56110376
126,12,system_energy_price_rt,0.16563703
126,13,marginal_loss_price_da,0.29976344
126,14,total_pjm_reg_purchases,0.1911627
126,15,da_as_mcp_synchronized_reserve,0.27767178
126,16,da_as_mcp_primary_reserve,0.050338253
126,17,da_as_as_req_mw_synchronized_reserve,0.20782577
126,18,da_as_as_req_mw_thirty_minutes_reserve,0.1748892
126,19,da_as_as_mw_primary_reserve,0.16043246
126,20,da_as_as_req_mw_primary_reserve,0.04355727
126,21,da_as_total_mw_primary_reserve,0.0036690761
126,22,congestion_price_rt,0.14019285
126,23,congestion_price_da,0.17095412
126,24,rmccp,0.05944786
126,25,net_inadv_interchange_mw,0.108030185
126,26,da_as_as_mw_thirty_minutes_reserve,0.32124314
126,27,da_as_total_mw_thirty_minutes_reserve,0.14570104
126,28,total_pjm_self_sched_reg,0.12750682
126,29,net_sched_interchange_mw,0.2031167
126,30,net_actual_interchange_mw,0.14180452
126,31,total_pjm_assigned_reg,0.19122972
126,32,da_as_ss_mw_primary_reserve,0.039554592
126,33,da_as_ss_mw_synchronized_reserve,0.036896355
126,34,da_as_ss_mw_thirty_minutes_reserve,0.2120625
126,35,da_as_as_mw_synchronized_reserve,0.09726458
126,36,total_pjm_rmpcp_cr,0.1178733
126,37,rmpcp,0.09384398
127,1,gross_inadv_interchange_mw,0.18436375
127,2,total_losses,0.41198024
127,3,total_pjm_loc_credit,0.0730653
127,4,da_as_nsr_mw_primary_reserve,0.1381631
127,5,marginal_loss_price_rt,0.122160114
127,6,total_pjm_rmccp_cr,0.0016353453
127,7,gross_actual_interchange_mw,0.18482134
127,8,gross_sched_interchange_mw,0.19031933
127,9,total_lmp_rt,0.03835003
127,10,total_lmp_da,0.34749222
127,11,system_energy_price_da,0.5547847
127,12,system_energy_price_rt,0.16109069
127,13,marginal_loss_price_da,0.29518333
127,14,total_pjm_reg_purchases,0.18729769
127,15,da_as_mcp_synchronized_reserve,0.27528736
127,16,da_as_mcp_primary_reserve,0.050850295
127,17,da_as_as_req_mw_synchronized_reserve,0.20376033
127,18,da_as_as_req_mw_thirty_minutes_reserve,0.17369325
127,19,da_as_as_mw_primary_reserve,0.15784335
127,20,da_as_as_req_mw_primary_reserve,0.043281417
127,21,da_as_total_mw_primary_reserve,-0.0007118016
127,22,congestion_price_rt,0.1371584
127,23,congestion_price_da,0.16795395
127,24,rmccp,0.06180514
127,25,net_inadv_interchange_mw,0.11038241
127,26,da_as_as_mw_thirty_minutes_reserve,0.32048956
127,27,da_as_total_mw_thirty_minutes_reserve,0.14654058
127,28,total_pjm_self_sched_reg,0.13017711
127,29,net_sched_interchange_mw,0.2014817
127,30,net_actual_interchange_mw,0.14183904
127,31,total_pjm_assigned_reg,0.1879321
127,32,da_as_ss_mw_primary_reserve,0.041784335
127,33,da_as_ss_mw_synchronized_reserve,0.040828235
127,34,da_as_ss_mw_thirty_minutes_reserve,0.21199289
127,35,da_as_as_mw_synchronized_reserve,0.102834575
127,36,total_pjm_rmpcp_cr,0.12255235
127,37,rmpcp,0.0926504
128,1,gross_inadv_interchange_mw,0.18359129
128,2,total_losses,0.40963817
128,3,total_pjm_loc_credit,0.06869921
128,4,da_as_nsr_mw_primary_reserve,0.13960443
128,5,marginal_loss_price_rt,0.12279951
128,6,total_pjm_rmccp_cr,-0.013359813
128,7,gross_actual_interchange_mw,0.18371892
128,8,gross_sched_interchange_mw,0.18934156
128,9,total_lmp_rt,0.03610932
128,10,total_lmp_da,0.34389806
128,11,system_energy_price_da,0.55366176
128,12,system_energy_price_rt,0.1576153
128,13,marginal_loss_price_da,0.29315874
128,14,total_pjm_reg_purchases,0.18656397
128,15,da_as_mcp_synchronized_reserve,0.27111152
128,16,da_as_mcp_primary_reserve,0.05016689
128,17,da_as_as_req_mw_synchronized_reserve,0.20040661
128,18,da_as_as_req_mw_thirty_minutes_reserve,0.16758661
128,19,da_as_as_mw_primary_reserve,0.15891929
128,20,da_as_as_req_mw_primary_reserve,0.04318195
128,21,da_as_total_mw_primary_reserve,-0.0018834147
128,22,congestion_price_rt,0.13530833
128,23,congestion_price_da,0.16923645
128,24,rmccp,0.062187087
128,25,net_inadv_interchange_mw,0.10706148
128,26,da_as_as_mw_thirty_minutes_reserve,0.31943634
128,27,da_as_total_mw_thirty_minutes_reserve,0.14610127
128,28,total_pjm_self_sched_reg,0.13316445
128,29,net_sched_interchange_mw,0.1987395
128,30,net_actual_interchange_mw,0.13811669
128,31,total_pjm_assigned_reg,0.18802698
128,32,da_as_ss_mw_primary_reserve,0.038905233
128,33,da_as_ss_mw_synchronized_reserve,0.036447734
128,34,da_as_ss_mw_thirty_minutes_reserve,0.20875947
128,35,da_as_as_mw_synchronized_reserve,0.09881948
128,36,total_pjm_rmpcp_cr,0.11715475
128,37,rmpcp,0.091642596
129,1,gross_inadv_interchange_mw,0.18010275
129,2,total_losses,0.40578187
129,3,total_pjm_loc_credit,0.071031064
129,4,da_as_nsr_mw_primary_reserve,0.14210635
129,5,marginal_loss_price_rt,0.11881032
129,6,total_pjm_rmccp_cr,0.0020675678
129,7,gross_actual_interchange_mw,0.18200248
129,8,gross_sched_interchange_mw,0.18919414
129,9,total_lmp_rt,0.03728414
129,10,total_lmp_da,0.33870208
129,11,system_energy_price_da,0.5506206
129,12,system_energy_price_rt,0.15887243
129,13,marginal_loss_price_da,0.29566336
129,14,total_pjm_reg_purchases,0.18645085
129,15,da_as_mcp_synchronized_reserve,0.27221406
129,16,da_as_mcp_primary_reserve,0.050938934
129,17,da_as_as_req_mw_synchronized_reserve,0.20382169
129,18,da_as_as_req_mw_thirty_minutes_reserve,0.171564
129,19,da_as_as_mw_primary_reserve,0.15973628
129,20,da_as_as_req_mw_primary_reserve,0.04378533
129,21,da_as_total_mw_primary_reserve,0.003301401
129,22,congestion_price_rt,0.133035
129,23,congestion_price_da,0.1671204
129,24,rmccp,0.059246343
129,25,net_inadv_interchange_mw,0.10475206
129,26,da_as_as_mw_thirty_minutes_reserve,0.3133327
129,27,da_as_total_mw_thirty_minutes_reserve,0.13787536
129,28,total_pjm_self_sched_reg,0.12627234
129,29,net_sched_interchange_mw,0.19872437
129,30,net_actual_interchange_mw,0.1375018
129,31,total_pjm_assigned_reg,0.18489881
129,32,da_as_ss_mw_primary_reserve,0.03595335
129,33,da_as_ss_mw_synchronized_reserve,0.037922945
129,34,da_as_ss_mw_thirty_minutes_reserve,0.20906857
129,35,da_as_as_mw_synchronized_reserve,0.09760841
129,36,total_pjm_rmpcp_cr,0.11941765
129,37,rmpcp,0.09228166
130,1,gross_inadv_interchange_mw,0.18065596
130,2,total_losses,0.4028378
130,3,total_pjm_loc_credit,0.06810857
130,4,da_as_nsr_mw_primary_reserve,0.13589263
130,5,marginal_loss_price_rt,0.11701874
130,6,total_pjm_rmccp_cr,6.04772e-05
130,7,gross_actual_interchange_mw,0.1810916
130,8,gross_sched_interchange_mw,0.18625653
130,9,total_lmp_rt,0.036048207
130,10,total_lmp_da,0.33881012
130,11,system_energy_price_da,0.5480903
130,12,system_energy_price_rt,0.15724047
130,13,marginal_loss_price_da,0.2908071
130,14,total_pjm_reg_purchases,0.18521513
130,15,da_as_mcp_synchronized_reserve,0.26481146
130,16,da_as_mcp_primary_reserve,0.04985734
130,17,da_as_as_req_mw_synchronized_reserve,0.19885345
130,18,da_as_as_req_mw_thirty_minutes_reserve,0.16680852
130,19,da_as_as_mw_primary_reserve,0.15720394
130,20,da_as_as_req_mw_primary_reserve,0.039687883
130,21,da_as_total_mw_primary_reserve,0.0016697297
130,22,congestion_price_rt,0.13253929
130,23,congestion_price_da,0.16196625
130,24,rmccp,0.05914465
130,25,net_inadv_interchange_mw,0.10252145
130,26,da_as_as_mw_thirty_minutes_reserve,0.31458032
130,27,da_as_total_mw_thirty_minutes_reserve,0.1392135
130,28,total_pjm_self_sched_reg,0.12821385
130,29,net_sched_interchange_mw,0.19749567
130,30,net_actual_interchange_mw,0.13583499
130,31,total_pjm_assigned_reg,0.18666437
130,32,da_as_ss_mw_primary_reserve,0.039632056
130,33,da_as_ss_mw_synchronized_reserve,0.036986325
130,34,da_as_ss_mw_thirty_minutes_reserve,0.2077508
130,35,da_as_as_mw_synchronized_reserve,0.09572476
130,36,total_pjm_rmpcp_cr,0.11282096
130,37,rmpcp,0.08940874
131,1,gross_inadv_interchange_mw,0.1790451
131,2,total_losses,0.40041333
131,3,total_pjm_loc_credit,0.06566609
131,4,da_as_nsr_mw_primary_reserve,0.13751668
131,5,marginal_loss_price_rt,0.115181565
131,6,total_pjm_rmccp_cr,-0.00042851767
131,7,gross_actual_interchange_mw,0.1768531
131,8,gross_sched_interchange_mw,0.18570063
131,9,total_lmp_rt,0.037182532
131,10,total_lmp_da,0.3328624
131,11,system_energy_price_da,0.5436536
131,12,system_energy_price_rt,0.15978087
131,13,marginal_loss_price_da,0.28839064
131,14,total_pjm_reg_purchases,0.18779835
131,15,da_as_mcp_synchronized_reserve,0.2654153
131,16,da_as_mcp_primary_reserve,0.05085195
131,17,da_as_as_req_mw_synchronized_reserve,0.19735177
131,18,da_as_as_req_mw_thirty_minutes_reserve,0.16670203
131,19,da_as_as_mw_primary_reserve,0.15979563
131,20,da_as_as_req_mw_primary_reserve,0.038190126
131,21,da_as_total_mw_primary_reserve,0.004415104
131,22,congestion_price_rt,0.13372251
131,23,congestion_price_da,0.16722669
131,24,rmccp,0.05540513
131,25,net_inadv_interchange_mw,0.1033074
131,26,da_as_as_mw_thirty_minutes_reserve,0.3128508
131,27,da_as_total_mw_thirty_minutes_reserve,0.13945541
131,28,total_pjm_self_sched_reg,0.12479154
131,29,net_sched_interchange_mw,0.19532868
131,30,net_actual_interchange_mw,0.13452746
131,31,total_pjm_assigned_reg,0.18264665
131,32,da_as_ss_mw_primary_reserve,0.037709814
131,33,da_as_ss_mw_synchronized_reserve,0.035576656
131,34,da_as_ss_mw_thirty_minutes_reserve,0.20809625
131,35,da_as_as_mw_synchronized_reserve,0.09499567
131,36,total_pjm_rmpcp_cr,0.116794445
131,37,rmpcp,0.089436255
132,1,gross_inadv_interchange_mw,0.17806569
132,2,total_losses,0.3979248
132,3,total_pjm_loc_credit,0.0707071
132,4,da_as_nsr_mw_primary_reserve,0.13423167
132,5,marginal_loss_price_rt,0.115958
132,6,total_pjm_rmccp_cr,-0.00064258574
132,7,gross_actual_interchange_mw,0.17958555
132,8,gross_sched_interchange_mw,0.18386163
132,9,total_lmp_rt,0.0327542
132,10,total_lmp_da,0.32878968
132,11,system_energy_price_da,0.540693
132,12,system_energy_price_rt,0.15562327
132,13,marginal_loss_price_da,0.28504506
132,14,total_pjm_reg_purchases,0.18640588
132,15,da_as_mcp_synchronized_reserve,0.26157027
132,16,da_as_mcp_primary_reserve,0.046307568
132,17,da_as_as_req_mw_synchronized_reserve,0.19623592
132,18,da_as_as_req_mw_thirty_minutes_reserve,0.16656426
132,19,da_as_as_mw_primary_reserve,0.15270926
132,20,da_as_as_req_mw_primary_reserve,0.035490863
132,21,da_as_total_mw_primary_reserve,-0.00026613718
132,22,congestion_price_rt,0.13065732
132,23,congestion_price_da,0.16371624
132,24,rmccp,0.05854112
132,25,net_inadv_interchange_mw,0.102784164
132,26,da_as_as_mw_thirty_minutes_reserve,0.3092257
132,27,da_as_total_mw_thirty_minutes_reserve,0.13543752
132,28,total_pjm_self_sched_reg,0.1256143
132,29,net_sched_interchange_mw,0.19230053
132,30,net_actual_interchange_mw,0.13375695
132,31,total_pjm_assigned_reg,0.1835056
132,32,da_as_ss_mw_primary_reserve,0.036803387
132,33,da_as_ss_mw_synchronized_reserve,0.034892343
132,34,da_as_ss_mw_thirty_minutes_reserve,0.2043513
132,35,da_as_as_mw_synchronized_reserve,0.09629223
132,36,total_pjm_rmpcp_cr,0.11033161
132,37,rmpcp,0.08693642
133,1,gross_inadv_interchange_mw,0.17326592
133,2,total_losses,0.3958058
133,3,total_pjm_loc_credit,0.069055796
133,4,da_as_nsr_mw_primary_reserve,0.13401619
133,5,marginal_loss_price_rt,0.11412052
133,6,total_pjm_rmccp_cr,0.0010395455
133,7,gross_actual_interchange_mw,0.18015295
133,8,gross_sched_interchange_mw,0.1849049
133,9,total_lmp_rt,0.03532468
133,10,total_lmp_da,0.3257794
133,11,system_energy_price_da,0.5378289
133,12,system_energy_price_rt,0.15712243
133,13,marginal_loss_price_da,0.2839505
133,14,total_pjm_reg_purchases,0.17925614
133,15,da_as_mcp_synchronized_reserve,0.25894636
133,16,da_as_mcp_primary_reserve,0.047420952
133,17,da_as_as_req_mw_synchronized_reserve,0.19311832
133,18,da_as_as_req_mw_thirty_minutes_reserve,0.1616025
133,19,da_as_as_mw_primary_reserve,0.15308566
133,20,da_as_as_req_mw_primary_reserve,0.037057236
133,21,da_as_total_mw_primary_reserve,0.0027879034
133,22,congestion_price_rt,0.13034894
133,23,congestion_price_da,0.16379362
133,24,rmccp,0.0529992
133,25,net_inadv_interchange_mw,0.10239041
133,26,da_as_as_mw_thirty_minutes_reserve,0.30847642
133,27,da_as_total_mw_thirty_minutes_reserve,0.13395618
133,28,total_pjm_self_sched_reg,0.12127063
133,29,net_sched_interchange_mw,0.1932766
133,30,net_actual_interchange_mw,0.13164386
133,31,total_pjm_assigned_reg,0.17451788
133,32,da_as_ss_mw_primary_reserve,0.03660872
133,33,da_as_ss_mw_synchronized_reserve,0.031673778
133,34,da_as_ss_mw_thirty_minutes_reserve,0.2063754
133,35,da_as_as_mw_synchronized_reserve,0.09474589
133,36,total_pjm_rmpcp_cr,0.11742876
133,37,rmpcp,0.0873999
134,1,gross_inadv_interchange_mw,0.17254941
134,2,total_losses,0.3939934
134,3,total_pjm_loc_credit,0.06479484
134,4,da_as_nsr_mw_primary_reserve,0.12809214
134,5,marginal_loss_price_rt,0.11748322
134,6,total_pjm_rmccp_cr,-0.00074578624
134,7,gross_actual_interchange_mw,0.17617914
134,8,gross_sched_interchange_mw,0.18028477
134,9,total_lmp_rt,0.033996265
134,10,total_lmp_da,0.32108128
134,11,system_energy_price_da,0.5344048
134,12,system_energy_price_rt,0.15496136
134,13,marginal_loss_price_da,0.2853599
134,14,total_pjm_reg_purchases,0.18162878
134,15,da_as_mcp_synchronized_reserve,0.2563696
134,16,da_as_mcp_primary_reserve,0.047954604
134,17,da_as_as_req_mw_synchronized_reserve,0.19339934
134,18,da_as_as_req_mw_thirty_minutes_reserve,0.16216874
134,19,da_as_as_mw_primary_reserve,0.15092026
134,20,da_as_as_req_mw_primary_reserve,0.03538853
134,21,da_as_total_mw_primary_reserve,0.0004825426
134,22,congestion_price_rt,0.13053046
134,23,congestion_price_da,0.1588877
134,24,rmccp,0.060809933
134,25,net_inadv_interchange_mw,0.10156184
134,26,da_as_as_mw_thirty_minutes_reserve,0.30733
134,27,da_as_total_mw_thirty_minutes_reserve,0.1347754
134,28,total_pjm_self_sched_reg,0.119009726
134,29,net_sched_interchange_mw,0.19236934
134,30,net_actual_interchange_mw,0.13315322
134,31,total_pjm_assigned_reg,0.17638655
134,32,da_as_ss_mw_primary_reserve,0.034157053
134,33,da_as_ss_mw_synchronized_reserve,0.032272495
134,34,da_as_ss_mw_thirty_minutes_reserve,0.20517601
134,35,da_as_as_mw_synchronized_reserve,0.09489645
134,36,total_pjm_rmpcp_cr,0.11394822
134,37,rmpcp,0.0874783
135,1,gross_inadv_interchange_mw,0.17484699
135,2,total_losses,0.39196536
135,3,total_pjm_loc_credit,0.06766924
135,4,da_as_nsr_mw_primary_reserve,0.131495
135,5,marginal_loss_price_rt,0.11560666
135,6,total_pjm_rmccp_cr,-0.0019384872
135,7,gross_actual_interchange_mw,0.17234239
135,8,gross_sched_interchange_mw,0.17975786
135,9,total_lmp_rt,0.033143155
135,10,total_lmp_da,0.31654915
135,11,system_energy_price_da,0.5311297
135,12,system_energy_price_rt,0.1561849
135,13,marginal_loss_price_da,0.27968204
135,14,total_pjm_reg_purchases,0.17543724
135,15,da_as_mcp_synchronized_reserve,0.2537268
135,16,da_as_mcp_primary_reserve,0.04640778
135,17,da_as_as_req_mw_synchronized_reserve,0.19432779
135,18,da_as_as_req_mw_thirty_minutes_reserve,0.16297035
135,19,da_as_as_mw_primary_reserve,0.15528592
135,20,da_as_as_req_mw_primary_reserve,0.03605634
135,21,da_as_total_mw_primary_reserve,0.0025254914
135,22,congestion_price_rt,0.12883744
135,23,congestion_price_da,0.16309153
135,24,rmccp,0.05929034
135,25,net_inadv_interchange_mw,0.09797731
135,26,da_as_as_mw_thirty_minutes_reserve,0.3012188
135,27,da_as_total_mw_thirty_minutes_reserve,0.12881516
135,28,total_pjm_self_sched_reg,0.115627944
135,29,net_sched_interchange_mw,0.19163921
135,30,net_actual_interchange_mw,0.12950829
135,31,total_pjm_assigned_reg,0.17676903
135,32,da_as_ss_mw_primary_reserve,0.029317662
135,33,da_as_ss_mw_synchronized_reserve,0.029974896
135,34,da_as_ss_mw_thirty_minutes_reserve,0.20271733
135,35,da_as_as_mw_synchronized_reserve,0.092303485
135,36,total_pjm_rmpcp_cr,0.11045325
135,37,rmpcp,0.08460385
136,1,gross_inadv_interchange_mw,0.17018579
136,2,total_losses,0.38797307
136,3,total_pjm_loc_credit,0.06649242
136,4,da_as_nsr_mw_primary_reserve,0.12892592
136,5,marginal_loss_price_rt,0.115991816
136,6,total_pjm_rmccp_cr,-0.000662021
136,7,gross_actual_interchange_mw,0.17319229
136,8,gross_sched_interchange_mw,0.1755704
136,9,total_lmp_rt,0.033436257
136,10,total_lmp_da,0.31483874
136,11,system_energy_price_da,0.52958167
136,12,system_energy_price_rt,0.15511379
136,13,marginal_loss_price_da,0.27835998
136,14,total_pjm_reg_purchases,0.17645207
136,15,da_as_mcp_synchronized_reserve,0.25169858
136,16,da_as_mcp_primary_reserve,0.048117656
136,17,da_as_as_req_mw_synchronized_reserve,0.19189875
136,18,da_as_as_req_mw_thirty_minutes_reserve,0.16182394
136,19,da_as_as_mw_primary_reserve,0.15048954
136,20,da_as_as_req_mw_primary_reserve,0.035118878
136,21,da_as_total_mw_primary_reserve,0.002705485
136,22,congestion_price_rt,0.12987915
136,23,congestion_price_da,0.15721545
136,24,rmccp,0.05339156
136,25,net_inadv_interchange_mw,0.098669276
136,26,da_as_as_mw_thirty_minutes_reserve,0.29915622
136,27,da_as_total_mw_thirty_minutes_reserve,0.12607928
136,28,total_pjm_self_sched_reg,0.12024443
136,29,net_sched_interchange_mw,0.19114178
136,30,net_actual_interchange_mw,0.12859933
136,31,total_pjm_assigned_reg,0.17438075
136,32,da_as_ss_mw_primary_reserve,0.03256605
136,33,da_as_ss_mw_synchronized_reserve,0.02890228
136,34,da_as_ss_mw_thirty_minutes_reserve,0.20097423
136,35,da_as_as_mw_synchronized_reserve,0.095490396
136,36,total_pjm_rmpcp_cr,0.11006237
136,37,rmpcp,0.08617613
137,1,gross_inadv_interchange_mw,0.16819276
137,2,total_losses,0.38532943
137,3,total_pjm_loc_credit,0.06922088
137,4,da_as_nsr_mw_primary_reserve,0.124785095
137,5,marginal_loss_price_rt,0.11909633
137,6,total_pjm_rmccp_cr,-0.0005582252
137,7,gross_actual_interchange_mw,0.16980082
137,8,gross_sched_interchange_mw,0.17790441
137,9,total_lmp_rt,0.034046806
137,10,total_lmp_da,0.31095135
137,11,system_energy_price_da,0.52714187
137,12,system_energy_price_rt,0.15920024
137,13,marginal_loss_price_da,0.27572444
137,14,total_pjm_reg_purchases,0.1759069
137,15,da_as_mcp_synchronized_reserve,0.25055042
137,16,da_as_mcp_primary_reserve,0.047997165
137,17,da_as_as_req_mw_synchronized_reserve,0.19097126
137,18,da_as_as_req_mw_thirty_minutes_reserve,0.15900716
137,19,da_as_as_mw_primary_reserve,0.14594026
137,20,da_as_as_req_mw_primary_reserve,0.034375094
137,21,da_as_total_mw_primary_reserve,0.00035437336
137,22,congestion_price_rt,0.12846443
137,23,congestion_price_da,0.15922624
137,24,rmccp,0.057555556
137,25,net_inadv_interchange_mw,0.09653176
137,26,da_as_as_mw_thirty_minutes_reserve,0.30053177
137,27,da_as_total_mw_thirty_minutes_reserve,0.1282071
137,28,total_pjm_self_sched_reg,0.11596069
137,29,net_sched_interchange_mw,0.1868143
137,30,net_actual_interchange_mw,0.12686965
137,31,total_pjm_assigned_reg,0.17252246
137,32,da_as_ss_mw_primary_reserve,0.03058682
137,33,da_as_ss_mw_synchronized_reserve,0.029509757
137,34,da_as_ss_mw_thirty_minutes_reserve,0.20116434
137,35,da_as_as_mw_synchronized_reserve,0.09186885
137,36,total_pjm_rmpcp_cr,0.106519416
137,37,rmpcp,0.08578959
138,1,gross_inadv_interchange_mw,0.17302833
138,2,total_losses,0.38089663
138,3,total_pjm_loc_credit,0.066955335
138,4,da_as_nsr_mw_primary_reserve,0.123990834
138,5,marginal_loss_price_rt,0.115516685
138,6,total_pjm_rmccp_cr,-6.0863505e-05
138,7,gross_actual_interchange_mw,0.16809891
138,8,gross_sched_interchange_mw,0.17770225
138,9,total_lmp_rt,0.028917462
138,10,total_lmp_da,0.30637297
138,11,system_energy_price_da,0.5232901
138,12,system_energy_price_rt,0.1529035
138,13,marginal_loss_price_da,0.2732516
138,14,total_pjm_reg_purchases,0.17241934
138,15,da_as_mcp_synchronized_reserve,0.2473668
138,16,da_as_mcp_primary_reserve,0.049044337
138,17,da_as_as_req_mw_synchronized_reserve,0.19258493
138,18,da_as_as_req_mw_thirty_minutes_reserve,0.15901409
138,19,da_as_as_mw_primary_reserve,0.14244552
138,20,da_as_as_req_mw_primary_reserve,0.035490297
138,21,da_as_total_mw_primary_reserve,-0.003011565
138,22,congestion_price_rt,0.12695853
138,23,congestion_price_da,0.15829118
138,24,rmccp,0.057280775
138,25,net_inadv_interchange_mw,0.09714256
138,26,da_as_as_mw_thirty_minutes_reserve,0.29810625
138,27,da_as_total_mw_thirty_minutes_reserve,0.1277919
138,28,total_pjm_self_sched_reg,0.11648053
138,29,net_sched_interchange_mw,0.18745717
138,30,net_actual_interchange_mw,0.12489695
138,31,total_pjm_assigned_reg,0.17152724
138,32,da_as_ss_mw_primary_reserve,0.029881177
138,33,da_as_ss_mw_synchronized_reserve,0.028910175
138,34,da_as_ss_mw_thirty_minutes_reserve,0.19999288
138,35,da_as_as_mw_synchronized_reserve,0.089233585
138,36,total_pjm_rmpcp_cr,0.10744442
138,37,rmpcp,0.08223038
139,1,gross_inadv_interchange_mw,0.1681732
139,2,total_losses,0.38003537
139,3,total_pjm_loc_credit,0.06641264
139,4,da_as_nsr_mw_primary_reserve,0.12485472
139,5,marginal_loss_price_rt,0.11324094
139,6,total_pjm_rmccp_cr,-0.0008409763
139,7,gross_actual_interchange_mw,0.16891336
139,8,gross_sched_interchange_mw,0.17007016
139,9,total_lmp_rt,0.031977024
139,10,total_lmp_da,0.30500537
139,11,system_energy_price_da,0.5229767
139,12,system_energy_price_rt,0.15676208
139,13,marginal_loss_price_da,0.27272853
139,14,total_pjm_reg_purchases,0.1719939
139,15,da_as_mcp_synchronized_reserve,0.24267784
139,16,da_as_mcp_primary_reserve,0.045642924
139,17,da_as_as_req_mw_synchronized_reserve,0.18709141
139,18,da_as_as_req_mw_thirty_minutes_reserve,0.15323251
139,19,da_as_as_mw_primary_reserve,0.14508615
139,20,da_as_as_req_mw_primary_reserve,0.0316536
139,21,da_as_total_mw_primary_reserve,0.0018694873
139,22,congestion_price_rt,0.12435318
139,23,congestion_price_da,0.15818486
139,24,rmccp,0.05605778
139,25,net_inadv_interchange_mw,0.09781743
139,26,da_as_as_mw_thirty_minutes_reserve,0.29573134
139,27,da_as_total_mw_thirty_minutes_reserve,0.12626468
139,28,total_pjm_self_sched_reg,0.11400297
139,29,net_sched_interchange_mw,0.18332824
139,30,net_actual_interchange_mw,0.123281404
139,31,total_pjm_assigned_reg,0.16853862
139,32,da_as_ss_mw_primary_reserve,0.028699772
139,33,da_as_ss_mw_synchronized_reserve,0.026295282
139,34,da_as_ss_mw_thirty_minutes_reserve,0.19656065
139,35,da_as_as_mw_synchronized_reserve,0.09221583
139,36,total_pjm_rmpcp_cr,0.10629259
139,37,rmpcp,0.0848344
140,1,gross_inadv_interchange_mw,0.16298898
140,2,total_losses,0.37774554
140,3,total_pjm_loc_credit,0.06363321
140,4,da_as_nsr_mw_primary_reserve,0.12555599
140,5,marginal_loss_price_rt,0.11258729
140,6,total_pjm_rmccp_cr,-0.00016044601
140,7,gross_actual_interchange_mw,0.17102987
140,8,gross_sched_interchange_mw,0.17298725
140,9,total_lmp_rt,0.027635673
140,10,total_lmp_da,0.30259424
140,11,system_energy_price_da,0.5200684
140,12,system_energy_price_rt,0.15388535
140,13,marginal_loss_price_da,0.26495948
140,14,total_pjm_reg_purchases,0.16993968
140,15,da_as_mcp_synchronized_reserve,0.24130885
140,16,da_as_mcp_primary_reserve,0.04734269
140,17,da_as_as_req_mw_synchronized_reserve,0.18656017
140,18,da_as_as_req_mw_thirty_minutes_reserve,0.15329829
140,19,da_as_as_mw_primary_reserve,0.14674604
140,20,da_as_as_req_mw_primary_reserve,0.030621655
140,21,da_as_total_mw_primary_reserve,0.0016049705
140,22,congestion_price_rt,0.12380403
140,23,congestion_price_da,0.15204948
140,24,rmccp,0.05695714
140,25,net_inadv_interchange_mw,0.09515103
140,26,da_as_as_mw_thirty_minutes_reserve,0.29344442
140,27,da_as_total_mw_thirty_minutes_reserve,0.12463238
140,28,total_pjm_self_sched_reg,0.11227768
140,29,net_sched_interchange_mw,0.18252619
140,30,net_actual_interchange_mw,0.12626976
140,31,total_pjm_assigned_reg,0.1691947
140,32,da_as_ss_mw_primary_reserve,0.027555514
140,33,da_as_ss_mw_synchronized_reserve,0.026467804
140,34,da_as_ss_mw_thirty_minutes_reserve,0.19822916
140,35,da_as_as_mw_synchronized_reserve,0.08900709
140,36,total_pjm_rmpcp_cr,0.10536163
140,37,rmpcp,0.08000796
141,1,gross_inadv_interchange_mw,0.16209821
141,2,total_losses,0.37429312
141,3,total_pjm_loc_credit,0.0673058
141,4,da_as_nsr_mw_primary_reserve,0.12210678
141,5,marginal_loss_price_rt,0.10973377
141,6,total_pjm_rmccp_cr,-0.005532587
141,7,gross_actual_interchange_mw,0.17169376
141,8,gross_sched_interchange_mw,0.17204364
141,9,total_lmp_rt,0.032057762
141,10,total_lmp_da,0.2961066
141,11,system_energy_price_da,0.51472396
141,12,system_energy_price_rt,0.15449198
141,13,marginal_loss_price_da,0.26597235
141,14,total_pjm_reg_purchases,0.17033362
141,15,da_as_mcp_synchronized_reserve,0.24249265
141,16,da_as_mcp_primary_reserve,0.04415843
141,17,da_as_as_req_mw_synchronized_reserve,0.18895881
141,18,da_as_as_req_mw_thirty_minutes_reserve,0.15679635
141,19,da_as_as_mw_primary_reserve,0.14475642
141,20,da_as_as_req_mw_primary_reserve,0.03140083
141,21,da_as_total_mw_primary_reserve,0.00051951467
141,22,congestion_price_rt,0.12159423
141,23,congestion_price_da,0.15178245
141,24,rmccp,0.051210474
141,25,net_inadv_interchange_mw,0.096662275
141,26,da_as_as_mw_thirty_minutes_reserve,0.29043075
141,27,da_as_total_mw_thirty_minutes_reserve,0.1190193
141,28,total_pjm_self_sched_reg,0.11434775
141,29,net_sched_interchange_mw,0.18054308
141,30,net_actual_interchange_mw,0.12275429
141,31,total_pjm_assigned_reg,0.16911614
141,32,da_as_ss_mw_primary_reserve,0.031114187
141,33,da_as_ss_mw_synchronized_reserve,0.02681619
141,34,da_as_ss_mw_thirty_minutes_reserve,0.19897234
141,35,da_as_as_mw_synchronized_reserve,0.08795374
141,36,total_pjm_rmpcp_cr,0.10699328
141,37,rmpcp,0.08127574
142,1,gross_inadv_interchange_mw,0.16158761
142,2,total_losses,0.37106845
142,3,total_pjm_loc_credit,0.06438877
142,4,da_as_nsr_mw_primary_reserve,0.11811041
142,5,marginal_loss_price_rt,0.11197562
142,6,total_pjm_rmccp_cr,-8.379553e-06
142,7,gross_actual_interchange_mw,0.16832578
142,8,gross_sched_interchange_mw,0.16958092
142,9,total_lmp_rt,0.02806382
142,10,total_lmp_da,0.2943853
142,11,system_energy_price_da,0.5145149
142,12,system_energy_price_rt,0.15206109
142,13,marginal_loss_price_da,0.2652697
142,14,total_pjm_reg_purchases,0.16741766
142,15,da_as_mcp_synchronized_reserve,0.23787199
142,16,da_as_mcp_primary_reserve,0.047383007
142,17,da_as_as_req_mw_synchronized_reserve,0.18773697
142,18,da_as_as_req_mw_thirty_minutes_reserve,0.1552221
142,19,da_as_as_mw_primary_reserve,0.14281501
142,20,da_as_as_req_mw_primary_reserve,0.031053202
142,21,da_as_total_mw_primary_reserve,0.0048575746
142,22,congestion_price_rt,0.12529747
142,23,congestion_price_da,0.15164973
142,24,rmccp,0.04959695
142,25,net_inadv_interchange_mw,0.089525886
142,26,da_as_as_mw_thirty_minutes_reserve,0.28896716
142,27,da_as_total_mw_thirty_minutes_reserve,0.12025075
142,28,total_pjm_self_sched_reg,0.11539575
142,29,net_sched_interchange_mw,0.183058
142,30,net_actual_interchange_mw,0.12057583
142,31,total_pjm_assigned_reg,0.16722412
142,32,da_as_ss_mw_primary_reserve,0.027105436
142,33,da_as_ss_mw_synchronized_reserve,0.02514926
142,34,da_as_ss_mw_thirty_minutes_reserve,0.1954177
142,35,da_as_as_mw_synchronized_reserve,0.08686432
142,36,total_pjm_rmpcp_cr,0.10617364
142,37,rmpcp,0.0819673
143,1,gross_inadv_interchange_mw,0.1620004
143,2,total_losses,0.36982855
143,3,total_pjm_loc_credit,0.061407536
143,4,da_as_nsr_mw_primary_reserve,0.12057162
143,5,marginal_loss_price_rt,0.11010822
143,6,total_pjm_rmccp_cr,3.673484e-05
143,7,gross_actual_interchange_mw,0.16620839
143,8,gross_sched_interchange_mw,0.16815765
143,9,total_lmp_rt,0.026596732
143,10,total_lmp_da,0.28915158
143,11,system_energy_price_da,0.50955373
143,12,system_energy_price_rt,0.15128115
143,13,marginal_loss_price_da,0.2672563
143,14,total_pjm_reg_purchases,0.16508225
143,15,da_as_mcp_synchronized_reserve,0.23647185
143,16,da_as_mcp_primary_reserve,0.04691051
143,17,da_as_as_req_mw_synchronized_reserve,0.18490998
143,18,da_as_as_req_mw_thirty_minutes_reserve,0.1524049
143,19,da_as_as_mw_primary_reserve,0.14347027
143,20,da_as_as_req_mw_primary_reserve,0.030046117
143,21,da_as_total_mw_primary_reserve,0.0010811349
143,22,congestion_price_rt,0.12627165
143,23,congestion_price_da,0.14939545
143,24,rmccp,0.05675132
143,25,net_inadv_interchange_mw,0.09215219
143,26,da_as_as_mw_thirty_minutes_reserve,0.29062283
143,27,da_as_total_mw_thirty_minutes_reserve,0.11984234
143,28,total_pjm_self_sched_reg,0.114054754
143,29,net_sched_interchange_mw,0.17777848
143,30,net_actual_interchange_mw,0.11748456
143,31,total_pjm_assigned_reg,0.16307603
143,32,da_as_ss_mw_primary_reserve,0.029562723
143,33,da_as_ss_mw_synchronized_reserve,0.024916653
143,34,da_as_ss_mw_thirty_minutes_reserve,0.19361924
143,35,da_as_as_mw_synchronized_reserve,0.0867478
143,36,total_pjm_rmpcp_cr,0.10580358
143,37,rmpcp,0.07949124
144,1,gross_inadv_interchange_mw,0.15566137
144,2,total_losses,0.36653918
144,3,total_pjm_loc_credit,0.06490985
144,4,da_as_nsr_mw_primary_reserve,0.121536605
144,5,marginal_loss_price_rt,0.11041762
144,6,total_pjm_rmccp_cr,0.0010904532
144,7,gross_actual_interchange_mw,0.16530123
144,8,gross_sched_interchange_mw,0.16851224
144,9,total_lmp_rt,0.02745055
144,10,total_lmp_da,0.28877726
144,11,system_energy_price_da,0.50909656
144,12,system_energy_price_rt,0.15174764
144,13,marginal_loss_price_da,0.2630323
144,14,total_pjm_reg_purchases,0.1632556
144,15,da_as_mcp_synchronized_reserve,0.23417775
144,16,da_as_mcp_primary_reserve,0.04707577
144,17,da_as_as_req_mw_synchronized_reserve,0.18274848
144,18,da_as_as_req_mw_thirty_minutes_reserve,0.14935721
144,19,da_as_as_mw_primary_reserve,0.14218505
144,20,da_as_as_req_mw_primary_reserve,0.029196832
144,21,da_as_total_mw_primary_reserve,0.0030939172
144,22,congestion_price_rt,0.12358555
144,23,congestion_price_da,0.15203685
144,24,rmccp,0.052798957
144,25,net_inadv_interchange_mw,0.091361456
144,26,da_as_as_mw_thirty_minutes_reserve,0.28675193
144,27,da_as_total_mw_thirty_minutes_reserve,0.11658186
144,28,total_pjm_self_sched_reg,0.112747304
144,29,net_sched_interchange_mw,0.17820893
144,30,net_actual_interchange_mw,0.11769351
144,31,total_pjm_assigned_reg,0.1631093
144,32,da_as_ss_mw_primary_reserve,0.025362685
144,33,da_as_ss_mw_synchronized_reserve,0.021897372
144,34,da_as_ss_mw_thirty_minutes_reserve,0.19361244
144,35,da_as_as_mw_synchronized_reserve,0.085906066
144,36,total_pjm_rmpcp_cr,0.10069999
144,37,rmpcp,0.07894383
145,1,gross_inadv_interchange_mw,0.15774302
145,2,total_losses,0.36541647
145,3,total_pjm_loc_credit,0.061206415
145,4,da_as_nsr_mw_primary_reserve,0.119204514
145,5,marginal_loss_price_rt,0.10667189
145,6,total_pjm_rmccp_cr,0.0002193196
145,7,gross_actual_interchange_mw,0.16635218
145,8,gross_sched_interchange_mw,0.1647996
145,9,total_lmp_rt,0.027368348
145,10,total_lmp_da,0.28469452
145,11,system_energy_price_da,0.50523216
145,12,system_energy_price_rt,0.150484
145,13,marginal_loss_price_da,0.26063704
145,14,total_pjm_reg_purchases,0.16416451
145,15,da_as_mcp_synchronized_reserve,0.23266864
145,16,da_as_mcp_primary_reserve,0.04670586
145,17,da_as_as_req_mw_synchronized_reserve,0.18228744
145,18,da_as_as_req_mw_thirty_minutes_reserve,0.14902103
145,19,da_as_as_mw_primary_reserve,0.1383157
145,20,da_as_as_req_mw_primary_reserve,0.028125716
145,21,da_as_total_mw_primary_reserve,0.0020398183
145,22,congestion_price_rt,0.12163411
145,23,congestion_price_da,0.1459386
145,24,rmccp,0.054327063
145,25,net_inadv_interchange_mw,0.092501394
145,26,da_as_as_mw_thirty_minutes_reserve,0.28629786
145,27,da_as_total_mw_thirty_minutes_reserve,0.114498414
145,28,total_pjm_self_sched_reg,0.11114018
145,29,net_sched_interchange_mw,0.17634787
145,30,net_actual_interchange_mw,0.116033174
145,31,total_pjm_assigned_reg,0.16424742
145,32,da_as_ss_mw_primary_reserve,0.028744303
145,33,da_as_ss_mw_synchronized_reserve,0.025006132
145,34,da_as_ss_mw_thirty_minutes_reserve,0.19373041
145,35,da_as_as_mw_synchronized_reserve,0.08352403
145,36,total_pjm_rmpcp_cr,0.09988713
145,37,rmpcp,0.07876039
146,1,gross_inadv_interchange_mw,0.16042724
146,2,total_losses,0.36252806
146,3,total_pjm_loc_credit,0.06085796
146,4,da_as_nsr_mw_primary_reserve,0.11697349
146,5,marginal_loss_price_rt,0.108959995
146,6,total_pjm_rmccp_cr,0.00031650212
146,7,gross_actual_interchange_mw,0.16440444
146,8,gross_sched_interchange_mw,0.16801889
146,9,total_lmp_rt,0.028240448
146,10,total_lmp_da,0.28034174
146,11,system_energy_price_da,0.502126
146,12,system_energy_price_rt,0.15022008
146,13,marginal_loss_price_da,0.25907478
146,14,total_pjm_reg_purchases,0.16433689
146,15,da_as_mcp_synchronized_reserve,0.22927141
146,16,da_as_mcp_primary_reserve,0.046306927
146,17,da_as_as_req_mw_synchronized_reserve,0.17945175
146,18,da_as_as_req_mw_thirty_minutes_reserve,0.14846301
146,19,da_as_as_mw_primary_reserve,0.13847177
146,20,da_as_as_req_mw_primary_reserve,0.0276063
146,21,da_as_total_mw_primary_reserve,0.00087700895
146,22,congestion_price_rt,0.12163419
146,23,congestion_price_da,0.15161303
146,24,rmccp,0.055159975
146,25,net_inadv_interchange_mw,0.09058588
146,26,da_as_as_mw_thirty_minutes_reserve,0.28492618
146,27,da_as_total_mw_thirty_minutes_reserve,0.115723915
146,28,total_pjm_self_sched_reg,0.107871145
146,29,net_sched_interchange_mw,0.1765829
146,30,net_actual_interchange_mw,0.11544127
146,31,total_pjm_assigned_reg,0.15919773
146,32,da_as_ss_mw_primary_reserve,0.026177853
146,33,da_as_ss_mw_synchronized_reserve,0.0240144
146,34,da_as_ss_mw_thirty_minutes_reserve,0.1937709
146,35,da_as_as_mw_synchronized_reserve,0.08290635
146,36,total_pjm_rmpcp_cr,0.099232756
146,37,rmpcp,0.07881959
147,1,gross_inadv_interchange_mw,0.15605551
147,2,total_losses,0.3609436
147,3,total_pjm_loc_credit,0.06526065
147,4,da_as_nsr_mw_primary_reserve,0.11547115
147,5,marginal_loss_price_rt,0.11210913
147,6,total_pjm_rmccp_cr,-0.0038380576
147,7,gross_actual_interchange_mw,0.16619796
147,8,gross_sched_interchange_mw,0.1641953
147,9,total_lmp_rt,0.02742332
147,10,total_lmp_da,0.27900907
147,11,system_energy_price_da,0.5011262
147,12,system_energy_price_rt,0.14879629
147,13,marginal_loss_price_da,0.2583503
147,14,total_pjm_reg_purchases,0.15971252
147,15,da_as_mcp_synchronized_reserve,0.22585587
147,16,da_as_mcp_primary_reserve,0.045834675
147,17,da_as_as_req_mw_synchronized_reserve,0.17779574
147,18,da_as_as_req_mw_thirty_minutes_reserve,0.14710966
147,19,da_as_as_mw_primary_reserve,0.13940768
147,20,da_as_as_req_mw_primary_reserve,0.025579704
147,21,da_as_total_mw_primary_reserve,-0.00028431675
147,22,congestion_price_rt,0.11878373
147,23,congestion_price_da,0.14633636
147,24,rmccp,0.052941132
147,25,net_inadv_interchange_mw,0.08909409
147,26,da_as_as_mw_thirty_minutes_reserve,0.2820306
147,27,da_as_total_mw_thirty_minutes_reserve,0.11493599
147,28,total_pjm_self_sched_reg,0.10918936
147,29,net_sched_interchange_mw,0.17553468
147,30,net_actual_interchange_mw,0.113577604
147,31,total_pjm_assigned_reg,0.15715355
147,32,da_as_ss_mw_primary_reserve,0.023208713
147,33,da_as_ss_mw_synchronized_reserve,0.021625414
147,34,da_as_ss_mw_thirty_minutes_reserve,0.19214706
147,35,da_as_as_mw_synchronized_reserve,0.084433734
147,36,total_pjm_rmpcp_cr,0.10554902
147,37,rmpcp,0.08245359
148,1,gross_inadv_interchange_mw,0.15364295
148,2,total_losses,0.35708493
148,3,total_pjm_loc_credit,0.064698525
148,4,da_as_nsr_mw_primary_reserve,0.1177147
148,5,marginal_loss_price_rt,0.11030939
148,6,total_pjm_rmccp_cr,-0.00075545505
148,7,gross_actual_interchange_mw,0.16198464
148,8,gross_sched_interchange_mw,0.16326594
148,9,total_lmp_rt,0.025157532
148,10,total_lmp_da,0.27484393
148,11,system_energy_price_da,0.4984951
148,12,system_energy_price_rt,0.14418434
148,13,marginal_loss_price_da,0.2583439
148,14,total_pjm_reg_purchases,0.15954694
148,15,da_as_mcp_synchronized_reserve,0.22424318
148,16,da_as_mcp_primary_reserve,0.045567755
148,17,da_as_as_req_mw_synchronized_reserve,0.17739996
148,18,da_as_as_req_mw_thirty_minutes_reserve,0.14752291
148,19,da_as_as_mw_primary_reserve,0.14014804
148,20,da_as_as_req_mw_primary_reserve,0.024587996
148,21,da_as_total_mw_primary_reserve,-0.0009679598
148,22,congestion_price_rt,0.12143477
148,23,congestion_price_da,0.14852405
148,24,rmccp,0.051349375
148,25,net_inadv_interchange_mw,0.09507637
148,26,da_as_as_mw_thirty_minutes_reserve,0.2833086
148,27,da_as_total_mw_thirty_minutes_reserve,0.11290342
148,28,total_pjm_self_sched_reg,0.10717291
148,29,net_sched_interchange_mw,0.17510748
148,30,net_actual_interchange_mw,0.11470678
148,31,total_pjm_assigned_reg,0.15620914
148,32,da_as_ss_mw_primary_reserve,0.023007497
148,33,da_as_ss_mw_synchronized_reserve,0.019497305
148,34,da_as_ss_mw_thirty_minutes_reserve,0.19144969
148,35,da_as_as_mw_synchronized_reserve,0.085001424
148,36,total_pjm_rmpcp_cr,0.100761674
148,37,rmpcp,0.07605415
149,1,gross_inadv_interchange_mw,0.1557454
149,2,total_losses,0.3532055
149,3,total_pjm_loc_credit,0.06306086
149,4,da_as_nsr_mw_primary_reserve,0.11084011
149,5,marginal_loss_price_rt,0.10782402
149,6,total_pjm_rmccp_cr,-0.00034490463
149,7,gross_actual_interchange_mw,0.16218774
149,8,gross_sched_interchange_mw,0.16585873
149,9,total_lmp_rt,0.023300443
149,10,total_lmp_da,0.2736411
149,11,system_energy_price_da,0.49576738
149,12,system_energy_price_rt,0.14504012
149,13,marginal_loss_price_da,0.25409976
149,14,total_pjm_reg_purchases,0.15862225
149,15,da_as_mcp_synchronized_reserve,0.22240865
149,16,da_as_mcp_primary_reserve,0.04588745
149,17,da_as_as_req_mw_synchronized_reserve,0.17789431
149,18,da_as_as_req_mw_thirty_minutes_reserve,0.14457442
149,19,da_as_as_mw_primary_reserve,0.13605699
149,20,da_as_as_req_mw_primary_reserve,0.022721248
149,21,da_as_total_mw_primary_reserve,-0.00068484107
149,22,congestion_price_rt,0.11907068
149,23,congestion_price_da,0.14189996
149,24,rmccp,0.053116858
149,25,net_inadv_interchange_mw,0.09072884
149,26,da_as_as_mw_thirty_minutes_reserve,0.27937984
149,27,da_as_total_mw_thirty_minutes_reserve,0.1116138
149,28,total_pjm_self_sched_reg,0.1082358
149,29,net_sched_interchange_mw,0.17425711
149,30,net_actual_interchange_mw,0.114724495
149,31,total_pjm_assigned_reg,0.15807505
149,32,da_as_ss_mw_primary_reserve,0.026682492
149,33,da_as_ss_mw_synchronized_reserve,0.022518946
149,34,da_as_ss_mw_thirty_minutes_reserve,0.19170904
149,35,da_as_as_mw_synchronized_reserve,0.08274805
149,36,total_pjm_rmpcp_cr,0.09977481
149,37,rmpcp,0.07829544
150,1,gross_inadv_interchange_mw,0.15436962
150,2,total_losses,0.35390344
150,3,total_pjm_loc_credit,0.06291663
150,4,da_as_nsr_mw_primary_reserve,0.11288114
150,5,marginal_loss_price_rt,0.10793831
150,6,total_pjm_rmccp_cr,0.0018332531
150,7,gross_actual_interchange_mw,0.15885799
150,8,gross_sched_interchange_mw,0.15988326
150,9,total_lmp_rt,0.019652631
150,10,total_lmp_da,0.26761863
150,11,system_energy_price_da,0.49218848
150,12,system_energy_price_rt,0.14314668
150,13,marginal_loss_price_da,0.2521662
150,14,total_pjm_reg_purchases,0.15585396
150,15,da_as_mcp_synchronized_reserve,0.22151181
150,16,da_as_mcp_primary_reserve,0.044351846
150,17,da_as_as_req_mw_synchronized_reserve,0.17704336
150,18,da_as_as_req_mw_thirty_minutes_reserve,0.14471464
150,19,da_as_as_mw_primary_reserve,0.13398173
150,20,da_as_as_req_mw_primary_reserve,0.024657065
150,21,da_as_total_mw_primary_reserve,-0.00050209643
150,22,congestion_price_rt,0.118534885
150,23,congestion_price_da,0.14279017
150,24,rmccp,0.05525317
150,25,net_inadv_interchange_mw,0.08707429
150,26,da_as_as_mw_thirty_minutes_reserve,0.2798037
150,27,da_as_total_mw_thirty_minutes_reserve,0.11225617
150,28,total_pjm_self_sched_reg,0.107636556
150,29,net_sched_interchange_mw,0.17184229
150,30,net_actual_interchange_mw,0.11281206
150,31,total_pjm_assigned_reg,0.15648781
150,32,da_as_ss_mw_primary_reserve,0.023852369
150,33,da_as_ss_mw_synchronized_reserve,0.020071778
150,34,da_as_ss_mw_thirty_minutes_reserve,0.19013001
150,35,da_as_as_mw_synchronized_reserve,0.08326879
150,36,total_pjm_rmpcp_cr,0.10342494
150,37,rmpcp,0.07712885
151,1,gross_inadv_interchange_mw,0.15065448
151,2,total_losses,0.3509267
151,3,total_pjm_loc_credit,0.059648167
151,4,da_as_nsr_mw_primary_reserve,0.10876464
151,5,marginal_loss_price_rt,0.106998004
151,6,total_pjm_rmccp_cr,0.0045109605
151,7,gross_actual_interchange_mw,0.16008614
151,8,gross_sched_interchange_mw,0.15748216
151,9,total_lmp_rt,0.023280509
151,10,total_lmp_da,0.26385915
151,11,system_energy_price_da,0.4882964
151,12,system_energy_price_rt,0.14645416
151,13,marginal_loss_price_da,0.2527291
151,14,total_pjm_reg_purchases,0.1552506
151,15,da_as_mcp_synchronized_reserve,0.223675
151,16,da_as_mcp_primary_reserve,0.048120916
151,17,da_as_as_req_mw_synchronized_reserve,0.17680964
151,18,da_as_as_req_mw_thirty_minutes_reserve,0.14169939
151,19,da_as_as_mw_primary_reserve,0.13430424
151,20,da_as_as_req_mw_primary_reserve,0.022220744
151,21,da_as_total_mw_primary_reserve,-0.004013865
151,22,congestion_price_rt,0.11785107
151,23,congestion_price_da,0.1461439
151,24,rmccp,0.048951175
151,25,net_inadv_interchange_mw,0.08625745
151,26,da_as_as_mw_thirty_minutes_reserve,0.27652743
151,27,da_as_total_mw_thirty_minutes_reserve,0.10702206
151,28,total_pjm_self_sched_reg,0.10727244
151,29,net_sched_interchange_mw,0.1692981
151,30,net_actual_interchange_mw,0.109566845
151,31,total_pjm_assigned_reg,0.15442337
151,32,da_as_ss_mw_primary_reserve,0.026199156
151,33,da_as_ss_mw_synchronized_reserve,0.022657957
151,34,da_as_ss_mw_thirty_minutes_reserve,0.18832023
151,35,da_as_as_mw_synchronized_reserve,0.07717781
151,36,total_pjm_rmpcp_cr,0.10029051
151,37,rmpcp,0.07634973
152,1,gross_inadv_interchange_mw,0.15105297
152,2,total_losses,0.35054904
152,3,total_pjm_loc_credit,0.063443944
152,4,da_as_nsr_mw_primary_reserve,0.110252574
152,5,marginal_loss_price_rt,0.10450553
152,6,total_pjm_rmccp_cr,-0.000120503944
152,7,gross_actual_interchange_mw,0.15996972
152,8,gross_sched_interchange_mw,0.15768066
152,9,total_lmp_rt,0.024008032
152,10,total_lmp_da,0.26170796
152,11,system_energy_price_da,0.48794496
152,12,system_energy_price_rt,0.14496462
152,13,marginal_loss_price_da,0.24905401
152,14,total_pjm_reg_purchases,0.15360889
152,15,da_as_mcp_synchronized_reserve,0.21616797
152,16,da_as_mcp_primary_reserve,0.04525719
152,17,da_as_as_req_mw_synchronized_reserve,0.17326114
152,18,da_as_as_req_mw_thirty_minutes_reserve,0.14387278
152,19,da_as_as_mw_primary_reserve,0.13301767
152,20,da_as_as_req_mw_primary_reserve,0.021648856
152,21,da_as_total_mw_primary_reserve,0.002268937
152,22,congestion_price_rt,0.11842561
152,23,congestion_price_da,0.14006975
152,24,rmccp,0.052802153
152,25,net_inadv_interchange_mw,0.08563942
152,26,da_as_as_mw_thirty_minutes_reserve,0.27530208
152,27,da_as_total_mw_thirty_minutes_reserve,0.105364226
152,28,total_pjm_self_sched_reg,0.103721164
152,29,net_sched_interchange_mw,0.17059886
152,30,net_actual_interchange_mw,0.110983655
152,31,total_pjm_assigned_reg,0.15298316
152,32,da_as_ss_mw_primary_reserve,0.01877356
152,33,da_as_ss_mw_synchronized_reserve,0.016500693
152,34,da_as_ss_mw_thirty_minutes_reserve,0.18570772
152,35,da_as_as_mw_synchronized_reserve,0.08280017
152,36,total_pjm_rmpcp_cr,0.09600157
152,37,rmpcp,0.07905058
153,1,gross_inadv_interchange_mw,0.14888917
153,2,total_losses,0.34847558
153,3,total_pjm_loc_credit,0.061665464
153,4,da_as_nsr_mw_primary_reserve,0.106437646
153,5,marginal_loss_price_rt,0.10201222
153,6,total_pjm_rmccp_cr,0.0007915185
153,7,gross_actual_interchange_mw,0.15869516
153,8,gross_sched_interchange_mw,0.15958144
153,9,total_lmp_rt,0.022000225
153,10,total_lmp_da,0.25892895
153,11,system_energy_price_da,0.4858409
153,12,system_energy_price_rt,0.14437273
153,13,marginal_loss_price_da,0.24834454
153,14,total_pjm_reg_purchases,0.15328532
153,15,da_as_mcp_synchronized_reserve,0.21489671
153,16,da_as_mcp_primary_reserve,0.04786074
153,17,da_as_as_req_mw_synchronized_reserve,0.17721418
153,18,da_as_as_req_mw_thirty_minutes_reserve,0.1415155
153,19,da_as_as_mw_primary_reserve,0.12584752
153,20,da_as_as_req_mw_primary_reserve,0.023808977
153,21,da_as_total_mw_primary_reserve,0.001788004
153,22,congestion_price_rt,0.113340214
153,23,congestion_price_da,0.14433876
153,24,rmccp,0.053555276
153,25,net_inadv_interchange_mw,0.08462884
153,26,da_as_as_mw_thirty_minutes_reserve,0.27297834
153,27,da_as_total_mw_thirty_minutes_reserve,0.103165224
153,28,total_pjm_self_sched_reg,0.1047074
153,29,net_sched_interchange_mw,0.16926418
153,30,net_actual_interchange_mw,0.111352
153,31,total_pjm_assigned_reg,0.15079924
153,32,da_as_ss_mw_primary_reserve,0.023125915
153,33,da_as_ss_mw_synchronized_reserve,0.01784158
153,34,da_as_ss_mw_thirty_minutes_reserve,0.18931495
153,35,da_as_as_mw_synchronized_reserve,0.08081625
153,36,total_pjm_rmpcp_cr,0.09811829
153,37,rmpcp,0.07464489
154,1,gross_inadv_interchange_mw,0.15279867
154,2,total_losses,0.34355724
154,3,total_pjm_loc_credit,0.05738341
154,4,da_as_nsr_mw_primary_reserve,0.10822106
154,5,marginal_loss_price_rt,0.100789614
154,6,total_pjm_rmccp_cr,0.00039761153
154,7,gross_actual_interchange_mw,0.15769725
154,8,gross_sched_interchange_mw,0.15926515
154,9,total_lmp_rt,0.020838948
154,10,total_lmp_da,0.2570627
154,11,system_energy_price_da,0.48173738
154,12,system_energy_price_rt,0.14278504
154,13,marginal_loss_price_da,0.24573073
154,14,total_pjm_reg_purchases,0.15395899
154,15,da_as_mcp_synchronized_reserve,0.2133121
154,16,da_as_mcp_primary_reserve,0.045723684
154,17,da_as_as_req_mw_synchronized_reserve,0.17453933
154,18,da_as_as_req_mw_thirty_minutes_reserve,0.14272001
154,19,da_as_as_mw_primary_reserve,0.13082647
154,20,da_as_as_req_mw_primary_reserve,0.023450667
154,21,da_as_total_mw_primary_reserve,0.0030402835
154,22,congestion_price_rt,0.11541704
154,23,congestion_price_da,0.14328218
154,24,rmccp,0.052918307
154,25,net_inadv_interchange_mw,0.08733083
154,26,da_as_as_mw_thirty_minutes_reserve,0.27241585
154,27,da_as_total_mw_thirty_minutes_reserve,0.102111265
154,28,total_pjm_self_sched_reg,0.102686256
154,29,net_sched_interchange_mw,0.16592547
154,30,net_actual_interchange_mw,0.10780797
154,31,total_pjm_assigned_reg,0.15248758
154,32,da_as_ss_mw_primary_reserve,0.02157643
154,33,da_as_ss_mw_synchronized_reserve,0.018090464
154,34,da_as_ss_mw_thirty_minutes_reserve,0.18704177
154,35,da_as_as_mw_synchronized_reserve,0.08253516
154,36,total_pjm_rmpcp_cr,0.09253943
154,37,rmpcp,0.07951478
155,1,gross_inadv_interchange_mw,0.15030417
155,2,total_losses,0.3424321
155,3,total_pjm_loc_credit,0.05909947
155,4,da_as_nsr_mw_primary_reserve,0.10858959
155,5,marginal_loss_price_rt,0.103679925
155,6,total_pjm_rmccp_cr,-0.0028703099
155,7,gross_actual_interchange_mw,0.15431206
155,8,gross_sched_interchange_mw,0.1561814
155,9,total_lmp_rt,0.021785187
155,10,total_lmp_da,0.25417668
155,11,system_energy_price_da,0.4812628
155,12,system_energy_price_rt,0.14352785
155,13,marginal_loss_price_da,0.24512258
155,14,total_pjm_reg_purchases,0.15180287
155,15,da_as_mcp_synchronized_reserve,0.21109465
155,16,da_as_mcp_primary_reserve,0.04651766
155,17,da_as_as_req_mw_synchronized_reserve,0.1723785
155,18,da_as_as_req_mw_thirty_minutes_reserve,0.13808155
155,19,da_as_as_mw_primary_reserve,0.13350046
155,20,da_as_as_req_mw_primary_reserve,0.021254115
155,21,da_as_total_mw_primary_reserve,0.0018567868
155,22,congestion_price_rt,0.11711585
155,23,congestion_price_da,0.14031258
155,24,rmccp,0.05293713
155,25,net_inadv_interchange_mw,0.08262734
155,26,da_as_as_mw_thirty_minutes_reserve,0.26986462
155,27,da_as_total_mw_thirty_minutes_reserve,0.10088372
155,28,total_pjm_self_sched_reg,0.10221514
155,29,net_sched_interchange_mw,0.162583
155,30,net_actual_interchange_mw,0.10641582
155,31,total_pjm_assigned_reg,0.15336694
155,32,da_as_ss_mw_primary_reserve,0.02324924
155,33,da_as_ss_mw_synchronized_reserve,0.016976995
155,34,da_as_ss_mw_thirty_minutes_reserve,0.18677624
155,35,da_as_as_mw_synchronized_reserve,0.08026213
155,36,total_pjm_rmpcp_cr,0.09809467
155,37,rmpcp,0.07507426
156,1,gross_inadv_interchange_mw,0.14678004
156,2,total_losses,0.33875066
156,3,total_pjm_loc_credit,0.061840814
156,4,da_as_nsr_mw_primary_reserve,0.108307645
156,5,marginal_loss_price_rt,0.10223742
156,6,total_pjm_rmccp_cr,0.001540529
156,7,gross_actual_interchange_mw,0.15639812
156,8,gross_sched_interchange_mw,0.15336148
156,9,total_lmp_rt,0.023378968
156,10,total_lmp_da,0.25193053
156,11,system_energy_price_da,0.48009336
156,12,system_energy_price_rt,0.14577916
156,13,marginal_loss_price_da,0.24431482
156,14,total_pjm_reg_purchases,0.14858152
156,15,da_as_mcp_synchronized_reserve,0.20995396
156,16,da_as_mcp_primary_reserve,0.04676474
156,17,da_as_as_req_mw_synchronized_reserve,0.17143317
156,18,da_as_as_req_mw_thirty_minutes_reserve,0.13791278
156,19,da_as_as_mw_primary_reserve,0.13248299
156,20,da_as_as_req_mw_primary_reserve,0.021203715
156,21,da_as_total_mw_primary_reserve,-2.2437627e-05
156,22,congestion_price_rt,0.11024149
156,23,congestion_price_da,0.1357774
156,24,rmccp,0.054666493
156,25,net_inadv_interchange_mw,0.08340313
156,26,da_as_as_mw_thirty_minutes_reserve,0.26909518
156,27,da_as_total_mw_thirty_minutes_reserve,0.10063316
156,28,total_pjm_self_sched_reg,0.10012679
156,29,net_sched_interchange_mw,0.16702154
156,30,net_actual_interchange_mw,0.11074542
156,31,total_pjm_assigned_reg,0.14901811
156,32,da_as_ss_mw_primary_reserve,0.020895284
156,33,da_as_ss_mw_synchronized_reserve,0.01793775
156,34,da_as_ss_mw_thirty_minutes_reserve,0.18575898
156,35,da_as_as_mw_synchronized_reserve,0.08006294
156,36,total_pjm_rmpcp_cr,0.0958748
156,37,rmpcp,0.07771695
157,1,gross_inadv_interchange_mw,0.14674477
157,2,total_losses,0.3381508
157,3,total_pjm_loc_credit,0.059055846
157,4,da_as_nsr_mw_primary_reserve,0.10635625
157,5,marginal_loss_price_rt,0.10082594
157,6,total_pjm_rmccp_cr,-0.00055476365
157,7,gross_actual_interchange_mw,0.15509354
157,8,gross_sched_interchange_mw,0.152703
157,9,total_lmp_rt,0.021875964
157,10,total_lmp_da,0.24847957
157,11,system_energy_price_da,0.477212
157,12,system_energy_price_rt,0.1435295
157,13,marginal_loss_price_da,0.2416183
157,14,total_pjm_reg_purchases,0.14978664
157,15,da_as_mcp_synchronized_reserve,0.20865692
157,16,da_as_mcp_primary_reserve,0.043815583
157,17,da_as_as_req_mw_synchronized_reserve,0.17160425
157,18,da_as_as_req_mw_thirty_minutes_reserve,0.13787286
157,19,da_as_as_mw_primary_reserve,0.12653945
157,20,da_as_as_req_mw_primary_reserve,0.021034498
157,21,da_as_total_mw_primary_reserve,-0.0024934704
157,22,congestion_price_rt,0.108849406
157,23,congestion_price_da,0.13518386
157,24,rmccp,0.051552396
157,25,net_inadv_interchange_mw,0.081805184
157,26,da_as_as_mw_thirty_minutes_reserve,0.2678964
157,27,da_as_total_mw_thirty_minutes_reserve,0.09945707
157,28,total_pjm_self_sched_reg,0.104801856
157,29,net_sched_interchange_mw,0.16258952
157,30,net_actual_interchange_mw,0.10412792
157,31,total_pjm_assigned_reg,0.14844851
157,32,da_as_ss_mw_primary_reserve,0.021519046
157,33,da_as_ss_mw_synchronized_reserve,0.018998647
157,34,da_as_ss_mw_thirty_minutes_reserve,0.18522283
157,35,da_as_as_mw_synchronized_reserve,0.080798656
157,36,total_pjm_rmpcp_cr,0.096330084
157,37,rmpcp,0.07187036
158,1,gross_inadv_interchange_mw,0.14627303
158,2,total_losses,0.33429417
158,3,total_pjm_loc_credit,0.062032524
158,4,da_as_nsr_mw_primary_reserve,0.10347108
158,5,marginal_loss_price_rt,0.10004211
158,6,total_pjm_rmccp_cr,0.0015492047
158,7,gross_actual_interchange_mw,0.15267898
158,8,gross_sched_interchange_mw,0.14896357
158,9,total_lmp_rt,0.021725602
158,10,total_lmp_da,0.24546333
158,11,system_energy_price_da,0.47486693
158,12,system_energy_price_rt,0.14010264
158,13,marginal_loss_price_da,0.24041294
158,14,total_pjm_reg_purchases,0.14854044
158,15,da_as_mcp_synchronized_reserve,0.20709355
158,16,da_as_mcp_primary_reserve,0.044279978
158,17,da_as_as_req_mw_synchronized_reserve,0.16904578
158,18,da_as_as_req_mw_thirty_minutes_reserve,0.13703047
158,19,da_as_as_mw_primary_reserve,0.1265971
158,20,da_as_as_req_mw_primary_reserve,0.021038566
158,21,da_as_total_mw_primary_reserve,0.0034009737
158,22,congestion_price_rt,0.11265994
158,23,congestion_price_da,0.13934945
158,24,rmccp,0.050803564
158,25,net_inadv_interchange_mw,0.08458401
158,26,da_as_as_mw_thirty_minutes_reserve,0.26930097
158,27,da_as_total_mw_thirty_minutes_reserve,0.09791553
158,28,total_pjm_self_sched_reg,0.09898558
158,29,net_sched_interchange_mw,0.16195601
158,30,net_actual_interchange_mw,0.10261629
158,31,total_pjm_assigned_reg,0.14946494
158,32,da_as_ss_mw_primary_reserve,0.019716708
158,33,da_as_ss_mw_synchronized_reserve,0.016983857
158,34,da_as_ss_mw_thirty_minutes_reserve,0.18396671
158,35,da_as_as_mw_synchronized_reserve,0.084127404
158,36,total_pjm_rmpcp_cr,0.09395465
158,37,rmpcp,0.073442146
159,1,gross_inadv_interchange_mw,0.14666207
159,2,total_losses,0.3350898
159,3,total_pjm_loc_credit,0.059779618
159,4,da_as_nsr_mw_primary_reserve,0.10373346
159,5,marginal_loss_price_rt,0.10367638
159,6,total_pjm_rmccp_cr,0.0010727843
159,7,gross_actual_interchange_mw,0.15428692
159,8,gross_sched_interchange_mw,0.15149741
159,9,total_lmp_rt,0.022769056
159,10,total_lmp_da,0.24256417
159,11,system_energy_price_da,0.47263953
159,12,system_energy_price_rt,0.14071389
159,13,marginal_loss_price_da,0.2392797
159,14,total_pjm_reg_purchases,0.14584674
159,15,da_as_mcp_synchronized_reserve,0.20759776
159,16,da_as_mcp_primary_reserve,0.045921136
159,17,da_as_as_req_mw_synchronized_reserve,0.16947857
159,18,da_as_as_req_mw_thirty_minutes_reserve,0.13554044
159,19,da_as_as_mw_primary_reserve,0.12641773
159,20,da_as_as_req_mw_primary_reserve,0.020049239
159,21,da_as_total_mw_primary_reserve,0.00033334663
159,22,congestion_price_rt,0.10868493
159,23,congestion_price_da,0.13793865
159,24,rmccp,0.05480772
159,25,net_inadv_interchange_mw,0.0850647
159,26,da_as_as_mw_thirty_minutes_reserve,0.26825273
159,27,da_as_total_mw_thirty_minutes_reserve,0.09717993
159,28,total_pjm_self_sched_reg,0.09955531
159,29,net_sched_interchange_mw,0.16230951
159,30,net_actual_interchange_mw,0.10332127
159,31,total_pjm_assigned_reg,0.14557466
159,32,da_as_ss_mw_primary_reserve,0.02207664
159,33,da_as_ss_mw_synchronized_reserve,0.017169423
159,34,da_as_ss_mw_thirty_minutes_reserve,0.18462607
159,35,da_as_as_mw_synchronized_reserve,0.07500743
159,36,total_pjm_rmpcp_cr,0.09342736
159,37,rmpcp,0.07141
160,1,gross_inadv_interchange_mw,0.14657025
160,2,total_losses,0.33035457
160,3,total_pjm_loc_credit,0.058435902
160,4,da_as_nsr_mw_primary_reserve,0.09981321
160,5,marginal_loss_price_rt,0.10563492
160,6,total_pjm_rmccp_cr,6.165754e-05
160,7,gross_actual_interchange_mw,0.15204138
160,8,gross_sched_interchange_mw,0.15015149
160,9,total_lmp_rt,0.01989494
160,10,total_lmp_da,0.24050453
160,11,system_energy_price_da,0.47016534
160,12,system_energy_price_rt,0.135509
160,13,marginal_loss_price_da,0.2370377
160,14,total_pjm_reg_purchases,0.14810824
160,15,da_as_mcp_synchronized_reserve,0.2049767
160,16,da_as_mcp_primary_reserve,0.04484379
160,17,da_as_as_req_mw_synchronized_reserve,0.16869435
160,18,da_as_as_req_mw_thirty_minutes_reserve,0.1351988
160,19,da_as_as_mw_primary_reserve,0.12416746
160,20,da_as_as_req_mw_primary_reserve,0.020136556
160,21,da_as_total_mw_primary_reserve,0.0036153086
160,22,congestion_price_rt,0.10861042
160,23,congestion_price_da,0.13512161
160,24,rmccp,0.054270238
160,25,net_inadv_interchange_mw,0.0805073
160,26,da_as_as_mw_thirty_minutes_reserve,0.26560488
160,27,da_as_total_mw_thirty_minutes_reserve,0.09402749
160,28,total_pjm_self_sched_reg,0.100680485
160,29,net_sched_interchange_mw,0.1619635
160,30,net_actual_interchange_mw,0.100527085
160,31,total_pjm_assigned_reg,0.1459847
160,32,da_as_ss_mw_primary_reserve,0.01607738
160,33,da_as_ss_mw_synchronized_reserve,0.011920262
160,34,da_as_ss_mw_thirty_minutes_reserve,0.18001108
160,35,da_as_as_mw_synchronized_reserve,0.07692549
160,36,total_pjm_rmpcp_cr,0.09303741
160,37,rmpcp,0.07231348
161,1,gross_inadv_interchange_mw,0.14320843
161,2,total_losses,0.33070257
161,3,total_pjm_loc_credit,0.058723003
161,4,da_as_nsr_mw_primary_reserve,0.10433413
161,5,marginal_loss_price_rt,0.10181452
161,6,total_pjm_rmccp_cr,-0.0015300536
161,7,gross_actual_interchange_mw,0.15112083
161,8,gross_sched_interchange_mw,0.14741011
161,9,total_lmp_rt,0.019975005
161,10,total_lmp_da,0.23689227
161,11,system_energy_price_da,0.46805534
161,12,system_energy_price_rt,0.13682361
161,13,marginal_loss_price_da,0.23685251
161,14,total_pjm_reg_purchases,0.145987
161,15,da_as_mcp_synchronized_reserve,0.20212232
161,16,da_as_mcp_primary_reserve,0.045845248
161,17,da_as_as_req_mw_synchronized_reserve,0.1669714
161,18,da_as_as_req_mw_thirty_minutes_reserve,0.13412258
161,19,da_as_as_mw_primary_reserve,0.12640572
161,20,da_as_as_req_mw_primary_reserve,0.02033572
161,21,da_as_total_mw_primary_reserve,2.9857809e-05
161,22,congestion_price_rt,0.11106201
161,23,congestion_price_da,0.13306688
161,24,rmccp,0.05079811
161,25,net_inadv_interchange_mw,0.08104964
161,26,da_as_as_mw_thirty_minutes_reserve,0.26339993
161,27,da_as_total_mw_thirty_minutes_reserve,0.09446706
161,28,total_pjm_self_sched_reg,0.0952746
161,29,net_sched_interchange_mw,0.16061485
161,30,net_actual_interchange_mw,0.10028286
161,31,total_pjm_assigned_reg,0.14330317
161,32,da_as_ss_mw_primary_reserve,0.021570465
161,33,da_as_ss_mw_synchronized_reserve,0.016144799
161,34,da_as_ss_mw_thirty_minutes_reserve,0.18296918
161,35,da_as_as_mw_synchronized_reserve,0.07933221
161,36,total_pjm_rmpcp_cr,0.092919886
161,37,rmpcp,0.0711945
162,1,gross_inadv_interchange_mw,0.1417877
162,2,total_losses,0.32833165
162,3,total_pjm_loc_credit,0.058202446
162,4,da_as_nsr_mw_primary_reserve,0.10260008
162,5,marginal_loss_price_rt,0.10132388
162,6,total_pjm_rmccp_cr,0.0008010588
162,7,gross_actual_interchange_mw,0.15096962
162,8,gross_sched_interchange_mw,0.15049602
162,9,total_lmp_rt,0.016979124
162,10,total_lmp_da,0.23540749
162,11,system_energy_price_da,0.4646313
162,12,system_energy_price_rt,0.13655989
162,13,marginal_loss_price_da,0.23491031
162,14,total_pjm_reg_purchases,0.1427472
162,15,da_as_mcp_synchronized_reserve,0.20091821
162,16,da_as_mcp_primary_reserve,0.04392354
162,17,da_as_as_req_mw_synchronized_reserve,0.166499
162,18,da_as_as_req_mw_thirty_minutes_reserve,0.13378869
162,19,da_as_as_mw_primary_reserve,0.12578294
162,20,da_as_as_req_mw_primary_reserve,0.01973822
162,21,da_as_total_mw_primary_reserve,0.0034532142
162,22,congestion_price_rt,0.11043188
162,23,congestion_price_da,0.13532065
162,24,rmccp,0.05120352
162,25,net_inadv_interchange_mw,0.08191914
162,26,da_as_as_mw_thirty_minutes_reserve,0.26098788
162,27,da_as_total_mw_thirty_minutes_reserve,0.09257705
162,28,total_pjm_self_sched_reg,0.096243314
162,29,net_sched_interchange_mw,0.15832572
162,30,net_actual_interchange_mw,0.10007981
162,31,total_pjm_assigned_reg,0.14605403
162,32,da_as_ss_mw_primary_reserve,0.019588228
162,33,da_as_ss_mw_synchronized_reserve,0.0124101825
162,34,da_as_ss_mw_thirty_minutes_reserve,0.18057036
162,35,da_as_as_mw_synchronized_reserve,0.077883504
162,36,total_pjm_rmpcp_cr,0.0937131
162,37,rmpcp,0.070196986
163,1,gross_inadv_interchange_mw,0.14274748
163,2,total_losses,0.32495788
163,3,total_pjm_loc_credit,0.059108805
163,4,da_as_nsr_mw_primary_reserve,0.10008818
163,5,marginal_loss_price_rt,0.09933026
163,6,total_pjm_rmccp_cr,-0.00093781896
163,7,gross_actual_interchange_mw,0.14983496
163,8,gross_sched_interchange_mw,0.1441501
163,9,total_lmp_rt,0.021764142
163,10,total_lmp_da,0.23352104
163,11,system_energy_price_da,0.4639863
163,12,system_energy_price_rt,0.14024627
163,13,marginal_loss_price_da,0.230572
163,14,total_pjm_reg_purchases,0.14309584
163,15,da_as_mcp_synchronized_reserve,0.20211507
163,16,da_as_mcp_primary_reserve,0.044680722
163,17,da_as_as_req_mw_synchronized_reserve,0.16601525
163,18,da_as_as_req_mw_thirty_minutes_reserve,0.13449988
163,19,da_as_as_mw_primary_reserve,0.12542845
163,20,da_as_as_req_mw_primary_reserve,0.01877445
163,21,da_as_total_mw_primary_reserve,0.005224693
163,22,congestion_price_rt,0.10694805
163,23,congestion_price_da,0.13448615
163,24,rmccp,0.04974553
163,25,net_inadv_interchange_mw,0.08037813
163,26,da_as_as_mw_thirty_minutes_reserve,0.25734657
163,27,da_as_total_mw_thirty_minutes_reserve,0.08924223
163,28,total_pjm_self_sched_reg,0.093811974
163,29,net_sched_interchange_mw,0.1593924
163,30,net_actual_interchange_mw,0.100455806
163,31,total_pjm_assigned_reg,0.14161088
163,32,da_as_ss_mw_primary_reserve,0.01780942
163,33,da_as_ss_mw_synchronized_reserve,0.014514902
163,34,da_as_ss_mw_thirty_minutes_reserve,0.18097898
163,35,da_as_as_mw_synchronized_reserve,0.0785838
163,36,total_pjm_rmpcp_cr,0.09080082
163,37,rmpcp,0.07239512
164,1,gross_inadv_interchange_mw,0.14087994
164,2,total_losses,0.32455245
164,3,total_pjm_loc_credit,0.056963228
164,4,da_as_nsr_mw_primary_reserve,0.09691252
164,5,marginal_loss_price_rt,0.0960375
164,6,total_pjm_rmccp_cr,0.0007132094
164,7,gross_actual_interchange_mw,0.15081257
164,8,gross_sched_interchange_mw,0.14468458
164,9,total_lmp_rt,0.018704217
164,10,total_lmp_da,0.23031227
164,11,system_energy_price_da,0.46023065
164,12,system_energy_price_rt,0.1366987
164,13,marginal_loss_price_da,0.23228538
164,14,total_pjm_reg_purchases,0.14017852
164,15,da_as_mcp_synchronized_reserve,0.19996178
164,16,da_as_mcp_primary_reserve,0.041153993
164,17,da_as_as_req_mw_synchronized_reserve,0.16597065
164,18,da_as_as_req_mw_thirty_minutes_reserve,0.13321406
164,19,da_as_as_mw_primary_reserve,0.12215935
164,20,da_as_as_req_mw_primary_reserve,0.01829295
164,21,da_as_total_mw_primary_reserve,-0.0010779393
164,22,congestion_price_rt,0.109179825
164,23,congestion_price_da,0.13387634
164,24,rmccp,0.05123059
164,25,net_inadv_interchange_mw,0.081949845
164,26,da_as_as_mw_thirty_minutes_reserve,0.2580258
164,27,da_as_total_mw_thirty_minutes_reserve,0.092910364
164,28,total_pjm_self_sched_reg,0.09625825
164,29,net_sched_interchange_mw,0.15661511
164,30,net_actual_interchange_mw,0.09960291
164,31,total_pjm_assigned_reg,0.14106736
164,32,da_as_ss_mw_primary_reserve,0.020902518
164,33,da_as_ss_mw_synchronized_reserve,0.014976443
164,34,da_as_ss_mw_thirty_minutes_reserve,0.17977826
164,35,da_as_as_mw_synchronized_reserve,0.075991385
164,36,total_pjm_rmpcp_cr,0.09408385
164,37,rmpcp,0.07171176
165,1,gross_inadv_interchange_mw,0.14204116
165,2,total_losses,0.32027462
165,3,total_pjm_loc_credit,0.0564892
165,4,da_as_nsr_mw_primary_reserve,0.10175864
165,5,marginal_loss_price_rt,0.099877335
165,6,total_pjm_rmccp_cr,-9.237042e-05
165,7,gross_actual_interchange_mw,0.15212838
165,8,gross_sched_interchange_mw,0.14204621
165,9,total_lmp_rt,0.019966057
165,10,total_lmp_da,0.22709106
165,11,system_energy_price_da,0.45868343
165,12,system_energy_price_rt,0.13658828
165,13,marginal_loss_price_da,0.22793418
165,14,total_pjm_reg_purchases,0.14295754
165,15,da_as_mcp_synchronized_reserve,0.19885634
165,16,da_as_mcp_primary_reserve,0.04440673
165,17,da_as_as_req_mw_synchronized_reserve,0.16466658
165,18,da_as_as_req_mw_thirty_minutes_reserve,0.13225059
165,19,da_as_as_mw_primary_reserve,0.123258345
165,20,da_as_as_req_mw_primary_reserve,0.015160682
165,21,da_as_total_mw_primary_reserve,0.0004399515
165,22,congestion_price_rt,0.10661152
165,23,congestion_price_da,0.1310844
165,24,rmccp,0.048268702
165,25,net_inadv_interchange_mw,0.07751567
165,26,da_as_as_mw_thirty_minutes_reserve,0.2576629
165,27,da_as_total_mw_thirty_minutes_reserve,0.09166223
165,28,total_pjm_self_sched_reg,0.09524358
165,29,net_sched_interchange_mw,0.15746589
165,30,net_actual_interchange_mw,0.09792963
165,31,total_pjm_assigned_reg,0.1391347
165,32,da_as_ss_mw_primary_reserve,0.018294929
165,33,da_as_ss_mw_synchronized_reserve,0.014376714
165,34,da_as_ss_mw_thirty_minutes_reserve,0.18141706
165,35,da_as_as_mw_synchronized_reserve,0.076379694
165,36,total_pjm_rmpcp_cr,0.093792394
165,37,rmpcp,0.06869844
166,1,gross_inadv_interchange_mw,0.14045145
166,2,total_losses,0.32175747
166,3,total_pjm_loc_credit,0.052773412
166,4,da_as_nsr_mw_primary_reserve,0.09380384
166,5,marginal_loss_price_rt,0.101823024
166,6,total_pjm_rmccp_cr,-0.0004282652
166,7,gross_actual_interchange_mw,0.14810881
166,8,gross_sched_interchange_mw,0.14399709
166,9,total_lmp_rt,0.01648812
166,10,total_lmp_da,0.22376594
166,11,system_energy_price_da,0.45684913
166,12,system_energy_price_rt,0.13654558
166,13,marginal_loss_price_da,0.22613496
166,14,total_pjm_reg_purchases,0.13943017
166,15,da_as_mcp_synchronized_reserve,0.19723278
166,16,da_as_mcp_primary_reserve,0.04346616
166,17,da_as_as_req_mw_synchronized_reserve,0.1620868
166,18,da_as_as_req_mw_thirty_minutes_reserve,0.13088183
166,19,da_as_as_mw_primary_reserve,0.12256183
166,20,da_as_as_req_mw_primary_reserve,0.016865784
166,21,da_as_total_mw_primary_reserve,0.00088494044
166,22,congestion_price_rt,0.10480258
166,23,congestion_price_da,0.12654427
166,24,rmccp,0.05241115
166,25,net_inadv_interchange_mw,0.08226868
166,26,da_as_as_mw_thirty_minutes_reserve,0.25912347
166,27,da_as_total_mw_thirty_minutes_reserve,0.09243157
166,28,total_pjm_self_sched_reg,0.09531663
166,29,net_sched_interchange_mw,0.15460904
166,30,net_actual_interchange_mw,0.09540062
166,31,total_pjm_assigned_reg,0.1363012
166,32,da_as_ss_mw_primary_reserve,0.017532667
166,33,da_as_ss_mw_synchronized_reserve,0.012366034
166,34,da_as_ss_mw_thirty_minutes_reserve,0.17877491
166,35,da_as_as_mw_synchronized_reserve,0.07186397
166,36,total_pjm_rmpcp_cr,0.089261845
166,37,rmpcp,0.06837983
167,1,gross_inadv_interchange_mw,0.13788155
167,2,total_losses,0.31837258
167,3,total_pjm_loc_credit,0.050852086
167,4,da_as_nsr_mw_primary_reserve,0.09354992
167,5,marginal_loss_price_rt,0.09755778
167,6,total_pjm_rmccp_cr,0.00095734175
167,7,gross_actual_interchange_mw,0.14830413
167,8,gross_sched_interchange_mw,0.14255372
167,9,total_lmp_rt,0.016547156
167,10,total_lmp_da,0.22440913
167,11,system_energy_price_da,0.45468625
167,12,system_energy_price_rt,0.13529712
167,13,marginal_loss_price_da,0.22444901
167,14,total_pjm_reg_purchases,0.14140828
167,15,da_as_mcp_synchronized_reserve,0.1950033
167,16,da_as_mcp_primary_reserve,0.044788815
167,17,da_as_as_req_mw_synchronized_reserve,0.16321586
167,18,da_as_as_req_mw_thirty_minutes_reserve,0.13071889
167,19,da_as_as_mw_primary_reserve,0.12073385
167,20,da_as_as_req_mw_primary_reserve,0.018154865
167,21,da_as_total_mw_primary_reserve,0.0015256879
167,22,congestion_price_rt,0.10216834
167,23,congestion_price_da,0.13143256
167,24,rmccp,0.04999103
167,25,net_inadv_interchange_mw,0.07742851
167,26,da_as_as_mw_thirty_minutes_reserve,0.25657824
167,27,da_as_total_mw_thirty_minutes_reserve,0.089358605
167,28,total_pjm_self_sched_reg,0.0950475
167,29,net_sched_interchange_mw,0.15505053
167,30,net_actual_interchange_mw,0.09776931
167,31,total_pjm_assigned_reg,0.1391207
167,32,da_as_ss_mw_primary_reserve,0.017324563
167,33,da_as_ss_mw_synchronized_reserve,0.011790662
167,34,da_as_ss_mw_thirty_minutes_reserve,0.17915593
167,35,da_as_as_mw_synchronized_reserve,0.074723095
167,36,total_pjm_rmpcp_cr,0.08859891
167,37,rmpcp,0.067453906
168,1,gross_inadv_interchange_mw,0.13920458
168,2,total_losses,0.3174121
168,3,total_pjm_loc_credit,0.051357735
168,4,da_as_nsr_mw_primary_reserve,0.09883276
168,5,marginal_loss_price_rt,0.09928804
168,6,total_pjm_rmccp_cr,-0.0008677709
168,7,gross_actual_interchange_mw,0.14454156
168,8,gross_sched_interchange_mw,0.14265354
168,9,total_lmp_rt,0.017508863
168,10,total_lmp_da,0.22091715
168,11,system_energy_price_da,0.45328858
168,12,system_energy_price_rt,0.13677607
168,13,marginal_loss_price_da,0.22217636
168,14,total_pjm_reg_purchases,0.13679363
168,15,da_as_mcp_synchronized_reserve,0.1915853
168,16,da_as_mcp_primary_reserve,0.04172002
168,17,da_as_as_req_mw_synchronized_reserve,0.16091996
168,18,da_as_as_req_mw_thirty_minutes_reserve,0.12916616
168,19,da_as_as_mw_primary_reserve,0.12455236
168,20,da_as_as_req_mw_primary_reserve,0.015835876
168,21,da_as_total_mw_primary_reserve,0.0007564947
168,22,congestion_price_rt,0.10707293
168,23,congestion_price_da,0.12887774
168,24,rmccp,0.04941456
168,25,net_inadv_interchange_mw,0.07774154
168,26,da_as_as_mw_thirty_minutes_reserve,0.2522741
168,27,da_as_total_mw_thirty_minutes_reserve,0.086680785
168,28,total_pjm_self_sched_reg,0.096894324
168,29,net_sched_interchange_mw,0.15487896
168,30,net_actual_interchange_mw,0.09572104
168,31,total_pjm_assigned_reg,0.13789627
168,32,da_as_ss_mw_primary_reserve,0.016422886
168,33,da_as_ss_mw_synchronized_reserve,0.013015347
168,34,da_as_ss_mw_thirty_minutes_reserve,0.1804073
168,35,da_as_as_mw_synchronized_reserve,0.074360766
168,36,total_pjm_rmpcp_cr,0.089757435
168,37,rmpcp,0.067141436
169,1,gross_inadv_interchange_mw,0.13656372
169,2,total_losses,0.31345364
169,3,total_pjm_loc_credit,0.053409155
169,4,da_as_nsr_mw_primary_reserve,0.09398021
169,5,marginal_loss_price_rt,0.10115641
169,6,total_pjm_rmccp_cr,-0.0040543587
169,7,gross_actual_interchange_mw,0.14510329
169,8,gross_sched_interchange_mw,0.14019252
169,9,total_lmp_rt,0.016938278
169,10,total_lmp_da,0.21757056
169,11,system_energy_price_da,0.4510131
169,12,system_energy_price_rt,0.13344443
169,13,marginal_loss_price_da,0.22502162
169,14,total_pjm_reg_purchases,0.133485
169,15,da_as_mcp_synchronized_reserve,0.19070932
169,16,da_as_mcp_primary_reserve,0.04396678
169,17,da_as_as_req_mw_synchronized_reserve,0.15961328
169,18,da_as_as_req_mw_thirty_minutes_reserve,0.12656057
169,19,da_as_as_mw_primary_reserve,0.11810683
169,20,da_as_as_req_mw_primary_reserve,0.014179537
169,21,da_as_total_mw_primary_reserve,0.00012616752
169,22,congestion_price_rt,0.100524366
169,23,congestion_price_da,0.13189432
169,24,rmccp,0.05237485
169,25,net_inadv_interchange_mw,0.07744614
169,26,da_as_as_mw_thirty_minutes_reserve,0.25644645
169,27,da_as_total_mw_thirty_minutes_reserve,0.08827506
169,28,total_pjm_self_sched_reg,0.09725049
169,29,net_sched_interchange_mw,0.152572
169,30,net_actual_interchange_mw,0.09319812
169,31,total_pjm_assigned_reg,0.13434653
169,32,da_as_ss_mw_primary_reserve,0.014543276
169,33,da_as_ss_mw_synchronized_reserve,0.011743265
169,34,da_as_ss_mw_thirty_minutes_reserve,0.17540783
169,35,da_as_as_mw_synchronized_reserve,0.07764719
169,36,total_pjm_rmpcp_cr,0.09049654
169,37,rmpcp,0.06927417
170,1,gross_inadv_interchange_mw,0.13783367
170,2,total_losses,0.31262055
170,3,total_pjm_loc_credit,0.051964417
170,4,da_as_nsr_mw_primary_reserve,0.09387429
170,5,marginal_loss_price_rt,0.101071686
170,6,total_pjm_rmccp_cr,0.005344157
170,7,gross_actual_interchange_mw,0.14752996
170,8,gross_sched_interchange_mw,0.13944304
170,9,total_lmp_rt,0.016043035
170,10,total_lmp_da,0.21585967
170,11,system_energy_price_da,0.4495577
170,12,system_energy_price_rt,0.1325743
170,13,marginal_loss_price_da,0.22307928
170,14,total_pjm_reg_purchases,0.13421586
170,15,da_as_mcp_synchronized_reserve,0.18772055
170,16,da_as_mcp_primary_reserve,0.039588273
170,17,da_as_as_req_mw_synchronized_reserve,0.15987302
170,18,da_as_as_req_mw_thirty_minutes_reserve,0.1293072
170,19,da_as_as_mw_primary_reserve,0.118014246
170,20,da_as_as_req_mw_primary_reserve,0.014829277
170,21,da_as_total_mw_primary_reserve,-0.0015918752
170,22,congestion_price_rt,0.10408679
170,23,congestion_price_da,0.12320183
170,24,rmccp,0.050401505
170,25,net_inadv_interchange_mw,0.07643174
170,26,da_as_as_mw_thirty_minutes_reserve,0.2558748
170,27,da_as_total_mw_thirty_minutes_reserve,0.08811908
170,28,total_pjm_self_sched_reg,0.09301595
170,29,net_sched_interchange_mw,0.14871243
170,30,net_actual_interchange_mw,0.09068529
170,31,total_pjm_assigned_reg,0.13468276
170,32,da_as_ss_mw_primary_reserve,0.013187601
170,33,da_as_ss_mw_synchronized_reserve,0.00971007
170,34,da_as_ss_mw_thirty_minutes_reserve,0.17658477
170,35,da_as_as_mw_synchronized_reserve,0.07612896
170,36,total_pjm_rmpcp_cr,0.08951332
170,37,rmpcp,0.06990147
171,1,gross_inadv_interchange_mw,0.13306534
171,2,total_losses,0.31044346
171,3,total_pjm_loc_credit,0.055435784
171,4,da_as_nsr_mw_primary_reserve,0.09099423
171,5,marginal_loss_price_rt,0.097354405
171,6,total_pjm_rmccp_cr,0.0003604735
171,7,gross_actual_interchange_mw,0.14119768
171,8,gross_sched_interchange_mw,0.13913898
171,9,total_lmp_rt,0.017641572
171,10,total_lmp_da,0.20994009
171,11,system_energy_price_da,0.44626108
171,12,system_energy_price_rt,0.13607916
171,13,marginal_loss_price_da,0.21936582
171,14,total_pjm_reg_purchases,0.1353344
171,15,da_as_mcp_synchronized_reserve,0.18826246
171,16,da_as_mcp_primary_reserve,0.043600656
171,17,da_as_as_req_mw_synchronized_reserve,0.157278
171,18,da_as_as_req_mw_thirty_minutes_reserve,0.12710884
171,19,da_as_as_mw_primary_reserve,0.11600373
171,20,da_as_as_req_mw_primary_reserve,0.012013267
171,21,da_as_total_mw_primary_reserve,2.5700578e-05
171,22,congestion_price_rt,0.105949
171,23,congestion_price_da,0.122821875
171,24,rmccp,0.051791243
171,25,net_inadv_interchange_mw,0.07726551
171,26,da_as_as_mw_thirty_minutes_reserve,0.2533478
171,27,da_as_total_mw_thirty_minutes_reserve,0.08568134
171,28,total_pjm_self_sched_reg,0.09217459
171,29,net_sched_interchange_mw,0.15161371
171,30,net_actual_interchange_mw,0.09521062
171,31,total_pjm_assigned_reg,0.13245523
171,32,da_as_ss_mw_primary_reserve,0.017040202
171,33,da_as_ss_mw_synchronized_reserve,0.012084565
171,34,da_as_ss_mw_thirty_minutes_reserve,0.17587137
171,35,da_as_as_mw_synchronized_reserve,0.0739939
171,36,total_pjm_rmpcp_cr,0.08956273
171,37,rmpcp,0.07105797
172,1,gross_inadv_interchange_mw,0.13449694
172,2,total_losses,0.31037086
172,3,total_pjm_loc_credit,0.053819913
172,4,da_as_nsr_mw_primary_reserve,0.08844563
172,5,marginal_loss_price_rt,0.09505828
172,6,total_pjm_rmccp_cr,0.00066300394
172,7,gross_actual_interchange_mw,0.14402772
172,8,gross_sched_interchange_mw,0.13993262
172,9,total_lmp_rt,0.016841048
172,10,total_lmp_da,0.20824143
172,11,system_energy_price_da,0.4440859
172,12,system_energy_price_rt,0.13492648
172,13,marginal_loss_price_da,0.21958274
172,14,total_pjm_reg_purchases,0.13575399
172,15,da_as_mcp_synchronized_reserve,0.18706512
172,16,da_as_mcp_primary_reserve,0.04205634
172,17,da_as_as_req_mw_synchronized_reserve,0.1597759
172,18,da_as_as_req_mw_thirty_minutes_reserve,0.12855922
172,19,da_as_as_mw_primary_reserve,0.1169434
172,20,da_as_as_req_mw_primary_reserve,0.014966513
172,21,da_as_total_mw_primary_reserve,0.0010603156
172,22,congestion_price_rt,0.102479994
172,23,congestion_price_da,0.12615465
172,24,rmccp,0.053601313
172,25,net_inadv_interchange_mw,0.07581855
172,26,da_as_as_mw_thirty_minutes_reserve,0.25007498
172,27,da_as_total_mw_thirty_minutes_reserve,0.0825702
172,28,total_pjm_self_sched_reg,0.09301163
172,29,net_sched_interchange_mw,0.15185995
172,30,net_actual_interchange_mw,0.09237044
172,31,total_pjm_assigned_reg,0.13617636
172,32,da_as_ss_mw_primary_reserve,0.01675609
172,33,da_as_ss_mw_synchronized_reserve,0.011642148
172,34,da_as_ss_mw_thirty_minutes_reserve,0.17544082
172,35,da_as_as_mw_synchronized_reserve,0.074150644
172,36,total_pjm_rmpcp_cr,0.089732595
172,37,rmpcp,0.06598796
173,1,gross_inadv_interchange_mw,0.13469265
173,2,total_losses,0.30578244
173,3,total_pjm_loc_credit,0.055286903
173,4,da_as_nsr_mw_primary_reserve,0.08968898
173,5,marginal_loss_price_rt,0.09849319
173,6,total_pjm_rmccp_cr,-0.0038647305
173,7,gross_actual_interchange_mw,0.14367409
173,8,gross_sched_interchange_mw,0.13672884
173,9,total_lmp_rt,0.01524567
173,10,total_lmp_da,0.20699811
173,11,system_energy_price_da,0.44303897
173,12,system_energy_price_rt,0.13158892
173,13,marginal_loss_price_da,0.21801136
173,14,total_pjm_reg_purchases,0.13467447
173,15,da_as_mcp_synchronized_reserve,0.18503188
173,16,da_as_mcp_primary_reserve,0.046526972
173,17,da_as_as_req_mw_synchronized_reserve,0.15654567
173,18,da_as_as_req_mw_thirty_minutes_reserve,0.12975313
173,19,da_as_as_mw_primary_reserve,0.11520154
173,20,da_as_as_req_mw_primary_reserve,0.010825441
173,21,da_as_total_mw_primary_reserve,0.00025279948
173,22,congestion_price_rt,0.10103989
173,23,congestion_price_da,0.12417689
173,24,rmccp,0.04825257
173,25,net_inadv_interchange_mw,0.07405511
173,26,da_as_as_mw_thirty_minutes_reserve,0.24780837
173,27,da_as_total_mw_thirty_minutes_reserve,0.08101222
173,28,total_pjm_self_sched_reg,0.09231853
173,29,net_sched_interchange_mw,0.15136266
173,30,net_actual_interchange_mw,0.093006104
173,31,total_pjm_assigned_reg,0.13327424
173,32,da_as_ss_mw_primary_reserve,0.015756767
173,33,da_as_ss_mw_synchronized_reserve,0.010398461
173,34,da_as_ss_mw_thirty_minutes_reserve,0.17469232
173,35,da_as_as_mw_synchronized_reserve,0.072248265
173,36,total_pjm_rmpcp_cr,0.090586744
173,37,rmpcp,0.069838375
174,1,gross_inadv_interchange_mw,0.13571016
174,2,total_losses,0.3062042
174,3,total_pjm_loc_credit,0.052006137
174,4,da_as_nsr_mw_primary_reserve,0.09119099
174,5,marginal_loss_price_rt,0.096364275
174,6,total_pjm_rmccp_cr,0.008614928
174,7,gross_actual_interchange_mw,0.13984093
174,8,gross_sched_interchange_mw,0.13774134
174,9,total_lmp_rt,0.0160824
174,10,total_lmp_da,0.20518436
174,11,system_energy_price_da,0.44071245
174,12,system_energy_price_rt,0.13236283
174,13,marginal_loss_price_da,0.21809421
174,14,total_pjm_reg_purchases,0.13441643
174,15,da_as_mcp_synchronized_reserve,0.18442047
174,16,da_as_mcp_primary_reserve,0.04489759
174,17,da_as_as_req_mw_synchronized_reserve,0.15491411
174,18,da_as_as_req_mw_thirty_minutes_reserve,0.12516384
174,19,da_as_as_mw_primary_reserve,0.11722725
174,20,da_as_as_req_mw_primary_reserve,0.010733064
174,21,da_as_total_mw_primary_reserve,0.002570723
174,22,congestion_price_rt,0.101116955
174,23,congestion_price_da,0.12408884
174,24,rmccp,0.04714366
174,25,net_inadv_interchange_mw,0.07238065
174,26,da_as_as_mw_thirty_minutes_reserve,0.2480656
174,27,da_as_total_mw_thirty_minutes_reserve,0.081117675
174,28,total_pjm_self_sched_reg,0.09102178
174,29,net_sched_interchange_mw,0.14936556
174,30,net_actual_interchange_mw,0.0909573
174,31,total_pjm_assigned_reg,0.12999222
174,32,da_as_ss_mw_primary_reserve,0.013538585
174,33,da_as_ss_mw_synchronized_reserve,0.0067434977
174,34,da_as_ss_mw_thirty_minutes_reserve,0.17212997
174,35,da_as_as_mw_synchronized_reserve,0.074803255
174,36,total_pjm_rmpcp_cr,0.08847859
174,37,rmpcp,0.06456421
175,1,gross_inadv_interchange_mw,0.1315106
175,2,total_losses,0.30617347
175,3,total_pjm_loc_credit,0.051674787
175,4,da_as_nsr_mw_primary_reserve,0.09043289
175,5,marginal_loss_price_rt,0.094653994
175,6,total_pjm_rmccp_cr,-0.0006163873
175,7,gross_actual_interchange_mw,0.1407192
175,8,gross_sched_interchange_mw,0.13651934
175,9,total_lmp_rt,0.014629304
175,10,total_lmp_da,0.20194598
175,11,system_energy_price_da,0.43738332
175,12,system_energy_price_rt,0.13047175
175,13,marginal_loss_price_da,0.21711534
175,14,total_pjm_reg_purchases,0.13107845
175,15,da_as_mcp_synchronized_reserve,0.18409623
175,16,da_as_mcp_primary_reserve,0.04283105
175,17,da_as_as_req_mw_synchronized_reserve,0.15316585
175,18,da_as_as_req_mw_thirty_minutes_reserve,0.12219001
175,19,da_as_as_mw_primary_reserve,0.11581753
175,20,da_as_as_req_mw_primary_reserve,0.009759251
175,21,da_as_total_mw_primary_reserve,-1.0499094e-05
175,22,congestion_price_rt,0.09978186
175,23,congestion_price_da,0.12510934
175,24,rmccp,0.04470247
175,25,net_inadv_interchange_mw,0.07497002
175,26,da_as_as_mw_thirty_minutes_reserve,0.24901713
175,27,da_as_total_mw_thirty_minutes_reserve,0.08249898
175,28,total_pjm_self_sched_reg,0.09357157
175,29,net_sched_interchange_mw,0.14777598
175,30,net_actual_interchange_mw,0.08728647
175,31,total_pjm_assigned_reg,0.12928538
175,32,da_as_ss_mw_primary_reserve,0.015693719
175,33,da_as_ss_mw_synchronized_reserve,0.012392911
175,34,da_as_ss_mw_thirty_minutes_reserve,0.17563744
175,35,da_as_as_mw_synchronized_reserve,0.07260138
175,36,total_pjm_rmpcp_cr,0.08849903
175,37,rmpcp,0.06566692
176,1,gross_inadv_interchange_mw,0.13418198
176,2,total_losses,0.30290085
176,3,total_pjm_loc_credit,0.05322612
176,4,da_as_nsr_mw_primary_reserve,0.08768546
176,5,marginal_loss_price_rt,0.09848739
176,6,total_pjm_rmccp_cr,0.00036352506
176,7,gross_actual_interchange_mw,0.14028655
176,8,gross_sched_interchange_mw,0.13690965
176,9,total_lmp_rt,0.015190815
176,10,total_lmp_da,0.20115125
176,11,system_energy_price_da,0.43728572
176,12,system_energy_price_rt,0.13081253
176,13,marginal_loss_price_da,0.21543914
176,14,total_pjm_reg_purchases,0.1298716
176,15,da_as_mcp_synchronized_reserve,0.18412723
176,16,da_as_mcp_primary_reserve,0.04340192
176,17,da_as_as_req_mw_synchronized_reserve,0.15526444
176,18,da_as_as_req_mw_thirty_minutes_reserve,0.12520236
176,19,da_as_as_mw_primary_reserve,0.1170526
176,20,da_as_as_req_mw_primary_reserve,0.012327995
176,21,da_as_total_mw_primary_reserve,0.0008672931
176,22,congestion_price_rt,0.09873715
176,23,congestion_price_da,0.12052376
176,24,rmccp,0.049881287
176,25,net_inadv_interchange_mw,0.07462237
176,26,da_as_as_mw_thirty_minutes_reserve,0.2454999
176,27,da_as_total_mw_thirty_minutes_reserve,0.07805802
176,28,total_pjm_self_sched_reg,0.09227565
176,29,net_sched_interchange_mw,0.146252
176,30,net_actual_interchange_mw,0.08891814
176,31,total_pjm_assigned_reg,0.1300059
176,32,da_as_ss_mw_primary_reserve,0.013131272
176,33,da_as_ss_mw_synchronized_reserve,0.005677406
176,34,da_as_ss_mw_thirty_minutes_reserve,0.16969599
176,35,da_as_as_mw_synchronized_reserve,0.07179142
176,36,total_pjm_rmpcp_cr,0.08950269
176,37,rmpcp,0.0665086
177,1,gross_inadv_interchange_mw,0.12813722
177,2,total_losses,0.29657835
177,3,total_pjm_loc_credit,0.049158186
177,4,da_as_nsr_mw_primary_reserve,0.088684075
177,5,marginal_loss_price_rt,0.09432875
177,6,total_pjm_rmccp_cr,0.0015628075
177,7,gross_actual_interchange_mw,0.14294742
177,8,gross_sched_interchange_mw,0.13667649
177,9,total_lmp_rt,0.017578537
177,10,total_lmp_da,0.19781451
177,11,system_energy_price_da,0.4350144
177,12,system_energy_price_rt,0.13351016
177,13,marginal_loss_price_da,0.21282263
177,14,total_pjm_reg_purchases,0.12824473
177,15,da_as_mcp_synchronized_reserve,0.18161048
177,16,da_as_mcp_primary_reserve,0.041375615
177,17,da_as_as_req_mw_synchronized_reserve,0.15387633
177,18,da_as_as_req_mw_thirty_minutes_reserve,0.12373412
177,19,da_as_as_mw_primary_reserve,0.11119466
177,20,da_as_as_req_mw_primary_reserve,0.01099395
177,21,da_as_total_mw_primary_reserve,0.0013137264
177,22,congestion_price_rt,0.09930502
177,23,congestion_price_da,0.12160868
177,24,rmccp,0.04620494
177,25,net_inadv_interchange_mw,0.074289925
177,26,da_as_as_mw_thirty_minutes_reserve,0.24660985
177,27,da_as_total_mw_thirty_minutes_reserve,0.07843795
177,28,total_pjm_self_sched_reg,0.08875379
177,29,net_sched_interchange_mw,0.14958464
177,30,net_actual_interchange_mw,0.08884612
177,31,total_pjm_assigned_reg,0.12916094
177,32,da_as_ss_mw_primary_reserve,0.014448669
177,33,da_as_ss_mw_synchronized_reserve,0.012283758
177,34,da_as_ss_mw_thirty_minutes_reserve,0.17377879
177,35,da_as_as_mw_synchronized_reserve,0.0700664
177,36,total_pjm_rmpcp_cr,0.08728953
177,37,rmpcp,0.068317585
178,1,gross_inadv_interchange_mw,0.13216047
178,2,total_losses,0.29756764
178,3,total_pjm_loc_credit,0.05158073
178,4,da_as_nsr_mw_primary_reserve,0.08817477
178,5,marginal_loss_price_rt,0.09757306
178,6,total_pjm_rmccp_cr,-0.0016175708
178,7,gross_actual_interchange_mw,0.13821638
178,8,gross_sched_interchange_mw,0.13459085
178,9,total_lmp_rt,0.013453309
178,10,total_lmp_da,0.1964621
178,11,system_energy_price_da,0.43277434
178,12,system_energy_price_rt,0.13055974
178,13,marginal_loss_price_da,0.21290857
178,14,total_pjm_reg_purchases,0.1288676
178,15,da_as_mcp_synchronized_reserve,0.17804769
178,16,da_as_mcp_primary_reserve,0.040885746
178,17,da_as_as_req_mw_synchronized_reserve,0.152383
178,18,da_as_as_req_mw_thirty_minutes_reserve,0.12410207
178,19,da_as_as_mw_primary_reserve,0.11450711
178,20,da_as_as_req_mw_primary_reserve,0.010453983
178,21,da_as_total_mw_primary_reserve,0.0021146892
178,22,congestion_price_rt,0.10069792
178,23,congestion_price_da,0.12517846
178,24,rmccp,0.04517843
178,25,net_inadv_interchange_mw,0.07659202
178,26,da_as_as_mw_thirty_minutes_reserve,0.24341641
178,27,da_as_total_mw_thirty_minutes_reserve,0.07786662
178,28,total_pjm_self_sched_reg,0.0912103
178,29,net_sched_interchange_mw,0.14880688
178,30,net_actual_interchange_mw,0.08765258
178,31,total_pjm_assigned_reg,0.12684609
178,32,da_as_ss_mw_primary_reserve,0.013907184
178,33,da_as_ss_mw_synchronized_reserve,0.007724082
178,34,da_as_ss_mw_thirty_minutes_reserve,0.16945973
178,35,da_as_as_mw_synchronized_reserve,0.0771722
178,36,total_pjm_rmpcp_cr,0.083015606
178,37,rmpcp,0.06814828
179,1,gross_inadv_interchange_mw,0.12939835
179,2,total_losses,0.29697523
179,3,total_pjm_loc_credit,0.052258804
179,4,da_as_nsr_mw_primary_reserve,0.08556914
179,5,marginal_loss_price_rt,0.0947715
179,6,total_pjm_rmccp_cr,-0.0012262958
179,7,gross_actual_interchange_mw,0.1365872
179,8,gross_sched_interchange_mw,0.13596937
179,9,total_lmp_rt,0.011835196
179,10,total_lmp_da,0.19212234
179,11,system_energy_price_da,0.4285503
179,12,system_energy_price_rt,0.12795979
179,13,marginal_loss_price_da,0.2107341
179,14,total_pjm_reg_purchases,0.12957497
179,15,da_as_mcp_synchronized_reserve,0.17897208
179,16,da_as_mcp_primary_reserve,0.043608632
179,17,da_as_as_req_mw_synchronized_reserve,0.15137346
179,18,da_as_as_req_mw_thirty_minutes_reserve,0.1229013
179,19,da_as_as_mw_primary_reserve,0.11378716
179,20,da_as_as_req_mw_primary_reserve,0.012236917
179,21,da_as_total_mw_primary_reserve,-0.0009016241
179,22,congestion_price_rt,0.100381404
179,23,congestion_price_da,0.120647475
179,24,rmccp,0.046743456
179,25,net_inadv_interchange_mw,0.07449212
179,26,da_as_as_mw_thirty_minutes_reserve,0.24361263
179,27,da_as_total_mw_thirty_minutes_reserve,0.07760776
179,28,total_pjm_self_sched_reg,0.08939859
179,29,net_sched_interchange_mw,0.1442396
179,30,net_actual_interchange_mw,0.08632659
179,31,total_pjm_assigned_reg,0.12627944
179,32,da_as_ss_mw_primary_reserve,0.013444067
179,33,da_as_ss_mw_synchronized_reserve,0.006984122
179,34,da_as_ss_mw_thirty_minutes_reserve,0.17041525
179,35,da_as_as_mw_synchronized_reserve,0.07351244
179,36,total_pjm_rmpcp_cr,0.08501623
179,37,rmpcp,0.06574398
180,1,gross_inadv_interchange_mw,0.13011219
180,2,total_losses,0.29338676
180,3,total_pjm_loc_credit,0.052763004
180,4,da_as_nsr_mw_primary_reserve,0.08746382
180,5,marginal_loss_price_rt,0.09213732
180,6,total_pjm_rmccp_cr,0.00083745836
180,7,gross_actual_interchange_mw,0.13865347
180,8,gross_sched_interchange_mw,0.13500515
180,9,total_lmp_rt,0.010973991
180,10,total_lmp_da,0.189575
180,11,system_energy_price_da,0.42756343
180,12,system_energy_price_rt,0.12875485
180,13,marginal_loss_price_da,0.2112738
180,14,total_pjm_reg_purchases,0.12885496
180,15,da_as_mcp_synchronized_reserve,0.17969947
180,16,da_as_mcp_primary_reserve,0.04283218
180,17,da_as_as_req_mw_synchronized_reserve,0.15200646
180,18,da_as_as_req_mw_thirty_minutes_reserve,0.12187163
180,19,da_as_as_mw_primary_reserve,0.113751575
180,20,da_as_as_req_mw_primary_reserve,0.01255738
180,21,da_as_total_mw_primary_reserve,-0.0018554929
180,22,congestion_price_rt,0.09915058
180,23,congestion_price_da,0.12123143
180,24,rmccp,0.047723368
180,25,net_inadv_interchange_mw,0.071208514
180,26,da_as_as_mw_thirty_minutes_reserve,0.23949409
180,27,da_as_total_mw_thirty_minutes_reserve,0.07442807
180,28,total_pjm_self_sched_reg,0.08560646
180,29,net_sched_interchange_mw,0.14407657
180,30,net_actual_interchange_mw,0.0856483
180,31,total_pjm_assigned_reg,0.12765308
180,32,da_as_ss_mw_primary_reserve,0.015584625
180,33,da_as_ss_mw_synchronized_reserve,0.0072825127
180,34,da_as_ss_mw_thirty_minutes_reserve,0.1718714
180,35,da_as_as_mw_synchronized_reserve,0.07268983
180,36,total_pjm_rmpcp_cr,0.084287696
180,37,rmpcp,0.06575236
181,1,gross_inadv_interchange_mw,0.13119307
181,2,total_losses,0.29126644
181,3,total_pjm_loc_credit,0.049022518
181,4,da_as_nsr_mw_primary_reserve,0.08503169
181,5,marginal_loss_price_rt,0.09481069
181,6,total_pjm_rmccp_cr,0.0006475908
181,7,gross_actual_interchange_mw,0.13855055
181,8,gross_sched_interchange_mw,0.13571382
181,9,total_lmp_rt,0.013522974
181,10,total_lmp_da,0.18794695
181,11,system_energy_price_da,0.4268718
181,12,system_energy_price_rt,0.12949246
181,13,marginal_loss_price_da,0.2084545
181,14,total_pjm_reg_purchases,0.12793954
181,15,da_as_mcp_synchronized_reserve,0.177023
181,16,da_as_mcp_primary_reserve,0.04250088
181,17,da_as_as_req_mw_synchronized_reserve,0.14908102
181,18,da_as_as_req_mw_thirty_minutes_reserve,0.12187481
181,19,da_as_as_mw_primary_reserve,0.1147864
181,20,da_as_as_req_mw_primary_reserve,0.010892442
181,21,da_as_total_mw_primary_reserve,5.4990727e-05
181,22,congestion_price_rt,0.09681819
181,23,congestion_price_da,0.1204416
181,24,rmccp,0.049196202
181,25,net_inadv_interchange_mw,0.071970336
181,26,da_as_as_mw_thirty_minutes_reserve,0.24063927
181,27,da_as_total_mw_thirty_minutes_reserve,0.076962136
181,28,total_pjm_self_sched_reg,0.08694534
181,29,net_sched_interchange_mw,0.14658065
181,30,net_actual_interchange_mw,0.087335214
181,31,total_pjm_assigned_reg,0.120618105
181,32,da_as_ss_mw_primary_reserve,0.013120439
181,33,da_as_ss_mw_synchronized_reserve,0.009090675
181,34,da_as_ss_mw_thirty_minutes_reserve,0.17199449
181,35,da_as_as_mw_synchronized_reserve,0.07119604
181,36,total_pjm_rmpcp_cr,0.08421758
181,37,rmpcp,0.06378864
182,1,gross_inadv_interchange_mw,0.12803839
182,2,total_losses,0.29030442
182,3,total_pjm_loc_credit,0.05044407
182,4,da_as_nsr_mw_primary_reserve,0.085700765
182,5,marginal_loss_price_rt,0.09200687
182,6,total_pjm_rmccp_cr,0.002277463
182,7,gross_actual_interchange_mw,0.13268548
182,8,gross_sched_interchange_mw,0.13191485
182,9,total_lmp_rt,0.009978268
182,10,total_lmp_da,0.18666156
182,11,system_energy_price_da,0.42408022
182,12,system_energy_price_rt,0.12449502
182,13,marginal_loss_price_da,0.20906812
182,14,total_pjm_reg_purchases,0.12645784
182,15,da_as_mcp_synchronized_reserve,0.17426835
182,16,da_as_mcp_primary_reserve,0.041141227
182,17,da_as_as_req_mw_synchronized_reserve,0.14771464
182,18,da_as_as_req_mw_thirty_minutes_reserve,0.12206523
182,19,da_as_as_mw_primary_reserve,0.11397709
182,20,da_as_as_req_mw_primary_reserve,0.010177975
182,21,da_as_total_mw_primary_reserve,-2.9047114e-05
182,22,congestion_price_rt,0.10014254
182,23,congestion_price_da,0.116364025
182,24,rmccp,0.04847809
182,25,net_inadv_interchange_mw,0.07475549
182,26,da_as_as_mw_thirty_minutes_reserve,0.24089666
182,27,da_as_total_mw_thirty_minutes_reserve,0.07521296
182,28,total_pjm_self_sched_reg,0.08590788
182,29,net_sched_interchange_mw,0.14696667
182,30,net_actual_interchange_mw,0.08558771
182,31,total_pjm_assigned_reg,0.12490776
182,32,da_as_ss_mw_primary_reserve,0.016187338
182,33,da_as_ss_mw_synchronized_reserve,0.009455544
182,34,da_as_ss_mw_thirty_minutes_reserve,0.17183284
182,35,da_as_as_mw_synchronized_reserve,0.06957474
182,36,total_pjm_rmpcp_cr,0.08447833
182,37,rmpcp,0.06101153
183,1,gross_inadv_interchange_mw,0.12992904
183,2,total_losses,0.2894433
183,3,total_pjm_loc_credit,0.055459566
183,4,da_as_nsr_mw_primary_reserve,0.085015975
183,5,marginal_loss_price_rt,0.08968654
183,6,total_pjm_rmccp_cr,0.00014456449
183,7,gross_actual_interchange_mw,0.13504063
183,8,gross_sched_interchange_mw,0.12989762
183,9,total_lmp_rt,0.015760973
183,10,total_lmp_da,0.18479921
183,11,system_energy_price_da,0.42361218
183,12,system_energy_price_rt,0.12965216
183,13,marginal_loss_price_da,0.20477027
183,14,total_pjm_reg_purchases,0.12546016
183,15,da_as_mcp_synchronized_reserve,0.17458943
183,16,da_as_mcp_primary_reserve,0.04321435
183,17,da_as_as_req_mw_synchronized_reserve,0.15140095
183,18,da_as_as_req_mw_thirty_minutes_reserve,0.120936856
183,19,da_as_as_mw_primary_reserve,0.11110067
183,20,da_as_as_req_mw_primary_reserve,0.010567933
183,21,da_as_total_mw_primary_reserve,-0.0026121992
183,22,congestion_price_rt,0.094917156
183,23,congestion_price_da,0.120890915
183,24,rmccp,0.04561267
183,25,net_inadv_interchange_mw,0.07085266
183,26,da_as_as_mw_thirty_minutes_reserve,0.23814645
183,27,da_as_total_mw_thirty_minutes_reserve,0.0738404
183,28,total_pjm_self_sched_reg,0.08795173
183,29,net_sched_interchange_mw,0.14395308
183,30,net_actual_interchange_mw,0.085169695
183,31,total_pjm_assigned_reg,0.12604819
183,32,da_as_ss_mw_primary_reserve,0.012544739
183,33,da_as_ss_mw_synchronized_reserve,0.00741343
183,34,da_as_ss_mw_thirty_minutes_reserve,0.17026772
183,35,da_as_as_mw_synchronized_reserve,0.07067586
183,36,total_pjm_rmpcp_cr,0.08311781
183,37,rmpcp,0.06345429
184,1,gross_inadv_interchange_mw,0.12653942
184,2,total_losses,0.29093498
184,3,total_pjm_loc_credit,0.050312966
184,4,da_as_nsr_mw_primary_reserve,0.086398594
184,5,marginal_loss_price_rt,0.09421607
184,6,total_pjm_rmccp_cr,0.0009994789
184,7,gross_actual_interchange_mw,0.13364865
184,8,gross_sched_interchange_mw,0.13162419
184,9,total_lmp_rt,0.011736528
184,10,total_lmp_da,0.1816276
184,11,system_energy_price_da,0.42057028
184,12,system_energy_price_rt,0.12538421
184,13,marginal_loss_price_da,0.20398541
184,14,total_pjm_reg_purchases,0.12621535
184,15,da_as_mcp_synchronized_reserve,0.16978425
184,16,da_as_mcp_primary_reserve,0.040866382
184,17,da_as_as_req_mw_synchronized_reserve,0.15074669
184,18,da_as_as_req_mw_thirty_minutes_reserve,0.1202634
184,19,da_as_as_mw_primary_reserve,0.11283826
184,20,da_as_as_req_mw_primary_reserve,0.011048957
184,21,da_as_total_mw_primary_reserve,-0.0006245697
184,22,congestion_price_rt,0.096937716
184,23,congestion_price_da,0.118039876
184,24,rmccp,0.045297906
184,25,net_inadv_interchange_mw,0.07021533
184,26,da_as_as_mw_thirty_minutes_reserve,0.23896655
184,27,da_as_total_mw_thirty_minutes_reserve,0.07296692
184,28,total_pjm_self_sched_reg,0.08755756
184,29,net_sched_interchange_mw,0.14263524
184,30,net_actual_interchange_mw,0.08317338
184,31,total_pjm_assigned_reg,0.12370827
184,32,da_as_ss_mw_primary_reserve,0.012135739
184,33,da_as_ss_mw_synchronized_reserve,0.0070744515
184,34,da_as_ss_mw_thirty_minutes_reserve,0.16914107
184,35,da_as_as_mw_synchronized_reserve,0.07144623
184,36,total_pjm_rmpcp_cr,0.07954756
184,37,rmpcp,0.062184326
185,1,gross_inadv_interchange_mw,0.12506402
185,2,total_losses,0.28607526
185,3,total_pjm_loc_credit,0.05464945
185,4,da_as_nsr_mw_primary_reserve,0.086729705
185,5,marginal_loss_price_rt,0.09102538
185,6,total_pjm_rmccp_cr,-0.0028541747
185,7,gross_actual_interchange_mw,0.13433985
185,8,gross_sched_interchange_mw,0.129017
185,9,total_lmp_rt,0.014172673
185,10,total_lmp_da,0.18107592
185,11,system_energy_price_da,0.41955292
185,12,system_energy_price_rt,0.1263954
185,13,marginal_loss_price_da,0.20223537
185,14,total_pjm_reg_purchases,0.124110155
185,15,da_as_mcp_synchronized_reserve,0.17094438
185,16,da_as_mcp_primary_reserve,0.040422685
185,17,da_as_as_req_mw_synchronized_reserve,0.1489351
185,18,da_as_as_req_mw_thirty_minutes_reserve,0.119820975
185,19,da_as_as_mw_primary_reserve,0.109335944
185,20,da_as_as_req_mw_primary_reserve,0.00859619
185,21,da_as_total_mw_primary_reserve,-0.00032681902
185,22,congestion_price_rt,0.098563686
185,23,congestion_price_da,0.12013266
185,24,rmccp,0.04757403
185,25,net_inadv_interchange_mw,0.071822636
185,26,da_as_as_mw_thirty_minutes_reserve,0.23639274
185,27,da_as_total_mw_thirty_minutes_reserve,0.071968265
185,28,total_pjm_self_sched_reg,0.085580215
185,29,net_sched_interchange_mw,0.1456593
185,30,net_actual_interchange_mw,0.08650885
185,31,total_pjm_assigned_reg,0.122054376
185,32,da_as_ss_mw_primary_reserve,0.010373249
185,33,da_as_ss_mw_synchronized_reserve,0.004509296
185,34,da_as_ss_mw_thirty_minutes_reserve,0.16767551
185,35,da_as_as_mw_synchronized_reserve,0.074046455
185,36,total_pjm_rmpcp_cr,0.08745659
185,37,rmpcp,0.060693495
186,1,gross_inadv_interchange_mw,0.12376462
186,2,total_losses,0.2856239
186,3,total_pjm_loc_credit,0.047705993
186,4,da_as_nsr_mw_primary_reserve,0.084345065
186,5,marginal_loss_price_rt,0.093147494
186,6,total_pjm_rmccp_cr,0.0011281671
186,7,gross_actual_interchange_mw,0.13572018
186,8,gross_sched_interchange_mw,0.1301766
186,9,total_lmp_rt,0.012185989
186,10,total_lmp_da,0.17760499
186,11,system_energy_price_da,0.41757464
186,12,system_energy_price_rt,0.12564948
186,13,marginal_loss_price_da,0.20382169
186,14,total_pjm_reg_purchases,0.1251169
186,15,da_as_mcp_synchronized_reserve,0.17082712
186,16,da_as_mcp_primary_reserve,0.042760454
186,17,da_as_as_req_mw_synchronized_reserve,0.14550033
186,18,da_as_as_req_mw_thirty_minutes_reserve,0.11662364
186,19,da_as_as_mw_primary_reserve,0.114359386
186,20,da_as_as_req_mw_primary_reserve,0.0071063694
186,21,da_as_total_mw_primary_reserve,0.006460448
186,22,congestion_price_rt,0.0960426
186,23,congestion_price_da,0.12012419
186,24,rmccp,0.049823068
186,25,net_inadv_interchange_mw,0.07164907
186,26,da_as_as_mw_thirty_minutes_reserve,0.23585568
186,27,da_as_total_mw_thirty_minutes_reserve,0.072643116
186,28,total_pjm_self_sched_reg,0.08314808
186,29,net_sched_interchange_mw,0.14268044
186,30,net_actual_interchange_mw,0.08435592
186,31,total_pjm_assigned_reg,0.12227113
186,32,da_as_ss_mw_primary_reserve,0.012909275
186,33,da_as_ss_mw_synchronized_reserve,0.0054953108
186,34,da_as_ss_mw_thirty_minutes_reserve,0.16685385
186,35,da_as_as_mw_synchronized_reserve,0.06878665
186,36,total_pjm_rmpcp_cr,0.0809837
186,37,rmpcp,0.06004473
187,1,gross_inadv_interchange_mw,0.12497468
187,2,total_losses,0.28500456
187,3,total_pjm_loc_credit,0.047280308
187,4,da_as_nsr_mw_primary_reserve,0.08410257
187,5,marginal_loss_price_rt,0.0908883
187,6,total_pjm_rmccp_cr,-0.0035979874
187,7,gross_actual_interchange_mw,0.13363166
187,8,gross_sched_interchange_mw,0.1316963
187,9,total_lmp_rt,0.015092103
187,10,total_lmp_da,0.17572919
187,11,system_energy_price_da,0.4157416
187,12,system_energy_price_rt,0.1266361
187,13,marginal_loss_price_da,0.20254755
187,14,total_pjm_reg_purchases,0.121231854
187,15,da_as_mcp_synchronized_reserve,0.16948174
187,16,da_as_mcp_primary_reserve,0.041526604
187,17,da_as_as_req_mw_synchronized_reserve,0.14607945
187,18,da_as_as_req_mw_thirty_minutes_reserve,0.117731385
187,19,da_as_as_mw_primary_reserve,0.11259336
187,20,da_as_as_req_mw_primary_reserve,0.0065686894
187,21,da_as_total_mw_primary_reserve,0.0023281074
187,22,congestion_price_rt,0.098035656
187,23,congestion_price_da,0.118188545
187,24,rmccp,0.044722795
187,25,net_inadv_interchange_mw,0.07130409
187,26,da_as_as_mw_thirty_minutes_reserve,0.23534812
187,27,da_as_total_mw_thirty_minutes_reserve,0.072574355
187,28,total_pjm_self_sched_reg,0.08368196
187,29,net_sched_interchange_mw,0.14043987
187,30,net_actual_interchange_mw,0.08012046
187,31,total_pjm_assigned_reg,0.11970274
187,32,da_as_ss_mw_primary_reserve,0.012831738
187,33,da_as_ss_mw_synchronized_reserve,0.0057351175
187,34,da_as_ss_mw_thirty_minutes_reserve,0.16714452
187,35,da_as_as_mw_synchronized_reserve,0.07038138
187,36,total_pjm_rmpcp_cr,0.082474194
187,37,rmpcp,0.062666565
188,1,gross_inadv_interchange_mw,0.12252859
188,2,total_losses,0.28286377
188,3,total_pjm_loc_credit,0.05013947
188,4,da_as_nsr_mw_primary_reserve,0.08272224
188,5,marginal_loss_price_rt,0.09107502
188,6,total_pjm_rmccp_cr,-0.003323835
188,7,gross_actual_interchange_mw,0.13055246
188,8,gross_sched_interchange_mw,0.13055089
188,9,total_lmp_rt,0.011174346
188,10,total_lmp_da,0.17397867
188,11,system_energy_price_da,0.41436276
188,12,system_energy_price_rt,0.12483901
188,13,marginal_loss_price_da,0.20452826
188,14,total_pjm_reg_purchases,0.12096884
188,15,da_as_mcp_synchronized_reserve,0.16772291
188,16,da_as_mcp_primary_reserve,0.04327645
188,17,da_as_as_req_mw_synchronized_reserve,0.14801009
188,18,da_as_as_req_mw_thirty_minutes_reserve,0.1194716
188,19,da_as_as_mw_primary_reserve,0.10891886
188,20,da_as_as_req_mw_primary_reserve,0.009573464
188,21,da_as_total_mw_primary_reserve,-0.0015428084
188,22,congestion_price_rt,0.09700944
188,23,congestion_price_da,0.115833536
188,24,rmccp,0.044928167
188,25,net_inadv_interchange_mw,0.07155141
188,26,da_as_as_mw_thirty_minutes_reserve,0.23514226
188,27,da_as_total_mw_thirty_minutes_reserve,0.07148035
188,28,total_pjm_self_sched_reg,0.08372729
188,29,net_sched_interchange_mw,0.13969743
188,30,net_actual_interchange_mw,0.07954515
188,31,total_pjm_assigned_reg,0.118019976
188,32,da_as_ss_mw_primary_reserve,0.013650906
188,33,da_as_ss_mw_synchronized_reserve,0.007414905
188,34,da_as_ss_mw_thirty_minutes_reserve,0.16919173
188,35,da_as_as_mw_synchronized_reserve,0.068203755
188,36,total_pjm_rmpcp_cr,0.08178713
188,37,rmpcp,0.06010156
189,1,gross_inadv_interchange_mw,0.12356977
189,2,total_losses,0.2822097
189,3,total_pjm_loc_credit,0.050830726
189,4,da_as_nsr_mw_primary_reserve,0.08352885
189,5,marginal_loss_price_rt,0.090338685
189,6,total_pjm_rmccp_cr,0.0004948647
189,7,gross_actual_interchange_mw,0.1285927
189,8,gross_sched_interchange_mw,0.12766652
189,9,total_lmp_rt,0.011120834
189,10,total_lmp_da,0.17288029
189,11,system_energy_price_da,0.4137908
189,12,system_energy_price_rt,0.1243829
189,13,marginal_loss_price_da,0.19845378
189,14,total_pjm_reg_purchases,0.12091708
189,15,da_as_mcp_synchronized_reserve,0.16860403
189,16,da_as_mcp_primary_reserve,0.040939506
189,17,da_as_as_req_mw_synchronized_reserve,0.1477578
189,18,da_as_as_req_mw_thirty_minutes_reserve,0.116316006
189,19,da_as_as_mw_primary_reserve,0.10531171
189,20,da_as_as_req_mw_primary_reserve,0.008086508
189,21,da_as_total_mw_primary_reserve,-0.00027106714
189,22,congestion_price_rt,0.09630078
189,23,congestion_price_da,0.11840688
189,24,rmccp,0.04586963
189,25,net_inadv_interchange_mw,0.0665319
189,26,da_as_as_mw_thirty_minutes_reserve,0.23419037
189,27,da_as_total_mw_thirty_minutes_reserve,0.06939285
189,28,total_pjm_self_sched_reg,0.083764456
189,29,net_sched_interchange_mw,0.13941157
189,30,net_actual_interchange_mw,0.07773329
189,31,total_pjm_assigned_reg,0.12078535
189,32,da_as_ss_mw_primary_reserve,0.011296216
189,33,da_as_ss_mw_synchronized_reserve,0.0049911663
189,34,da_as_ss_mw_thirty_minutes_reserve,0.16521098
189,35,da_as_as_mw_synchronized_reserve,0.06722286
189,36,total_pjm_rmpcp_cr,0.08524522
189,37,rmpcp,0.0634563
190,1,gross_inadv_interchange_mw,0.12168263
190,2,total_losses,0.2792972
190,3,total_pjm_loc_credit,0.054256387
190,4,da_as_nsr_mw_primary_reserve,0.081918195
190,5,marginal_loss_price_rt,0.09384523
190,6,total_pjm_rmccp_cr,0.0004086186
190,7,gross_actual_interchange_mw,0.13086374
190,8,gross_sched_interchange_mw,0.12539428
190,9,total_lmp_rt,0.009402255
190,10,total_lmp_da,0.17170916
190,11,system_energy_price_da,0.41101712
190,12,system_energy_price_rt,0.12536189
190,13,marginal_loss_price_da,0.1975156
190,14,total_pjm_reg_purchases,0.11987653
190,15,da_as_mcp_synchronized_reserve,0.1677684
190,16,da_as_mcp_primary_reserve,0.041191254
190,17,da_as_as_req_mw_synchronized_reserve,0.14575063
190,18,da_as_as_req_mw_thirty_minutes_reserve,0.11502903
190,19,da_as_as_mw_primary_reserve,0.10708673
190,20,da_as_as_req_mw_primary_reserve,0.007194443
190,21,da_as_total_mw_primary_reserve,-0.0022840723
190,22,congestion_price_rt,0.09265348
190,23,congestion_price_da,0.11535578
190,24,rmccp,0.04635884
190,25,net_inadv_interchange_mw,0.06932921
190,26,da_as_as_mw_thirty_minutes_reserve,0.23110218
190,27,da_as_total_mw_thirty_minutes_reserve,0.06922827
190,28,total_pjm_self_sched_reg,0.083600014
190,29,net_sched_interchange_mw,0.14003143
190,30,net_actual_interchange_mw,0.07986411
190,31,total_pjm_assigned_reg,0.12364825
190,32,da_as_ss_mw_primary_reserve,0.010934791
190,33,da_as_ss_mw_synchronized_reserve,0.002645932
190,34,da_as_ss_mw_thirty_minutes_reserve,0.16637978
190,35,da_as_as_mw_synchronized_reserve,0.06785549
190,36,total_pjm_rmpcp_cr,0.07908512
190,37,rmpcp,0.057112485
191,1,gross_inadv_interchange_mw,0.12342689
191,2,total_losses,0.27739826
191,3,total_pjm_loc_credit,0.050246894
191,4,da_as_nsr_mw_primary_reserve,0.081186585
191,5,marginal_loss_price_rt,0.08611409
191,6,total_pjm_rmccp_cr,-1.2341385e-05
191,7,gross_actual_interchange_mw,0.13242634
191,8,gross_sched_interchange_mw,0.12591009
191,9,total_lmp_rt,0.010320241
191,10,total_lmp_da,0.17128482
191,11,system_energy_price_da,0.41097045
191,12,system_energy_price_rt,0.124572
191,13,marginal_loss_price_da,0.19855647
191,14,total_pjm_reg_purchases,0.11945909
191,15,da_as_mcp_synchronized_reserve,0.16476676
191,16,da_as_mcp_primary_reserve,0.040682893
191,17,da_as_as_req_mw_synchronized_reserve,0.14291295
191,18,da_as_as_req_mw_thirty_minutes_reserve,0.11390121
191,19,da_as_as_mw_primary_reserve,0.10675849
191,20,da_as_as_req_mw_primary_reserve,0.0069011315
191,21,da_as_total_mw_primary_reserve,-0.00038770487
191,22,congestion_price_rt,0.092943944
191,23,congestion_price_da,0.11818728
191,24,rmccp,0.04715835
191,25,net_inadv_interchange_mw,0.06782635
191,26,da_as_as_mw_thirty_minutes_reserve,0.23126584
191,27,da_as_total_mw_thirty_minutes_reserve,0.06768784
191,28,total_pjm_self_sched_reg,0.08278524
191,29,net_sched_interchange_mw,0.14044227
191,30,net_actual_interchange_mw,0.08070645
191,31,total_pjm_assigned_reg,0.11865434
191,32,da_as_ss_mw_primary_reserve,0.011118125
191,33,da_as_ss_mw_synchronized_reserve,0.004879755
191,34,da_as_ss_mw_thirty_minutes_reserve,0.16547753
191,35,da_as_as_mw_synchronized_reserve,0.06847568
191,36,total_pjm_rmpcp_cr,0.08278673
191,37,rmpcp,0.061595056
192,1,gross_inadv_interchange_mw,0.12336842
192,2,total_losses,0.27762076
192,3,total_pjm_loc_credit,0.04834897
192,4,da_as_nsr_mw_primary_reserve,0.08069753
192,5,marginal_loss_price_rt,0.08954385
192,6,total_pjm_rmccp_cr,2.087195e-05
192,7,gross_actual_interchange_mw,0.12656029
192,8,gross_sched_interchange_mw,0.124349736
192,9,total_lmp_rt,0.010484524
192,10,total_lmp_da,0.166094
192,11,system_energy_price_da,0.4080919
192,12,system_energy_price_rt,0.12158341
192,13,marginal_loss_price_da,0.19591759
192,14,total_pjm_reg_purchases,0.1205259
192,15,da_as_mcp_synchronized_reserve,0.16366976
192,16,da_as_mcp_primary_reserve,0.041197136
192,17,da_as_as_req_mw_synchronized_reserve,0.1415494
192,18,da_as_as_req_mw_thirty_minutes_reserve,0.11399403
192,19,da_as_as_mw_primary_reserve,0.108448245
192,20,da_as_as_req_mw_primary_reserve,0.0073385495
192,21,da_as_total_mw_primary_reserve,0.00019715818
192,22,congestion_price_rt,0.09657631
192,23,congestion_price_da,0.11331161
192,24,rmccp,0.04838914
192,25,net_inadv_interchange_mw,0.07139467
192,26,da_as_as_mw_thirty_minutes_reserve,0.23106684
192,27,da_as_total_mw_thirty_minutes_reserve,0.069549784
192,28,total_pjm_self_sched_reg,0.08142288
192,29,net_sched_interchange_mw,0.14100087
192,30,net_actual_interchange_mw,0.07846309
192,31,total_pjm_assigned_reg,0.11677079
192,32,da_as_ss_mw_primary_reserve,0.0081954645
192,33,da_as_ss_mw_synchronized_reserve,0.0035103157
192,34,da_as_ss_mw_thirty_minutes_reserve,0.16483924
192,35,da_as_as_mw_synchronized_reserve,0.06971371
192,36,total_pjm_rmpcp_cr,0.07696083
192,37,rmpcp,0.060607333
193,1,gross_inadv_interchange_mw,0.11900182
193,2,total_losses,0.2759546
193,3,total_pjm_loc_credit,0.048818078
193,4,da_as_nsr_mw_primary_reserve,0.07676111
193,5,marginal_loss_price_rt,0.093616836
193,6,total_pjm_rmccp_cr,-0.0012651104
193,7,gross_actual_interchange_mw,0.1292804
193,8,gross_sched_interchange_mw,0.123260275
193,9,total_lmp_rt,0.009751031
193,10,total_lmp_da,0.16504322
193,11,system_energy_price_da,0.40641725
193,12,system_energy_price_rt,0.11834602
193,13,marginal_loss_price_da,0.1960054
193,14,total_pjm_reg_purchases,0.12051021
193,15,da_as_mcp_synchronized_reserve,0.16447125
193,16,da_as_mcp_primary_reserve,0.041018173
193,17,da_as_as_req_mw_synchronized_reserve,0.14050278
193,18,da_as_as_req_mw_thirty_minutes_reserve,0.11199527
193,19,da_as_as_mw_primary_reserve,0.10354431
193,20,da_as_as_req_mw_primary_reserve,0.0062531894
193,21,da_as_total_mw_primary_reserve,-0.0016760067
193,22,congestion_price_rt,0.09534195
193,23,congestion_price_da,0.11793698
193,24,rmccp,0.045550153
193,25,net_inadv_interchange_mw,0.072379135
193,26,da_as_as_mw_thirty_minutes_reserve,0.22958605
193,27,da_as_total_mw_thirty_minutes_reserve,0.06709092
193,28,total_pjm_self_sched_reg,0.08249764
193,29,net_sched_interchange_mw,0.139624
193,30,net_actual_interchange_mw,0.07596381
193,31,total_pjm_assigned_reg,0.11564123
193,32,da_as_ss_mw_primary_reserve,0.010840581
193,33,da_as_ss_mw_synchronized_reserve,0.004764134
193,34,da_as_ss_mw_thirty_minutes_reserve,0.16576296
193,35,da_as_as_mw_synchronized_reserve,0.06739964
193,36,total_pjm_rmpcp_cr,0.07871119
193,37,rmpcp,0.063364536
194,1,gross_inadv_interchange_mw,0.12015386
194,2,total_losses,0.27398264
194,3,total_pjm_loc_credit,0.046747986
194,4,da_as_nsr_mw_primary_reserve,0.08126243
194,5,marginal_loss_price_rt,0.09272589
194,6,total_pjm_rmccp_cr,0.00046429154
194,7,gross_actual_interchange_mw,0.1282658
194,8,gross_sched_interchange_mw,0.12400309
194,9,total_lmp_rt,0.010550456
194,10,total_lmp_da,0.16477762
194,11,system_energy_price_da,0.40524957
194,12,system_energy_price_rt,0.121804886
194,13,marginal_loss_price_da,0.19620454
194,14,total_pjm_reg_purchases,0.11667426
194,15,da_as_mcp_synchronized_reserve,0.16173464
194,16,da_as_mcp_primary_reserve,0.044851862
194,17,da_as_as_req_mw_synchronized_reserve,0.13989758
194,18,da_as_as_req_mw_thirty_minutes_reserve,0.1126277
194,19,da_as_as_mw_primary_reserve,0.10663717
194,20,da_as_as_req_mw_primary_reserve,0.004333872
194,21,da_as_total_mw_primary_reserve,-0.0021100957
194,22,congestion_price_rt,0.09230847
194,23,congestion_price_da,0.11199562
194,24,rmccp,0.0434971
194,25,net_inadv_interchange_mw,0.067288496
194,26,da_as_as_mw_thirty_minutes_reserve,0.22986886
194,27,da_as_total_mw_thirty_minutes_reserve,0.065722674
194,28,total_pjm_self_sched_reg,0.08064369
194,29,net_sched_interchange_mw,0.13758825
194,30,net_actual_interchange_mw,0.07805119
194,31,total_pjm_assigned_reg,0.116523474
194,32,da_as_ss_mw_primary_reserve,0.012709252
194,33,da_as_ss_mw_synchronized_reserve,0.0054641105
194,34,da_as_ss_mw_thirty_minutes_reserve,0.16552606
194,35,da_as_as_mw_synchronized_reserve,0.070459366
194,36,total_pjm_rmpcp_cr,0.08090754
194,37,rmpcp,0.056889236
195,1,gross_inadv_interchange_mw,0.11767238
195,2,total_losses,0.27146536
195,3,total_pjm_loc_credit,0.04929914
195,4,da_as_nsr_mw_primary_reserve,0.0764542
195,5,marginal_loss_price_rt,0.08978039
195,6,total_pjm_rmccp_cr,-0.0007786857
195,7,gross_actual_interchange_mw,0.1277562
195,8,gross_sched_interchange_mw,0.12487226
195,9,total_lmp_rt,0.008734959
195,10,total_lmp_da,0.16255008
195,11,system_energy_price_da,0.4027967
195,12,system_energy_price_rt,0.12200185
195,13,marginal_loss_price_da,0.19311
195,14,total_pjm_reg_purchases,0.11832317
195,15,da_as_mcp_synchronized_reserve,0.16042367
195,16,da_as_mcp_primary_reserve,0.041164357
195,17,da_as_as_req_mw_synchronized_reserve,0.14072017
195,18,da_as_as_req_mw_thirty_minutes_reserve,0.11325928
195,19,da_as_as_mw_primary_reserve,0.10473054
195,20,da_as_as_req_mw_primary_reserve,0.00744023
195,21,da_as_total_mw_primary_reserve,0.0006088779
195,22,congestion_price_rt,0.09240404
195,23,congestion_price_da,0.111763805
195,24,rmccp,0.046089485
195,25,net_inadv_interchange_mw,0.06358509
195,26,da_as_as_mw_thirty_minutes_reserve,0.22786589
195,27,da_as_total_mw_thirty_minutes_reserve,0.063426144
195,28,total_pjm_self_sched_reg,0.08106577
195,29,net_sched_interchange_mw,0.13767342
195,30,net_actual_interchange_mw,0.077350274
195,31,total_pjm_assigned_reg,0.11627912
195,32,da_as_ss_mw_primary_reserve,0.01052796
195,33,da_as_ss_mw_synchronized_reserve,0.0018114774
195,34,da_as_ss_mw_thirty_minutes_reserve,0.16323952
195,35,da_as_as_mw_synchronized_reserve,0.06859565
195,36,total_pjm_rmpcp_cr,0.08159702
195,37,rmpcp,0.059247706
196,1,gross_inadv_interchange_mw,0.115968436
196,2,total_losses,0.27136517
196,3,total_pjm_loc_credit,0.050361976
196,4,da_as_nsr_mw_primary_reserve,0.07721543
196,5,marginal_loss_price_rt,0.08945491
196,6,total_pjm_rmccp_cr,-0.0005579344
196,7,gross_actual_interchange_mw,0.13269219
196,8,gross_sched_interchange_mw,0.121446684
196,9,total_lmp_rt,0.009991962
196,10,total_lmp_da,0.1603405
196,11,system_energy_price_da,0.40206668
196,12,system_energy_price_rt,0.121913746
196,13,marginal_loss_price_da,0.19164026
196,14,total_pjm_reg_purchases,0.116592355
196,15,da_as_mcp_synchronized_reserve,0.16082434
196,16,da_as_mcp_primary_reserve,0.04024482
196,17,da_as_as_req_mw_synchronized_reserve,0.14117664
196,18,da_as_as_req_mw_thirty_minutes_reserve,0.11156622
196,19,da_as_as_mw_primary_reserve,0.10326258
196,20,da_as_as_req_mw_primary_reserve,0.0076701753
196,21,da_as_total_mw_primary_reserve,-0.0030744877
196,22,congestion_price_rt,0.092999056
196,23,congestion_price_da,0.11305234
196,24,rmccp,0.04374724
196,25,net_inadv_interchange_mw,0.06563057
196,26,da_as_as_mw_thirty_minutes_reserve,0.22865888
196,27,da_as_total_mw_thirty_minutes_reserve,0.06545403
196,28,total_pjm_self_sched_reg,0.0820811
196,29,net_sched_interchange_mw,0.1353335
196,30,net_actual_interchange_mw,0.07540835
196,31,total_pjm_assigned_reg,0.11371422
196,32,da_as_ss_mw_primary_reserve,0.011113141
196,33,da_as_ss_mw_synchronized_reserve,0.0013327104
196,34,da_as_ss_mw_thirty_minutes_reserve,0.16072373
196,35,da_as_as_mw_synchronized_reserve,0.068898395
196,36,total_pjm_rmpcp_cr,0.079996385
196,37,rmpcp,0.0613142
197,1,gross_inadv_interchange_mw,0.12091353
197,2,total_losses,0.2729583
197,3,total_pjm_loc_credit,0.05126596
197,4,da_as_nsr_mw_primary_reserve,0.07766183
197,5,marginal_loss_price_rt,0.08830752
197,6,total_pjm_rmccp_cr,-0.00014215859
197,7,gross_actual_interchange_mw,0.1275982
197,8,gross_sched_interchange_mw,0.12156314
197,9,total_lmp_rt,0.011605992
197,10,total_lmp_da,0.15898046
197,11,system_energy_price_da,0.40204418
197,12,system_energy_price_rt,0.123326086
197,13,marginal_loss_price_da,0.19177543
197,14,total_pjm_reg_purchases,0.11718338
197,15,da_as_mcp_synchronized_reserve,0.15706082
197,16,da_as_mcp_primary_reserve,0.04367155
197,17,da_as_as_req_mw_synchronized_reserve,0.1388994
197,18,da_as_as_req_mw_thirty_minutes_reserve,0.11182061
197,19,da_as_as_mw_primary_reserve,0.10535074
197,20,da_as_as_req_mw_primary_reserve,0.00602696
197,21,da_as_total_mw_primary_reserve,0.00095306797
197,22,congestion_price_rt,0.09235144
197,23,congestion_price_da,0.11054337
197,24,rmccp,0.044045545
197,25,net_inadv_interchange_mw,0.06237288
197,26,da_as_as_mw_thirty_minutes_reserve,0.22521712
197,27,da_as_total_mw_thirty_minutes_reserve,0.061757468
197,28,total_pjm_self_sched_reg,0.0785367
197,29,net_sched_interchange_mw,0.13656737
197,30,net_actual_interchange_mw,0.074014924
197,31,total_pjm_assigned_reg,0.11220004
197,32,da_as_ss_mw_primary_reserve,0.0109842
197,33,da_as_ss_mw_synchronized_reserve,0.0020048104
197,34,da_as_ss_mw_thirty_minutes_reserve,0.16263804
197,35,da_as_as_mw_synchronized_reserve,0.065562665
197,36,total_pjm_rmpcp_cr,0.08235855
197,37,rmpcp,0.05721514
198,1,gross_inadv_interchange_mw,0.11894575
198,2,total_losses,0.2702596
198,3,total_pjm_loc_credit,0.045085046
198,4,da_as_nsr_mw_primary_reserve,0.07806512
198,5,marginal_loss_price_rt,0.08861866
198,6,total_pjm_rmccp_cr,-0.0003034423
198,7,gross_actual_interchange_mw,0.124825805
198,8,gross_sched_interchange_mw,0.123014145
198,9,total_lmp_rt,0.010163262
198,10,total_lmp_da,0.15709552
198,11,system_energy_price_da,0.39981169
198,12,system_energy_price_rt,0.12177836
198,13,marginal_loss_price_da,0.1921671
198,14,total_pjm_reg_purchases,0.11617391
198,15,da_as_mcp_synchronized_reserve,0.15749143
198,16,da_as_mcp_primary_reserve,0.0419928
198,17,da_as_as_req_mw_synchronized_reserve,0.13983527
198,18,da_as_as_req_mw_thirty_minutes_reserve,0.11143425
198,19,da_as_as_mw_primary_reserve,0.10233673
198,20,da_as_as_req_mw_primary_reserve,0.0063398075
198,21,da_as_total_mw_primary_reserve,-0.0020528685
198,22,congestion_price_rt,0.09116186
198,23,congestion_price_da,0.115574285
198,24,rmccp,0.04316667
198,25,net_inadv_interchange_mw,0.06458202
198,26,da_as_as_mw_thirty_minutes_reserve,0.2267783
198,27,da_as_total_mw_thirty_minutes_reserve,0.06515471
198,28,total_pjm_self_sched_reg,0.08257229
198,29,net_sched_interchange_mw,0.1354175
198,30,net_actual_interchange_mw,0.07124815
198,31,total_pjm_assigned_reg,0.115293995
198,32,da_as_ss_mw_primary_reserve,0.0081795985
198,33,da_as_ss_mw_synchronized_reserve,-0.00030328776
198,34,da_as_ss_mw_thirty_minutes_reserve,0.15978974
198,35,da_as_as_mw_synchronized_reserve,0.068154015
198,36,total_pjm_rmpcp_cr,0.07983674
198,37,rmpcp,0.06039383
199,1,gross_inadv_interchange_mw,0.117805526
199,2,total_losses,0.26738784
199,3,total_pjm_loc_credit,0.052911118
199,4,da_as_nsr_mw_primary_reserve,0.07625625
199,5,marginal_loss_price_rt,0.08721059
199,6,total_pjm_rmccp_cr,0.0029090412
199,7,gross_actual_interchange_mw,0.12754159
199,8,gross_sched_interchange_mw,0.12397558
199,9,total_lmp_rt,0.010313406
199,10,total_lmp_da,0.15506424
199,11,system_energy_price_da,0.3975613
199,12,system_energy_price_rt,0.12067034
199,13,marginal_loss_price_da,0.18927552
199,14,total_pjm_reg_purchases,0.11578821
199,15,da_as_mcp_synchronized_reserve,0.15827304
199,16,da_as_mcp_primary_reserve,0.04115395
199,17,da_as_as_req_mw_synchronized_reserve,0.13816561
199,18,da_as_as_req_mw_thirty_minutes_reserve,0.11257056
199,19,da_as_as_mw_primary_reserve,0.106169894
199,20,da_as_as_req_mw_primary_reserve,0.005467849
199,21,da_as_total_mw_primary_reserve,-0.001060359
199,22,congestion_price_rt,0.09039912
199,23,congestion_price_da,0.112914674
199,24,rmccp,0.046402395
199,25,net_inadv_interchange_mw,0.06736687
199,26,da_as_as_mw_thirty_minutes_reserve,0.22444429
199,27,da_as_total_mw_thirty_minutes_reserve,0.0624079
199,28,total_pjm_self_sched_reg,0.079609364
199,29,net_sched_interchange_mw,0.13524206
199,30,net_actual_interchange_mw,0.071964934
199,31,total_pjm_assigned_reg,0.11109553
199,32,da_as_ss_mw_primary_reserve,0.009895025
199,33,da_as_ss_mw_synchronized_reserve,0.0027352169
199,34,da_as_ss_mw_thirty_minutes_reserve,0.16223064
199,35,da_as_as_mw_synchronized_reserve,0.06631165
199,36,total_pjm_rmpcp_cr,0.07683007
199,37,rmpcp,0.057776857
200,1,gross_inadv_interchange_mw,0.118871644
200,2,total_losses,0.2657791
200,3,total_pjm_loc_credit,0.04803183
200,4,da_as_nsr_mw_primary_reserve,0.07422049
200,5,marginal_loss_price_rt,0.09033707
200,6,total_pjm_rmccp_cr,-0.00017939447
200,7,gross_actual_interchange_mw,0.12203819
200,8,gross_sched_interchange_mw,0.123416565
200,9,total_lmp_rt,0.007880138
200,10,total_lmp_da,0.15496068
200,11,system_energy_price_da,0.39741793
200,12,system_energy_price_rt,0.119148724
200,13,marginal_loss_price_da,0.19101498
200,14,total_pjm_reg_purchases,0.11511498
200,15,da_as_mcp_synchronized_reserve,0.15529816
200,16,da_as_mcp_primary_reserve,0.043186232
200,17,da_as_as_req_mw_synchronized_reserve,0.13733487
200,18,da_as_as_req_mw_thirty_minutes_reserve,0.11256575
200,19,da_as_as_mw_primary_reserve,0.10222841
200,20,da_as_as_req_mw_primary_reserve,0.0019591567
200,21,da_as_total_mw_primary_reserve,0.0013087098
200,22,congestion_price_rt,0.09150762
200,23,congestion_price_da,0.10972605
200,24,rmccp,0.04480079
200,25,net_inadv_interchange_mw,0.06738058
200,26,da_as_as_mw_thirty_minutes_reserve,0.2235556
200,27,da_as_total_mw_thirty_minutes_reserve,0.062242903
200,28,total_pjm_self_sched_reg,0.07824635
200,29,net_sched_interchange_mw,0.13493937
200,30,net_actual_interchange_mw,0.069941804
200,31,total_pjm_assigned_reg,0.11135783
200,32,da_as_ss_mw_primary_reserve,0.0063774437
200,33,da_as_ss_mw_synchronized_reserve,0.0010738209
200,34,da_as_ss_mw_thirty_minutes_reserve,0.16011794
200,35,da_as_as_mw_synchronized_reserve,0.062130477
200,36,total_pjm_rmpcp_cr,0.07829532
200,37,rmpcp,0.05761728
