epoch,feature_index,feature,gate
1,1,gross_sched_interchange_mw,0.58366257
1,2,da_as_as_mw_thirty_minutes_reserve,0.52141017
1,3,gen_fuel_nuclear_mw,0.59887755
1,4,da_as_total_mw_thirty_minutes_reserve,0.5201796
1,5,gen_fuel_gas_mw,0.5066318
1,6,total_pjm_rmccp_cr,0.895164
1,7,da_as_as_req_mw_thirty_minutes_reserve,0.42880952
1,8,da_as_as_req_mw_primary_reserve,0.46559644
1,9,forecast_load_mw_day_ahead,0.5402054
1,10,da_as_as_req_mw_synchronized_reserve,0.45085534
1,11,da_as_as_mw_synchronized_reserve,0.3478555
1,12,gen_fuel_coal_mw,0.575712
1,13,da_as_total_mw_synchronized_reserve,0.32968435
1,14,da_as_as_mw_primary_reserve,0.34061342
1,15,gen_fuel_wind_mw,0.5915101
1,16,da_as_total_mw_primary_reserve,0.3434763
1,17,wind_generation_mw,0.5716433
1,18,total_pjm_assigned_reg,0.5063942
1,19,total_pjm_reg_purchases,0.51276594
1,20,total_pjm_rt_load_mwh,0.551027
1,21,metered_load_mw,0.5444885
1,22,forecast_load_mw_latest_available,0.550323
1,23,gross_inadv_interchange_mw,0.54850984
1,24,prelim_load_avg_hourly,0.53807914
1,25,total_lmp_da,0.5626579
2,1,gross_sched_interchange_mw,0.5531402
2,2,da_as_as_mw_thirty_minutes_reserve,0.5208999
2,3,gen_fuel_nuclear_mw,0.58064383
2,4,da_as_total_mw_thirty_minutes_reserve,0.5262603
2,5,gen_fuel_gas_mw,0.54074657
2,6,total_pjm_rmccp_cr,0.8583454
2,7,da_as_as_req_mw_thirty_minutes_reserve,0.35509872
2,8,da_as_as_req_mw_primary_reserve,0.39010778
2,9,forecast_load_mw_day_ahead,0.5819813
2,10,da_as_as_req_mw_synchronized_reserve,0.38366702
2,11,da_as_as_mw_synchronized_reserve,0.33493268
2,12,gen_fuel_coal_mw,0.6061427
2,13,da_as_total_mw_synchronized_reserve,0.32110828
2,14,da_as_as_mw_primary_reserve,0.31570143
2,15,gen_fuel_wind_mw,0.65293676
2,16,da_as_total_mw_primary_reserve,0.3189817
2,17,wind_generation_mw,0.63415056
2,18,total_pjm_assigned_reg,0.54466057
2,19,total_pjm_reg_purchases,0.54397446
2,20,total_pjm_rt_load_mwh,0.60483587
2,21,metered_load_mw,0.59806204
2,22,forecast_load_mw_latest_available,0.60334486
2,23,gross_inadv_interchange_mw,0.59995353
2,24,prelim_load_avg_hourly,0.59222203
2,25,total_lmp_da,0.5772109
3,1,gross_sched_interchange_mw,0.520112
3,2,da_as_as_mw_thirty_minutes_reserve,0.5165391
3,3,gen_fuel_nuclear_mw,0.5588531
3,4,da_as_total_mw_thirty_minutes_reserve,0.5287028
3,5,gen_fuel_gas_mw,0.56791884
3,6,total_pjm_rmccp_cr,0.79557645
3,7,da_as_as_req_mw_thirty_minutes_reserve,0.30720595
3,8,da_as_as_req_mw_primary_reserve,0.33842123
3,9,forecast_load_mw_day_ahead,0.61288685
3,10,da_as_as_req_mw_synchronized_reserve,0.3399016
3,11,da_as_as_mw_synchronized_reserve,0.33803046
3,12,gen_fuel_coal_mw,0.6254862
3,13,da_as_total_mw_synchronized_reserve,0.32913083
3,14,da_as_as_mw_primary_reserve,0.3099346
3,15,gen_fuel_wind_mw,0.6955687
3,16,da_as_total_mw_primary_reserve,0.31337887
3,17,wind_generation_mw,0.67850417
3,18,total_pjm_assigned_reg,0.57852966
3,19,total_pjm_reg_purchases,0.5723691
3,20,total_pjm_rt_load_mwh,0.645161
3,21,metered_load_mw,0.6380913
3,22,forecast_load_mw_latest_available,0.64282155
3,23,gross_inadv_interchange_mw,0.64060986
3,24,prelim_load_avg_hourly,0.63323593
3,25,total_lmp_da,0.5949489
4,1,gross_sched_interchange_mw,0.5444521
4,2,da_as_as_mw_thirty_minutes_reserve,0.54380894
4,3,gen_fuel_nuclear_mw,0.5784277
4,4,da_as_total_mw_thirty_minutes_reserve,0.5558604
4,5,gen_fuel_gas_mw,0.5950671
4,6,total_pjm_rmccp_cr,0.76292026
4,7,da_as_as_req_mw_thirty_minutes_reserve,0.30712754
4,8,da_as_as_req_mw_primary_reserve,0.3363667
4,9,forecast_load_mw_day_ahead,0.6298781
4,10,da_as_as_req_mw_synchronized_reserve,0.33910093
4,11,da_as_as_mw_synchronized_reserve,0.34991363
4,12,gen_fuel_coal_mw,0.6358075
4,13,da_as_total_mw_synchronized_reserve,0.34183553
4,14,da_as_as_mw_primary_reserve,0.31801865
4,15,gen_fuel_wind_mw,0.6893398
4,16,da_as_total_mw_primary_reserve,0.320608
4,17,wind_generation_mw,0.673901
4,18,total_pjm_assigned_reg,0.5546063
4,19,total_pjm_reg_purchases,0.54663897
4,20,total_pjm_rt_load_mwh,0.65734774
4,21,metered_load_mw,0.6498122
4,22,forecast_load_mw_latest_available,0.6534942
4,23,gross_inadv_interchange_mw,0.65202683
4,24,prelim_load_avg_hourly,0.644054
4,25,total_lmp_da,0.5631226
5,1,gross_sched_interchange_mw,0.5521706
5,2,da_as_as_mw_thirty_minutes_reserve,0.5500608
5,3,gen_fuel_nuclear_mw,0.58623624
5,4,da_as_total_mw_thirty_minutes_reserve,0.56142837
5,5,gen_fuel_gas_mw,0.5986314
5,6,total_pjm_rmccp_cr,0.762537
5,7,da_as_as_req_mw_thirty_minutes_reserve,0.31407663
5,8,da_as_as_req_mw_primary_reserve,0.34297213
5,9,forecast_load_mw_day_ahead,0.6314356
5,10,da_as_as_req_mw_synchronized_reserve,0.34486365
5,11,da_as_as_mw_synchronized_reserve,0.35345188
5,12,gen_fuel_coal_mw,0.6384347
5,13,da_as_total_mw_synchronized_reserve,0.34575698
5,14,da_as_as_mw_primary_reserve,0.32339704
5,15,gen_fuel_wind_mw,0.6911314
5,16,da_as_total_mw_primary_reserve,0.32584602
5,17,wind_generation_mw,0.67455965
5,18,total_pjm_assigned_reg,0.55794626
5,19,total_pjm_reg_purchases,0.55095893
5,20,total_pjm_rt_load_mwh,0.6572606
5,21,metered_load_mw,0.65006816
5,22,forecast_load_mw_latest_available,0.6532912
5,23,gross_inadv_interchange_mw,0.6527269
5,24,prelim_load_avg_hourly,0.6437915
5,25,total_lmp_da,0.567654
6,1,gross_sched_interchange_mw,0.54815346
6,2,da_as_as_mw_thirty_minutes_reserve,0.54330456
6,3,gen_fuel_nuclear_mw,0.58420414
6,4,da_as_total_mw_thirty_minutes_reserve,0.5544715
6,5,gen_fuel_gas_mw,0.59058356
6,6,total_pjm_rmccp_cr,0.7800061
6,7,da_as_as_req_mw_thirty_minutes_reserve,0.32164836
6,8,da_as_as_req_mw_primary_reserve,0.35146463
6,9,forecast_load_mw_day_ahead,0.62675846
6,10,da_as_as_req_mw_synchronized_reserve,0.35251275
6,11,da_as_as_mw_synchronized_reserve,0.35327774
6,12,gen_fuel_coal_mw,0.63709867
6,13,da_as_total_mw_synchronized_reserve,0.34528863
6,14,da_as_as_mw_primary_reserve,0.32569507
6,15,gen_fuel_wind_mw,0.6952428
6,16,da_as_total_mw_primary_reserve,0.32851878
6,17,wind_generation_mw,0.6776909
6,18,total_pjm_assigned_reg,0.5708206
6,19,total_pjm_reg_purchases,0.56507397
6,20,total_pjm_rt_load_mwh,0.6538201
6,21,metered_load_mw,0.6468513
6,22,forecast_load_mw_latest_available,0.65040535
6,23,gross_inadv_interchange_mw,0.6502739
6,24,prelim_load_avg_hourly,0.64084214
6,25,total_lmp_da,0.58629274
7,1,gross_sched_interchange_mw,0.5648789
7,2,da_as_as_mw_thirty_minutes_reserve,0.5653652
7,3,gen_fuel_nuclear_mw,0.59885126
7,4,da_as_total_mw_thirty_minutes_reserve,0.5761058
7,5,gen_fuel_gas_mw,0.61357087
7,6,total_pjm_rmccp_cr,0.74760765
7,7,da_as_as_req_mw_thirty_minutes_reserve,0.31122643
7,8,da_as_as_req_mw_primary_reserve,0.33867115
7,9,forecast_load_mw_day_ahead,0.64217424
7,10,da_as_as_req_mw_synchronized_reserve,0.34023675
7,11,da_as_as_mw_synchronized_reserve,0.3554805
7,12,gen_fuel_coal_mw,0.6479445
7,13,da_as_total_mw_synchronized_reserve,0.34883323
7,14,da_as_as_mw_primary_reserve,0.32533237
7,15,gen_fuel_wind_mw,0.6987879
7,16,da_as_total_mw_primary_reserve,0.32742256
7,17,wind_generation_mw,0.68131006
7,18,total_pjm_assigned_reg,0.55921465
7,19,total_pjm_reg_purchases,0.5520275
7,20,total_pjm_rt_load_mwh,0.6656082
7,21,metered_load_mw,0.65897995
7,22,forecast_load_mw_latest_available,0.6611555
7,23,gross_inadv_interchange_mw,0.6609021
7,24,prelim_load_avg_hourly,0.65177256
7,25,total_lmp_da,0.5628453
8,1,gross_sched_interchange_mw,0.55900955
8,2,da_as_as_mw_thirty_minutes_reserve,0.5627514
8,3,gen_fuel_nuclear_mw,0.5957376
8,4,da_as_total_mw_thirty_minutes_reserve,0.5741426
8,5,gen_fuel_gas_mw,0.6154995
8,6,total_pjm_rmccp_cr,0.75319976
8,7,da_as_as_req_mw_thirty_minutes_reserve,0.29988775
8,8,da_as_as_req_mw_primary_reserve,0.32755604
8,9,forecast_load_mw_day_ahead,0.64751565
8,10,da_as_as_req_mw_synchronized_reserve,0.3295825
8,11,da_as_as_mw_synchronized_reserve,0.3486307
8,12,gen_fuel_coal_mw,0.6535655
8,13,da_as_total_mw_synchronized_reserve,0.3421246
8,14,da_as_as_mw_primary_reserve,0.31725755
8,15,gen_fuel_wind_mw,0.7112181
8,16,da_as_total_mw_primary_reserve,0.31968203
8,17,wind_generation_mw,0.6936592
8,18,total_pjm_assigned_reg,0.5704241
8,19,total_pjm_reg_purchases,0.562378
8,20,total_pjm_rt_load_mwh,0.67325705
8,21,metered_load_mw,0.66681165
8,22,forecast_load_mw_latest_available,0.6690781
8,23,gross_inadv_interchange_mw,0.6679477
8,24,prelim_load_avg_hourly,0.6598194
8,25,total_lmp_da,0.57137036
9,1,gross_sched_interchange_mw,0.5571506
9,2,da_as_as_mw_thirty_minutes_reserve,0.5603938
9,3,gen_fuel_nuclear_mw,0.59548646
9,4,da_as_total_mw_thirty_minutes_reserve,0.5714802
9,5,gen_fuel_gas_mw,0.6119272
9,6,total_pjm_rmccp_cr,0.7546087
9,7,da_as_as_req_mw_thirty_minutes_reserve,0.30632302
9,8,da_as_as_req_mw_primary_reserve,0.3337449
9,9,forecast_load_mw_day_ahead,0.6445574
9,10,da_as_as_req_mw_synchronized_reserve,0.3350866
9,11,da_as_as_mw_synchronized_reserve,0.3511699
9,12,gen_fuel_coal_mw,0.6526061
9,13,da_as_total_mw_synchronized_reserve,0.34518147
9,14,da_as_as_mw_primary_reserve,0.32235208
9,15,gen_fuel_wind_mw,0.7145266
9,16,da_as_total_mw_primary_reserve,0.32485816
9,17,wind_generation_mw,0.695789
9,18,total_pjm_assigned_reg,0.58135295
9,19,total_pjm_reg_purchases,0.57452905
9,20,total_pjm_rt_load_mwh,0.670295
9,21,metered_load_mw,0.664329
9,22,forecast_load_mw_latest_available,0.6663972
9,23,gross_inadv_interchange_mw,0.66603816
9,24,prelim_load_avg_hourly,0.65722233
9,25,total_lmp_da,0.58477795
10,1,gross_sched_interchange_mw,0.5721984
10,2,da_as_as_mw_thirty_minutes_reserve,0.57205486
10,3,gen_fuel_nuclear_mw,0.6078623
10,4,da_as_total_mw_thirty_minutes_reserve,0.5816059
10,5,gen_fuel_gas_mw,0.61720747
10,6,total_pjm_rmccp_cr,0.75114775
10,7,da_as_as_req_mw_thirty_minutes_reserve,0.31709427
10,8,da_as_as_req_mw_primary_reserve,0.3438407
10,9,forecast_load_mw_day_ahead,0.64487565
10,10,da_as_as_req_mw_synchronized_reserve,0.34376383
10,11,da_as_as_mw_synchronized_reserve,0.35648122
10,12,gen_fuel_coal_mw,0.65346116
10,13,da_as_total_mw_synchronized_reserve,0.35060126
10,14,da_as_as_mw_primary_reserve,0.32969534
10,15,gen_fuel_wind_mw,0.7086364
10,16,da_as_total_mw_primary_reserve,0.33175492
10,17,wind_generation_mw,0.68894535
10,18,total_pjm_assigned_reg,0.57394904
10,19,total_pjm_reg_purchases,0.5682814
10,20,total_pjm_rt_load_mwh,0.66679686
10,21,metered_load_mw,0.6611754
10,22,forecast_load_mw_latest_available,0.66254467
10,23,gross_inadv_interchange_mw,0.6628972
10,24,prelim_load_avg_hourly,0.65319586
10,25,total_lmp_da,0.57708436
11,1,gross_sched_interchange_mw,0.5740342
11,2,da_as_as_mw_thirty_minutes_reserve,0.57299626
11,3,gen_fuel_nuclear_mw,0.61010784
11,4,da_as_total_mw_thirty_minutes_reserve,0.5821976
11,5,gen_fuel_gas_mw,0.6169512
11,6,total_pjm_rmccp_cr,0.75627273
11,7,da_as_as_req_mw_thirty_minutes_reserve,0.31929716
11,8,da_as_as_req_mw_primary_reserve,0.34616765
11,9,forecast_load_mw_day_ahead,0.6448376
11,10,da_as_as_req_mw_synchronized_reserve,0.3455106
11,11,da_as_as_mw_synchronized_reserve,0.35611498
11,12,gen_fuel_coal_mw,0.6545658
11,13,da_as_total_mw_synchronized_reserve,0.35021958
11,14,da_as_as_mw_primary_reserve,0.33033693
11,15,gen_fuel_wind_mw,0.7110084
11,16,da_as_total_mw_primary_reserve,0.33242267
11,17,wind_generation_mw,0.6907022
11,18,total_pjm_assigned_reg,0.5781081
11,19,total_pjm_reg_purchases,0.5729688
11,20,total_pjm_rt_load_mwh,0.66649854
11,21,metered_load_mw,0.6611004
11,22,forecast_load_mw_latest_available,0.6623607
11,23,gross_inadv_interchange_mw,0.6627942
11,24,prelim_load_avg_hourly,0.65294725
11,25,total_lmp_da,0.5818657
12,1,gross_sched_interchange_mw,0.5771881
12,2,da_as_as_mw_thirty_minutes_reserve,0.5765629
12,3,gen_fuel_nuclear_mw,0.61373156
12,4,da_as_total_mw_thirty_minutes_reserve,0.5854307
12,5,gen_fuel_gas_mw,0.62006825
12,6,total_pjm_rmccp_cr,0.75553864
12,7,da_as_as_req_mw_thirty_minutes_reserve,0.31709835
12,8,da_as_as_req_mw_primary_reserve,0.3436998
12,9,forecast_load_mw_day_ahead,0.6472939
12,10,da_as_as_req_mw_synchronized_reserve,0.34259963
12,11,da_as_as_mw_synchronized_reserve,0.3540846
12,12,gen_fuel_coal_mw,0.6574456
12,13,da_as_total_mw_synchronized_reserve,0.34844637
12,14,da_as_as_mw_primary_reserve,0.32876498
12,15,gen_fuel_wind_mw,0.71488595
12,16,da_as_total_mw_primary_reserve,0.33077997
12,17,wind_generation_mw,0.6938855
12,18,total_pjm_assigned_reg,0.5807351
12,19,total_pjm_reg_purchases,0.57579273
12,20,total_pjm_rt_load_mwh,0.66837937
12,21,metered_load_mw,0.66327494
12,22,forecast_load_mw_latest_available,0.66419387
12,23,gross_inadv_interchange_mw,0.6646111
12,24,prelim_load_avg_hourly,0.6547316
12,25,total_lmp_da,0.5827408
13,1,gross_sched_interchange_mw,0.58063614
13,2,da_as_as_mw_thirty_minutes_reserve,0.58126193
13,3,gen_fuel_nuclear_mw,0.61761695
13,4,da_as_total_mw_thirty_minutes_reserve,0.5897818
13,5,gen_fuel_gas_mw,0.6245678
13,6,total_pjm_rmccp_cr,0.75057137
13,7,da_as_as_req_mw_thirty_minutes_reserve,0.31452546
13,8,da_as_as_req_mw_primary_reserve,0.34051564
13,9,forecast_load_mw_day_ahead,0.6506445
13,10,da_as_as_req_mw_synchronized_reserve,0.3390718
13,11,da_as_as_mw_synchronized_reserve,0.35299164
13,12,gen_fuel_coal_mw,0.66084576
13,13,da_as_total_mw_synchronized_reserve,0.34783456
13,14,da_as_as_mw_primary_reserve,0.32805574
13,15,gen_fuel_wind_mw,0.7192724
13,16,da_as_total_mw_primary_reserve,0.3299561
13,17,wind_generation_mw,0.69762784
13,18,total_pjm_assigned_reg,0.58374894
13,19,total_pjm_reg_purchases,0.57890046
13,20,total_pjm_rt_load_mwh,0.67096883
13,21,metered_load_mw,0.66624933
13,22,forecast_load_mw_latest_available,0.666703
13,23,gross_inadv_interchange_mw,0.6670947
13,24,prelim_load_avg_hourly,0.6572809
13,25,total_lmp_da,0.58286804
14,1,gross_sched_interchange_mw,0.58051276
14,2,da_as_as_mw_thirty_minutes_reserve,0.5814708
14,3,gen_fuel_nuclear_mw,0.6182299
14,4,da_as_total_mw_thirty_minutes_reserve,0.5899215
14,5,gen_fuel_gas_mw,0.6248984
14,6,total_pjm_rmccp_cr,0.7515887
14,7,da_as_as_req_mw_thirty_minutes_reserve,0.3141063
14,8,da_as_as_req_mw_primary_reserve,0.34003285
14,9,forecast_load_mw_day_ahead,0.65132433
14,10,da_as_as_req_mw_synchronized_reserve,0.3383835
14,11,da_as_as_mw_synchronized_reserve,0.35228932
14,12,gen_fuel_coal_mw,0.6620733
14,13,da_as_total_mw_synchronized_reserve,0.34730196
14,14,da_as_as_mw_primary_reserve,0.32784447
14,15,gen_fuel_wind_mw,0.7223274
14,16,da_as_total_mw_primary_reserve,0.32977906
14,17,wind_generation_mw,0.70028764
14,18,total_pjm_assigned_reg,0.5879738
14,19,total_pjm_reg_purchases,0.5833339
14,20,total_pjm_rt_load_mwh,0.67176634
14,21,metered_load_mw,0.6672328
14,22,forecast_load_mw_latest_available,0.66757905
14,23,gross_inadv_interchange_mw,0.668017
14,24,prelim_load_avg_hourly,0.6581683
14,25,total_lmp_da,0.5868797
15,1,gross_sched_interchange_mw,0.5944479
15,2,da_as_as_mw_thirty_minutes_reserve,0.5917011
15,3,gen_fuel_nuclear_mw,0.6292711
15,4,da_as_total_mw_thirty_minutes_reserve,0.5986527
15,5,gen_fuel_gas_mw,0.6281934
15,6,total_pjm_rmccp_cr,0.7446766
15,7,da_as_as_req_mw_thirty_minutes_reserve,0.32862312
15,8,da_as_as_req_mw_primary_reserve,0.35364172
15,9,forecast_load_mw_day_ahead,0.6491872
15,10,da_as_as_req_mw_synchronized_reserve,0.3504971
15,11,da_as_as_mw_synchronized_reserve,0.36014834
15,12,gen_fuel_coal_mw,0.6605106
15,13,da_as_total_mw_synchronized_reserve,0.35543177
15,14,da_as_as_mw_primary_reserve,0.33845943
15,15,gen_fuel_wind_mw,0.71372
15,16,da_as_total_mw_primary_reserve,0.33986893
15,17,wind_generation_mw,0.690573
15,18,total_pjm_assigned_reg,0.57996476
15,19,total_pjm_reg_purchases,0.5768375
15,20,total_pjm_rt_load_mwh,0.6655451
15,21,metered_load_mw,0.6613521
15,22,forecast_load_mw_latest_available,0.66098636
15,23,gross_inadv_interchange_mw,0.66259193
15,24,prelim_load_avg_hourly,0.6514171
15,25,total_lmp_da,0.57985866
16,1,gross_sched_interchange_mw,0.5824574
16,2,da_as_as_mw_thirty_minutes_reserve,0.5828073
16,3,gen_fuel_nuclear_mw,0.621344
16,4,da_as_total_mw_thirty_minutes_reserve,0.59066635
16,5,gen_fuel_gas_mw,0.6247693
16,6,total_pjm_rmccp_cr,0.7576838
16,7,da_as_as_req_mw_thirty_minutes_reserve,0.31536844
16,8,da_as_as_req_mw_primary_reserve,0.3412424
16,9,forecast_load_mw_day_ahead,0.6516411
16,10,da_as_as_req_mw_synchronized_reserve,0.3386114
16,11,da_as_as_mw_synchronized_reserve,0.35026187
16,12,gen_fuel_coal_mw,0.66431874
16,13,da_as_total_mw_synchronized_reserve,0.3454673
16,14,da_as_as_mw_primary_reserve,0.32758164
16,15,gen_fuel_wind_mw,0.7278752
16,16,da_as_total_mw_primary_reserve,0.32956478
16,17,wind_generation_mw,0.70467573
16,18,total_pjm_assigned_reg,0.5965156
16,19,total_pjm_reg_purchases,0.59270245
16,20,total_pjm_rt_load_mwh,0.67174286
16,21,metered_load_mw,0.66772854
16,22,forecast_load_mw_latest_available,0.66776675
16,23,gross_inadv_interchange_mw,0.6682636
16,24,prelim_load_avg_hourly,0.65829706
16,25,total_lmp_da,0.5953638
17,1,gross_sched_interchange_mw,0.59726274
17,2,da_as_as_mw_thirty_minutes_reserve,0.5961664
17,3,gen_fuel_nuclear_mw,0.6332018
17,4,da_as_total_mw_thirty_minutes_reserve,0.60298043
17,5,gen_fuel_gas_mw,0.63448375
17,6,total_pjm_rmccp_cr,0.7539479
17,7,da_as_as_req_mw_thirty_minutes_reserve,0.3170027
17,8,da_as_as_req_mw_primary_reserve,0.34239936
17,9,forecast_load_mw_day_ahead,0.6570281
17,10,da_as_as_req_mw_synchronized_reserve,0.33908814
17,11,da_as_as_mw_synchronized_reserve,0.35173893
17,12,gen_fuel_coal_mw,0.66863865
17,13,da_as_total_mw_synchronized_reserve,0.34678853
17,14,da_as_as_mw_primary_reserve,0.3285873
17,15,gen_fuel_wind_mw,0.7247833
17,16,da_as_total_mw_primary_reserve,0.33016115
17,17,wind_generation_mw,0.70148295
17,18,total_pjm_assigned_reg,0.5855416
17,19,total_pjm_reg_purchases,0.5816248
17,20,total_pjm_rt_load_mwh,0.67412704
17,21,metered_load_mw,0.67018044
17,22,forecast_load_mw_latest_available,0.66966367
17,23,gross_inadv_interchange_mw,0.66995806
17,24,prelim_load_avg_hourly,0.6600277
17,25,total_lmp_da,0.58072424
18,1,gross_sched_interchange_mw,0.5909358
18,2,da_as_as_mw_thirty_minutes_reserve,0.59597087
18,3,gen_fuel_nuclear_mw,0.6296198
18,4,da_as_total_mw_thirty_minutes_reserve,0.60375637
18,5,gen_fuel_gas_mw,0.6402247
18,6,total_pjm_rmccp_cr,0.7409221
18,7,da_as_as_req_mw_thirty_minutes_reserve,0.30244744
18,8,da_as_as_req_mw_primary_reserve,0.3271022
18,9,forecast_load_mw_day_ahead,0.6640933
18,10,da_as_as_req_mw_synchronized_reserve,0.3249427
18,11,da_as_as_mw_synchronized_reserve,0.34726587
18,12,gen_fuel_coal_mw,0.6741659
18,13,da_as_total_mw_synchronized_reserve,0.34326902
18,14,da_as_as_mw_primary_reserve,0.3222701
18,15,gen_fuel_wind_mw,0.7362457
18,16,da_as_total_mw_primary_reserve,0.32393888
18,17,wind_generation_mw,0.7131204
18,18,total_pjm_assigned_reg,0.59466463
18,19,total_pjm_reg_purchases,0.58956087
18,20,total_pjm_rt_load_mwh,0.6830104
18,21,metered_load_mw,0.67929375
18,22,forecast_load_mw_latest_available,0.6785509
18,23,gross_inadv_interchange_mw,0.67833304
18,24,prelim_load_avg_hourly,0.66921294
18,25,total_lmp_da,0.5841383
19,1,gross_sched_interchange_mw,0.5867763
19,2,da_as_as_mw_thirty_minutes_reserve,0.58994806
19,3,gen_fuel_nuclear_mw,0.6269582
19,4,da_as_total_mw_thirty_minutes_reserve,0.59769654
19,5,gen_fuel_gas_mw,0.63321584
19,6,total_pjm_rmccp_cr,0.7514017
19,7,da_as_as_req_mw_thirty_minutes_reserve,0.3094457
19,8,da_as_as_req_mw_primary_reserve,0.3346517
19,9,forecast_load_mw_day_ahead,0.65916264
19,10,da_as_as_req_mw_synchronized_reserve,0.33188543
19,11,da_as_as_mw_synchronized_reserve,0.34856838
19,12,gen_fuel_coal_mw,0.67156637
19,13,da_as_total_mw_synchronized_reserve,0.34450972
19,14,da_as_as_mw_primary_reserve,0.3257701
19,15,gen_fuel_wind_mw,0.7376345
19,16,da_as_total_mw_primary_reserve,0.32764685
19,17,wind_generation_mw,0.71375805
19,18,total_pjm_assigned_reg,0.6040976
19,19,total_pjm_reg_purchases,0.60014015
19,20,total_pjm_rt_load_mwh,0.67888373
19,21,metered_load_mw,0.6753351
19,22,forecast_load_mw_latest_available,0.67480457
19,23,gross_inadv_interchange_mw,0.6751836
19,24,prelim_load_avg_hourly,0.6654106
19,25,total_lmp_da,0.5984672
20,1,gross_sched_interchange_mw,0.5936559
20,2,da_as_as_mw_thirty_minutes_reserve,0.5944657
20,3,gen_fuel_nuclear_mw,0.6326552
20,4,da_as_total_mw_thirty_minutes_reserve,0.6014404
20,5,gen_fuel_gas_mw,0.63451344
20,6,total_pjm_rmccp_cr,0.75580025
20,7,da_as_as_req_mw_thirty_minutes_reserve,0.3139882
20,8,da_as_as_req_mw_primary_reserve,0.3392518
20,9,forecast_load_mw_day_ahead,0.6589171
20,10,da_as_as_req_mw_synchronized_reserve,0.33560774
20,11,da_as_as_mw_synchronized_reserve,0.34914058
20,12,gen_fuel_coal_mw,0.67211217
20,13,da_as_total_mw_synchronized_reserve,0.3448533
20,14,da_as_as_mw_primary_reserve,0.32734552
20,15,gen_fuel_wind_mw,0.73557436
20,16,da_as_total_mw_primary_reserve,0.3290814
20,17,wind_generation_mw,0.71115065
20,18,total_pjm_assigned_reg,0.6011695
20,19,total_pjm_reg_purchases,0.5978133
20,20,total_pjm_rt_load_mwh,0.6771156
20,21,metered_load_mw,0.67369854
20,22,forecast_load_mw_latest_available,0.67294735
20,23,gross_inadv_interchange_mw,0.6734716
20,24,prelim_load_avg_hourly,0.6633786
20,25,total_lmp_da,0.59602207
21,1,gross_sched_interchange_mw,0.6002032
21,2,da_as_as_mw_thirty_minutes_reserve,0.59954077
21,3,gen_fuel_nuclear_mw,0.63789195
21,4,da_as_total_mw_thirty_minutes_reserve,0.6058964
21,5,gen_fuel_gas_mw,0.6365666
21,6,total_pjm_rmccp_cr,0.7509182
21,7,da_as_as_req_mw_thirty_minutes_reserve,0.32096767
21,8,da_as_as_req_mw_primary_reserve,0.3457428
21,9,forecast_load_mw_day_ahead,0.65826595
21,10,da_as_as_req_mw_synchronized_reserve,0.34147295
21,11,da_as_as_mw_synchronized_reserve,0.35352433
21,12,gen_fuel_coal_mw,0.6715594
21,13,da_as_total_mw_synchronized_reserve,0.34946412
21,14,da_as_as_mw_primary_reserve,0.33300477
21,15,gen_fuel_wind_mw,0.7318497
21,16,da_as_total_mw_primary_reserve,0.33447212
21,17,wind_generation_mw,0.7068814
21,18,total_pjm_assigned_reg,0.597728
21,19,total_pjm_reg_purchases,0.5950734
21,20,total_pjm_rt_load_mwh,0.67456007
21,21,metered_load_mw,0.671293
21,22,forecast_load_mw_latest_available,0.6701881
21,23,gross_inadv_interchange_mw,0.67137265
21,24,prelim_load_avg_hourly,0.66055703
21,25,total_lmp_da,0.5930273
22,1,gross_sched_interchange_mw,0.6059581
22,2,da_as_as_mw_thirty_minutes_reserve,0.60263777
22,3,gen_fuel_nuclear_mw,0.6431808
22,4,da_as_total_mw_thirty_minutes_reserve,0.60828274
22,5,gen_fuel_gas_mw,0.63701034
22,6,total_pjm_rmccp_cr,0.76384246
22,7,da_as_as_req_mw_thirty_minutes_reserve,0.32312152
22,8,da_as_as_req_mw_primary_reserve,0.34850323
22,9,forecast_load_mw_day_ahead,0.6587533
22,10,da_as_as_req_mw_synchronized_reserve,0.34320572
22,11,da_as_as_mw_synchronized_reserve,0.35083413
22,12,gen_fuel_coal_mw,0.6735773
22,13,da_as_total_mw_synchronized_reserve,0.34623078
22,14,da_as_as_mw_primary_reserve,0.3311368
22,15,gen_fuel_wind_mw,0.73308164
22,16,da_as_total_mw_primary_reserve,0.3326202
22,17,wind_generation_mw,0.70749843
22,18,total_pjm_assigned_reg,0.5981827
22,19,total_pjm_reg_purchases,0.59608
22,20,total_pjm_rt_load_mwh,0.67428815
22,21,metered_load_mw,0.67115
22,22,forecast_load_mw_latest_available,0.6699831
22,23,gross_inadv_interchange_mw,0.6709394
22,24,prelim_load_avg_hourly,0.6600928
22,25,total_lmp_da,0.59434015
23,1,gross_sched_interchange_mw,0.6030082
23,2,da_as_as_mw_thirty_minutes_reserve,0.60034394
23,3,gen_fuel_nuclear_mw,0.6412558
23,4,da_as_total_mw_thirty_minutes_reserve,0.60623085
23,5,gen_fuel_gas_mw,0.6357745
23,6,total_pjm_rmccp_cr,0.7649087
23,7,da_as_as_req_mw_thirty_minutes_reserve,0.32309493
23,8,da_as_as_req_mw_primary_reserve,0.34853128
23,9,forecast_load_mw_day_ahead,0.6586433
23,10,da_as_as_req_mw_synchronized_reserve,0.34336698
23,11,da_as_as_mw_synchronized_reserve,0.35108507
23,12,gen_fuel_coal_mw,0.6738376
23,13,da_as_total_mw_synchronized_reserve,0.34663147
23,14,da_as_as_mw_primary_reserve,0.33163452
23,15,gen_fuel_wind_mw,0.73576385
23,16,da_as_total_mw_primary_reserve,0.33323625
23,17,wind_generation_mw,0.7101383
23,18,total_pjm_assigned_reg,0.6033445
23,19,total_pjm_reg_purchases,0.6012994
23,20,total_pjm_rt_load_mwh,0.67495084
23,21,metered_load_mw,0.6718778
23,22,forecast_load_mw_latest_available,0.6707915
23,23,gross_inadv_interchange_mw,0.6718313
23,24,prelim_load_avg_hourly,0.6609806
23,25,total_lmp_da,0.6002007
24,1,gross_sched_interchange_mw,0.5974202
24,2,da_as_as_mw_thirty_minutes_reserve,0.59986156
24,3,gen_fuel_nuclear_mw,0.63825226
24,4,da_as_total_mw_thirty_minutes_reserve,0.60662675
24,5,gen_fuel_gas_mw,0.6411538
24,6,total_pjm_rmccp_cr,0.76185316
24,7,da_as_as_req_mw_thirty_minutes_reserve,0.3050416
24,8,da_as_as_req_mw_primary_reserve,0.33039746
24,9,forecast_load_mw_day_ahead,0.6664033
24,10,da_as_as_req_mw_synchronized_reserve,0.32627898
24,11,da_as_as_mw_synchronized_reserve,0.342255
24,12,gen_fuel_coal_mw,0.6804272
24,13,da_as_total_mw_synchronized_reserve,0.33816707
24,14,da_as_as_mw_primary_reserve,0.3202441
24,15,gen_fuel_wind_mw,0.7477536
24,16,da_as_total_mw_primary_reserve,0.32204896
24,17,wind_generation_mw,0.7225501
24,18,total_pjm_assigned_reg,0.61067176
24,19,total_pjm_reg_purchases,0.60718685
24,20,total_pjm_rt_load_mwh,0.68490374
24,21,metered_load_mw,0.68191856
24,22,forecast_load_mw_latest_available,0.680801
24,23,gross_inadv_interchange_mw,0.6807207
24,24,prelim_load_avg_hourly,0.67113715
24,25,total_lmp_da,0.60178477
25,1,gross_sched_interchange_mw,0.59740764
25,2,da_as_as_mw_thirty_minutes_reserve,0.5993799
25,3,gen_fuel_nuclear_mw,0.63888043
25,4,da_as_total_mw_thirty_minutes_reserve,0.6060178
25,5,gen_fuel_gas_mw,0.64098454
25,6,total_pjm_rmccp_cr,0.772716
25,7,da_as_as_req_mw_thirty_minutes_reserve,0.30168545
25,8,da_as_as_req_mw_primary_reserve,0.32760087
25,9,forecast_load_mw_day_ahead,0.6679718
25,10,da_as_as_req_mw_synchronized_reserve,0.32320768
25,11,da_as_as_mw_synchronized_reserve,0.33777857
25,12,gen_fuel_coal_mw,0.68291426
25,13,da_as_total_mw_synchronized_reserve,0.33327386
25,14,da_as_as_mw_primary_reserve,0.31551003
25,15,gen_fuel_wind_mw,0.75190645
25,16,da_as_total_mw_primary_reserve,0.31750363
25,17,wind_generation_mw,0.7266839
25,18,total_pjm_assigned_reg,0.61422616
25,19,total_pjm_reg_purchases,0.6105991
25,20,total_pjm_rt_load_mwh,0.6871532
25,21,metered_load_mw,0.68423146
25,22,forecast_load_mw_latest_available,0.6832387
25,23,gross_inadv_interchange_mw,0.6825185
25,24,prelim_load_avg_hourly,0.6734975
25,25,total_lmp_da,0.605051
26,1,gross_sched_interchange_mw,0.5978142
26,2,da_as_as_mw_thirty_minutes_reserve,0.5946144
26,3,gen_fuel_nuclear_mw,0.639263
26,4,da_as_total_mw_thirty_minutes_reserve,0.60048926
26,5,gen_fuel_gas_mw,0.63153553
26,6,total_pjm_rmccp_cr,0.7878837
26,7,da_as_as_req_mw_thirty_minutes_reserve,0.3164348
26,8,da_as_as_req_mw_primary_reserve,0.34315956
26,9,forecast_load_mw_day_ahead,0.6595401
26,10,da_as_as_req_mw_synchronized_reserve,0.33728302
26,11,da_as_as_mw_synchronized_reserve,0.34103805
26,12,gen_fuel_coal_mw,0.6778392
26,13,da_as_total_mw_synchronized_reserve,0.33604825
26,14,da_as_as_mw_primary_reserve,0.32221386
26,15,gen_fuel_wind_mw,0.74777615
26,16,da_as_total_mw_primary_reserve,0.32433474
26,17,wind_generation_mw,0.72147155
26,18,total_pjm_assigned_reg,0.61890817
26,19,total_pjm_reg_purchases,0.6171252
26,20,total_pjm_rt_load_mwh,0.6782154
26,21,metered_load_mw,0.6754692
26,22,forecast_load_mw_latest_available,0.6746725
26,23,gross_inadv_interchange_mw,0.6748088
26,24,prelim_load_avg_hourly,0.66470736
26,25,total_lmp_da,0.61695963
27,1,gross_sched_interchange_mw,0.6062784
27,2,da_as_as_mw_thirty_minutes_reserve,0.6013501
27,3,gen_fuel_nuclear_mw,0.64578056
27,4,da_as_total_mw_thirty_minutes_reserve,0.606635
27,5,gen_fuel_gas_mw,0.6357084
27,6,total_pjm_rmccp_cr,0.7893223
27,7,da_as_as_req_mw_thirty_minutes_reserve,0.31950817
27,8,da_as_as_req_mw_primary_reserve,0.34627223
27,9,forecast_load_mw_day_ahead,0.6615488
27,10,da_as_as_req_mw_synchronized_reserve,0.33991736
27,11,da_as_as_mw_synchronized_reserve,0.34250608
27,12,gen_fuel_coal_mw,0.6795005
27,13,da_as_total_mw_synchronized_reserve,0.33720082
27,14,da_as_as_mw_primary_reserve,0.32354483
27,15,gen_fuel_wind_mw,0.7449123
27,16,da_as_total_mw_primary_reserve,0.325464
27,17,wind_generation_mw,0.7185804
27,18,total_pjm_assigned_reg,0.6123048
27,19,total_pjm_reg_purchases,0.61060727
27,20,total_pjm_rt_load_mwh,0.67859995
27,21,metered_load_mw,0.6757906
27,22,forecast_load_mw_latest_available,0.67482066
27,23,gross_inadv_interchange_mw,0.6748893
27,24,prelim_load_avg_hourly,0.6647052
27,25,total_lmp_da,0.6096109
28,1,gross_sched_interchange_mw,0.5972128
28,2,da_as_as_mw_thirty_minutes_reserve,0.597645
28,3,gen_fuel_nuclear_mw,0.6398919
28,4,da_as_total_mw_thirty_minutes_reserve,0.60415053
28,5,gen_fuel_gas_mw,0.6392049
28,6,total_pjm_rmccp_cr,0.7903364
28,7,da_as_as_req_mw_thirty_minutes_reserve,0.30170673
28,8,da_as_as_req_mw_primary_reserve,0.32864952
28,9,forecast_load_mw_day_ahead,0.66905427
28,10,da_as_as_req_mw_synchronized_reserve,0.323723
28,11,da_as_as_mw_synchronized_reserve,0.3341818
28,12,gen_fuel_coal_mw,0.68590325
28,13,da_as_total_mw_synchronized_reserve,0.32908836
28,14,da_as_as_mw_primary_reserve,0.31230804
28,15,gen_fuel_wind_mw,0.7577792
28,16,da_as_total_mw_primary_reserve,0.3146151
28,17,wind_generation_mw,0.73239315
28,18,total_pjm_assigned_reg,0.62241167
28,19,total_pjm_reg_purchases,0.61902374
28,20,total_pjm_rt_load_mwh,0.6893473
28,21,metered_load_mw,0.6864996
28,22,forecast_load_mw_latest_available,0.68578523
28,23,gross_inadv_interchange_mw,0.6845844
28,24,prelim_load_avg_hourly,0.67592686
28,25,total_lmp_da,0.6152161
29,1,gross_sched_interchange_mw,0.5963807
29,2,da_as_as_mw_thirty_minutes_reserve,0.5966928
29,3,gen_fuel_nuclear_mw,0.6399697
29,4,da_as_total_mw_thirty_minutes_reserve,0.6031024
29,5,gen_fuel_gas_mw,0.6383248
29,6,total_pjm_rmccp_cr,0.79455644
29,7,da_as_as_req_mw_thirty_minutes_reserve,0.30011353
29,8,da_as_as_req_mw_primary_reserve,0.3272287
29,9,forecast_load_mw_day_ahead,0.6691022
29,10,da_as_as_req_mw_synchronized_reserve,0.32198778
29,11,da_as_as_mw_synchronized_reserve,0.33148664
29,12,gen_fuel_coal_mw,0.6868618
29,13,da_as_total_mw_synchronized_reserve,0.32638747
29,14,da_as_as_mw_primary_reserve,0.31011277
29,15,gen_fuel_wind_mw,0.7608311
29,16,da_as_total_mw_primary_reserve,0.312502
29,17,wind_generation_mw,0.7350585
29,18,total_pjm_assigned_reg,0.6265969
29,19,total_pjm_reg_purchases,0.62344164
29,20,total_pjm_rt_load_mwh,0.6897337
29,21,metered_load_mw,0.68704826
29,22,forecast_load_mw_latest_available,0.68629926
29,23,gross_inadv_interchange_mw,0.6850065
29,24,prelim_load_avg_hourly,0.67638457
29,25,total_lmp_da,0.6195614
30,1,gross_sched_interchange_mw,0.60249996
30,2,da_as_as_mw_thirty_minutes_reserve,0.60003453
30,3,gen_fuel_nuclear_mw,0.64486253
30,4,da_as_total_mw_thirty_minutes_reserve,0.6055947
30,5,gen_fuel_gas_mw,0.63780546
30,6,total_pjm_rmccp_cr,0.7976266
30,7,da_as_as_req_mw_thirty_minutes_reserve,0.30838984
30,8,da_as_as_req_mw_primary_reserve,0.3354684
30,9,forecast_load_mw_day_ahead,0.66695726
30,10,da_as_as_req_mw_synchronized_reserve,0.3292093
30,11,da_as_as_mw_synchronized_reserve,0.33437213
30,12,gen_fuel_coal_mw,0.6858438
30,13,da_as_total_mw_synchronized_reserve,0.32915223
30,14,da_as_as_mw_primary_reserve,0.31470594
30,15,gen_fuel_wind_mw,0.7575305
30,16,da_as_total_mw_primary_reserve,0.3169673
30,17,wind_generation_mw,0.7310904
30,18,total_pjm_assigned_reg,0.62480396
30,19,total_pjm_reg_purchases,0.62256014
30,20,total_pjm_rt_load_mwh,0.68595374
30,21,metered_load_mw,0.6834629
30,22,forecast_load_mw_latest_available,0.6824929
30,23,gross_inadv_interchange_mw,0.68163764
30,24,prelim_load_avg_hourly,0.67245513
30,25,total_lmp_da,0.619486
31,1,gross_sched_interchange_mw,0.60352737
31,2,da_as_as_mw_thirty_minutes_reserve,0.5991206
31,3,gen_fuel_nuclear_mw,0.64554054
31,4,da_as_total_mw_thirty_minutes_reserve,0.6044382
31,5,gen_fuel_gas_mw,0.6354573
31,6,total_pjm_rmccp_cr,0.8046716
31,7,da_as_as_req_mw_thirty_minutes_reserve,0.31252864
31,8,da_as_as_req_mw_primary_reserve,0.34008425
31,9,forecast_load_mw_day_ahead,0.6651589
31,10,da_as_as_req_mw_synchronized_reserve,0.33341324
31,11,da_as_as_mw_synchronized_reserve,0.3349218
31,12,gen_fuel_coal_mw,0.6849518
31,13,da_as_total_mw_synchronized_reserve,0.32931346
31,14,da_as_as_mw_primary_reserve,0.31584182
31,15,gen_fuel_wind_mw,0.75612724
31,16,da_as_total_mw_primary_reserve,0.31817958
31,17,wind_generation_mw,0.7296067
31,18,total_pjm_assigned_reg,0.6248738
31,19,total_pjm_reg_purchases,0.62298274
31,20,total_pjm_rt_load_mwh,0.68408537
31,21,metered_load_mw,0.68154645
31,22,forecast_load_mw_latest_available,0.68073535
31,23,gross_inadv_interchange_mw,0.67990774
31,24,prelim_load_avg_hourly,0.6706067
31,25,total_lmp_da,0.6217226
32,1,gross_sched_interchange_mw,0.6177778
32,2,da_as_as_mw_thirty_minutes_reserve,0.61139834
32,3,gen_fuel_nuclear_mw,0.6565613
32,4,da_as_total_mw_thirty_minutes_reserve,0.6157228
32,5,gen_fuel_gas_mw,0.6439433
32,6,total_pjm_rmccp_cr,0.8039181
32,7,da_as_as_req_mw_thirty_minutes_reserve,0.31416473
32,8,da_as_as_req_mw_primary_reserve,0.34152734
32,9,forecast_load_mw_day_ahead,0.6696287
32,10,da_as_as_req_mw_synchronized_reserve,0.3341538
32,11,da_as_as_mw_synchronized_reserve,0.33565333
32,12,gen_fuel_coal_mw,0.688429
32,13,da_as_total_mw_synchronized_reserve,0.3296659
32,14,da_as_as_mw_primary_reserve,0.31597194
32,15,gen_fuel_wind_mw,0.7521812
32,16,da_as_total_mw_primary_reserve,0.31792626
32,17,wind_generation_mw,0.72557646
32,18,total_pjm_assigned_reg,0.612768
32,19,total_pjm_reg_purchases,0.6107845
32,20,total_pjm_rt_load_mwh,0.68572515
32,21,metered_load_mw,0.68314433
32,22,forecast_load_mw_latest_available,0.68190974
32,23,gross_inadv_interchange_mw,0.6808004
32,24,prelim_load_avg_hourly,0.67155045
32,25,total_lmp_da,0.6065994
33,1,gross_sched_interchange_mw,0.609212
33,2,da_as_as_mw_thirty_minutes_reserve,0.6046067
33,3,gen_fuel_nuclear_mw,0.65076613
33,4,da_as_total_mw_thirty_minutes_reserve,0.6096821
33,5,gen_fuel_gas_mw,0.6407001
33,6,total_pjm_rmccp_cr,0.80928296
33,7,da_as_as_req_mw_thirty_minutes_reserve,0.30844185
33,8,da_as_as_req_mw_primary_reserve,0.33629826
33,9,forecast_load_mw_day_ahead,0.6699985
33,10,da_as_as_req_mw_synchronized_reserve,0.32941502
33,11,da_as_as_mw_synchronized_reserve,0.33172527
33,12,gen_fuel_coal_mw,0.6895841
33,13,da_as_total_mw_synchronized_reserve,0.3258224
33,14,da_as_as_mw_primary_reserve,0.31175756
33,15,gen_fuel_wind_mw,0.75940686
33,16,da_as_total_mw_primary_reserve,0.31405175
33,17,wind_generation_mw,0.73290795
33,18,total_pjm_assigned_reg,0.6236335
33,19,total_pjm_reg_purchases,0.6214115
33,20,total_pjm_rt_load_mwh,0.6885184
33,21,metered_load_mw,0.68596655
33,22,forecast_load_mw_latest_available,0.68505096
33,23,gross_inadv_interchange_mw,0.68368953
33,24,prelim_load_avg_hourly,0.6747807
33,25,total_lmp_da,0.61833596
34,1,gross_sched_interchange_mw,0.6127373
34,2,da_as_as_mw_thirty_minutes_reserve,0.60865355
34,3,gen_fuel_nuclear_mw,0.6539533
34,4,da_as_total_mw_thirty_minutes_reserve,0.6135115
34,5,gen_fuel_gas_mw,0.6440319
34,6,total_pjm_rmccp_cr,0.8042811
34,7,da_as_as_req_mw_thirty_minutes_reserve,0.30947116
34,8,da_as_as_req_mw_primary_reserve,0.33686075
34,9,forecast_load_mw_day_ahead,0.67174715
34,10,da_as_as_req_mw_synchronized_reserve,0.32979742
34,11,da_as_as_mw_synchronized_reserve,0.33355743
34,12,gen_fuel_coal_mw,0.6909979
34,13,da_as_total_mw_synchronized_reserve,0.32799459
34,14,da_as_as_mw_primary_reserve,0.3139223
34,15,gen_fuel_wind_mw,0.7600295
34,16,da_as_total_mw_primary_reserve,0.31604993
34,17,wind_generation_mw,0.73323566
34,18,total_pjm_assigned_reg,0.62373114
34,19,total_pjm_reg_purchases,0.6216893
34,20,total_pjm_rt_load_mwh,0.68936867
34,21,metered_load_mw,0.68698686
34,22,forecast_load_mw_latest_available,0.6857683
34,23,gross_inadv_interchange_mw,0.6846369
34,24,prelim_load_avg_hourly,0.67551774
34,25,total_lmp_da,0.6170169
35,1,gross_sched_interchange_mw,0.6192572
35,2,da_as_as_mw_thirty_minutes_reserve,0.60931915
35,3,gen_fuel_nuclear_mw,0.6589958
35,4,da_as_total_mw_thirty_minutes_reserve,0.6129112
35,5,gen_fuel_gas_mw,0.63819784
35,6,total_pjm_rmccp_cr,0.81595397
35,7,da_as_as_req_mw_thirty_minutes_reserve,0.32618514
35,8,da_as_as_req_mw_primary_reserve,0.35407662
35,9,forecast_load_mw_day_ahead,0.66493446
35,10,da_as_as_req_mw_synchronized_reserve,0.34512424
35,11,da_as_as_mw_synchronized_reserve,0.33800188
35,12,gen_fuel_coal_mw,0.6871192
35,13,da_as_total_mw_synchronized_reserve,0.33190584
35,14,da_as_as_mw_primary_reserve,0.321798
35,15,gen_fuel_wind_mw,0.75380576
35,16,da_as_total_mw_primary_reserve,0.3238798
35,17,wind_generation_mw,0.7258513
35,18,total_pjm_assigned_reg,0.62320304
35,19,total_pjm_reg_purchases,0.6229943
35,20,total_pjm_rt_load_mwh,0.6806284
35,21,metered_load_mw,0.6784737
35,22,forecast_load_mw_latest_available,0.6771988
35,23,gross_inadv_interchange_mw,0.67688644
35,24,prelim_load_avg_hourly,0.66667527
35,25,total_lmp_da,0.62233436
36,1,gross_sched_interchange_mw,0.6262822
36,2,da_as_as_mw_thirty_minutes_reserve,0.6187138
36,3,gen_fuel_nuclear_mw,0.66460335
36,4,da_as_total_mw_thirty_minutes_reserve,0.62240595
36,5,gen_fuel_gas_mw,0.6495846
36,6,total_pjm_rmccp_cr,0.8121468
36,7,da_as_as_req_mw_thirty_minutes_reserve,0.31320506
36,8,da_as_as_req_mw_primary_reserve,0.34093624
36,9,forecast_load_mw_day_ahead,0.6746971
36,10,da_as_as_req_mw_synchronized_reserve,0.33276463
36,11,da_as_as_mw_synchronized_reserve,0.33301356
36,12,gen_fuel_coal_mw,0.694179
36,13,da_as_total_mw_synchronized_reserve,0.3267081
36,14,da_as_as_mw_primary_reserve,0.31336516
36,15,gen_fuel_wind_mw,0.7568368
36,16,da_as_total_mw_primary_reserve,0.31527877
36,17,wind_generation_mw,0.72982705
36,18,total_pjm_assigned_reg,0.61426556
36,19,total_pjm_reg_purchases,0.61241776
36,20,total_pjm_rt_load_mwh,0.6899114
36,21,metered_load_mw,0.68750685
36,22,forecast_load_mw_latest_available,0.68604636
36,23,gross_inadv_interchange_mw,0.68452394
36,24,prelim_load_avg_hourly,0.6754996
36,25,total_lmp_da,0.60655004
37,1,gross_sched_interchange_mw,0.63684714
37,2,da_as_as_mw_thirty_minutes_reserve,0.62315744
37,3,gen_fuel_nuclear_mw,0.6722081
37,4,da_as_total_mw_thirty_minutes_reserve,0.6253157
37,5,gen_fuel_gas_mw,0.64599466
37,6,total_pjm_rmccp_cr,0.8166341
37,7,da_as_as_req_mw_thirty_minutes_reserve,0.33256897
37,8,da_as_as_req_mw_primary_reserve,0.3602598
37,9,forecast_load_mw_day_ahead,0.6675601
37,10,da_as_as_req_mw_synchronized_reserve,0.35006416
37,11,da_as_as_mw_synchronized_reserve,0.34013486
37,12,gen_fuel_coal_mw,0.6891035
37,13,da_as_total_mw_synchronized_reserve,0.33344656
37,14,da_as_as_mw_primary_reserve,0.324019
37,15,gen_fuel_wind_mw,0.7457211
37,16,da_as_total_mw_primary_reserve,0.3256142
37,17,wind_generation_mw,0.7174391
37,18,total_pjm_assigned_reg,0.6065369
37,19,total_pjm_reg_purchases,0.6066599
37,20,total_pjm_rt_load_mwh,0.6793369
37,21,metered_load_mw,0.6771258
37,22,forecast_load_mw_latest_available,0.6753544
37,23,gross_inadv_interchange_mw,0.6749815
37,24,prelim_load_avg_hourly,0.6644931
37,25,total_lmp_da,0.6038618
38,1,gross_sched_interchange_mw,0.6166858
38,2,da_as_as_mw_thirty_minutes_reserve,0.6095473
38,3,gen_fuel_nuclear_mw,0.658519
38,4,da_as_total_mw_thirty_minutes_reserve,0.6136634
38,5,gen_fuel_gas_mw,0.64245105
38,6,total_pjm_rmccp_cr,0.8213416
38,7,da_as_as_req_mw_thirty_minutes_reserve,0.31257918
38,8,da_as_as_req_mw_primary_reserve,0.3409087
38,9,forecast_load_mw_day_ahead,0.67183805
38,10,da_as_as_req_mw_synchronized_reserve,0.33252174
38,11,da_as_as_mw_synchronized_reserve,0.32987043
38,12,gen_fuel_coal_mw,0.69378537
38,13,da_as_total_mw_synchronized_reserve,0.3237251
38,14,da_as_as_mw_primary_reserve,0.31176084
38,15,gen_fuel_wind_mw,0.76460594
38,16,da_as_total_mw_primary_reserve,0.3140876
38,17,wind_generation_mw,0.7370326
38,18,total_pjm_assigned_reg,0.6307481
38,19,total_pjm_reg_purchases,0.6295371
38,20,total_pjm_rt_load_mwh,0.68941355
38,21,metered_load_mw,0.6873044
38,22,forecast_load_mw_latest_available,0.68611676
38,23,gross_inadv_interchange_mw,0.68473965
38,24,prelim_load_avg_hourly,0.6756227
38,25,total_lmp_da,0.6263187
39,1,gross_sched_interchange_mw,0.62060255
39,2,da_as_as_mw_thirty_minutes_reserve,0.61166114
39,3,gen_fuel_nuclear_mw,0.6618534
39,4,da_as_total_mw_thirty_minutes_reserve,0.6152281
39,5,gen_fuel_gas_mw,0.6420382
39,6,total_pjm_rmccp_cr,0.8236336
39,7,da_as_as_req_mw_thirty_minutes_reserve,0.3182856
39,8,da_as_as_req_mw_primary_reserve,0.34661567
39,9,forecast_load_mw_day_ahead,0.67047256
39,10,da_as_as_req_mw_synchronized_reserve,0.3374553
39,11,da_as_as_mw_synchronized_reserve,0.33164936
39,12,gen_fuel_coal_mw,0.6933596
39,13,da_as_total_mw_synchronized_reserve,0.3254588
39,14,da_as_as_mw_primary_reserve,0.3148652
39,15,gen_fuel_wind_mw,0.76319087
39,16,da_as_total_mw_primary_reserve,0.31711233
39,17,wind_generation_mw,0.73504746
39,18,total_pjm_assigned_reg,0.630844
39,19,total_pjm_reg_purchases,0.6303377
39,20,total_pjm_rt_load_mwh,0.68701345
39,21,metered_load_mw,0.68507034
39,22,forecast_load_mw_latest_available,0.68371993
39,23,gross_inadv_interchange_mw,0.6826968
39,24,prelim_load_avg_hourly,0.6731261
39,25,total_lmp_da,0.6277314
40,1,gross_sched_interchange_mw,0.6230307
40,2,da_as_as_mw_thirty_minutes_reserve,0.61544144
40,3,gen_fuel_nuclear_mw,0.6642817
40,4,da_as_total_mw_thirty_minutes_reserve,0.6189617
40,5,gen_fuel_gas_mw,0.64677197
40,6,total_pjm_rmccp_cr,0.8227666
40,7,da_as_as_req_mw_thirty_minutes_reserve,0.311635
40,8,da_as_as_req_mw_primary_reserve,0.33980513
40,9,forecast_load_mw_day_ahead,0.6748761
40,10,da_as_as_req_mw_synchronized_reserve,0.33079618
40,11,da_as_as_mw_synchronized_reserve,0.32821968
40,12,gen_fuel_coal_mw,0.6970769
40,13,da_as_total_mw_synchronized_reserve,0.322069
40,14,da_as_as_mw_primary_reserve,0.3103575
40,15,gen_fuel_wind_mw,0.76668996
40,16,da_as_total_mw_primary_reserve,0.3125649
40,17,wind_generation_mw,0.7387001
40,18,total_pjm_assigned_reg,0.63029766
40,19,total_pjm_reg_purchases,0.62923515
40,20,total_pjm_rt_load_mwh,0.69132704
40,21,metered_load_mw,0.6894519
40,22,forecast_load_mw_latest_available,0.68792886
40,23,gross_inadv_interchange_mw,0.6863358
40,24,prelim_load_avg_hourly,0.6773394
40,25,total_lmp_da,0.62383205
41,1,gross_sched_interchange_mw,0.630659
41,2,da_as_as_mw_thirty_minutes_reserve,0.6213344
41,3,gen_fuel_nuclear_mw,0.670308
41,4,da_as_total_mw_thirty_minutes_reserve,0.62417704
41,5,gen_fuel_gas_mw,0.6499089
41,6,total_pjm_rmccp_cr,0.82339144
41,7,da_as_as_req_mw_thirty_minutes_reserve,0.31510028
41,8,da_as_as_req_mw_primary_reserve,0.34314746
41,9,forecast_load_mw_day_ahead,0.6758739
41,10,da_as_as_req_mw_synchronized_reserve,0.33347574
41,11,da_as_as_mw_synchronized_reserve,0.3292578
41,12,gen_fuel_coal_mw,0.6981263
41,13,da_as_total_mw_synchronized_reserve,0.32295054
41,14,da_as_as_mw_primary_reserve,0.31183726
41,15,gen_fuel_wind_mw,0.76414067
41,16,da_as_total_mw_primary_reserve,0.31385994
41,17,wind_generation_mw,0.7358145
41,18,total_pjm_assigned_reg,0.6249207
41,19,total_pjm_reg_purchases,0.6241575
41,20,total_pjm_rt_load_mwh,0.69064164
41,21,metered_load_mw,0.6888211
41,22,forecast_load_mw_latest_available,0.68703824
41,23,gross_inadv_interchange_mw,0.6855674
41,24,prelim_load_avg_hourly,0.6763144
41,25,total_lmp_da,0.61807376
42,1,gross_sched_interchange_mw,0.6178979
42,2,da_as_as_mw_thirty_minutes_reserve,0.6128677
42,3,gen_fuel_nuclear_mw,0.6613914
42,4,da_as_total_mw_thirty_minutes_reserve,0.6169121
42,5,gen_fuel_gas_mw,0.64765143
42,6,total_pjm_rmccp_cr,0.8239566
42,7,da_as_as_req_mw_thirty_minutes_reserve,0.30274305
42,8,da_as_as_req_mw_primary_reserve,0.33093357
42,9,forecast_load_mw_day_ahead,0.6780214
42,10,da_as_as_req_mw_synchronized_reserve,0.32244658
42,11,da_as_as_mw_synchronized_reserve,0.3231745
42,12,gen_fuel_coal_mw,0.70026046
42,13,da_as_total_mw_synchronized_reserve,0.3172752
42,14,da_as_as_mw_primary_reserve,0.30450913
42,15,gen_fuel_wind_mw,0.7742099
42,16,da_as_total_mw_primary_reserve,0.30693394
42,17,wind_generation_mw,0.7464085
42,18,total_pjm_assigned_reg,0.63804626
42,19,total_pjm_reg_purchases,0.63642246
42,20,total_pjm_rt_load_mwh,0.6961357
42,21,metered_load_mw,0.69437253
42,22,forecast_load_mw_latest_available,0.6929033
42,23,gross_inadv_interchange_mw,0.69086236
42,24,prelim_load_avg_hourly,0.68243396
42,25,total_lmp_da,0.62983626
43,1,gross_sched_interchange_mw,0.6375961
43,2,da_as_as_mw_thirty_minutes_reserve,0.6257193
43,3,gen_fuel_nuclear_mw,0.6761991
43,4,da_as_total_mw_thirty_minutes_reserve,0.62762487
43,5,gen_fuel_gas_mw,0.65044343
43,6,total_pjm_rmccp_cr,0.82697207
43,7,da_as_as_req_mw_thirty_minutes_reserve,0.32168803
43,8,da_as_as_req_mw_primary_reserve,0.34967342
43,9,forecast_load_mw_day_ahead,0.67475706
43,10,da_as_as_req_mw_synchronized_reserve,0.33875728
43,11,da_as_as_mw_synchronized_reserve,0.33035195
43,12,gen_fuel_coal_mw,0.6983181
43,13,da_as_total_mw_synchronized_reserve,0.32393834
43,14,da_as_as_mw_primary_reserve,0.31468588
43,15,gen_fuel_wind_mw,0.7624625
43,16,da_as_total_mw_primary_reserve,0.31656528
43,17,wind_generation_mw,0.7332534
43,18,total_pjm_assigned_reg,0.6238981
43,19,total_pjm_reg_purchases,0.6240711
43,20,total_pjm_rt_load_mwh,0.68776727
43,21,metered_load_mw,0.68623316
43,22,forecast_load_mw_latest_available,0.68412685
43,23,gross_inadv_interchange_mw,0.6829795
43,24,prelim_load_avg_hourly,0.6732278
43,25,total_lmp_da,0.61800134
44,1,gross_sched_interchange_mw,0.63560045
44,2,da_as_as_mw_thirty_minutes_reserve,0.62724143
44,3,gen_fuel_nuclear_mw,0.67497236
44,4,da_as_total_mw_thirty_minutes_reserve,0.62989074
44,5,gen_fuel_gas_mw,0.65597886
44,6,total_pjm_rmccp_cr,0.8219991
44,7,da_as_as_req_mw_thirty_minutes_reserve,0.311019
44,8,da_as_as_req_mw_primary_reserve,0.3388223
44,9,forecast_load_mw_day_ahead,0.6808878
44,10,da_as_as_req_mw_synchronized_reserve,0.3290959
44,11,da_as_as_mw_synchronized_reserve,0.32760224
44,12,gen_fuel_coal_mw,0.70252454
44,13,da_as_total_mw_synchronized_reserve,0.32141665
44,14,da_as_as_mw_primary_reserve,0.3095079
44,15,gen_fuel_wind_mw,0.767633
44,16,da_as_total_mw_primary_reserve,0.31142667
44,17,wind_generation_mw,0.739284
44,18,total_pjm_assigned_reg,0.62466353
44,19,total_pjm_reg_purchases,0.6235724
44,20,total_pjm_rt_load_mwh,0.6950691
44,21,metered_load_mw,0.6933645
44,22,forecast_load_mw_latest_available,0.6913089
44,23,gross_inadv_interchange_mw,0.6895222
44,24,prelim_load_avg_hourly,0.680575
44,25,total_lmp_da,0.6147168
45,1,gross_sched_interchange_mw,0.6436285
45,2,da_as_as_mw_thirty_minutes_reserve,0.6266604
45,3,gen_fuel_nuclear_mw,0.6812206
45,4,da_as_total_mw_thirty_minutes_reserve,0.62747484
45,5,gen_fuel_gas_mw,0.6463086
45,6,total_pjm_rmccp_cr,0.841832
45,7,da_as_as_req_mw_thirty_minutes_reserve,0.33249912
45,8,da_as_as_req_mw_primary_reserve,0.36139587
45,9,forecast_load_mw_day_ahead,0.67086416
45,10,da_as_as_req_mw_synchronized_reserve,0.3487137
45,11,da_as_as_mw_synchronized_reserve,0.33051983
45,12,gen_fuel_coal_mw,0.69725525
45,13,da_as_total_mw_synchronized_reserve,0.32330424
45,14,da_as_as_mw_primary_reserve,0.31717378
45,15,gen_fuel_wind_mw,0.76002014
45,16,da_as_total_mw_primary_reserve,0.3191209
45,17,wind_generation_mw,0.7299172
45,18,total_pjm_assigned_reg,0.62462527
45,19,total_pjm_reg_purchases,0.6261058
45,20,total_pjm_rt_load_mwh,0.68268174
45,21,metered_load_mw,0.6813154
45,22,forecast_load_mw_latest_available,0.6792636
45,23,gross_inadv_interchange_mw,0.6782713
45,24,prelim_load_avg_hourly,0.6680392
45,25,total_lmp_da,0.62309533
46,1,gross_sched_interchange_mw,0.6453144
46,2,da_as_as_mw_thirty_minutes_reserve,0.628845
46,3,gen_fuel_nuclear_mw,0.6826948
46,4,da_as_total_mw_thirty_minutes_reserve,0.6297484
46,5,gen_fuel_gas_mw,0.64925504
46,6,total_pjm_rmccp_cr,0.84272754
46,7,da_as_as_req_mw_thirty_minutes_reserve,0.3289586
46,8,da_as_as_req_mw_primary_reserve,0.35800025
46,9,forecast_load_mw_day_ahead,0.6738189
46,10,da_as_as_req_mw_synchronized_reserve,0.34556043
46,11,da_as_as_mw_synchronized_reserve,0.32896826
46,12,gen_fuel_coal_mw,0.69959927
46,13,da_as_total_mw_synchronized_reserve,0.32161468
46,14,da_as_as_mw_primary_reserve,0.31461325
46,15,gen_fuel_wind_mw,0.76158893
46,16,da_as_total_mw_primary_reserve,0.316566
46,17,wind_generation_mw,0.73180944
46,18,total_pjm_assigned_reg,0.62321675
46,19,total_pjm_reg_purchases,0.624237
46,20,total_pjm_rt_load_mwh,0.6857698
46,21,metered_load_mw,0.6842953
46,22,forecast_load_mw_latest_available,0.6822695
46,23,gross_inadv_interchange_mw,0.6809162
46,24,prelim_load_avg_hourly,0.6710317
46,25,total_lmp_da,0.62028545
47,1,gross_sched_interchange_mw,0.6455119
47,2,da_as_as_mw_thirty_minutes_reserve,0.6271609
47,3,gen_fuel_nuclear_mw,0.6831302
47,4,da_as_total_mw_thirty_minutes_reserve,0.6276457
47,5,gen_fuel_gas_mw,0.64545816
47,6,total_pjm_rmccp_cr,0.8471595
47,7,da_as_as_req_mw_thirty_minutes_reserve,0.33565113
47,8,da_as_as_req_mw_primary_reserve,0.36486614
47,9,forecast_load_mw_day_ahead,0.6704102
47,10,da_as_as_req_mw_synchronized_reserve,0.35158285
47,11,da_as_as_mw_synchronized_reserve,0.33037475
47,12,gen_fuel_coal_mw,0.69787043
47,13,da_as_total_mw_synchronized_reserve,0.32294977
47,14,da_as_as_mw_primary_reserve,0.31784052
47,15,gen_fuel_wind_mw,0.7609766
47,16,da_as_total_mw_primary_reserve,0.319845
47,17,wind_generation_mw,0.7305556
47,18,total_pjm_assigned_reg,0.62714165
47,19,total_pjm_reg_purchases,0.6290481
47,20,total_pjm_rt_load_mwh,0.68202746
47,21,metered_load_mw,0.6807725
47,22,forecast_load_mw_latest_available,0.6787259
47,23,gross_inadv_interchange_mw,0.67775583
47,24,prelim_load_avg_hourly,0.6674162
47,25,total_lmp_da,0.62688595
48,1,gross_sched_interchange_mw,0.6480387
48,2,da_as_as_mw_thirty_minutes_reserve,0.6307591
48,3,gen_fuel_nuclear_mw,0.68558735
48,4,da_as_total_mw_thirty_minutes_reserve,0.63126755
48,5,gen_fuel_gas_mw,0.65084237
48,6,total_pjm_rmccp_cr,0.8527962
48,7,da_as_as_req_mw_thirty_minutes_reserve,0.32327446
48,8,da_as_as_req_mw_primary_reserve,0.35302612
48,9,forecast_load_mw_day_ahead,0.67683
48,10,da_as_as_req_mw_synchronized_reserve,0.340073
48,11,da_as_as_mw_synchronized_reserve,0.32222697
48,12,gen_fuel_coal_mw,0.7035352
48,13,da_as_total_mw_synchronized_reserve,0.31430572
48,14,da_as_as_mw_primary_reserve,0.3072946
48,15,gen_fuel_wind_mw,0.7663335
48,16,da_as_total_mw_primary_reserve,0.30939725
48,17,wind_generation_mw,0.73652536
48,18,total_pjm_assigned_reg,0.62512916
48,19,total_pjm_reg_purchases,0.6259108
48,20,total_pjm_rt_load_mwh,0.6890945
48,21,metered_load_mw,0.68772125
48,22,forecast_load_mw_latest_available,0.6857389
48,23,gross_inadv_interchange_mw,0.683388
48,24,prelim_load_avg_hourly,0.6743385
48,25,total_lmp_da,0.62061965
49,1,gross_sched_interchange_mw,0.6474488
49,2,da_as_as_mw_thirty_minutes_reserve,0.6331405
49,3,gen_fuel_nuclear_mw,0.68531346
49,4,da_as_total_mw_thirty_minutes_reserve,0.63423795
49,5,gen_fuel_gas_mw,0.6563251
49,6,total_pjm_rmccp_cr,0.8472483
49,7,da_as_as_req_mw_thirty_minutes_reserve,0.3154941
49,8,da_as_as_req_mw_primary_reserve,0.344907
49,9,forecast_load_mw_day_ahead,0.68214583
49,10,da_as_as_req_mw_synchronized_reserve,0.33299372
49,11,da_as_as_mw_synchronized_reserve,0.32133704
49,12,gen_fuel_coal_mw,0.7069463
49,13,da_as_total_mw_synchronized_reserve,0.3136954
49,14,da_as_as_mw_primary_reserve,0.30443838
49,15,gen_fuel_wind_mw,0.7697415
49,16,da_as_total_mw_primary_reserve,0.30651253
49,17,wind_generation_mw,0.7406648
49,18,total_pjm_assigned_reg,0.62460446
49,19,total_pjm_reg_purchases,0.6243511
49,20,total_pjm_rt_load_mwh,0.69506127
49,21,metered_load_mw,0.69353896
49,22,forecast_load_mw_latest_available,0.6915345
49,23,gross_inadv_interchange_mw,0.68880206
49,24,prelim_load_avg_hourly,0.6802995
49,25,total_lmp_da,0.61658496
50,1,gross_sched_interchange_mw,0.6351626
50,2,da_as_as_mw_thirty_minutes_reserve,0.6169313
50,3,gen_fuel_nuclear_mw,0.67642343
50,4,da_as_total_mw_thirty_minutes_reserve,0.61798984
50,5,gen_fuel_gas_mw,0.6379503
50,6,total_pjm_rmccp_cr,0.8590207
50,7,da_as_as_req_mw_thirty_minutes_reserve,0.33255777
50,8,da_as_as_req_mw_primary_reserve,0.36291263
50,9,forecast_load_mw_day_ahead,0.6683908
50,10,da_as_as_req_mw_synchronized_reserve,0.34960768
50,11,da_as_as_mw_synchronized_reserve,0.32522228
50,12,gen_fuel_coal_mw,0.69834274
50,13,da_as_total_mw_synchronized_reserve,0.31762156
50,14,da_as_as_mw_primary_reserve,0.31342337
50,15,gen_fuel_wind_mw,0.76978946
50,16,da_as_total_mw_primary_reserve,0.3159617
50,17,wind_generation_mw,0.7392382
50,18,total_pjm_assigned_reg,0.64353615
50,19,total_pjm_reg_purchases,0.64567983
50,20,total_pjm_rt_load_mwh,0.68309855
50,21,metered_load_mw,0.6819782
50,22,forecast_load_mw_latest_available,0.6804401
50,23,gross_inadv_interchange_mw,0.67921853
50,24,prelim_load_avg_hourly,0.66914177
50,25,total_lmp_da,0.6465529
51,1,gross_sched_interchange_mw,0.63331413
51,2,da_as_as_mw_thirty_minutes_reserve,0.61562
51,3,gen_fuel_nuclear_mw,0.67420715
51,4,da_as_total_mw_thirty_minutes_reserve,0.61647105
51,5,gen_fuel_gas_mw,0.63720274
51,6,total_pjm_rmccp_cr,0.8563057
51,7,da_as_as_req_mw_thirty_minutes_reserve,0.31790614
51,8,da_as_as_req_mw_primary_reserve,0.34798706
51,9,forecast_load_mw_day_ahead,0.6671081
51,10,da_as_as_req_mw_synchronized_reserve,0.33488432
51,11,da_as_as_mw_synchronized_reserve,0.3137633
51,12,gen_fuel_coal_mw,0.69644696
51,13,da_as_total_mw_synchronized_reserve,0.30604002
51,14,da_as_as_mw_primary_reserve,0.3005384
51,15,gen_fuel_wind_mw,0.76685286
51,16,da_as_total_mw_primary_reserve,0.30296707
51,17,wind_generation_mw,0.7360839
51,18,total_pjm_assigned_reg,0.6320573
51,19,total_pjm_reg_purchases,0.6335087
51,20,total_pjm_rt_load_mwh,0.6814866
51,21,metered_load_mw,0.6803119
51,22,forecast_load_mw_latest_available,0.6785801
51,23,gross_inadv_interchange_mw,0.6765451
51,24,prelim_load_avg_hourly,0.66706973
51,25,total_lmp_da,0.6313305
52,1,gross_sched_interchange_mw,0.62819403
52,2,da_as_as_mw_thirty_minutes_reserve,0.6106476
52,3,gen_fuel_nuclear_mw,0.6688261
52,4,da_as_total_mw_thirty_minutes_reserve,0.6113962
52,5,gen_fuel_gas_mw,0.6320581
52,6,total_pjm_rmccp_cr,0.84999627
52,7,da_as_as_req_mw_thirty_minutes_reserve,0.31248972
52,8,da_as_as_req_mw_primary_reserve,0.34196147
52,9,forecast_load_mw_day_ahead,0.66127604
52,10,da_as_as_req_mw_synchronized_reserve,0.32903686
52,11,da_as_as_mw_synchronized_reserve,0.30905464
52,12,gen_fuel_coal_mw,0.69039035
52,13,da_as_total_mw_synchronized_reserve,0.30150205
52,14,da_as_as_mw_primary_reserve,0.2958413
52,15,gen_fuel_wind_mw,0.76036566
52,16,da_as_total_mw_primary_reserve,0.29817048
52,17,wind_generation_mw,0.72927386
52,18,total_pjm_assigned_reg,0.62304723
52,19,total_pjm_reg_purchases,0.62439793
52,20,total_pjm_rt_load_mwh,0.67528266
52,21,metered_load_mw,0.67411095
52,22,forecast_load_mw_latest_available,0.6722551
52,23,gross_inadv_interchange_mw,0.67020357
52,24,prelim_load_avg_hourly,0.6606972
52,25,total_lmp_da,0.6214636
53,1,gross_sched_interchange_mw,0.6260803
53,2,da_as_as_mw_thirty_minutes_reserve,0.60619706
53,3,gen_fuel_nuclear_mw,0.66597164
53,4,da_as_total_mw_thirty_minutes_reserve,0.60639465
53,5,gen_fuel_gas_mw,0.62479794
53,6,total_pjm_rmccp_cr,0.8477656
53,7,da_as_as_req_mw_thirty_minutes_reserve,0.31257552
53,8,da_as_as_req_mw_primary_reserve,0.34181908
53,9,forecast_load_mw_day_ahead,0.652785
53,10,da_as_as_req_mw_synchronized_reserve,0.32823128
53,11,da_as_as_mw_synchronized_reserve,0.30497366
53,12,gen_fuel_coal_mw,0.6829275
53,13,da_as_total_mw_synchronized_reserve,0.29736763
53,14,da_as_as_mw_primary_reserve,0.2930699
53,15,gen_fuel_wind_mw,0.75155133
53,16,da_as_total_mw_primary_reserve,0.29524302
53,17,wind_generation_mw,0.71945095
53,18,total_pjm_assigned_reg,0.61333305
53,19,total_pjm_reg_purchases,0.6154147
53,20,total_pjm_rt_load_mwh,0.6655651
53,21,metered_load_mw,0.66445094
53,22,forecast_load_mw_latest_available,0.6624322
53,23,gross_inadv_interchange_mw,0.6608045
53,24,prelim_load_avg_hourly,0.65060985
53,25,total_lmp_da,0.6133769
54,1,gross_sched_interchange_mw,0.62206024
54,2,da_as_as_mw_thirty_minutes_reserve,0.59789795
54,3,gen_fuel_nuclear_mw,0.66126025
54,4,da_as_total_mw_thirty_minutes_reserve,0.59753376
54,5,gen_fuel_gas_mw,0.6124227
54,6,total_pjm_rmccp_cr,0.8493343
54,7,da_as_as_req_mw_thirty_minutes_reserve,0.31964326
54,8,da_as_as_req_mw_primary_reserve,0.3490968
54,9,forecast_load_mw_day_ahead,0.6399195
54,10,da_as_as_req_mw_synchronized_reserve,0.33452293
54,11,da_as_as_mw_synchronized_reserve,0.30364326
54,12,gen_fuel_coal_mw,0.67216563
54,13,da_as_total_mw_synchronized_reserve,0.29576838
54,14,da_as_as_mw_primary_reserve,0.29409888
54,15,gen_fuel_wind_mw,0.73957753
54,16,da_as_total_mw_primary_reserve,0.2962094
54,17,wind_generation_mw,0.7063194
54,18,total_pjm_assigned_reg,0.60494214
54,19,total_pjm_reg_purchases,0.60836166
54,20,total_pjm_rt_load_mwh,0.6516299
54,21,metered_load_mw,0.6504836
54,22,forecast_load_mw_latest_available,0.6485596
54,23,gross_inadv_interchange_mw,0.6478808
54,24,prelim_load_avg_hourly,0.6364381
54,25,total_lmp_da,0.6105916
55,1,gross_sched_interchange_mw,0.6164797
55,2,da_as_as_mw_thirty_minutes_reserve,0.59477866
55,3,gen_fuel_nuclear_mw,0.6562752
55,4,da_as_total_mw_thirty_minutes_reserve,0.5945483
55,5,gen_fuel_gas_mw,0.612103
55,6,total_pjm_rmccp_cr,0.8453313
55,7,da_as_as_req_mw_thirty_minutes_reserve,0.30018052
55,8,da_as_as_req_mw_primary_reserve,0.3291714
55,9,forecast_load_mw_day_ahead,0.64027464
55,10,da_as_as_req_mw_synchronized_reserve,0.31537306
55,11,da_as_as_mw_synchronized_reserve,0.29070836
55,12,gen_fuel_coal_mw,0.67147464
55,13,da_as_total_mw_synchronized_reserve,0.28290886
55,14,da_as_as_mw_primary_reserve,0.27905494
55,15,gen_fuel_wind_mw,0.74010956
55,16,da_as_total_mw_primary_reserve,0.28116554
55,17,wind_generation_mw,0.70699877
55,18,total_pjm_assigned_reg,0.59661305
55,19,total_pjm_reg_purchases,0.59879583
55,20,total_pjm_rt_load_mwh,0.65268946
55,21,metered_load_mw,0.6515373
55,22,forecast_load_mw_latest_available,0.64946216
55,23,gross_inadv_interchange_mw,0.647498
55,24,prelim_load_avg_hourly,0.63726467
55,25,total_lmp_da,0.5966318
56,1,gross_sched_interchange_mw,0.6126241
56,2,da_as_as_mw_thirty_minutes_reserve,0.5867665
56,3,gen_fuel_nuclear_mw,0.6521136
56,4,da_as_total_mw_thirty_minutes_reserve,0.5859251
56,5,gen_fuel_gas_mw,0.60021335
56,6,total_pjm_rmccp_cr,0.84983116
56,7,da_as_as_req_mw_thirty_minutes_reserve,0.30545038
56,8,da_as_as_req_mw_primary_reserve,0.3348646
56,9,forecast_load_mw_day_ahead,0.62859523
56,10,da_as_as_req_mw_synchronized_reserve,0.3199767
56,11,da_as_as_mw_synchronized_reserve,0.28788897
56,12,gen_fuel_coal_mw,0.66227466
56,13,da_as_total_mw_synchronized_reserve,0.27975646
56,14,da_as_as_mw_primary_reserve,0.27843207
56,15,gen_fuel_wind_mw,0.7308101
56,16,da_as_total_mw_primary_reserve,0.28053904
56,17,wind_generation_mw,0.696514
56,18,total_pjm_assigned_reg,0.5911312
56,19,total_pjm_reg_purchases,0.5946228
56,20,total_pjm_rt_load_mwh,0.64023757
56,21,metered_load_mw,0.63913876
56,22,forecast_load_mw_latest_available,0.63717407
56,23,gross_inadv_interchange_mw,0.6358545
56,24,prelim_load_avg_hourly,0.6246621
56,25,total_lmp_da,0.596204
57,1,gross_sched_interchange_mw,0.60689235
57,2,da_as_as_mw_thirty_minutes_reserve,0.57891405
57,3,gen_fuel_nuclear_mw,0.6464399
57,4,da_as_total_mw_thirty_minutes_reserve,0.5777278
57,5,gen_fuel_gas_mw,0.58991313
57,6,total_pjm_rmccp_cr,0.8467456
57,7,da_as_as_req_mw_thirty_minutes_reserve,0.30874822
57,8,da_as_as_req_mw_primary_reserve,0.33786952
57,9,forecast_load_mw_day_ahead,0.6177428
57,10,da_as_as_req_mw_synchronized_reserve,0.32240233
57,11,da_as_as_mw_synchronized_reserve,0.28637055
57,12,gen_fuel_coal_mw,0.65290296
57,13,da_as_total_mw_synchronized_reserve,0.27839696
57,14,da_as_as_mw_primary_reserve,0.2788525
57,15,gen_fuel_wind_mw,0.7217955
57,16,da_as_total_mw_primary_reserve,0.28089556
57,17,wind_generation_mw,0.6864548
57,18,total_pjm_assigned_reg,0.58590955
57,19,total_pjm_reg_purchases,0.5904239
57,20,total_pjm_rt_load_mwh,0.6286214
57,21,metered_load_mw,0.6276537
57,22,forecast_load_mw_latest_available,0.6256202
57,23,gross_inadv_interchange_mw,0.62518734
57,24,prelim_load_avg_hourly,0.61299896
57,25,total_lmp_da,0.5944528
58,1,gross_sched_interchange_mw,0.5954119
58,2,da_as_as_mw_thirty_minutes_reserve,0.569784
58,3,gen_fuel_nuclear_mw,0.6364925
58,4,da_as_total_mw_thirty_minutes_reserve,0.5692481
58,5,gen_fuel_gas_mw,0.5837938
58,6,total_pjm_rmccp_cr,0.8383836
58,7,da_as_as_req_mw_thirty_minutes_reserve,0.2991753
58,8,da_as_as_req_mw_primary_reserve,0.3277035
58,9,forecast_load_mw_day_ahead,0.612705
58,10,da_as_as_req_mw_synchronized_reserve,0.31318113
58,11,da_as_as_mw_synchronized_reserve,0.2810551
58,12,gen_fuel_coal_mw,0.64728576
58,13,da_as_total_mw_synchronized_reserve,0.27356258
58,14,da_as_as_mw_primary_reserve,0.27301604
58,15,gen_fuel_wind_mw,0.7195462
58,16,da_as_total_mw_primary_reserve,0.27510357
58,17,wind_generation_mw,0.6841721
58,18,total_pjm_assigned_reg,0.58332413
58,19,total_pjm_reg_purchases,0.5873808
58,20,total_pjm_rt_load_mwh,0.6248784
58,21,metered_load_mw,0.62386864
58,22,forecast_load_mw_latest_available,0.6218813
58,23,gross_inadv_interchange_mw,0.62150764
58,24,prelim_load_avg_hourly,0.60936904
58,25,total_lmp_da,0.59097505
59,1,gross_sched_interchange_mw,0.59536767
59,2,da_as_as_mw_thirty_minutes_reserve,0.56926066
59,3,gen_fuel_nuclear_mw,0.6351287
59,4,da_as_total_mw_thirty_minutes_reserve,0.568549
59,5,gen_fuel_gas_mw,0.58262056
59,6,total_pjm_rmccp_cr,0.8335926
59,7,da_as_as_req_mw_thirty_minutes_reserve,0.29266953
59,8,da_as_as_req_mw_primary_reserve,0.32090434
59,9,forecast_load_mw_day_ahead,0.6098283
59,10,da_as_as_req_mw_synchronized_reserve,0.30657893
59,11,da_as_as_mw_synchronized_reserve,0.2759483
59,12,gen_fuel_coal_mw,0.6434543
59,13,da_as_total_mw_synchronized_reserve,0.26834312
59,14,da_as_as_mw_primary_reserve,0.26706848
59,15,gen_fuel_wind_mw,0.7120781
59,16,da_as_total_mw_primary_reserve,0.26897046
59,17,wind_generation_mw,0.6766385
59,18,total_pjm_assigned_reg,0.5694042
59,19,total_pjm_reg_purchases,0.5731124
59,20,total_pjm_rt_load_mwh,0.6210105
59,21,metered_load_mw,0.619782
59,22,forecast_load_mw_latest_available,0.6176719
59,23,gross_inadv_interchange_mw,0.61708176
59,24,prelim_load_avg_hourly,0.6049657
59,25,total_lmp_da,0.5754247
60,1,gross_sched_interchange_mw,0.5834502
60,2,da_as_as_mw_thirty_minutes_reserve,0.553925
60,3,gen_fuel_nuclear_mw,0.6247539
60,4,da_as_total_mw_thirty_minutes_reserve,0.5527987
60,5,gen_fuel_gas_mw,0.56430423
60,6,total_pjm_rmccp_cr,0.8375301
60,7,da_as_as_req_mw_thirty_minutes_reserve,0.2988301
60,8,da_as_as_req_mw_primary_reserve,0.32724613
60,9,forecast_load_mw_day_ahead,0.5935369
60,10,da_as_as_req_mw_synchronized_reserve,0.31186226
60,11,da_as_as_mw_synchronized_reserve,0.2732354
60,12,gen_fuel_coal_mw,0.6308619
60,13,da_as_total_mw_synchronized_reserve,0.26568186
60,14,da_as_as_mw_primary_reserve,0.26762393
60,15,gen_fuel_wind_mw,0.7042069
60,16,da_as_total_mw_primary_reserve,0.269708
60,17,wind_generation_mw,0.6672576
60,18,total_pjm_assigned_reg,0.57206386
60,19,total_pjm_reg_purchases,0.57746434
60,20,total_pjm_rt_load_mwh,0.60503
60,21,metered_load_mw,0.6041464
60,22,forecast_load_mw_latest_available,0.60222274
60,23,gross_inadv_interchange_mw,0.6026918
60,24,prelim_load_avg_hourly,0.5894525
60,25,total_lmp_da,0.5849798
61,1,gross_sched_interchange_mw,0.5734399
61,2,da_as_as_mw_thirty_minutes_reserve,0.545318
61,3,gen_fuel_nuclear_mw,0.61630106
61,4,da_as_total_mw_thirty_minutes_reserve,0.5447247
61,5,gen_fuel_gas_mw,0.55781126
61,6,total_pjm_rmccp_cr,0.8320993
61,7,da_as_as_req_mw_thirty_minutes_reserve,0.2915009
61,8,da_as_as_req_mw_primary_reserve,0.31962603
61,9,forecast_load_mw_day_ahead,0.5881808
61,10,da_as_as_req_mw_synchronized_reserve,0.3048191
61,11,da_as_as_mw_synchronized_reserve,0.26824403
61,12,gen_fuel_coal_mw,0.62556404
61,13,da_as_total_mw_synchronized_reserve,0.26105028
61,14,da_as_as_mw_primary_reserve,0.2625815
61,15,gen_fuel_wind_mw,0.7025188
61,16,da_as_total_mw_primary_reserve,0.26470014
61,17,wind_generation_mw,0.6651994
61,18,total_pjm_assigned_reg,0.57103133
61,19,total_pjm_reg_purchases,0.57635117
61,20,total_pjm_rt_load_mwh,0.6008099
61,21,metered_load_mw,0.59990484
61,22,forecast_load_mw_latest_available,0.59804463
61,23,gross_inadv_interchange_mw,0.59875876
61,24,prelim_load_avg_hourly,0.5852726
61,25,total_lmp_da,0.5841898
62,1,gross_sched_interchange_mw,0.5757654
62,2,da_as_as_mw_thirty_minutes_reserve,0.5456222
62,3,gen_fuel_nuclear_mw,0.61657643
62,4,da_as_total_mw_thirty_minutes_reserve,0.5442901
62,5,gen_fuel_gas_mw,0.5554557
62,6,total_pjm_rmccp_cr,0.8309587
62,7,da_as_as_req_mw_thirty_minutes_reserve,0.2869303
62,8,da_as_as_req_mw_primary_reserve,0.31484
62,9,forecast_load_mw_day_ahead,0.58380294
62,10,da_as_as_req_mw_synchronized_reserve,0.29967192
62,11,da_as_as_mw_synchronized_reserve,0.2624194
62,12,gen_fuel_coal_mw,0.6209888
62,13,da_as_total_mw_synchronized_reserve,0.2548921
62,14,da_as_as_mw_primary_reserve,0.25638887
62,15,gen_fuel_wind_mw,0.69289166
62,16,da_as_total_mw_primary_reserve,0.25832826
62,17,wind_generation_mw,0.65533733
62,18,total_pjm_assigned_reg,0.555014
62,19,total_pjm_reg_purchases,0.5602488
62,20,total_pjm_rt_load_mwh,0.5946665
62,21,metered_load_mw,0.59367234
62,22,forecast_load_mw_latest_available,0.5916231
62,23,gross_inadv_interchange_mw,0.5918811
62,24,prelim_load_avg_hourly,0.57861024
62,25,total_lmp_da,0.56679386
63,1,gross_sched_interchange_mw,0.56797636
63,2,da_as_as_mw_thirty_minutes_reserve,0.5379616
63,3,gen_fuel_nuclear_mw,0.60964805
63,4,da_as_total_mw_thirty_minutes_reserve,0.5366148
63,5,gen_fuel_gas_mw,0.54798126
63,6,total_pjm_rmccp_cr,0.82779086
63,7,da_as_as_req_mw_thirty_minutes_reserve,0.28252643
63,8,da_as_as_req_mw_primary_reserve,0.3100768
63,9,forecast_load_mw_day_ahead,0.5770054
63,10,da_as_as_req_mw_synchronized_reserve,0.2949576
63,11,da_as_as_mw_synchronized_reserve,0.2577349
63,12,gen_fuel_coal_mw,0.61492246
63,13,da_as_total_mw_synchronized_reserve,0.2504272
63,14,da_as_as_mw_primary_reserve,0.25224963
63,15,gen_fuel_wind_mw,0.68920696
63,16,da_as_total_mw_primary_reserve,0.25422654
63,17,wind_generation_mw,0.65112066
63,18,total_pjm_assigned_reg,0.5525678
63,19,total_pjm_reg_purchases,0.557992
63,20,total_pjm_rt_load_mwh,0.588204
63,21,metered_load_mw,0.5873568
63,22,forecast_load_mw_latest_available,0.5852718
63,23,gross_inadv_interchange_mw,0.5856514
63,24,prelim_load_avg_hourly,0.57227623
63,25,total_lmp_da,0.56485224
64,1,gross_sched_interchange_mw,0.56684643
64,2,da_as_as_mw_thirty_minutes_reserve,0.5334703
64,3,gen_fuel_nuclear_mw,0.6069655
64,4,da_as_total_mw_thirty_minutes_reserve,0.53154397
64,5,gen_fuel_gas_mw,0.53943264
64,6,total_pjm_rmccp_cr,0.8240153
64,7,da_as_as_req_mw_thirty_minutes_reserve,0.28816676
64,8,da_as_as_req_mw_primary_reserve,0.31553376
64,9,forecast_load_mw_day_ahead,0.56613404
64,10,da_as_as_req_mw_synchronized_reserve,0.29969916
64,11,da_as_as_mw_synchronized_reserve,0.25786006
64,12,gen_fuel_coal_mw,0.60484886
64,13,da_as_total_mw_synchronized_reserve,0.2504757
64,14,da_as_as_mw_primary_reserve,0.2539486
64,15,gen_fuel_wind_mw,0.67495173
64,16,da_as_total_mw_primary_reserve,0.255744
64,17,wind_generation_mw,0.6361159
64,18,total_pjm_assigned_reg,0.54042614
64,19,total_pjm_reg_purchases,0.5468893
64,20,total_pjm_rt_load_mwh,0.57536834
64,21,metered_load_mw,0.5744673
64,22,forecast_load_mw_latest_available,0.57230026
64,23,gross_inadv_interchange_mw,0.57370394
64,24,prelim_load_avg_hourly,0.5591628
64,25,total_lmp_da,0.5564536
65,1,gross_sched_interchange_mw,0.56120795
65,2,da_as_as_mw_thirty_minutes_reserve,0.5297822
65,3,gen_fuel_nuclear_mw,0.6021572
65,4,da_as_total_mw_thirty_minutes_reserve,0.52800024
65,5,gen_fuel_gas_mw,0.53784174
65,6,total_pjm_rmccp_cr,0.81880796
65,7,da_as_as_req_mw_thirty_minutes_reserve,0.2749868
65,8,da_as_as_req_mw_primary_reserve,0.30181485
65,9,forecast_load_mw_day_ahead,0.5649275
65,10,da_as_as_req_mw_synchronized_reserve,0.28657138
65,11,da_as_as_mw_synchronized_reserve,0.24921153
65,12,gen_fuel_coal_mw,0.60308194
65,13,da_as_total_mw_synchronized_reserve,0.242083
65,14,da_as_as_mw_primary_reserve,0.2442624
65,15,gen_fuel_wind_mw,0.6750803
65,16,da_as_total_mw_primary_reserve,0.2460371
65,17,wind_generation_mw,0.635998
65,18,total_pjm_assigned_reg,0.53500426
65,19,total_pjm_reg_purchases,0.5407834
65,20,total_pjm_rt_load_mwh,0.57468027
65,21,metered_load_mw,0.5738401
65,22,forecast_load_mw_latest_available,0.5714839
65,23,gross_inadv_interchange_mw,0.57226205
65,24,prelim_load_avg_hourly,0.55828017
65,25,total_lmp_da,0.5474843
66,1,gross_sched_interchange_mw,0.5670229
66,2,da_as_as_mw_thirty_minutes_reserve,0.53002816
66,3,gen_fuel_nuclear_mw,0.60455877
66,4,da_as_total_mw_thirty_minutes_reserve,0.52693343
66,5,gen_fuel_gas_mw,0.5301423
66,6,total_pjm_rmccp_cr,0.81169766
66,7,da_as_as_req_mw_thirty_minutes_reserve,0.28785878
66,8,da_as_as_req_mw_primary_reserve,0.31424382
66,9,forecast_load_mw_day_ahead,0.5516598
66,10,da_as_as_req_mw_synchronized_reserve,0.29743627
66,11,da_as_as_mw_synchronized_reserve,0.2527906
66,12,gen_fuel_coal_mw,0.59073454
66,13,da_as_total_mw_synchronized_reserve,0.24557209
66,14,da_as_as_mw_primary_reserve,0.2505614
66,15,gen_fuel_wind_mw,0.6533412
66,16,da_as_total_mw_primary_reserve,0.25191075
66,17,wind_generation_mw,0.6130426
66,18,total_pjm_assigned_reg,0.5162795
66,19,total_pjm_reg_purchases,0.5239133
66,20,total_pjm_rt_load_mwh,0.55694145
66,21,metered_load_mw,0.5561666
66,22,forecast_load_mw_latest_available,0.55338866
66,23,gross_inadv_interchange_mw,0.5558801
66,24,prelim_load_avg_hourly,0.53997266
66,25,total_lmp_da,0.53337896
67,1,gross_sched_interchange_mw,0.5513746
67,2,da_as_as_mw_thirty_minutes_reserve,0.5134587
67,3,gen_fuel_nuclear_mw,0.5916717
67,4,da_as_total_mw_thirty_minutes_reserve,0.5106541
67,5,gen_fuel_gas_mw,0.51428396
67,6,total_pjm_rmccp_cr,0.819036
67,7,da_as_as_req_mw_thirty_minutes_reserve,0.28671846
67,8,da_as_as_req_mw_primary_reserve,0.31359577
67,9,forecast_load_mw_day_ahead,0.5402314
67,10,da_as_as_req_mw_synchronized_reserve,0.29660815
67,11,da_as_as_mw_synchronized_reserve,0.24787794
67,12,gen_fuel_coal_mw,0.5822357
67,13,da_as_total_mw_synchronized_reserve,0.24066561
67,14,da_as_as_mw_primary_reserve,0.24712373
67,15,gen_fuel_wind_mw,0.65315354
67,16,da_as_total_mw_primary_reserve,0.2488301
67,17,wind_generation_mw,0.6121014
67,18,total_pjm_assigned_reg,0.5250183
67,19,total_pjm_reg_purchases,0.53338635
67,20,total_pjm_rt_load_mwh,0.54788435
67,21,metered_load_mw,0.5473154
67,22,forecast_load_mw_latest_available,0.54502946
67,23,gross_inadv_interchange_mw,0.54775494
67,24,prelim_load_avg_hourly,0.5316954
67,25,total_lmp_da,0.5470294
68,1,gross_sched_interchange_mw,0.5536993
68,2,da_as_as_mw_thirty_minutes_reserve,0.5162457
68,3,gen_fuel_nuclear_mw,0.59200084
68,4,da_as_total_mw_thirty_minutes_reserve,0.51324403
68,5,gen_fuel_gas_mw,0.51646715
68,6,total_pjm_rmccp_cr,0.8071677
68,7,da_as_as_req_mw_thirty_minutes_reserve,0.28064066
68,8,da_as_as_req_mw_primary_reserve,0.30673242
68,9,forecast_load_mw_day_ahead,0.5390091
68,10,da_as_as_req_mw_synchronized_reserve,0.29016384
68,11,da_as_as_mw_synchronized_reserve,0.2450954
68,12,gen_fuel_coal_mw,0.5788877
68,13,da_as_total_mw_synchronized_reserve,0.2380084
68,14,da_as_as_mw_primary_reserve,0.24328734
68,15,gen_fuel_wind_mw,0.64362633
68,16,da_as_total_mw_primary_reserve,0.24469459
68,17,wind_generation_mw,0.6028457
68,18,total_pjm_assigned_reg,0.5082223
68,19,total_pjm_reg_purchases,0.5160495
68,20,total_pjm_rt_load_mwh,0.54484713
68,21,metered_load_mw,0.5440769
68,22,forecast_load_mw_latest_available,0.54143935
68,23,gross_inadv_interchange_mw,0.5440865
68,24,prelim_load_avg_hourly,0.5280227
68,25,total_lmp_da,0.5269285
69,1,gross_sched_interchange_mw,0.54875356
69,2,da_as_as_mw_thirty_minutes_reserve,0.50994486
69,3,gen_fuel_nuclear_mw,0.5868695
69,4,da_as_total_mw_thirty_minutes_reserve,0.5066546
69,5,gen_fuel_gas_mw,0.5082316
69,6,total_pjm_rmccp_cr,0.8017271
69,7,da_as_as_req_mw_thirty_minutes_reserve,0.28200197
69,8,da_as_as_req_mw_primary_reserve,0.3076809
69,9,forecast_load_mw_day_ahead,0.5297193
69,10,da_as_as_req_mw_synchronized_reserve,0.290764
69,11,da_as_as_mw_synchronized_reserve,0.24359404
69,12,gen_fuel_coal_mw,0.5703337
69,13,da_as_total_mw_synchronized_reserve,0.23669976
69,14,da_as_as_mw_primary_reserve,0.2430554
69,15,gen_fuel_wind_mw,0.6343299
69,16,da_as_total_mw_primary_reserve,0.24438742
69,17,wind_generation_mw,0.59289634
69,18,total_pjm_assigned_reg,0.50209934
69,19,total_pjm_reg_purchases,0.51064444
69,20,total_pjm_rt_load_mwh,0.53462994
69,21,metered_load_mw,0.5339847
69,22,forecast_load_mw_latest_available,0.5312323
69,23,gross_inadv_interchange_mw,0.5346535
69,24,prelim_load_avg_hourly,0.51785064
69,25,total_lmp_da,0.5230597
70,1,gross_sched_interchange_mw,0.55109745
70,2,da_as_as_mw_thirty_minutes_reserve,0.51316404
70,3,gen_fuel_nuclear_mw,0.5881711
70,4,da_as_total_mw_thirty_minutes_reserve,0.50971466
70,5,gen_fuel_gas_mw,0.5116137
70,6,total_pjm_rmccp_cr,0.7935548
70,7,da_as_as_req_mw_thirty_minutes_reserve,0.2730508
70,8,da_as_as_req_mw_primary_reserve,0.2981894
70,9,forecast_load_mw_day_ahead,0.53084767
70,10,da_as_as_req_mw_synchronized_reserve,0.28163102
70,11,da_as_as_mw_synchronized_reserve,0.23853517
70,12,gen_fuel_coal_mw,0.5699469
70,13,da_as_total_mw_synchronized_reserve,0.23175399
70,14,da_as_as_mw_primary_reserve,0.2368184
70,15,gen_fuel_wind_mw,0.6304324
70,16,da_as_total_mw_primary_reserve,0.2379275
70,17,wind_generation_mw,0.5889322
70,18,total_pjm_assigned_reg,0.49021798
70,19,total_pjm_reg_purchases,0.4981743
70,20,total_pjm_rt_load_mwh,0.53458697
70,21,metered_load_mw,0.5338513
70,22,forecast_load_mw_latest_available,0.53073335
70,23,gross_inadv_interchange_mw,0.53375816
70,24,prelim_load_avg_hourly,0.5171692
70,25,total_lmp_da,0.50706106
71,1,gross_sched_interchange_mw,0.5367151
71,2,da_as_as_mw_thirty_minutes_reserve,0.49833852
71,3,gen_fuel_nuclear_mw,0.5757362
71,4,da_as_total_mw_thirty_minutes_reserve,0.49533212
71,5,gen_fuel_gas_mw,0.49752668
71,6,total_pjm_rmccp_cr,0.7943702
71,7,da_as_as_req_mw_thirty_minutes_reserve,0.27458206
71,8,da_as_as_req_mw_primary_reserve,0.29984573
71,9,forecast_load_mw_day_ahead,0.51959884
71,10,da_as_as_req_mw_synchronized_reserve,0.28337178
71,11,da_as_as_mw_synchronized_reserve,0.23719205
71,12,gen_fuel_coal_mw,0.5604182
71,13,da_as_total_mw_synchronized_reserve,0.23057434
71,14,da_as_as_mw_primary_reserve,0.23683344
71,15,gen_fuel_wind_mw,0.62654203
71,16,da_as_total_mw_primary_reserve,0.23818325
71,17,wind_generation_mw,0.58468866
71,18,total_pjm_assigned_reg,0.4952795
71,19,total_pjm_reg_purchases,0.5038884
71,20,total_pjm_rt_load_mwh,0.5250896
71,21,metered_load_mw,0.5244194
71,22,forecast_load_mw_latest_available,0.5217317
71,23,gross_inadv_interchange_mw,0.5254863
71,24,prelim_load_avg_hourly,0.5083817
71,25,total_lmp_da,0.51724434
72,1,gross_sched_interchange_mw,0.53357536
72,2,da_as_as_mw_thirty_minutes_reserve,0.4972907
72,3,gen_fuel_nuclear_mw,0.57269824
72,4,da_as_total_mw_thirty_minutes_reserve,0.49442166
72,5,gen_fuel_gas_mw,0.49808422
72,6,total_pjm_rmccp_cr,0.78376186
72,7,da_as_as_req_mw_thirty_minutes_reserve,0.26488703
72,8,da_as_as_req_mw_primary_reserve,0.28939614
72,9,forecast_load_mw_day_ahead,0.5191236
72,10,da_as_as_req_mw_synchronized_reserve,0.27356175
72,11,da_as_as_mw_synchronized_reserve,0.23214772
72,12,gen_fuel_coal_mw,0.5586498
72,13,da_as_total_mw_synchronized_reserve,0.22587752
72,14,da_as_as_mw_primary_reserve,0.23086156
72,15,gen_fuel_wind_mw,0.6245562
72,16,da_as_total_mw_primary_reserve,0.23209655
72,17,wind_generation_mw,0.5826154
72,18,total_pjm_assigned_reg,0.48806491
72,19,total_pjm_reg_purchases,0.49604833
72,20,total_pjm_rt_load_mwh,0.5244176
72,21,metered_load_mw,0.52376986
72,22,forecast_load_mw_latest_available,0.520782
72,23,gross_inadv_interchange_mw,0.5242711
72,24,prelim_load_avg_hourly,0.50742924
72,25,total_lmp_da,0.5063851
73,1,gross_sched_interchange_mw,0.5302877
73,2,da_as_as_mw_thirty_minutes_reserve,0.49210575
73,3,gen_fuel_nuclear_mw,0.56834227
73,4,da_as_total_mw_thirty_minutes_reserve,0.48895046
73,5,gen_fuel_gas_mw,0.4906462
73,6,total_pjm_rmccp_cr,0.7799286
73,7,da_as_as_req_mw_thirty_minutes_reserve,0.2670553
73,8,da_as_as_req_mw_primary_reserve,0.29140124
73,9,forecast_load_mw_day_ahead,0.5104443
73,10,da_as_as_req_mw_synchronized_reserve,0.27529255
73,11,da_as_as_mw_synchronized_reserve,0.23143099
73,12,gen_fuel_coal_mw,0.55020666
73,13,da_as_total_mw_synchronized_reserve,0.22509824
73,14,da_as_as_mw_primary_reserve,0.23090066
73,15,gen_fuel_wind_mw,0.6130327
73,16,da_as_total_mw_primary_reserve,0.23205268
73,17,wind_generation_mw,0.57102996
73,18,total_pjm_assigned_reg,0.4788243
73,19,total_pjm_reg_purchases,0.48729354
73,20,total_pjm_rt_load_mwh,0.51468354
73,21,metered_load_mw,0.51396555
73,22,forecast_load_mw_latest_available,0.5110147
73,23,gross_inadv_interchange_mw,0.5150203
73,24,prelim_load_avg_hourly,0.497681
73,25,total_lmp_da,0.49939823
74,1,gross_sched_interchange_mw,0.52163583
74,2,da_as_as_mw_thirty_minutes_reserve,0.48299867
74,3,gen_fuel_nuclear_mw,0.5611807
74,4,da_as_total_mw_thirty_minutes_reserve,0.47979462
74,5,gen_fuel_gas_mw,0.48077828
74,6,total_pjm_rmccp_cr,0.77718365
74,7,da_as_as_req_mw_thirty_minutes_reserve,0.26623136
74,8,da_as_as_req_mw_primary_reserve,0.29037482
74,9,forecast_load_mw_day_ahead,0.50122297
74,10,da_as_as_req_mw_synchronized_reserve,0.27389044
74,11,da_as_as_mw_synchronized_reserve,0.22821361
74,12,gen_fuel_coal_mw,0.54269075
74,13,da_as_total_mw_synchronized_reserve,0.22221187
74,14,da_as_as_mw_primary_reserve,0.22924465
74,15,gen_fuel_wind_mw,0.60997266
74,16,da_as_total_mw_primary_reserve,0.23041598
74,17,wind_generation_mw,0.56665957
74,18,total_pjm_assigned_reg,0.48129317
74,19,total_pjm_reg_purchases,0.49074766
74,20,total_pjm_rt_load_mwh,0.50565314
74,21,metered_load_mw,0.50526595
74,22,forecast_load_mw_latest_available,0.5022356
74,23,gross_inadv_interchange_mw,0.50699365
74,24,prelim_load_avg_hourly,0.48891836
74,25,total_lmp_da,0.5043212
75,1,gross_sched_interchange_mw,0.5204383
75,2,da_as_as_mw_thirty_minutes_reserve,0.4829815
75,3,gen_fuel_nuclear_mw,0.5591768
75,4,da_as_total_mw_thirty_minutes_reserve,0.47989678
75,5,gen_fuel_gas_mw,0.4821269
75,6,total_pjm_rmccp_cr,0.7709476
75,7,da_as_as_req_mw_thirty_minutes_reserve,0.25769937
75,8,da_as_as_req_mw_primary_reserve,0.28145275
75,9,forecast_load_mw_day_ahead,0.5018279
75,10,da_as_as_req_mw_synchronized_reserve,0.26569048
75,11,da_as_as_mw_synchronized_reserve,0.22381504
75,12,gen_fuel_coal_mw,0.54164577
75,13,da_as_total_mw_synchronized_reserve,0.21779588
75,14,da_as_as_mw_primary_reserve,0.22331235
75,15,gen_fuel_wind_mw,0.60613084
75,16,da_as_total_mw_primary_reserve,0.22442064
75,17,wind_generation_mw,0.56349516
75,18,total_pjm_assigned_reg,0.47076043
75,19,total_pjm_reg_purchases,0.4792202
75,20,total_pjm_rt_load_mwh,0.5061421
75,21,metered_load_mw,0.50551456
75,22,forecast_load_mw_latest_available,0.50242394
75,23,gross_inadv_interchange_mw,0.5065361
75,24,prelim_load_avg_hourly,0.4890728
75,25,total_lmp_da,0.4905707
76,1,gross_sched_interchange_mw,0.51869136
76,2,da_as_as_mw_thirty_minutes_reserve,0.48163876
76,3,gen_fuel_nuclear_mw,0.5566548
76,4,da_as_total_mw_thirty_minutes_reserve,0.4783672
76,5,gen_fuel_gas_mw,0.47991198
76,6,total_pjm_rmccp_cr,0.75673765
76,7,da_as_as_req_mw_thirty_minutes_reserve,0.25501552
76,8,da_as_as_req_mw_primary_reserve,0.27792832
76,9,forecast_load_mw_day_ahead,0.49700427
76,10,da_as_as_req_mw_synchronized_reserve,0.2622768
76,11,da_as_as_mw_synchronized_reserve,0.22218771
76,12,gen_fuel_coal_mw,0.53589237
76,13,da_as_total_mw_synchronized_reserve,0.21653028
76,14,da_as_as_mw_primary_reserve,0.22194287
76,15,gen_fuel_wind_mw,0.5975512
76,16,da_as_total_mw_primary_reserve,0.22284207
76,17,wind_generation_mw,0.5546282
76,18,total_pjm_assigned_reg,0.46092692
76,19,total_pjm_reg_purchases,0.46949732
76,20,total_pjm_rt_load_mwh,0.49985877
76,21,metered_load_mw,0.49931186
76,22,forecast_load_mw_latest_available,0.4958449
76,23,gross_inadv_interchange_mw,0.5004738
76,24,prelim_load_avg_hourly,0.4825483
76,25,total_lmp_da,0.4794369
77,1,gross_sched_interchange_mw,0.51212054
77,2,da_as_as_mw_thirty_minutes_reserve,0.47408384
77,3,gen_fuel_nuclear_mw,0.550839
77,4,da_as_total_mw_thirty_minutes_reserve,0.4705948
77,5,gen_fuel_gas_mw,0.47112507
77,6,total_pjm_rmccp_cr,0.7554748
77,7,da_as_as_req_mw_thirty_minutes_reserve,0.25539204
77,8,da_as_as_req_mw_primary_reserve,0.27811798
77,9,forecast_load_mw_day_ahead,0.48859674
77,10,da_as_as_req_mw_synchronized_reserve,0.26207513
77,11,da_as_as_mw_synchronized_reserve,0.21976154
77,12,gen_fuel_coal_mw,0.52891046
77,13,da_as_total_mw_synchronized_reserve,0.21427414
77,14,da_as_as_mw_primary_reserve,0.22080834
77,15,gen_fuel_wind_mw,0.5928346
77,16,da_as_total_mw_primary_reserve,0.22174762
77,17,wind_generation_mw,0.5490836
77,18,total_pjm_assigned_reg,0.4607562
77,19,total_pjm_reg_purchases,0.47008207
77,20,total_pjm_rt_load_mwh,0.4913364
77,21,metered_load_mw,0.4910427
77,22,forecast_load_mw_latest_available,0.4875396
77,23,gross_inadv_interchange_mw,0.49272072
77,24,prelim_load_avg_hourly,0.47431865
77,25,total_lmp_da,0.48168135
78,1,gross_sched_interchange_mw,0.5037547
78,2,da_as_as_mw_thirty_minutes_reserve,0.46467096
78,3,gen_fuel_nuclear_mw,0.5435551
78,4,da_as_total_mw_thirty_minutes_reserve,0.4612766
78,5,gen_fuel_gas_mw,0.46075046
78,6,total_pjm_rmccp_cr,0.752992
78,7,da_as_as_req_mw_thirty_minutes_reserve,0.25804177
78,8,da_as_as_req_mw_primary_reserve,0.28073663
78,9,forecast_load_mw_day_ahead,0.47872877
78,10,da_as_as_req_mw_synchronized_reserve,0.26435986
78,11,da_as_as_mw_synchronized_reserve,0.2190545
78,12,gen_fuel_coal_mw,0.5204698
78,13,da_as_total_mw_synchronized_reserve,0.21379721
78,14,da_as_as_mw_primary_reserve,0.22171602
78,15,gen_fuel_wind_mw,0.58734447
78,16,da_as_total_mw_primary_reserve,0.22268526
78,17,wind_generation_mw,0.5426927
78,18,total_pjm_assigned_reg,0.46234468
78,19,total_pjm_reg_purchases,0.47271332
78,20,total_pjm_rt_load_mwh,0.48166654
78,21,metered_load_mw,0.4815165
78,22,forecast_load_mw_latest_available,0.47810918
78,23,gross_inadv_interchange_mw,0.48436975
78,24,prelim_load_avg_hourly,0.46496683
78,25,total_lmp_da,0.48751783
79,1,gross_sched_interchange_mw,0.49283746
79,2,da_as_as_mw_thirty_minutes_reserve,0.45799866
79,3,gen_fuel_nuclear_mw,0.5341628
79,4,da_as_total_mw_thirty_minutes_reserve,0.45558554
79,5,gen_fuel_gas_mw,0.45939717
79,6,total_pjm_rmccp_cr,0.7438624
79,7,da_as_as_req_mw_thirty_minutes_reserve,0.24238978
79,8,da_as_as_req_mw_primary_reserve,0.26465893
79,9,forecast_load_mw_day_ahead,0.47933796
79,10,da_as_as_req_mw_synchronized_reserve,0.24982132
79,11,da_as_as_mw_synchronized_reserve,0.21149988
79,12,gen_fuel_coal_mw,0.5193974
79,13,da_as_total_mw_synchronized_reserve,0.20651667
79,14,da_as_as_mw_primary_reserve,0.212061
79,15,gen_fuel_wind_mw,0.5906601
79,16,da_as_total_mw_primary_reserve,0.21311393
79,17,wind_generation_mw,0.5464592
79,18,total_pjm_assigned_reg,0.45973685
79,19,total_pjm_reg_purchases,0.46871096
79,20,total_pjm_rt_load_mwh,0.484543
79,21,metered_load_mw,0.48418087
79,22,forecast_load_mw_latest_available,0.4808924
79,23,gross_inadv_interchange_mw,0.48628846
79,24,prelim_load_avg_hourly,0.46776676
79,25,total_lmp_da,0.48079872
80,1,gross_sched_interchange_mw,0.50672513
80,2,da_as_as_mw_thirty_minutes_reserve,0.46749985
80,3,gen_fuel_nuclear_mw,0.5438031
80,4,da_as_total_mw_thirty_minutes_reserve,0.46334237
80,5,gen_fuel_gas_mw,0.4607822
80,6,total_pjm_rmccp_cr,0.7276841
80,7,da_as_as_req_mw_thirty_minutes_reserve,0.25239393
80,8,da_as_as_req_mw_primary_reserve,0.27361232
80,9,forecast_load_mw_day_ahead,0.47280326
80,10,da_as_as_req_mw_synchronized_reserve,0.25726432
80,11,da_as_as_mw_synchronized_reserve,0.2154113
80,12,gen_fuel_coal_mw,0.5123516
80,13,da_as_total_mw_synchronized_reserve,0.21056119
80,14,da_as_as_mw_primary_reserve,0.21795765
80,15,gen_fuel_wind_mw,0.57003164
80,16,da_as_total_mw_primary_reserve,0.21847199
80,17,wind_generation_mw,0.52524596
80,18,total_pjm_assigned_reg,0.43884596
80,19,total_pjm_reg_purchases,0.44909337
80,20,total_pjm_rt_load_mwh,0.4720511
80,21,metered_load_mw,0.4719839
80,22,forecast_load_mw_latest_available,0.46776804
80,23,gross_inadv_interchange_mw,0.47446963
80,24,prelim_load_avg_hourly,0.454626
80,25,total_lmp_da,0.45978752
81,1,gross_sched_interchange_mw,0.4927205
81,2,da_as_as_mw_thirty_minutes_reserve,0.4547689
81,3,gen_fuel_nuclear_mw,0.53208536
81,4,da_as_total_mw_thirty_minutes_reserve,0.45126992
81,5,gen_fuel_gas_mw,0.450848
81,6,total_pjm_rmccp_cr,0.7304444
81,7,da_as_as_req_mw_thirty_minutes_reserve,0.24592854
81,8,da_as_as_req_mw_primary_reserve,0.2673234
81,9,forecast_load_mw_day_ahead,0.46644175
81,10,da_as_as_req_mw_synchronized_reserve,0.25153753
81,11,da_as_as_mw_synchronized_reserve,0.21008743
81,12,gen_fuel_coal_mw,0.50698614
81,13,da_as_total_mw_synchronized_reserve,0.20533407
81,14,da_as_as_mw_primary_reserve,0.21255653
81,15,gen_fuel_wind_mw,0.5717538
81,16,da_as_total_mw_primary_reserve,0.21332894
81,17,wind_generation_mw,0.526705
81,18,total_pjm_assigned_reg,0.44367197
81,19,total_pjm_reg_purchases,0.45382184
81,20,total_pjm_rt_load_mwh,0.46818554
81,21,metered_load_mw,0.46811637
81,22,forecast_load_mw_latest_available,0.46430245
81,23,gross_inadv_interchange_mw,0.47087887
81,24,prelim_load_avg_hourly,0.45126075
81,25,total_lmp_da,0.46650755
82,1,gross_sched_interchange_mw,0.48572114
82,2,da_as_as_mw_thirty_minutes_reserve,0.4487413
82,3,gen_fuel_nuclear_mw,0.5256978
82,4,da_as_total_mw_thirty_minutes_reserve,0.44545627
82,5,gen_fuel_gas_mw,0.44527212
82,6,total_pjm_rmccp_cr,0.7182139
82,7,da_as_as_req_mw_thirty_minutes_reserve,0.2445688
82,8,da_as_as_req_mw_primary_reserve,0.26537168
82,9,forecast_load_mw_day_ahead,0.46027038
82,10,da_as_as_req_mw_synchronized_reserve,0.2498139
82,11,da_as_as_mw_synchronized_reserve,0.20923671
82,12,gen_fuel_coal_mw,0.5006109
82,13,da_as_total_mw_synchronized_reserve,0.20490934
82,14,da_as_as_mw_primary_reserve,0.21235694
82,15,gen_fuel_wind_mw,0.56675225
82,16,da_as_total_mw_primary_reserve,0.21308067
82,17,wind_generation_mw,0.52133256
82,18,total_pjm_assigned_reg,0.4417003
82,19,total_pjm_reg_purchases,0.45215324
82,20,total_pjm_rt_load_mwh,0.46195817
82,21,metered_load_mw,0.46200684
82,22,forecast_load_mw_latest_available,0.45806864
82,23,gross_inadv_interchange_mw,0.46539524
82,24,prelim_load_avg_hourly,0.44521058
82,25,total_lmp_da,0.46537882
83,1,gross_sched_interchange_mw,0.4799774
83,2,da_as_as_mw_thirty_minutes_reserve,0.44450766
83,3,gen_fuel_nuclear_mw,0.52054566
83,4,da_as_total_mw_thirty_minutes_reserve,0.441499
83,5,gen_fuel_gas_mw,0.44281137
83,6,total_pjm_rmccp_cr,0.71314865
83,7,da_as_as_req_mw_thirty_minutes_reserve,0.23711929
83,8,da_as_as_req_mw_primary_reserve,0.25765058
83,9,forecast_load_mw_day_ahead,0.4584449
83,10,da_as_as_req_mw_synchronized_reserve,0.24264932
83,11,da_as_as_mw_synchronized_reserve,0.20472479
83,12,gen_fuel_coal_mw,0.49829602
83,13,da_as_total_mw_synchronized_reserve,0.2005234
83,14,da_as_as_mw_primary_reserve,0.20712915
83,15,gen_fuel_wind_mw,0.5662015
83,16,da_as_total_mw_primary_reserve,0.20788048
83,17,wind_generation_mw,0.52077436
83,18,total_pjm_assigned_reg,0.43867186
83,19,total_pjm_reg_purchases,0.44863966
83,20,total_pjm_rt_load_mwh,0.4608432
83,21,metered_load_mw,0.4608645
83,22,forecast_load_mw_latest_available,0.45691955
83,23,gross_inadv_interchange_mw,0.46390784
83,24,prelim_load_avg_hourly,0.44406626
83,25,total_lmp_da,0.46064934
84,1,gross_sched_interchange_mw,0.46440414
84,2,da_as_as_mw_thirty_minutes_reserve,0.4304611
84,3,gen_fuel_nuclear_mw,0.507507
84,4,da_as_total_mw_thirty_minutes_reserve,0.42831838
84,5,gen_fuel_gas_mw,0.43203035
84,6,total_pjm_rmccp_cr,0.71765226
84,7,da_as_as_req_mw_thirty_minutes_reserve,0.23188482
84,8,da_as_as_req_mw_primary_reserve,0.25273123
84,9,forecast_load_mw_day_ahead,0.45191145
84,10,da_as_as_req_mw_synchronized_reserve,0.23834734
84,11,da_as_as_mw_synchronized_reserve,0.20042525
84,12,gen_fuel_coal_mw,0.49286062
84,13,da_as_total_mw_synchronized_reserve,0.1962958
84,14,da_as_as_mw_primary_reserve,0.20280986
84,15,gen_fuel_wind_mw,0.5691114
84,16,da_as_total_mw_primary_reserve,0.2038503
84,17,wind_generation_mw,0.52349454
84,18,total_pjm_assigned_reg,0.44626844
84,19,total_pjm_reg_purchases,0.4561917
84,20,total_pjm_rt_load_mwh,0.457354
84,21,metered_load_mw,0.45732358
84,22,forecast_load_mw_latest_available,0.45392522
84,23,gross_inadv_interchange_mw,0.46085864
84,24,prelim_load_avg_hourly,0.44119737
84,25,total_lmp_da,0.47103518
85,1,gross_sched_interchange_mw,0.48067075
85,2,da_as_as_mw_thirty_minutes_reserve,0.4407801
85,3,gen_fuel_nuclear_mw,0.5192249
85,4,da_as_total_mw_thirty_minutes_reserve,0.43667623
85,5,gen_fuel_gas_mw,0.43282244
85,6,total_pjm_rmccp_cr,0.70434904
85,7,da_as_as_req_mw_thirty_minutes_reserve,0.24396364
85,8,da_as_as_req_mw_primary_reserve,0.26403868
85,9,forecast_load_mw_day_ahead,0.44435617
85,10,da_as_as_req_mw_synchronized_reserve,0.24776548
85,11,da_as_as_mw_synchronized_reserve,0.20448457
85,12,gen_fuel_coal_mw,0.48525375
85,13,da_as_total_mw_synchronized_reserve,0.20035115
85,14,da_as_as_mw_primary_reserve,0.20922269
85,15,gen_fuel_wind_mw,0.5463111
85,16,da_as_total_mw_primary_reserve,0.20969833
85,17,wind_generation_mw,0.5000167
85,18,total_pjm_assigned_reg,0.42423496
85,19,total_pjm_reg_purchases,0.43578878
85,20,total_pjm_rt_load_mwh,0.4432905
85,21,metered_load_mw,0.4435314
85,22,forecast_load_mw_latest_available,0.43922964
85,23,gross_inadv_interchange_mw,0.44763136
85,24,prelim_load_avg_hourly,0.42640528
85,25,total_lmp_da,0.4499878
86,1,gross_sched_interchange_mw,0.46106616
86,2,da_as_as_mw_thirty_minutes_reserve,0.4251167
86,3,gen_fuel_nuclear_mw,0.5026473
86,4,da_as_total_mw_thirty_minutes_reserve,0.42246878
86,5,gen_fuel_gas_mw,0.42321864
86,6,total_pjm_rmccp_cr,0.7024321
86,7,da_as_as_req_mw_thirty_minutes_reserve,0.23482385
86,8,da_as_as_req_mw_primary_reserve,0.25499183
86,9,forecast_load_mw_day_ahead,0.43975878
86,10,da_as_as_req_mw_synchronized_reserve,0.24015804
86,11,da_as_as_mw_synchronized_reserve,0.2000692
86,12,gen_fuel_coal_mw,0.48052326
86,13,da_as_total_mw_synchronized_reserve,0.1961748
86,14,da_as_as_mw_primary_reserve,0.20386493
86,15,gen_fuel_wind_mw,0.5514902
86,16,da_as_total_mw_primary_reserve,0.20468646
86,17,wind_generation_mw,0.50560105
86,18,total_pjm_assigned_reg,0.43265882
86,19,total_pjm_reg_purchases,0.443463
86,20,total_pjm_rt_load_mwh,0.44285327
86,21,metered_load_mw,0.4429017
86,22,forecast_load_mw_latest_available,0.43924493
86,23,gross_inadv_interchange_mw,0.4473692
86,24,prelim_load_avg_hourly,0.42667735
86,25,total_lmp_da,0.45973954
87,1,gross_sched_interchange_mw,0.46927154
87,2,da_as_as_mw_thirty_minutes_reserve,0.43419585
87,3,gen_fuel_nuclear_mw,0.5090137
87,4,da_as_total_mw_thirty_minutes_reserve,0.43063334
87,5,gen_fuel_gas_mw,0.42970124
87,6,total_pjm_rmccp_cr,0.67330736
87,7,da_as_as_req_mw_thirty_minutes_reserve,0.23106062
87,8,da_as_as_req_mw_primary_reserve,0.24961795
87,9,forecast_load_mw_day_ahead,0.43992528
87,10,da_as_as_req_mw_synchronized_reserve,0.2345574
87,11,da_as_as_mw_synchronized_reserve,0.19876334
87,12,gen_fuel_coal_mw,0.47884852
87,13,da_as_total_mw_synchronized_reserve,0.1955187
87,14,da_as_as_mw_primary_reserve,0.20286322
87,15,gen_fuel_wind_mw,0.542898
87,16,da_as_total_mw_primary_reserve,0.20321
87,17,wind_generation_mw,0.4961802
87,18,total_pjm_assigned_reg,0.41792452
87,19,total_pjm_reg_purchases,0.42882746
87,20,total_pjm_rt_load_mwh,0.43907478
87,21,metered_load_mw,0.4395556
87,22,forecast_load_mw_latest_available,0.4347366
87,23,gross_inadv_interchange_mw,0.44339836
87,24,prelim_load_avg_hourly,0.42217338
87,25,total_lmp_da,0.43900865
88,1,gross_sched_interchange_mw,0.45383206
88,2,da_as_as_mw_thirty_minutes_reserve,0.42232722
88,3,gen_fuel_nuclear_mw,0.49620274
88,4,da_as_total_mw_thirty_minutes_reserve,0.4199768
88,5,gen_fuel_gas_mw,0.42298704
88,6,total_pjm_rmccp_cr,0.6683225
88,7,da_as_as_req_mw_thirty_minutes_reserve,0.22288337
88,8,da_as_as_req_mw_primary_reserve,0.24136734
88,9,forecast_load_mw_day_ahead,0.4368391
88,10,da_as_as_req_mw_synchronized_reserve,0.22749597
88,11,da_as_as_mw_synchronized_reserve,0.1948869
88,12,gen_fuel_coal_mw,0.47548532
88,13,da_as_total_mw_synchronized_reserve,0.19194447
88,14,da_as_as_mw_primary_reserve,0.19824074
88,15,gen_fuel_wind_mw,0.54773605
88,16,da_as_total_mw_primary_reserve,0.198827
88,17,wind_generation_mw,0.5010954
88,18,total_pjm_assigned_reg,0.42444667
88,19,total_pjm_reg_purchases,0.43475342
88,20,total_pjm_rt_load_mwh,0.43919984
88,21,metered_load_mw,0.4395513
88,22,forecast_load_mw_latest_available,0.43513367
88,23,gross_inadv_interchange_mw,0.44374985
88,24,prelim_load_avg_hourly,0.4227505
88,25,total_lmp_da,0.44616002
89,1,gross_sched_interchange_mw,0.45088223
89,2,da_as_as_mw_thirty_minutes_reserve,0.41571045
89,3,gen_fuel_nuclear_mw,0.49230364
89,4,da_as_total_mw_thirty_minutes_reserve,0.41278663
89,5,gen_fuel_gas_mw,0.4120075
89,6,total_pjm_rmccp_cr,0.6670586
89,7,da_as_as_req_mw_thirty_minutes_reserve,0.23144895
89,8,da_as_as_req_mw_primary_reserve,0.24992517
89,9,forecast_load_mw_day_ahead,0.42432773
89,10,da_as_as_req_mw_synchronized_reserve,0.23507573
89,11,da_as_as_mw_synchronized_reserve,0.1966072
89,12,gen_fuel_coal_mw,0.46437266
89,13,da_as_total_mw_synchronized_reserve,0.19364785
89,14,da_as_as_mw_primary_reserve,0.20214632
89,15,gen_fuel_wind_mw,0.5334505
89,16,da_as_total_mw_primary_reserve,0.20265882
89,17,wind_generation_mw,0.48641783
89,18,total_pjm_assigned_reg,0.41886142
89,19,total_pjm_reg_purchases,0.43061343
89,20,total_pjm_rt_load_mwh,0.42504722
89,21,metered_load_mw,0.42551103
89,22,forecast_load_mw_latest_available,0.42115343
89,23,gross_inadv_interchange_mw,0.43102667
89,24,prelim_load_avg_hourly,0.40892926
89,25,total_lmp_da,0.44623047
90,1,gross_sched_interchange_mw,0.45418125
90,2,da_as_as_mw_thirty_minutes_reserve,0.41805166
90,3,gen_fuel_nuclear_mw,0.4944315
90,4,da_as_total_mw_thirty_minutes_reserve,0.41460505
90,5,gen_fuel_gas_mw,0.41306573
90,6,total_pjm_rmccp_cr,0.6690196
90,7,da_as_as_req_mw_thirty_minutes_reserve,0.22577415
90,8,da_as_as_req_mw_primary_reserve,0.24422462
90,9,forecast_load_mw_day_ahead,0.4243056
90,10,da_as_as_req_mw_synchronized_reserve,0.2292676
90,11,da_as_as_mw_synchronized_reserve,0.19170992
90,12,gen_fuel_coal_mw,0.4641158
90,13,da_as_total_mw_synchronized_reserve,0.18848123
90,14,da_as_as_mw_primary_reserve,0.19642867
90,15,gen_fuel_wind_mw,0.5297663
90,16,da_as_total_mw_primary_reserve,0.19685324
90,17,wind_generation_mw,0.4827453
90,18,total_pjm_assigned_reg,0.40925154
90,19,total_pjm_reg_purchases,0.4206122
90,20,total_pjm_rt_load_mwh,0.42396832
90,21,metered_load_mw,0.42440993
90,22,forecast_load_mw_latest_available,0.4198713
90,23,gross_inadv_interchange_mw,0.42893904
90,24,prelim_load_avg_hourly,0.4074221
90,25,total_lmp_da,0.4336626
91,1,gross_sched_interchange_mw,0.45071465
91,2,da_as_as_mw_thirty_minutes_reserve,0.41333398
91,3,gen_fuel_nuclear_mw,0.49031252
91,4,da_as_total_mw_thirty_minutes_reserve,0.40988812
91,5,gen_fuel_gas_mw,0.40659186
91,6,total_pjm_rmccp_cr,0.6591196
91,7,da_as_as_req_mw_thirty_minutes_reserve,0.23242666
91,8,da_as_as_req_mw_primary_reserve,0.25060096
91,9,forecast_load_mw_day_ahead,0.41632855
91,10,da_as_as_req_mw_synchronized_reserve,0.235379
91,11,da_as_as_mw_synchronized_reserve,0.19516294
91,12,gen_fuel_coal_mw,0.45602256
91,13,da_as_total_mw_synchronized_reserve,0.19213487
91,14,da_as_as_mw_primary_reserve,0.20124409
91,15,gen_fuel_wind_mw,0.5189933
91,16,da_as_total_mw_primary_reserve,0.20158105
91,17,wind_generation_mw,0.47221464
91,18,total_pjm_assigned_reg,0.40529147
91,19,total_pjm_reg_purchases,0.41741446
91,20,total_pjm_rt_load_mwh,0.4150959
91,21,metered_load_mw,0.41549343
91,22,forecast_load_mw_latest_available,0.41101512
91,23,gross_inadv_interchange_mw,0.42130816
91,24,prelim_load_avg_hourly,0.3988185
91,25,total_lmp_da,0.4335596
92,1,gross_sched_interchange_mw,0.45055178
92,2,da_as_as_mw_thirty_minutes_reserve,0.4146372
92,3,gen_fuel_nuclear_mw,0.49005097
92,4,da_as_total_mw_thirty_minutes_reserve,0.41105524
92,5,gen_fuel_gas_mw,0.40869763
92,6,total_pjm_rmccp_cr,0.64988774
92,7,da_as_as_req_mw_thirty_minutes_reserve,0.22367446
92,8,da_as_as_req_mw_primary_reserve,0.24132562
92,9,forecast_load_mw_day_ahead,0.41738504
92,10,da_as_as_req_mw_synchronized_reserve,0.22649157
92,11,da_as_as_mw_synchronized_reserve,0.19009328
92,12,gen_fuel_coal_mw,0.45622668
92,13,da_as_total_mw_synchronized_reserve,0.18721627
92,14,da_as_as_mw_primary_reserve,0.19523716
92,15,gen_fuel_wind_mw,0.5186802
92,16,da_as_total_mw_primary_reserve,0.19548151
92,17,wind_generation_mw,0.47161242
92,18,total_pjm_assigned_reg,0.39882222
92,19,total_pjm_reg_purchases,0.41035226
92,20,total_pjm_rt_load_mwh,0.41564727
92,21,metered_load_mw,0.41614577
92,22,forecast_load_mw_latest_available,0.41130328
92,23,gross_inadv_interchange_mw,0.42106953
92,24,prelim_load_avg_hourly,0.39900607
92,25,total_lmp_da,0.42278865
93,1,gross_sched_interchange_mw,0.4466567
93,2,da_as_as_mw_thirty_minutes_reserve,0.40956524
93,3,gen_fuel_nuclear_mw,0.48621273
93,4,da_as_total_mw_thirty_minutes_reserve,0.4056882
93,5,gen_fuel_gas_mw,0.40200585
93,6,total_pjm_rmccp_cr,0.64830345
93,7,da_as_as_req_mw_thirty_minutes_reserve,0.22374605
93,8,da_as_as_req_mw_primary_reserve,0.24127328
93,9,forecast_load_mw_day_ahead,0.41035086
93,10,da_as_as_req_mw_synchronized_reserve,0.22605139
93,11,da_as_as_mw_synchronized_reserve,0.18788287
93,12,gen_fuel_coal_mw,0.45008004
93,13,da_as_total_mw_synchronized_reserve,0.18505809
93,14,da_as_as_mw_primary_reserve,0.19390163
93,15,gen_fuel_wind_mw,0.5127752
93,16,da_as_total_mw_primary_reserve,0.1941247
93,17,wind_generation_mw,0.46514452
93,18,total_pjm_assigned_reg,0.39596945
93,19,total_pjm_reg_purchases,0.40812752
93,20,total_pjm_rt_load_mwh,0.40806302
93,21,metered_load_mw,0.4087329
93,22,forecast_load_mw_latest_available,0.4038377
93,23,gross_inadv_interchange_mw,0.41395846
93,24,prelim_load_avg_hourly,0.39159152
93,25,total_lmp_da,0.42151624
94,1,gross_sched_interchange_mw,0.43806177
94,2,da_as_as_mw_thirty_minutes_reserve,0.40432128
94,3,gen_fuel_nuclear_mw,0.47888514
94,4,da_as_total_mw_thirty_minutes_reserve,0.4013607
94,5,gen_fuel_gas_mw,0.40132177
94,6,total_pjm_rmccp_cr,0.64263535
94,7,da_as_as_req_mw_thirty_minutes_reserve,0.21502534
94,8,da_as_as_req_mw_primary_reserve,0.23239897
94,9,forecast_load_mw_day_ahead,0.41186485
94,10,da_as_as_req_mw_synchronized_reserve,0.21840052
94,11,da_as_as_mw_synchronized_reserve,0.18453577
94,12,gen_fuel_coal_mw,0.45036763
94,13,da_as_total_mw_synchronized_reserve,0.18184932
94,14,da_as_as_mw_primary_reserve,0.18905124
94,15,gen_fuel_wind_mw,0.51703846
94,16,da_as_total_mw_primary_reserve,0.18942462
94,17,wind_generation_mw,0.4700026
94,18,total_pjm_assigned_reg,0.39698994
94,19,total_pjm_reg_purchases,0.40802807
94,20,total_pjm_rt_load_mwh,0.41180363
94,21,metered_load_mw,0.41223577
94,22,forecast_load_mw_latest_available,0.4075779
94,23,gross_inadv_interchange_mw,0.4171895
94,24,prelim_load_avg_hourly,0.3954089
94,25,total_lmp_da,0.420702
95,1,gross_sched_interchange_mw,0.44086424
95,2,da_as_as_mw_thirty_minutes_reserve,0.40455788
95,3,gen_fuel_nuclear_mw,0.47996974
95,4,da_as_total_mw_thirty_minutes_reserve,0.40089318
95,5,gen_fuel_gas_mw,0.39743778
95,6,total_pjm_rmccp_cr,0.63231075
95,7,da_as_as_req_mw_thirty_minutes_reserve,0.22042325
95,8,da_as_as_req_mw_primary_reserve,0.23739745
95,9,forecast_load_mw_day_ahead,0.4045209
95,10,da_as_as_req_mw_synchronized_reserve,0.2226361
95,11,da_as_as_mw_synchronized_reserve,0.18606192
95,12,gen_fuel_coal_mw,0.44305503
95,13,da_as_total_mw_synchronized_reserve,0.18347716
95,14,da_as_as_mw_primary_reserve,0.191965
95,15,gen_fuel_wind_mw,0.50366926
95,16,da_as_total_mw_primary_reserve,0.1921008
95,17,wind_generation_mw,0.45646495
95,18,total_pjm_assigned_reg,0.38723412
95,19,total_pjm_reg_purchases,0.39919242
95,20,total_pjm_rt_load_mwh,0.40185288
95,21,metered_load_mw,0.40240774
95,22,forecast_load_mw_latest_available,0.3974554
95,23,gross_inadv_interchange_mw,0.4080017
95,24,prelim_load_avg_hourly,0.3853666
95,25,total_lmp_da,0.4125832
96,1,gross_sched_interchange_mw,0.4388109
96,2,da_as_as_mw_thirty_minutes_reserve,0.40125963
96,3,gen_fuel_nuclear_mw,0.47735414
96,4,da_as_total_mw_thirty_minutes_reserve,0.39745405
96,5,gen_fuel_gas_mw,0.3924645
96,6,total_pjm_rmccp_cr,0.62548786
96,7,da_as_as_req_mw_thirty_minutes_reserve,0.22306725
96,8,da_as_as_req_mw_primary_reserve,0.23985785
96,9,forecast_load_mw_day_ahead,0.39820662
96,10,da_as_as_req_mw_synchronized_reserve,0.22482161
96,11,da_as_as_mw_synchronized_reserve,0.18650654
96,12,gen_fuel_coal_mw,0.4367781
96,13,da_as_total_mw_synchronized_reserve,0.18401915
96,14,da_as_as_mw_primary_reserve,0.19327141
96,15,gen_fuel_wind_mw,0.4950391
96,16,da_as_total_mw_primary_reserve,0.1933124
96,17,wind_generation_mw,0.4478121
96,18,total_pjm_assigned_reg,0.38212729
96,19,total_pjm_reg_purchases,0.39464363
96,20,total_pjm_rt_load_mwh,0.39462045
96,21,metered_load_mw,0.39516538
96,22,forecast_load_mw_latest_available,0.39018917
96,23,gross_inadv_interchange_mw,0.40147042
96,24,prelim_load_avg_hourly,0.37819305
96,25,total_lmp_da,0.40960377
97,1,gross_sched_interchange_mw,0.4430558
97,2,da_as_as_mw_thirty_minutes_reserve,0.40469295
97,3,gen_fuel_nuclear_mw,0.48002106
97,4,da_as_total_mw_thirty_minutes_reserve,0.40021262
97,5,gen_fuel_gas_mw,0.39343518
97,6,total_pjm_rmccp_cr,0.6100648
97,7,da_as_as_req_mw_thirty_minutes_reserve,0.22259177
97,8,da_as_as_req_mw_primary_reserve,0.23860872
97,9,forecast_load_mw_day_ahead,0.39557695
97,10,da_as_as_req_mw_synchronized_reserve,0.22329345
97,11,da_as_as_mw_synchronized_reserve,0.1857302
97,12,gen_fuel_coal_mw,0.4332906
97,13,da_as_total_mw_synchronized_reserve,0.18344516
97,14,da_as_as_mw_primary_reserve,0.19284117
97,15,gen_fuel_wind_mw,0.4855757
97,16,da_as_total_mw_primary_reserve,0.1926448
97,17,wind_generation_mw,0.43837175
97,18,total_pjm_assigned_reg,0.37072277
97,19,total_pjm_reg_purchases,0.38331363
97,20,total_pjm_rt_load_mwh,0.38954657
97,21,metered_load_mw,0.39023897
97,22,forecast_load_mw_latest_available,0.3847539
97,23,gross_inadv_interchange_mw,0.39638036
97,24,prelim_load_avg_hourly,0.37281448
97,25,total_lmp_da,0.39617077
98,1,gross_sched_interchange_mw,0.42911184
98,2,da_as_as_mw_thirty_minutes_reserve,0.39316854
98,3,gen_fuel_nuclear_mw,0.46853873
98,4,da_as_total_mw_thirty_minutes_reserve,0.38952377
98,5,gen_fuel_gas_mw,0.38542753
98,6,total_pjm_rmccp_cr,0.61030954
98,7,da_as_as_req_mw_thirty_minutes_reserve,0.21630953
98,8,da_as_as_req_mw_primary_reserve,0.2324239
98,9,forecast_load_mw_day_ahead,0.3910361
98,10,da_as_as_req_mw_synchronized_reserve,0.21778828
98,11,da_as_as_mw_synchronized_reserve,0.18162294
98,12,gen_fuel_coal_mw,0.4294069
98,13,da_as_total_mw_synchronized_reserve,0.17952764
98,14,da_as_as_mw_primary_reserve,0.18854666
98,15,gen_fuel_wind_mw,0.49015817
98,16,da_as_total_mw_primary_reserve,0.1885798
98,17,wind_generation_mw,0.44240445
98,18,total_pjm_assigned_reg,0.37805733
98,19,total_pjm_reg_purchases,0.39060292
98,20,total_pjm_rt_load_mwh,0.3876465
98,21,metered_load_mw,0.38838205
98,22,forecast_load_mw_latest_available,0.38322794
98,23,gross_inadv_interchange_mw,0.39480016
98,24,prelim_load_avg_hourly,0.37140715
98,25,total_lmp_da,0.40486103
99,1,gross_sched_interchange_mw,0.41968867
99,2,da_as_as_mw_thirty_minutes_reserve,0.38629368
99,3,gen_fuel_nuclear_mw,0.4602045
99,4,da_as_total_mw_thirty_minutes_reserve,0.38351092
99,5,gen_fuel_gas_mw,0.3824968
99,6,total_pjm_rmccp_cr,0.60808146
99,7,da_as_as_req_mw_thirty_minutes_reserve,0.20786713
99,8,da_as_as_req_mw_primary_reserve,0.22404249
99,9,forecast_load_mw_day_ahead,0.3905061
99,10,da_as_as_req_mw_synchronized_reserve,0.21048059
99,11,da_as_as_mw_synchronized_reserve,0.17748737
99,12,gen_fuel_coal_mw,0.42800802
99,13,da_as_total_mw_synchronized_reserve,0.17539468
99,14,da_as_as_mw_primary_reserve,0.18301341
99,15,gen_fuel_wind_mw,0.4924963
99,16,da_as_total_mw_primary_reserve,0.18320674
99,17,wind_generation_mw,0.4452675
99,18,total_pjm_assigned_reg,0.37782064
99,19,total_pjm_reg_purchases,0.38941956
99,20,total_pjm_rt_load_mwh,0.3893156
99,21,metered_load_mw,0.38976586
99,22,forecast_load_mw_latest_available,0.38494733
99,23,gross_inadv_interchange_mw,0.39600968
99,24,prelim_load_avg_hourly,0.37314266
99,25,total_lmp_da,0.40369296
100,1,gross_sched_interchange_mw,0.42306343
100,2,da_as_as_mw_thirty_minutes_reserve,0.3860687
100,3,gen_fuel_nuclear_mw,0.46164882
100,4,da_as_total_mw_thirty_minutes_reserve,0.38252333
100,5,gen_fuel_gas_mw,0.37792823
100,6,total_pjm_rmccp_cr,0.6075453
100,7,da_as_as_req_mw_thirty_minutes_reserve,0.21408485
100,8,da_as_as_req_mw_primary_reserve,0.23023523
100,9,forecast_load_mw_day_ahead,0.3834794
100,10,da_as_as_req_mw_synchronized_reserve,0.21582161
100,11,da_as_as_mw_synchronized_reserve,0.17875046
100,12,gen_fuel_coal_mw,0.42138293
100,13,da_as_total_mw_synchronized_reserve,0.17648548
100,14,da_as_as_mw_primary_reserve,0.18544939
100,15,gen_fuel_wind_mw,0.47913662
100,16,da_as_total_mw_primary_reserve,0.1855008
100,17,wind_generation_mw,0.4322441
100,18,total_pjm_assigned_reg,0.36814404
100,19,total_pjm_reg_purchases,0.38050097
100,20,total_pjm_rt_load_mwh,0.38008425
100,21,metered_load_mw,0.38052845
100,22,forecast_load_mw_latest_available,0.37565583
100,23,gross_inadv_interchange_mw,0.38730064
100,24,prelim_load_avg_hourly,0.36391187
100,25,total_lmp_da,0.39662778
101,1,gross_sched_interchange_mw,0.411935
101,2,da_as_as_mw_thirty_minutes_reserve,0.37792754
101,3,gen_fuel_nuclear_mw,0.4526973
101,4,da_as_total_mw_thirty_minutes_reserve,0.37527844
101,5,gen_fuel_gas_mw,0.3732176
101,6,total_pjm_rmccp_cr,0.5977544
101,7,da_as_as_req_mw_thirty_minutes_reserve,0.20972577
101,8,da_as_as_req_mw_primary_reserve,0.22565347
101,9,forecast_load_mw_day_ahead,0.38064012
101,10,da_as_as_req_mw_synchronized_reserve,0.21195506
101,11,da_as_as_mw_synchronized_reserve,0.1771729
101,12,gen_fuel_coal_mw,0.41843504
101,13,da_as_total_mw_synchronized_reserve,0.17533645
101,14,da_as_as_mw_primary_reserve,0.18390743
101,15,gen_fuel_wind_mw,0.48317412
101,16,da_as_total_mw_primary_reserve,0.18405664
101,17,wind_generation_mw,0.43566605
101,18,total_pjm_assigned_reg,0.3748643
101,19,total_pjm_reg_purchases,0.38726974
101,20,total_pjm_rt_load_mwh,0.3791821
101,21,metered_load_mw,0.3796684
101,22,forecast_load_mw_latest_available,0.3749166
101,23,gross_inadv_interchange_mw,0.38705403
101,24,prelim_load_avg_hourly,0.3633146
101,25,total_lmp_da,0.40429536
102,1,gross_sched_interchange_mw,0.41070348
102,2,da_as_as_mw_thirty_minutes_reserve,0.37637323
102,3,gen_fuel_nuclear_mw,0.45124844
102,4,da_as_total_mw_thirty_minutes_reserve,0.37346986
102,5,gen_fuel_gas_mw,0.3708921
102,6,total_pjm_rmccp_cr,0.59225386
102,7,da_as_as_req_mw_thirty_minutes_reserve,0.20658511
102,8,da_as_as_req_mw_primary_reserve,0.22223079
102,9,forecast_load_mw_day_ahead,0.37736282
102,10,da_as_as_req_mw_synchronized_reserve,0.20846735
102,11,da_as_as_mw_synchronized_reserve,0.17412023
102,12,gen_fuel_coal_mw,0.415149
102,13,da_as_total_mw_synchronized_reserve,0.17234683
102,14,da_as_as_mw_primary_reserve,0.18091393
102,15,gen_fuel_wind_mw,0.47873667
102,16,da_as_total_mw_primary_reserve,0.18100059
102,17,wind_generation_mw,0.43092072
102,18,total_pjm_assigned_reg,0.36920312
102,19,total_pjm_reg_purchases,0.38167062
102,20,total_pjm_rt_load_mwh,0.37517983
102,21,metered_load_mw,0.37575418
102,22,forecast_load_mw_latest_available,0.370815
102,23,gross_inadv_interchange_mw,0.38300106
102,24,prelim_load_avg_hourly,0.35919565
102,25,total_lmp_da,0.39784345
103,1,gross_sched_interchange_mw,0.3976635
103,2,da_as_as_mw_thirty_minutes_reserve,0.37051308
103,3,gen_fuel_nuclear_mw,0.44018817
103,4,da_as_total_mw_thirty_minutes_reserve,0.3693349
103,5,gen_fuel_gas_mw,0.37330538
103,6,total_pjm_rmccp_cr,0.56912374
103,7,da_as_as_req_mw_thirty_minutes_reserve,0.19335958
103,8,da_as_as_req_mw_primary_reserve,0.2083695
103,9,forecast_load_mw_day_ahead,0.3821801
103,10,da_as_as_req_mw_synchronized_reserve,0.1967784
103,11,da_as_as_mw_synchronized_reserve,0.17118412
103,12,gen_fuel_coal_mw,0.41696635
103,13,da_as_total_mw_synchronized_reserve,0.16992828
103,14,da_as_as_mw_primary_reserve,0.17557697
103,15,gen_fuel_wind_mw,0.48724338
103,16,da_as_total_mw_primary_reserve,0.17579453
103,17,wind_generation_mw,0.44028324
103,18,total_pjm_assigned_reg,0.37212113
103,19,total_pjm_reg_purchases,0.3827006
103,20,total_pjm_rt_load_mwh,0.38336214
103,21,metered_load_mw,0.3835965
103,22,forecast_load_mw_latest_available,0.37881917
103,23,gross_inadv_interchange_mw,0.39056537
103,24,prelim_load_avg_hourly,0.36737394
103,25,total_lmp_da,0.39630395
104,1,gross_sched_interchange_mw,0.40445566
104,2,da_as_as_mw_thirty_minutes_reserve,0.3715036
104,3,gen_fuel_nuclear_mw,0.44483832
104,4,da_as_total_mw_thirty_minutes_reserve,0.36882007
104,5,gen_fuel_gas_mw,0.36714724
104,6,total_pjm_rmccp_cr,0.57880074
104,7,da_as_as_req_mw_thirty_minutes_reserve,0.20177984
104,8,da_as_as_req_mw_primary_reserve,0.21692765
104,9,forecast_load_mw_day_ahead,0.37323052
104,10,da_as_as_req_mw_synchronized_reserve,0.2037056
104,11,da_as_as_mw_synchronized_reserve,0.1714953
104,12,gen_fuel_coal_mw,0.40997595
104,13,da_as_total_mw_synchronized_reserve,0.16990511
104,14,da_as_as_mw_primary_reserve,0.17787325
104,15,gen_fuel_wind_mw,0.4729872
104,16,da_as_total_mw_primary_reserve,0.17794454
104,17,wind_generation_mw,0.425643
104,18,total_pjm_assigned_reg,0.36289662
104,19,total_pjm_reg_purchases,0.37492085
104,20,total_pjm_rt_load_mwh,0.37117118
104,21,metered_load_mw,0.37169343
104,22,forecast_load_mw_latest_available,0.36672205
104,23,gross_inadv_interchange_mw,0.37890902
104,24,prelim_load_avg_hourly,0.35527083
104,25,total_lmp_da,0.39040214
105,1,gross_sched_interchange_mw,0.40350828
105,2,da_as_as_mw_thirty_minutes_reserve,0.37089822
105,3,gen_fuel_nuclear_mw,0.44356138
105,4,da_as_total_mw_thirty_minutes_reserve,0.3681946
105,5,gen_fuel_gas_mw,0.36680594
105,6,total_pjm_rmccp_cr,0.57370865
105,7,da_as_as_req_mw_thirty_minutes_reserve,0.19701536
105,8,da_as_as_req_mw_primary_reserve,0.21199405
105,9,forecast_load_mw_day_ahead,0.3722802
105,10,da_as_as_req_mw_synchronized_reserve,0.19902006
105,11,da_as_as_mw_synchronized_reserve,0.16835971
105,12,gen_fuel_coal_mw,0.40843692
105,13,da_as_total_mw_synchronized_reserve,0.16675371
105,14,da_as_as_mw_primary_reserve,0.17414428
105,15,gen_fuel_wind_mw,0.4701517
105,16,da_as_total_mw_primary_reserve,0.17416476
105,17,wind_generation_mw,0.42287624
105,18,total_pjm_assigned_reg,0.35686648
105,19,total_pjm_reg_purchases,0.36852723
105,20,total_pjm_rt_load_mwh,0.36993998
105,21,metered_load_mw,0.3703955
105,22,forecast_load_mw_latest_available,0.36532676
105,23,gross_inadv_interchange_mw,0.37726286
105,24,prelim_load_avg_hourly,0.35379237
105,25,total_lmp_da,0.38256627
106,1,gross_sched_interchange_mw,0.3987122
106,2,da_as_as_mw_thirty_minutes_reserve,0.36992502
106,3,gen_fuel_nuclear_mw,0.43956515
106,4,da_as_total_mw_thirty_minutes_reserve,0.36791867
106,5,gen_fuel_gas_mw,0.36959824
106,6,total_pjm_rmccp_cr,0.5558679
106,7,da_as_as_req_mw_thirty_minutes_reserve,0.18902417
106,8,da_as_as_req_mw_primary_reserve,0.20343229
106,9,forecast_load_mw_day_ahead,0.3751272
106,10,da_as_as_req_mw_synchronized_reserve,0.19150709
106,11,da_as_as_mw_synchronized_reserve,0.16609177
106,12,gen_fuel_coal_mw,0.409494
106,13,da_as_total_mw_synchronized_reserve,0.16484638
106,14,da_as_as_mw_primary_reserve,0.17067157
106,15,gen_fuel_wind_mw,0.47357306
106,16,da_as_total_mw_primary_reserve,0.17067108
106,17,wind_generation_mw,0.42642462
106,18,total_pjm_assigned_reg,0.35571617
106,19,total_pjm_reg_purchases,0.36643586
106,20,total_pjm_rt_load_mwh,0.37375486
106,21,metered_load_mw,0.3741306
106,22,forecast_load_mw_latest_available,0.3688984
106,23,gross_inadv_interchange_mw,0.38066474
106,24,prelim_load_avg_hourly,0.35740316
106,25,total_lmp_da,0.3777294
107,1,gross_sched_interchange_mw,0.39167425
107,2,da_as_as_mw_thirty_minutes_reserve,0.3597811
107,3,gen_fuel_nuclear_mw,0.43301615
107,4,da_as_total_mw_thirty_minutes_reserve,0.35744992
107,5,gen_fuel_gas_mw,0.3569039
107,6,total_pjm_rmccp_cr,0.5727544
107,7,da_as_as_req_mw_thirty_minutes_reserve,0.19383448
107,8,da_as_as_req_mw_primary_reserve,0.20878278
107,9,forecast_load_mw_day_ahead,0.3644016
107,10,da_as_as_req_mw_synchronized_reserve,0.19603835
107,11,da_as_as_mw_synchronized_reserve,0.1648925
107,12,gen_fuel_coal_mw,0.4013265
107,13,da_as_total_mw_synchronized_reserve,0.16339785
107,14,da_as_as_mw_primary_reserve,0.17105883
107,15,gen_fuel_wind_mw,0.46784455
107,16,da_as_total_mw_primary_reserve,0.17122348
107,17,wind_generation_mw,0.42020336
107,18,total_pjm_assigned_reg,0.3587424
107,19,total_pjm_reg_purchases,0.37068385
107,20,total_pjm_rt_load_mwh,0.3634485
107,21,metered_load_mw,0.36397105
107,22,forecast_load_mw_latest_available,0.35916004
107,23,gross_inadv_interchange_mw,0.37130114
107,24,prelim_load_avg_hourly,0.34780303
107,25,total_lmp_da,0.3868531
108,1,gross_sched_interchange_mw,0.38997123
108,2,da_as_as_mw_thirty_minutes_reserve,0.3582737
108,3,gen_fuel_nuclear_mw,0.43084282
108,4,da_as_total_mw_thirty_minutes_reserve,0.35598022
108,5,gen_fuel_gas_mw,0.35552922
108,6,total_pjm_rmccp_cr,0.56506926
108,7,da_as_as_req_mw_thirty_minutes_reserve,0.19143085
108,8,da_as_as_req_mw_primary_reserve,0.20613614
108,9,forecast_load_mw_day_ahead,0.3622402
108,10,da_as_as_req_mw_synchronized_reserve,0.19362861
108,11,da_as_as_mw_synchronized_reserve,0.16340078
108,12,gen_fuel_coal_mw,0.39842638
108,13,da_as_total_mw_synchronized_reserve,0.16195334
108,14,da_as_as_mw_primary_reserve,0.16928391
108,15,gen_fuel_wind_mw,0.46289167
108,16,da_as_total_mw_primary_reserve,0.16940339
108,17,wind_generation_mw,0.41563025
108,18,total_pjm_assigned_reg,0.35262978
108,19,total_pjm_reg_purchases,0.36429828
108,20,total_pjm_rt_load_mwh,0.36095324
108,21,metered_load_mw,0.36137232
108,22,forecast_load_mw_latest_available,0.35652032
108,23,gross_inadv_interchange_mw,0.36873198
108,24,prelim_load_avg_hourly,0.34520158
108,25,total_lmp_da,0.3801404
109,1,gross_sched_interchange_mw,0.40035272
109,2,da_as_as_mw_thirty_minutes_reserve,0.3633517
109,3,gen_fuel_nuclear_mw,0.43839437
109,4,da_as_total_mw_thirty_minutes_reserve,0.3596213
109,5,gen_fuel_gas_mw,0.35298458
109,6,total_pjm_rmccp_cr,0.55405194
109,7,da_as_as_req_mw_thirty_minutes_reserve,0.20236279
109,8,da_as_as_req_mw_primary_reserve,0.21662028
109,9,forecast_load_mw_day_ahead,0.35385773
109,10,da_as_as_req_mw_synchronized_reserve,0.20251946
109,11,da_as_as_mw_synchronized_reserve,0.1669635
109,12,gen_fuel_coal_mw,0.39048648
109,13,da_as_total_mw_synchronized_reserve,0.1655864
109,14,da_as_as_mw_primary_reserve,0.17523363
109,15,gen_fuel_wind_mw,0.44374037
109,16,da_as_total_mw_primary_reserve,0.17496781
109,17,wind_generation_mw,0.39635625
109,18,total_pjm_assigned_reg,0.33902082
109,19,total_pjm_reg_purchases,0.35224822
109,20,total_pjm_rt_load_mwh,0.347948
109,21,metered_load_mw,0.34860915
109,22,forecast_load_mw_latest_available,0.34323385
109,23,gross_inadv_interchange_mw,0.35683113
109,24,prelim_load_avg_hourly,0.33200032
109,25,total_lmp_da,0.36913958
110,1,gross_sched_interchange_mw,0.3922199
110,2,da_as_as_mw_thirty_minutes_reserve,0.35927337
110,3,gen_fuel_nuclear_mw,0.4313797
110,4,da_as_total_mw_thirty_minutes_reserve,0.3562406
110,5,gen_fuel_gas_mw,0.3528003
110,6,total_pjm_rmccp_cr,0.5357732
110,7,da_as_as_req_mw_thirty_minutes_reserve,0.1938631
110,8,da_as_as_req_mw_primary_reserve,0.20748429
110,9,forecast_load_mw_day_ahead,0.35432568
110,10,da_as_as_req_mw_synchronized_reserve,0.19448009
110,11,da_as_as_mw_synchronized_reserve,0.16402984
110,12,gen_fuel_coal_mw,0.38951805
110,13,da_as_total_mw_synchronized_reserve,0.1630573
110,14,da_as_as_mw_primary_reserve,0.17128207
110,15,gen_fuel_wind_mw,0.4465214
110,16,da_as_total_mw_primary_reserve,0.17105784
110,17,wind_generation_mw,0.39917967
110,18,total_pjm_assigned_reg,0.33892763
110,19,total_pjm_reg_purchases,0.35131168
110,20,total_pjm_rt_load_mwh,0.34967235
110,21,metered_load_mw,0.350348
110,22,forecast_load_mw_latest_available,0.3448543
110,23,gross_inadv_interchange_mw,0.35829276
110,24,prelim_load_avg_hourly,0.33376983
110,25,total_lmp_da,0.36597785
111,1,gross_sched_interchange_mw,0.3816092
111,2,da_as_as_mw_thirty_minutes_reserve,0.34987667
111,3,gen_fuel_nuclear_mw,0.4221881
111,4,da_as_total_mw_thirty_minutes_reserve,0.3475163
111,5,gen_fuel_gas_mw,0.34555677
111,6,total_pjm_rmccp_cr,0.53661454
111,7,da_as_as_req_mw_thirty_minutes_reserve,0.19215468
111,8,da_as_as_req_mw_primary_reserve,0.2059353
111,9,forecast_load_mw_day_ahead,0.34954682
111,10,da_as_as_req_mw_synchronized_reserve,0.19333011
111,11,da_as_as_mw_synchronized_reserve,0.16265391
111,12,gen_fuel_coal_mw,0.3851635
111,13,da_as_total_mw_synchronized_reserve,0.16177428
111,14,da_as_as_mw_primary_reserve,0.17005163
111,15,gen_fuel_wind_mw,0.4473946
111,16,da_as_total_mw_primary_reserve,0.1699915
111,17,wind_generation_mw,0.39992708
111,18,total_pjm_assigned_reg,0.3438227
111,19,total_pjm_reg_purchases,0.3563535
111,20,total_pjm_rt_load_mwh,0.34678948
111,21,metered_load_mw,0.34739202
111,22,forecast_load_mw_latest_available,0.34227365
111,23,gross_inadv_interchange_mw,0.35596505
111,24,prelim_load_avg_hourly,0.33133602
111,25,total_lmp_da,0.3736402
112,1,gross_sched_interchange_mw,0.3884622
112,2,da_as_as_mw_thirty_minutes_reserve,0.3576682
112,3,gen_fuel_nuclear_mw,0.42715007
112,4,da_as_total_mw_thirty_minutes_reserve,0.3552094
112,5,gen_fuel_gas_mw,0.35390392
112,6,total_pjm_rmccp_cr,0.52213794
112,7,da_as_as_req_mw_thirty_minutes_reserve,0.18574211
112,8,da_as_as_req_mw_primary_reserve,0.19908886
112,9,forecast_load_mw_day_ahead,0.35506514
112,10,da_as_as_req_mw_synchronized_reserve,0.18711923
112,11,da_as_as_mw_synchronized_reserve,0.16074009
112,12,gen_fuel_coal_mw,0.3881068
112,13,da_as_total_mw_synchronized_reserve,0.15979664
112,14,da_as_as_mw_primary_reserve,0.16635606
112,15,gen_fuel_wind_mw,0.44308186
112,16,da_as_total_mw_primary_reserve,0.16610365
112,17,wind_generation_mw,0.3967656
112,18,total_pjm_assigned_reg,0.32995102
112,19,total_pjm_reg_purchases,0.34111726
112,20,total_pjm_rt_load_mwh,0.35094061
112,21,metered_load_mw,0.3512351
112,22,forecast_load_mw_latest_available,0.34578648
112,23,gross_inadv_interchange_mw,0.35885435
112,24,prelim_load_avg_hourly,0.3346565
112,25,total_lmp_da,0.35398313
113,1,gross_sched_interchange_mw,0.38202688
113,2,da_as_as_mw_thirty_minutes_reserve,0.35248408
113,3,gen_fuel_nuclear_mw,0.42199445
113,4,da_as_total_mw_thirty_minutes_reserve,0.3500524
113,5,gen_fuel_gas_mw,0.3490207
113,6,total_pjm_rmccp_cr,0.51102734
113,7,da_as_as_req_mw_thirty_minutes_reserve,0.18395191
113,8,da_as_as_req_mw_primary_reserve,0.19681598
113,9,forecast_load_mw_day_ahead,0.35022494
113,10,da_as_as_req_mw_synchronized_reserve,0.18480273
113,11,da_as_as_mw_synchronized_reserve,0.15900655
113,12,gen_fuel_coal_mw,0.38388467
113,13,da_as_total_mw_synchronized_reserve,0.15847045
113,14,da_as_as_mw_primary_reserve,0.16548799
113,15,gen_fuel_wind_mw,0.443153
113,16,da_as_total_mw_primary_reserve,0.16522752
113,17,wind_generation_mw,0.39569664
113,18,total_pjm_assigned_reg,0.3331815
113,19,total_pjm_reg_purchases,0.34494853
113,20,total_pjm_rt_load_mwh,0.3462087
113,21,metered_load_mw,0.34688118
113,22,forecast_load_mw_latest_available,0.34120244
113,23,gross_inadv_interchange_mw,0.35478523
113,24,prelim_load_avg_hourly,0.33024883
113,25,total_lmp_da,0.35757068
114,1,gross_sched_interchange_mw,0.38997632
114,2,da_as_as_mw_thirty_minutes_reserve,0.35510033
114,3,gen_fuel_nuclear_mw,0.4272287
114,4,da_as_total_mw_thirty_minutes_reserve,0.35141152
114,5,gen_fuel_gas_mw,0.34491283
114,6,total_pjm_rmccp_cr,0.5102074
114,7,da_as_as_req_mw_thirty_minutes_reserve,0.19318943
114,8,da_as_as_req_mw_primary_reserve,0.20595597
114,9,forecast_load_mw_day_ahead,0.34210888
114,10,da_as_as_req_mw_synchronized_reserve,0.19257239
114,11,da_as_as_mw_synchronized_reserve,0.16131578
114,12,gen_fuel_coal_mw,0.37641826
114,13,da_as_total_mw_synchronized_reserve,0.16059995
114,14,da_as_as_mw_primary_reserve,0.1695966
114,15,gen_fuel_wind_mw,0.4256473
114,16,da_as_total_mw_primary_reserve,0.16908191
114,17,wind_generation_mw,0.378652
114,18,total_pjm_assigned_reg,0.3209324
114,19,total_pjm_reg_purchases,0.33385038
114,20,total_pjm_rt_load_mwh,0.33459646
114,21,metered_load_mw,0.33535656
114,22,forecast_load_mw_latest_available,0.32948744
114,23,gross_inadv_interchange_mw,0.34383813
114,24,prelim_load_avg_hourly,0.31860414
114,25,total_lmp_da,0.3482378
115,1,gross_sched_interchange_mw,0.37703535
115,2,da_as_as_mw_thirty_minutes_reserve,0.3452793
115,3,gen_fuel_nuclear_mw,0.41681266
115,4,da_as_total_mw_thirty_minutes_reserve,0.3425017
115,5,gen_fuel_gas_mw,0.33934644
115,6,total_pjm_rmccp_cr,0.5130508
115,7,da_as_as_req_mw_thirty_minutes_reserve,0.1859595
115,8,da_as_as_req_mw_primary_reserve,0.19888735
115,9,forecast_load_mw_day_ahead,0.34042552
115,10,da_as_as_req_mw_synchronized_reserve,0.18629918
115,11,da_as_as_mw_synchronized_reserve,0.15718551
115,12,gen_fuel_coal_mw,0.37527704
115,13,da_as_total_mw_synchronized_reserve,0.15659107
115,14,da_as_as_mw_primary_reserve,0.16485311
115,15,gen_fuel_wind_mw,0.43402603
115,16,da_as_total_mw_primary_reserve,0.16458991
115,17,wind_generation_mw,0.38626608
115,18,total_pjm_assigned_reg,0.32979003
115,19,total_pjm_reg_purchases,0.3424719
115,20,total_pjm_rt_load_mwh,0.33584636
115,21,metered_load_mw,0.33663708
115,22,forecast_load_mw_latest_available,0.33108124
115,23,gross_inadv_interchange_mw,0.3451164
115,24,prelim_load_avg_hourly,0.32024688
115,25,total_lmp_da,0.35758364
116,1,gross_sched_interchange_mw,0.36177272
116,2,da_as_as_mw_thirty_minutes_reserve,0.33370247
116,3,gen_fuel_nuclear_mw,0.40416625
116,4,da_as_total_mw_thirty_minutes_reserve,0.33196634
116,5,gen_fuel_gas_mw,0.3323032
116,6,total_pjm_rmccp_cr,0.5095708
116,7,da_as_as_req_mw_thirty_minutes_reserve,0.17977498
116,8,da_as_as_req_mw_primary_reserve,0.19264962
116,9,forecast_load_mw_day_ahead,0.33713788
116,10,da_as_as_req_mw_synchronized_reserve,0.180923
116,11,da_as_as_mw_synchronized_reserve,0.15405776
116,12,gen_fuel_coal_mw,0.3723211
116,13,da_as_total_mw_synchronized_reserve,0.15375122
116,14,da_as_as_mw_primary_reserve,0.16143698
116,15,gen_fuel_wind_mw,0.44129413
116,16,da_as_total_mw_primary_reserve,0.1614106
116,17,wind_generation_mw,0.39283758
116,18,total_pjm_assigned_reg,0.3397495
116,19,total_pjm_reg_purchases,0.35230407
116,20,total_pjm_rt_load_mwh,0.33561704
116,21,metered_load_mw,0.3364758
116,22,forecast_load_mw_latest_available,0.3312334
116,23,gross_inadv_interchange_mw,0.34527498
116,24,prelim_load_avg_hourly,0.32058528
116,25,total_lmp_da,0.36868742
117,1,gross_sched_interchange_mw,0.36878273
117,2,da_as_as_mw_thirty_minutes_reserve,0.33742362
117,3,gen_fuel_nuclear_mw,0.40905046
117,4,da_as_total_mw_thirty_minutes_reserve,0.3349492
117,5,gen_fuel_gas_mw,0.33170447
117,6,total_pjm_rmccp_cr,0.50256413
117,7,da_as_as_req_mw_thirty_minutes_reserve,0.18641005
117,8,da_as_as_req_mw_primary_reserve,0.19910103
117,9,forecast_load_mw_day_ahead,0.33290032
117,10,da_as_as_req_mw_synchronized_reserve,0.18659607
117,11,da_as_as_mw_synchronized_reserve,0.15679698
117,12,gen_fuel_coal_mw,0.36776778
117,13,da_as_total_mw_synchronized_reserve,0.15646055
117,14,da_as_as_mw_primary_reserve,0.16526352
117,15,gen_fuel_wind_mw,0.42803243
117,16,da_as_total_mw_primary_reserve,0.16499999
117,17,wind_generation_mw,0.38019055
117,18,total_pjm_assigned_reg,0.32920754
117,19,total_pjm_reg_purchases,0.34240785
117,20,total_pjm_rt_load_mwh,0.32864586
117,21,metered_load_mw,0.32946438
117,22,forecast_load_mw_latest_available,0.32402283
117,23,gross_inadv_interchange_mw,0.33880058
117,24,prelim_load_avg_hourly,0.31342182
117,25,total_lmp_da,0.3596688
118,1,gross_sched_interchange_mw,0.3604259
118,2,da_as_as_mw_thirty_minutes_reserve,0.3331594
118,3,gen_fuel_nuclear_mw,0.40223572
118,4,da_as_total_mw_thirty_minutes_reserve,0.33167052
118,5,gen_fuel_gas_mw,0.3327293
118,6,total_pjm_rmccp_cr,0.49795052
118,7,da_as_as_req_mw_thirty_minutes_reserve,0.17631617
118,8,da_as_as_req_mw_primary_reserve,0.18892707
118,9,forecast_load_mw_day_ahead,0.33658856
118,10,da_as_as_req_mw_synchronized_reserve,0.1777012
118,11,da_as_as_mw_synchronized_reserve,0.15277359
118,12,gen_fuel_coal_mw,0.37035897
118,13,da_as_total_mw_synchronized_reserve,0.15253083
118,14,da_as_as_mw_primary_reserve,0.15944542
118,15,gen_fuel_wind_mw,0.4365257
118,16,da_as_total_mw_primary_reserve,0.1593571
118,17,wind_generation_mw,0.38878727
118,18,total_pjm_assigned_reg,0.33228007
118,19,total_pjm_reg_purchases,0.34421957
118,20,total_pjm_rt_load_mwh,0.33488292
118,21,metered_load_mw,0.33550316
118,22,forecast_load_mw_latest_available,0.33023274
118,23,gross_inadv_interchange_mw,0.34434506
118,24,prelim_load_avg_hourly,0.31959167
118,25,total_lmp_da,0.3598954
119,1,gross_sched_interchange_mw,0.37009856
119,2,da_as_as_mw_thirty_minutes_reserve,0.33595827
119,3,gen_fuel_nuclear_mw,0.4082197
119,4,da_as_total_mw_thirty_minutes_reserve,0.33307597
119,5,gen_fuel_gas_mw,0.32753882
119,6,total_pjm_rmccp_cr,0.49918404
119,7,da_as_as_req_mw_thirty_minutes_reserve,0.1880784
119,8,da_as_as_req_mw_primary_reserve,0.20075367
119,9,forecast_load_mw_day_ahead,0.3266785
119,10,da_as_as_req_mw_synchronized_reserve,0.18799107
119,11,da_as_as_mw_synchronized_reserve,0.1560663
119,12,gen_fuel_coal_mw,0.36083567
119,13,da_as_total_mw_synchronized_reserve,0.15548384
119,14,da_as_as_mw_primary_reserve,0.1646524
119,15,gen_fuel_wind_mw,0.41292706
119,16,da_as_total_mw_primary_reserve,0.16427948
119,17,wind_generation_mw,0.36647567
119,18,total_pjm_assigned_reg,0.315109
119,19,total_pjm_reg_purchases,0.32822877
119,20,total_pjm_rt_load_mwh,0.32086748
119,21,metered_load_mw,0.32139558
119,22,forecast_load_mw_latest_available,0.3160674
119,23,gross_inadv_interchange_mw,0.33103347
119,24,prelim_load_avg_hourly,0.30552053
119,25,total_lmp_da,0.34688833
120,1,gross_sched_interchange_mw,0.35479504
120,2,da_as_as_mw_thirty_minutes_reserve,0.3260386
120,3,gen_fuel_nuclear_mw,0.39629808
120,4,da_as_total_mw_thirty_minutes_reserve,0.32424513
120,5,gen_fuel_gas_mw,0.3235275
120,6,total_pjm_rmccp_cr,0.492368
120,7,da_as_as_req_mw_thirty_minutes_reserve,0.17648275
120,8,da_as_as_req_mw_primary_reserve,0.18890594
120,9,forecast_load_mw_day_ahead,0.3266178
120,10,da_as_as_req_mw_synchronized_reserve,0.17730284
120,11,da_as_as_mw_synchronized_reserve,0.15030858
120,12,gen_fuel_coal_mw,0.36100298
120,13,da_as_total_mw_synchronized_reserve,0.15012236
120,14,da_as_as_mw_primary_reserve,0.15797095
120,15,gen_fuel_wind_mw,0.426013
120,16,da_as_total_mw_primary_reserve,0.15783909
120,17,wind_generation_mw,0.3780488
120,18,total_pjm_assigned_reg,0.32648018
120,19,total_pjm_reg_purchases,0.33915955
120,20,total_pjm_rt_load_mwh,0.32411608
120,21,metered_load_mw,0.32486334
120,22,forecast_load_mw_latest_available,0.3195984
120,23,gross_inadv_interchange_mw,0.3342005
120,24,prelim_load_avg_hourly,0.309116
120,25,total_lmp_da,0.35647964
121,1,gross_sched_interchange_mw,0.3663689
121,2,da_as_as_mw_thirty_minutes_reserve,0.33504754
121,3,gen_fuel_nuclear_mw,0.4050741
121,4,da_as_total_mw_thirty_minutes_reserve,0.33222106
121,5,gen_fuel_gas_mw,0.3281469
121,6,total_pjm_rmccp_cr,0.47805485
121,7,da_as_as_req_mw_thirty_minutes_reserve,0.18006393
121,8,da_as_as_req_mw_primary_reserve,0.1919305
121,9,forecast_load_mw_day_ahead,0.32615826
121,10,da_as_as_req_mw_synchronized_reserve,0.17970143
121,11,da_as_as_mw_synchronized_reserve,0.15214014
121,12,gen_fuel_coal_mw,0.3593831
121,13,da_as_total_mw_synchronized_reserve,0.15196863
121,14,da_as_as_mw_primary_reserve,0.16022877
121,15,gen_fuel_wind_mw,0.41333437
121,16,da_as_total_mw_primary_reserve,0.15976897
121,17,wind_generation_mw,0.3661942
121,18,total_pjm_assigned_reg,0.31186897
121,19,total_pjm_reg_purchases,0.32459658
121,20,total_pjm_rt_load_mwh,0.3200555
121,21,metered_load_mw,0.32085052
121,22,forecast_load_mw_latest_available,0.31505466
121,23,gross_inadv_interchange_mw,0.32991493
121,24,prelim_load_avg_hourly,0.3045661
121,25,total_lmp_da,0.33938432
122,1,gross_sched_interchange_mw,0.35598794
122,2,da_as_as_mw_thirty_minutes_reserve,0.32679585
122,3,gen_fuel_nuclear_mw,0.39643154
122,4,da_as_total_mw_thirty_minutes_reserve,0.32469442
122,5,gen_fuel_gas_mw,0.323079
122,6,total_pjm_rmccp_cr,0.48126793
122,7,da_as_as_req_mw_thirty_minutes_reserve,0.17501163
122,8,da_as_as_req_mw_primary_reserve,0.18705194
122,9,forecast_load_mw_day_ahead,0.32416084
122,10,da_as_as_req_mw_synchronized_reserve,0.1754283
122,11,da_as_as_mw_synchronized_reserve,0.14908057
122,12,gen_fuel_coal_mw,0.3577614
122,13,da_as_total_mw_synchronized_reserve,0.14895016
122,14,da_as_as_mw_primary_reserve,0.15669426
122,15,gen_fuel_wind_mw,0.41856188
122,16,da_as_total_mw_primary_reserve,0.15643623
122,17,wind_generation_mw,0.37100136
122,18,total_pjm_assigned_reg,0.3178076
122,19,total_pjm_reg_purchases,0.3303369
122,20,total_pjm_rt_load_mwh,0.32036492
122,21,metered_load_mw,0.32111558
122,22,forecast_load_mw_latest_available,0.3156338
122,23,gross_inadv_interchange_mw,0.33029604
122,24,prelim_load_avg_hourly,0.30519336
122,25,total_lmp_da,0.346306
123,1,gross_sched_interchange_mw,0.3563306
123,2,da_as_as_mw_thirty_minutes_reserve,0.32513928
123,3,gen_fuel_nuclear_mw,0.39557388
123,4,da_as_total_mw_thirty_minutes_reserve,0.32265937
123,5,gen_fuel_gas_mw,0.31883574
123,6,total_pjm_rmccp_cr,0.47587335
123,7,da_as_as_req_mw_thirty_minutes_reserve,0.17786016
123,8,da_as_as_req_mw_primary_reserve,0.1897846
123,9,forecast_load_mw_day_ahead,0.31812426
123,10,da_as_as_req_mw_synchronized_reserve,0.17773136
123,11,da_as_as_mw_synchronized_reserve,0.14933683
123,12,gen_fuel_coal_mw,0.35165116
123,13,da_as_total_mw_synchronized_reserve,0.14918527
123,14,da_as_as_mw_primary_reserve,0.15770851
123,15,gen_fuel_wind_mw,0.40786457
123,16,da_as_total_mw_primary_reserve,0.15733068
123,17,wind_generation_mw,0.36075944
123,18,total_pjm_assigned_reg,0.31041458
123,19,total_pjm_reg_purchases,0.323423
123,20,total_pjm_rt_load_mwh,0.31294802
123,21,metered_load_mw,0.31367654
123,22,forecast_load_mw_latest_available,0.30817616
123,23,gross_inadv_interchange_mw,0.32327595
123,24,prelim_load_avg_hourly,0.2978312
123,25,total_lmp_da,0.34048778
124,1,gross_sched_interchange_mw,0.34230822
124,2,da_as_as_mw_thirty_minutes_reserve,0.31834558
124,3,gen_fuel_nuclear_mw,0.38386065
124,4,da_as_total_mw_thirty_minutes_reserve,0.3177147
124,5,gen_fuel_gas_mw,0.32110798
124,6,total_pjm_rmccp_cr,0.4606749
124,7,da_as_as_req_mw_thirty_minutes_reserve,0.16343379
124,8,da_as_as_req_mw_primary_reserve,0.17509954
124,9,forecast_load_mw_day_ahead,0.3241791
124,10,da_as_as_req_mw_synchronized_reserve,0.16523772
124,11,da_as_as_mw_synchronized_reserve,0.1449337
124,12,gen_fuel_coal_mw,0.3552515
124,13,da_as_total_mw_synchronized_reserve,0.14507163
124,14,da_as_as_mw_primary_reserve,0.15055601
124,15,gen_fuel_wind_mw,0.42036054
124,16,da_as_total_mw_primary_reserve,0.15041468
124,17,wind_generation_mw,0.37368587
124,18,total_pjm_assigned_reg,0.31521204
124,19,total_pjm_reg_purchases,0.3261796
124,20,total_pjm_rt_load_mwh,0.32312024
124,21,metered_load_mw,0.3234288
124,22,forecast_load_mw_latest_available,0.31821463
124,23,gross_inadv_interchange_mw,0.33265957
124,24,prelim_load_avg_hourly,0.3078701
124,25,total_lmp_da,0.3411869
125,1,gross_sched_interchange_mw,0.34765097
125,2,da_as_as_mw_thirty_minutes_reserve,0.31816438
125,3,gen_fuel_nuclear_mw,0.38745883
125,4,da_as_total_mw_thirty_minutes_reserve,0.31637192
125,5,gen_fuel_gas_mw,0.31424233
125,6,total_pjm_rmccp_cr,0.4650249
125,7,da_as_as_req_mw_thirty_minutes_reserve,0.17413141
125,8,da_as_as_req_mw_primary_reserve,0.18588264
125,9,forecast_load_mw_day_ahead,0.31435964
125,10,da_as_as_req_mw_synchronized_reserve,0.17452498
125,11,da_as_as_mw_synchronized_reserve,0.14765027
125,12,gen_fuel_coal_mw,0.34698725
125,13,da_as_total_mw_synchronized_reserve,0.14767377
125,14,da_as_as_mw_primary_reserve,0.15563971
125,15,gen_fuel_wind_mw,0.40473667
125,16,da_as_total_mw_primary_reserve,0.15532337
125,17,wind_generation_mw,0.35808885
125,18,total_pjm_assigned_reg,0.30826503
125,19,total_pjm_reg_purchases,0.32091743
125,20,total_pjm_rt_load_mwh,0.31032544
125,21,metered_load_mw,0.31083393
125,22,forecast_load_mw_latest_available,0.3055416
125,23,gross_inadv_interchange_mw,0.32099587
125,24,prelim_load_avg_hourly,0.29533917
125,25,total_lmp_da,0.33938098
126,1,gross_sched_interchange_mw,0.34438244
126,2,da_as_as_mw_thirty_minutes_reserve,0.31725276
126,3,gen_fuel_nuclear_mw,0.38434243
126,4,da_as_total_mw_thirty_minutes_reserve,0.3159706
126,5,gen_fuel_gas_mw,0.31648296
126,6,total_pjm_rmccp_cr,0.46220285
126,7,da_as_as_req_mw_thirty_minutes_reserve,0.16519482
126,8,da_as_as_req_mw_primary_reserve,0.17692755
126,9,forecast_load_mw_day_ahead,0.31768906
126,10,da_as_as_req_mw_synchronized_reserve,0.16649255
126,11,da_as_as_mw_synchronized_reserve,0.14348903
126,12,gen_fuel_coal_mw,0.34904256
126,13,da_as_total_mw_synchronized_reserve,0.14339036
126,14,da_as_as_mw_primary_reserve,0.14965725
126,15,gen_fuel_wind_mw,0.40795514
126,16,da_as_total_mw_primary_reserve,0.14940953
126,17,wind_generation_mw,0.36178103
126,18,total_pjm_assigned_reg,0.30458885
126,19,total_pjm_reg_purchases,0.31597424
126,20,total_pjm_rt_load_mwh,0.31486735
126,21,metered_load_mw,0.3151177
126,22,forecast_load_mw_latest_available,0.30990306
126,23,gross_inadv_interchange_mw,0.32448435
126,24,prelim_load_avg_hourly,0.2995425
126,25,total_lmp_da,0.3319396
127,1,gross_sched_interchange_mw,0.35146403
127,2,da_as_as_mw_thirty_minutes_reserve,0.32030034
127,3,gen_fuel_nuclear_mw,0.38999274
127,4,da_as_total_mw_thirty_minutes_reserve,0.317765
127,5,gen_fuel_gas_mw,0.31311768
127,6,total_pjm_rmccp_cr,0.4494833
127,7,da_as_as_req_mw_thirty_minutes_reserve,0.17578717
127,8,da_as_as_req_mw_primary_reserve,0.1869236
127,9,forecast_load_mw_day_ahead,0.30971202
127,10,da_as_as_req_mw_synchronized_reserve,0.17502937
127,11,da_as_as_mw_synchronized_reserve,0.14741175
127,12,gen_fuel_coal_mw,0.34201303
127,13,da_as_total_mw_synchronized_reserve,0.14763542
127,14,da_as_as_mw_primary_reserve,0.15631384
127,15,gen_fuel_wind_mw,0.39388603
127,16,da_as_total_mw_primary_reserve,0.1557706
127,17,wind_generation_mw,0.34725946
127,18,total_pjm_assigned_reg,0.2985387
127,19,total_pjm_reg_purchases,0.31165227
127,20,total_pjm_rt_load_mwh,0.30317017
127,21,metered_load_mw,0.30388162
127,22,forecast_load_mw_latest_available,0.29814973
127,23,gross_inadv_interchange_mw,0.31416786
127,24,prelim_load_avg_hourly,0.2880557
127,25,total_lmp_da,0.32898825
128,1,gross_sched_interchange_mw,0.35031003
128,2,da_as_as_mw_thirty_minutes_reserve,0.31996828
128,3,gen_fuel_nuclear_mw,0.3884843
128,4,da_as_total_mw_thirty_minutes_reserve,0.3176745
128,5,gen_fuel_gas_mw,0.3135977
128,6,total_pjm_rmccp_cr,0.4392198
128,7,da_as_as_req_mw_thirty_minutes_reserve,0.17243212
128,8,da_as_as_req_mw_primary_reserve,0.18340161
128,9,forecast_load_mw_day_ahead,0.30933365
128,10,da_as_as_req_mw_synchronized_reserve,0.17191584
128,11,da_as_as_mw_synchronized_reserve,0.14610577
128,12,gen_fuel_coal_mw,0.340532
128,13,da_as_total_mw_synchronized_reserve,0.1463943
128,14,da_as_as_mw_primary_reserve,0.15442194
128,15,gen_fuel_wind_mw,0.3907322
128,16,da_as_total_mw_primary_reserve,0.15380633
128,17,wind_generation_mw,0.34448603
128,18,total_pjm_assigned_reg,0.29326665
128,19,total_pjm_reg_purchases,0.3059583
128,20,total_pjm_rt_load_mwh,0.30264732
128,21,metered_load_mw,0.3031908
128,22,forecast_load_mw_latest_available,0.29741
128,23,gross_inadv_interchange_mw,0.31348586
128,24,prelim_load_avg_hourly,0.28727037
128,25,total_lmp_da,0.32229924
129,1,gross_sched_interchange_mw,0.34828255
129,2,da_as_as_mw_thirty_minutes_reserve,0.31767485
129,3,gen_fuel_nuclear_mw,0.38706368
129,4,da_as_total_mw_thirty_minutes_reserve,0.31518775
129,5,gen_fuel_gas_mw,0.31122065
129,6,total_pjm_rmccp_cr,0.44812003
129,7,da_as_as_req_mw_thirty_minutes_reserve,0.16905233
129,8,da_as_as_req_mw_primary_reserve,0.18018247
129,9,forecast_load_mw_day_ahead,0.30811962
129,10,da_as_as_req_mw_synchronized_reserve,0.16858056
129,11,da_as_as_mw_synchronized_reserve,0.14253354
129,12,gen_fuel_coal_mw,0.3403204
129,13,da_as_total_mw_synchronized_reserve,0.14266683
129,14,da_as_as_mw_primary_reserve,0.15069206
129,15,gen_fuel_wind_mw,0.39316517
129,16,da_as_total_mw_primary_reserve,0.15016551
129,17,wind_generation_mw,0.3461868
129,18,total_pjm_assigned_reg,0.29437613
129,19,total_pjm_reg_purchases,0.3071497
129,20,total_pjm_rt_load_mwh,0.3018216
129,21,metered_load_mw,0.30251187
129,22,forecast_load_mw_latest_available,0.29673526
129,23,gross_inadv_interchange_mw,0.31232974
129,24,prelim_load_avg_hourly,0.28650233
129,25,total_lmp_da,0.3229806
130,1,gross_sched_interchange_mw,0.33615762
130,2,da_as_as_mw_thirty_minutes_reserve,0.3090868
130,3,gen_fuel_nuclear_mw,0.37648287
130,4,da_as_total_mw_thirty_minutes_reserve,0.30774125
130,5,gen_fuel_gas_mw,0.30737925
130,6,total_pjm_rmccp_cr,0.44309083
130,7,da_as_as_req_mw_thirty_minutes_reserve,0.1632862
130,8,da_as_as_req_mw_primary_reserve,0.17443614
130,9,forecast_load_mw_day_ahead,0.30729732
130,10,da_as_as_req_mw_synchronized_reserve,0.16390787
130,11,da_as_as_mw_synchronized_reserve,0.14059466
130,12,gen_fuel_coal_mw,0.33874977
130,13,da_as_total_mw_synchronized_reserve,0.14087473
130,14,da_as_as_mw_primary_reserve,0.14782427
130,15,gen_fuel_wind_mw,0.397996
130,16,da_as_total_mw_primary_reserve,0.14749132
130,17,wind_generation_mw,0.35122538
130,18,total_pjm_assigned_reg,0.29927215
130,19,total_pjm_reg_purchases,0.31139064
130,20,total_pjm_rt_load_mwh,0.30375043
130,21,metered_load_mw,0.3042168
130,22,forecast_load_mw_latest_available,0.29882023
130,23,gross_inadv_interchange_mw,0.31432673
130,24,prelim_load_avg_hourly,0.28870606
130,25,total_lmp_da,0.32835957
131,1,gross_sched_interchange_mw,0.35331583
131,2,da_as_as_mw_thirty_minutes_reserve,0.31969443
131,3,gen_fuel_nuclear_mw,0.38924497
131,4,da_as_total_mw_thirty_minutes_reserve,0.31669572
131,5,gen_fuel_gas_mw,0.309684
131,6,total_pjm_rmccp_cr,0.4363839
131,7,da_as_as_req_mw_thirty_minutes_reserve,0.17364162
131,8,da_as_as_req_mw_primary_reserve,0.18453498
131,9,forecast_load_mw_day_ahead,0.30290502
131,10,da_as_as_req_mw_synchronized_reserve,0.17256267
131,11,da_as_as_mw_synchronized_reserve,0.1445109
131,12,gen_fuel_coal_mw,0.3337322
131,13,da_as_total_mw_synchronized_reserve,0.14454642
131,14,da_as_as_mw_primary_reserve,0.15310916
131,15,gen_fuel_wind_mw,0.37550536
131,16,da_as_total_mw_primary_reserve,0.15235037
131,17,wind_generation_mw,0.33044013
131,18,total_pjm_assigned_reg,0.27898493
131,19,total_pjm_reg_purchases,0.29171008
131,20,total_pjm_rt_load_mwh,0.2941835
131,21,metered_load_mw,0.29458156
131,22,forecast_load_mw_latest_available,0.28878486
131,23,gross_inadv_interchange_mw,0.30489343
131,24,prelim_load_avg_hourly,0.27867246
131,25,total_lmp_da,0.3084434
132,1,gross_sched_interchange_mw,0.33621892
132,2,da_as_as_mw_thirty_minutes_reserve,0.30681407
132,3,gen_fuel_nuclear_mw,0.37538427
132,4,da_as_total_mw_thirty_minutes_reserve,0.30507016
132,5,gen_fuel_gas_mw,0.30263224
132,6,total_pjm_rmccp_cr,0.44369933
132,7,da_as_as_req_mw_thirty_minutes_reserve,0.16549078
132,8,da_as_as_req_mw_primary_reserve,0.17668527
132,9,forecast_load_mw_day_ahead,0.30143744
132,10,da_as_as_req_mw_synchronized_reserve,0.16574454
132,11,da_as_as_mw_synchronized_reserve,0.1400637
132,12,gen_fuel_coal_mw,0.3330579
132,13,da_as_total_mw_synchronized_reserve,0.14019468
132,14,da_as_as_mw_primary_reserve,0.1478412
132,15,gen_fuel_wind_mw,0.38785052
132,16,da_as_total_mw_primary_reserve,0.14745112
132,17,wind_generation_mw,0.3417135
132,18,total_pjm_assigned_reg,0.29195917
132,19,total_pjm_reg_purchases,0.30441234
132,20,total_pjm_rt_load_mwh,0.29681575
132,21,metered_load_mw,0.2972139
132,22,forecast_load_mw_latest_available,0.2919047
132,23,gross_inadv_interchange_mw,0.30760482
132,24,prelim_load_avg_hourly,0.28186575
132,25,total_lmp_da,0.32286438
133,1,gross_sched_interchange_mw,0.3386129
133,2,da_as_as_mw_thirty_minutes_reserve,0.30702907
133,3,gen_fuel_nuclear_mw,0.3767171
133,4,da_as_total_mw_thirty_minutes_reserve,0.30481088
133,5,gen_fuel_gas_mw,0.29992962
133,6,total_pjm_rmccp_cr,0.43859443
133,7,da_as_as_req_mw_thirty_minutes_reserve,0.16958079
133,8,da_as_as_req_mw_primary_reserve,0.18063806
133,9,forecast_load_mw_day_ahead,0.29667073
133,10,da_as_as_req_mw_synchronized_reserve,0.16912189
133,11,da_as_as_mw_synchronized_reserve,0.14118646
133,12,gen_fuel_coal_mw,0.3283965
133,13,da_as_total_mw_synchronized_reserve,0.14134856
133,14,da_as_as_mw_primary_reserve,0.14994496
133,15,gen_fuel_wind_mw,0.37867847
133,16,da_as_total_mw_primary_reserve,0.1494129
133,17,wind_generation_mw,0.33281726
133,18,total_pjm_assigned_reg,0.28628674
133,19,total_pjm_reg_purchases,0.2993598
133,20,total_pjm_rt_load_mwh,0.2904506
133,21,metered_load_mw,0.29090035
133,22,forecast_load_mw_latest_available,0.28549063
133,23,gross_inadv_interchange_mw,0.3017228
133,24,prelim_load_avg_hourly,0.27554044
133,25,total_lmp_da,0.31874084
134,1,gross_sched_interchange_mw,0.33211398
134,2,da_as_as_mw_thirty_minutes_reserve,0.30125844
134,3,gen_fuel_nuclear_mw,0.37108278
134,4,da_as_total_mw_thirty_minutes_reserve,0.29924798
134,5,gen_fuel_gas_mw,0.2948242
134,6,total_pjm_rmccp_cr,0.43613058
134,7,da_as_as_req_mw_thirty_minutes_reserve,0.16849144
134,8,da_as_as_req_mw_primary_reserve,0.17947258
134,9,forecast_load_mw_day_ahead,0.2925763
134,10,da_as_as_req_mw_synchronized_reserve,0.16801797
134,11,da_as_as_mw_synchronized_reserve,0.13987601
134,12,gen_fuel_coal_mw,0.32477394
134,13,da_as_total_mw_synchronized_reserve,0.14017613
134,14,da_as_as_mw_primary_reserve,0.14904776
134,15,gen_fuel_wind_mw,0.37850186
134,16,da_as_total_mw_primary_reserve,0.14857787
134,17,wind_generation_mw,0.33215392
134,18,total_pjm_assigned_reg,0.28905645
134,19,total_pjm_reg_purchases,0.30250072
134,20,total_pjm_rt_load_mwh,0.2870666
134,21,metered_load_mw,0.2876333
134,22,forecast_load_mw_latest_available,0.2823073
134,23,gross_inadv_interchange_mw,0.29874995
134,24,prelim_load_avg_hourly,0.27248624
134,25,total_lmp_da,0.32300138
135,1,gross_sched_interchange_mw,0.3366499
135,2,da_as_as_mw_thirty_minutes_reserve,0.30559793
135,3,gen_fuel_nuclear_mw,0.3737247
135,4,da_as_total_mw_thirty_minutes_reserve,0.30345696
135,5,gen_fuel_gas_mw,0.29811063
135,6,total_pjm_rmccp_cr,0.41458368
135,7,da_as_as_req_mw_thirty_minutes_reserve,0.16990818
135,8,da_as_as_req_mw_primary_reserve,0.18030764
135,9,forecast_load_mw_day_ahead,0.2923897
135,10,da_as_as_req_mw_synchronized_reserve,0.16903207
135,11,da_as_as_mw_synchronized_reserve,0.14219078
135,12,gen_fuel_coal_mw,0.32249612
135,13,da_as_total_mw_synchronized_reserve,0.14268583
135,14,da_as_as_mw_primary_reserve,0.1512511
135,15,gen_fuel_wind_mw,0.3682277
135,16,da_as_total_mw_primary_reserve,0.15055138
135,17,wind_generation_mw,0.3233612
135,18,total_pjm_assigned_reg,0.27785525
135,19,total_pjm_reg_purchases,0.29079485
135,20,total_pjm_rt_load_mwh,0.2850791
135,21,metered_load_mw,0.2854484
135,22,forecast_load_mw_latest_available,0.27988127
135,23,gross_inadv_interchange_mw,0.2967874
135,24,prelim_load_avg_hourly,0.27017635
135,25,total_lmp_da,0.309949
136,1,gross_sched_interchange_mw,0.32995257
136,2,da_as_as_mw_thirty_minutes_reserve,0.30068552
136,3,gen_fuel_nuclear_mw,0.36864695
136,4,da_as_total_mw_thirty_minutes_reserve,0.2989562
136,5,gen_fuel_gas_mw,0.2958774
136,6,total_pjm_rmccp_cr,0.42431682
136,7,da_as_as_req_mw_thirty_minutes_reserve,0.16325115
136,8,da_as_as_req_mw_primary_reserve,0.17392746
136,9,forecast_load_mw_day_ahead,0.2931252
136,10,da_as_as_req_mw_synchronized_reserve,0.16310705
136,11,da_as_as_mw_synchronized_reserve,0.13779718
136,12,gen_fuel_coal_mw,0.32397938
136,13,da_as_total_mw_synchronized_reserve,0.13817461
136,14,da_as_as_mw_primary_reserve,0.14601603
136,15,gen_fuel_wind_mw,0.37648258
136,16,da_as_total_mw_primary_reserve,0.14552172
136,17,wind_generation_mw,0.33069587
136,18,total_pjm_assigned_reg,0.28344804
136,19,total_pjm_reg_purchases,0.29608876
136,20,total_pjm_rt_load_mwh,0.2877527
136,21,metered_load_mw,0.2881643
136,22,forecast_load_mw_latest_available,0.2827657
136,23,gross_inadv_interchange_mw,0.29902944
136,24,prelim_load_avg_hourly,0.27294424
136,25,total_lmp_da,0.31487873
137,1,gross_sched_interchange_mw,0.32150367
137,2,da_as_as_mw_thirty_minutes_reserve,0.29548997
137,3,gen_fuel_nuclear_mw,0.36108285
137,4,da_as_total_mw_thirty_minutes_reserve,0.2944682
137,5,gen_fuel_gas_mw,0.29361472
137,6,total_pjm_rmccp_cr,0.40526795
137,7,da_as_as_req_mw_thirty_minutes_reserve,0.15977101
137,8,da_as_as_req_mw_primary_reserve,0.16995455
137,9,forecast_load_mw_day_ahead,0.29134175
137,10,da_as_as_req_mw_synchronized_reserve,0.1598764
137,11,da_as_as_mw_synchronized_reserve,0.13745351
137,12,gen_fuel_coal_mw,0.32108933
137,13,da_as_total_mw_synchronized_reserve,0.13825406
137,14,da_as_as_mw_primary_reserve,0.14547949
137,15,gen_fuel_wind_mw,0.37712747
137,16,da_as_total_mw_primary_reserve,0.1450033
137,17,wind_generation_mw,0.3313521
137,18,total_pjm_assigned_reg,0.2853197
137,19,total_pjm_reg_purchases,0.29769552
137,20,total_pjm_rt_load_mwh,0.28705212
137,21,metered_load_mw,0.28747436
137,22,forecast_load_mw_latest_available,0.28206047
137,23,gross_inadv_interchange_mw,0.29870552
137,24,prelim_load_avg_hourly,0.27246448
137,25,total_lmp_da,0.31621668
138,1,gross_sched_interchange_mw,0.3181891
138,2,da_as_as_mw_thirty_minutes_reserve,0.29193625
138,3,gen_fuel_nuclear_mw,0.3579934
138,4,da_as_total_mw_thirty_minutes_reserve,0.2909164
138,5,gen_fuel_gas_mw,0.2901119
138,6,total_pjm_rmccp_cr,0.41044623
138,7,da_as_as_req_mw_thirty_minutes_reserve,0.15804762
138,8,da_as_as_req_mw_primary_reserve,0.16837813
138,9,forecast_load_mw_day_ahead,0.288809
138,10,da_as_as_req_mw_synchronized_reserve,0.15828873
138,11,da_as_as_mw_synchronized_reserve,0.13533543
138,12,gen_fuel_coal_mw,0.3190514
138,13,da_as_total_mw_synchronized_reserve,0.13601346
138,14,da_as_as_mw_primary_reserve,0.14330018
138,15,gen_fuel_wind_mw,0.37650833
138,16,da_as_total_mw_primary_reserve,0.14289342
138,17,wind_generation_mw,0.33058852
138,18,total_pjm_assigned_reg,0.28522283
138,19,total_pjm_reg_purchases,0.29765993
138,20,total_pjm_rt_load_mwh,0.28498334
138,21,metered_load_mw,0.2854147
138,22,forecast_load_mw_latest_available,0.28013334
138,23,gross_inadv_interchange_mw,0.29654592
138,24,prelim_load_avg_hourly,0.270533
138,25,total_lmp_da,0.31674802
139,1,gross_sched_interchange_mw,0.31713572
139,2,da_as_as_mw_thirty_minutes_reserve,0.2911124
139,3,gen_fuel_nuclear_mw,0.35720664
139,4,da_as_total_mw_thirty_minutes_reserve,0.2900712
139,5,gen_fuel_gas_mw,0.28952265
139,6,total_pjm_rmccp_cr,0.41072142
139,7,da_as_as_req_mw_thirty_minutes_reserve,0.15549397
139,8,da_as_as_req_mw_primary_reserve,0.1658121
139,9,forecast_load_mw_day_ahead,0.28841573
139,10,da_as_as_req_mw_synchronized_reserve,0.15577906
139,11,da_as_as_mw_synchronized_reserve,0.13336149
139,12,gen_fuel_coal_mw,0.31881264
139,13,da_as_total_mw_synchronized_reserve,0.13401386
139,14,da_as_as_mw_primary_reserve,0.14111519
139,15,gen_fuel_wind_mw,0.37726074
139,16,da_as_total_mw_primary_reserve,0.14071886
139,17,wind_generation_mw,0.33097488
139,18,total_pjm_assigned_reg,0.2845562
139,19,total_pjm_reg_purchases,0.29693684
139,20,total_pjm_rt_load_mwh,0.284688
139,21,metered_load_mw,0.28516254
139,22,forecast_load_mw_latest_available,0.27983004
139,23,gross_inadv_interchange_mw,0.2960797
139,24,prelim_load_avg_hourly,0.2701659
139,25,total_lmp_da,0.31532362
140,1,gross_sched_interchange_mw,0.32015496
140,2,da_as_as_mw_thirty_minutes_reserve,0.2921267
140,3,gen_fuel_nuclear_mw,0.35852835
140,4,da_as_total_mw_thirty_minutes_reserve,0.29076076
140,5,gen_fuel_gas_mw,0.28820512
140,6,total_pjm_rmccp_cr,0.40354425
140,7,da_as_as_req_mw_thirty_minutes_reserve,0.15902255
140,8,da_as_as_req_mw_primary_reserve,0.16920164
140,9,forecast_load_mw_day_ahead,0.28481779
140,10,da_as_as_req_mw_synchronized_reserve,0.15889715
140,11,da_as_as_mw_synchronized_reserve,0.13494569
140,12,gen_fuel_coal_mw,0.31443757
140,13,da_as_total_mw_synchronized_reserve,0.13556041
140,14,da_as_as_mw_primary_reserve,0.14312392
140,15,gen_fuel_wind_mw,0.3657675
140,16,da_as_total_mw_primary_reserve,0.1425907
140,17,wind_generation_mw,0.32075185
140,18,total_pjm_assigned_reg,0.27521747
140,19,total_pjm_reg_purchases,0.28765428
140,20,total_pjm_rt_load_mwh,0.27954236
140,21,metered_load_mw,0.27984604
140,22,forecast_load_mw_latest_available,0.2745139
140,23,gross_inadv_interchange_mw,0.29115915
140,24,prelim_load_avg_hourly,0.264957
140,25,total_lmp_da,0.30696505
141,1,gross_sched_interchange_mw,0.3128402
141,2,da_as_as_mw_thirty_minutes_reserve,0.28541017
141,3,gen_fuel_nuclear_mw,0.3521639
141,4,da_as_total_mw_thirty_minutes_reserve,0.28445607
141,5,gen_fuel_gas_mw,0.28319666
141,6,total_pjm_rmccp_cr,0.41552645
141,7,da_as_as_req_mw_thirty_minutes_reserve,0.15653238
141,8,da_as_as_req_mw_primary_reserve,0.16711475
141,9,forecast_load_mw_day_ahead,0.28271344
141,10,da_as_as_req_mw_synchronized_reserve,0.15706736
141,11,da_as_as_mw_synchronized_reserve,0.13264504
141,12,gen_fuel_coal_mw,0.3130785
141,13,da_as_total_mw_synchronized_reserve,0.1330781
141,14,da_as_as_mw_primary_reserve,0.14048882
141,15,gen_fuel_wind_mw,0.3691577
141,16,da_as_total_mw_primary_reserve,0.1401546
141,17,wind_generation_mw,0.32396412
141,18,total_pjm_assigned_reg,0.2796992
141,19,total_pjm_reg_purchases,0.29207772
141,20,total_pjm_rt_load_mwh,0.27927303
141,21,metered_load_mw,0.2794877
141,22,forecast_load_mw_latest_available,0.27455
141,23,gross_inadv_interchange_mw,0.29083467
141,24,prelim_load_avg_hourly,0.26499665
141,25,total_lmp_da,0.3133014
142,1,gross_sched_interchange_mw,0.32276726
142,2,da_as_as_mw_thirty_minutes_reserve,0.29267395
142,3,gen_fuel_nuclear_mw,0.36020327
142,4,da_as_total_mw_thirty_minutes_reserve,0.29067007
142,5,gen_fuel_gas_mw,0.28608036
142,6,total_pjm_rmccp_cr,0.4034349
142,7,da_as_as_req_mw_thirty_minutes_reserve,0.15935938
142,8,da_as_as_req_mw_primary_reserve,0.16944262
142,9,forecast_load_mw_day_ahead,0.28114778
142,10,da_as_as_req_mw_synchronized_reserve,0.15864258
142,11,da_as_as_mw_synchronized_reserve,0.13327098
142,12,gen_fuel_coal_mw,0.31111854
142,13,da_as_total_mw_synchronized_reserve,0.13377093
142,14,da_as_as_mw_primary_reserve,0.14185789
142,15,gen_fuel_wind_mw,0.3586514
142,16,da_as_total_mw_primary_reserve,0.14123453
142,17,wind_generation_mw,0.31371486
142,18,total_pjm_assigned_reg,0.2684725
142,19,total_pjm_reg_purchases,0.28118345
142,20,total_pjm_rt_load_mwh,0.2744273
142,21,metered_load_mw,0.27483663
142,22,forecast_load_mw_latest_available,0.26935416
142,23,gross_inadv_interchange_mw,0.28593653
142,24,prelim_load_avg_hourly,0.259789
142,25,total_lmp_da,0.2999655
143,1,gross_sched_interchange_mw,0.31398755
143,2,da_as_as_mw_thirty_minutes_reserve,0.28581676
143,3,gen_fuel_nuclear_mw,0.3526035
143,4,da_as_total_mw_thirty_minutes_reserve,0.28443906
143,5,gen_fuel_gas_mw,0.28182322
143,6,total_pjm_rmccp_cr,0.40333995
143,7,da_as_as_req_mw_thirty_minutes_reserve,0.15540312
143,8,da_as_as_req_mw_primary_reserve,0.16557401
143,9,forecast_load_mw_day_ahead,0.27911392
143,10,da_as_as_req_mw_synchronized_reserve,0.15530346
143,11,da_as_as_mw_synchronized_reserve,0.13106303
143,12,gen_fuel_coal_mw,0.30913812
143,13,da_as_total_mw_synchronized_reserve,0.13161735
143,14,da_as_as_mw_primary_reserve,0.13925795
143,15,gen_fuel_wind_mw,0.3617713
143,16,da_as_total_mw_primary_reserve,0.13877589
143,17,wind_generation_mw,0.3165421
143,18,total_pjm_assigned_reg,0.27226207
143,19,total_pjm_reg_purchases,0.28482765
143,20,total_pjm_rt_load_mwh,0.27415055
143,21,metered_load_mw,0.2744974
143,22,forecast_load_mw_latest_available,0.2692606
143,23,gross_inadv_interchange_mw,0.28576759
143,24,prelim_load_avg_hourly,0.25975093
143,25,total_lmp_da,0.30463907
144,1,gross_sched_interchange_mw,0.3117861
144,2,da_as_as_mw_thirty_minutes_reserve,0.28450295
144,3,gen_fuel_nuclear_mw,0.35076392
144,4,da_as_total_mw_thirty_minutes_reserve,0.2831733
144,5,gen_fuel_gas_mw,0.28061914
144,6,total_pjm_rmccp_cr,0.39135528
144,7,da_as_as_req_mw_thirty_minutes_reserve,0.1549332
144,8,da_as_as_req_mw_primary_reserve,0.16473813
144,9,forecast_load_mw_day_ahead,0.27714273
144,10,da_as_as_req_mw_synchronized_reserve,0.15450136
144,11,da_as_as_mw_synchronized_reserve,0.13103014
144,12,gen_fuel_coal_mw,0.306962
144,13,da_as_total_mw_synchronized_reserve,0.13186768
144,14,da_as_as_mw_primary_reserve,0.13965996
144,15,gen_fuel_wind_mw,0.36057588
144,16,da_as_total_mw_primary_reserve,0.13911174
144,17,wind_generation_mw,0.31490788
144,18,total_pjm_assigned_reg,0.27252132
144,19,total_pjm_reg_purchases,0.28537706
144,20,total_pjm_rt_load_mwh,0.27189255
144,21,metered_load_mw,0.27239782
144,22,forecast_load_mw_latest_available,0.26697668
144,23,gross_inadv_interchange_mw,0.2838968
144,24,prelim_load_avg_hourly,0.25757664
144,25,total_lmp_da,0.30471453
145,1,gross_sched_interchange_mw,0.31418076
145,2,da_as_as_mw_thirty_minutes_reserve,0.28534654
145,3,gen_fuel_nuclear_mw,0.35204977
145,4,da_as_total_mw_thirty_minutes_reserve,0.2835601
145,5,gen_fuel_gas_mw,0.27930763
145,6,total_pjm_rmccp_cr,0.3864396
145,7,da_as_as_req_mw_thirty_minutes_reserve,0.15653482
145,8,da_as_as_req_mw_primary_reserve,0.1661394
145,9,forecast_load_mw_day_ahead,0.2740726
145,10,da_as_as_req_mw_synchronized_reserve,0.15556899
145,11,da_as_as_mw_synchronized_reserve,0.13104267
145,12,gen_fuel_coal_mw,0.30367762
145,13,da_as_total_mw_synchronized_reserve,0.13186137
145,14,da_as_as_mw_primary_reserve,0.140085
145,15,gen_fuel_wind_mw,0.35272262
145,16,da_as_total_mw_primary_reserve,0.13943337
145,17,wind_generation_mw,0.3076236
145,18,total_pjm_assigned_reg,0.26581314
145,19,total_pjm_reg_purchases,0.27879864
145,20,total_pjm_rt_load_mwh,0.26746964
145,21,metered_load_mw,0.26800096
145,22,forecast_load_mw_latest_available,0.2624668
145,23,gross_inadv_interchange_mw,0.27950844
145,24,prelim_load_avg_hourly,0.25314555
145,25,total_lmp_da,0.29796737
146,1,gross_sched_interchange_mw,0.31132284
146,2,da_as_as_mw_thirty_minutes_reserve,0.2832871
146,3,gen_fuel_nuclear_mw,0.349199
146,4,da_as_total_mw_thirty_minutes_reserve,0.28192288
146,5,gen_fuel_gas_mw,0.27861264
146,6,total_pjm_rmccp_cr,0.38303897
146,7,da_as_as_req_mw_thirty_minutes_reserve,0.15520634
146,8,da_as_as_req_mw_primary_reserve,0.16485846
146,9,forecast_load_mw_day_ahead,0.2738161
146,10,da_as_as_req_mw_synchronized_reserve,0.15468869
146,11,da_as_as_mw_synchronized_reserve,0.13095741
146,12,gen_fuel_coal_mw,0.30272928
146,13,da_as_total_mw_synchronized_reserve,0.13178681
146,14,da_as_as_mw_primary_reserve,0.13957497
146,15,gen_fuel_wind_mw,0.35176072
146,16,da_as_total_mw_primary_reserve,0.13894959
146,17,wind_generation_mw,0.3071779
146,18,total_pjm_assigned_reg,0.26462463
146,19,total_pjm_reg_purchases,0.27726758
146,20,total_pjm_rt_load_mwh,0.26784974
146,21,metered_load_mw,0.26816577
146,22,forecast_load_mw_latest_available,0.26279426
146,23,gross_inadv_interchange_mw,0.27993283
146,24,prelim_load_avg_hourly,0.2534859
146,25,total_lmp_da,0.29712343
147,1,gross_sched_interchange_mw,0.30255547
147,2,da_as_as_mw_thirty_minutes_reserve,0.27775595
147,3,gen_fuel_nuclear_mw,0.341917
147,4,da_as_total_mw_thirty_minutes_reserve,0.2770656
147,5,gen_fuel_gas_mw,0.27658093
147,6,total_pjm_rmccp_cr,0.37696138
147,7,da_as_as_req_mw_thirty_minutes_reserve,0.14976138
147,8,da_as_as_req_mw_primary_reserve,0.15923637
147,9,forecast_load_mw_day_ahead,0.2738809
147,10,da_as_as_req_mw_synchronized_reserve,0.14978695
147,11,da_as_as_mw_synchronized_reserve,0.12875047
147,12,gen_fuel_coal_mw,0.30254644
147,13,da_as_total_mw_synchronized_reserve,0.12978885
147,14,da_as_as_mw_primary_reserve,0.13678396
147,15,gen_fuel_wind_mw,0.3580433
147,16,da_as_total_mw_primary_reserve,0.13629694
147,17,wind_generation_mw,0.31288165
147,18,total_pjm_assigned_reg,0.2700421
147,19,total_pjm_reg_purchases,0.2823309
147,20,total_pjm_rt_load_mwh,0.26976258
147,21,metered_load_mw,0.2701301
147,22,forecast_load_mw_latest_available,0.26483145
147,23,gross_inadv_interchange_mw,0.28184414
147,24,prelim_load_avg_hourly,0.2556127
147,25,total_lmp_da,0.30180958
148,1,gross_sched_interchange_mw,0.3047225
148,2,da_as_as_mw_thirty_minutes_reserve,0.2785053
148,3,gen_fuel_nuclear_mw,0.34319696
148,4,da_as_total_mw_thirty_minutes_reserve,0.27744994
148,5,gen_fuel_gas_mw,0.27561304
148,6,total_pjm_rmccp_cr,0.37554884
148,7,da_as_as_req_mw_thirty_minutes_reserve,0.14981037
148,8,da_as_as_req_mw_primary_reserve,0.15924121
148,9,forecast_load_mw_day_ahead,0.2716147
148,10,da_as_as_req_mw_synchronized_reserve,0.14954811
148,11,da_as_as_mw_synchronized_reserve,0.12776573
148,12,gen_fuel_coal_mw,0.30017003
148,13,da_as_total_mw_synchronized_reserve,0.12869927
148,14,da_as_as_mw_primary_reserve,0.13589852
148,15,gen_fuel_wind_mw,0.35194394
148,16,da_as_total_mw_primary_reserve,0.13533165
148,17,wind_generation_mw,0.30715176
148,18,total_pjm_assigned_reg,0.26374447
148,19,total_pjm_reg_purchases,0.27607027
148,20,total_pjm_rt_load_mwh,0.26644367
148,21,metered_load_mw,0.26679
148,22,forecast_load_mw_latest_available,0.26141897
148,23,gross_inadv_interchange_mw,0.27838528
148,24,prelim_load_avg_hourly,0.25217468
148,25,total_lmp_da,0.29512787
149,1,gross_sched_interchange_mw,0.30122334
149,2,da_as_as_mw_thirty_minutes_reserve,0.27539682
149,3,gen_fuel_nuclear_mw,0.33935234
149,4,da_as_total_mw_thirty_minutes_reserve,0.2746284
149,5,gen_fuel_gas_mw,0.27311218
149,6,total_pjm_rmccp_cr,0.36999676
149,7,da_as_as_req_mw_thirty_minutes_reserve,0.15071195
149,8,da_as_as_req_mw_primary_reserve,0.16006646
149,9,forecast_load_mw_day_ahead,0.26925775
149,10,da_as_as_req_mw_synchronized_reserve,0.15061207
149,11,da_as_as_mw_synchronized_reserve,0.12876612
149,12,gen_fuel_coal_mw,0.29715428
149,13,da_as_total_mw_synchronized_reserve,0.12976696
149,14,da_as_as_mw_primary_reserve,0.13693641
149,15,gen_fuel_wind_mw,0.34790543
149,16,da_as_total_mw_primary_reserve,0.13638611
149,17,wind_generation_mw,0.30398208
149,18,total_pjm_assigned_reg,0.2620557
149,19,total_pjm_reg_purchases,0.2742298
149,20,total_pjm_rt_load_mwh,0.26443747
149,21,metered_load_mw,0.26462668
149,22,forecast_load_mw_latest_available,0.25943977
149,23,gross_inadv_interchange_mw,0.27663568
149,24,prelim_load_avg_hourly,0.25036177
149,25,total_lmp_da,0.2946851
150,1,gross_sched_interchange_mw,0.30268198
150,2,da_as_as_mw_thirty_minutes_reserve,0.27528948
150,3,gen_fuel_nuclear_mw,0.34015623
150,4,da_as_total_mw_thirty_minutes_reserve,0.27405575
150,5,gen_fuel_gas_mw,0.2707077
150,6,total_pjm_rmccp_cr,0.3664499
150,7,da_as_as_req_mw_thirty_minutes_reserve,0.15283535
150,8,da_as_as_req_mw_primary_reserve,0.16201901
150,9,forecast_load_mw_day_ahead,0.26540232
150,10,da_as_as_req_mw_synchronized_reserve,0.15210187
150,11,da_as_as_mw_synchronized_reserve,0.12874562
150,12,gen_fuel_coal_mw,0.29356667
150,13,da_as_total_mw_synchronized_reserve,0.12977669
150,14,da_as_as_mw_primary_reserve,0.13766332
150,15,gen_fuel_wind_mw,0.3414219
150,16,da_as_total_mw_primary_reserve,0.13701789
150,17,wind_generation_mw,0.29758233
150,18,total_pjm_assigned_reg,0.257954
150,19,total_pjm_reg_purchases,0.27059546
150,20,total_pjm_rt_load_mwh,0.2593525
150,21,metered_load_mw,0.25967044
150,22,forecast_load_mw_latest_available,0.25435957
150,23,gross_inadv_interchange_mw,0.27178454
150,24,prelim_load_avg_hourly,0.2453668
150,25,total_lmp_da,0.29124278
151,1,gross_sched_interchange_mw,0.30443937
151,2,da_as_as_mw_thirty_minutes_reserve,0.2766302
151,3,gen_fuel_nuclear_mw,0.34170115
151,4,da_as_total_mw_thirty_minutes_reserve,0.27515724
151,5,gen_fuel_gas_mw,0.27160522
151,6,total_pjm_rmccp_cr,0.36928084
151,7,da_as_as_req_mw_thirty_minutes_reserve,0.14976177
151,8,da_as_as_req_mw_primary_reserve,0.15899381
151,9,forecast_load_mw_day_ahead,0.265999
151,10,da_as_as_req_mw_synchronized_reserve,0.14904706
151,11,da_as_as_mw_synchronized_reserve,0.12622897
151,12,gen_fuel_coal_mw,0.29426542
151,13,da_as_total_mw_synchronized_reserve,0.12710391
151,14,da_as_as_mw_primary_reserve,0.13467595
151,15,gen_fuel_wind_mw,0.34130755
151,16,da_as_total_mw_primary_reserve,0.1340176
151,17,wind_generation_mw,0.29725975
151,18,total_pjm_assigned_reg,0.25471172
151,19,total_pjm_reg_purchases,0.26712012
151,20,total_pjm_rt_load_mwh,0.25958213
151,21,metered_load_mw,0.2599193
151,22,forecast_load_mw_latest_available,0.2545041
151,23,gross_inadv_interchange_mw,0.2715137
151,24,prelim_load_avg_hourly,0.24536487
151,25,total_lmp_da,0.28618172
152,1,gross_sched_interchange_mw,0.30000255
152,2,da_as_as_mw_thirty_minutes_reserve,0.2716851
152,3,gen_fuel_nuclear_mw,0.33747613
152,4,da_as_total_mw_thirty_minutes_reserve,0.27029678
152,5,gen_fuel_gas_mw,0.26623827
152,6,total_pjm_rmccp_cr,0.3699259
152,7,da_as_as_req_mw_thirty_minutes_reserve,0.15166868
152,8,da_as_as_req_mw_primary_reserve,0.16096592
152,9,forecast_load_mw_day_ahead,0.26123357
152,10,da_as_as_req_mw_synchronized_reserve,0.15085238
152,11,da_as_as_mw_synchronized_reserve,0.12639399
152,12,gen_fuel_coal_mw,0.28996852
152,13,da_as_total_mw_synchronized_reserve,0.1273102
152,14,da_as_as_mw_primary_reserve,0.1355184
152,15,gen_fuel_wind_mw,0.3380152
152,16,da_as_total_mw_primary_reserve,0.13489302
152,17,wind_generation_mw,0.2939888
152,18,total_pjm_assigned_reg,0.25582364
152,19,total_pjm_reg_purchases,0.2687486
152,20,total_pjm_rt_load_mwh,0.25512838
152,21,metered_load_mw,0.25548372
152,22,forecast_load_mw_latest_available,0.2502532
152,23,gross_inadv_interchange_mw,0.26758742
152,24,prelim_load_avg_hourly,0.2412601
152,25,total_lmp_da,0.29007623
153,1,gross_sched_interchange_mw,0.30364633
153,2,da_as_as_mw_thirty_minutes_reserve,0.27567747
153,3,gen_fuel_nuclear_mw,0.34061167
153,4,da_as_total_mw_thirty_minutes_reserve,0.2741243
153,5,gen_fuel_gas_mw,0.26973534
153,6,total_pjm_rmccp_cr,0.35481274
153,7,da_as_as_req_mw_thirty_minutes_reserve,0.1506197
153,8,da_as_as_req_mw_primary_reserve,0.15945789
153,9,forecast_load_mw_day_ahead,0.2623816
153,10,da_as_as_req_mw_synchronized_reserve,0.14941666
153,11,da_as_as_mw_synchronized_reserve,0.12658794
153,12,gen_fuel_coal_mw,0.2901501
153,13,da_as_total_mw_synchronized_reserve,0.12772097
153,14,da_as_as_mw_primary_reserve,0.13565463
153,15,gen_fuel_wind_mw,0.33500856
153,16,da_as_total_mw_primary_reserve,0.13486873
153,17,wind_generation_mw,0.29107288
153,18,total_pjm_assigned_reg,0.25064158
153,19,total_pjm_reg_purchases,0.26336002
153,20,total_pjm_rt_load_mwh,0.25503197
153,21,metered_load_mw,0.25542665
153,22,forecast_load_mw_latest_available,0.24984284
153,23,gross_inadv_interchange_mw,0.26747575
153,24,prelim_load_avg_hourly,0.24083653
153,25,total_lmp_da,0.28255048
154,1,gross_sched_interchange_mw,0.29613382
154,2,da_as_as_mw_thirty_minutes_reserve,0.27073854
154,3,gen_fuel_nuclear_mw,0.333783
154,4,da_as_total_mw_thirty_minutes_reserve,0.26981744
154,5,gen_fuel_gas_mw,0.26809642
154,6,total_pjm_rmccp_cr,0.35482243
154,7,da_as_as_req_mw_thirty_minutes_reserve,0.14407328
154,8,da_as_as_req_mw_primary_reserve,0.15298766
154,9,forecast_load_mw_day_ahead,0.26297405
154,10,da_as_as_req_mw_synchronized_reserve,0.14374574
154,11,da_as_as_mw_synchronized_reserve,0.12347607
154,12,gen_fuel_coal_mw,0.29019347
154,13,da_as_total_mw_synchronized_reserve,0.1245383
154,14,da_as_as_mw_primary_reserve,0.13133045
154,15,gen_fuel_wind_mw,0.33918133
154,16,da_as_total_mw_primary_reserve,0.13070115
154,17,wind_generation_mw,0.29535693
154,18,total_pjm_assigned_reg,0.25204414
154,19,total_pjm_reg_purchases,0.2639817
154,20,total_pjm_rt_load_mwh,0.2574453
154,21,metered_load_mw,0.25769904
154,22,forecast_load_mw_latest_available,0.25232884
154,23,gross_inadv_interchange_mw,0.26936147
154,24,prelim_load_avg_hourly,0.24330671
154,25,total_lmp_da,0.2824502
155,1,gross_sched_interchange_mw,0.3010013
155,2,da_as_as_mw_thirty_minutes_reserve,0.27344647
155,3,gen_fuel_nuclear_mw,0.3377323
155,4,da_as_total_mw_thirty_minutes_reserve,0.27192566
155,5,gen_fuel_gas_mw,0.26814198
155,6,total_pjm_rmccp_cr,0.35391992
155,7,da_as_as_req_mw_thirty_minutes_reserve,0.1464291
155,8,da_as_as_req_mw_primary_reserve,0.15523255
155,9,forecast_load_mw_day_ahead,0.26113695
155,10,da_as_as_req_mw_synchronized_reserve,0.14548132
155,11,da_as_as_mw_synchronized_reserve,0.1236829
155,12,gen_fuel_coal_mw,0.2885508
155,13,da_as_total_mw_synchronized_reserve,0.12469539
155,14,da_as_as_mw_primary_reserve,0.13207568
155,15,gen_fuel_wind_mw,0.33299237
155,16,da_as_total_mw_primary_reserve,0.13133805
155,17,wind_generation_mw,0.28941447
155,18,total_pjm_assigned_reg,0.24651344
155,19,total_pjm_reg_purchases,0.25872505
155,20,total_pjm_rt_load_mwh,0.25403595
155,21,metered_load_mw,0.25435674
155,22,forecast_load_mw_latest_available,0.24881752
155,23,gross_inadv_interchange_mw,0.26602063
155,24,prelim_load_avg_hourly,0.2398002
155,25,total_lmp_da,0.27706307
156,1,gross_sched_interchange_mw,0.29037824
156,2,da_as_as_mw_thirty_minutes_reserve,0.264143
156,3,gen_fuel_nuclear_mw,0.32847932
156,4,da_as_total_mw_thirty_minutes_reserve,0.2632494
156,5,gen_fuel_gas_mw,0.26100346
156,6,total_pjm_rmccp_cr,0.36015505
156,7,da_as_as_req_mw_thirty_minutes_reserve,0.14511247
156,8,da_as_as_req_mw_primary_reserve,0.15418914
156,9,forecast_load_mw_day_ahead,0.25710416
156,10,da_as_as_req_mw_synchronized_reserve,0.14472918
156,11,da_as_as_mw_synchronized_reserve,0.12236571
156,12,gen_fuel_coal_mw,0.28526038
156,13,da_as_total_mw_synchronized_reserve,0.12339039
156,14,da_as_as_mw_primary_reserve,0.1308925
156,15,gen_fuel_wind_mw,0.33618435
156,16,da_as_total_mw_primary_reserve,0.13035019
156,17,wind_generation_mw,0.29216853
156,18,total_pjm_assigned_reg,0.2535015
156,19,total_pjm_reg_purchases,0.2660241
156,20,total_pjm_rt_load_mwh,0.25212073
156,21,metered_load_mw,0.2524154
156,22,forecast_load_mw_latest_available,0.24728921
156,23,gross_inadv_interchange_mw,0.26454386
156,24,prelim_load_avg_hourly,0.23840193
156,25,total_lmp_da,0.2872902
157,1,gross_sched_interchange_mw,0.28538147
157,2,da_as_as_mw_thirty_minutes_reserve,0.26105738
157,3,gen_fuel_nuclear_mw,0.32407415
157,4,da_as_total_mw_thirty_minutes_reserve,0.2605492
157,5,gen_fuel_gas_mw,0.25959778
157,6,total_pjm_rmccp_cr,0.3493064
157,7,da_as_as_req_mw_thirty_minutes_reserve,0.14250366
157,8,da_as_as_req_mw_primary_reserve,0.15130797
157,9,forecast_load_mw_day_ahead,0.2560016
157,10,da_as_as_req_mw_synchronized_reserve,0.14225528
157,11,da_as_as_mw_synchronized_reserve,0.12160138
157,12,gen_fuel_coal_mw,0.28362983
157,13,da_as_total_mw_synchronized_reserve,0.122860886
157,14,da_as_as_mw_primary_reserve,0.13000184
157,15,gen_fuel_wind_mw,0.33703196
157,16,da_as_total_mw_primary_reserve,0.12946959
157,17,wind_generation_mw,0.29279643
157,18,total_pjm_assigned_reg,0.25464842
157,19,total_pjm_reg_purchases,0.26706445
157,20,total_pjm_rt_load_mwh,0.2516326
157,21,metered_load_mw,0.25195754
157,22,forecast_load_mw_latest_available,0.24679501
157,23,gross_inadv_interchange_mw,0.26425818
157,24,prelim_load_avg_hourly,0.23800689
157,25,total_lmp_da,0.28801525
158,1,gross_sched_interchange_mw,0.28933668
158,2,da_as_as_mw_thirty_minutes_reserve,0.2645746
158,3,gen_fuel_nuclear_mw,0.32692668
158,4,da_as_total_mw_thirty_minutes_reserve,0.2637638
158,5,gen_fuel_gas_mw,0.2620802
158,6,total_pjm_rmccp_cr,0.33922663
158,7,da_as_as_req_mw_thirty_minutes_reserve,0.14195468
158,8,da_as_as_req_mw_primary_reserve,0.15042472
158,9,forecast_load_mw_day_ahead,0.25632632
158,10,da_as_as_req_mw_synchronized_reserve,0.14137605
158,11,da_as_as_mw_synchronized_reserve,0.12157011
158,12,gen_fuel_coal_mw,0.28298944
158,13,da_as_total_mw_synchronized_reserve,0.122869365
158,14,da_as_as_mw_primary_reserve,0.12976937
158,15,gen_fuel_wind_mw,0.33136374
158,16,da_as_total_mw_primary_reserve,0.12911184
158,17,wind_generation_mw,0.2878725
158,18,total_pjm_assigned_reg,0.24698621
158,19,total_pjm_reg_purchases,0.25900555
158,20,total_pjm_rt_load_mwh,0.25063238
158,21,metered_load_mw,0.25092158
158,22,forecast_load_mw_latest_available,0.24552669
158,23,gross_inadv_interchange_mw,0.2629857
158,24,prelim_load_avg_hourly,0.2367534
158,25,total_lmp_da,0.27813393
159,1,gross_sched_interchange_mw,0.28982684
159,2,da_as_as_mw_thirty_minutes_reserve,0.2653864
159,3,gen_fuel_nuclear_mw,0.3273476
159,4,da_as_total_mw_thirty_minutes_reserve,0.26454112
159,5,gen_fuel_gas_mw,0.26312524
159,6,total_pjm_rmccp_cr,0.33698007
159,7,da_as_as_req_mw_thirty_minutes_reserve,0.13980785
159,8,da_as_as_req_mw_primary_reserve,0.14820026
159,9,forecast_load_mw_day_ahead,0.25706443
159,10,da_as_as_req_mw_synchronized_reserve,0.13926777
159,11,da_as_as_mw_synchronized_reserve,0.12036246
159,12,gen_fuel_coal_mw,0.28347567
159,13,da_as_total_mw_synchronized_reserve,0.12164548
159,14,da_as_as_mw_primary_reserve,0.12821428
159,15,gen_fuel_wind_mw,0.33147627
159,16,da_as_total_mw_primary_reserve,0.1275419
159,17,wind_generation_mw,0.28793687
159,18,total_pjm_assigned_reg,0.24504443
159,19,total_pjm_reg_purchases,0.2568158
159,20,total_pjm_rt_load_mwh,0.25122455
159,21,metered_load_mw,0.25151378
159,22,forecast_load_mw_latest_available,0.24602675
159,23,gross_inadv_interchange_mw,0.26331946
159,24,prelim_load_avg_hourly,0.23719741
159,25,total_lmp_da,0.27478674
160,1,gross_sched_interchange_mw,0.2824241
160,2,da_as_as_mw_thirty_minutes_reserve,0.2580327
160,3,gen_fuel_nuclear_mw,0.32035244
160,4,da_as_total_mw_thirty_minutes_reserve,0.25736368
160,5,gen_fuel_gas_mw,0.25586322
160,6,total_pjm_rmccp_cr,0.33732712
160,7,da_as_as_req_mw_thirty_minutes_reserve,0.14139555
160,8,da_as_as_req_mw_primary_reserve,0.14979863
160,9,forecast_load_mw_day_ahead,0.25113297
160,10,da_as_as_req_mw_synchronized_reserve,0.14079723
160,11,da_as_as_mw_synchronized_reserve,0.12036076
160,12,gen_fuel_coal_mw,0.27811167
160,13,da_as_total_mw_synchronized_reserve,0.12172638
160,14,da_as_as_mw_primary_reserve,0.12894471
160,15,gen_fuel_wind_mw,0.32862204
160,16,da_as_total_mw_primary_reserve,0.12836012
160,17,wind_generation_mw,0.28514093
160,18,total_pjm_assigned_reg,0.24784185
160,19,total_pjm_reg_purchases,0.26014325
160,20,total_pjm_rt_load_mwh,0.24607812
160,21,metered_load_mw,0.24643178
160,22,forecast_load_mw_latest_available,0.24120538
160,23,gross_inadv_interchange_mw,0.25875744
160,24,prelim_load_avg_hourly,0.23262824
160,25,total_lmp_da,0.28085044
161,1,gross_sched_interchange_mw,0.27975753
161,2,da_as_as_mw_thirty_minutes_reserve,0.25606385
161,3,gen_fuel_nuclear_mw,0.31804323
161,4,da_as_total_mw_thirty_minutes_reserve,0.25563273
161,5,gen_fuel_gas_mw,0.25515756
161,6,total_pjm_rmccp_cr,0.34093013
161,7,da_as_as_req_mw_thirty_minutes_reserve,0.13822788
161,8,da_as_as_req_mw_primary_reserve,0.14678264
161,9,forecast_load_mw_day_ahead,0.25154835
161,10,da_as_as_req_mw_synchronized_reserve,0.1380666
161,11,da_as_as_mw_synchronized_reserve,0.11842387
161,12,gen_fuel_coal_mw,0.27851802
161,13,da_as_total_mw_synchronized_reserve,0.11967895
161,14,da_as_as_mw_primary_reserve,0.12641342
161,15,gen_fuel_wind_mw,0.330907
161,16,da_as_total_mw_primary_reserve,0.12590529
161,17,wind_generation_mw,0.2873126
161,18,total_pjm_assigned_reg,0.24825959
161,19,total_pjm_reg_purchases,0.26024187
161,20,total_pjm_rt_load_mwh,0.24730758
161,21,metered_load_mw,0.2475706
161,22,forecast_load_mw_latest_available,0.2424599
161,23,gross_inadv_interchange_mw,0.25971708
161,24,prelim_load_avg_hourly,0.23380272
161,25,total_lmp_da,0.28080902
162,1,gross_sched_interchange_mw,0.28402713
162,2,da_as_as_mw_thirty_minutes_reserve,0.2579423
162,3,gen_fuel_nuclear_mw,0.32099172
162,4,da_as_total_mw_thirty_minutes_reserve,0.25690612
162,5,gen_fuel_gas_mw,0.25326967
162,6,total_pjm_rmccp_cr,0.32741788
162,7,da_as_as_req_mw_thirty_minutes_reserve,0.14447713
162,8,da_as_as_req_mw_primary_reserve,0.15262136
162,9,forecast_load_mw_day_ahead,0.246273
162,10,da_as_as_req_mw_synchronized_reserve,0.1431932
162,11,da_as_as_mw_synchronized_reserve,0.12123757
162,12,gen_fuel_coal_mw,0.27298823
162,13,da_as_total_mw_synchronized_reserve,0.122725934
162,14,da_as_as_mw_primary_reserve,0.13073161
162,15,gen_fuel_wind_mw,0.31877986
162,16,da_as_total_mw_primary_reserve,0.12998204
162,17,wind_generation_mw,0.2758044
162,18,total_pjm_assigned_reg,0.24144442
162,19,total_pjm_reg_purchases,0.25424784
162,20,total_pjm_rt_load_mwh,0.23967408
162,21,metered_load_mw,0.24006218
162,22,forecast_load_mw_latest_available,0.23471951
162,23,gross_inadv_interchange_mw,0.25281125
162,24,prelim_load_avg_hourly,0.22626546
162,25,total_lmp_da,0.2755415
163,1,gross_sched_interchange_mw,0.29088035
163,2,da_as_as_mw_thirty_minutes_reserve,0.2627265
163,3,gen_fuel_nuclear_mw,0.3265869
163,4,da_as_total_mw_thirty_minutes_reserve,0.26100993
163,5,gen_fuel_gas_mw,0.25562897
163,6,total_pjm_rmccp_cr,0.32824
163,7,da_as_as_req_mw_thirty_minutes_reserve,0.14431772
163,8,da_as_as_req_mw_primary_reserve,0.15238146
163,9,forecast_load_mw_day_ahead,0.24661107
163,10,da_as_as_req_mw_synchronized_reserve,0.14259003
163,11,da_as_as_mw_synchronized_reserve,0.1201189
163,12,gen_fuel_coal_mw,0.27319467
163,13,da_as_total_mw_synchronized_reserve,0.12141499
163,14,da_as_as_mw_primary_reserve,0.12946251
163,15,gen_fuel_wind_mw,0.31337935
163,16,da_as_total_mw_primary_reserve,0.12860626
163,17,wind_generation_mw,0.2708917
163,18,total_pjm_assigned_reg,0.23334543
163,19,total_pjm_reg_purchases,0.2459005
163,20,total_pjm_rt_load_mwh,0.23835737
163,21,metered_load_mw,0.23875013
163,22,forecast_load_mw_latest_available,0.23319148
163,23,gross_inadv_interchange_mw,0.25099865
163,24,prelim_load_avg_hourly,0.22463155
163,25,total_lmp_da,0.26542738
164,1,gross_sched_interchange_mw,0.277567
164,2,da_as_as_mw_thirty_minutes_reserve,0.2541296
164,3,gen_fuel_nuclear_mw,0.3155559
164,4,da_as_total_mw_thirty_minutes_reserve,0.25367278
164,5,gen_fuel_gas_mw,0.25297195
164,6,total_pjm_rmccp_cr,0.32892573
164,7,da_as_as_req_mw_thirty_minutes_reserve,0.13637678
164,8,da_as_as_req_mw_primary_reserve,0.14460976
164,9,forecast_load_mw_day_ahead,0.24823602
164,10,da_as_as_req_mw_synchronized_reserve,0.13599321
164,11,da_as_as_mw_synchronized_reserve,0.117037885
164,12,gen_fuel_coal_mw,0.27462012
164,13,da_as_total_mw_synchronized_reserve,0.11843277
164,14,da_as_as_mw_primary_reserve,0.12511246
164,15,gen_fuel_wind_mw,0.32535583
164,16,da_as_total_mw_primary_reserve,0.124532044
164,17,wind_generation_mw,0.28197524
164,18,total_pjm_assigned_reg,0.2431363
164,19,total_pjm_reg_purchases,0.25508624
164,20,total_pjm_rt_load_mwh,0.24344137
164,21,metered_load_mw,0.2437212
164,22,forecast_load_mw_latest_available,0.23849225
164,23,gross_inadv_interchange_mw,0.255978
164,24,prelim_load_avg_hourly,0.22992541
164,25,total_lmp_da,0.27510715
165,1,gross_sched_interchange_mw,0.27446327
165,2,da_as_as_mw_thirty_minutes_reserve,0.25185668
165,3,gen_fuel_nuclear_mw,0.31248844
165,4,da_as_total_mw_thirty_minutes_reserve,0.25156876
165,5,gen_fuel_gas_mw,0.25112256
165,6,total_pjm_rmccp_cr,0.31964874
165,7,da_as_as_req_mw_thirty_minutes_reserve,0.13556302
165,8,da_as_as_req_mw_primary_reserve,0.143583
165,9,forecast_load_mw_day_ahead,0.24605577
165,10,da_as_as_req_mw_synchronized_reserve,0.13512194
165,11,da_as_as_mw_synchronized_reserve,0.116841614
165,12,gen_fuel_coal_mw,0.2719977
165,13,da_as_total_mw_synchronized_reserve,0.11840353
165,14,da_as_as_mw_primary_reserve,0.12505178
165,15,gen_fuel_wind_mw,0.323114
165,16,da_as_total_mw_primary_reserve,0.12443502
165,17,wind_generation_mw,0.27978966
165,18,total_pjm_assigned_reg,0.2422583
165,19,total_pjm_reg_purchases,0.25427496
165,20,total_pjm_rt_load_mwh,0.24129593
165,21,metered_load_mw,0.24159913
165,22,forecast_load_mw_latest_available,0.23634161
165,23,gross_inadv_interchange_mw,0.2540494
165,24,prelim_load_avg_hourly,0.22787619
165,25,total_lmp_da,0.27421063
166,1,gross_sched_interchange_mw,0.27196774
166,2,da_as_as_mw_thirty_minutes_reserve,0.25176823
166,3,gen_fuel_nuclear_mw,0.3101735
166,4,da_as_total_mw_thirty_minutes_reserve,0.25195983
166,5,gen_fuel_gas_mw,0.25387952
166,6,total_pjm_rmccp_cr,0.31423274
166,7,da_as_as_req_mw_thirty_minutes_reserve,0.13033268
166,8,da_as_as_req_mw_primary_reserve,0.13823982
166,9,forecast_load_mw_day_ahead,0.24956475
166,10,da_as_as_req_mw_synchronized_reserve,0.13050874
166,11,da_as_as_mw_synchronized_reserve,0.1152824
166,12,gen_fuel_coal_mw,0.2743793
166,13,da_as_total_mw_synchronized_reserve,0.11685147
166,14,da_as_as_mw_primary_reserve,0.122251764
166,15,gen_fuel_wind_mw,0.32697406
166,16,da_as_total_mw_primary_reserve,0.12169548
166,17,wind_generation_mw,0.2839718
166,18,total_pjm_assigned_reg,0.2414772
166,19,total_pjm_reg_purchases,0.25250348
166,20,total_pjm_rt_load_mwh,0.24580002
166,21,metered_load_mw,0.24594244
166,22,forecast_load_mw_latest_available,0.24069045
166,23,gross_inadv_interchange_mw,0.2579801
166,24,prelim_load_avg_hourly,0.23216718
166,25,total_lmp_da,0.27054814
167,1,gross_sched_interchange_mw,0.28081542
167,2,da_as_as_mw_thirty_minutes_reserve,0.25498796
167,3,gen_fuel_nuclear_mw,0.31688544
167,4,da_as_total_mw_thirty_minutes_reserve,0.25383353
167,5,gen_fuel_gas_mw,0.25013134
167,6,total_pjm_rmccp_cr,0.31582665
167,7,da_as_as_req_mw_thirty_minutes_reserve,0.13954358
167,8,da_as_as_req_mw_primary_reserve,0.1473529
167,9,forecast_load_mw_day_ahead,0.2420729
167,10,da_as_as_req_mw_synchronized_reserve,0.13820182
167,11,da_as_as_mw_synchronized_reserve,0.1176274
167,12,gen_fuel_coal_mw,0.26783636
167,13,da_as_total_mw_synchronized_reserve,0.119090445
167,14,da_as_as_mw_primary_reserve,0.12658626
167,15,gen_fuel_wind_mw,0.31052294
167,16,da_as_total_mw_primary_reserve,0.12579028
167,17,wind_generation_mw,0.268358
167,18,total_pjm_assigned_reg,0.23178416
167,19,total_pjm_reg_purchases,0.24403669
167,20,total_pjm_rt_load_mwh,0.23491237
167,21,metered_load_mw,0.23524962
167,22,forecast_load_mw_latest_available,0.22983274
167,23,gross_inadv_interchange_mw,0.24762799
167,24,prelim_load_avg_hourly,0.22146288
167,25,total_lmp_da,0.26369613
168,1,gross_sched_interchange_mw,0.27409872
168,2,da_as_as_mw_thirty_minutes_reserve,0.25067773
168,3,gen_fuel_nuclear_mw,0.31151438
168,4,da_as_total_mw_thirty_minutes_reserve,0.25010043
168,5,gen_fuel_gas_mw,0.24878614
168,6,total_pjm_rmccp_cr,0.31677738
168,7,da_as_as_req_mw_thirty_minutes_reserve,0.13426584
168,8,da_as_as_req_mw_primary_reserve,0.14216687
168,9,forecast_load_mw_day_ahead,0.24290957
168,10,da_as_as_req_mw_synchronized_reserve,0.13358341
168,11,da_as_as_mw_synchronized_reserve,0.11499521
168,12,gen_fuel_coal_mw,0.26876676
168,13,da_as_total_mw_synchronized_reserve,0.116487876
168,14,da_as_as_mw_primary_reserve,0.12323593
168,15,gen_fuel_wind_mw,0.31747904
168,16,da_as_total_mw_primary_reserve,0.122579135
168,17,wind_generation_mw,0.27447876
168,18,total_pjm_assigned_reg,0.2366906
168,19,total_pjm_reg_purchases,0.24867396
168,20,total_pjm_rt_load_mwh,0.23745733
168,21,metered_load_mw,0.23778798
168,22,forecast_load_mw_latest_available,0.23247688
168,23,gross_inadv_interchange_mw,0.2500379
168,24,prelim_load_avg_hourly,0.22404733
168,25,total_lmp_da,0.26806757
169,1,gross_sched_interchange_mw,0.2746912
169,2,da_as_as_mw_thirty_minutes_reserve,0.25059748
169,3,gen_fuel_nuclear_mw,0.31147814
169,4,da_as_total_mw_thirty_minutes_reserve,0.24993296
169,5,gen_fuel_gas_mw,0.24825037
169,6,total_pjm_rmccp_cr,0.3182715
169,7,da_as_as_req_mw_thirty_minutes_reserve,0.13437699
169,8,da_as_as_req_mw_primary_reserve,0.14233042
169,9,forecast_load_mw_day_ahead,0.24215932
169,10,da_as_as_req_mw_synchronized_reserve,0.1337441
169,11,da_as_as_mw_synchronized_reserve,0.11476614
169,12,gen_fuel_coal_mw,0.2677704
169,13,da_as_total_mw_synchronized_reserve,0.11613809
169,14,da_as_as_mw_primary_reserve,0.12283256
169,15,gen_fuel_wind_mw,0.31416717
169,16,da_as_total_mw_primary_reserve,0.12217725
169,17,wind_generation_mw,0.27184284
169,18,total_pjm_assigned_reg,0.2332338
169,19,total_pjm_reg_purchases,0.24498443
169,20,total_pjm_rt_load_mwh,0.23649488
169,21,metered_load_mw,0.23671527
169,22,forecast_load_mw_latest_available,0.23148556
169,23,gross_inadv_interchange_mw,0.2488953
169,24,prelim_load_avg_hourly,0.22306783
169,25,total_lmp_da,0.26458317
170,1,gross_sched_interchange_mw,0.28149432
170,2,da_as_as_mw_thirty_minutes_reserve,0.25529358
170,3,gen_fuel_nuclear_mw,0.31682265
170,4,da_as_total_mw_thirty_minutes_reserve,0.25398806
170,5,gen_fuel_gas_mw,0.24951772
170,6,total_pjm_rmccp_cr,0.30445507
170,7,da_as_as_req_mw_thirty_minutes_reserve,0.13981509
170,8,da_as_as_req_mw_primary_reserve,0.14729203
170,9,forecast_load_mw_day_ahead,0.23973942
170,10,da_as_as_req_mw_synchronized_reserve,0.1381162
170,11,da_as_as_mw_synchronized_reserve,0.11774313
170,12,gen_fuel_coal_mw,0.2647737
170,13,da_as_total_mw_synchronized_reserve,0.11933783
170,14,da_as_as_mw_primary_reserve,0.1269262
170,15,gen_fuel_wind_mw,0.30388093
170,16,da_as_total_mw_primary_reserve,0.12602025
170,17,wind_generation_mw,0.26234186
170,18,total_pjm_assigned_reg,0.22592087
170,19,total_pjm_reg_purchases,0.23810463
170,20,total_pjm_rt_load_mwh,0.23161705
170,21,metered_load_mw,0.23193407
170,22,forecast_load_mw_latest_available,0.22638941
170,23,gross_inadv_interchange_mw,0.24447455
170,24,prelim_load_avg_hourly,0.21812235
170,25,total_lmp_da,0.25735307
171,1,gross_sched_interchange_mw,0.27931008
171,2,da_as_as_mw_thirty_minutes_reserve,0.25156084
171,3,gen_fuel_nuclear_mw,0.31450933
171,4,da_as_total_mw_thirty_minutes_reserve,0.25015777
171,5,gen_fuel_gas_mw,0.24491033
171,6,total_pjm_rmccp_cr,0.31531423
171,7,da_as_as_req_mw_thirty_minutes_reserve,0.14042161
171,8,da_as_as_req_mw_primary_reserve,0.14826156
171,9,forecast_load_mw_day_ahead,0.23617156
171,10,da_as_as_req_mw_synchronized_reserve,0.13883784
171,11,da_as_as_mw_synchronized_reserve,0.11636637
171,12,gen_fuel_coal_mw,0.2619689
171,13,da_as_total_mw_synchronized_reserve,0.11770665
171,14,da_as_as_mw_primary_reserve,0.12572372
171,15,gen_fuel_wind_mw,0.30099303
171,16,da_as_total_mw_primary_reserve,0.12489374
171,17,wind_generation_mw,0.2596382
171,18,total_pjm_assigned_reg,0.22499187
171,19,total_pjm_reg_purchases,0.23742369
171,20,total_pjm_rt_load_mwh,0.22835867
171,21,metered_load_mw,0.2285995
171,22,forecast_load_mw_latest_available,0.22332212
171,23,gross_inadv_interchange_mw,0.24123232
171,24,prelim_load_avg_hourly,0.21504787
171,25,total_lmp_da,0.2585919
172,1,gross_sched_interchange_mw,0.27406833
172,2,da_as_as_mw_thirty_minutes_reserve,0.25054792
172,3,gen_fuel_nuclear_mw,0.31039435
172,4,da_as_total_mw_thirty_minutes_reserve,0.2497122
172,5,gen_fuel_gas_mw,0.2474209
172,6,total_pjm_rmccp_cr,0.2962592
172,7,da_as_as_req_mw_thirty_minutes_reserve,0.13356726
172,8,da_as_as_req_mw_primary_reserve,0.1408383
172,9,forecast_load_mw_day_ahead,0.23882017
172,10,da_as_as_req_mw_synchronized_reserve,0.13228044
172,11,da_as_as_mw_synchronized_reserve,0.114528954
172,12,gen_fuel_coal_mw,0.26346353
172,13,da_as_total_mw_synchronized_reserve,0.11626968
172,14,da_as_as_mw_primary_reserve,0.12306109
172,15,gen_fuel_wind_mw,0.30698037
172,16,da_as_total_mw_primary_reserve,0.122239426
172,17,wind_generation_mw,0.2648729
172,18,total_pjm_assigned_reg,0.22717826
172,19,total_pjm_reg_purchases,0.23900937
172,20,total_pjm_rt_load_mwh,0.23184286
172,21,metered_load_mw,0.23221143
172,22,forecast_load_mw_latest_available,0.22663842
172,23,gross_inadv_interchange_mw,0.24456976
172,24,prelim_load_avg_hourly,0.2184102
172,25,total_lmp_da,0.25715843
173,1,gross_sched_interchange_mw,0.2683181
173,2,da_as_as_mw_thirty_minutes_reserve,0.24274448
173,3,gen_fuel_nuclear_mw,0.3046831
173,4,da_as_total_mw_thirty_minutes_reserve,0.24202372
173,5,gen_fuel_gas_mw,0.23873404
173,6,total_pjm_rmccp_cr,0.3139628
173,7,da_as_as_req_mw_thirty_minutes_reserve,0.13663512
173,8,da_as_as_req_mw_primary_reserve,0.14456268
173,9,forecast_load_mw_day_ahead,0.23246406
173,10,da_as_as_req_mw_synchronized_reserve,0.13565548
173,11,da_as_as_mw_synchronized_reserve,0.11407237
173,12,gen_fuel_coal_mw,0.25837645
173,13,da_as_total_mw_synchronized_reserve,0.11549084
173,14,da_as_as_mw_primary_reserve,0.1232043
173,15,gen_fuel_wind_mw,0.303268
173,16,da_as_total_mw_primary_reserve,0.12252508
173,17,wind_generation_mw,0.2615
173,18,total_pjm_assigned_reg,0.22930482
173,19,total_pjm_reg_purchases,0.24180134
173,20,total_pjm_rt_load_mwh,0.22654216
173,21,metered_load_mw,0.226751
173,22,forecast_load_mw_latest_available,0.22176118
173,23,gross_inadv_interchange_mw,0.23965764
173,24,prelim_load_avg_hourly,0.21359825
173,25,total_lmp_da,0.26455805
174,1,gross_sched_interchange_mw,0.2655175
174,2,da_as_as_mw_thirty_minutes_reserve,0.24218477
174,3,gen_fuel_nuclear_mw,0.3018853
174,4,da_as_total_mw_thirty_minutes_reserve,0.24193159
174,5,gen_fuel_gas_mw,0.24069664
174,6,total_pjm_rmccp_cr,0.30623564
174,7,da_as_as_req_mw_thirty_minutes_reserve,0.13196379
174,8,da_as_as_req_mw_primary_reserve,0.13973391
174,9,forecast_load_mw_day_ahead,0.23485287
174,10,da_as_as_req_mw_synchronized_reserve,0.13155252
174,11,da_as_as_mw_synchronized_reserve,0.11287579
174,12,gen_fuel_coal_mw,0.25955254
174,13,da_as_total_mw_synchronized_reserve,0.11433743
174,14,da_as_as_mw_primary_reserve,0.12091019
174,15,gen_fuel_wind_mw,0.3051208
174,16,da_as_total_mw_primary_reserve,0.120271444
174,17,wind_generation_mw,0.26383713
174,18,total_pjm_assigned_reg,0.22758637
174,19,total_pjm_reg_purchases,0.2391749
174,20,total_pjm_rt_load_mwh,0.22971788
174,21,metered_load_mw,0.22975682
174,22,forecast_load_mw_latest_available,0.22478005
174,23,gross_inadv_interchange_mw,0.24241185
174,24,prelim_load_avg_hourly,0.21660079
174,25,total_lmp_da,0.26035616
175,1,gross_sched_interchange_mw,0.26744846
175,2,da_as_as_mw_thirty_minutes_reserve,0.24536277
175,3,gen_fuel_nuclear_mw,0.30396953
175,4,da_as_total_mw_thirty_minutes_reserve,0.24489847
175,5,gen_fuel_gas_mw,0.24352771
175,6,total_pjm_rmccp_cr,0.28547364
175,7,da_as_as_req_mw_thirty_minutes_reserve,0.13089933
175,8,da_as_as_req_mw_primary_reserve,0.13794383
175,9,forecast_load_mw_day_ahead,0.23519844
175,10,da_as_as_req_mw_synchronized_reserve,0.12976712
175,11,da_as_as_mw_synchronized_reserve,0.113136426
175,12,gen_fuel_coal_mw,0.2592115
175,13,da_as_total_mw_synchronized_reserve,0.11504596
175,14,da_as_as_mw_primary_reserve,0.12158102
175,15,gen_fuel_wind_mw,0.30395138
175,16,da_as_total_mw_primary_reserve,0.12077074
175,17,wind_generation_mw,0.26206043
175,18,total_pjm_assigned_reg,0.22555497
175,19,total_pjm_reg_purchases,0.2372783
175,20,total_pjm_rt_load_mwh,0.2287656
175,21,metered_load_mw,0.22909668
175,22,forecast_load_mw_latest_available,0.22358984
175,23,gross_inadv_interchange_mw,0.24170327
175,24,prelim_load_avg_hourly,0.21550824
175,25,total_lmp_da,0.2557286
176,1,gross_sched_interchange_mw,0.26171297
176,2,da_as_as_mw_thirty_minutes_reserve,0.2405666
176,3,gen_fuel_nuclear_mw,0.29915923
176,4,da_as_total_mw_thirty_minutes_reserve,0.24038972
176,5,gen_fuel_gas_mw,0.24014999
176,6,total_pjm_rmccp_cr,0.28945294
176,7,da_as_as_req_mw_thirty_minutes_reserve,0.12748662
176,8,da_as_as_req_mw_primary_reserve,0.13469014
176,9,forecast_load_mw_day_ahead,0.23361346
176,10,da_as_as_req_mw_synchronized_reserve,0.12673295
176,11,da_as_as_mw_synchronized_reserve,0.11048722
176,12,gen_fuel_coal_mw,0.25813845
176,13,da_as_total_mw_synchronized_reserve,0.11233632
176,14,da_as_as_mw_primary_reserve,0.11865016
176,15,gen_fuel_wind_mw,0.3072391
176,16,da_as_total_mw_primary_reserve,0.11795591
176,17,wind_generation_mw,0.26464486
176,18,total_pjm_assigned_reg,0.22853097
176,19,total_pjm_reg_purchases,0.24029712
176,20,total_pjm_rt_load_mwh,0.22835335
176,21,metered_load_mw,0.22870384
176,22,forecast_load_mw_latest_available,0.2233374
176,23,gross_inadv_interchange_mw,0.24126871
176,24,prelim_load_avg_hourly,0.21522342
176,25,total_lmp_da,0.25929874
177,1,gross_sched_interchange_mw,0.26364392
177,2,da_as_as_mw_thirty_minutes_reserve,0.24147268
177,3,gen_fuel_nuclear_mw,0.30014968
177,4,da_as_total_mw_thirty_minutes_reserve,0.24125327
177,5,gen_fuel_gas_mw,0.24039747
177,6,total_pjm_rmccp_cr,0.29100183
177,7,da_as_as_req_mw_thirty_minutes_reserve,0.12950289
177,8,da_as_as_req_mw_primary_reserve,0.13680317
177,9,forecast_load_mw_day_ahead,0.23337421
177,10,da_as_as_req_mw_synchronized_reserve,0.12881914
177,11,da_as_as_mw_synchronized_reserve,0.1117749
177,12,gen_fuel_coal_mw,0.25741816
177,13,da_as_total_mw_synchronized_reserve,0.11350628
177,14,da_as_as_mw_primary_reserve,0.119857475
177,15,gen_fuel_wind_mw,0.30275935
177,16,da_as_total_mw_primary_reserve,0.1191435
177,17,wind_generation_mw,0.2612953
177,18,total_pjm_assigned_reg,0.22471188
177,19,total_pjm_reg_purchases,0.23622355
177,20,total_pjm_rt_load_mwh,0.22778195
177,21,metered_load_mw,0.2279294
177,22,forecast_load_mw_latest_available,0.22270472
177,23,gross_inadv_interchange_mw,0.2406295
177,24,prelim_load_avg_hourly,0.21461952
177,25,total_lmp_da,0.25605863
178,1,gross_sched_interchange_mw,0.26789528
178,2,da_as_as_mw_thirty_minutes_reserve,0.24113843
178,3,gen_fuel_nuclear_mw,0.30334714
178,4,da_as_total_mw_thirty_minutes_reserve,0.23990564
178,5,gen_fuel_gas_mw,0.23493579
178,6,total_pjm_rmccp_cr,0.3017991
178,7,da_as_as_req_mw_thirty_minutes_reserve,0.13561273
178,8,da_as_as_req_mw_primary_reserve,0.14309907
178,9,forecast_load_mw_day_ahead,0.22656576
178,10,da_as_as_req_mw_synchronized_reserve,0.13391116
178,11,da_as_as_mw_synchronized_reserve,0.11192444
178,12,gen_fuel_coal_mw,0.25217196
178,13,da_as_total_mw_synchronized_reserve,0.1134259
178,14,da_as_as_mw_primary_reserve,0.1215357
178,15,gen_fuel_wind_mw,0.29283214
178,16,da_as_total_mw_primary_reserve,0.12073075
178,17,wind_generation_mw,0.25153005
178,18,total_pjm_assigned_reg,0.22031148
178,19,total_pjm_reg_purchases,0.23295401
178,20,total_pjm_rt_load_mwh,0.21914344
178,21,metered_load_mw,0.21948346
178,22,forecast_load_mw_latest_available,0.21428753
178,23,gross_inadv_interchange_mw,0.23228578
178,24,prelim_load_avg_hourly,0.20627649
178,25,total_lmp_da,0.25477368
179,1,gross_sched_interchange_mw,0.2643242
179,2,da_as_as_mw_thirty_minutes_reserve,0.24092185
179,3,gen_fuel_nuclear_mw,0.29990196
179,4,da_as_total_mw_thirty_minutes_reserve,0.24045
179,5,gen_fuel_gas_mw,0.23863621
179,6,total_pjm_rmccp_cr,0.2913363
179,7,da_as_as_req_mw_thirty_minutes_reserve,0.12820838
179,8,da_as_as_req_mw_primary_reserve,0.13555305
179,9,forecast_load_mw_day_ahead,0.23086025
179,10,da_as_as_req_mw_synchronized_reserve,0.1274788
179,11,da_as_as_mw_synchronized_reserve,0.109950565
179,12,gen_fuel_coal_mw,0.25466514
179,13,da_as_total_mw_synchronized_reserve,0.111489795
179,14,da_as_as_mw_primary_reserve,0.11780652
179,15,gen_fuel_wind_mw,0.2964897
179,16,da_as_total_mw_primary_reserve,0.11705486
179,17,wind_generation_mw,0.25571778
179,18,total_pjm_assigned_reg,0.21789163
179,19,total_pjm_reg_purchases,0.2291875
179,20,total_pjm_rt_load_mwh,0.22461832
179,21,metered_load_mw,0.22466798
179,22,forecast_load_mw_latest_available,0.21947993
179,23,gross_inadv_interchange_mw,0.23712774
179,24,prelim_load_avg_hourly,0.21136244
179,25,total_lmp_da,0.24857244
180,1,gross_sched_interchange_mw,0.25935587
180,2,da_as_as_mw_thirty_minutes_reserve,0.2370439
180,3,gen_fuel_nuclear_mw,0.29582503
180,4,da_as_total_mw_thirty_minutes_reserve,0.23670197
180,5,gen_fuel_gas_mw,0.23538977
180,6,total_pjm_rmccp_cr,0.28684738
180,7,da_as_as_req_mw_thirty_minutes_reserve,0.12745364
180,8,da_as_as_req_mw_primary_reserve,0.13461971
180,9,forecast_load_mw_day_ahead,0.22831894
180,10,da_as_as_req_mw_synchronized_reserve,0.12656946
180,11,da_as_as_mw_synchronized_reserve,0.10925894
180,12,gen_fuel_coal_mw,0.2525643
180,13,da_as_total_mw_synchronized_reserve,0.111003354
180,14,da_as_as_mw_primary_reserve,0.11757387
180,15,gen_fuel_wind_mw,0.29822585
180,16,da_as_total_mw_primary_reserve,0.11685665
180,17,wind_generation_mw,0.2566472
180,18,total_pjm_assigned_reg,0.2218424
180,19,total_pjm_reg_purchases,0.23358029
180,20,total_pjm_rt_load_mwh,0.22258559
180,21,metered_load_mw,0.22283973
180,22,forecast_load_mw_latest_available,0.21761574
180,23,gross_inadv_interchange_mw,0.2354781
180,24,prelim_load_avg_hourly,0.20962828
180,25,total_lmp_da,0.2534443
181,1,gross_sched_interchange_mw,0.26406425
181,2,da_as_as_mw_thirty_minutes_reserve,0.2416703
181,3,gen_fuel_nuclear_mw,0.29969266
181,4,da_as_total_mw_thirty_minutes_reserve,0.2409523
181,5,gen_fuel_gas_mw,0.2388879
181,6,total_pjm_rmccp_cr,0.27493736
181,7,da_as_as_req_mw_thirty_minutes_reserve,0.1271071
181,8,da_as_as_req_mw_primary_reserve,0.1338335
181,9,forecast_load_mw_day_ahead,0.22937612
181,10,da_as_as_req_mw_synchronized_reserve,0.12572327
181,11,da_as_as_mw_synchronized_reserve,0.10957577
181,12,gen_fuel_coal_mw,0.25278926
181,13,da_as_total_mw_synchronized_reserve,0.111458935
181,14,da_as_as_mw_primary_reserve,0.11786965
181,15,gen_fuel_wind_mw,0.29435423
181,16,da_as_total_mw_primary_reserve,0.11700293
181,17,wind_generation_mw,0.25315988
181,18,total_pjm_assigned_reg,0.21614009
181,19,total_pjm_reg_purchases,0.22761072
181,20,total_pjm_rt_load_mwh,0.2221643
181,21,metered_load_mw,0.22251396
181,22,forecast_load_mw_latest_available,0.2169356
181,23,gross_inadv_interchange_mw,0.23482662
181,24,prelim_load_avg_hourly,0.20897247
181,25,total_lmp_da,0.2449027
182,1,gross_sched_interchange_mw,0.25678256
182,2,da_as_as_mw_thirty_minutes_reserve,0.2341905
182,3,gen_fuel_nuclear_mw,0.29303282
182,4,da_as_total_mw_thirty_minutes_reserve,0.23389927
182,5,gen_fuel_gas_mw,0.23249123
182,6,total_pjm_rmccp_cr,0.28742555
182,7,da_as_as_req_mw_thirty_minutes_reserve,0.12725975
182,8,da_as_as_req_mw_primary_reserve,0.1344705
182,9,forecast_load_mw_day_ahead,0.22579421
182,10,da_as_as_req_mw_synchronized_reserve,0.12645562
182,11,da_as_as_mw_synchronized_reserve,0.10861174
182,12,gen_fuel_coal_mw,0.25000402
182,13,da_as_total_mw_synchronized_reserve,0.11029905
182,14,da_as_as_mw_primary_reserve,0.116948016
182,15,gen_fuel_wind_mw,0.29516175
182,16,da_as_total_mw_primary_reserve,0.11626416
182,17,wind_generation_mw,0.25401515
182,18,total_pjm_assigned_reg,0.2201238
182,19,total_pjm_reg_purchases,0.23183358
182,20,total_pjm_rt_load_mwh,0.22026958
182,21,metered_load_mw,0.22045182
182,22,forecast_load_mw_latest_available,0.2153722
182,23,gross_inadv_interchange_mw,0.23320797
182,24,prelim_load_avg_hourly,0.20745693
182,25,total_lmp_da,0.25268522
183,1,gross_sched_interchange_mw,0.25057128
183,2,da_as_as_mw_thirty_minutes_reserve,0.22943445
183,3,gen_fuel_nuclear_mw,0.287701
183,4,da_as_total_mw_thirty_minutes_reserve,0.22941065
183,5,gen_fuel_gas_mw,0.22905916
183,6,total_pjm_rmccp_cr,0.28565812
183,7,da_as_as_req_mw_thirty_minutes_reserve,0.12511511
183,8,da_as_as_req_mw_primary_reserve,0.13226214
183,9,forecast_load_mw_day_ahead,0.22373684
183,10,da_as_as_req_mw_synchronized_reserve,0.12444189
183,11,da_as_as_mw_synchronized_reserve,0.10720281
183,12,gen_fuel_coal_mw,0.24829209
183,13,da_as_total_mw_synchronized_reserve,0.109002225
183,14,da_as_as_mw_primary_reserve,0.11560857
183,15,gen_fuel_wind_mw,0.29804197
183,16,da_as_total_mw_primary_reserve,0.115006104
183,17,wind_generation_mw,0.2561928
183,18,total_pjm_assigned_reg,0.22432894
183,19,total_pjm_reg_purchases,0.23624986
183,20,total_pjm_rt_load_mwh,0.21919918
183,21,metered_load_mw,0.2195093
183,22,forecast_load_mw_latest_available,0.21449018
183,23,gross_inadv_interchange_mw,0.23230994
183,24,prelim_load_avg_hourly,0.20666638
183,25,total_lmp_da,0.2575303
184,1,gross_sched_interchange_mw,0.25055608
184,2,da_as_as_mw_thirty_minutes_reserve,0.2282477
184,3,gen_fuel_nuclear_mw,0.287338
184,4,da_as_total_mw_thirty_minutes_reserve,0.22812971
184,5,gen_fuel_gas_mw,0.22713727
184,6,total_pjm_rmccp_cr,0.29203278
184,7,da_as_as_req_mw_thirty_minutes_reserve,0.12573342
184,8,da_as_as_req_mw_primary_reserve,0.13309993
184,9,forecast_load_mw_day_ahead,0.2220837
184,10,da_as_as_req_mw_synchronized_reserve,0.12513775
184,11,da_as_as_mw_synchronized_reserve,0.106669925
184,12,gen_fuel_coal_mw,0.24690165
184,13,da_as_total_mw_synchronized_reserve,0.10829085
184,14,da_as_as_mw_primary_reserve,0.11509379
184,15,gen_fuel_wind_mw,0.2953032
184,16,da_as_total_mw_primary_reserve,0.11451607
184,17,wind_generation_mw,0.25382963
184,18,total_pjm_assigned_reg,0.22233304
184,19,total_pjm_reg_purchases,0.23429348
184,20,total_pjm_rt_load_mwh,0.2175153
184,21,metered_load_mw,0.21772504
184,22,forecast_load_mw_latest_available,0.21286294
184,23,gross_inadv_interchange_mw,0.23057124
184,24,prelim_load_avg_hourly,0.20501506
184,25,total_lmp_da,0.25665238
185,1,gross_sched_interchange_mw,0.25562167
185,2,da_as_as_mw_thirty_minutes_reserve,0.23302118
185,3,gen_fuel_nuclear_mw,0.29122198
185,4,da_as_total_mw_thirty_minutes_reserve,0.23273942
185,5,gen_fuel_gas_mw,0.23117349
185,6,total_pjm_rmccp_cr,0.28000414
185,7,da_as_as_req_mw_thirty_minutes_reserve,0.12590122
185,8,da_as_as_req_mw_primary_reserve,0.13294831
185,9,forecast_load_mw_day_ahead,0.22365744
185,10,da_as_as_req_mw_synchronized_reserve,0.1250814
185,11,da_as_as_mw_synchronized_reserve,0.107727855
185,12,gen_fuel_coal_mw,0.24713454
185,13,da_as_total_mw_synchronized_reserve,0.109428234
185,14,da_as_as_mw_primary_reserve,0.11587725
185,15,gen_fuel_wind_mw,0.2896902
185,16,da_as_total_mw_primary_reserve,0.11514737
185,17,wind_generation_mw,0.24927977
185,18,total_pjm_assigned_reg,0.21463013
185,19,total_pjm_reg_purchases,0.22604905
185,20,total_pjm_rt_load_mwh,0.21775833
185,21,metered_load_mw,0.21784359
185,22,forecast_load_mw_latest_available,0.21276191
185,23,gross_inadv_interchange_mw,0.23060828
185,24,prelim_load_avg_hourly,0.20490801
185,25,total_lmp_da,0.24650145
186,1,gross_sched_interchange_mw,0.2526157
186,2,da_as_as_mw_thirty_minutes_reserve,0.23087001
186,3,gen_fuel_nuclear_mw,0.28881112
186,4,da_as_total_mw_thirty_minutes_reserve,0.23060426
186,5,gen_fuel_gas_mw,0.22961994
186,6,total_pjm_rmccp_cr,0.2782064
186,7,da_as_as_req_mw_thirty_minutes_reserve,0.123940125
186,8,da_as_as_req_mw_primary_reserve,0.13085079
186,9,forecast_load_mw_day_ahead,0.22268613
186,10,da_as_as_req_mw_synchronized_reserve,0.123058595
186,11,da_as_as_mw_synchronized_reserve,0.10628976
186,12,gen_fuel_coal_mw,0.24646907
186,13,da_as_total_mw_synchronized_reserve,0.10806939
186,14,da_as_as_mw_primary_reserve,0.11446748
186,15,gen_fuel_wind_mw,0.29166222
186,16,da_as_total_mw_primary_reserve,0.11378434
186,17,wind_generation_mw,0.25065705
186,18,total_pjm_assigned_reg,0.21651123
186,19,total_pjm_reg_purchases,0.22801699
186,20,total_pjm_rt_load_mwh,0.21714126
186,21,metered_load_mw,0.21737869
186,22,forecast_load_mw_latest_available,0.21223164
186,23,gross_inadv_interchange_mw,0.2300067
186,24,prelim_load_avg_hourly,0.20443279
186,25,total_lmp_da,0.24810264
187,1,gross_sched_interchange_mw,0.2500681
187,2,da_as_as_mw_thirty_minutes_reserve,0.2290421
187,3,gen_fuel_nuclear_mw,0.28642225
187,4,da_as_total_mw_thirty_minutes_reserve,0.22896363
187,5,gen_fuel_gas_mw,0.22836384
187,6,total_pjm_rmccp_cr,0.2723689
187,7,da_as_as_req_mw_thirty_minutes_reserve,0.123009
187,8,da_as_as_req_mw_primary_reserve,0.1298095
187,9,forecast_load_mw_day_ahead,0.22139423
187,10,da_as_as_req_mw_synchronized_reserve,0.12217103
187,11,da_as_as_mw_synchronized_reserve,0.10597025
187,12,gen_fuel_coal_mw,0.24488162
187,13,da_as_total_mw_synchronized_reserve,0.10786172
187,14,da_as_as_mw_primary_reserve,0.11417548
187,15,gen_fuel_wind_mw,0.29080805
187,16,da_as_total_mw_primary_reserve,0.1134782
187,17,wind_generation_mw,0.24975902
187,18,total_pjm_assigned_reg,0.21633515
187,19,total_pjm_reg_purchases,0.22787145
187,20,total_pjm_rt_load_mwh,0.21603611
187,21,metered_load_mw,0.21626806
187,22,forecast_load_mw_latest_available,0.21112041
187,23,gross_inadv_interchange_mw,0.22906712
187,24,prelim_load_avg_hourly,0.20337084
187,25,total_lmp_da,0.24802749
188,1,gross_sched_interchange_mw,0.2522309
188,2,da_as_as_mw_thirty_minutes_reserve,0.2288645
188,3,gen_fuel_nuclear_mw,0.28753346
188,4,da_as_total_mw_thirty_minutes_reserve,0.22855182
188,5,gen_fuel_gas_mw,0.22633249
188,6,total_pjm_rmccp_cr,0.27961683
188,7,da_as_as_req_mw_thirty_minutes_reserve,0.12588137
188,8,da_as_as_req_mw_primary_reserve,0.13296969
188,9,forecast_load_mw_day_ahead,0.21895021
188,10,da_as_as_req_mw_synchronized_reserve,0.1250082
188,11,da_as_as_mw_synchronized_reserve,0.10654998
188,12,gen_fuel_coal_mw,0.2425447
188,13,da_as_total_mw_synchronized_reserve,0.10819448
188,14,da_as_as_mw_primary_reserve,0.114974275
188,15,gen_fuel_wind_mw,0.2841913
188,16,da_as_total_mw_primary_reserve,0.11425326
188,17,wind_generation_mw,0.24417913
188,18,total_pjm_assigned_reg,0.21169458
188,19,total_pjm_reg_purchases,0.22331078
188,20,total_pjm_rt_load_mwh,0.21303411
188,21,metered_load_mw,0.21307588
188,22,forecast_load_mw_latest_available,0.20814706
188,23,gross_inadv_interchange_mw,0.22604589
188,24,prelim_load_avg_hourly,0.20038836
188,25,total_lmp_da,0.24509707
189,1,gross_sched_interchange_mw,0.25136226
189,2,da_as_as_mw_thirty_minutes_reserve,0.2286024
189,3,gen_fuel_nuclear_mw,0.2869572
189,4,da_as_total_mw_thirty_minutes_reserve,0.2281626
189,5,gen_fuel_gas_mw,0.22573324
189,6,total_pjm_rmccp_cr,0.27084133
189,7,da_as_as_req_mw_thirty_minutes_reserve,0.12573642
189,8,da_as_as_req_mw_primary_reserve,0.13248496
189,9,forecast_load_mw_day_ahead,0.21759479
189,10,da_as_as_req_mw_synchronized_reserve,0.12442851
189,11,da_as_as_mw_synchronized_reserve,0.10647954
189,12,gen_fuel_coal_mw,0.24123521
189,13,da_as_total_mw_synchronized_reserve,0.108356856
189,14,da_as_as_mw_primary_reserve,0.11537542
189,15,gen_fuel_wind_mw,0.28383446
189,16,da_as_total_mw_primary_reserve,0.11459291
189,17,wind_generation_mw,0.24327905
189,18,total_pjm_assigned_reg,0.21245128
189,19,total_pjm_reg_purchases,0.2244021
189,20,total_pjm_rt_load_mwh,0.21124028
189,21,metered_load_mw,0.211509
189,22,forecast_load_mw_latest_available,0.20636506
189,23,gross_inadv_interchange_mw,0.22447358
189,24,prelim_load_avg_hourly,0.19870752
189,25,total_lmp_da,0.24531674
190,1,gross_sched_interchange_mw,0.24731797
190,2,da_as_as_mw_thirty_minutes_reserve,0.22563608
190,3,gen_fuel_nuclear_mw,0.28293136
190,4,da_as_total_mw_thirty_minutes_reserve,0.22559987
190,5,gen_fuel_gas_mw,0.22424161
190,6,total_pjm_rmccp_cr,0.26733285
190,7,da_as_as_req_mw_thirty_minutes_reserve,0.12350716
190,8,da_as_as_req_mw_primary_reserve,0.13027969
190,9,forecast_load_mw_day_ahead,0.21675895
190,10,da_as_as_req_mw_synchronized_reserve,0.12262985
190,11,da_as_as_mw_synchronized_reserve,0.10565281
190,12,gen_fuel_coal_mw,0.2397922
190,13,da_as_total_mw_synchronized_reserve,0.10753464
190,14,da_as_as_mw_primary_reserve,0.11408453
190,15,gen_fuel_wind_mw,0.28312168
190,16,da_as_total_mw_primary_reserve,0.11334266
190,17,wind_generation_mw,0.24296135
190,18,total_pjm_assigned_reg,0.21147761
190,19,total_pjm_reg_purchases,0.22308262
190,20,total_pjm_rt_load_mwh,0.21113987
190,21,metered_load_mw,0.21124691
190,22,forecast_load_mw_latest_available,0.20625137
190,23,gross_inadv_interchange_mw,0.22434396
190,24,prelim_load_avg_hourly,0.1986167
190,25,total_lmp_da,0.24434312
191,1,gross_sched_interchange_mw,0.2522052
191,2,da_as_as_mw_thirty_minutes_reserve,0.22820278
191,3,gen_fuel_nuclear_mw,0.28702536
191,4,da_as_total_mw_thirty_minutes_reserve,0.22751932
191,5,gen_fuel_gas_mw,0.22429828
191,6,total_pjm_rmccp_cr,0.27424765
191,7,da_as_as_req_mw_thirty_minutes_reserve,0.12509869
191,8,da_as_as_req_mw_primary_reserve,0.13194478
191,9,forecast_load_mw_day_ahead,0.21584578
191,10,da_as_as_req_mw_synchronized_reserve,0.12378035
191,11,da_as_as_mw_synchronized_reserve,0.105121054
191,12,gen_fuel_coal_mw,0.23943798
191,13,da_as_total_mw_synchronized_reserve,0.10678851
191,14,da_as_as_mw_primary_reserve,0.1138063
191,15,gen_fuel_wind_mw,0.2791575
191,16,da_as_total_mw_primary_reserve,0.1130232
191,17,wind_generation_mw,0.23927851
191,18,total_pjm_assigned_reg,0.20734498
191,19,total_pjm_reg_purchases,0.21906845
191,20,total_pjm_rt_load_mwh,0.20907055
191,21,metered_load_mw,0.20925033
191,22,forecast_load_mw_latest_available,0.20418072
191,23,gross_inadv_interchange_mw,0.22197975
191,24,prelim_load_avg_hourly,0.19650479
191,25,total_lmp_da,0.23989387
192,1,gross_sched_interchange_mw,0.24850039
192,2,da_as_as_mw_thirty_minutes_reserve,0.22728822
192,3,gen_fuel_nuclear_mw,0.28402445
192,4,da_as_total_mw_thirty_minutes_reserve,0.22705847
192,5,gen_fuel_gas_mw,0.2258597
192,6,total_pjm_rmccp_cr,0.26266226
192,7,da_as_as_req_mw_thirty_minutes_reserve,0.12109456
192,8,da_as_as_req_mw_primary_reserve,0.1276337
192,9,forecast_load_mw_day_ahead,0.21766232
192,10,da_as_as_req_mw_synchronized_reserve,0.12005
192,11,da_as_as_mw_synchronized_reserve,0.104287826
192,12,gen_fuel_coal_mw,0.24046066
192,13,da_as_total_mw_synchronized_reserve,0.10620054
192,14,da_as_as_mw_primary_reserve,0.11242839
192,15,gen_fuel_wind_mw,0.2832824
192,16,da_as_total_mw_primary_reserve,0.11165697
192,17,wind_generation_mw,0.24294902
192,18,total_pjm_assigned_reg,0.20921786
192,19,total_pjm_reg_purchases,0.22055212
192,20,total_pjm_rt_load_mwh,0.21158369
192,21,metered_load_mw,0.21180148
192,22,forecast_load_mw_latest_available,0.20658886
192,23,gross_inadv_interchange_mw,0.22445747
192,24,prelim_load_avg_hourly,0.19893478
192,25,total_lmp_da,0.23974605
193,1,gross_sched_interchange_mw,0.25121197
193,2,da_as_as_mw_thirty_minutes_reserve,0.22797321
193,3,gen_fuel_nuclear_mw,0.28570846
193,4,da_as_total_mw_thirty_minutes_reserve,0.22734617
193,5,gen_fuel_gas_mw,0.22431208
193,6,total_pjm_rmccp_cr,0.26266834
193,7,da_as_as_req_mw_thirty_minutes_reserve,0.12338096
193,8,da_as_as_req_mw_primary_reserve,0.12991887
193,9,forecast_load_mw_day_ahead,0.21479893
193,10,da_as_as_req_mw_synchronized_reserve,0.12196166
193,11,da_as_as_mw_synchronized_reserve,0.104579985
193,12,gen_fuel_coal_mw,0.23757492
193,13,da_as_total_mw_synchronized_reserve,0.10639474
193,14,da_as_as_mw_primary_reserve,0.11313579
193,15,gen_fuel_wind_mw,0.27586934
193,16,da_as_total_mw_primary_reserve,0.11228082
193,17,wind_generation_mw,0.2363254
193,18,total_pjm_assigned_reg,0.2036445
193,19,total_pjm_reg_purchases,0.21513528
193,20,total_pjm_rt_load_mwh,0.2076263
193,21,metered_load_mw,0.20780222
193,22,forecast_load_mw_latest_available,0.20260505
193,23,gross_inadv_interchange_mw,0.22051914
193,24,prelim_load_avg_hourly,0.19499402
193,25,total_lmp_da,0.23480001
194,1,gross_sched_interchange_mw,0.24978575
194,2,da_as_as_mw_thirty_minutes_reserve,0.22685719
194,3,gen_fuel_nuclear_mw,0.28485334
194,4,da_as_total_mw_thirty_minutes_reserve,0.22621848
194,5,gen_fuel_gas_mw,0.22319102
194,6,total_pjm_rmccp_cr,0.2604441
194,7,da_as_as_req_mw_thirty_minutes_reserve,0.12379991
194,8,da_as_as_req_mw_primary_reserve,0.13021857
194,9,forecast_load_mw_day_ahead,0.21379004
194,10,da_as_as_req_mw_synchronized_reserve,0.122164585
194,11,da_as_as_mw_synchronized_reserve,0.10463121
194,12,gen_fuel_coal_mw,0.23694892
194,13,da_as_total_mw_synchronized_reserve,0.10658861
194,14,da_as_as_mw_primary_reserve,0.113620505
194,15,gen_fuel_wind_mw,0.27711016
194,16,da_as_total_mw_primary_reserve,0.11276609
194,17,wind_generation_mw,0.23695953
194,18,total_pjm_assigned_reg,0.20617464
194,19,total_pjm_reg_purchases,0.21804272
194,20,total_pjm_rt_load_mwh,0.20667057
194,21,metered_load_mw,0.20699097
194,22,forecast_load_mw_latest_available,0.20172237
194,23,gross_inadv_interchange_mw,0.21986999
194,24,prelim_load_avg_hourly,0.19417292
194,25,total_lmp_da,0.23808087
195,1,gross_sched_interchange_mw,0.25033832
195,2,da_as_as_mw_thirty_minutes_reserve,0.2269619
195,3,gen_fuel_nuclear_mw,0.2847393
195,4,da_as_total_mw_thirty_minutes_reserve,0.22624986
195,5,gen_fuel_gas_mw,0.22308742
195,6,total_pjm_rmccp_cr,0.2621422
195,7,da_as_as_req_mw_thirty_minutes_reserve,0.12202645
195,8,da_as_as_req_mw_primary_reserve,0.12853777
195,9,forecast_load_mw_day_ahead,0.21351726
195,10,da_as_as_req_mw_synchronized_reserve,0.12057859
195,11,da_as_as_mw_synchronized_reserve,0.10326827
195,12,gen_fuel_coal_mw,0.23632565
195,13,da_as_total_mw_synchronized_reserve,0.10503793
195,14,da_as_as_mw_primary_reserve,0.11173212
195,15,gen_fuel_wind_mw,0.27434984
195,16,da_as_total_mw_primary_reserve,0.11088102
195,17,wind_generation_mw,0.2348203
195,18,total_pjm_assigned_reg,0.20180976
195,19,total_pjm_reg_purchases,0.21324912
195,20,total_pjm_rt_load_mwh,0.20624399
195,21,metered_load_mw,0.20643987
195,22,forecast_load_mw_latest_available,0.20123056
195,23,gross_inadv_interchange_mw,0.21901062
195,24,prelim_load_avg_hourly,0.19362134
195,25,total_lmp_da,0.23256679
196,1,gross_sched_interchange_mw,0.24042574
196,2,da_as_as_mw_thirty_minutes_reserve,0.22085087
196,3,gen_fuel_nuclear_mw,0.27642715
196,4,da_as_total_mw_thirty_minutes_reserve,0.22123337
196,5,gen_fuel_gas_mw,0.2219478
196,6,total_pjm_rmccp_cr,0.26195118
196,7,da_as_as_req_mw_thirty_minutes_reserve,0.11696694
196,8,da_as_as_req_mw_primary_reserve,0.12361758
196,9,forecast_load_mw_day_ahead,0.215688
196,10,da_as_as_req_mw_synchronized_reserve,0.11661744
196,11,da_as_as_mw_synchronized_reserve,0.10195329
196,12,gen_fuel_coal_mw,0.23809469
196,13,da_as_total_mw_synchronized_reserve,0.103818946
196,14,da_as_as_mw_primary_reserve,0.10941345
196,15,gen_fuel_wind_mw,0.28398266
196,16,da_as_total_mw_primary_reserve,0.10877711
196,17,wind_generation_mw,0.2438633
196,18,total_pjm_assigned_reg,0.20956193
196,19,total_pjm_reg_purchases,0.22046338
196,20,total_pjm_rt_load_mwh,0.21119419
196,21,metered_load_mw,0.21121214
196,22,forecast_load_mw_latest_available,0.20628673
196,23,gross_inadv_interchange_mw,0.22404043
196,24,prelim_load_avg_hourly,0.19867176
196,25,total_lmp_da,0.2408131
197,1,gross_sched_interchange_mw,0.24458614
197,2,da_as_as_mw_thirty_minutes_reserve,0.22215162
197,3,gen_fuel_nuclear_mw,0.27934372
197,4,da_as_total_mw_thirty_minutes_reserve,0.22191568
197,5,gen_fuel_gas_mw,0.2199389
197,6,total_pjm_rmccp_cr,0.26306194
197,7,da_as_as_req_mw_thirty_minutes_reserve,0.12062855
197,8,da_as_as_req_mw_primary_reserve,0.12728052
197,9,forecast_load_mw_day_ahead,0.21187927
197,10,da_as_as_req_mw_synchronized_reserve,0.11967436
197,11,da_as_as_mw_synchronized_reserve,0.102577016
197,12,gen_fuel_coal_mw,0.23451214
197,13,da_as_total_mw_synchronized_reserve,0.10432712
197,14,da_as_as_mw_primary_reserve,0.11077002
197,15,gen_fuel_wind_mw,0.2746537
197,16,da_as_total_mw_primary_reserve,0.110019
197,17,wind_generation_mw,0.2353683
197,18,total_pjm_assigned_reg,0.2031212
197,19,total_pjm_reg_purchases,0.21440955
197,20,total_pjm_rt_load_mwh,0.20578721
197,21,metered_load_mw,0.20582284
197,22,forecast_load_mw_latest_available,0.20087864
197,23,gross_inadv_interchange_mw,0.21870254
197,24,prelim_load_avg_hourly,0.19332606
197,25,total_lmp_da,0.23536183
198,1,gross_sched_interchange_mw,0.24229406
198,2,da_as_as_mw_thirty_minutes_reserve,0.22006093
198,3,gen_fuel_nuclear_mw,0.27744892
198,4,da_as_total_mw_thirty_minutes_reserve,0.2198579
198,5,gen_fuel_gas_mw,0.21812537
198,6,total_pjm_rmccp_cr,0.2647806
198,7,da_as_as_req_mw_thirty_minutes_reserve,0.11959422
198,8,da_as_as_req_mw_primary_reserve,0.1262762
198,9,forecast_load_mw_day_ahead,0.21071695
198,10,da_as_as_req_mw_synchronized_reserve,0.118678614
198,11,da_as_as_mw_synchronized_reserve,0.10148557
198,12,gen_fuel_coal_mw,0.23370755
198,13,da_as_total_mw_synchronized_reserve,0.10322543
198,14,da_as_as_mw_primary_reserve,0.10971334
198,15,gen_fuel_wind_mw,0.27559596
198,16,da_as_total_mw_primary_reserve,0.10900834
198,17,wind_generation_mw,0.23593865
198,18,total_pjm_assigned_reg,0.20436378
198,19,total_pjm_reg_purchases,0.2157773
198,20,total_pjm_rt_load_mwh,0.204976
198,21,metered_load_mw,0.20506506
198,22,forecast_load_mw_latest_available,0.20015542
198,23,gross_inadv_interchange_mw,0.21793562
198,24,prelim_load_avg_hourly,0.19261572
198,25,total_lmp_da,0.23710483
199,1,gross_sched_interchange_mw,0.23983698
199,2,da_as_as_mw_thirty_minutes_reserve,0.21885507
199,3,gen_fuel_nuclear_mw,0.27511036
199,4,da_as_total_mw_thirty_minutes_reserve,0.21886355
199,5,gen_fuel_gas_mw,0.21821634
199,6,total_pjm_rmccp_cr,0.2615553
199,7,da_as_as_req_mw_thirty_minutes_reserve,0.11630517
199,8,da_as_as_req_mw_primary_reserve,0.12292021
199,9,forecast_load_mw_day_ahead,0.21123742
199,10,da_as_as_req_mw_synchronized_reserve,0.11567072
199,11,da_as_as_mw_synchronized_reserve,0.09997696
199,12,gen_fuel_coal_mw,0.23379345
199,13,da_as_total_mw_synchronized_reserve,0.10171307
199,14,da_as_as_mw_primary_reserve,0.107627645
199,15,gen_fuel_wind_mw,0.27688357
199,16,da_as_total_mw_primary_reserve,0.10695502
199,17,wind_generation_mw,0.23721494
199,18,total_pjm_assigned_reg,0.20368405
199,19,total_pjm_reg_purchases,0.21469294
199,20,total_pjm_rt_load_mwh,0.20597985
199,21,metered_load_mw,0.2060316
199,22,forecast_load_mw_latest_available,0.20111689
199,23,gross_inadv_interchange_mw,0.21866238
199,24,prelim_load_avg_hourly,0.19355392
199,25,total_lmp_da,0.23494293
200,1,gross_sched_interchange_mw,0.24306189
200,2,da_as_as_mw_thirty_minutes_reserve,0.22096716
200,3,gen_fuel_nuclear_mw,0.27732214
200,4,da_as_total_mw_thirty_minutes_reserve,0.22062868
200,5,gen_fuel_gas_mw,0.21850152
200,6,total_pjm_rmccp_cr,0.25334218
200,7,da_as_as_req_mw_thirty_minutes_reserve,0.11871934
200,8,da_as_as_req_mw_primary_reserve,0.12506098
200,9,forecast_load_mw_day_ahead,0.20948417
200,10,da_as_as_req_mw_synchronized_reserve,0.11756217
200,11,da_as_as_mw_synchronized_reserve,0.10129137
200,12,gen_fuel_coal_mw,0.23151115
200,13,da_as_total_mw_synchronized_reserve,0.1031239
200,14,da_as_as_mw_primary_reserve,0.109412946
200,15,gen_fuel_wind_mw,0.2698422
200,16,da_as_total_mw_primary_reserve,0.108609974
200,17,wind_generation_mw,0.23100987
200,18,total_pjm_assigned_reg,0.19833882
200,19,total_pjm_reg_purchases,0.20941284
200,20,total_pjm_rt_load_mwh,0.20288657
200,21,metered_load_mw,0.20296222
200,22,forecast_load_mw_latest_available,0.19790964
200,23,gross_inadv_interchange_mw,0.2156781
200,24,prelim_load_avg_hourly,0.19046196
200,25,total_lmp_da,0.22922772
