split,row_index,y_true,y_pred
train,1104,-2952.02294921875,-3147.505615234375
train,4913,-9139.21875,-8996.9697265625
train,2036,-2730.77099609375,-3233.22802734375
train,2989,-6766.82421875,-6673.4375
train,3550,-4856.56982421875,-4847.197265625
train,3571,-5885.869140625,-6289.693359375
train,5200,-3260.64697265625,-3192.014892578125
train,621,-4602.03076171875,-4636.69482421875
train,4471,-2705.2041015625,-2543.1259765625
train,812,1192.566162109375,705.453369140625
train,4891,-1848.47998046875,-1808.7529296875
train,5642,-1574.427978515625,-1921.7098388671875
train,1206,-5585.0341796875,-5552.826171875
train,5388,-6225.93896484375,-6066.5908203125
train,6248,-2694.64697265625,-2184.8095703125
train,6142,1850.710205078125,1933.614990234375
train,1463,-4272.59423828125,-4252.31640625
train,910,-2738.5859375,-2904.48974609375
train,1718,-5700.01806640625,-6275.2939453125
train,4998,-5775.4228515625,-5457.05322265625
train,63,-2640.778076171875,-2537.0458984375
train,6446,-1574.297119140625,-1407.38232421875
train,208,-1434.767822265625,-1636.2054443359375
train,5557,-9688.6943359375,-9438.470703125
train,1273,-4615.16015625,-4924.53955078125
train,1166,-3246.342041015625,-2893.22998046875
train,2682,-5871.078125,-5515.7822265625
train,767,-5010.0400390625,-4967.59619140625
train,5818,-5955.416015625,-5749.67333984375
train,5259,-2498.89794921875,-2708.51318359375
train,2505,1829.655029296875,1645.899169921875
train,337,-5454.583984375,-5499.95263671875
train,4632,-1794.8070068359375,-1810.2176513671875
train,350,-5324.5380859375,-5057.921875
train,6135,-5452.77099609375,-5154.158203125
train,6358,-2412.801025390625,-2485.39990234375
train,5210,-3095.14208984375,-3349.078125
train,517,-3231.8291015625,-3009.169921875
train,361,-2581.487060546875,-2571.6220703125
train,1728,-4141.31005859375,-4471.7080078125
train,2211,888.974853515625,1076.119873046875
train,2352,-1247.723876953125,-1148.34716796875
train,5415,708.641845703125,445.450927734375
train,4763,-2005.0269775390625,-2404.64013671875
train,4585,-2917.625,-2711.39697265625
train,3993,-2043.453125,-2105.927734375
train,1010,-3901.112060546875,-4026.67041015625
train,3448,-7023.37890625,-6637.9453125
train,5665,-6404.1162109375,-6257.4326171875
train,5241,1071.395751953125,408.07177734375
train,6473,-4989.03076171875,-4552.50244140625
train,1284,-3389.1689453125,-3692.097412109375
train,276,-1139.696044921875,-1185.975830078125
train,6463,-5847.97705078125,-5718.84375
train,2196,-2669.947021484375,-2574.762939453125
train,2381,-4357.1767578125,-4295.50537109375
train,2898,-6122.65478515625,-6030.10546875
train,3612,-8419.6728515625,-8862.970703125
train,2164,-6374.10986328125,-5894.4052734375
train,4863,-4349.673828125,-4355.3203125
train,4169,1121.045166015625,1198.048583984375
train,6091,-11429.5380859375,-10886.7099609375
train,4960,-2044.9678955078125,-1994.0750732421875
train,4859,198.5439453125,-283.292236328125
train,192,-4575.30322265625,-4378.603515625
train,181,-1348.91796875,-1610.4537353515625
train,2180,-2847.446044921875,-2933.1474609375
train,2284,-3276.5048828125,-3134.29638671875
train,2004,-3718.37109375,-3723.398193359375
train,6295,-9570.6064453125,-9830.685546875
train,5497,-3806.29296875,-3088.987060546875
train,5587,-1156.401123046875,-1037.37109375
train,3167,-3432.757080078125,-2994.89990234375
train,3034,-837.201171875,-981.373779296875
train,5008,-4670.2041015625,-4897.8779296875
train,4228,-5336.76904296875,-5942.841796875
train,971,-564.39794921875,-753.174560546875
train,5635,1817.931884765625,1181.614013671875
train,4557,-5108.5439453125,-5026.4404296875
train,4797,-5616.38818359375,-5705.990234375
train,3164,-8346.7744140625,-8066.9521484375
train,4438,-6274.564453125,-6485.66943359375
train,411,-3668.89208984375,-3738.73388671875
train,1748,-5080.509765625,-4577.1865234375
train,2041,-7465.59765625,-7380.6318359375
train,3116,-3038.968994140625,-2783.5634765625
train,4174,-781.15234375,-876.108642578125
train,6333,-8051.6201171875,-7669.1533203125
train,16,-3226.737060546875,-3508.501220703125
train,3446,-5790.171875,-5795.68359375
train,4112,-3334.611083984375,-3627.7841796875
train,2726,464.531982421875,335.121337890625
train,2379,-563.39794921875,-389.306396484375
train,5772,-1290.015869140625,-1175.00244140625
train,4029,-3598.5419921875,-4117.8291015625
train,4498,-2184.10498046875,-2384.8515625
train,6454,-5858.2451171875,-5771.7734375
train,6352,-4893.48486328125,-4987.52685546875
train,2053,-2143.468017578125,-2201.49951171875
train,5238,-1753.177978515625,-1793.20361328125
train,518,792.535888671875,402.389892578125
train,3149,-5174.173828125,-5656.779296875
train,2557,-889.692138671875,-748.8232421875
train,697,-4977.58984375,-5276.14697265625
train,5631,1357.689697265625,789.074462890625
train,895,-3154.593994140625,-3147.818359375
train,5266,-6716.166015625,-6697.197265625
train,5977,-3620.657958984375,-3400.406982421875
train,2392,-3601.527099609375,-3635.988525390625
train,1921,-7662.31494140625,-7809.296875
train,4963,-1795.60498046875,-2283.38037109375
train,5755,-4518.244140625,-4248.75
train,3002,-5638.15380859375,-5882.92578125
train,4459,-1225.77099609375,-1091.319091796875
train,6367,-4422.9208984375,-4757.14990234375
train,2076,-2127.5068359375,-2798.89208984375
train,5203,-2053.384033203125,-2036.2369384765625
train,5704,-2968.623046875,-2971.22119140625
train,2566,626.155029296875,839.052490234375
train,1416,-4472.16015625,-4330.50439453125
train,3051,-1787.4100341796875,-1857.00244140625
train,4069,-7532.42578125,-7512.515625
train,6415,-3369.720947265625,-3443.035888671875
train,4282,-4021.760009765625,-4109.03466796875
train,906,-1334.620849609375,-818.66796875
train,3675,-2431.327880859375,-2632.3681640625
train,1174,-4353.64990234375,-4060.89013671875
train,3301,-4254.3662109375,-4596.31982421875
train,2350,201.541015625,952.897216796875
train,5206,-2011.9150390625,-1567.2138671875
train,1127,-5755.14111328125,-5885.369140625
train,2768,-1720.501953125,-1630.58740234375
train,5702,-4289.69580078125,-4035.450927734375
train,1719,-5275.14501953125,-5292.8017578125
train,557,-3401.126953125,-3333.47314453125
train,1112,-5632.42822265625,-5127.029296875
train,1642,-8734.4326171875,-8483.1337890625
train,330,-6708.3759765625,-6839.837890625
train,925,-446.630126953125,-477.9599609375
train,4561,-4135.39794921875,-3606.47509765625
train,6361,-2491.298095703125,-2308.1728515625
train,4520,-883.76806640625,-643.601806640625
train,3872,-4065.262939453125,-4099.056640625
train,4806,-3030.827880859375,-2978.21240234375
train,2633,-4305.72802734375,-3953.958984375
train,4277,-3934.035888671875,-4093.630615234375
train,2083,-1716.072021484375,-1501.189208984375
train,2506,-6259.6708984375,-6248.00927734375
train,3764,1150.477783203125,602.617431640625
train,1277,-3651.385986328125,-3155.2548828125
train,3943,-1958.133056640625,-1802.6407470703125
train,4394,-3515.593994140625,-3957.213623046875
train,2605,-2232.090087890625,-1921.501953125
train,5100,-5663.4921875,-5678.97998046875
train,1975,-7702.80078125,-7504.1611328125
train,2253,-333.43896484375,-82.08544921875
train,24,-3691.05908203125,-3705.99609375
train,4615,-4867.033203125,-4840.0693359375
train,5707,-2824.655029296875,-2958.37890625
train,3418,-2367.50390625,-3245.677490234375
train,5169,-6254.64599609375,-7187.62890625
train,4683,-4969.5791015625,-5199.67431640625
train,428,-1701.1650390625,-1902.709228515625
train,4148,-9560.2734375,-9395.1171875
train,500,-1778.6610107421875,-1750.1016845703125
train,3209,-4727.86181640625,-4042.232666015625
train,6399,-2466.26611328125,-2406.91015625
train,2002,-6736.2978515625,-6453.43701171875
train,4996,-2619.7939453125,-2724.022216796875
train,6053,-3155.699951171875,-3543.651611328125
train,1036,-4281.009765625,-3916.2314453125
train,4978,-2353.98193359375,-2230.640625
train,1983,-4965.92822265625,-4871.2216796875
train,5625,-8399.7578125,-8459.9658203125
train,5546,-3113.197021484375,-3178.28466796875
train,2059,-1570.908935546875,-1152.23095703125
train,4858,-4926.23095703125,-4826.95361328125
train,5133,-5929.1650390625,-5925.1044921875
train,3133,-2109.27197265625,-2060.740234375
train,2978,-1882.2921142578125,-1607.203857421875
train,3193,-11401.33203125,-11417.64453125
train,1051,-772.130126953125,-651.3095703125
train,802,-3729.656005859375,-3605.964599609375
train,5284,-6963.81103515625,-6901.4677734375
train,4362,-5144.8779296875,-5585.556640625
train,5798,-6332.7900390625,-6187.51123046875
train,2773,-5132.97412109375,-4117.63427734375
train,4314,-2060.635986328125,-2328.66796875
train,5599,-4139.42919921875,-4389.443359375
train,5922,-6437.39013671875,-6556.7197265625
train,6457,-6297.123046875,-6078.189453125
train,4577,-2989.860107421875,-2823.5732421875
train,2098,-3709.48193359375,-4060.604248046875
train,4275,-6818.4130859375,-6874.5029296875
train,3245,-1841.35205078125,-1946.1146240234375
train,926,-394.76708984375,-752.662353515625
train,6005,-4744.376953125,-4360.2431640625
train,4202,-2694.3330078125,-2579.2373046875
train,5408,-4535.5849609375,-4601.7705078125
train,638,-1562.964111328125,-1567.672607421875
train,90,-3032.548095703125,-3144.59765625
train,4497,-6074.3779296875,-5871.73193359375
train,3188,-6787.828125,-6946.8759765625
train,5830,-4522.490234375,-4435.30615234375
train,5442,-4414.59521484375,-3807.6220703125
train,156,-200.11572265625,-770.0048828125
train,1183,-4055.18798828125,-3765.39892578125
train,3744,-7137.46923828125,-6795.97119140625
train,6061,-6480.4951171875,-6488.3857421875
train,143,968.971923828125,1123.584716796875
train,1943,-1296.697021484375,-1518.3818359375
train,1244,-3093.89111328125,-2909.124267578125
train,3581,-4280.10498046875,-4904.2939453125
train,6031,-2719.080078125,-2742.538330078125
train,1452,-2471.22998046875,-2335.43212890625
train,1235,-3929.794921875,-3952.5927734375
train,4161,-4442.43505859375,-4567.26171875
train,5610,-3461.412109375,-3217.48486328125
train,416,-4368.51708984375,-4517.337890625
train,3889,-3539.743896484375,-3514.7490234375
train,5349,-7562.0537109375,-7626.248046875
train,6018,-33.649169921875,-323.311279296875
train,5108,-3193.132080078125,-3037.88623046875
train,5144,-7175.47998046875,-6981.8193359375
train,2240,-5486.23095703125,-5828.9287109375
train,1138,-7387.98193359375,-7678.609375
train,5308,-6028.3359375,-5995.166015625
train,3804,-7409.35205078125,-7366.98291015625
train,1435,-6081.68896484375,-5994.99853515625
train,6062,-2857.55810546875,-2576.05419921875
train,4604,-2497.781005859375,-2383.4462890625
train,4593,-9242.4404296875,-9002.7529296875
train,917,-2616.876953125,-2788.125244140625
train,2924,-824.80517578125,-824.95361328125
train,4530,1664.612060546875,1251.527099609375
train,2935,425.31396484375,68.212158203125
train,5381,-4186.3330078125,-4018.08984375
train,5724,-3788.68994140625,-4619.34814453125
train,6184,-4860.68701171875,-4630.4189453125
train,2819,-5308.951171875,-5306.18017578125
train,1496,-4669.02197265625,-4328.3154296875
train,502,-3994.925048828125,-4312.55615234375
train,3530,-126.6201171875,-164.7138671875
train,1759,742.864990234375,841.796630859375
train,6387,-3999.074951171875,-4421.89599609375
train,5291,-4362.98291015625,-4023.6181640625
train,5310,-327.562255859375,-419.06982421875
train,5373,-2961.22705078125,-2682.8505859375
train,1000,-2223.72998046875,-2161.3603515625
train,4988,-5634.134765625,-5114.3544921875
train,2351,-4813.7890625,-4792.716796875
train,96,-2249.014892578125,-2040.49609375
train,922,-1860.093017578125,-1797.4638671875
train,4400,-1020.1279296875,-1534.35107421875
train,3288,-5396.22216796875,-5184.92333984375
train,2565,-6199.69189453125,-5901.125
train,3976,-3915.116943359375,-3785.76220703125
train,1727,189.073974609375,104.84765625
train,3433,-1757.8929443359375,-2025.611083984375
train,4078,-355.15087890625,-737.439453125
train,2000,-4618.39404296875,-4614.9716796875
train,582,-4174.40478515625,-4171.1298828125
train,2828,-9036.8271484375,-9206.6669921875
train,6342,-8320.8857421875,-8387.8623046875
train,4331,-2916.386962890625,-2700.567138671875
train,2654,-6136.26416015625,-6103.8193359375
train,828,-2620.048095703125,-2273.021728515625
train,2651,-1543.657958984375,-1869.8218994140625
train,3151,-5541.97900390625,-5733.900390625
train,722,-2452.4580078125,-2094.798095703125
train,1920,-3701.06298828125,-3486.17529296875
train,724,-4413.52880859375,-4571.14599609375
train,1358,-1321.8330078125,-1058.604248046875
train,1177,-3957.972900390625,-3858.44580078125
train,5925,-2980.35595703125,-2828.76513671875
train,2228,-7711.06591796875,-7617.689453125
train,1627,-5289.34521484375,-5390.56689453125
train,4939,-3759.81591796875,-3823.5322265625
train,6117,-7439.93896484375,-7864.4384765625
train,3247,-2068.74609375,-2037.237060546875
train,3559,-5578.31005859375,-5438.26953125
train,5437,-1276.071044921875,-1441.71484375
train,5046,-3881.27490234375,-3167.0654296875
train,864,-4970.70703125,-5056.8681640625
train,5005,-5169.79296875,-4829.2822265625
train,3982,-4890.07177734375,-4859.94677734375
train,2120,-6155.86083984375,-6051.515625
train,2429,-1848.2198486328125,-2206.178466796875
train,355,-5243.0087890625,-5341.970703125
train,3012,-4475.13916015625,-4262.95849609375
train,6413,-5451.14599609375,-5275.46240234375
train,6386,915.065185546875,665.931884765625
train,1934,-457.705078125,-689.493408203125
train,2904,-4231.85791015625,-4616.9892578125
train,3962,-2756.431884765625,-3014.8525390625
train,80,-3422.9169921875,-3073.265869140625
train,2886,-3776.3720703125,-3100.79833984375
train,48,-2168.362060546875,-1519.316162109375
train,3518,-1754.2569580078125,-1684.955078125
train,5048,-4988.7509765625,-4864.6650390625
train,3659,-4079.3740234375,-3979.1630859375
train,4409,-2284.6767578125,-2698.46484375
train,2439,-5795.18212890625,-5950.34521484375
train,2397,-10549.6083984375,-10002.326171875
train,728,-2527.069091796875,-2386.8349609375
train,1119,166.756103515625,-497.06591796875
train,4657,-2371.35400390625,-2493.36962890625
train,4751,-2331.199951171875,-2484.2822265625
train,860,70.962890625,100.489501953125
train,535,-1119.675048828125,-802.374755859375
train,1770,-3815.9560546875,-4001.204345703125
train,4980,-3228.470947265625,-2978.400390625
train,2110,-6682.0361328125,-6953.052734375
train,5456,679.630126953125,422.890380859375
train,3935,-2340.93896484375,-2508.0146484375
train,6290,-4447.80419921875,-4798.587890625
train,3743,-836.263916015625,-877.90234375
train,3693,-2088.453125,-2580.7041015625
train,4353,248.9580078125,-48.988037109375
train,4018,-1801.303955078125,-1981.4127197265625
train,4173,-2337.570068359375,-1638.00439453125
train,1648,-4799.9541015625,-5023.16943359375
train,285,-2335.8466796875,-2249.177734375
train,3726,-7224.81640625,-7906.8056640625
train,6164,-4008.554931640625,-4260.181640625
train,1163,-2766.3779296875,-2420.6787109375
train,1401,-1615.3310546875,-1593.929931640625
train,2823,-3246.01708984375,-2726.80517578125
train,3436,-5004.58984375,-4818.7568359375
train,6402,-5312.6767578125,-4982.1962890625
train,4099,-2531.3798828125,-2720.87353515625
train,1976,-2603.22412109375,-2023.39306640625
train,1400,-1784.8609619140625,-1977.9564208984375
train,4956,-5895.716796875,-6540.15380859375
train,3355,-4249.7412109375,-4520.646484375
train,4690,-2199.593994140625,-2135.343994140625
train,3758,-3331.635009765625,-3659.405029296875
train,2730,-3436.19189453125,-3499.109619140625
train,39,-4562.876953125,-4683.72607421875
train,4207,-2626.10693359375,-2705.0888671875
train,5786,-3883.77099609375,-3261.9716796875
train,4598,-4250.0927734375,-4677.34521484375
train,1801,-4450.5380859375,-4500.880859375
train,324,-3435.156005859375,-3560.6806640625
train,5141,-1317.08203125,-1342.272216796875
train,2521,-2636.43994140625,-2475.20556640625
train,592,-4094.489013671875,-3861.23828125
train,1451,-7565.73876953125,-7239.4453125
train,3212,-751.2119140625,-866.9111328125
train,3916,-3942.860107421875,-3892.057373046875
train,3855,-2465.972900390625,-2815.809326171875
train,1384,-1908.1619873046875,-1608.824462890625
train,1891,-2300.529052734375,-2221.029541015625
train,1473,-653.848876953125,-965.19677734375
train,5556,-2666.048095703125,-2291.02197265625
train,56,-4270.60986328125,-3578.5732421875
train,5164,-8077.0673828125,-7889.8623046875
train,4667,-3603.10791015625,-2813.4033203125
train,6055,1452.303955078125,874.969970703125
train,4608,-8020.1123046875,-7783.4423828125
train,2892,-2897.10205078125,-3003.97265625
train,3250,-4112.60302734375,-4225.185546875
train,2564,-1417.43505859375,-1376.585205078125
train,5123,-7091.83984375,-7104.4189453125
train,6273,-5288.09912109375,-5416.5068359375
train,929,-6118.501953125,-5965.0166015625
train,757,-2025.007080078125,-1617.206787109375
train,5429,-2408.22998046875,-1916.3514404296875
train,3873,-3819.72705078125,-3782.359130859375
train,3511,-6903.47607421875,-7891.6982421875
train,1429,-2473.300048828125,-2175.970458984375
train,3453,-1914.697021484375,-2193.90771484375
train,1495,-2180.712890625,-1287.819091796875
train,135,-4048.613037109375,-3560.18115234375
train,5093,-6111.39013671875,-6342.6845703125
train,146,-1519.920166015625,-2108.555908203125
train,4499,-6296.5400390625,-6179.107421875
train,3093,-3205.467041015625,-3909.33984375
train,5531,-3167.424072265625,-2648.5048828125
train,2998,-4768.72412109375,-4912.37158203125
train,4255,-2195.7958984375,-2470.03173828125
train,2411,-4397.43701171875,-4213.939453125
train,5007,-7785.1103515625,-7679.1005859375
train,1622,-209.826904296875,-241.922119140625
train,2148,82.73095703125,-8.7373046875
train,2362,-2322.011962890625,-2304.887451171875
train,3356,-3737.529052734375,-3539.9072265625
train,3256,-5072.42919921875,-4779.2451171875
train,4583,-3944.6298828125,-3517.078369140625
train,2097,-3659.455078125,-3669.594482421875
train,2415,-1420.39794921875,-1851.2174072265625
train,2859,-2874.319091796875,-3506.77587890625
train,1961,-2997.22607421875,-2831.052734375
train,4679,-265.738037109375,139.83544921875
train,4220,-3430.820068359375,-2878.632080078125
train,462,-5118.56298828125,-5074.416015625
train,2550,-3982.48291015625,-4009.989501953125
train,5479,-6886.6513671875,-6400.404296875
train,1535,-779.275146484375,-893.113525390625
train,387,-5214.9501953125,-5423.41650390625
train,6348,-6863.615234375,-6949.7607421875
train,6078,-616.4267578125,-803.573486328125
train,1005,-1953.574951171875,-1943.76904296875
train,1818,45.58203125,-0.221435546875
train,3617,-2756.14794921875,-2757.391357421875
train,2732,-2246.949951171875,-2512.471923828125
train,5682,60.035888671875,20.01806640625
train,2482,-6853.5,-6624.61669921875
train,1397,-3550.25390625,-3167.97021484375
train,3791,1016.782958984375,810.960205078125
train,5356,-3190.547119140625,-2594.1279296875
train,1243,-1199.97900390625,-1233.79931640625
train,3780,-4868.591796875,-5212.400390625
train,5820,-3607.654052734375,-3817.760498046875
train,6325,-2650.155029296875,-2710.299072265625
train,3016,-5690.744140625,-5159.03369140625
train,5444,-5656.86181640625,-5731.857421875
train,870,-2684.958984375,-2121.638671875
train,986,-2966.301025390625,-3565.29248046875
train,4072,-5744.39599609375,-5804.85107421875
train,1962,-6178.60888671875,-6267.16796875
train,6334,-3611.15087890625,-3754.52001953125
train,1309,-1167.06494140625,-1495.966796875
train,4977,-5052.51904296875,-4372.0
train,2959,-2296.6298828125,-2126.401123046875
train,2749,-3851.7109375,-3385.83837890625
train,4514,-8176.4326171875,-8273.7001953125
train,3231,-2774.4150390625,-2625.44384765625
train,941,-6182.0517578125,-5905.853515625
train,367,-4945.56298828125,-4284.1982421875
train,4223,-3940.64892578125,-3959.333740234375
train,4408,-9153.611328125,-8731.56640625
train,5469,-1045.501953125,-782.68310546875
train,783,-1554.2509765625,-1301.1376953125
train,2841,-2397.657958984375,-2394.983642578125
train,5773,-3431.3759765625,-3169.671142578125
train,2729,-3072.322021484375,-2949.89599609375
train,1418,-8174.0341796875,-7877.1064453125
train,2514,-5846.03515625,-5718.5244140625
train,5362,-2097.590087890625,-2082.54150390625
train,900,-2084.60009765625,-2135.664794921875
train,662,-5895.68408203125,-6125.87744140625
train,1552,-6332.44580078125,-6303.708984375
train,3656,-8127.4013671875,-7871.931640625
train,5189,-2497.8798828125,-2130.94287109375
train,2195,-2125.81103515625,-2301.785888671875
train,3340,-2380.047119140625,-1965.4522705078125
train,3842,-5851.18017578125,-6342.47802734375
train,3140,-4942.78515625,-4847.04296875
train,2518,-5628.8671875,-5339.93212890625
train,2136,-6274.2958984375,-5676.0078125
train,2742,-1227.037841796875,-1007.081298828125
train,3733,-5168.39111328125,-4830.416015625
train,2899,-5504.748046875,-5403.1171875
train,6039,-7895.986328125,-8022.580078125
train,4247,-6163.31201171875,-6205.67041015625
train,2477,-3124.176025390625,-3139.4892578125
train,4846,-6989.9931640625,-6905.87646484375
train,5529,-8306.09375,-8420.8671875
train,2071,-2425.931884765625,-2066.353759765625
train,1186,-267.0380859375,-321.433349609375
train,6063,-4461.21923828125,-4396.52783203125
train,3950,-209.927001953125,-549.583740234375
train,2349,-4485.56689453125,-3917.85693359375
train,487,-3056.885009765625,-3453.027099609375
train,3771,-199.152099609375,-639.46337890625
train,1158,-5158.56005859375,-5055.24072265625
train,1927,-3051.365966796875,-2967.657958984375
train,3086,-3406.197021484375,-3694.3662109375
train,1145,-1626.4129638671875,-1699.4844970703125
train,1332,-2735.764892578125,-2139.18701171875
train,1131,-3228.365966796875,-3208.28369140625
train,3563,321.923095703125,139.843994140625
train,3207,-5103.03515625,-4657.822265625
train,6364,-7975.58984375,-7214.7607421875
train,5409,-6368.2548828125,-5754.8359375
train,2837,-4673.1318359375,-4261.85302734375
train,1973,-6948.07080078125,-6633.900390625
train,476,1780.713134765625,1447.878173828125
train,1684,-4313.58984375,-4538.1171875
train,1134,-2881.801025390625,-2774.30615234375
train,5968,-5293.71484375,-5631.8408203125
train,2428,-2677.113037109375,-2489.3955078125
train,3173,-1857.4759521484375,-1641.6773681640625
train,2507,-2314.655029296875,-2662.340576171875
train,2825,-2042.2220458984375,-2076.8642578125
train,210,-1829.6739501953125,-1860.5968017578125
train,3917,-4897.81396484375,-4661.146484375
train,4745,-6358.4765625,-6283.26953125
train,6027,-6569.8017578125,-6407.59765625
train,1033,-5487.90283203125,-5605.482421875
train,3409,-2034.1949462890625,-1498.952880859375
train,1582,-4648.8720703125,-4770.0732421875
train,819,-2668.06591796875,-2649.47216796875
train,1592,-5563.26708984375,-5457.5830078125
train,6121,-3871.1708984375,-4126.3974609375
train,863,-2653.64794921875,-3109.039306640625
train,2708,-3256.612060546875,-3247.40380859375
train,1812,-2291.361083984375,-1986.8463134765625
train,530,-9385.5185546875,-9219.345703125
train,5696,-5872.51123046875,-6275.26220703125
train,5913,-4324.4482421875,-4118.2373046875
train,2115,-4370.06103515625,-4320.37255859375
train,3667,-2446.860107421875,-2522.6318359375
train,5837,-3727.044921875,-3407.634033203125
train,5097,-4503.875,-4839.51220703125
train,898,-3448.160888671875,-3742.3505859375
train,3620,-5669.3681640625,-5965.19580078125
train,1164,-4075.73193359375,-4149.2314453125
train,6243,1283.875244140625,1106.095947265625
train,6407,-4617.10205078125,-4798.8310546875
train,5493,-4534.6201171875,-4780.58935546875
train,2108,-2962.222900390625,-3229.692138671875
train,2346,-3594.02490234375,-3390.82763671875
train,928,-3374.673095703125,-3487.196533203125
train,793,-6635.4697265625,-6434.72412109375
train,4184,-4549.8359375,-4633.25146484375
train,4488,-4204.13916015625,-3791.476318359375
train,384,-4275.97314453125,-4429.216796875
train,1914,-5809.791015625,-5512.7099609375
train,5478,-6288.9248046875,-6144.47802734375
train,5468,-2651.8330078125,-2781.783447265625
train,5794,-4612.73095703125,-4418.2705078125
train,889,3448.633056640625,3323.200439453125
train,3719,-6468.375,-6274.3193359375
train,5217,-4817.9951171875,-4438.55517578125
train,2353,-3484.451904296875,-3694.11767578125
train,1209,-3920.886962890625,-3626.425537109375
train,5532,-5912.97900390625,-5832.0224609375
train,2202,-1863.26904296875,-1724.29150390625
train,4098,-2662.72900390625,-2330.2294921875
train,2884,-832.200927734375,-1090.844482421875
train,5424,-2920.98193359375,-3111.913330078125
train,477,1688.614013671875,1248.148193359375
train,98,-2419.845947265625,-2504.214599609375
train,4844,1647.903076171875,1440.658935546875
train,585,-4398.52099609375,-4037.43212890625
train,2375,-6945.185546875,-6786.494140625
train,2333,-1504.554931640625,-1486.00146484375
train,1677,-4502.5859375,-4346.77001953125
train,1334,-338.723876953125,-617.2197265625
train,623,-3677.541015625,-3350.644775390625
train,1483,-6244.34716796875,-6043.59814453125
train,5174,-3505.85302734375,-3527.263916015625
train,2767,-6800.72802734375,-7549.43798828125
train,6177,-224.90771484375,-511.846435546875
train,1386,108.265869140625,-146.575927734375
train,3759,1075.751220703125,558.560791015625
train,5933,-1541.81494140625,-1521.843505859375
train,1257,-2918.8740234375,-2801.59423828125
train,2982,-8306.2724609375,-8145.2646484375
train,3586,-5625.3798828125,-5571.0078125
train,3745,-2155.551025390625,-1992.2894287109375
train,3049,-6893.408203125,-6585.87255859375
train,5554,-1862.2779541015625,-1628.3140869140625
train,2799,-7187.89208984375,-7301.8173828125
train,3270,339.589111328125,495.199951171875
train,1271,-6419.63720703125,-6280.892578125
train,6453,-1786.2760009765625,-1656.150390625
train,406,-1667.6490478515625,-2070.47314453125
train,4288,-2371.77099609375,-2552.064208984375
train,2492,-1855.676025390625,-2008.976806640625
train,4264,-1034.612060546875,-1243.42822265625
train,4495,1999.579833984375,1884.076416015625
train,1670,-772.014892578125,-960.915283203125
train,2475,-5988.626953125,-5400.529296875
train,3451,-2068.199951171875,-2189.0146484375
train,2727,-3292.549072265625,-3219.496826171875
train,1963,-2230.7470703125,-2394.465087890625
train,2444,-3486.14501953125,-3222.17919921875
train,4000,-4765.9677734375,-4706.4677734375
train,275,-885.3876953125,-1082.048095703125
train,5985,-7411.51708984375,-7977.8798828125
train,2001,-7511.326171875,-7367.06640625
train,5129,-1058.892822265625,-1334.45703125
train,6354,1175.186767578125,1079.923095703125
train,3825,-5876.7109375,-5245.6962890625
train,84,-5782.19677734375,-5600.943359375
train,3883,-2550.928955078125,-2620.15380859375
train,6474,1621.318115234375,2013.697998046875
train,4342,-3907.43310546875,-3470.4140625
train,3817,-3621.845947265625,-3864.84912109375
train,3192,-1951.4560546875,-2134.0771484375
train,4118,-8556.130859375,-8725.908203125
train,5153,-4783.22314453125,-5166.111328125
train,1220,-3755.43994140625,-4191.46142578125
train,1641,-5929.52978515625,-5800.935546875
train,3953,1048.360107421875,1349.427001953125
train,975,-9828.810546875,-9639.5390625
train,1783,-2522.444091796875,-2402.4208984375
train,4278,-98.132080078125,66.710693359375
train,4697,984.284912109375,567.590087890625
train,1155,-7936.1650390625,-8183.033203125
train,5763,-2325.675048828125,-2630.954833984375
train,1352,-1512.547119140625,-1669.303466796875
train,1820,-3762.388916015625,-3059.375
train,2257,-3827.7880859375,-3814.9443359375
train,4901,-3346.819091796875,-3133.341552734375
train,2178,22.945068359375,-378.251708984375
train,1781,-6356.0947265625,-6343.50048828125
train,2133,-6406.9140625,-7240.99462890625
train,4001,-3534.240966796875,-3950.86767578125
train,5052,-3713.951904296875,-3793.505859375
train,6257,-4874.92578125,-4900.5576171875
train,4565,-4333.1181640625,-4318.36328125
train,3705,-2521.014892578125,-2313.715087890625
train,4747,-5798.8828125,-5060.86328125
train,1528,-6704.31591796875,-6413.0029296875
train,191,-3701.7890625,-4053.692138671875
train,4373,-1101.91796875,-856.83056640625
train,3818,-4693.47900390625,-4665.3095703125
train,2249,-2412.534912109375,-2293.44970703125
train,3831,-4892.90185546875,-4569.7744140625
train,519,-8701.8876953125,-8778.552734375
train,3578,-2468.077880859375,-2437.986328125
train,2019,-6206.91796875,-5677.494140625
train,6236,-702.43994140625,-1193.6796875
train,3765,-3194.743896484375,-2874.587646484375
train,3520,-1715.909912109375,-902.715087890625
train,5945,-1355.920166015625,-1458.308837890625
train,4662,-3814.583984375,-3562.447021484375
train,3261,-1367.620849609375,-1294.779052734375
train,3741,-6560.5888671875,-6449.61669921875
train,1837,-8771.2392578125,-8615.7119140625
train,4025,-3705.030029296875,-3773.95703125
train,2583,-5118.00390625,-5528.158203125
train,5862,-1015.177001953125,-1405.563232421875
train,3393,-1422.983154296875,-1559.88427734375
train,5229,-2624.81298828125,-2324.98974609375
train,4688,-5809.11083984375,-5731.7783203125
train,4271,-2871.52099609375,-2730.07470703125
train,684,-2889.152099609375,-2906.05126953125
train,2184,-5580.34814453125,-5635.79248046875
train,1217,-1320.60498046875,-1268.593505859375
train,102,-0.635986328125,-228.757568359375
train,5392,-3503.27294921875,-2886.41552734375
train,1170,-1791.823974609375,-1874.35693359375
train,2448,-3565.365966796875,-3218.149658203125
train,6460,-4924.9189453125,-4863.90185546875
train,1692,-4994.93115234375,-5643.45556640625
train,3004,-3429.443115234375,-3344.6923828125
train,6477,2960.921142578125,2750.620849609375
train,5192,-7417.8232421875,-7430.4140625
train,1568,-3915.053955078125,-3914.70947265625
train,660,-851.06689453125,-920.3447265625
train,3118,-6821.4140625,-6880.17724609375
train,6318,-2956.783935546875,-2256.97607421875
train,466,-4233.416015625,-4640.5927734375
train,610,-4817.82080078125,-5075.75
train,5812,-4315.77099609375,-4684.2587890625
train,3824,-3033.91796875,-3303.031005859375
train,4753,-1326.887939453125,-1841.6378173828125
train,151,-1743.907958984375,-1309.97314453125
train,4576,-10582.0703125,-10479.5576171875
train,3978,-701.089111328125,-689.385009765625
train,2348,-7293.74609375,-7129.22216796875
train,1537,-8560.8251953125,-8548.7548828125
train,5054,-9490.8349609375,-9427.7587890625
train,6445,-5216.369140625,-5442.111328125
train,653,-4559.19091796875,-4495.134765625
train,1624,-4496.10400390625,-4167.30517578125
train,1439,-1519.85498046875,-894.57275390625
train,6123,-529.06396484375,259.12353515625
train,2424,-1024.7353515625,-1128.955078125
train,5545,-626.47998046875,-479.39453125
train,5553,-4488.244140625,-4206.205078125
train,633,-5111.2158203125,-5432.19482421875
train,5847,-3572.125,-3403.0869140625
train,938,-3524.174072265625,-3147.892822265625
train,1793,-1304.430908203125,-958.7646484375
train,4795,-2451.7080078125,-2359.284423828125
train,5912,-3882.6708984375,-3352.1552734375
train,2095,-397.824951171875,-847.730712890625
train,4537,-9079.8642578125,-8716.5234375
train,2445,-3772.448974609375,-3934.431640625
train,3242,-3125.31689453125,-3096.56982421875
train,2204,-2571.655029296875,-2228.46923828125
train,3762,-2371.823974609375,-2200.248291015625
train,3630,-6101.9990234375,-6342.03662109375
train,3449,-5565.80322265625,-5787.783203125
train,4782,-2566.87890625,-2262.70263671875
train,5073,-2427.135986328125,-2428.064453125
train,849,-2310.60400390625,-2470.5908203125
train,1270,-6387.283203125,-6406.05908203125
train,162,-7982.7822265625,-7626.57861328125
train,1268,-4258.35400390625,-4471.8857421875
train,2809,-2527.073974609375,-1611.6241455078125
train,4521,-3747.923095703125,-3447.9296875
train,3317,-6490.705078125,-6470.3154296875
train,3147,-4587.51416015625,-4471.72900390625
train,3813,-1345.10595703125,-1056.39892578125
train,5883,-4492.30810546875,-4306.20849609375
train,6240,-1606.1331787109375,-1829.323974609375
train,6507,-2496.08203125,-2468.7841796875
train,352,-5205.48388671875,-5430.36083984375
train,4492,-3935.447021484375,-4012.203857421875
train,1306,-1887.7239990234375,-1960.3037109375
train,5155,-4689.4619140625,-4503.5087890625
train,3126,-2851.156005859375,-2937.9208984375
train,2198,-1103.81201171875,-968.256591796875
train,5136,-4329.31005859375,-4114.990234375
train,6527,-3043.656982421875,-3305.2216796875
train,960,-2306.87890625,-2332.244384765625
train,6085,-3563.8291015625,-3691.374755859375
train,2304,-4838.92822265625,-4796.67236328125
train,5482,-7161.7158203125,-6994.220703125
train,1601,584.716064453125,87.895263671875
train,2878,-3268.412109375,-3771.478271484375
train,2842,-2719.31494140625,-3003.360595703125
train,1032,-4130.3818359375,-3832.494140625
train,4327,-2167.407958984375,-2440.787109375
train,5293,-3753.902099609375,-3916.272705078125
train,4056,-3381.7958984375,-2784.33984375
train,1539,-123.636962890625,-779.521728515625
train,5560,-6274.212890625,-6258.2314453125
train,2149,-2836.22900390625,-2487.486328125
train,242,-3002.37109375,-2641.7626953125
train,5319,-851.262939453125,-668.953369140625
train,4284,-5564.55322265625,-5503.0546875
train,4170,-2100.802001953125,-1958.4410400390625
train,797,-2355.888916015625,-2472.73583984375
train,3852,-5746.2861328125,-6175.28515625
train,771,-2813.075927734375,-2415.124267578125
train,4687,-3873.26904296875,-3908.59814453125
train,5980,-1423.721923828125,-1264.17578125
train,3684,-3462.131103515625,-3089.432373046875
train,3075,-1381.163818359375,-1308.774658203125
train,3128,-8950.615234375,-8895.2060546875
train,5465,-4123.9609375,-4351.19921875
train,4934,-2338.98291015625,-2061.39453125
train,3445,-2490.58203125,-2712.40234375
train,1180,-1546.392822265625,-1335.6826171875
train,1388,-5843.6318359375,-5550.2958984375
train,3430,1669.117919921875,1326.316650390625
train,1116,-9723.5654296875,-9328.5615234375
train,4787,-5616.41796875,-6111.26123046875
train,630,-4595.14306640625,-4677.17724609375
train,4396,-2383.843994140625,-3089.649169921875
train,5173,-3956.694091796875,-4182.48291015625
train,3507,-655.075927734375,-976.832763671875
train,4124,-3529.697998046875,-3295.24267578125
train,3441,-6622.47900390625,-5809.9794921875
train,5924,-8603.689453125,-8479.88671875
train,628,-2804.59912109375,-2983.80126953125
train,5808,-4145.591796875,-4103.025390625
train,1464,-3562.626953125,-3131.404296875
train,3474,-5705.30908203125,-5673.61181640625
train,6459,-5657.7158203125,-5542.7734375
train,6395,-2577.458984375,-2456.73291015625
train,3455,-1210.006103515625,-1056.3779296875
train,2797,-2342.532958984375,-2425.5
train,740,-6587.1103515625,-6610.7568359375
train,4880,-6772.98388671875,-6886.4150390625
train,4033,-7651.6689453125,-7447.7294921875
train,5835,218.18505859375,-234.493896484375
train,3945,-2692.10302734375,-2934.7001953125
train,2451,-5637.05517578125,-5601.34228515625
train,2887,-4977.67822265625,-4960.6943359375
train,4344,-5383.4130859375,-5329.1806640625
train,4936,-8570.28515625,-8276.96875
train,1705,-4934.64111328125,-4626.99462890625
train,1538,-2771.364013671875,-3042.4033203125
train,1926,-5641.962890625,-5674.84765625
train,2791,-9730.9521484375,-9642.9052734375
train,3708,-3766.031982421875,-3568.615478515625
train,1494,-3867.591064453125,-3768.946044921875
train,2471,-1478.721923828125,-1476.65478515625
train,5655,-3370.3701171875,-3231.461181640625
train,2008,-5658.5458984375,-5529.0478515625
train,5803,124.531982421875,32.97998046875
train,1979,-7298.2841796875,-6863.00341796875
train,3805,-4907.31005859375,-5106.296875
train,4218,-2425.9541015625,-2425.44873046875
train,770,-3030.8359375,-3388.942626953125
train,6046,-8456.732421875,-8445.109375
train,795,-2977.14892578125,-2919.02783203125
train,4574,-2557.614013671875,-2850.91259765625
train,845,-1618.85888671875,-1221.671630859375
train,233,-3049.35498046875,-3015.126220703125
train,54,856.912841796875,618.688720703125
train,2018,-7082.4091796875,-7058.4033203125
train,3740,-5733.2890625,-6327.0927734375
train,6222,686.988037109375,347.076904296875
train,2266,-3196.014892578125,-2694.551025390625
train,2056,-1009.331298828125,-1261.849853515625
train,6309,-2557.047119140625,-2673.9775390625
train,280,-2258.7890625,-2150.501953125
train,4526,-999.932861328125,-995.573974609375
train,5700,-3794.323974609375,-3654.20263671875
train,5795,-1830.6080322265625,-1760.31103515625
train,6389,-1255.125,-1167.10888671875
train,4784,-3322.634033203125,-3257.634765625
train,3896,-4243.7939453125,-4006.3603515625
train,37,-3226.114990234375,-2728.79248046875
train,4502,-4678.0869140625,-4827.654296875
train,1890,-1026.088134765625,-503.14453125
train,4786,-3157.5009765625,-3372.4677734375
train,5869,392.22607421875,589.336181640625
train,2740,-3443.927978515625,-4361.2978515625
train,2126,1151.704833984375,1442.610107421875
train,4106,-4783.60107421875,-5277.5869140625
train,3904,-3266.0380859375,-3456.197998046875
train,4110,-3935.761962890625,-4253.47607421875
train,3005,-6104.31591796875,-6310.626953125
train,1953,-5434.73486328125,-5495.0947265625
train,3626,-9041.1904296875,-9178.701171875
train,4862,-3457.8740234375,-3279.509033203125
train,6084,-2823.35791015625,-2955.4560546875
train,4044,-8626.6474609375,-8456.7265625
train,5383,-7653.56494140625,-7521.54443359375
train,2069,-4078.931884765625,-3171.505615234375
train,4330,-3898.64892578125,-3669.2802734375
train,6068,-3888.721923828125,-3965.515869140625
train,3111,-1930.5059814453125,-1378.774169921875
train,4720,-5312.86083984375,-5136.9765625
train,3760,-6074.77587890625,-6032.79150390625
train,1782,-6807.80810546875,-6941.16796875
train,1715,-4311.25390625,-4014.127685546875
train,2210,-1153.120849609375,-986.79296875
train,5351,-5651.2021484375,-5563.75732421875
train,1700,-2242.0390625,-1928.9888916015625
train,5964,-1740.94091796875,-2003.9697265625
train,5738,-3723.998046875,-3515.19873046875
train,5302,-2761.534912109375,-2697.128173828125
train,5928,-6136.27099609375,-6080.0615234375
train,609,-3496.419921875,-3423.427490234375
train,1031,-1253.532958984375,-1435.208740234375
train,903,-4841.98583984375,-3820.278564453125
train,4038,1243.959228515625,612.763427734375
train,2456,-2978.64111328125,-2806.88525390625
train,6260,-4129.6640625,-4263.84130859375
train,3144,-492.026123046875,-544.138671875
train,1606,-5137.9130859375,-4510.29296875
train,720,-5356.98779296875,-5131.8212890625
train,2363,-5987.97216796875,-5908.1015625
train,2683,-5794.14990234375,-5766.4169921875
train,3208,-3342.264892578125,-3109.617919921875
train,3372,2264.335693359375,2204.399658203125
train,2539,-2710.674072265625,-2828.312255859375
train,3720,-4827.2001953125,-4839.1513671875
train,1225,-6346.34765625,-6386.4765625
train,3032,-2093.534912109375,-1873.2178955078125
train,6531,-1669.3089599609375,-1107.6025390625
train,1427,-5281.4990234375,-5528.08154296875
train,5670,-4786.73291015625,-4670.7021484375
train,2296,-4350.37890625,-3959.25341796875
train,4020,-4815.94287109375,-4734.14892578125
train,115,-6962.98876953125,-6915.66162109375
train,3605,-5920.373046875,-5711.9755859375
train,293,-680.666015625,-1035.56103515625
train,130,-3831.117919921875,-4077.494140625
train,2675,-1592.47998046875,-1827.323974609375
train,1354,-2471.177978515625,-2827.53515625
train,5894,-4086.343994140625,-4352.63671875
train,930,-1419.468017578125,-1637.0225830078125
train,5915,-209.535888671875,15.88037109375
train,1806,-2971.2919921875,-2634.20166015625
train,3467,-2263.79296875,-1846.5977783203125
train,1430,-3876.551025390625,-4239.21533203125
train,5769,-2028.5240478515625,-1972.1663818359375
train,3979,-2487.8359375,-1464.61865234375
train,383,-3132.714111328125,-3267.901123046875
train,1269,-8623.8662109375,-9087.513671875
train,4673,-3262.77587890625,-3096.661376953125
train,5917,979.200927734375,567.806884765625
train,1109,-2787.10498046875,-2756.362548828125
train,6281,-1269.505126953125,-1348.853759765625
train,779,421.4541015625,90.4423828125
train,3243,-6237.2861328125,-6239.45947265625
train,1534,-2111.89501953125,-2495.9111328125
train,366,1067.449951171875,443.767822265625
train,245,-1920.0009765625,-1742.7637939453125
train,5445,-7493.2822265625,-7435.6552734375
train,6439,-1803.274169921875,-1698.3670654296875
train,652,-5677.89794921875,-5414.31298828125
train,5390,-5385.47314453125,-5330.33056640625
train,5911,-2193.8330078125,-2561.214599609375
train,4825,126.760009765625,339.548095703125
train,2613,-2743.7958984375,-2794.620361328125
train,3040,-3094.35205078125,-3484.27001953125
train,4143,733.119873046875,525.621826171875
train,6479,-4823.52294921875,-4803.8671875
train,5767,-1769.171142578125,-1885.7608642578125
train,1730,-998.8330078125,-955.985107421875
train,1607,-6292.1689453125,-6522.22265625
train,3679,-7128.9677734375,-7312.291015625
train,174,-10061.9580078125,-10033.927734375
train,3130,-2190.76611328125,-2160.6591796875
train,1699,-1609.7080078125,-1992.464111328125
train,4436,-6318.44287109375,-6609.69091796875
train,2027,-11438.7412109375,-11530.35546875
train,4230,-4699.009765625,-4724.3916015625
train,4850,-2524.261962890625,-1981.598876953125
train,3542,-3662.54296875,-3489.12060546875
train,4183,-4768.3369140625,-4397.22705078125
train,5575,-10138.2041015625,-10085.447265625
train,5277,-1513.651123046875,-1395.103759765625
train,5689,-2781.972900390625,-2739.69482421875
train,4281,2439.202880859375,2071.513427734375
train,1227,-9928.2001953125,-9493.171875
train,4719,-5657.53076171875,-5702.7578125
train,5151,-1225.010986328125,-1326.935791015625
train,2576,-2675.9599609375,-2612.23583984375
train,2092,-3668.81103515625,-3812.11572265625
train,4596,-2035.6669921875,-2197.97412109375
train,1141,-7420.2880859375,-7142.6025390625
train,167,-1457.5,-1085.190185546875
train,2728,-1852.4739990234375,-1650.1087646484375
train,5149,-5126.0341796875,-5198.2578125
train,2161,-3567.39208984375,-3706.549072265625
train,5329,-4281.0927734375,-4226.015625
train,5549,-5635.2041015625,-5330.47900390625
train,4972,-1109.406005859375,-419.577880859375
train,5078,-5557.1572265625,-5566.431640625
train,3644,-2211.02587890625,-2634.812255859375
train,1717,-7239.75,-7291.73828125
train,3272,-6892.01513671875,-6860.54541015625
train,983,-6603.60302734375,-6487.8671875
train,354,-2846.8740234375,-3367.72265625
train,4962,-211.297119140625,-390.684326171875
train,5874,-3043.787109375,-2836.5126953125
train,5695,-237.955078125,-213.241943359375
train,368,-1677.5430908203125,-1699.198974609375
train,2954,-2554.64208984375,-1576.822998046875
train,5234,644.635986328125,846.554931640625
train,32,3189.383056640625,2578.370849609375
train,5613,-3573.76806640625,-3354.24658203125
train,1282,-6306.21923828125,-6679.876953125
train,5205,-2629.489013671875,-2728.8779296875
train,1099,-4032.60107421875,-3994.490966796875
train,3604,-7750.1259765625,-7795.6572265625
train,4764,-1910.4859619140625,-1842.8599853515625
train,456,-5371.94287109375,-5879.67919921875
train,5961,-2052.666015625,-2139.10888671875
train,866,-2578.823974609375,-2251.1650390625
train,4418,-3306.64599609375,-3433.95458984375
train,4877,-5169.9189453125,-5479.5478515625
train,5156,-2465.666015625,-2930.85498046875
train,3906,-5639.9130859375,-5531.4853515625
train,4473,-5881.326171875,-5576.67431640625
train,1438,-1154.386962890625,-847.777099609375
train,3843,-4430.93896484375,-4637.05712890625
train,5591,-7831.2353515625,-8677.64453125
train,4582,426.55908203125,689.885986328125
train,5825,2010.145263671875,1528.721435546875
train,2650,-5966.94677734375,-6057.88818359375
train,4144,-3300.68701171875,-3346.3076171875
train,455,-7021.740234375,-7036.552734375
train,2015,-3143.694091796875,-4426.53369140625
train,2400,-8630.1357421875,-8551.70703125
train,6497,-9290.216796875,-9184.43359375
train,4568,-1301.756103515625,-1719.361083984375
train,4496,-3236.368896484375,-3544.375244140625
train,5965,-1933.8809814453125,-2219.63232421875
train,3333,-4598.94482421875,-4712.4912109375
train,5289,-2179.9150390625,-2030.6317138671875
train,1414,-5680.88818359375,-5809.2705078125
train,3162,-6541.7451171875,-6533.556640625
train,1840,-3265.84912109375,-3180.738525390625
train,6353,-6188.10107421875,-6050.83251953125
train,4476,-3785.424072265625,-3202.417236328125
train,435,-3462.5810546875,-2830.037841796875
train,3650,455.575927734375,130.222900390625
train,5804,-4544.40380859375,-4716.5615234375
train,1745,-1745.5689697265625,-1812.0927734375
train,2094,-5206.130859375,-4692.76708984375
train,5941,-2224.87890625,-2478.80029296875
train,4100,-4145.7919921875,-3704.86865234375
train,3137,-4427.4541015625,-3906.04541015625
train,4904,-5096.9150390625,-5274.6787109375
train,195,-7186.8125,-7504.59326171875
train,3986,1578.626220703125,1306.164306640625
train,3671,-6859.5126953125,-6648.02783203125
train,3666,527.614990234375,223.645263671875
train,643,-2876.27392578125,-2657.942626953125
train,3042,-3079.9599609375,-3137.13427734375
train,1066,-2349.64794921875,-2649.314453125
train,5817,-1152.829833984375,-1934.2574462890625
train,2911,-1296.590087890625,-1455.141357421875
train,2880,-4159.416015625,-3763.969970703125
train,6416,431.973876953125,743.626220703125
train,6116,1632.299560546875,829.060302734375
train,5072,-89.97607421875,-424.2421875
train,5586,-9664.1826171875,-9135.4931640625
train,2385,-5294.69091796875,-5057.205078125
train,6038,-4610.505859375,-4995.35107421875
train,2710,-3603.35107421875,-3501.06201171875
train,150,-7410.84521484375,-8055.1494140625
train,1791,-2152.12109375,-2011.8375244140625
train,5166,-887.339111328125,-845.4736328125
train,1409,-478.9150390625,-596.549072265625
train,5047,-1453.64697265625,-1860.726806640625
train,927,663.340087890625,430.381591796875
train,5290,-5452.5498046875,-5207.34423828125
train,5609,-297.25390625,-821.619384765625
train,42,-2421.618896484375,-2489.09716796875
train,806,-5902.009765625,-5844.779296875
train,1324,-5589.14013671875,-5757.1318359375
train,3932,-4721.2177734375,-4701.59912109375
train,6159,-4113.3798828125,-3996.68701171875
train,5256,-6093.0732421875,-6231.49267578125
train,3938,-4240.5361328125,-4077.185546875
train,6324,2377.533935546875,1368.951904296875
train,5975,-5521.0732421875,-5430.7646484375
train,5300,-670.638916015625,-844.458740234375
train,1456,519.667236328125,837.690673828125
train,4261,-5855.76806640625,-5669.419921875
train,3499,-3101.449951171875,-2786.5498046875
train,6341,-5446.9658203125,-4341.2685546875
train,3570,-7024.6513671875,-6622.345703125
train,4243,-6221.744140625,-5827.484375
train,1984,140.1611328125,-163.986328125
train,6452,-1240.593017578125,-1040.0087890625
train,4241,-8629.1767578125,-8270.279296875
train,965,-2173.533935546875,-2015.3948974609375
train,19,-3520.444091796875,-4214.22802734375
train,6043,-6638.1328125,-6579.93115234375
train,4039,-7003.03515625,-7058.2021484375
train,5512,-181.174072265625,-1058.88330078125
train,1191,-4536.01806640625,-4526.435546875
train,3214,-8660.8251953125,-8691.294921875
train,4096,-6399.73486328125,-5852.974609375
train,792,-4882.7099609375,-5039.8388671875
train,419,-4209.68017578125,-3934.52490234375
train,4377,697.385009765625,223.878662109375
train,2446,-1123.817138671875,-1368.08642578125
train,6340,-4623.2490234375,-4125.8388671875
train,1356,-2900.9580078125,-2980.922607421875
train,4249,-2810.10595703125,-2999.60205078125
train,6411,-8284.6865234375,-8414.8642578125
train,238,-5497.47119140625,-5495.39892578125
train,1958,-4975.13720703125,-4944.65478515625
train,2327,-1464.22705078125,-1473.8251953125
train,5107,-5162.544921875,-4874.05615234375
train,1157,-1169.06201171875,-1252.238525390625
train,1230,-7586.84716796875,-7266.65869140625
train,2437,-2810.862060546875,-3079.44775390625
train,2947,-5476.56884765625,-5669.646484375
train,3766,-1890.4119873046875,-1113.37890625
train,1999,-4198.73291015625,-4230.44921875
train,1168,779.490966796875,568.130615234375
train,6555,1766.611083984375,1460.283935546875
train,348,-4273.7880859375,-4081.346435546875
train,3182,-457.37890625,95.829345703125
train,778,-1861.030029296875,-1682.9608154296875
train,4872,-1556.112060546875,-1462.6875
train,4761,-8066.791015625,-8428.3046875
train,6296,-4699.3818359375,-4976.7890625
train,400,-2514.761962890625,-3000.20654296875
train,2175,-4259.19482421875,-3551.951416015625
train,4768,-1631.54296875,-1198.685302734375
train,4399,-3515.5830078125,-3988.181640625
train,5120,-4501.5439453125,-4573.82666015625
train,5855,1433.216064453125,811.140869140625
train,5065,-5486.1728515625,-5320.671875
train,6157,-398.593994140625,-685.388916015625
train,3924,-5546.9599609375,-5712.4189453125
train,3169,-3662.123046875,-3625.99609375
train,6512,-1984.5380859375,-2414.973876953125
train,1816,-896.681884765625,-1016.841796875
train,1747,-4177.53515625,-4187.7255859375
train,877,-5165.94482421875,-5325.322265625
train,4333,-2120.669921875,-2036.5419921875
train,6048,-4073.533935546875,-4843.16455078125
train,4216,-1023.05908203125,-1080.614501953125
train,681,-2981.947998046875,-2763.410888671875
train,1707,-4401.77001953125,-4266.44287109375
train,4826,-2463.341064453125,-2328.230224609375
train,1774,-6018.9501953125,-6430.8369140625
train,2951,-3471.60302734375,-3533.221923828125
train,1325,-1952.968994140625,-1948.4765625
train,3204,-1701.5980224609375,-1407.777099609375
train,425,-7807.404296875,-8202.6220703125
train,5676,-5861.5517578125,-6133.76953125
train,453,-2539.48193359375,-1945.970703125
train,6096,-5629.27001953125,-5813.0009765625
train,4875,-5928.1591796875,-5855.9736328125
train,2916,-8267.9892578125,-7920.515625
train,2553,-1037.82470703125,-1008.6025390625
train,4906,265.448974609375,133.997802734375
train,4698,-2807.076904296875,-2540.01904296875
train,290,-7531.1171875,-7694.2119140625
train,5958,340.277099609375,-209.935302734375
train,1636,-1542.920166015625,-2067.192138671875
train,72,-4901.93310546875,-4013.447998046875
train,631,-488.575927734375,-971.245849609375
train,1612,-152.821044921875,-860.392333984375
train,1446,-4597.7880859375,-4224.5400390625
train,1850,353.48388671875,-349.39599609375
train,127,-5941.22119140625,-5570.52880859375
train,3444,-2486.23095703125,-2137.0791015625
train,2796,-345.674072265625,-555.28564453125
train,2901,-4540.751953125,-4217.72119140625
train,5271,-7312.658203125,-7120.43212890625
train,3615,-5042.47900390625,-4945.79296875
train,2300,-3643.7939453125,-3594.761474609375
train,4566,-6799.77490234375,-6899.9609375
train,956,698.253173828125,492.797607421875
train,6420,-3317.576904296875,-2758.60009765625
train,349,-5867.4951171875,-5682.013671875
train,2973,-6585.73388671875,-6773.18310546875
train,4713,-2871.263916015625,-2760.728759765625
train,1713,-4655.72900390625,-4559.14794921875
train,3629,-5465.85302734375,-5347.8974609375
train,4790,-2859.73291015625,-2795.390625
train,3934,46.6298828125,104.624267578125
train,5119,1163.714111328125,822.218994140625
train,5226,-2127.988037109375,-1732.0489501953125
train,1345,-3104.262939453125,-2910.290771484375
train,982,-1561.9150390625,-1856.6856689453125
train,5766,-2336.14306640625,-2132.0078125
train,5225,-2726.18994140625,-2547.173828125
train,6553,-2547.31201171875,-2018.6602783203125
train,2013,-2429.43701171875,-2474.99462890625
train,3835,-60.2548828125,-545.27197265625
train,3058,80.333984375,589.025634765625
train,2871,-2063.90087890625,-1632.622802734375
train,880,-6262.3359375,-6446.63623046875
train,5292,216.656982421875,-112.58056640625
train,763,-5459.60595703125,-5886.365234375
train,729,-5964.39404296875,-6104.19921875
train,5578,-3469.318115234375,-3116.60107421875
train,3892,-6157.041015625,-6115.955078125
train,5887,-4276.81591796875,-3493.263427734375
train,1693,-6866.4638671875,-6534.05712890625
train,1092,-4783.37109375,-4416.09228515625
train,1436,-4071.4541015625,-4112.7783203125
train,3994,562.164794921875,165.814697265625
train,551,-6781.2138671875,-6681.322265625
train,4325,-6683.97607421875,-6904.01123046875
train,5861,-4483.0087890625,-4091.955810546875
train,4417,-3348.552001953125,-3185.537353515625
train,3534,-5452.86083984375,-5587.23291015625
train,5810,-8199.0634765625,-8295.3427734375
train,5281,-5236.72119140625,-4960.34765625
train,5629,-6268.56787109375,-6248.03564453125
train,6544,-2938.943115234375,-2228.76953125
train,1645,-2977.822998046875,-2966.150634765625
train,1291,-2136.7529296875,-2151.889404296875
train,5784,-3195.844970703125,-2889.0068359375
train,5171,-5833.908203125,-5975.583984375
train,2824,-7425.787109375,-7044.927734375
train,1025,-4485.73095703125,-4603.13720703125
train,2399,-4765.1708984375,-4703.142578125
train,4950,145.82421875,-274.408935546875
train,2048,-7324.919921875,-7046.0546875
train,522,-2695.39599609375,-2347.338623046875
train,4057,-1473.286865234375,-1545.102783203125
train,418,-2792.139892578125,-2757.759765625
train,452,-2208.011962890625,-2391.09326171875
train,1312,-2418.044921875,-2407.33154296875
train,2144,-3444.44189453125,-4003.048095703125
train,6466,-5566.64794921875,-5918.8759765625
train,996,-7751.6904296875,-7158.4892578125
train,4338,-2933.8291015625,-2882.41943359375
train,3972,-8010.8232421875,-8287.326171875
train,612,-3528.221923828125,-3161.83349609375
train,5312,65.397705078125,-302.231201171875
train,6537,-3448.488037109375,-3759.72509765625
train,1682,-4161.26806640625,-4345.88525390625
train,1144,705.678955078125,386.045654296875
train,2021,-8025.47265625,-8074.333984375
train,2639,-4240.67919921875,-4160.0810546875
train,2159,-6343.298828125,-6086.189453125
train,3985,-5603.205078125,-5629.078125
train,1047,-3623.236083984375,-3235.281494140625
train,3160,-2630.701904296875,-2431.21630859375
train,1493,-2276.632080078125,-2034.4288330078125
train,2741,-3388.7080078125,-3339.9267578125
train,2160,-6715.88623046875,-5856.1787109375
train,4290,-2068.31591796875,-2076.972412109375
train,3077,-3367.5,-3414.3994140625
train,6239,-3867.919921875,-3767.48974609375
train,2259,-2021.524169921875,-1484.330078125
train,1009,-3795.055908203125,-3932.905029296875
train,6391,-3859.242919921875,-4258.0771484375
train,3411,-1935.5970458984375,-1894.7066650390625
train,3815,-2125.591064453125,-1866.12109375
train,341,231.44189453125,232.9677734375
train,5481,-1021.802978515625,-1240.98291015625
train,6554,-1090.849853515625,-1236.007080078125
train,1097,-1142.47900390625,-1217.2822265625
train,3995,-2424.297119140625,-1841.73974609375
train,2782,-524.588134765625,-845.3837890625
train,1238,-8361.3583984375,-8709.876953125
train,2419,-5575.29296875,-5852.2431640625
train,3373,-4142.416015625,-3588.484375
train,3753,-2384.284912109375,-2032.4365234375
train,2277,-4332.546875,-4668.75390625
train,1867,-677.535888671875,-940.345703125
train,2047,-5688.1572265625,-5967.7724609375
train,5582,-2611.910888671875,-2787.92333984375
train,5698,-5447.67578125,-5337.83203125
train,3175,-11.68603515625,-120.46630859375
train,2370,337.364990234375,239.67431640625
train,4296,-3966.333984375,-3635.555908203125
train,1695,-5872.73876953125,-6020.3095703125
train,2212,-6942.1640625,-6855.0908203125
train,5983,-4629.48388671875,-4563.4892578125
train,1071,-4824.22900390625,-4994.72216796875
train,1813,-5231.259765625,-5509.11279296875
train,775,-3024.718017578125,-3117.4453125
train,2544,-3842.916015625,-4008.3828125
train,3300,-2455.31201171875,-2722.683349609375
train,2883,-4715.375,-5305.01611328125
train,3369,-878.27001953125,-1286.610595703125
train,3927,-2580.05908203125,-2107.532470703125
train,2434,-5116.0498046875,-4739.2890625
train,1055,-5624.19189453125,-5333.486328125
train,2068,-7042.06396484375,-7317.8095703125
train,223,-6351.248046875,-5568.8671875
train,5699,-6361.15478515625,-6559.34716796875
train,409,-6437.365234375,-6851.39208984375
train,6302,-209.76123046875,-184.87060546875
train,4004,-110.2041015625,474.020751953125
train,6169,-7364.119140625,-7809.6865234375
train,2813,-9407.4951171875,-9365.9677734375
train,1122,-4458.43408203125,-4662.23828125
train,1103,-2343.388916015625,-2764.96630859375
train,4752,-1701.6820068359375,-2128.658203125
train,4021,-6380.9931640625,-6714.72802734375
train,6149,-412.167724609375,-240.919921875
train,362,-1308.884033203125,-1348.895751953125
train,5268,-5868.09716796875,-6349.81005859375
train,6293,-1396.531982421875,-1310.686279296875
train,2889,-2207.114990234375,-2336.36572265625
train,5116,-3723.625,-3532.9287109375
train,3877,-3696.426025390625,-3358.818359375
train,3643,-5739.89697265625,-5806.599609375
train,1563,-1792.81298828125,-1721.6893310546875
train,1096,-2290.40087890625,-2073.82421875
train,234,-4541.830078125,-4279.169921875
train,6122,-2911.85205078125,-2818.16455078125
train,2597,-2402.172119140625,-2504.6298828125
train,3998,795.049072265625,552.923095703125
train,6242,-371.72998046875,-624.24951171875
train,3131,-2023.001953125,-1655.1103515625
train,117,-1513.2080078125,-1882.525146484375
train,3812,-4284.10888671875,-4464.61083984375
train,2105,-3307.39697265625,-2982.08056640625
train,4839,-6628.39111328125,-6460.70263671875
train,497,-4324.8408203125,-4346.00390625
train,3907,-5039.09912109375,-5248.18994140625
train,995,602.536865234375,331.793701171875
train,5947,-4805.93017578125,-4035.57275390625
train,6125,412.51904296875,-491.506591796875
train,1021,-2545.9208984375,-2227.692138671875
train,907,-9251.0693359375,-8326.1376953125
train,5335,1357.506103515625,1461.868408203125
train,392,-5981.44580078125,-5462.8642578125
train,1857,-2534.135009765625,-2625.46923828125
train,940,-2048.339111328125,-1879.4207763671875
train,186,-8527.96484375,-7741.9970703125
train,6355,-3284.110107421875,-3549.618896484375
train,769,-7203.6748046875,-7177.10205078125
train,4357,-3474.575927734375,-3778.705322265625
train,332,-7511.7451171875,-7557.36376953125
train,6037,-3454.116943359375,-3570.58837890625
train,871,-7065.09619140625,-7159.943359375
train,5525,-2499.18994140625,-2882.731689453125
train,1063,-5510.73291015625,-5794.361328125
train,6496,-5274.9072265625,-5288.15966796875
train,5265,-2429.862060546875,-1987.5469970703125
train,2485,-351.984375,-285.307861328125
train,178,-4010.125,-3995.11279296875
train,429,-699.260009765625,-826.198486328125
train,1149,-5741.77880859375,-5662.544921875
train,5621,-3032.3369140625,-2719.36328125
train,1830,-5789.98291015625,-6259.982421875
train,2920,-6695.091796875,-6976.609375
train,4897,-6085.71484375,-6065.630859375
train,5970,-3991.676025390625,-3550.219482421875
train,5125,-6743.5537109375,-6485.6123046875
train,5074,-6943.005859375,-6613.7939453125
train,4214,-6722.76220703125,-5862.40380859375
train,4076,-4317.19091796875,-4654.388671875
train,4304,-5904.162109375,-5669.87109375
train,3278,-5568.6611328125,-5934.2236328125
train,1478,-6481.005859375,-6050.4140625
train,5880,-1557.649169921875,-1844.2232666015625
train,537,-4454.671875,-4298.671875
train,514,-3502.592041015625,-2700.115966796875
train,3127,-1926.614990234375,-1587.734130859375
train,4796,-5885.6572265625,-5814.80078125
train,172,-3635.31591796875,-3448.091064453125
train,604,-3230.01611328125,-3000.3046875
train,2985,-3505.326904296875,-2950.499755859375
train,777,-2948.756103515625,-2443.4521484375
train,5950,-3746.740966796875,-3190.197265625
train,3314,-6110.23291015625,-6503.62548828125
train,4579,-1829.8179931640625,-1840.5595703125
train,3519,-2365.157958984375,-2031.088134765625
train,5694,-3694.51611328125,-3725.574462890625
train,5111,2079.153076171875,1751.591064453125
train,4957,-6025.98291015625,-6351.466796875
train,3296,-8219.2275390625,-8065.3681640625
train,5760,-4581.20703125,-4367.4453125
train,4827,-4418.39990234375,-4363.12744140625
train,5163,-10192.681640625,-10464.6376953125
train,3103,-6741.47412109375,-6614.9541015625
train,5652,-5572.462890625,-5867.9189453125
train,6451,-4993.35205078125,-4035.91845703125
train,2134,-49.6298828125,18.190185546875
train,656,-7606.7548828125,-7730.890625
train,1821,-6663.6728515625,-6956.05419921875
train,4575,-1484.879150390625,-1763.166015625
train,3602,-9140.0,-9368.0771484375
train,1760,-5219.30810546875,-5141.64306640625
train,4788,-4349.1669921875,-3879.539306640625
train,248,-3802.297119140625,-4015.115478515625
train,2143,-3879.465087890625,-3754.3564453125
train,4011,-3808.22607421875,-3741.412841796875
train,5697,-7309.2470703125,-7033.3203125
train,3920,-5151.77392578125,-5438.8994140625
train,1267,-1124.254150390625,-1541.9267578125
train,2516,-10207.7265625,-9977.4658203125
train,4311,-3822.156982421875,-3555.84130859375
train,3486,-4987.80322265625,-4409.45849609375
train,3235,-700.364013671875,-1025.19384765625
train,6541,-3934.89697265625,-3577.797119140625
train,540,-4599.27587890625,-4319.56787109375
train,3041,-2867.4990234375,-3234.294677734375
train,3336,-4847.69287109375,-5120.3173828125
train,2745,-1479.7490234375,-1529.333984375
train,4446,-5648.9638671875,-5801.9228515625
train,278,-153.209716796875,-59.4814453125
train,6472,-2428.761962890625,-2332.7451171875
train,3717,-3853.8330078125,-3709.577880859375
train,3015,-7114.02294921875,-6693.8583984375
train,2341,-2094.01611328125,-2250.841064453125
train,6162,-3027.23193359375,-2878.400390625
train,1884,-1433.196044921875,-1889.4613037109375
train,5017,-5536.74609375,-4810.720703125
train,1375,-3560.219970703125,-3889.56591796875
train,4472,-6284.56787109375,-6517.38671875
train,2907,-3622.550048828125,-3395.612060546875
train,1859,-8248.7880859375,-7982.6650390625
train,2771,-169.493896484375,-70.146240234375
train,5288,-683.2529296875,-1056.032958984375
train,1199,-5866.47119140625,-5751.828125
train,1653,265.65771484375,-131.31103515625
train,730,-4914.125,-4343.8017578125
train,3177,-2501.39892578125,-2964.187744140625
train,420,-2823.537109375,-2685.812744140625
train,3806,-2251.448974609375,-2307.7861328125
train,6298,1174.493896484375,635.897705078125
train,2834,-4905.72802734375,-5219.23828125
train,1803,-2706.388916015625,-2578.01220703125
train,6212,-5733.88623046875,-6070.43310546875
train,5732,-719.39697265625,-651.4482421875
train,5441,-984.196044921875,-876.829345703125
train,5974,-4209.9169921875,-4414.04638671875
train,2223,-8709.37890625,-8664.3857421875
train,4772,-5681.3369140625,-5760.67041015625
train,2661,-6208.18017578125,-6075.41650390625
train,5580,-3230.43505859375,-3516.5322265625
train,1792,506.077880859375,478.873779296875
train,3795,-2226.5009765625,-2209.77099609375
train,166,-309.521240234375,-642.7783203125
train,4626,-2939.702880859375,-3179.882080078125
train,4829,-5911.751953125,-5789.166015625
train,1865,-3045.784912109375,-2792.95751953125
train,6017,-8197.2275390625,-7624.6142578125
train,5132,-6557.62890625,-6346.0625
train,2676,-4212.716796875,-4319.98779296875
train,3958,-1947.177001953125,-2276.56494140625
train,6200,1874.921142578125,1589.903564453125
train,4766,-6635.8828125,-6516.11474609375
train,4668,-3389.64990234375,-2866.807373046875
train,6244,-2341.302978515625,-2142.546875
train,4944,-5188.5,-5046.40673828125
train,5605,-1203.177978515625,-1194.685546875
train,2467,-6351.51611328125,-6652.578125
train,1308,439.76904296875,160.671630859375
train,2112,-5117.77978515625,-5277.2744140625
train,2049,-8420.4912109375,-8470.892578125
train,3215,-9032.9970703125,-8926.615234375
train,2203,-4052.580078125,-3965.22509765625
train,1391,-3676.284912109375,-3701.6494140625
train,2270,-3042.99609375,-2863.08740234375
train,6216,-8321.2412109375,-7907.404296875
train,2162,-615.931884765625,-735.082763671875
train,5758,-3648.9580078125,-3494.403076171875
train,5361,-4869.9208984375,-4800.7685546875
train,289,-5147.52685546875,-5613.662109375
train,4052,-3637.297119140625,-3227.926025390625
train,1543,-2620.14697265625,-2612.2177734375
train,920,-561.26123046875,-884.12451171875
train,6102,789.598876953125,604.642822265625
train,2844,-4037.23193359375,-3942.40576171875
train,2166,-1247.642822265625,-1540.4814453125
train,3763,-4023.068115234375,-3498.35888671875
train,1378,-4207.39892578125,-4172.47119140625
train,70,-1162.97900390625,-1137.198974609375
train,1095,-6225.33203125,-6085.17724609375
train,3510,275.417236328125,734.273681640625
train,381,-7610.763671875,-7625.4912109375
train,629,-3796.97412109375,-3562.3466796875
train,3856,-4502.39306640625,-4928.3203125
train,1466,-7975.1962890625,-7612.708984375
train,5230,-5966.73388671875,-5706.5634765625
train,4378,-2517.299072265625,-2288.519775390625
train,3729,346.681884765625,197.60693359375
train,292,-2952.10888671875,-2870.41357421875
train,1276,-2156.904052734375,-1860.992431640625
train,1634,-5577.5087890625,-6098.0166015625
train,4619,1719.139892578125,1094.491455078125
train,2125,-6753.3095703125,-6494.12890625
train,4061,-3556.89892578125,-3224.48486328125
train,6210,-3563.493896484375,-3587.888671875
train,1912,-7692.642578125,-7358.0654296875
train,1639,2006.527587890625,1474.249267578125
train,3960,-3834.81494140625,-3506.486572265625
train,1951,971.363037109375,793.029052734375
train,1939,-657.715087890625,593.693603515625
train,755,-1882.125,-1971.7757568359375
train,5942,948.376220703125,920.208740234375
train,6347,-2030.3360595703125,-2015.4234619140625
train,4171,1864.597900390625,1258.147705078125
train,3521,119.973876953125,-193.93017578125
train,5921,-1798.6639404296875,-2556.87548828125
train,6380,434.656982421875,-297.441162109375
train,5552,-5567.40380859375,-5474.1572265625
train,265,-6297.470703125,-6391.482421875
train,2323,686.481201171875,316.852294921875
train,501,-2125.381103515625,-2382.298828125
train,896,-5978.6171875,-5889.37255859375
train,3861,-4584.37109375,-3908.49267578125
train,2064,-5673.5068359375,-6213.36181640625
train,3966,-1861.8399658203125,-2182.05712890625
train,2384,-7115.67578125,-7280.8486328125
train,2822,-7001.728515625,-7261.2373046875
train,3437,70.729736328125,-178.044677734375
train,4888,-2482.7939453125,-2253.54541015625
train,6433,-3117.240966796875,-3314.826171875
train,3669,-2674.43603515625,-2804.6201171875
train,34,-6358.68896484375,-6463.02294921875
train,8,-5766.375,-5793.6201171875
train,4126,-597.81689453125,-733.021484375
train,5888,-5391.85595703125,-5050.80322265625
train,617,351.64990234375,527.071044921875
train,1960,-7963.015625,-8269.970703125
train,5904,-2796.404052734375,-2876.768310546875
train,4483,-5787.78076171875,-5971.7021484375
train,6283,-4293.23095703125,-4599.8017578125
train,21,-5934.67919921875,-5863.00732421875
train,6344,-1994.6199951171875,-2810.06591796875
train,5244,-4697.4130859375,-4749.08837890625
train,782,-3600.498046875,-3514.347900390625
train,4771,-4314.876953125,-3659.9033203125
train,4322,-6400.662109375,-6366.41015625
train,329,-5823.748046875,-6103.3818359375
train,3513,-7179.06201171875,-6896.6787109375
train,6397,-2987.385986328125,-3063.0302734375
train,6071,-3071.679931640625,-3447.83203125
train,317,1757.404052734375,1646.075927734375
train,6070,-1796.906982421875,-1636.897705078125
train,4468,563.871826171875,440.63330078125
train,488,-5474.23779296875,-5434.630859375
train,398,-6225.3779296875,-6120.97607421875
train,6254,-1633.8570556640625,-1561.719482421875
train,4427,-4611.61376953125,-4378.25341796875
train,1413,-3078.511962890625,-3002.169921875
train,739,-2371.408935546875,-2515.455078125
train,3194,-3272.093994140625,-3061.61474609375
train,3362,-5005.1982421875,-4840.13330078125
train,1038,-5865.05712890625,-5449.5380859375
train,1946,-5292.9189453125,-4980.744140625
train,3517,-2174.72705078125,-2088.447265625
train,4141,-6653.376953125,-6427.6787109375
train,1417,1842.195068359375,1500.388916015625
train,2461,-1261.4560546875,-1597.8726806640625
train,5170,-11774.7783203125,-12087.478515625
train,6103,-3609.15087890625,-3935.819091796875
train,580,-5836.88623046875,-6141.3974609375
train,2206,3491.350341796875,3188.328369140625
train,2006,-6558.7099609375,-7039.060546875
train,4204,-3927.35791015625,-3366.343994140625
train,1766,-10084.6728515625,-9635.95703125
train,5115,-610.5390625,-514.3935546875
train,2034,-2564.860107421875,-2494.27978515625
train,6126,-897.9453125,-740.773681640625
train,2980,1811.965087890625,1655.347412109375
train,2774,536.275146484375,455.648193359375
train,5907,-4498.658203125,-4521.08935546875
train,1590,-4439.9951171875,-4532.2412109375
train,5237,-7123.5859375,-7087.9345703125
train,3561,-5519.40087890625,-6088.6982421875
train,4315,-4171.14892578125,-4563.55322265625
train,492,-3297.31591796875,-3628.278564453125
train,4522,-514.02099609375,-1025.1728515625
train,1554,-5119.69921875,-4926.5771484375
train,4718,-5609.7978515625,-5996.72119140625
train,2668,249.85009765625,286.574951171875
train,651,-1932.9920654296875,-2157.096923828125
train,3941,-8188.591796875,-8082.7509765625
train,2895,-2743.4970703125,-2572.2587890625
train,5333,1054.492919921875,478.683837890625
train,951,-8375.7646484375,-8557.6962890625
train,3738,-6580.80712890625,-6735.90771484375
train,2795,-3291.0830078125,-2812.316650390625
train,5584,-2642.8798828125,-3255.37255859375
train,5462,-3536.739013671875,-3373.826416015625
train,3983,-2883.138916015625,-3214.005126953125
train,5501,-3610.096923828125,-3456.399658203125
train,5567,2664.056884765625,1961.523193359375
train,4637,-1986.1009521484375,-1894.13525390625
train,2109,-6512.0322265625,-7026.654296875
train,2367,-6810.11279296875,-6608.3681640625
train,5691,-4718.8330078125,-4321.37158203125
train,640,-3388.639892578125,-3173.316162109375
train,2977,-6713.22216796875,-6805.154296875
train,5261,-2389.580078125,-2740.94482421875
train,457,-4340.84521484375,-4386.5244140625
train,3365,-7964.380859375,-8244.888671875
train,4043,-2580.125,-2350.50439453125
train,2967,-6021.39990234375,-5646.7890625
train,4009,-4378.1728515625,-4596.34765625
train,762,-5788.505859375,-5836.0322265625
train,3360,-2912.202880859375,-2807.15234375
train,5683,-4575.44921875,-4403.86376953125
train,955,-4649.77685546875,-4474.56494140625
train,1389,-1996.58203125,-2096.59375
train,608,-188.30712890625,-461.548095703125
train,1819,-6643.57177734375,-6938.388671875
train,1359,-4329.208984375,-4121.431640625
train,4611,127.574951171875,453.929443359375
train,1318,-2752.14306640625,-2673.404541015625
train,1208,-6663.833984375,-6426.4013671875
train,2876,-2090.623046875,-2660.56005859375
train,2969,-6406.73388671875,-6004.7431640625
train,6501,-1868.508056640625,-2019.24658203125
train,5733,-6182.31298828125,-6037.08154296875
train,2691,-2012.875,-1884.009765625
train,1012,760.148193359375,302.718017578125
train,1441,-513.359375,-774.08642578125
train,2761,-1243.0849609375,-923.864501953125
train,1597,-5120.13720703125,-5235.01220703125
train,2124,-2387.56201171875,-1683.9515380859375
train,3287,-5313.09912109375,-5408.4677734375
train,2254,-6374.93798828125,-6314.3193359375
train,5547,-3124.14306640625,-3344.439453125
train,4776,-6705.5009765625,-6537.09375
train,3522,1061.609130859375,799.715576171875
train,1329,-1031.93359375,-1376.3173828125
train,6114,888.934814453125,881.938232421875
train,1087,-6663.388671875,-7222.9970703125
train,5725,-5346.0810546875,-4786.328125
train,677,-4858.45703125,-4575.8125
train,1218,-5213.10107421875,-5097.16796875
train,883,-3452.763916015625,-3061.3251953125
train,5044,-5187.18505859375,-5077.5615234375
train,6234,-64.587890625,-12.498291015625
train,5338,-5819.158203125,-5990.892578125
train,1633,-2136.60205078125,-1786.3624267578125
train,3324,-7537.5068359375,-7237.19970703125
train,2388,885.702880859375,461.403564453125
train,4082,-907.324951171875,-1148.76806640625
train,2271,33.31396484375,-224.126708984375
train,5577,-4057.31298828125,-4075.358154296875
train,1382,2007.328857421875,1894.598388671875
train,1367,581.419189453125,-107.781005859375
train,4993,-7675.7421875,-8005.3837890625
train,2851,-3794.47705078125,-4200.34423828125
train,3893,-2091.77197265625,-2246.670654296875
train,4186,-1262.158935546875,-923.996826171875
train,3387,2531.926025390625,1814.934814453125
train,3676,-2397.299072265625,-2299.34912109375
train,2765,-2723.466064453125,-2693.466552734375
train,4262,-1114.614990234375,-1090.304443359375
train,4319,-1592.489013671875,-1552.583251953125
train,2398,-3061.469970703125,-2729.649169921875
train,1620,-3600.12890625,-3336.12353515625
train,6480,-6398.904296875,-5940.6962890625
train,1204,-3159.632080078125,-3205.529296875
train,5521,2483.125244140625,2181.742919921875
train,3059,-3167.264892578125,-3158.9658203125
train,4590,-4912.005859375,-4534.83935546875
train,5931,-2810.62109375,-2254.42333984375
train,2943,-2763.552001953125,-3013.281005859375
train,6002,-4763.03515625,-4295.67138671875
train,4470,-4900.2822265625,-5435.931640625
train,1512,-3098.20703125,-2897.49755859375
train,3564,-2660.3720703125,-2581.4912109375
train,1132,-5523.18310546875,-5365.984375
train,1938,-1201.337158203125,-602.94970703125
train,1175,-4219.203125,-4635.21630859375
train,6014,-4831.92822265625,-4781.798828125
train,810,-2150.633056640625,-2281.20458984375
train,545,-7975.5654296875,-7492.2900390625
train,2151,-1680.89404296875,-1228.05029296875
train,1266,-5404.31689453125,-5297.630859375
train,2578,-2368.097900390625,-2534.78173828125
train,1188,-2969.56591796875,-3199.249755859375
train,4104,-6761.20703125,-6230.7802734375
train,6033,-3391.216064453125,-3196.3896484375
train,4852,-4560.1728515625,-4097.78759765625
train,4227,-15.623046875,-385.63330078125
train,5838,-2843.094970703125,-2560.89794921875
train,158,-5675.34619140625,-5980.263671875
train,2690,-2147.9140625,-2378.86572265625
train,5565,-2888.9970703125,-2994.53759765625
train,4828,-1217.767822265625,-1570.61328125
train,490,-4330.2890625,-4281.15771484375
train,6092,108.190673828125,-301.491455078125
train,6335,-4996.31689453125,-4376.46533203125
train,6229,-7242.98095703125,-7167.626953125
train,2044,-5040.97802734375,-5214.0751953125
train,3089,-160.8291015625,179.632080078125
train,198,-1251.556884765625,-1438.8515625
train,1457,-3550.81103515625,-3147.009765625
train,6127,-6849.68896484375,-6286.1484375
train,3084,-1844.3699951171875,-2206.85693359375
train,5783,-2999.904052734375,-2874.2021484375
train,4833,-1399.944091796875,-1546.19677734375
train,3915,-3016.4189453125,-3077.687744140625
train,1135,257.7041015625,-357.911376953125
train,6213,-5704.4912109375,-5861.6181640625
train,47,-7676.81396484375,-7440.0576171875
train,5987,-6076.716796875,-6171.58544921875
train,430,-2480.06396484375,-1790.6392822265625
train,6515,-4048.449951171875,-4224.845703125
train,2425,-4212.18798828125,-4232.15185546875
train,4744,-3986.471923828125,-3535.61328125
train,5376,-3873.51708984375,-3400.262939453125
train,6152,-3160.748046875,-2950.8759765625
train,5753,-400.7490234375,-524.794921875
train,4691,-3647.033935546875,-3467.7392578125
train,3784,-1282.115966796875,-1123.883544921875
train,404,-2069.7099609375,-2086.70703125
train,3777,-1745.97412109375,-2293.310546875
train,3822,288.639892578125,-95.658935546875
train,1120,-6981.98779296875,-6751.05859375
train,4101,-3610.468994140625,-3220.055419921875
train,4209,-8122.869140625,-8032.6484375
train,5233,-6901.4287109375,-7397.576171875
train,672,-2857.071044921875,-2838.185546875
train,1422,-5240.60107421875,-5458.138671875
train,665,4412.8349609375,3472.527587890625
train,4198,-5326.466796875,-5757.19140625
train,6549,-2192.77880859375,-2009.3951416015625
train,3944,-2528.510009765625,-3150.6220703125
train,4773,-5078.201171875,-5639.775390625
train,1403,-5601.9267578125,-5134.39111328125
train,4656,-853.167724609375,-1032.11279296875
train,4254,-377.008056640625,-19.71484375
train,1509,242.779052734375,242.666748046875
train,2026,786.930908203125,598.030517578125
train,4682,-2382.876953125,-3027.01318359375
train,890,-7499.28515625,-6571.2041015625
train,4759,-3226.423095703125,-2321.510498046875
train,2551,481.574951171875,439.85302734375
train,3592,-2576.784912109375,-2203.155029296875
train,3021,-3198.6259765625,-3485.8173828125
train,5908,-3973.72509765625,-3917.576171875
train,3492,-3009.364013671875,-3148.035400390625
train,3516,-8566.66796875,-8513.03125
train,3019,-1945.866943359375,-2577.2880859375
train,122,-4240.05517578125,-3908.915283203125
train,6288,-1179.906005859375,-865.54833984375
train,1481,-4815.09423828125,-4566.0576171875
train,4774,-4141.72021484375,-4271.95947265625
train,5705,-6778.837890625,-6617.9697265625
train,108,-4494.93603515625,-3755.239990234375
train,3184,-3570.26806640625,-3113.191650390625
train,1896,1312.877197265625,1034.720947265625
train,5703,-4914.40087890625,-5264.251953125
train,5742,-4968.1728515625,-4173.916015625
train,3680,-3579.681884765625,-3364.3818359375
train,4063,-8173.8779296875,-8729.5048828125
train,696,371.43701171875,94.763671875
train,5916,-432.836181640625,-1023.708251953125
train,3258,-7042.80712890625,-7187.3251953125
train,4587,-1965.884033203125,-1814.2130126953125
train,2502,-2934.531005859375,-2808.4248046875
train,683,313.47705078125,183.426513671875
train,699,-8745.6279296875,-9037.7509765625
train,2079,-2865.56494140625,-3040.74609375
train,6536,-1882.7481689453125,-2015.013427734375
train,1894,-3104.632080078125,-3550.654052734375
train,161,-3045.660888671875,-2671.576171875
train,616,-6302.466796875,-6398.3037109375
train,5656,-5161.06103515625,-5160.787109375
train,846,-4858.5517578125,-5405.85400390625
train,169,-2528.501953125,-2437.892822265625
train,6510,-9211.1923828125,-9092.966796875
train,738,-3924.64501953125,-3619.649658203125
train,4111,-2528.10888671875,-2609.855224609375
train,626,-4790.09912109375,-5087.40087890625
train,5439,-7716.38720703125,-7953.0439453125
train,3050,-1805.6070556640625,-1689.1256103515625
train,904,-2686.318115234375,-2278.95361328125
train,5715,-3899.85107421875,-4127.921875
train,5343,-1631.487060546875,-1165.3427734375
train,3951,-4764.7861328125,-4358.935546875
train,4547,-2571.633056640625,-2055.404296875
train,2011,618.597900390625,361.811767578125
train,6299,-6922.89794921875,-7455.0908203125
train,2952,-3634.22509765625,-3595.0791015625
train,5708,-4855.18408203125,-5109.4853515625
train,5984,-2960.430908203125,-2592.93798828125
train,2155,-626.013671875,-772.939697265625
train,6523,56.906005859375,-610.4443359375
train,86,-5488.80810546875,-5513.54931640625
train,5893,-7469.87890625,-7254.208984375
train,3200,-5295.4658203125,-4576.58935546875
train,82,-3856.404052734375,-3872.5908203125
train,5944,-1151.472900390625,-1745.291015625
train,4010,-8630.458984375,-8646.1689453125
train,596,-5345.39599609375,-5009.814453125
train,2470,-3113.347900390625,-2925.02099609375
train,686,-4301.3798828125,-4549.02197265625
train,2246,-3847.510009765625,-3666.42919921875
train,969,-3062.0,-2944.247314453125
train,4431,-5404.255859375,-4970.0390625
train,13,-3422.611083984375,-3596.341064453125
train,2561,-6409.546875,-6849.33740234375
train,2147,-2045.02099609375,-2104.849609375
train,2865,-2565.44091796875,-2309.345703125
train,815,-2392.239013671875,-2079.60546875
train,5597,-4496.65185546875,-4682.4482421875
train,3132,-5522.5517578125,-5110.32763671875
train,274,-4000.343994140625,-3807.67822265625
train,353,-8610.4580078125,-8827.3564453125
train,2733,-1754.4439697265625,-2293.0341796875
train,1644,-3508.344970703125,-3392.35888671875
train,475,1070.324951171875,1405.507080078125
train,4345,-6550.23388671875,-6236.0068359375
train,129,-1106.578857421875,-1035.901123046875
train,954,289.847900390625,-72.251953125
train,4130,-2633.06591796875,-2477.1591796875
train,963,382.76806640625,79.234130859375
train,4225,-7250.52880859375,-7293.8525390625
train,2900,-4592.11376953125,-4616.40185546875
train,2032,-3178.989990234375,-3085.249267578125
train,5986,-2248.156982421875,-2127.52978515625
train,365,-5973.47705078125,-5903.283203125
train,2896,-2097.64208984375,-1769.0118408203125
train,2413,-7231.0390625,-7792.7138671875
train,2140,-4075.556884765625,-3963.309814453125
train,3648,-6182.578125,-6574.966796875
train,3800,-5438.68310546875,-5308.84521484375
train,5251,-6386.39208984375,-6543.92578125
train,448,-3671.952880859375,-3276.28466796875
train,933,-2847.319091796875,-2826.06591796875
train,433,-7166.1953125,-6951.4111328125
train,451,-4183.30322265625,-3933.767333984375
train,4770,-6261.56982421875,-5818.251953125
train,4800,-1727.3228759765625,-2228.421630859375
train,4193,-4140.06201171875,-4017.042236328125
train,1982,-68.260986328125,-130.4384765625
train,1744,-6301.39208984375,-6058.0263671875
train,5260,-2519.77490234375,-2248.95703125
train,5539,-6018.8828125,-5955.7236328125
train,4822,42.5810546875,-835.498779296875
train,2874,-5268.97021484375,-5074.58935546875
train,2945,-2242.4619140625,-2646.61962890625
train,1185,-6738.7158203125,-6556.583984375
train,4273,-5923.46923828125,-5872.3095703125
train,6056,-6958.88818359375,-7237.35546875
train,2705,-1394.193115234375,-1838.4676513671875
train,249,-163.327880859375,-565.449951171875
train,4515,-1259.9560546875,-1579.79833984375
train,212,-5508.81494140625,-5141.94384765625
train,2222,-3261.068115234375,-2775.442138671875
train,6267,-4045.51806640625,-4244.39892578125
train,3826,-6290.2109375,-6493.58935546875
train,4006,-6069.82080078125,-6425.3046875
train,855,1051.967041015625,693.246337890625
train,4175,-4182.6162109375,-4358.7783203125
train,2022,779.323974609375,1105.912841796875
train,2479,-6044.2060546875,-6172.462890625
train,6259,-3933.360107421875,-4093.22900390625
train,3268,-4128.14111328125,-4004.864013671875
train,2176,56.022216796875,74.871337890625
train,3827,-4073.27001953125,-4234.05126953125
train,2826,-4886.0849609375,-4922.62548828125
train,2274,-2320.68603515625,-2144.562744140625
train,99,-93.060302734375,-323.703125
train,3022,-3527.68310546875,-3843.790771484375
train,1585,-8146.826171875,-8241.6591796875
train,3829,-4388.38623046875,-4192.21337890625
train,214,-6459.09814453125,-6411.6484375
train,869,-5497.216796875,-5451.10986328125
train,3579,-6755.412109375,-6242.966796875
train,2465,-181.39599609375,-591.899658203125
train,1892,-3306.51904296875,-3097.115234375
train,31,-6720.65185546875,-7007.171875
train,1843,-1212.732177734375,-1731.1796875
train,6543,-5680.544921875,-5651.1484375
train,3332,-6724.1767578125,-6544.9482421875
train,4995,-5273.9169921875,-6012.63671875
train,38,-3327.946044921875,-3212.38037109375
train,3143,-3630.864990234375,-4286.82470703125
train,2719,-498.009033203125,-413.248779296875
train,743,-2340.51611328125,-1949.8282470703125
train,816,-2311.998046875,-2414.25146484375
train,3585,-1856.6678466796875,-1846.052734375
train,5240,-5048.59716796875,-5224.2333984375
train,5632,-7980.931640625,-8172.08984375
train,2938,-10284.9921875,-9991.4384765625
train,1660,851.661865234375,579.058837890625
train,1615,-3919.943115234375,-3673.739990234375
train,2129,-5635.99609375,-5725.6640625
train,1779,-8334.5859375,-8343.80078125
train,1082,833.625244140625,557.242431640625
train,1899,-6923.9912109375,-6956.4814453125
train,3382,-3453.327880859375,-4327.37158203125
train,3850,11.000732421875,56.817138671875
train,4113,-6439.55615234375,-6223.181640625
train,5180,-1696.3599853515625,-2458.533203125
train,5781,-4688.76611328125,-3641.019287109375
train,6158,-7688.72607421875,-8483.4921875
train,6264,-5091.537109375,-5461.12939453125
train,3905,-1715.255126953125,-1261.530517578125
train,624,-4083.177978515625,-3824.361328125
train,4040,-4869.73583984375,-4386.25146484375
train,17,-2297.796875,-2001.8319091796875
train,4755,-5265.880859375,-5020.572265625
train,3789,-8606.4736328125,-8679.9296875
train,2610,-2157.74365234375,-2085.14013671875
train,1580,-46.23193359375,-37.17529296875
train,6241,-2680.20703125,-2927.2734375
train,3302,-5248.93798828125,-5222.5126953125
train,581,-4343.35986328125,-4339.0078125
train,2065,503.189208984375,263.8115234375
train,1570,205.3291015625,-93.720458984375
train,5709,-2913.409912109375,-3036.7685546875
train,2460,-2939.43701171875,-3219.933349609375
train,5301,-6706.60693359375,-6759.21044921875
train,2558,-3118.343017578125,-2995.94970703125
train,4114,-5671.76708984375,-4793.408203125
train,2902,-1708.2039794921875,-1557.7080078125
train,3176,-2040.7650146484375,-1763.7630615234375
train,3823,-2013.428955078125,-1934.03076171875
train,3841,-3228.68408203125,-2843.728515625
train,4152,-2785.509033203125,-2502.770263671875
train,2627,-5242.615234375,-5479.0810546875
train,1223,-767.300048828125,-918.298095703125
train,3421,-6454.1591796875,-7169.279296875
train,5677,-10521.8671875,-10603.880859375
train,5491,-2537.37890625,-2548.531982421875
train,4232,-1104.8740234375,-1087.390625
train,1048,-4579.158203125,-4325.3115234375
train,980,-1422.661865234375,-1950.0999755859375
train,6022,-2537.72900390625,-2227.1640625
train,4648,1058.409912109375,1746.644287109375
train,4352,-3743.278076171875,-3415.1005859375
train,4620,-729.821044921875,-1189.252685546875
train,6326,-4595.8681640625,-4702.96044921875
train,1854,-6589.7470703125,-6450.431640625
train,2988,-1536.0810546875,-1514.69189453125
train,685,990.863037109375,645.679931640625
train,3703,-4742.01318359375,-4639.13623046875
train,1228,-2399.89208984375,-2699.40283203125
train,3170,-3506.866943359375,-3791.706787109375
train,5025,-5699.380859375,-5627.525390625
train,2305,-1762.1180419921875,-1529.4970703125
train,5304,-2255.699951171875,-1751.0126953125
train,1834,-7218.16796875,-7535.9853515625
train,5112,-2302.81591796875,-2266.46435546875
train,336,-5583.8798828125,-5229.80859375
train,4503,-903.740966796875,-771.952392578125
train,5934,-2897.94091796875,-2750.098388671875
train,1017,-5391.01416015625,-5842.310546875
train,5124,-6310.509765625,-6118.07080078125
train,4834,-4491.35986328125,-4576.94970703125
train,567,-4551.2490234375,-4659.5224609375
train,3774,-2738.304931640625,-2956.0302734375
train,3470,-5226.84814453125,-4856.119140625
train,719,-180.252197265625,-204.583740234375
train,1498,-5614.20703125,-5945.9111328125
train,619,-7577.51611328125,-6676.8076171875
train,2433,-4423.01904296875,-4435.5380859375
train,2017,-1986.5789794921875,-1961.0706787109375
train,1433,-6746.46484375,-6828.0654296875
train,3309,-3672.056884765625,-3684.325439453125
train,6208,-6538.59765625,-6505.40966796875
train,1491,-3705.31005859375,-4087.264404296875
train,5484,-6296.701171875,-5847.3271484375
train,1365,-3387.676025390625,-3255.107421875
train,1465,-4004.22509765625,-4263.5302734375
train,5245,-7892.513671875,-7999.3154296875
train,272,873.714111328125,734.654052734375
train,884,-1451.1259765625,-2118.34716796875
train,6012,-2584.56005859375,-2524.321533203125
train,1490,-1157.382080078125,-822.31201171875
train,4818,-5620.18310546875,-5470.32666015625
train,2283,-74.251953125,-295.467529296875
train,2409,-1041.597900390625,-1116.462158203125
train,359,-5223.60205078125,-5441.337890625
train,1160,-8814.4599609375,-8313.462890625
train,2354,-2026.530029296875,-1941.096435546875
train,4974,-586.4990234375,-726.765380859375
train,6082,-5051.52001953125,-4513.634765625
train,1072,-3542.591064453125,-3184.841796875
train,2750,-5432.1611328125,-5643.8603515625
train,6422,-4798.01220703125,-4583.49169921875
train,857,-747.802001953125,-677.522216796875
train,1918,-5272.94921875,-5092.34228515625
train,6482,-4562.2587890625,-4378.4951171875
train,3206,1045.677978515625,716.097900390625
train,5570,-2254.368896484375,-2053.736328125
train,5222,-2995.5400390625,-2649.987060546875
train,531,-3425.759033203125,-3845.51513671875
train,1930,-2522.708984375,-2494.93408203125
train,1991,-5000.0458984375,-4632.42626953125
train,712,3120.657958984375,2836.667236328125
train,2146,-1923.47802734375,-1773.474365234375
train,1875,-6588.2021484375,-6037.2021484375
train,2538,-4499.9208984375,-4190.0400390625
train,2376,-3720.18701171875,-3824.019775390625
train,3043,-4788.10986328125,-3970.74755859375
train,3227,-5393.7177734375,-5436.55029296875
train,5134,-4140.43115234375,-4140.64208984375
train,735,-1611.1639404296875,-1946.0621337890625
train,1716,-3531.97509765625,-3916.710693359375
train,6201,-2866.43798828125,-3238.677001953125
train,6007,-5551.8720703125,-4962.5498046875
train,3970,-2943.318115234375,-2788.632568359375
train,1944,-264.923095703125,-238.25537109375
train,5041,-5671.97900390625,-5973.5361328125
train,5581,-6339.671875,-6038.11572265625
train,876,-2269.596923828125,-2030.5042724609375
train,5734,-313.252197265625,-18.88232421875
train,3342,-4300.19384765625,-4597.369140625
train,3695,-5407.06298828125,-5037.6220703125
train,4765,-6975.37109375,-7382.1005859375
train,1652,-2960.89111328125,-3113.095703125
train,4415,-3197.154052734375,-3335.3701171875
train,2587,-1687.43701171875,-1542.0244140625
train,1527,-5346.91796875,-5403.78564453125
train,4986,-5240.94921875,-5289.7021484375
train,1330,-6243.958984375,-6651.44140625
train,3082,132.52001953125,-252.513427734375
train,2504,-288.742919921875,-241.21044921875
train,765,-3580.302978515625,-4164.259765625
train,5384,-3886.885009765625,-4084.04541015625
train,1089,-4670.59814453125,-4115.1962890625
train,4308,-2963.322998046875,-3166.488525390625
train,5731,-4721.125,-4411.43798828125
train,709,-3960.553955078125,-3787.80712890625
train,2391,-6772.51806640625,-6434.95703125
train,6294,-8817.794921875,-9114.904296875
train,3544,-6083.12890625,-6178.4951171875
train,3203,-5331.48193359375,-5584.14453125
train,4578,-8344.892578125,-7978.9267578125
train,3008,-4526.7431640625,-4704.42041015625
train,5474,-4937.97802734375,-6071.8798828125
train,1650,460.086181640625,557.718994140625
train,240,-6363.4228515625,-6604.19482421875
train,2040,-2567.094970703125,-2239.238525390625
train,1305,43.950927734375,132.697509765625
train,4274,-1273.487060546875,-990.892578125
train,3503,-3463.56103515625,-3145.10693359375
train,1889,-654.0712890625,-1130.099609375
train,4724,-7900.8974609375,-7489.072265625
train,2928,-5109.0078125,-5075.50732421875
train,2602,-4555.06689453125,-4554.3896484375
train,5316,-1518.535888671875,-1297.062744140625
train,5346,-2914.23388671875,-2993.3798828125
train,73,-926.728759765625,-1413.602294921875
train,5330,-4914.52490234375,-4936.84130859375
train,2091,-926.916015625,-1344.90283203125
train,2321,-7340.14013671875,-7346.650390625
train,5087,-5245.43115234375,-5148.6591796875
train,3269,1953.191650390625,1565.838134765625
train,1574,-458.285888671875,-230.770263671875
train,5345,-4445.9921875,-4201.4853515625
train,5127,-2297.52880859375,-1664.89453125
train,11,679.880126953125,1242.402587890625
train,1171,-2382.0009765625,-2547.879638671875
train,3094,-5093.93896484375,-5105.0302734375
train,2738,-5445.02880859375,-5290.6650390625
train,3897,-7391.466796875,-7688.96875
train,4398,-5419.828125,-5622.751953125
train,2770,-5566.9111328125,-5246.0185546875
train,1879,-950.840087890625,-1151.0576171875
train,6151,127.507080078125,-316.365478515625
train,2324,2440.654052734375,2124.043212890625
train,4286,-1099.305908203125,-1351.81982421875
train,1804,-6204.44921875,-6071.6376953125
train,820,-4722.8291015625,-4829.60302734375
train,1531,1050.043212890625,863.225830078125
train,2603,-6337.48193359375,-6724.349609375
train,2310,-5468.1572265625,-5331.01611328125
train,3210,-6753.544921875,-6871.2646484375
train,2614,115.868896484375,-205.9599609375
train,4348,-10613.7822265625,-9935.0927734375
train,2265,-7913.20703125,-7758.998046875
train,6106,-2823.95703125,-2545.68505859375
train,3779,-3840.888916015625,-3584.600830078125
train,106,-2183.0029296875,-2083.71484375
train,5079,-6496.43408203125,-6733.45849609375
train,2600,-1077.8388671875,-844.333984375
train,4741,-4318.9619140625,-4859.98828125
train,2291,-4881.89990234375,-5088.3115234375
train,5224,-3090.47412109375,-2718.048828125
train,751,-6000.716796875,-5786.08837890625
train,2699,-5325.8779296875,-5284.8837890625
train,4563,-4007.16796875,-3790.159912109375
train,756,-7864.8701171875,-7757.1962890625
train,3266,-2274.1376953125,-1703.4312744140625
train,5337,-4451.97705078125,-4153.08740234375
train,100,-3615.01611328125,-3718.05029296875
train,1129,-1131.6259765625,-1131.61181640625
train,622,-3133.181884765625,-3345.499755859375
train,2128,-6939.7021484375,-7002.6259765625
train,2888,-456.825927734375,-435.95166015625
train,3870,-1921.675048828125,-2207.69384765625
train,6481,-8212.4541015625,-8017.4345703125
train,676,-2316.26611328125,-2729.643798828125
train,5960,-3756.693115234375,-3716.973388671875
train,2200,-4573.99609375,-4587.1611328125
train,4195,-5807.36279296875,-6052.21044921875
train,4931,-6171.07080078125,-6429.6318359375
train,2373,-778.067138671875,-351.484130859375
train,935,-3588.881103515625,-4074.493408203125
train,4285,97.493896484375,173.5517578125
train,3264,843.685791015625,934.706787109375
train,5643,-6427.25390625,-6326.009765625
train,1916,-2841.43505859375,-3199.7578125
train,1599,791.146728515625,212.46728515625
train,4361,-2115.5849609375,-2180.9892578125
train,3026,377.156005859375,177.63232421875
train,3819,-7725.65380859375,-7930.322265625
train,5328,-3431.333984375,-3178.06884765625
train,6266,-1072.182861328125,-1103.49267578125
train,2678,-2106.055908203125,-2155.437744140625
train,2468,-6019.01513671875,-5405.0849609375
train,2584,-9738.4306640625,-9641.1533203125
train,4572,-204.3349609375,-491.916259765625
train,4994,785.781005859375,608.239501953125
train,3013,-463.353271484375,152.521240234375
train,6101,-7483.1708984375,-7441.93505859375
train,2611,-2660.697021484375,-2711.2158203125
train,4740,-8328.83984375,-7883.615234375
train,4642,-5334.35595703125,-4931.03076171875
train,1093,-4635.1201171875,-4284.4013671875
train,441,-2111.511962890625,-2269.61181640625
train,2508,-84.91796875,-19.38720703125
train,4983,-1389.700927734375,-1184.842529296875
train,5592,-3549.610107421875,-3271.87353515625
train,1988,-2826.135986328125,-3034.416748046875
train,1789,-4414.3798828125,-4879.65478515625
train,3526,-2677.4560546875,-2436.349609375
train,2746,-7044.431640625,-7265.95556640625
train,1280,-2719.593994140625,-2598.218994140625
train,6223,-3267.700927734375,-3313.87255859375
train,3412,-5779.7900390625,-6065.8447265625
train,5475,-3054.591064453125,-2501.90576171875
train,6429,-5333.55712890625,-5125.7744140625
train,5948,-1959.8740234375,-1358.762939453125
train,1198,-8471.828125,-8414.392578125
train,2227,-5699.85302734375,-5467.68994140625
train,2872,-4918.81982421875,-4982.1171875
train,3471,-5563.19482421875,-5674.45654296875
train,4914,-7335.77587890625,-7571.4345703125
train,4501,-47.9296875,-195.138427734375
train,133,-3619.3330078125,-3691.676025390625
train,4652,-8120.65625,-8140.7880859375
train,1847,-4727.873046875,-4481.08740234375
train,4548,-2036.43798828125,-2638.027587890625
train,1965,-2708.139892578125,-1960.353515625
train,3104,-1081.650146484375,-1364.20556640625
train,2999,-1331.696044921875,-944.480224609375
train,1221,-6282.02783203125,-6108.1708984375
train,3460,-2907.930908203125,-2484.44775390625
train,3323,-3049.824951171875,-2974.30322265625
train,303,-4496.1318359375,-4567.91943359375
train,1765,-1759.3580322265625,-1816.2987060546875
train,5711,-4158.7080078125,-4115.07470703125
train,4594,-7327.2451171875,-7926.9951171875
train,6110,-4053.948974609375,-4001.014404296875
train,2862,-5084.208984375,-4759.255859375
train,6319,-1678.0400390625,-2020.43359375
train,1346,-1103.153076171875,-1274.272216796875
train,4754,-840.900146484375,-1293.3603515625
train,3653,-6526.81982421875,-6241.0771484375
train,1662,-4728.1328125,-4711.6630859375
train,4854,-4171.7021484375,-3717.510009765625
train,5857,-1317.416015625,-1362.31787109375
train,2221,-2274.6630859375,-2054.932861328125
train,854,-2998.33203125,-3077.119140625
train,1176,-677.192138671875,-128.16015625
train,5618,-8302.337890625,-8254.380859375
train,3252,-4031.958984375,-3862.323486328125
train,807,-1788.427001953125,-1462.093017578125
train,2885,-3433.553955078125,-3776.89404296875
train,6430,-5464.34619140625,-5296.740234375
train,4965,-6215.7568359375,-5411.0009765625
train,5814,-6592.828125,-6619.169921875
train,1236,-8455.6943359375,-8452.05859375
train,5176,828.021728515625,500.137451171875
train,5360,-5747.42822265625,-5363.20166015625
train,2687,-6371.19189453125,-6018.3046875
train,5796,-2527.1220703125,-2136.1123046875
train,142,-444.880126953125,-788.00537109375
train,5472,-8057.703125,-7870.8408203125
train,3190,1275.193115234375,1064.371826171875
train,3903,-986.419921875,-1073.653564453125
train,4813,-4293.82177734375,-4059.541015625
train,3879,-4105.76806640625,-3712.85595703125
train,4474,-2986.77490234375,-2619.9658203125
train,2667,-7814.232421875,-8100.1884765625
train,2326,-4406.00390625,-4229.7919921875
train,2427,-1685.5030517578125,-1970.230224609375
train,6372,-555.549072265625,-807.699951171875
train,3922,-5174.39013671875,-5682.134765625
train,785,-2195.552001953125,-2346.58544921875
train,3631,-7149.85205078125,-6954.421875
train,4289,58.343994140625,2.86572265625
train,4129,-833.235107421875,-723.159423828125
train,1412,-1952.43603515625,-1715.483154296875
train,3435,257.5302734375,236.931640625
train,4320,-6396.44189453125,-6181.5986328125
train,5776,-2709.118896484375,-2915.3076171875
train,6401,-2345.2451171875,-2475.20458984375
train,4990,-9159.994140625,-9093.3623046875
train,5042,-1464.234130859375,-1348.130615234375
train,2273,-537.760009765625,-594.997802734375
train,2867,-5589.2822265625,-5231.6796875
train,2663,-4945.2958984375,-4573.58203125
train,5398,-6481.9951171875,-6576.25390625
train,3344,-7271.8818359375,-7030.54296875
train,5064,-6054.15576171875,-6297.0615234375
train,5602,-7124.5458984375,-6989.630859375
train,4016,-224.860107421875,-831.1806640625
train,2113,2392.318115234375,1828.464111328125
train,1165,-2105.903076171875,-2092.485107421875
train,5012,-3851.468017578125,-4031.174072265625
train,682,-4528.453125,-4690.2060546875
train,4756,-1854.7509765625,-1841.669189453125
train,3685,-985.489013671875,-959.23583984375
train,4326,-1893.85302734375,-1819.1829833984375
train,591,1540.802001953125,998.514892578125
train,2970,-5935.22314453125,-5833.9482421875
train,2968,-8229.015625,-8421.05078125
train,663,-6231.31298828125,-6436.8974609375
train,5821,-3131.62109375,-2997.46435546875
train,1657,-3471.841064453125,-3315.275146484375
train,2711,2761.947509765625,2311.238525390625
train,4369,-2512.35595703125,-2710.8857421875
train,5745,-4415.65380859375,-4388.14501953125
train,207,-3826.698974609375,-3997.523681640625
train,5103,-2696.993896484375,-3104.8056640625
train,3304,-3676.947998046875,-3515.42041015625
train,2093,-3867.87109375,-3558.361328125
train,3569,-3495.27001953125,-3548.860107421875
train,4287,-2571.091064453125,-2590.4599609375
train,2772,-2104.389892578125,-2223.820068359375
train,1226,-5316.7998046875,-5417.74560546875
train,3061,-6967.84814453125,-6433.927734375
train,2247,-5483.9658203125,-5458.6806640625
train,3283,-4092.256103515625,-3506.843505859375
train,4769,-875.68798828125,-1034.010986328125
train,2330,-6833.3818359375,-6855.08447265625
train,1034,-596.424072265625,-542.068603515625
train,2764,-420.06298828125,-72.859619140625
train,3010,-856.893798828125,-1024.983154296875
train,4581,-5095.5859375,-5681.30615234375
train,3939,-1224.378173828125,-890.945068359375
train,4491,-3022.781005859375,-2890.083740234375
train,4767,-2004.8330078125,-2262.50146484375
train,1256,-4429.0361328125,-4180.134765625
train,3702,-3855.43994140625,-4313.50244140625
train,30,-5.054931640625,-97.3212890625
train,88,-880.79833984375,-1133.29345703125
train,3374,-2666.677001953125,-2693.1845703125
train,774,598.229736328125,-17.53857421875
train,4136,-10971.4697265625,-10803.7421875
train,1489,-2834.54296875,-3295.664794921875
train,2177,-533.945068359375,-336.455810546875
train,1917,-5029.794921875,-5132.9619140625
train,5273,-3038.243896484375,-2715.7587890625
train,4389,-5607.30712890625,-5392.04443359375
train,1625,-7516.693359375,-7578.87841796875
train,1044,-7660.0341796875,-7651.4609375
train,3321,-3401.0439453125,-3311.306396484375
train,680,-7722.18896484375,-7714.96728515625
train,5214,-5400.18115234375,-5620.62109375
train,2757,-1702.9429931640625,-1724.1470947265625
train,990,-2302.596923828125,-2661.261962890625
train,3259,-4440.833984375,-4371.810546875
train,1148,-5135.6201171875,-4789.603515625
train,2374,-3009.4541015625,-3336.89892578125
train,3674,742.911865234375,675.340576171875
train,5982,-38.8720703125,-181.4990234375
train,4201,-6541.93017578125,-6251.7431640625
train,237,-1198.288818359375,-1130.55859375
train,3614,-1049.911865234375,-1344.08837890625
train,3664,-4703.462890625,-4224.34130859375
train,5274,-6339.0927734375,-6799.3017578125
train,2930,-201.4970703125,-503.519775390625
train,6004,-6356.9580078125,-6713.42724609375
train,654,-2835.7890625,-3089.496337890625
train,3239,-2994.366943359375,-3560.826171875
train,4894,-6801.1337890625,-7071.43994140625
train,2956,-1724.531982421875,-1597.7490234375
train,4031,-8539.19921875,-8258.6455078125
train,499,-3419.1279296875,-3164.294921875
train,2658,-3221.720947265625,-3168.287109375
train,6141,-4056.201904296875,-4116.9833984375
train,3964,-2882.881103515625,-2374.3779296875
train,1022,-6310.2470703125,-6201.34033203125
train,2061,-6088.708984375,-6231.68701171875
train,3959,-2602.1640625,-2883.971435546875
train,3746,-5302.576171875,-5439.041015625
train,3633,-1957.27392578125,-1522.338623046875
train,5313,-7096.55908203125,-6866.7275390625
train,6060,-4231.94921875,-4588.3779296875
train,4945,-6108.61083984375,-6036.2900390625
train,6180,-1260.451904296875,-1613.1954345703125
train,4933,-6474.5859375,-6160.8349609375
train,3468,-8402.6787109375,-8622.28515625
train,6552,-3156.591064453125,-3346.889404296875
train,2652,-5509.48291015625,-4684.22314453125
train,4456,-4356.68408203125,-4740.81201171875
train,2722,-119.622802734375,-723.009521484375
train,3262,-1382.802978515625,-1349.0048828125
train,131,92.955078125,-35.0107421875
train,1402,-3107.781005859375,-2809.53173828125
train,3255,-2479.8779296875,-2688.89501953125
train,4610,-379.20068359375,-419.822998046875
train,3404,-5804.01513671875,-5737.853515625
train,3280,-6681.798828125,-6741.43408203125
train,2302,-7462.8408203125,-7074.896484375
train,4625,-8421.7578125,-8204.375
train,3755,-4512.708984375,-4926.64111328125
train,1945,1983.572021484375,1952.900634765625
train,3305,-4284.205078125,-3592.28515625
train,5515,-4055.633056640625,-3688.296630859375
train,4984,-1135.404052734375,-1669.038330078125
train,2926,133.248046875,-373.59033203125
train,3974,-3001.260009765625,-3223.200927734375
train,2431,-3375.580078125,-3377.358154296875
train,4421,-2855.077880859375,-2684.85693359375
train,1302,-8684.9873046875,-9204.2509765625
train,4248,-3163.98388671875,-2969.976318359375
train,3677,-8460.625,-8053.3408203125
train,2233,-6168.0908203125,-6028.32421875
train,4125,-3338.80908203125,-2962.606201171875
train,768,-3860.844970703125,-3605.405029296875
train,4077,-3887.260009765625,-4297.42626953125
train,2039,-2257.553955078125,-2241.43798828125
train,176,-2160.48095703125,-2333.63232421875
train,5040,1469.593994140625,826.304931640625
train,9,-5735.31787109375,-6174.9375
train,1121,-6960.6162109375,-6521.677734375
train,2684,-2172.986083984375,-2353.449462890625
train,3992,-1744.22900390625,-2068.02587890625
train,6289,354.39306640625,93.927490234375
train,1663,-2575.77294921875,-3039.890869140625
train,3867,-4094.035888671875,-4374.82421875
train,1085,-3756.672119140625,-3640.984375
train,5993,-5682.55908203125,-5435.09765625
train,1772,-2688.9208984375,-2644.045166015625
train,2016,-2142.14306640625,-1895.460205078125
train,1001,-2155.89404296875,-2299.6884765625
train,4443,-6128.14013671875,-5997.2724609375
train,1996,-6093.46923828125,-6750.4609375
train,3291,-1704.0360107421875,-1761.934326171875
train,6044,-5994.55322265625,-6156.6181640625
train,1888,1506.928955078125,1593.197998046875
train,385,-2363.2080078125,-2624.1005859375
train,1105,-1578.569091796875,-1976.4010009765625
train,1152,-1652.7149658203125,-1848.2125244140625
train,4245,-715.745849609375,-166.81787109375
train,1124,-2827.81494140625,-2758.3916015625
train,5207,-1939.55517578125,-2142.28759765625
train,2850,-3337.071044921875,-3367.37353515625
train,3100,-4695.9072265625,-4110.54931640625
train,1853,118.090087890625,119.204345703125
train,3937,-6395.3330078125,-6530.7255859375
train,4525,-5814.615234375,-5360.30419921875
train,5239,-4785.61376953125,-4895.970703125
train,4343,-4069.10009765625,-4116.0576171875
train,1503,-1074.739013671875,-885.612548828125
train,3353,-7547.0380859375,-7038.033203125
train,2640,-2610.27490234375,-2532.908203125
train,2840,-2563.0439453125,-2294.5625
train,578,-450.546875,71.134033203125
train,2118,-2721.175048828125,-2682.27587890625
train,5564,-5809.81884765625,-5613.43359375
train,458,-1600.66796875,-2033.8338623046875
train,6099,-6583.9521484375,-7025.080078125
train,5845,-3711.910888671875,-3181.918212890625
train,4504,218.220947265625,27.93896484375
train,5236,-2585.028076171875,-2402.61279296875
train,4705,-3556.364013671875,-3586.041748046875
train,2293,-5041.208984375,-4580.44091796875
train,2932,-3605.31396484375,-3261.3681640625
train,5377,-3540.385986328125,-3502.103759765625
train,377,-4483.01611328125,-4401.5458984375
train,1380,-3811.50390625,-4167.9736328125
train,1711,-4805.54296875,-4759.9404296875
train,6490,-2107.033203125,-1854.4014892578125
train,5187,-108.113037109375,104.45458984375
train,6284,-2289.568115234375,-2339.04638671875
train,3153,-1559.344970703125,-2221.87939453125
train,2723,-8159.45703125,-8047.9609375
train,1008,976.695068359375,579.579345703125
train,6069,-4210.5087890625,-4337.28369140625
train,5827,-2806.547119140625,-2796.199462890625
train,1714,-6681.0556640625,-6165.22998046875
train,865,-4435.65087890625,-4463.40234375
train,6003,-1161.920166015625,-1715.965087890625
train,3854,-5559.98095703125,-4699.376953125
train,3352,-2784.403076171875,-2517.123046875
train,4835,-5492.6220703125,-5367.0537109375
train,1052,-3148.9208984375,-3293.153564453125
train,4423,-1157.909912109375,-1046.744384765625
train,879,-7341.271484375,-7021.71435546875
train,1519,-11430.83203125,-11597.5126953125
train,3707,-6931.02685546875,-7155.22314453125
train,3875,-2825.68701171875,-2861.81298828125
train,1852,-3917.908935546875,-3647.182861328125
train,4545,-174.654052734375,-357.185791015625
train,5638,-2535.712890625,-2746.92431640625
train,5270,-6774.81689453125,-6446.2470703125
train,1686,-2958.633056640625,-2747.240234375
train,560,-9182.697265625,-9250.2119140625
train,3639,-5485.43310546875,-5085.53125
train,6379,-4180.6171875,-4342.3193359375
train,2596,-6032.591796875,-6376.306640625
train,4481,-8777.8251953125,-8762.7783203125
train,1053,-6284.06201171875,-6178.505859375
train,4019,-1293.968994140625,-844.709716796875
train,5255,-8314.3310546875,-7642.1845703125
train,6339,-3350.069091796875,-3096.32373046875
train,2783,-2785.912109375,-3324.2080078125
train,853,-5267.455078125,-5660.02978515625
train,6447,-5147.73388671875,-5120.54345703125
train,5754,-4205.3740234375,-4309.271484375
train,75,-4437.72509765625,-4318.31005859375
train,4179,-2728.72412109375,-2557.7373046875
train,5364,-5900.85009765625,-5740.431640625
train,4809,671.090087890625,265.406494140625
train,6303,-2862.3740234375,-2744.942626953125
train,5106,-10935.84375,-10871.451171875
train,59,-9531.228515625,-9403.7099609375
train,512,-10494.892578125,-9952.0693359375
train,2481,-5970.1328125,-5930.19921875
train,6286,-4217.14892578125,-4530.40576171875
train,2309,-4258.7587890625,-3992.306884765625
train,6356,-3095.72705078125,-2627.10595703125
train,573,-6536.625,-6840.42333984375
train,4811,-3461.0791015625,-3399.76904296875
train,244,-5561.43505859375,-5713.595703125
train,5522,-3327.89599609375,-3332.7158203125
train,2264,-7408.81884765625,-7619.3173828125
train,3801,-5086.130859375,-4597.0078125
train,2594,-1806.2640380859375,-1852.1656494140625
train,3862,-4225.533203125,-4212.310546875
train,408,-1656.8580322265625,-1592.649169921875
train,3069,-1788.1890869140625,-2132.6767578125
train,6285,1956.306884765625,1597.639892578125
train,1694,-5669.7890625,-5845.1298828125
train,2484,-2056.93896484375,-1636.06103515625
train,5488,-4782.8232421875,-4286.857421875
train,1054,-2876.55908203125,-2689.657470703125
train,6167,-4635.97802734375,-4272.4638671875
train,2575,-3502.428955078125,-2979.699951171875
train,4694,-3842.590087890625,-3757.81298828125
train,2955,-1442.3759765625,-1159.24658203125
train,3572,-1677.9139404296875,-1281.428466796875
train,593,-6417.48388671875,-6106.7421875
train,6321,-5136.5478515625,-4424.091796875
train,3636,-2641.14501953125,-2911.957763671875
train,1514,519.616943359375,-177.890625
train,2338,-3539.89697265625,-3411.207763671875
train,4715,-8239.3876953125,-8246.9912109375
train,5747,-3232.193115234375,-3233.7158203125
train,4485,-3213.7099609375,-3217.993896484375
train,2748,-7196.87109375,-7132.1669921875
train,1518,-563.3310546875,-767.981201171875
train,5572,-3224.56396484375,-3356.552734375
train,639,-2355.64892578125,-1856.1641845703125
train,3539,-709.60302734375,-1004.679931640625
train,3749,175.531005859375,2.366455078125
train,2052,192.930908203125,31.600830078125
train,2780,-950.583984375,-773.22265625
train,286,-4711.11181640625,-4949.2685546875
train,3645,-4415.2919921875,-4536.4638671875
train,1118,519.008056640625,640.705810546875
train,6049,-5523.6279296875,-5755.517578125
train,1444,-6349.89501953125,-6066.453125
train,5651,-5798.41015625,-5665.7109375
train,2939,-5350.52587890625,-5214.66162109375
train,5276,-5170.35498046875,-4686.0791015625
train,4953,94.095947265625,-432.858642578125
train,1074,-5303.55322265625,-5102.4580078125
train,773,-3819.012939453125,-4279.75439453125
train,2601,-5273.5888671875,-6024.6298828125
train,3548,-5143.01416015625,-4873.0322265625
train,2716,-2968.449951171875,-3147.345458984375
train,6067,-981.11474609375,-624.258544921875
train,5940,-5772.27587890625,-5249.12548828125
train,6535,-5788.16796875,-5736.87548828125
train,5340,-2695.340087890625,-2205.96533203125
train,5792,-7693.97705078125,-7703.0244140625
train,1758,-2262.467041015625,-2422.530029296875
train,326,-7620.64794921875,-7379.91357421875
train,2311,-3715.488037109375,-3801.052978515625
train,2857,-6804.85986328125,-6391.263671875
train,3832,-2332.819091796875,-2392.894287109375
train,825,-4700.68798828125,-4773.357421875
train,1895,-3490.326904296875,-3982.54541015625
train,4426,-1870.711181640625,-1995.9427490234375
train,6495,-5547.69189453125,-5675.06982421875
train,3768,-6726.001953125,-7021.38525390625
train,5956,-1356.652099609375,-1732.2744140625
train,5762,-4122.869140625,-4089.7021484375
train,470,-3161.489990234375,-3226.111083984375
train,5393,-5816.60888671875,-5860.0576171875
train,6462,-4664.85009765625,-4988.2724609375
train,6504,-349.299072265625,-567.613525390625
train,2940,-1217.850830078125,-1082.726318359375
train,3427,-1134.671142578125,-1138.251220703125
train,6077,-6065.06005859375,-6278.794921875
train,5058,-3344.9951171875,-2596.034912109375
train,5454,-2913.881103515625,-2593.29541015625
train,2881,-8050.2373046875,-7928.115234375
train,1862,-4662.81494140625,-4482.3212890625
train,1070,236.1708984375,323.13427734375
train,5311,-4520.82177734375,-4322.46435546875
train,538,-4619.06982421875,-4439.7236328125
train,2542,-2505.90087890625,-2505.9169921875
train,1638,-6432.25,-6937.2373046875
train,2563,-2409.56201171875,-2177.9814453125
train,4433,-2580.548095703125,-2632.841064453125
train,1704,772.232177734375,328.09814453125
train,1593,-4329.27001953125,-4317.361328125
train,495,-7725.47998046875,-7994.08203125
train,5953,-4836.080078125,-4546.72265625
train,3222,-1631.9990234375,-1554.458984375
train,5453,-1686.91796875,-1280.595703125
train,2815,-3217.408935546875,-3103.17236328125
train,6051,-1501.864990234375,-1334.909423828125
train,1822,-519.615966796875,-1342.640869140625
train,3463,-7463.2431640625,-7765.7109375
train,5394,-6628.2529296875,-6464.6748046875
train,3178,-854.196044921875,-689.529052734375
train,3556,-1901.35498046875,-1667.4598388671875
train,5735,-3856.072998046875,-4324.724609375
train,2289,-5280.14013671875,-5297.4697265625
train,6089,-4590.4267578125,-4469.84521484375
train,3080,-4463.93408203125,-4146.0517578125
train,3963,-2187.53515625,-1909.098876953125
train,3498,28.866943359375,-448.47802734375
train,4938,-2531.346923828125,-2321.7998046875
train,255,-831.624267578125,-890.023193359375
train,3930,-2673.6220703125,-2445.53759765625
train,6186,-1169.524169921875,-688.73681640625
train,1196,-1911.447021484375,-1662.4610595703125
train,6015,-4683.1240234375,-4490.12744140625
train,1849,-4320.22998046875,-4975.84228515625
train,1475,-6753.18896484375,-6292.298828125
train,1224,-7937.1728515625,-7440.62890625
train,1525,-1838.6739501953125,-1643.3870849609375
train,1586,-2615.511962890625,-2496.234375
train,4893,-3431.156005859375,-3194.90283203125
train,625,-2807.14404296875,-2552.16845703125
train,1147,-3839.132080078125,-3934.072998046875
train,4531,-5660.5751953125,-5879.22802734375
train,6156,1359.501220703125,631.431884765625
train,832,1927.966064453125,1854.768798828125
train,614,-2609.386962890625,-3035.7626953125
train,2870,-3303.965087890625,-3375.8447265625
train,3887,596.344970703125,218.425048828125
train,2244,-2474.636962890625,-2674.154541015625
train,5867,-5231.51123046875,-4890.49951171875
train,5101,-2360.384033203125,-2506.90380859375
train,4070,-8191.771484375,-8435.7880859375
train,6204,-3946.15087890625,-3554.29345703125
train,800,-9035.1435546875,-9290.9912109375
train,3350,-2982.85009765625,-2914.822265625
train,1443,-3102.64990234375,-2941.383056640625
train,3196,-689.057861328125,-1206.437255859375
train,2139,-3205.8359375,-3065.70703125
train,1856,-6828.93115234375,-6816.19580078125
train,4354,-2957.757080078125,-2929.408935546875
train,3565,-5239.64892578125,-5114.26513671875
train,4758,-1418.989990234375,-1179.479248046875
train,6034,-3902.68505859375,-3978.29833984375
train,4267,-3552.760009765625,-3407.779052734375
train,3752,-8034.091796875,-7798.6533203125
train,1485,-5269.423828125,-5161.2587890625
train,5654,-242.27392578125,-753.4638671875
train,5868,-8520.015625,-8347.4072265625
train,498,-6118.89306640625,-5978.2822265625
train,257,53.06103515625,-419.184326171875
train,101,-3605.760009765625,-3516.794189453125
train,5930,-2698.216064453125,-2733.0244140625
train,1685,-780.223876953125,-804.315673828125
train,5379,-5638.80712890625,-5495.4921875
train,5616,-3132.344970703125,-2858.3671875
train,3968,-1912.9100341796875,-1884.5211181640625
train,3838,-5335.60400390625,-4917.41162109375
train,1712,1440.964111328125,1322.353759765625
train,461,-7910.361328125,-7265.2900390625
train,5598,-4787.4619140625,-4411.267578125
train,2567,-4726.533203125,-5473.5263671875
train,6132,-721.721923828125,-1166.2861328125
train,3424,-290.035888671875,-409.990478515625
train,2463,-5795.8759765625,-5739.0078125
train,5495,-6932.06884765625,-7283.2890625
train,5083,-3466.452880859375,-2882.9677734375
train,1084,-1977.6259765625,-2287.268798828125
train,3845,2582.877197265625,2231.220458984375
train,2987,-3101.198974609375,-3366.25927734375
train,687,-3723.257080078125,-4202.716796875
train,4146,-5632.85498046875,-6030.1103515625
train,3165,238.843017578125,212.014892578125
train,185,-1792.9769287109375,-1967.1202392578125
train,6465,-5480.69921875,-5452.59521484375
train,2077,-4017.221923828125,-3079.2333984375
train,1372,-5709.10888671875,-5572.57470703125
train,5946,-2695.34912109375,-2775.08984375
train,4918,-4041.533935546875,-4397.14794921875
train,267,-1807.1689453125,-1848.0823974609375
train,5430,503.072998046875,852.056884765625
train,4256,-3110.376953125,-2992.244140625
train,1323,-2883.64306640625,-3094.416015625
train,5973,-3184.943115234375,-2786.801025390625
train,6192,-354.9599609375,-266.93896484375
train,695,-1326.489013671875,-1223.67138671875
train,635,-3902.14697265625,-3431.664306640625
train,2286,-6841.02001953125,-6652.287109375
train,2086,-8590.83984375,-8793.4775390625
train,1470,-4949.0380859375,-4528.23583984375
train,3115,-5233.26611328125,-5020.62158203125
train,4876,-3794.10498046875,-3703.253662109375
train,4779,-6799.251953125,-7015.5205078125
train,3145,-8246.013671875,-7885.23046875
train,5081,1211.007080078125,1276.683349609375
train,1431,-1454.197998046875,-1732.1541748046875
train,3837,-892.547119140625,-1147.99560546875
train,6329,-6078.71484375,-6491.2138671875
train,5902,-3812.2890625,-3777.661376953125
train,5600,-2870.30810546875,-2793.2373046875
train,6202,748.428955078125,767.426025390625
train,3065,-6787.34423828125,-6708.93310546875
train,3686,-7109.9111328125,-7066.8291015625
train,5614,-1583.246826171875,-1430.862548828125
train,4591,2388.717041015625,1649.341064453125
train,2527,-3606.68408203125,-3140.5380859375
train,5414,-1336.468994140625,-1366.654296875
train,3483,-7135.22607421875,-7012.048828125
train,3809,-5007.2548828125,-4886.65380859375
train,1702,-5768.7587890625,-5491.17578125
train,1785,-1433.33203125,-1172.97802734375
train,1455,-1450.594970703125,-1464.131591796875
train,5287,-3667.365966796875,-3050.86572265625
train,6502,-4291.8759765625,-4332.072265625
train,1969,-4384.18505859375,-4217.29052734375
train,943,-521.2939453125,-433.2998046875
train,2704,-4490.59716796875,-4530.4462890625
train,2590,-2977.965087890625,-2831.854736328125
train,4392,-3397.137939453125,-3414.547119140625
train,3110,-3623.342041015625,-3576.158447265625
train,3540,-2083.2119140625,-1787.793212890625
train,6373,-6117.55322265625,-6297.0615234375
train,6551,-4806.6328125,-4022.971923828125
train,2655,-1404.278076171875,-1469.480712890625
train,6154,-3728.43603515625,-3687.76708984375
train,3181,-2643.095947265625,-2669.8076171875
train,1666,-2378.884033203125,-2386.486572265625
train,1362,-6335.27734375,-6095.181640625
train,2972,-4665.1982421875,-4764.00634765625
train,5997,-6675.69384765625,-6497.3251953125
train,1651,-6136.68310546875,-5807.8193359375
train,4122,-6152.36279296875,-6233.18505859375
train,273,-1727.7769775390625,-2032.77685546875
train,5009,-3220.0390625,-3216.30078125
train,3117,-2996.447021484375,-2987.340087890625
train,5030,-1806.5069580078125,-1755.9324951171875
train,1059,-3952.033935546875,-3970.16259765625
train,4312,-5777.2939453125,-5520.26025390625
train,5989,-5250.6669921875,-4980.541015625
train,3039,-4535.64208984375,-4140.796875
train,2386,-1830.302978515625,-1831.7288818359375
train,4760,-6178.34912109375,-6883.33935546875
train,6382,804.478759765625,405.255859375
train,3886,-4132.6728515625,-4596.59521484375
train,6035,-6079.22216796875,-6111.900390625
train,4588,-2832.031005859375,-2570.43408203125
train,2517,-4360.48583984375,-4155.6494140625
train,5743,-6381.9580078125,-6401.927734375
train,1107,-7196.81982421875,-6786.28466796875
train,4845,-5927.80615234375,-5863.3115234375
train,5076,-3366.47607421875,-3245.615234375
train,2713,-948.26708984375,-1119.279541015625
train,6517,-3149.40087890625,-2928.706298828125
train,3429,-3617.089111328125,-3863.874755859375
train,4659,-4187.9931640625,-4169.69287109375
train,3619,-2516.740966796875,-2307.587890625
train,4812,-1533.128173828125,-1439.545166015625
train,6509,-4997.47705078125,-4904.21875
train,50,-7730.0810546875,-7626.8544921875
train,5595,-4868.77978515625,-4648.85693359375
train,157,-2136.41796875,-2096.818359375
train,2063,-2546.889892578125,-2658.53271484375
train,6147,-6236.31005859375,-6207.935546875
train,1357,-2861.39111328125,-2367.6513671875
train,2855,687.358154296875,798.193603515625
train,2638,-4971.33984375,-4747.5263671875
train,641,-2429.381103515625,-2572.10107421875
train,3480,-425.513916015625,-690.31689453125
train,444,-2924.924072265625,-3035.17138671875
train,1231,-3043.805908203125,-2792.47509765625
train,3868,-6573.2041015625,-6275.32861328125
train,4370,-4759.740234375,-4437.9501953125
train,5569,-406.4541015625,-806.74072265625
train,1910,-1992.553955078125,-1761.609619140625
train,6396,-5790.31298828125,-5808.482421875
train,3366,-7662.67919921875,-7313.23193359375
train,343,-2883.970947265625,-2840.693115234375
train,2089,-275.973876953125,-245.944580078125
train,45,-3479.613037109375,-3060.891845703125
train,786,-8953.826171875,-9012.8564453125
train,2852,-3055.7529296875,-3379.227294921875
train,5148,-8626.71484375,-7616.8037109375
train,5936,-3222.37109375,-3171.760986328125
train,1363,-1909.198974609375,-1770.6092529296875
train,2879,-5574.9111328125,-5648.021484375
train,536,-2005.883056640625,-1902.976318359375
train,6020,-4652.47119140625,-4657.25927734375
train,3191,-10197.2373046875,-10206.5244140625
train,516,-5773.56103515625,-6013.849609375
train,6171,-6865.21484375,-6954.92578125
train,1972,-4365.41015625,-4415.01904296875
train,2914,-4492.9619140625,-4943.38427734375
train,321,-8095.7294921875,-7985.08203125
train,5158,-3580.69091796875,-3805.802978515625
train,2760,-4738.1318359375,-4337.59521484375
train,4384,-719.533935546875,-1272.29443359375
train,5416,-3824.362060546875,-3763.367919921875
train,1307,-6946.02978515625,-7281.32080078125
train,3060,298.9541015625,28.687255859375
train,3479,-3355.910888671875,-3417.0087890625
train,6278,-7515.60595703125,-7367.17333984375
train,5720,-10224.7265625,-10112.9755859375
train,788,903.931884765625,964.098876953125
train,804,-1486.3759765625,-2400.47119140625
train,1461,-6549.5341796875,-6322.27880859375
train,1725,-1439.1689453125,-1393.03857421875
train,1250,-6017.8251953125,-5879.2587890625
train,2717,-1768.0260009765625,-1707.6832275390625
train,5428,742.309814453125,504.203369140625
train,3311,-2775.77490234375,-2490.95849609375
train,2368,-2115.905029296875,-2203.3154296875
train,4482,-7174.701171875,-7158.326171875
train,1260,-9493.3974609375,-8411.21875
train,5779,-3985.462890625,-3485.79638671875
train,5183,-2933.39208984375,-2198.9736328125
train,3251,-3884.472900390625,-4382.54052734375
train,2731,-6534.4345703125,-6527.556640625
train,5991,1030.552978515625,630.263916015625
train,2090,-2392.488037109375,-2146.728515625
train,2644,398.802001953125,295.34814453125
train,6398,-5094.85595703125,-5004.35400390625
train,3072,-2791.4990234375,-2523.33740234375
train,6030,-3596.8740234375,-3175.916015625
train,132,-6053.68798828125,-6550.83349609375
train,915,-6073.8271484375,-6089.0478515625
train,2197,-4116.43408203125,-3693.504150390625
train,2410,-10053.88671875,-9893.4345703125
train,6129,-9972.345703125,-10140.71484375
train,126,-3576.035888671875,-3231.69189453125
train,5331,1845.124267578125,1457.499755859375
train,6526,-2140.4169921875,-2389.8759765625
train,1777,-3166.2060546875,-2852.201416015625
train,4484,-2143.784912109375,-2089.025634765625
train,4180,1198.210205078125,906.192626953125
train,5927,-791.010009765625,-936.026123046875
train,506,-4404.7822265625,-4136.83349609375
train,4569,-4773.03515625,-4910.8544921875
train,2183,-4175.173828125,-4011.654541015625
train,2624,-7758.23828125,-6864.177734375
train,5764,-1391.2099609375,-1448.99951171875
train,2262,-2676.3740234375,-2603.478515625
train,957,317.662841796875,171.927734375
train,4215,-5364.97119140625,-5664.22119140625
train,3171,653.359130859375,176.27587890625
train,4870,-8905.701171875,-9343.625
train,2702,-1478.116943359375,-1621.1541748046875
train,6432,-7684.02294921875,-7984.87890625
train,3957,271.74169921875,151.165283203125
train,6118,-2756.8720703125,-2878.275390625
train,1701,-1895.0670166015625,-2157.19580078125
train,3155,-4075.010009765625,-4365.884765625
train,6025,-6644.953125,-6849.88037109375
train,4840,-3438.2939453125,-3311.7841796875
train,668,-5219.93603515625,-4879.568359375
train,5473,-842.47998046875,-943.76611328125
train,3839,-5661.15380859375,-5708.23974609375
train,5774,-2981.571044921875,-2696.1943359375
train,3391,-8433.9931640625,-8567.44140625
train,2023,-2000.678955078125,-2212.65283203125
train,1030,-7652.958984375,-7146.33837890625
train,1880,-2784.22802734375,-3108.866455078125
train,6166,-2397.157958984375,-2340.21630859375
train,1949,-4464.3681640625,-4419.92138671875
train,594,-1659.998046875,-1586.367919921875
train,2831,-3467.428955078125,-3621.52490234375
train,4041,512.834228515625,171.83447265625
train,2074,-6818.626953125,-6726.55615234375
train,1743,-2231.319091796875,-2293.02294921875
train,1799,-952.5703125,-544.138916015625
train,2301,-6885.59423828125,-7044.84912109375
train,3286,-1079.490966796875,-1121.8779296875
train,3399,-4482.01806640625,-3968.50146484375
train,615,910.386962890625,832.336669921875
train,140,882.613037109375,206.12890625
train,4444,1134.068115234375,862.352783203125
train,1437,-2133.28271484375,-1983.163818359375
train,3489,-6110.251953125,-5753.2119140625
train,4567,-2937.18896484375,-2842.92724609375
train,5001,-4444.7587890625,-4639.97412109375
train,5604,-4516.6240234375,-3889.200927734375
train,3899,-2829.260009765625,-2789.341064453125
train,5768,-3231.964111328125,-2480.091796875
train,264,-7026.18994140625,-6628.63427734375
train,3727,-2265.43603515625,-2373.85498046875
train,2100,-3162.076904296875,-3067.701904296875
train,2845,-3277.76708984375,-2898.81103515625
train,3853,-2923.903076171875,-2898.9033203125
train,2417,-2927.76708984375,-3267.02783203125
train,529,-2747.097900390625,-2709.442138671875
train,1881,1003.961181640625,405.858642578125
train,4794,-1704.467041015625,-1362.480712890625
train,1992,-5210.35205078125,-5413.30517578125
train,2287,-3159.169921875,-2902.880615234375
train,463,-2843.403076171875,-2870.3056640625
train,4614,-4950.7080078125,-4586.3427734375
train,5998,-5443.10400390625,-5595.59521484375
train,2480,-3052.580078125,-3338.58984375
train,1868,-5399.046875,-5325.0283203125
train,421,-6590.326171875,-6086.6630859375
train,5354,-11068.125,-10781.009765625
train,4549,-4435.505859375,-4391.83154296875
train,5095,-4144.22900390625,-3710.5439453125
train,3627,-3783.383056640625,-3807.598876953125
train,4551,-7774.716796875,-7673.01953125
train,5419,-4423.18408203125,-3857.79296875
train,4555,-6270.130859375,-5447.7685546875
train,4599,-7156.984375,-6910.11083984375
train,4316,936.620849609375,634.707275390625
train,2014,-4136.18701171875,-4135.9013671875
train,2167,-6940.216796875,-6798.8740234375
train,5121,-3919.340087890625,-3981.66162109375
train,526,-5274.03515625,-5117.03515625
train,5352,-4628.59814453125,-4875.38720703125
train,281,-1720.4539794921875,-1726.6644287109375
train,1877,-7310.52001953125,-7104.9853515625
train,3704,-3833.326904296875,-3557.906005859375
train,3724,-4633.48193359375,-4949.96044921875
train,5897,-2360.14306640625,-2129.54052734375
train,4635,-5786.52685546875,-5588.2265625
train,1445,-1421.214111328125,-1935.536376953125
train,3079,-2101.669921875,-1953.34765625
train,829,-3654.529052734375,-3708.775634765625
train,5421,140.783935546875,295.9599609375
train,311,-3086.6640625,-2757.37109375
train,2042,-9709.5302734375,-9774.3505859375
train,3890,-1307.989990234375,-872.60888671875
train,3442,-1594.862060546875,-2017.3448486328125
train,5450,-1908.5799560546875,-1568.295166015625
train,1286,-841.072998046875,-981.9775390625
train,4,-8498.607421875,-8022.087890625
train,114,-5325.35986328125,-4974.3359375
train,5962,-5685.0419921875,-5931.466796875
train,2238,-1585.470947265625,-1809.3421630859375
train,2674,-6064.375,-6182.455078125
train,217,-4352.72802734375,-4573.23291015625
train,5216,-4704.0,-4756.0048828125
train,2531,-3511.7041015625,-3592.84033203125
train,68,-4073.843994140625,-4209.20703125
train,2721,-4365.47998046875,-4807.55712890625
train,3820,-4465.15576171875,-4918.2744140625
train,4857,-6897.56201171875,-6603.6650390625
train,3714,-300.923095703125,-311.818115234375
train,5679,-559.68603515625,-568.439208984375
train,2931,-3910.52587890625,-3579.117431640625
train,1839,174.366943359375,-32.375732421875
train,2114,-3276.31396484375,-3316.09423828125
train,2432,-4500.93994140625,-4295.1328125
train,393,-4032.041015625,-4197.7724609375
train,4884,-3282.412109375,-2934.7626953125
train,1449,-2242.487060546875,-2209.2197265625
train,5765,-732.341064453125,-373.2998046875
train,4461,-1873.9169921875,-1908.7919921875
train,4589,331.675048828125,17.44677734375
train,3158,-5199.453125,-4741.0302734375
train,6187,-8102.8916015625,-7913.7197265625
train,6471,-2420.180908203125,-2203.0712890625
train,5068,-5018.14111328125,-5226.5390625
train,4151,-5736.3291015625,-5477.74365234375
train,4073,-2896.0390625,-2789.8681640625
train,5050,-1546.0830078125,-1883.6759033203125
train,3859,-7014.48095703125,-7032.53125
train,3346,-4473.40478515625,-4048.70751953125
train,2082,-2128.694091796875,-2101.37548828125
train,3599,123.578125,391.20068359375
train,1297,-6299.81982421875,-5609.1826171875
train,6079,-6140.671875,-5842.7724609375
train,1088,-4896.2099609375,-4659.466796875
train,5710,-574.135986328125,60.164794921875
train,2029,-6170.43798828125,-6492.4951171875
train,4032,-4661.90380859375,-4709.41357421875
train,78,-2880.366943359375,-2847.85791015625
train,2181,466.388916015625,359.6376953125
train,3294,-6344.31298828125,-6011.333984375
train,298,1343.533935546875,1255.149169921875
train,3718,-309.10205078125,-144.6787109375
train,3736,-4843.9560546875,-4585.009765625
train,296,-2233.876953125,-1911.6492919921875
train,821,-6477.94091796875,-6681.1015625
train,3712,-3460.655029296875,-2708.38671875
train,2382,-287.6650390625,553.724365234375
train,2609,-2093.47216796875,-1403.31298828125
train,937,-5424.09716796875,-5128.49658203125
train,3388,-5081.787109375,-5168.49755859375
train,2802,-3069.662109375,-2681.86962890625
train,4602,-2242.698974609375,-2062.08349609375
train,3052,-3584.445068359375,-3305.565185546875
train,5589,-5309.466796875,-5440.71923828125
train,310,-4963.421875,-4765.4580078125
train,1190,-3657.4169921875,-3818.157958984375
train,116,-2868.093017578125,-2889.746826171875
train,5840,-2802.294921875,-2641.332763671875
train,4131,-904.654052734375,-1679.61962890625
train,3723,-7295.6240234375,-7806.51953125
train,1264,-3264.56689453125,-3101.259765625
train,250,-8820.6826171875,-8774.0234375
train,5871,-2160.583984375,-2178.40771484375
train,706,-4614.80078125,-4042.42822265625
train,3462,368.68994140625,311.536865234375
train,1720,-6600.51416015625,-6298.4296875
train,3386,-3884.993896484375,-3296.1533203125
train,4116,-3749.490966796875,-3709.451416015625
train,3121,-2761.159912109375,-2711.60009765625
train,5641,-6274.51318359375,-6012.0263671875
train,439,-2035.0660400390625,-2159.50537109375
train,3405,-4633.73583984375,-4449.17333984375
train,2261,-1524.701904296875,-1159.3916015625
train,4291,-2578.72705078125,-2820.488525390625
train,481,-5101.93408203125,-5563.6640625
train,1909,-1732.1409912109375,-1650.8243408203125
train,4270,-3309.656005859375,-3595.585205078125
train,2766,-2155.7900390625,-2065.35302734375
train,565,-8691.69140625,-8235.6259765625
train,2472,-5752.5859375,-5853.2275390625
train,4628,-2911.1298828125,-2407.52294921875
train,1113,-3933.239013671875,-4203.375
train,1469,-2510.24609375,-2557.3544921875
train,1428,-8818.556640625,-8635.7109375
train,339,-7585.2861328125,-7340.3779296875
train,3925,-3891.739990234375,-4211.5126953125
train,3071,-1231.60205078125,-1307.114501953125
train,5067,-8463.9990234375,-8827.0576171875
train,5684,-1041.364013671875,-1305.802001953125
train,6312,910.885009765625,950.957763671875
train,4573,-6483.10009765625,-6050.435546875
train,1675,-2393.60791015625,-1946.2567138671875
train,1460,-2679.927978515625,-2573.126953125
train,632,-5145.0,-5189.7177734375
train,1265,-6349.125,-5487.32373046875
train,4127,-5461.67578125,-4973.654296875
train,2337,-6133.02783203125,-6161.71484375
train,3942,-2820.77392578125,-2900.5966796875
train,1067,3117.699462890625,2888.895751953125
train,4224,-4365.9150390625,-4010.623046875
train,2220,-6729.5927734375,-7127.16357421875
train,4735,-4211.93994140625,-4222.5693359375
train,3895,-4239.63623046875,-4515.14892578125
train,6112,-4200.64013671875,-4163.54345703125
train,2408,-3629.1298828125,-3499.71142578125
train,154,-6709.4638671875,-6648.9794921875
train,1957,-3442.301025390625,-3348.70458984375
train,1392,-6741.59423828125,-6755.0537109375
train,6026,-2260.72021484375,-2155.291015625
train,312,-3237.10791015625,-3239.647705078125
train,1604,-5249.20703125,-5137.4326171875
train,5094,-1807.876953125,-1281.31689453125
train,6041,-912.5,-1192.71337890625
train,5687,-3039.044921875,-3441.39892578125
train,4727,-4477.10205078125,-4670.0244140625
train,5617,-6120.578125,-6315.77734375
train,913,-8350.5966796875,-8628.3779296875
train,3341,-101.337890625,41.5595703125
train,6307,-3442.81494140625,-3185.739013671875
train,3673,-5605.7001953125,-5906.8779296875
train,4856,-5662.837890625,-6026.74609375
train,1335,264.048095703125,-451.383056640625
train,5873,-5398.93798828125,-5316.82373046875
train,483,-4165.30712890625,-4054.2412109375
train,5653,-6641.56787109375,-6140.3544921875
train,5371,-4845.0498046875,-4989.3330078125
train,5659,-3220.7470703125,-3434.109130859375
train,3123,-4585.23095703125,-4410.337890625
train,787,-7707.85888671875,-7716.158203125
train,5752,-3416.781982421875,-2956.62646484375
train,2308,-2601.034912109375,-2691.81689453125
train,5142,-4732.14892578125,-4387.7216796875
train,6016,-4616.89990234375,-4879.412109375
train,6345,-2132.85302734375,-2052.48486328125
train,1376,-1167.753173828125,-1686.5133056640625
train,5014,-4854.1650390625,-5032.87109375
train,4952,-3297.5869140625,-3363.8408203125
train,5016,-5719.041015625,-5880.1953125
train,5899,-3121.587890625,-2604.84375
train,2593,-3568.0380859375,-3588.415771484375
train,5741,-3506.549072265625,-3283.5693359375
train,2234,-3635.14892578125,-3469.18798828125
train,3697,1624.720458984375,835.717041015625
train,3501,-5354.869140625,-5111.17919921875
train,5957,-4139.63623046875,-4101.76025390625
train,5368,-2624.81591796875,-2342.875
train,3955,-1014.821044921875,-1119.385498046875
train,761,-6569.65380859375,-6273.4169921875
train,4653,-3211.010009765625,-3611.439697265625
train,12,-2213.091064453125,-2348.48291015625
train,177,-5182.5869140625,-5086.88916015625
train,4823,-2039.218994140625,-2025.6861572265625
train,6455,-8963.7783203125,-8769.064453125
train,2515,-6556.4921875,-6046.2646484375
train,733,-6309.033203125,-6298.8984375
train,835,-3480.01904296875,-3167.0927734375
train,175,-4593.68798828125,-4144.984375
train,3481,-5673.8427734375,-4981.8525390625
train,3150,-6769.68701171875,-6595.4111328125
train,5844,-4702.83203125,-4792.232421875
train,434,-2086.069091796875,-1923.642333984375
train,3582,-3549.659912109375,-3178.02099609375
train,3048,-7143.2451171875,-7243.92822265625
train,5620,-4902.3232421875,-5022.455078125
train,5447,-3997.970947265625,-3309.11474609375
train,4905,-1113.953857421875,-1287.473388671875
train,137,282.810791015625,28.809814453125
train,637,-1700.0689697265625,-2012.76220703125
train,5267,-3346.554931640625,-3340.404541015625
train,2096,-496.197021484375,-341.648193359375
train,4475,-4042.89892578125,-4187.9306640625
train,6255,-1883.3270263671875,-1742.28466796875
train,4310,-3363.323974609375,-3286.804443359375
train,4711,-5759.77783203125,-5762.60986328125
train,1507,-6736.7919921875,-6966.013671875
train,2532,-8728.86328125,-8691.703125
train,1065,-977.242919921875,-1291.587158203125
train,6388,-1007.1669921875,-919.25146484375
train,4981,-2771.97802734375,-2581.447265625
train,5722,996.181884765625,456.248779296875
train,5650,-4676.6162109375,-4234.3173828125
train,2406,-6676.5927734375,-6700.34814453125
train,2278,-8135.4619140625,-7720.271484375
train,705,-5647.73876953125,-5469.76416015625
train,2498,-1247.640869140625,-1215.27490234375
train,1241,-7417.52880859375,-7097.7314453125
train,5318,-5810.8310546875,-5739.193359375
train,5730,437.512939453125,270.899169921875
train,2193,-5911.4580078125,-5553.2197265625
train,4164,-4467.0791015625,-3992.82080078125
train,3394,-1978.323974609375,-1978.2158203125
train,6124,-5737.5869140625,-5522.560546875
train,2786,-2446.7958984375,-2867.96240234375
train,4543,-636.916015625,-591.0419921875
train,5013,-2748.180908203125,-2436.119140625
train,4147,-3104.794921875,-3141.196533203125
train,1353,571.651123046875,465.531982421875
train,1477,-1782.4139404296875,-1665.87646484375
train,1866,658.960205078125,767.124267578125
train,3464,1130.822021484375,916.210205078125
train,4732,-4513.8388671875,-4543.86279296875
train,510,-8915.6787109375,-8971.3466796875
train,6198,-1597.5419921875,-1800.5806884765625
train,2976,-1520.860107421875,-1345.099853515625
train,1985,-5623.7099609375,-5496.9912109375
train,6316,-3253.077880859375,-3307.452392578125
train,6139,-3365.409912109375,-3319.787353515625
train,1935,-899.249267578125,-702.52001953125
train,6024,-370.423095703125,-431.008544921875
train,4532,-1391.171142578125,-1201.395751953125
train,4432,-2523.406005859375,-2462.72705078125
train,3199,-5940.9658203125,-5734.3759765625
train,5919,-592.050048828125,-763.06201171875
train,2963,-1462.412841796875,-1354.522705078125
train,1100,-594.989013671875,-719.27490234375
train,5347,-4127.1171875,-4760.29541015625
train,2647,-2048.0859375,-2231.22021484375
train,5202,-1481.865966796875,-1587.675048828125
train,480,-4125.76220703125,-3874.080810546875
train,2618,-1232.233154296875,-1426.78857421875
train,4358,-5103.14208984375,-5199.119140625
train,4351,-707.68896484375,-813.582763671875
train,5848,-4396.0380859375,-3708.626708984375
train,5159,666.475830078125,238.63671875
train,2789,-2731.679931640625,-2597.21826171875
train,6514,-5516.86376953125,-5663.17578125
train,2736,-2412.693115234375,-2497.30908203125
train,5555,-2762.05908203125,-2616.59814453125
train,6306,-7549.9130859375,-7339.21484375
train,6251,-2512.344970703125,-1987.3521728515625
train,5988,-2554.819091796875,-2568.9833984375
train,4477,-7009.55810546875,-7053.498046875
train,3683,-262.555908203125,365.213623046875
train,2005,-3779.090087890625,-3935.902587890625
train,5749,-2328.75,-2654.951171875
train,3848,-7331.8359375,-7343.958984375
train,5036,-3016.006103515625,-2882.79736328125
train,4699,-1274.743896484375,-1328.629638671875
train,5483,-5111.73876953125,-5167.8193359375
train,4510,-75.907958984375,-130.9580078125
train,4221,-3207.58203125,-2981.0029296875
train,2145,-4517.27685546875,-4641.6669921875
train,5032,-6496.06787109375,-6633.189453125
train,2242,-2073.05029296875,-2253.61083984375
train,3224,-1732.8580322265625,-2001.7093505859375
train,772,-3707.886962890625,-4257.29541015625
train,77,1324.941162109375,1056.223388671875
train,2979,-1414.291015625,-1503.325439453125
train,1664,-2928.6259765625,-2823.59326171875
train,991,-3449.510009765625,-3212.009765625
train,6435,-5928.80419921875,-5609.85791015625
train,2755,-471.113037109375,-730.836181640625
train,2905,614.087158203125,445.26416015625
train,5500,-2602.5029296875,-2696.940673828125
train,4961,-4126.97998046875,-3406.12158203125
train,3275,-5792.3837890625,-5296.75439453125
train,2251,-3540.131103515625,-3501.85595703125
train,6369,-5488.6689453125,-5230.62109375
train,4005,-10296.5556640625,-9920.61328125
train,424,-2826.31201171875,-2634.80322265625
train,575,-2297.48095703125,-2165.27685546875
train,3756,-2414.8798828125,-2132.0576171875
train,2692,-6305.35302734375,-6014.29833984375
train,919,-4118.5751953125,-4336.72802734375
train,6488,-2330.925048828125,-2207.72998046875
train,5517,-3622.7919921875,-3588.75
train,2744,-4847.19287109375,-4527.36962890625
train,1546,-1800.8919677734375,-2318.771728515625
train,5737,-2798.113037109375,-2427.690673828125
train,3168,-1406.18603515625,-1407.56005859375
train,1255,-7579.990234375,-7414.21484375
train,5863,-3080.10400390625,-3087.57373046875
train,6181,-5503.84619140625,-5266.9287109375
train,3621,-993.8310546875,-1214.079345703125
train,215,-2307.783935546875,-2591.04052734375
train,2487,-1842.364990234375,-2059.0087890625
train,231,-2982.011962890625,-2886.15966796875
train,511,811.497802734375,1074.959716796875
train,799,-3185.885009765625,-2736.48974609375
train,1207,1284.034912109375,1297.644775390625
train,723,-2390.577880859375,-2342.93701171875
train,251,-7415.68359375,-6934.28076171875
train,2630,-5851.009765625,-5735.0615234375
train,5839,-884.177001953125,-506.799560546875
train,4970,-4422.3017578125,-4328.00244140625
train,1205,-4207.5068359375,-4052.1103515625
train,6331,-2132.943115234375,-2117.84228515625
train,2664,-5406.01904296875,-5744.79736328125
train,5303,-4761.376953125,-5013.52197265625
train,5833,-771.45703125,-566.35498046875
train,3180,-8241.7919921875,-8258.265625
train,892,-4989.13720703125,-4575.0810546875
train,5283,-2534.489013671875,-2484.17529296875
train,4709,-3980.072998046875,-3951.6611328125
train,1583,-5025.7578125,-5075.57421875
train,6304,-3427.06591796875,-3619.414306640625
train,2173,-7215.00390625,-7424.50390625
train,3988,-7372.76513671875,-7708.5810546875
train,5209,-6148.2431640625,-5880.21875
train,309,-2145.95703125,-1950.9482421875
train,5881,-4635.1650390625,-4412.01318359375
train,1327,-3187.43505859375,-3103.27685546875
train,3320,-152.909912109375,-253.294677734375
train,203,-1749.720947265625,-1689.31591796875
train,3989,-3759.197998046875,-4163.16845703125
train,4509,-5928.3232421875,-6406.23779296875
train,221,-7534.81103515625,-7471.2138671875
train,5262,440.137939453125,255.740478515625
train,1993,-723.443115234375,-416.2099609375
train,3220,-5343.97607421875,-5490.7958984375
train,1559,-479.64599609375,-909.72216796875
train,1399,-2737.7470703125,-2973.547119140625
train,1905,582.072998046875,399.7158203125
train,5736,-3013.1650390625,-3157.123046875
train,2511,-3787.635009765625,-3410.988525390625
train,3315,-3481.77197265625,-2801.6171875
train,454,-2503.587890625,-1910.0360107421875
train,5051,-2672.243896484375,-2243.7626953125
train,3814,-1824.23095703125,-2015.7674560546875
train,2454,-5942.0009765625,-5942.7412109375
train,6485,-3906.535888671875,-3654.6357421875
train,3730,-1988.5389404296875,-2248.75537109375
train,748,-1144.130126953125,-1114.4150390625
train,3307,1718.287353515625,1213.238037109375
train,1906,-4668.68115234375,-4191.30810546875
train,1769,-6121.6171875,-5828.1103515625
train,4166,1409.354736328125,1424.968505859375
train,6291,-4514.8232421875,-4624.77734375
train,885,-3080.928955078125,-3027.72265625
train,1026,-8292.6591796875,-7890.3359375
train,1668,-4716.94677734375,-5405.4619140625
train,1406,-1110.783935546875,-1384.77197265625
train,5926,-254.31103515625,-518.279052734375
train,3798,-4275.7578125,-4001.55908203125
train,5448,-5206.658203125,-5233.5224609375
train,1647,-3104.302001953125,-2921.415283203125
train,2548,-4315.134765625,-3843.07421875
train,6188,32.27001953125,241.8681640625
train,1415,-3886.720947265625,-3763.365234375
train,4212,-9054.521484375,-8476.736328125
train,5660,-6592.05810546875,-6468.4677734375
train,3833,-4617.4560546875,-4846.2431640625
train,813,-4969.990234375,-5021.0322265625
train,4301,-3017.216064453125,-3009.802734375
train,5909,-1679.3719482421875,-1865.7828369140625
train,1247,-7839.8310546875,-7778.009765625
train,92,-4955.0419921875,-4779.9013671875
train,6494,-5137.884765625,-4596.08837890625
train,372,-4796.716796875,-4741.4140625
train,1842,-7072.435546875,-7456.1494140625
train,4896,-4701.173828125,-4824.609375
train,2922,-946.4462890625,-1248.02734375
train,138,-6318.755859375,-6450.08984375
train,3310,-3864.756103515625,-3632.666259765625
train,1143,-5486.68603515625,-5469.7109375
train,3338,-2541.697021484375,-2716.75537109375
train,3306,-8830.671875,-8198.5380859375
train,4397,-5931.2158203125,-6207.9541015625
train,3035,-7552.57421875,-7283.212890625
train,4654,-6411.02880859375,-6542.013671875
train,1043,-3893.2119140625,-4099.98583984375
train,1589,-3014.305908203125,-2901.790283203125
train,4703,-2007.0469970703125,-1749.5426025390625
train,2307,1222.288818359375,1050.978271484375
train,3068,958.769775390625,1237.146240234375
train,6205,-3912.883056640625,-3825.42138671875
train,5253,-3144.55810546875,-2831.625244140625
train,601,-6687.68798828125,-6541.64306640625
train,465,-4139.02490234375,-3469.325927734375
train,373,-5040.3349609375,-4813.2705078125
train,3253,-3909.659912109375,-4118.2626953125
train,2997,-2534.31591796875,-2265.284912109375
train,3073,-3196.0009765625,-2850.400390625
train,708,-390.243896484375,-528.647216796875
train,2519,-9173.626953125,-9443.61328125
train,6023,1354.710205078125,1060.629150390625
train,5332,-1545.360107421875,-1730.41455078125
train,3490,-8981.1708984375,-8842.3759765625
train,4405,-3112.294921875,-2918.481689453125
train,2322,-872.6220703125,-1358.7724609375
train,2486,-5116.203125,-4992.32568359375
train,220,-3546.85107421875,-3954.171142578125
train,5066,-2800.72412109375,-2979.02587890625
train,5496,-3445.6650390625,-3270.608154296875
train,5280,-4350.2509765625,-4293.685546875
train,3108,-7727.93505859375,-7231.119140625
train,3515,-4983.53076171875,-5048.8935546875
train,2821,-6464.3798828125,-6218.8359375
train,5386,-710.173095703125,-767.939208984375
train,91,-2355.361083984375,-2682.50732421875
train,715,-2213.27587890625,-2088.1064453125
train,5286,-2671.452880859375,-2388.9267578125
train,710,-3837.9580078125,-4079.11083984375
train,527,-2014.4239501953125,-2518.401611328125
train,1045,-6669.5908203125,-6452.744140625
train,4921,-1127.069091796875,-1131.232666015625
train,6256,-4654.251953125,-4654.73779296875
train,4946,-11816.0029296875,-11972.7177734375
train,3608,-794.76123046875,-1181.53515625
train,1390,-10338.4501953125,-10458.49609375
train,4663,-8105.33203125,-7834.5341796875
train,3773,438.52001953125,573.776123046875
train,5220,-1903.9429931640625,-1895.37744140625
train,6425,-3323.80810546875,-3280.94970703125
train,3911,-3613.44091796875,-3622.333984375
train,4627,-8023.5322265625,-7542.025390625
train,2620,-2100.47314453125,-2146.929931640625
train,5865,-1365.836181640625,-1533.774169921875
train,18,-11409.9267578125,-11465.37109375
train,4738,-2348.82373046875,-2324.888427734375
train,607,-1985.678955078125,-2517.35498046875
train,4677,-3673.943115234375,-3893.63134765625
train,3493,-7510.4541015625,-7509.02880859375
train,4810,-3837.785888671875,-4297.806640625
train,1222,-4273.57421875,-4094.828125
train,4908,-6017.47314453125,-5985.583984375
train,2389,-7128.40576171875,-6672.0126953125
train,4634,-4640.03076171875,-4975.41162109375
train,1364,-2903.260009765625,-2554.60009765625
train,1811,-6116.0322265625,-6076.5244140625
train,4721,-6491.7255859375,-6466.09765625
train,5029,-4255.5732421875,-4226.88037109375
train,396,-6246.10107421875,-6211.3486328125
train,4441,-9715.6796875,-9949.2197265625
train,6211,324.31494140625,-134.187255859375
train,4205,-109.23828125,-103.084716796875
train,2599,-12156.6630859375,-12042.998046875
train,29,-9315.5771484375,-9831.1806640625
train,28,-686.60595703125,-818.682861328125
train,6394,-8079.44921875,-7780.525390625
train,6381,-2140.0029296875,-2285.768310546875
train,994,-2814.055908203125,-2359.646484375
train,603,-3153.360107421875,-2935.23388671875
train,2524,-4282.2109375,-4744.4326171875
train,1947,-7119.9111328125,-6565.3330078125
train,2483,-5429.39208984375,-5318.7802734375
train,1060,-3059.445068359375,-2656.917236328125
train,57,-241.4609375,-605.185791015625
train,1328,-6818.64404296875,-6767.052734375
train,5685,-3414.18798828125,-3293.47705078125
train,4337,-7588.56005859375,-7374.306640625
train,1860,-5817.7470703125,-5861.3037109375
train,1467,-1724.51513671875,-1854.6845703125
train,4887,-1359.734130859375,-857.61279296875
train,2820,-2936.175048828125,-3433.82373046875
train,5480,-5466.89111328125,-5576.57275390625
train,1073,-33.174072265625,-129.28369140625
train,1304,-6852.17919921875,-7041.86376953125
train,2031,-7986.2939453125,-8480.671875
train,3417,-218.361083984375,-605.642333984375
train,230,-1627.092041015625,-1371.82373046875
train,4886,-7054.0078125,-6762.85107421875
train,1981,-5489.9150390625,-5248.55322265625
train,549,-4544.26708984375,-4490.51171875
train,2858,-3127.14306640625,-2779.92919921875
train,1750,-5682.0791015625,-4614.28369140625
train,347,-2503.447998046875,-2766.867431640625
train,6308,-5920.40576171875,-5722.9326171875
train,4048,-1776.801025390625,-1418.607177734375
train,3033,645.034912109375,352.981689453125
train,5204,-5444.69677734375,-5713.265625
train,1749,-8268.9140625,-7822.5400390625
train,4937,-6849.33984375,-6642.1396484375
train,1215,-3017.304931640625,-3109.606201171875
train,1617,-8306.7490234375,-8296.9130859375
train,2003,-7135.35888671875,-7052.109375
train,655,-2153.458984375,-2216.44091796875
train,1083,-1159.850830078125,-1089.02783203125
train,5434,-4280.7470703125,-4934.74560546875
train,4079,-5095.7119140625,-4706.4521484375
train,3788,-5656.05419921875,-5558.8193359375
train,4837,-712.550048828125,-1472.17724609375
train,2171,-5139.52490234375,-4965.951171875
train,3102,-5425.98486328125,-5568.693359375
train,918,-5387.8427734375,-5224.83056640625
train,862,-4563.337890625,-4514.904296875
train,5059,-6248.06689453125,-6121.2548828125
train,554,52.09716796875,-203.22900390625
train,3450,-4401.9169921875,-4504.0810546875
train,5548,-4483.826171875,-4551.97998046875
train,415,-4176.7470703125,-4277.5712890625
train,5719,-7034.2998046875,-6415.3056640625
train,6528,-4021.034912109375,-3811.30810546875
train,1915,-1773.0140380859375,-1815.4267578125
train,3638,-2157.972900390625,-2368.5205078125
train,4992,-1674.4019775390625,-1763.0447998046875
train,322,-3572.577880859375,-3842.85205078125
train,2555,-6220.4921875,-6826.228515625
train,670,-4728.44921875,-5236.51318359375
train,6173,-2700.10009765625,-2882.59423828125
train,4448,520.477783203125,497.751220703125
train,2975,-4258.27880859375,-4778.615234375
train,3298,-4221.30322265625,-3792.296630859375
train,5433,-4167.875,-3982.2314453125
train,2595,-2816.12890625,-2844.4638671875
train,3860,-6057.47509765625,-5993.53076171875
train,5593,2634.107666015625,2128.592529296875
train,5264,-9311.9140625,-9249.8828125
train,3748,-6258.8720703125,-5862.994140625
train,1966,-533.506103515625,-893.2255859375
train,1338,-4545.7041015625,-4973.9296875
train,479,-5802.9658203125,-5799.42822265625
train,342,-7006.9482421875,-6516.9541015625
train,2787,-6426.2978515625,-5989.3203125
train,4742,-3889.2919921875,-4010.940673828125
train,139,-3988.81201171875,-4046.6533203125
train,4607,164.193115234375,-55.054931640625
train,173,-8634.25390625,-8519.6533203125
train,5903,3572.900634765625,2818.376708984375
train,3858,-4566.18017578125,-4492.3662109375
train,6214,-5663.79296875,-5804.9716796875
train,4789,-3507.7900390625,-3385.07666015625
train,3054,-5801.06591796875,-5435.15380859375
train,4467,-3991.264892578125,-3990.095458984375
train,4639,-3368.9130859375,-2765.818115234375
train,6245,-6726.7841796875,-6734.623046875
train,1405,-4004.7548828125,-3538.18359375
train,5571,-6445.64208984375,-6616.84716796875
train,170,-5201.72705078125,-5256.560546875
train,3956,-2682.035888671875,-2888.289306640625
train,3106,-2855.613037109375,-3148.758056640625
train,3297,652.151123046875,871.112548828125
train,3223,-3636.7958984375,-3492.450927734375
train,2936,-7412.01220703125,-7049.52734375
train,125,-2751.321044921875,-2386.07470703125
train,5858,-2526.761962890625,-2457.03076171875
train,2915,-10.457763671875,-165.124755859375
train,4817,-7513.81982421875,-7220.953125
train,3965,-7664.1650390625,-7636.9228515625
train,5562,-4194.87109375,-4295.25439453125
train,313,-3394.5458984375,-3171.2275390625
train,1106,-1352.114013671875,-1606.11328125
train,572,-9110.8056640625,-8854.990234375
train,2509,-2518.737060546875,-2624.91845703125
train,4242,-4244.56005859375,-3872.42724609375
train,5160,-4247.1162109375,-4358.203125
train,4838,-2686.9560546875,-2649.51318359375
train,4266,-3613.114013671875,-3760.26708984375
train,1101,-7827.8525390625,-8196.232421875
train,1726,-3212.580078125,-3103.617431640625
train,4329,564.663818359375,586.760009765625
train,5075,-5852.13916015625,-6065.78369140625
train,1757,-2779.281005859375,-2817.893310546875
train,4046,-2394.6650390625,-2540.4658203125
train,1786,-2554.47607421875,-2694.6103515625
train,1924,-10998.810546875,-11125.2021484375
train,1572,-8017.8720703125,-7725.572265625
train,2340,-1000.360107421875,-1021.646728515625
train,1373,-3416.610107421875,-2598.4248046875
train,691,-1913.5570068359375,-1868.5595703125
train,89,-889.794921875,-1603.2152099609375
train,839,-122.52783203125,114.525146484375
train,2925,-2347.4462890625,-2350.693359375
train,4028,3153.015869140625,2889.646728515625
train,3652,-6044.0341796875,-5825.46533203125
train,6161,-2462.486083984375,-2766.734375
train,225,-3165.216064453125,-3154.415283203125
train,165,-3232.27001953125,-3405.6064453125
train,4959,-2613.4189453125,-2073.183349609375
train,144,-3231.31689453125,-2936.423828125
train,5890,-1946.9449462890625,-2163.32861328125
train,3202,-1628.6968994140625,-1083.989501953125
train,5275,-7851.400390625,-8276.3935546875
train,2714,-5566.06591796875,-5466.36376953125
train,2615,-3600.553955078125,-4047.460205078125
train,3654,-796.58203125,-512.626953125
train,4612,-6505.06298828125,-6565.22802734375
train,6362,-7983.8115234375,-7983.2431640625
train,2574,-2031.0401611328125,-1944.6234130859375
train,902,-1840.427978515625,-2310.02392578125
train,431,-6662.5029296875,-6693.6591796875
train,6137,-3393.419921875,-3973.52099609375
train,6235,-4627.86181640625,-4422.8056640625
train,747,-1867.89697265625,-1948.5487060546875
train,3885,-3140.56005859375,-3511.294921875
train,6252,-6489.55810546875,-6656.5283203125
train,5666,-5178.81103515625,-5335.7705078125
train,1635,538.083251953125,341.533447265625
train,3201,-9876.865234375,-9746.1953125
train,1738,-6736.72998046875,-6878.306640625
train,1551,-7113.1259765625,-6670.333984375
train,148,-8136.8115234375,-7683.0048828125
train,147,-6303.5888671875,-6576.8212890625
train,4237,-892.052001953125,-480.93701171875
train,4189,-7296.44189453125,-7372.38671875
train,873,-1615.2391357421875,-1354.8681640625
train,6350,-3079.7060546875,-2555.653564453125
train,5401,-1276.18505859375,-1689.505615234375
train,6383,-1152.23095703125,-1278.58935546875
train,284,48.694091796875,-132.988037109375
train,2670,-3739.931884765625,-4187.3603515625
train,3952,800.862060546875,666.737060546875
train,3274,-6606.81591796875,-6727.767578125
train,357,-8268.9150390625,-7985.41796875
train,1808,2024.376220703125,1399.557861328125
train,5197,-7734.11279296875,-7762.333984375
train,993,-2133.281005859375,-2037.7052001953125
train,5139,-8392.14453125,-7910.83984375
train,1825,-7024.380859375,-7232.275390625
train,3415,-435.990966796875,-694.027587890625
train,4909,-7165.4248046875,-6943.3564453125
train,1341,-316.968994140625,-706.588623046875
train,402,-6752.591796875,-6850.5625
train,1855,496.340087890625,371.0634765625
train,2058,-3652.64501953125,-3744.19677734375
train,395,-5366.64208984375,-5175.55810546875
train,2235,-522.1142578125,-914.1806640625
train,2838,-5654.35498046875,-5381.32421875
train,320,-4868.9560546875,-5103.7119140625
train,2629,-6090.40478515625,-5724.7783203125
train,3230,-5212.921875,-5540.91015625
train,1655,-1216.409912109375,-2126.822021484375
train,3152,-3008.6650390625,-2629.822509765625
train,4675,-2163.48193359375,-2080.04150390625
train,3189,-2753.160888671875,-3253.81005859375
train,2530,-5058.2548828125,-4971.30712890625
train,196,-8732.392578125,-8888.078125
train,4355,-2520.967041015625,-2634.97998046875
train,5744,-4770.43701171875,-5125.1708984375
train,3803,857.157958984375,386.64208984375
train,4702,-5344.0380859375,-5412.349609375
train,4419,-5468.31201171875,-6122.923828125
train,3295,-2439.510009765625,-2215.888671875
train,5540,-3252.81591796875,-3474.1748046875
train,2949,-2550.81103515625,-2414.54736328125
train,1557,-701.917236328125,-625.359619140625
train,1011,-1875.260986328125,-2492.700439453125
train,984,-1662.5450439453125,-1576.47412109375
train,5358,288.478759765625,40.774658203125
train,5662,-4002.930908203125,-4724.2587890625
train,2725,-669.583251953125,-1374.60009765625
train,2339,-3064.826904296875,-2950.464599609375
train,559,-2353.68603515625,-2121.872802734375
train,2735,-2919.656982421875,-2938.144287109375
train,3754,-3646.0390625,-4432.8466796875
train,4381,-5417.47509765625,-5159.28955078125
train,4102,-1039.79736328125,-773.82421875
train,3532,-5089.6181640625,-4964.44775390625
train,6086,-1728.43896484375,-2036.787841796875
train,4049,-6592.455078125,-6097.79833984375
train,3940,-2383.3720703125,-2203.092041015625
train,507,-1576.406982421875,-1494.298583984375
train,5971,-6708.02099609375,-6803.96728515625
train,6275,-4640.958984375,-4518.40771484375
train,2158,-3541.616943359375,-3669.0634765625
train,6220,-5619.087890625,-5507.99462890625
train,4941,-1518.785888671875,-1078.41748046875
train,6499,-3904.01611328125,-3372.180908203125
train,4272,-4469.52978515625,-4448.33544921875
train,2185,-4300.921875,-4405.18505859375
train,3419,-2745.3759765625,-2755.57763671875
train,1903,-2357.506103515625,-1938.0404052734375
train,5350,-1825.72900390625,-1684.3187255859375
train,5866,-6796.26806640625,-7259.5390625
train,5372,-5091.1630859375,-4853.431640625
train,5466,-2921.037109375,-3375.81103515625
train,1261,-7539.0849609375,-7533.55859375
train,319,-4960.82177734375,-4826.388671875
train,525,-565.50634765625,-1141.632568359375
train,737,-5889.1259765625,-6178.4892578125
train,1798,-6361.32080078125,-6411.68896484375
train,1326,-9716.791015625,-9125.6572265625
train,6315,-4457.3671875,-4463.6953125
train,6539,-4378.75390625,-4200.57470703125
train,661,-3502.424072265625,-3822.47705078125
train,1784,1125.433837890625,792.358642578125
train,1978,-4852.4541015625,-5383.375
train,6008,-2423.802001953125,-1870.588134765625
train,4860,-6890.76806640625,-7026.36962890625
train,4633,-4350.2412109375,-4105.970703125
train,4949,-3561.1708984375,-4014.376953125
train,4087,-2631.508056640625,-2316.978515625
train,443,-1731.321044921875,-1633.5816650390625
train,759,-8822.576171875,-8359.3642578125
train,713,-6318.1044921875,-6425.701171875
train,5092,-6978.826171875,-7035.10791015625
train,2543,-6918.31103515625,-6806.912109375
train,2394,-1324.051025390625,-1220.747802734375
train,3109,-6819.13818359375,-5953.28857421875
train,5780,-8067.6005859375,-7945.2578125
train,4036,-2732.1650390625,-2787.33447265625
train,3665,552.861083984375,204.82861328125
train,1643,-4738.7568359375,-3948.918701171875
train,1178,-1205.288818359375,-1602.8294677734375
train,2067,-5253.701171875,-5484.970703125
train,2466,-6891.90185546875,-7117.5400390625
train,6225,-2291.382080078125,-1874.072998046875
train,5770,-4737.85205078125,-4764.22314453125
train,5436,-8544.501953125,-8182.0771484375
train,4560,-5665.89404296875,-5154.23388671875
train,4750,-3181.341064453125,-3710.464111328125
train,2438,-3590.202880859375,-3426.807861328125
train,1050,-1681.0389404296875,-1448.644287109375
train,5071,762.802978515625,598.073974609375
train,1876,-2751.366943359375,-2731.896484375
train,5309,-2299.8759765625,-2043.1573486328125
train,4808,-4631.4521484375,-4576.43115234375
train,693,-364.972900390625,-22.771728515625
train,1404,60.956298828125,68.63623046875
train,2586,-3540.486083984375,-3743.896240234375
train,5693,-3429.3701171875,-3184.689208984375
train,6418,-3318.091064453125,-3154.7373046875
train,1796,-1780.0399169921875,-1854.0609130859375
train,3401,-6579.30419921875,-6807.5830078125
train,6059,2426.879638671875,2487.242431640625
train,2107,-6869.55908203125,-6617.4052734375
train,5327,-1415.177978515625,-1840.5172119140625
train,1637,-3141.22802734375,-3097.7666015625
train,1767,-988.436279296875,-1261.889892578125
train,153,-2757.077880859375,-2412.3818359375
train,422,-4131.9482421875,-3865.00244140625
train,2372,-5056.56396484375,-5282.958984375
train,844,-2178.541015625,-2143.4755859375
train,2659,-3764.757080078125,-3268.27001953125
train,6378,-881.984130859375,-1065.27001953125
train,5523,-10207.9501953125,-10404.9775390625
train,216,-7119.2080078125,-6955.6044921875
train,5117,-3701.4189453125,-3477.786865234375
train,5455,-7685.775390625,-7724.5751953125
train,541,-1838.9300537109375,-1936.6748046875
train,3263,-7712.57177734375,-7179.23046875
train,2051,-4272.662109375,-4032.22216796875
train,3395,-4166.2568359375,-3615.267333984375
train,5405,-1029.266845703125,-1688.405517578125
train,1864,-6012.93603515625,-5864.982421875
train,4968,-2777.596923828125,-2729.400390625
train,3389,-2077.85205078125,-1948.1416015625
train,3583,-6636.9482421875,-6712.9228515625
train,4987,-1122.5400390625,-1659.4676513671875
train,745,-2305.361083984375,-2429.104736328125
train,291,-3535.360107421875,-3714.362060546875
train,5723,-1368.449951171875,-1306.36767578125
train,3319,-7786.6318359375,-7576.2900390625
train,1411,-612.39794921875,-1022.663818359375
train,4618,-2612.385009765625,-2197.786865234375
train,6498,-2903.93408203125,-3104.645751953125
train,1533,-7589.076171875,-7321.12353515625
train,4736,188.946044921875,224.0673828125
train,3092,-2568.2490234375,-2663.8974609375
train,2626,377.66015625,-66.68994140625
train,1361,-2855.97412109375,-2409.7841796875
train,2974,-302.64306640625,-195.73583984375
train,6336,-4866.69580078125,-4559.2265625
train,1248,-8843.8447265625,-8763.12109375
train,5756,-4259.97021484375,-3735.048828125
train,5323,-6750.30419921875,-7070.5234375
train,1762,-6691.31494140625,-6684.9365234375
train,3136,-2200.89111328125,-2110.92724609375
train,2660,-2274.37109375,-2169.6611328125
train,5471,-850.096923828125,-963.09375
train,3380,-8755.5439453125,-7950.9716796875
train,1,-5803.828125,-6049.3447265625
train,6332,-8879.8486328125,-9224.205078125
train,268,-1695.239013671875,-2031.7640380859375
train,1110,-5164.02685546875,-5114.2177734375
train,3359,-1867.85205078125,-1812.0347900390625
train,4253,-2261.27099609375,-1445.27294921875
train,3438,-1205.991943359375,-1169.325439453125
train,3981,-190.848876953125,-184.57177734375
train,3466,-6445.96484375,-6332.783203125
train,2295,-1326.704833984375,-971.005859375
train,5852,-1901.9678955078125,-2218.77490234375
train,4305,-2181.593017578125,-2368.651611328125
train,3018,-7384.7138671875,-7501.892578125
train,1340,-5863.83203125,-5863.6416015625
train,3257,-8745.833984375,-8728.2958984375
train,1986,-5840.4189453125,-5697.275390625
train,4453,-6262.64794921875,-6167.9921875
train,3607,-3148.493896484375,-2985.92333984375
train,1035,-4173.65380859375,-4495.14599609375
train,2993,1282.204833984375,762.129638671875
train,6191,-8045.60546875,-7886.1484375
train,4359,-4999.162109375,-5420.23193359375
train,3293,-4041.263916015625,-3447.851806640625
train,1211,-5553.81982421875,-5276.55810546875
train,1237,-2022.10595703125,-2229.97802734375
train,1077,-6293.69189453125,-5980.6826171875
train,69,-3967.48291015625,-4257.0634765625
train,4866,-2473.47705078125,-2515.9365234375
train,692,-3740.222900390625,-3685.51611328125
train,5757,-2873.364013671875,-2488.935546875
train,6417,-5607.48193359375,-5940.0556640625
train,4725,-4637.77197265625,-4402.35009765625
train,4917,-2847.39990234375,-2458.34375
train,202,576.510009765625,-141.17578125
train,4556,-4910.205078125,-4738.2431640625
train,2849,-483.386962890625,-911.928466796875
train,3062,-4214.26123046875,-3828.62841796875
train,5432,-4893.6708984375,-5390.873046875
train,4900,-6873.15283203125,-6518.5078125
train,3709,386.3203125,-10.6640625
train,1251,-8015.43359375,-7118.21875
train,1440,-8402.3271484375,-8439.939453125
train,1476,-2193.513916015625,-2759.99560546875
train,3476,1147.942138671875,877.921630859375
train,6104,-6085.81787109375,-5972.541015625
train,3849,-1265.927001953125,-1291.820556640625
train,3119,-3549.375,-3506.922119140625
train,4066,-5053.6650390625,-4692.9111328125
train,4097,-5611.14111328125,-6246.1884765625
train,5235,-8040.2216796875,-7982.3125
train,2933,-1416.678955078125,-1423.26904296875
train,2231,-627.030029296875,-822.368408203125
train,3635,-6390.84716796875,-6506.35693359375
train,1069,-5759.5908203125,-5882.33447265625
train,4847,-5622.13818359375,-5546.583984375
train,3097,-5890.134765625,-6068.09375
train,5023,-4747.22900390625,-4593.60693359375
train,2232,-1700.6629638671875,-1613.13623046875
train,4848,-10226.630859375,-9821.892578125
train,4716,-6496.7021484375,-6757.20849609375
train,3491,-1886.001953125,-1938.680908203125
train,5006,-4922.919921875,-4951.3251953125
train,5201,-5330.27099609375,-5555.75390625
train,1873,-1163.708984375,-1374.058349609375
train,1542,-4525.21923828125,-4797.2119140625
train,3381,-3493.242919921875,-3379.056640625
train,4457,-256.741943359375,-851.79931640625
train,1869,-5131.5361328125,-5123.86328125
train,1913,-1252.56103515625,-1408.275390625
train,6042,-4820.27294921875,-4605.20166015625
train,3,-5848.3828125,-5899.375
train,2816,-2110.79296875,-2065.11962890625
train,3225,-2310.013916015625,-2288.974609375
train,1274,-4747.1201171875,-4486.92578125
train,3734,-5610.59814453125,-5581.73388671875
train,1698,-1294.025146484375,-1561.73193359375
train,4976,-3708.89599609375,-3524.079833984375
train,649,-6219.953125,-6046.4697265625
train,2072,-6204.6181640625,-6090.935546875
train,5995,-3620.160888671875,-3749.60693359375
train,2657,-1825.5970458984375,-2076.171142578125
train,6108,-9174.5107421875,-9032.7021484375
train,3793,-4267.46484375,-4499.6728515625
train,3923,-3097.866943359375,-3504.7275390625
train,5140,-4321.9580078125,-4659.49169921875
train,6064,-7386.6328125,-6519.9775390625
train,1348,-6158.376953125,-6151.96630859375
train,4440,-4674.9970703125,-4738.4873046875
train,1940,-2292.781982421875,-2147.814453125
train,4059,13.730224609375,-355.515625
train,3400,-3183.2451171875,-3072.96728515625
train,3473,-4913.23095703125,-4958.2783203125
train,5524,630.702880859375,425.014892578125
train,1283,-1150.600830078125,-1066.635986328125
train,4091,-6248.751953125,-5886.62890625
train,3183,-2809.60302734375,-2698.575439453125
train,2625,1031.220947265625,1098.932861328125
train,6410,-1446.865966796875,-1277.0810546875
train,6426,-1295.716064453125,-1474.85302734375
train,4037,-4946.5068359375,-5285.4873046875
train,5870,-7315.943359375,-7942.27734375
train,3488,1415.463134765625,570.206787109375
train,3371,807.505126953125,134.133056640625
train,2808,-4762.36083984375,-4864.646484375
train,4674,-4194.88623046875,-4134.994140625
train,5470,-976.31396484375,-1317.4384765625
train,4511,-5071.24609375,-4888.13916015625
train,1773,-4891.876953125,-5154.34716796875
train,3234,-5490.61279296875,-5224.3359375
train,1998,-7875.232421875,-7539.74755859375
train,3407,-7057.5009765625,-7545.07421875
train,4229,-6764.8662109375,-6415.9609375
train,3361,-3908.1259765625,-3906.06591796875
train,2860,-8434.962890625,-9041.244140625
train,5929,-7357.7490234375,-6944.5390625
train,4646,-2730.06298828125,-3046.102294921875
train,1355,-2726.0830078125,-2793.3505859375
train,703,-4337.85888671875,-3935.09130859375
train,282,-4135.22900390625,-4342.13525390625
train,2573,-2107.7080078125,-2109.31689453125
train,4428,-2674.4150390625,-2579.046875
train,4404,-2339.322998046875,-2569.676025390625
train,2734,-4409.544921875,-4421.5478515625
train,5526,-944.322998046875,-779.93994140625
train,3597,-7502.01708984375,-7539.04150390625
train,5339,-2927.361083984375,-2943.87646484375
train,2269,-2997.761962890625,-2594.859619140625
train,1703,-2261.35400390625,-1948.1617431640625
train,2123,-2920.197021484375,-2734.506103515625
train,4190,-4725.81201171875,-5080.3916015625
train,5378,-2526.114013671875,-2197.75439453125
train,3811,-2652.989013671875,-2265.140380859375
train,5487,-4942.11376953125,-4893.0947265625
train,5634,-10091.9248046875,-9889.6171875
train,4878,-5950.703125,-6083.998046875
train,2776,-724.85400390625,-837.0078125
train,2918,278.22802734375,-9.321044921875
train,4692,876.366943359375,637.441162109375
train,2298,-2151.5859375,-1631.275146484375
train,5172,-4244.033203125,-4253.33642578125
train,4533,2756.372314453125,2273.318115234375
train,2981,-727.411865234375,-840.4765625
train,2214,-2256.4931640625,-2383.425048828125
train,1128,-3090.343994140625,-2762.209716796875
train,4375,-8079.150390625,-8202.1162109375
train,3379,-2881.802978515625,-3238.103515625
train,4414,733.046142578125,92.49462890625
train,5949,-2955.2041015625,-2654.93701171875
train,2679,-4124.48876953125,-4385.4375
train,1064,-6922.31201171875,-7029.85693359375
train,1948,-5564.10986328125,-5903.01171875
train,3422,-1.3349609375,-599.046630859375
train,1763,-1819.4840087890625,-1897.3719482421875
train,2631,1366.162841796875,1303.958740234375
train,2393,-5104.666015625,-4851.89599609375
train,5959,-3353.7470703125,-3049.836181640625
train,305,-2981.64208984375,-2647.6552734375
train,209,-3568.1201171875,-3522.5146484375
train,1263,-3748.8359375,-4240.47900390625
train,1575,-4207.2509765625,-4461.8203125
train,5317,-5475.22314453125,-5570.3046875
train,6492,-3585.072998046875,-4551.70263671875
train,113,621.447021484375,584.388427734375
train,219,-7997.68359375,-7990.6533203125
train,5836,-1382.346923828125,-1420.588134765625
train,155,-6780.658203125,-7008.724609375
train,5802,-2828.868896484375,-2683.76708984375
train,2833,-4112.4482421875,-4478.072265625
train,5954,-4298.41015625,-4345.89501953125
train,5326,-4760.86083984375,-5102.4169921875
train,1904,-7183.916015625,-6574.3515625
train,2190,-4216.4580078125,-4664.076171875
train,4165,-8955.275390625,-8746.974609375
train,2179,-934.8740234375,-665.589599609375
train,1598,-3735.68603515625,-3457.9794921875
train,5717,-1063.756103515625,-1798.2109375
train,2493,-4501.6181640625,-4478.9931640625
train,6427,-2210.751953125,-2333.873046875
train,6199,-6015.56201171875,-7039.18115234375
train,1078,-1063.611083984375,-1076.752197265625
train,239,-3923.740966796875,-3183.73388671875
train,4094,-4025.47509765625,-3898.366455078125
train,992,-3771.261962890625,-4104.3505859375
train,1874,-4104.80615234375,-3547.31005859375
train,1689,-7474.6982421875,-7333.2880859375
train,4882,-815.76904296875,-1096.070556640625
train,6360,-4364.57421875,-3888.094970703125
train,412,-4495.9921875,-4505.77880859375
train,5269,-4408.9609375,-4229.4130859375
train,4123,-2967.825927734375,-2805.19287109375
train,4203,-2456.405029296875,-2443.24560546875
train,4323,-3970.071044921875,-4267.794921875
train,5721,-5377.9111328125,-5254.921875
train,5508,-4876.27978515625,-5218.822265625
train,1161,-3166.865966796875,-3368.5859375
train,3271,1335.478759765625,1043.815673828125
train,6357,-4276.01318359375,-3883.057861328125
train,4489,-2528.76611328125,-2620.86376953125
train,4065,-6402.52490234375,-6031.048828125
train,472,-9231.2236328125,-9048.8994140625
train,3500,-1889.553955078125,-1713.1793212890625
train,4439,-1232.863037109375,-1364.769775390625
train,5322,-84.158935546875,-315.948974609375
train,6330,-283.3349609375,-319.5703125
train,1293,-2207.96435546875,-2718.56201171875
train,5901,-6804.7490234375,-6665.646484375
train,5053,-7173.77587890625,-7128.5009765625
train,1691,-5013.68994140625,-5260.244140625
train,5815,-6734.251953125,-6811.3671875
train,5305,-3583.64697265625,-3247.43896484375
train,2996,-1878.2021484375,-1248.408935546875
train,3105,-2271.3037109375,-2358.271240234375
train,2084,-2341.596923828125,-2255.127685546875
train,1681,-7186.23095703125,-7098.4287109375
train,1314,-2743.44189453125,-2664.26953125
train,5615,-5916.12109375,-5557.92626953125
train,5811,-6760.380859375,-6880.8369140625
train,2995,-4325.5,-4257.4580078125
train,3830,-4256.3759765625,-3416.70263671875
train,1290,-6464.82177734375,-6748.80859375
train,1075,-6760.6220703125,-7095.9072265625
train,4430,-1891.2269287109375,-2044.483154296875
train,4306,-7057.47900390625,-7080.845703125
train,5963,-3666.135009765625,-3340.020263671875
train,1761,-5480.77001953125,-5762.78564453125
train,1272,1502.852783203125,1395.124755859375
train,837,3442.099853515625,2174.668701171875
train,6146,-4049.75,-4235.81298828125
train,4007,-4079.4150390625,-3670.651123046875
train,5247,-1507.600830078125,-2118.0048828125
train,263,-1692.9520263671875,-1582.6396484375
train,6270,-3019.491943359375,-3458.05712890625
train,5258,-6128.4970703125,-6467.27294921875
train,2934,-3437.589111328125,-3808.16845703125
train,1558,-3185.841064453125,-3010.392578125
train,1529,-5959.69384765625,-5409.63232421875
train,4508,-2190.156982421875,-1824.0936279296875
train,5955,-7685.0400390625,-8091.7958984375
train,3348,-3019.06201171875,-2969.77783203125
train,2893,-5869.037109375,-6063.08203125
train,304,-6639.44580078125,-6559.8330078125
train,5535,-1563.298095703125,-1742.46484375
train,4403,-415.257080078125,-180.00830078125
train,4283,-2927.344970703125,-2479.794921875
train,4500,-10192.5498046875,-9827.6884765625
train,513,-6155.7880859375,-6543.451171875
train,4562,-589.751953125,-868.4306640625
train,4805,-3225.7880859375,-2956.0498046875
train,1151,-9065.650390625,-8655.0888671875
train,972,-2255.72607421875,-2193.42919921875
train,3138,-7208.4638671875,-7376.4267578125
train,3469,-3068.660888671875,-3144.90087890625
train,5196,-3228.197021484375,-3156.9912109375
train,1342,-4087.322998046875,-3902.393310546875
train,974,-8301.0224609375,-7926.287109375
train,405,-7676.833984375,-7776.7548828125
train,3370,807.210205078125,436.29638671875
train,2135,-1792.7640380859375,-1454.6826171875
train,3508,-2967.257080078125,-2669.46337890625
train,5353,-444.4580078125,-793.22412109375
train,3367,-7894.7900390625,-7972.880859375
train,4881,-2460.720947265625,-2037.99462890625
train,3878,-4531.06689453125,-4955.4404296875
train,5325,-6511.81005859375,-6340.95703125
train,4890,-327.81298828125,-156.153564453125
train,1239,115.329833984375,-79.70556640625
train,5826,-3121.49609375,-2905.315673828125
train,1929,-3975.1220703125,-4340.181640625
train,552,-6473.3828125,-6238.3603515625
train,6503,-2296.8330078125,-1953.0399169921875
train,5486,-1943.2879638671875,-2111.48583984375
train,2443,-144.5830078125,-155.04736328125
train,4541,-3860.4560546875,-3843.87841796875
train,3248,-5658.44189453125,-5855.36328125
train,4015,-1908.8489990234375,-1663.1224365234375
train,4609,-2693.01904296875,-2341.500244140625
train,2342,-1365.172119140625,-1480.18212890625
train,4927,884.211181640625,563.459716796875
train,1994,609.459228515625,586.275634765625
train,2033,-7884.1298828125,-7586.1474609375
train,4710,-4766.453125,-5080.05419921875
train,1421,-2210.208984375,-2202.246826171875
train,4889,70.912841796875,-371.697998046875
train,874,185.9580078125,420.23974609375
train,586,-5775.98095703125,-5947.96240234375
train,2172,-7470.76708984375,-7555.43701171875
train,5314,112.104736328125,-62.686767578125
train,776,-4906.3349609375,-5030.30078125
train,2811,-2703.112060546875,-2717.65771484375
train,1922,-361.69091796875,17.893798828125
train,5167,-5929.1220703125,-6128.4833984375
train,5422,-2480.794921875,-2312.84716796875
train,5951,-4509.56005859375,-4393.93994140625
train,3439,-3261.722900390625,-3435.650146484375
train,5537,-4201.15478515625,-4394.439453125
train,3591,-2843.9560546875,-2832.414306640625
train,893,-3185.408935546875,-3090.204345703125
train,4196,-814.90380859375,-801.24560546875
train,2057,-5802.0517578125,-5867.7255859375
train,3552,-4080.635009765625,-4285.39306640625
train,5182,-6304.267578125,-5930.86572265625
train,2864,-4198.83984375,-4588.22802734375
train,4363,-4127.9150390625,-4787.68798828125
train,2950,-4494.40576171875,-4189.89111328125
train,3408,-3648.361083984375,-3487.85986328125
train,6368,3891.748291015625,3250.378173828125
train,5232,-5348.27880859375,-4645.56982421875
train,1708,-3014.318115234375,-2959.06689453125
train,3385,-5313.591796875,-5031.669921875
train,6263,-2982.2890625,-3341.453369140625
train,5208,-2303.387939453125,-2078.369140625
train,3715,-8028.125,-8333.6884765625
train,1057,-1583.453857421875,-1092.424072265625
train,3668,-5917.6748046875,-5687.47412109375
train,64,-6690.27490234375,-6335.02734375
train,43,-546.17578125,-701.1484375
train,241,-6985.06298828125,-6679.69580078125
train,1870,-9163.7392578125,-8603.8134765625
train,6195,-7961.2041015625,-7406.6513671875
train,3794,-1114.427978515625,-1298.83251953125
train,1279,-4325.0419921875,-4697.77978515625
train,6346,-1432.748046875,-1548.692138671875
train,6072,-5337.33984375,-5083.03564453125
train,1618,-5506.22216796875,-5155.9384765625
train,2533,-1520.680908203125,-1629.3614501953125
train,6508,-1975.0621337890625,-2243.76953125
train,4919,-3873.077880859375,-3648.630126953125
train,6174,-2497.221923828125,-2533.07421875
train,3722,-6267.22412109375,-6083.0966796875
train,3716,-2608.43701171875,-2888.708984375
train,5611,-2682.718994140625,-2829.4150390625
train,3461,1078.814697265625,388.759521484375
train,3211,152.070068359375,258.34228515625
train,2890,-1409.278076171875,-1104.992431640625
train,4723,-4696.337890625,-5033.5302734375
train,5250,-4994.47998046875,-4602.8994140625
train,4997,-1649.2469482421875,-1744.2120361328125
train,6317,-4477.0869140625,-4427.0146484375
train,3081,-2428.751953125,-3150.053955078125
train,2272,-4473.43896484375,-4055.811767578125
train,2707,-5201.77783203125,-4971.43798828125
train,1511,510.982177734375,96.7451171875
train,1472,-3653.87109375,-3658.50341796875
train,6237,-4542.27978515625,-4553.15185546875
train,119,-4460.81982421875,-4591.24560546875
train,436,-5679.14208984375,-5695.5615234375
train,4478,-240.63720703125,-485.858154296875
train,1706,-2779.344970703125,-2879.833740234375
train,6010,-3706.800048828125,-3624.33740234375
train,823,-1584.882080078125,-1852.7933349609375
train,5135,-1335.409912109375,-1178.857421875
train,4406,-4240.72998046875,-4607.88720703125
train,4095,-2652.116943359375,-3001.602294921875
train,5344,-5062.0,-4979.08984375
train,4356,-1213.64697265625,-1395.72314453125
train,3706,-4097.9541015625,-4659.3046875
train,3980,-1067.9658203125,-1512.849609375
train,5809,-4344.85693359375,-4520.1328125
train,1289,-3138.958984375,-3346.213623046875
train,1828,-3699.470947265625,-3612.41064453125
train,1520,-5181.8359375,-5073.95751953125
train,87,-938.76611328125,-1316.46533203125
train,523,-7415.56591796875,-7335.9423828125
train,2292,-4564.6728515625,-4603.66748046875
train,3747,-3417.674072265625,-3381.019775390625
train,5590,-4487.2001953125,-4376.134765625
train,3874,-8127.8818359375,-7851.9052734375
train,3329,-3701.846923828125,-3441.503662109375
train,4798,-8481.4013671875,-8414.453125
train,4964,-2222.056884765625,-1758.4793701171875
train,1212,-7.614013671875,-216.204345703125
train,4544,-1740.279052734375,-1668.93212890625
train,798,2794.504150390625,2388.549072265625
train,3452,-3771.197021484375,-3207.78076171875
train,370,-6039.91796875,-6300.93359375
train,2619,-2278.906005859375,-2302.9873046875
train,1690,-2788.51904296875,-2735.286865234375
train,2186,-2987.93798828125,-2773.5859375
train,5895,-4309.3740234375,-4527.888671875
train,5520,-5908.06982421875,-6236.2822265625
train,4864,-7131.40234375,-7838.7158203125
train,1680,-7668.3271484375,-7549.4072265625
train,3157,-5208.68115234375,-4833.71044921875
train,1027,315.14892578125,80.8271484375
train,961,-1526.911865234375,-1720.9835205078125
train,1771,-1868.0479736328125,-1680.6796875
train,4402,-353.579345703125,-899.29833984375
train,4793,-2835.65087890625,-3013.219970703125
train,4570,-8296.78515625,-7981.89453125
train,3919,-6932.583984375,-6846.94873046875
train,6533,-3487.260986328125,-2909.602783203125
train,486,-3975.012939453125,-3963.793701171875
train,2402,-6222.953125,-6493.8662109375
train,413,-4994.51611328125,-4615.4130859375
train,236,-492.672119140625,192.790283203125
train,5090,-781.642333984375,-777.929931640625
train,338,-4879.298828125,-4661.501953125
train,1350,-2534.06396484375,-2532.531494140625
train,3459,-4867.0791015625,-4502.91650390625
train,3624,-122.22998046875,-123.442138671875
train,53,-5732.69287109375,-6117.7578125
train,1646,-4681.72802734375,-4253.470703125
train,6271,-8188.013671875,-8393.01171875
train,2280,-5905.57421875,-5406.953125
train,5714,1032.425048828125,1385.173095703125
train,6456,-4037.85009765625,-3655.3857421875
train,1613,848.944091796875,33.518310546875
train,2256,-3526.4990234375,-3631.547119140625
train,5321,-1479.360107421875,-1410.287353515625
train,1964,-3904.277099609375,-3642.97509765625
train,4176,-4562.05615234375,-4421.78662109375
train,3512,-2944.033935546875,-2438.30224609375
train,5828,-3893.375,-3743.633056640625
train,3928,-2224.636962890625,-2242.53662109375
train,5088,-2030.0430908203125,-2270.8798828125
train,946,-4840.47509765625,-5173.48583984375
train,3535,1922.885498046875,1719.767822265625
train,3205,-6532.0810546875,-7033.306640625
train,1333,133.31591796875,-39.010498046875
train,2030,-2725.423095703125,-2923.5849609375
train,1167,-5525.6298828125,-5529.54296875
train,6165,-3934.968017578125,-4050.161376953125
train,843,-3712.73291015625,-3771.17138671875
train,826,-87.243896484375,-23.6142578125
train,3646,-5606.36279296875,-5449.0263671875
train,2360,335.209228515625,280.605224609375
train,1989,-2467.98095703125,-2988.308349609375
train,103,-5205.5859375,-4659.95703125
train,6170,-2259.199951171875,-2198.6162109375
train,841,-1841.8699951171875,-1819.37841796875
train,5563,-5596.01220703125,-5281.794921875
train,67,-4839.18017578125,-4285.50244140625
train,2317,-3458.93896484375,-3592.51806640625
train,1561,-5042.35498046875,-5106.71875
train,1594,-4668.97509765625,-4736.27392578125
train,1673,-4787.02978515625,-4523.044921875
train,2474,-1135.083984375,-1487.853271484375
train,6268,-247.12890625,-470.9033203125
train,2365,-2013.4091796875,-2395.38427734375
train,1487,-5785.7880859375,-5906.650390625
train,1014,-3890.30908203125,-4052.202880859375
train,3327,-4792.81396484375,-4860.3798828125
train,4083,-3892.4990234375,-3950.6884765625
train,6100,-6475.61279296875,-6556.384765625
train,2154,-6225.93310546875,-5929.0830078125
train,3244,-6392.01123046875,-6652.5595703125
train,568,-8670.11328125,-8441.052734375
train,6437,-4519.02099609375,-4453.60693359375
train,6322,998.616943359375,759.035888671875
train,6328,-4194.95703125,-3667.424560546875
train,427,-1408.538818359375,-1545.921875
train,2404,-7144.736328125,-7417.8798828125
train,4167,-2966.239990234375,-2767.197265625
train,232,-3759.56689453125,-3443.01708984375
train,847,-6998.02392578125,-6597.498046875
train,2847,-7798.451171875,-8016.6572265625
train,5435,-3705.881103515625,-3542.410400390625
train,3865,-7950.1796875,-8176.7841796875
train,1407,-6656.35498046875,-6429.9951171875
train,543,-5892.31884765625,-6253.0517578125
train,2759,-6142.3330078125,-6605.6904296875
train,2138,-3768.912109375,-3669.598388671875
train,2390,-1983.6600341796875,-1859.713134765625
train,2422,-24.302978515625,-374.5244140625
train,859,123.998046875,-491.936279296875
train,5782,-2321.720947265625,-2337.762451171875
train,911,-6421.68701171875,-6240.7412109375
train,2497,-3502.4150390625,-2741.25
train,3017,-1863.969970703125,-1700.17138671875
train,2325,2168.420654296875,1991.497802734375
train,4219,-1861.154052734375,-1510.48974609375
train,3265,-6671.625,-6905.2646484375
train,6493,-4924.43505859375,-4780.1259765625
train,5402,-2526.68798828125,-2511.60546875
train,6119,-2054.055908203125,-1975.9053955078125
train,4512,-2221.6279296875,-2336.587158203125
train,3616,-1405.863037109375,-1506.125
train,949,-3102.367919921875,-2495.865234375
train,1262,-4928.48779296875,-5229.53369140625
train,6547,-5981.31396484375,-5932.1396484375
train,4816,-6394.38916015625,-6847.29638671875
train,1385,-4272.43505859375,-4339.33203125
train,3790,-4382.51806640625,-4337.2490234375
train,611,-4115.40478515625,-4171.92236328125
train,5516,928.889892578125,772.861083984375
train,3363,-408.718017578125,-10.968505859375
train,469,-431.5869140625,-295.993896484375
train,1004,-746.905029296875,-735.239990234375
train,2073,-7532.2080078125,-7504.6298828125
train,6314,1524.512451171875,758.479248046875
train,3457,-8148.6123046875,-8458.724609375
train,3246,-1702.6070556640625,-2058.81982421875
train,4550,-4687.35107421875,-4230.24609375
train,742,-4378.9482421875,-4561.24755859375
train,1020,-9053.552734375,-8753.3330078125
train,3967,-2059.637939453125,-2133.33935546875
train,4930,-3167.98388671875,-3159.9658203125
train,3416,-8352.6845703125,-8720.5869140625
train,3678,-4615.73779296875,-4850.2109375
train,947,-1418.5009765625,-1122.081787109375
train,2131,-3050.8349609375,-2560.7822265625
train,2537,-515.23095703125,-641.5166015625
train,4463,-5870.9599609375,-5945.837890625
train,4012,-1281.721923828125,-1947.3560791015625
train,4067,-513.505126953125,5.306884765625
train,5972,-3100.719970703125,-3052.27978515625
train,789,-5463.11181640625,-5237.0810546875
train,3030,-6429.68798828125,-6462.5390625
train,1919,-2330.097900390625,-2258.60009765625
train,123,-4788.73193359375,-4493.41259765625
train,1776,-434.18310546875,-683.818603515625
train,1018,-7840.5439453125,-7990.8076171875
train,6172,-5885.1669921875,-5831.802734375
train,1826,-4348.93505859375,-4598.791015625
train,4142,-5966.41015625,-5542.21630859375
train,6468,-2173.2880859375,-1690.3096923828125
train,4226,-1872.967041015625,-2093.3095703125
train,4676,-8203.9638671875,-7947.70703125
train,4519,-4177.673828125,-4262.927734375
train,5637,-1884.154052734375,-1849.0491943359375
train,4058,-1726.9859619140625,-1725.251708984375
train,5168,-2467.531005859375,-2222.8544921875
train,942,-6761.666015625,-6812.8544921875
train,4132,-2388.02294921875,-2306.83447265625
train,120,-4510.01123046875,-4440.310546875
train,2469,-2409.590087890625,-2287.23828125
train,2953,-1394.18798828125,-1757.886962890625
train,3174,-5685.26220703125,-5885.8642578125
train,780,-7188.6572265625,-7026.2138671875
train,3647,-3017.507080078125,-3146.767333984375
train,5020,2469.700439453125,1488.070068359375
train,3398,-2110.986083984375,-2124.727294921875
train,6450,1303.473876953125,969.215576171875
train,2217,-5314.6728515625,-5206.89892578125
train,41,-3273.39892578125,-3073.868896484375
train,2986,-4381.82421875,-4122.978515625
train,331,-5284.69384765625,-5260.861328125
train,15,-3161.2919921875,-2777.23046875
train,283,-3577.26611328125,-3519.543701171875
train,1611,-2143.02392578125,-1874.956787109375
train,1504,-1895.6070556640625,-1823.5452880859375
train,3628,-4654.962890625,-4911.88525390625
train,6530,-5501.30517578125,-5294.2275390625
train,5406,-3189.9951171875,-3160.1357421875
train,4231,-5899.63623046875,-5856.54541015625
train,1632,-9267.2158203125,-9280.3193359375
train,5426,-1808.3260498046875,-1614.9185791015625
train,2447,-2761.343994140625,-2876.20068359375
train,5579,-7331.0830078125,-6973.76220703125
train,5060,-5570.40576171875,-5907.05029296875
train,936,639.374267578125,457.209228515625
train,4300,-2116.3837890625,-2257.69482421875
train,5446,1383.835205078125,1431.788330078125
train,288,-8099.9404296875,-7931.27734375
train,3434,-6172.15478515625,-5941.40380859375
train,3163,-3862.06689453125,-3781.28271484375
train,163,-1440.653076171875,-1467.93212890625
train,496,-1630.8709716796875,-2262.354736328125
train,2984,-1537.711181640625,-1560.63427734375
train,803,2455.066650390625,2265.334716796875
train,4819,-5958.869140625,-6401.73828125
train,94,-5292.7421875,-5473.97705078125
train,2285,2259.913330078125,1642.472900390625
train,2559,-2464.64404296875,-2876.5537109375
train,2672,-4267.73095703125,-3679.769775390625
train,1062,-8483.57421875,-7941.6728515625
train,83,-365.68603515625,-399.8984375
train,3672,-4456.13623046875,-4190.6787109375
train,1548,-4489.44384765625,-4199.587890625
train,6436,-5032.9951171875,-4760.66943359375
train,4163,-8006.234375,-7423.451171875
train,1696,-4963.60400390625,-5226.109375
train,344,-7869.8759765625,-7773.0234375
train,271,-11676.5849609375,-11404.6689453125
train,5231,-5645.716796875,-5737.2490234375
train,1968,-1912.678955078125,-1742.9263916015625
train,5193,-298.355224609375,-687.509521484375
train,2347,-2590.375,-2745.92919921875
train,4781,-3669.260009765625,-3865.593505859375
train,5923,-2436.986083984375,-2149.8212890625
train,3376,-4005.77197265625,-3556.935791015625
train,3431,-8047.3291015625,-7833.9873046875
train,5175,-2417.882080078125,-2605.906005859375
train,3099,-2241.705078125,-1641.9373779296875
train,4379,-46.366943359375,80.015380859375
train,3337,-5024.6748046875,-4579.88720703125
train,796,-6100.19677734375,-6220.9384765625
train,2681,-2842.85009765625,-3352.132568359375
train,6412,-1818.281005859375,-1859.171875
train,5184,-6230.5849609375,-5725.65185546875
train,5150,-3231.568115234375,-3297.748291015625
train,4708,-5873.51318359375,-6054.48291015625
train,199,-3901.361083984375,-3898.025146484375
train,5513,-4213.7451171875,-4315.24267578125
train,4975,-6186.173828125,-6225.146484375
train,2205,-860.928955078125,343.031494140625
train,1722,-4332.84521484375,-4768.57958984375
train,4034,-2889.945068359375,-2766.415771484375
train,2701,-3862.44189453125,-3939.8623046875
train,3996,-2522.8720703125,-2572.374755859375
train,4638,-2251.722900390625,-2282.27685546875
train,2111,-239.071044921875,-311.762451171875
train,5037,-5309.12890625,-5317.671875
train,379,-1447.796142578125,-1483.31591796875
train,2331,-4681.63818359375,-4527.83837890625
train,4030,-9773.267578125,-9503.169921875
train,5357,-1069.2138671875,-1212.501708984375
train,977,-2759.2470703125,-2878.6923828125
train,213,-3231.364013671875,-3376.20458984375
train,4739,-5374.2470703125,-5236.85791015625
train,1187,-5136.01806640625,-5167.84521484375
train,702,-8637.0283203125,-8544.591796875
train,3045,-1104.651123046875,-913.717529296875
train,5460,-3399.9560546875,-3405.5947265625
train,3692,-5140.51513671875,-5051.8642578125
train,2843,-4230.64013671875,-4189.33544921875
train,1339,-3784.696044921875,-3646.2548828125
train,1628,-2380.85009765625,-2041.1953125
train,6434,-4507.72216796875,-3809.34326171875
train,6019,-5102.85693359375,-5072.73046875
train,2216,-649.076904296875,-803.530029296875
train,556,-5295.33984375,-5392.69287109375
train,4505,-2337.01708984375,-2363.43359375
train,1003,-4978.046875,-4945.79931640625
train,3495,-8129.9287109375,-7673.6591796875
train,2054,-1537.282958984375,-1682.4259033203125
train,2835,-84.4619140625,160.028076171875
train,997,-63.50390625,93.2373046875
train,3888,-7153.755859375,-6952.974609375
train,473,-4106.1181640625,-4405.5693359375
train,369,-5083.794921875,-5305.314453125
train,6287,-3059.123046875,-2840.0546875
train,1833,-2953.883056640625,-2977.887939453125
train,168,-3705.7109375,-3874.540283203125
train,4178,-9169.208984375,-9284.4521484375
train,701,-3988.35791015625,-3765.79248046875
train,6519,-1203.212158203125,-1282.43505859375
train,2345,-1558.017822265625,-1878.7996826171875
train,1331,1730.683349609375,1763.717529296875
train,2355,-786.94482421875,-948.3994140625
train,2589,-4012.965087890625,-3895.80908203125
train,2194,-1183.219970703125,-1399.854248046875
train,1723,-2829.676025390625,-2769.37353515625
train,4546,-2153.7060546875,-1924.1204833984375
train,6109,-102.2939453125,-312.14990234375
train,5680,-3960.4130859375,-3863.62841796875
train,3316,-2597.031982421875,-2391.633544921875
train,658,-6074.91015625,-6323.1416015625
train,1936,-5051.05712890625,-5443.0302734375
train,2441,-4567.9541015625,-4382.88623046875
train,3547,-2387.3291015625,-2017.8682861328125
train,4640,-5258.828125,-5348.009765625
train,4926,-5588.828125,-5515.171875
train,509,-2809.737060546875,-2594.83447265625
train,2045,-3761.241943359375,-3608.64794921875
train,6021,-2532.089111328125,-2448.54736328125
train,5056,-2138.35791015625,-1780.4161376953125
train,2806,131.7509765625,434.616455078125
train,2127,-1125.91796875,-1021.00732421875
train,5077,-4134.17919921875,-3590.748046875
train,3031,-1917.968994140625,-2338.35498046875
train,1925,-5225.9970703125,-4879.7861328125
train,3432,185.166015625,285.304931640625
train,985,-5275.5498046875,-5681.08935546875
train,3458,-6635.626953125,-6975.474609375
train,5996,-2515.677001953125,-2151.16650390625
train,26,-1668.699951171875,-1780.2647705078125
train,784,-1371.947021484375,-1220.66650390625
train,4899,-3737.85302734375,-3983.631103515625
train,269,-3044.5400390625,-2711.80126953125
train,3120,-3173.632080078125,-2918.46044921875
train,6464,-4244.43896484375,-4364.787109375
train,4024,1323.910888671875,912.593505859375
train,3485,-4333.81884765625,-4182.0615234375
train,2579,-1550.93603515625,-1480.16650390625
train,1517,-3196.98291015625,-3406.408203125
train,5979,-2097.693115234375,-2497.688232421875
train,3088,-6093.783203125,-6269.79443359375
train,4616,-3991.0791015625,-4224.01513671875
train,5451,-2827.2119140625,-2531.85888671875
train,109,-7233.22021484375,-7186.8173828125
train,5900,-901.68603515625,-1434.97509765625
train,4385,-3721.81103515625,-3450.459716796875
train,872,-3731.118896484375,-4027.861328125
train,3560,-2961.0439453125,-3134.22412109375
train,2581,-2933.547119140625,-3342.04345703125
train,3598,-2693.0439453125,-2690.6337890625
train,5639,-5914.7822265625,-6205.94921875
train,5506,-34.387939453125,-27.96435546875
train,4985,-4836.8779296875,-4943.3505859375
train,548,-4862.2958984375,-5506.4326171875
train,4885,-2107.3310546875,-2167.8857421875
train,5369,529.126220703125,324.387939453125
train,3410,-4485.16796875,-4301.60595703125
train,1086,-4631.22021484375,-4329.35888671875
train,3999,529.364013671875,37.376708984375
train,1731,47.357177734375,-160.05908203125
train,266,-2333.9189453125,-2207.1318359375
train,5297,-4607.4599609375,-4330.67724609375
train,2473,-4915.466796875,-5004.03955078125
train,4003,-7649.482421875,-7534.40087890625
train,5748,-6036.9638671875,-5909.025390625
train,1337,-4815.80810546875,-5022.94482421875
train,4564,-2233.967041015625,-2293.7529296875
train,6374,-3913.7548828125,-3820.4677734375
train,4915,-5779.44287109375,-5538.18212890625
train,5228,-8381.939453125,-8280.2529296875
train,766,-234.130859375,-649.54150390625
train,3383,-4022.304931640625,-4324.09716796875
train,253,-7235.10498046875,-7072.60400390625
train,4008,-2924.988037109375,-2707.5185546875
train,3700,944.670166015625,468.341064453125
train,4145,-1353.679931640625,-1469.93359375
train,2641,-6962.4951171875,-6985.5791015625
train,5499,-1695.1510009765625,-1742.275390625
train,944,-6325.9140625,-5777.95166015625
train,2395,-3814.220947265625,-4138.4296875
train,4447,-3000.571044921875,-3055.251953125
train,5519,-6447.0078125,-6350.2734375
train,532,-4358.26806640625,-4480.2421875
train,5686,-884.390625,-1193.9697265625
train,3025,-6521.3388671875,-6412.80615234375
train,4518,-2341.7109375,-2485.021484375
train,897,-4927.29296875,-4322.16015625
train,2637,-7198.0634765625,-6521.22705078125
train,4346,-1621.8499755859375,-1740.6097412109375
train,5585,728.645751953125,135.576904296875
train,848,-4848.9541015625,-4413.638671875
train,3613,-3737.491943359375,-3795.3408203125
train,4328,-4368.85205078125,-4107.38818359375
train,2848,-952.392822265625,93.665283203125
train,1823,-4701.27392578125,-4897.333984375
train,2188,-2124.885986328125,-1806.7235107421875
train,4650,-660.6640625,-814.832275390625
train,4490,-8343.376953125,-8149.4736328125
train,4932,-4228.8408203125,-4350.26416015625
train,6467,-5866.74609375,-5713.1396484375
train,1396,1950.857177734375,1653.843505859375
train,2436,-3354.785888671875,-2988.625244140625
train,818,-7208.171875,-7037.64794921875
train,2435,-1885.43505859375,-1901.6129150390625
train,5853,-7707.72900390625,-7806.1103515625
train,6194,-3124.493896484375,-2757.89013671875
train,6145,-2235.740966796875,-2501.41259765625
train,55,-1966.9378662109375,-1805.3150634765625
train,4907,-3296.1279296875,-3559.78466796875
train,222,-2208.669921875,-2268.65625
train,4236,-2077.846923828125,-2373.94677734375
train,6058,-9281.083984375,-9075.8193359375
train,4466,-2197.404052734375,-2193.71044921875
train,4244,-2058.044921875,-1665.6597900390625
train,2946,1747.038330078125,1402.349853515625
train,3866,-6570.033203125,-6845.6181640625
train,6500,-3585.529052734375,-3126.647216796875
train,2781,1003.682861328125,1031.028076171875
train,2243,-2934.123046875,-3014.8349609375
train,5278,-3089.787109375,-2191.78125
train,6489,-5616.26806640625,-5369.22705078125
train,3555,-4438.51513671875,-4528.36376953125
train,2703,-4712.7138671875,-4936.8271484375
train,1303,435.8349609375,422.753662109375
train,544,-5280.10205078125,-5029.30810546875
train,3990,-6859.3125,-6814.82861328125
train,2182,-6125.9580078125,-6764.791015625
train,4140,-5366.39990234375,-5246.9677734375
train,4250,-9232.7978515625,-9075.8017578125
train,4540,-1957.535888671875,-2268.370361328125
train,1980,-3237.49609375,-3011.068359375
train,5788,-8015.044921875,-8135.8681640625
train,1434,-6800.05908203125,-7028.830078125
train,2758,-7583.09716796875,-7156.0419921875
train,4002,-4268.19482421875,-3391.82470703125
train,376,-3262.577880859375,-3534.91943359375
train,1665,-1335.20703125,-857.78955078125
train,6404,-2038.593017578125,-2378.4580078125
train,390,-2956.85009765625,-3178.10693359375
train,5834,-3513.720947265625,-3661.009521484375
train,1667,1815.260009765625,907.278076171875
train,5336,-6226.6533203125,-6189.6826171875
train,564,-3180.72509765625,-2600.286865234375
train,5061,-2532.708984375,-2674.209716796875
train,1395,-8065.75,-7808.0859375
train,3857,-6079.43994140625,-6126.771484375
train,315,-3296.303955078125,-3226.7080078125
train,6448,-1771.884033203125,-1288.6865234375
train,4651,993.177978515625,1348.429443359375
train,5391,1613.624755859375,1550.418701171875
train,6185,-9805.689453125,-8983.7939453125
train,6076,35.681884765625,5.14208984375
train,4902,-3397.110107421875,-3696.296875
train,744,-1059.593994140625,-1412.044921875
train,2747,-2626.7958984375,-3017.71240234375
train,6074,-2930.87109375,-3041.38134765625
train,5425,-5567.8427734375,-5678.90576171875
train,5285,-7789.275390625,-7569.46337890625
train,5105,-3470.531005859375,-3412.41455078125
train,1794,-4917.78515625,-4450.20458984375
train,4121,-6142.94482421875,-6248.265625
train,2592,-4565.9189453125,-4256.28369140625
train,3682,521.573974609375,113.969482421875
train,5761,1038.610107421875,884.442626953125
train,4294,-4213.19384765625,-4833.81787109375
train,3313,-2697.719970703125,-3018.433349609375
train,5777,-3035.7109375,-3285.9716796875
train,1040,-903.219970703125,-425.05419921875
train,5263,-7593.10498046875,-7594.93701171875
train,2621,-3794.443115234375,-3561.498291015625
train,1140,-1575.329833984375,-1447.26220703125
train,2554,-6985.3720703125,-6990.84326171875
train,587,-1828.137939453125,-1557.208984375
train,6144,-5074.7861328125,-4738.8828125
train,1321,-3197.16796875,-2866.80517578125
train,2332,-5575.9150390625,-5543.48193359375
train,5541,-5893.64013671875,-5536.765625
train,4542,-2558.5029296875,-2653.501220703125
train,1246,-6844.6220703125,-6605.1083984375
train,5400,-390.927001953125,-309.884521484375
train,3233,-2494.64892578125,-2309.52490234375
train,5177,-2901.507080078125,-3159.56201171875
train,2779,-4309.08203125,-3937.48828125
train,252,-358.2958984375,-722.39697265625
train,912,-5266.11279296875,-5429.7724609375
train,1172,-4003.27099609375,-4013.683349609375
train,2580,-5417.2109375,-6083.2890625
train,5775,-7387.47021484375,-7091.12744140625
train,5485,-1489.638916015625,-1732.87890625
train,5063,295.116943359375,165.623046875
train,2087,-4513.98486328125,-4658.55859375
train,3769,-5789.05908203125,-5778.6552734375
train,5102,840.716064453125,196.994873046875
train,2081,1674.922119140625,1232.036865234375
train,5212,-3241.5859375,-2978.577880859375
train,2763,-5764.16015625,-5594.703125
train,1468,-4406.5869140625,-4039.0615234375
train,4239,-8672.189453125,-8423.4599609375
train,3536,-5699.9580078125,-5772.3154296875
train,3197,-5639.72119140625,-5763.435546875
train,4081,-2313.06103515625,-2084.5634765625
train,3655,-3678.50390625,-3662.49609375
train,4867,-2998.445068359375,-3618.8369140625
train,60,-7029.84716796875,-6255.61279296875
train,2230,-1873.1920166015625,-1785.9464111328125
train,5089,-1576.7509765625,-1991.90576171875
train,4085,-3654.98291015625,-3474.26708984375
train,2060,-1279.427001953125,-1005.46044921875
train,3020,-5349.240234375,-5803.81640625
train,246,777.079833984375,401.607421875
train,5365,-3613.4580078125,-4157.25048828125
train,1029,-3417.2470703125,-3636.93798828125
train,180,-6013.60302734375,-6696.46875
train,184,-725.52197265625,-426.693603515625
train,2643,-5050.87109375,-4381.080078125
train,3568,2526.853759765625,2480.231689453125
train,6168,-2722.801025390625,-2560.69970703125
train,3864,-1293.471923828125,-1982.1219482421875
train,2009,-4710.828125,-5080.29345703125
train,228,-6830.5380859375,-6758.201171875
train,4879,-7610.01220703125,-7207.5556640625
train,851,-3196.612060546875,-3435.894775390625
train,6475,-4826.64990234375,-5168.267578125
train,141,-1852.010009765625,-1611.7364501953125
train,3055,-128.19091796875,-191.018798828125
train,3881,-6311.7548828125,-6282.1806640625
train,6327,-3904.31201171875,-4106.70361328125
train,1313,-1964.26904296875,-2138.16357421875
train,3594,-2753.01904296875,-2461.87158203125
train,4280,-6124.55810546875,-5887.7978515625
train,5543,-2710.0048828125,-2923.4208984375
train,4197,-2564.802001953125,-2309.40478515625
train,2739,-4725.1201171875,-4323.623046875
train,254,-7263.1767578125,-7281.1357421875
train,4606,-8062.916015625,-8046.8408203125
train,4071,-2881.123046875,-2855.62890625
train,5130,536.535888671875,439.61962890625
train,878,-2258.443115234375,-2374.93408203125
train,5114,-2685.48291015625,-2635.23046875
train,602,-2412.6689453125,-2751.619140625
train,5380,-3560.033935546875,-3824.112548828125
train,6443,-2751.214111328125,-3024.42041015625
train,1678,-2577.802001953125,-2655.89208984375
train,2688,-2926.303955078125,-2734.79345703125
train,3098,-7212.3779296875,-7159.20703125
train,3078,-7826.158203125,-7823.966796875
train,3767,-3672.89990234375,-3306.1669921875
train,5410,-101.9619140625,-268.73046875
train,1933,-1414.195068359375,-1392.69970703125
train,4529,-3137.154052734375,-2669.7666015625
train,909,-5939.06591796875,-6095.26953125
train,953,-6501.31591796875,-6470.38037109375
train,4807,-6158.63818359375,-6497.8525390625
train,3553,-7867.1123046875,-7536.7119140625
train,4792,-5706.3310546875,-6167.56640625
train,5019,2227.470458984375,1369.121337890625
train,5027,-2542.9208984375,-1891.119384765625
train,164,18.712890625,-73.493896484375
train,5898,-836.720947265625,-1212.385498046875
train,2523,-2200.81494140625,-2398.0634765625
train,1588,-3189.282958984375,-3112.69677734375
train,6081,-2661.743896484375,-2838.59375
train,3821,482.300048828125,177.55859375
train,3107,-9043.8466796875,-9073.908203125
train,932,-6094.47802734375,-5936.68798828125
train,5851,-1687.7650146484375,-1354.042724609375
train,2854,-6030.93505859375,-5772.5732421875
train,4412,-4448.31494140625,-4196.46728515625
train,679,-5859.14306640625,-6109.3974609375
train,2636,-1066.60205078125,-847.0927734375
train,2861,-7136.29296875,-6818.0205078125
train,4830,-3645.968994140625,-4180.974609375
train,5031,-6480.77783203125,-6117.15185546875
train,1688,2194.208251953125,1876.364013671875
train,505,-6031.171875,-5830.94482421875
train,6247,-4778.81884765625,-4476.25341796875
train,4047,-3222.031005859375,-3190.8408203125
train,1462,-1391.861083984375,-1422.65234375
train,3014,-4671.61279296875,-4403.42431640625
train,1609,-4938.9130859375,-4606.2041015625
train,3787,-3715.029052734375,-3516.677734375
train,4442,-257.679931640625,-188.041015625
train,1419,-5160.2587890625,-4595.71533203125
train,4238,-334.656005859375,229.824951171875
train,1203,-2681.18310546875,-2047.4100341796875
train,4704,-3530.22607421875,-3753.416259765625
train,4450,-9956.037109375,-9925.486328125
train,1659,-5452.80419921875,-5278.14404296875
train,5999,-4345.5732421875,-4363.3818359375
train,3531,-11798.73046875,-11695.60546875
train,2547,-5526.53076171875,-5348.9306640625
train,726,-4498.94189453125,-4693.90576171875
train,2790,-1699.3289794921875,-1837.2958984375
train,4217,-4353.02294921875,-4448.36962890625
train,5778,-3982.60107421875,-3246.27099609375
train,4851,-5768.97314453125,-6087.2822265625
train,3125,-5399.119140625,-5381.99951171875
train,3335,2459.354248046875,2439.307373046875
train,4733,-1695.4580078125,-1861.17041015625
train,5145,-3711.968017578125,-3702.155517578125
train,791,-6119.55517578125,-5658.814453125
train,5199,-4876.6201171875,-5292.90380859375
train,6371,-2807.89892578125,-3436.234130859375
train,5800,-3235.614990234375,-3441.635986328125
train,3024,-1597.306884765625,-2029.31005859375
train,2418,-5391.123046875,-5771.642578125
train,6130,-109.52099609375,-480.052001953125
train,4815,-2557.860107421875,-1654.2220458984375
train,4865,-253.31103515625,-135.265380859375
train,5069,-6881.4951171875,-7215.8095703125
train,1458,-4186.916015625,-4431.4443359375
train,2288,-10320.43359375,-10217.4833984375
train,2656,-4722.216796875,-4676.73828125
train,1733,-4266.5380859375,-4153.07470703125
train,1459,-6789.037109375,-7128.8623046875
train,2028,-3289.248046875,-3278.857177734375
train,3428,-2160.18994140625,-2134.73291015625
train,5113,-6359.955078125,-6607.2958984375
train,1195,594.512939453125,434.503662109375
train,4240,-6677.517578125,-6440.990234375
train,5143,1011.917236328125,419.571533203125
train,5296,-7316.74609375,-7679.640625
train,2709,-2462.925048828125,-2431.82861328125
train,4089,-377.5849609375,-374.81591796875
train,3218,-2440.68408203125,-2573.16015625
train,2906,-1128.572998046875,-964.886474609375
train,152,-8880.837890625,-8864.8876953125
train,964,-5486.81591796875,-5288.6865234375
train,2927,-6225.97998046875,-6132.1083984375
train,464,-1614.1988525390625,-1627.7891845703125
train,2174,-4942.06103515625,-5082.12646484375
train,1213,-3312.365966796875,-3531.923095703125
train,4364,-4191.9091796875,-3682.02197265625
train,945,-3413.455078125,-3489.998046875
train,6218,-2932.72998046875,-3023.55029296875
train,2503,-6912.2138671875,-6538.74609375
train,6276,-6453.876953125,-6372.5078125
train,4746,-902.486083984375,-813.820556640625
train,6449,-4798.87109375,-4818.5283203125
train,300,-5141.2001953125,-4593.33837890625
train,5673,-4186.166015625,-4152.23583984375
train,5790,-4029.52099609375,-3968.02001953125
train,1605,1948.278076171875,1974.318115234375
train,3543,-3708.925048828125,-3951.5810546875
train,2990,-1050.98974609375,-1151.239013671875
train,4775,-3820.055908203125,-4547.51171875
train,4536,-5337.8427734375,-5616.61083984375
train,258,-4667.1591796875,-4600.21533203125
train,4559,654.484130859375,632.751220703125
train,3347,-2955.385986328125,-2776.939208984375
train,1898,-5990.2509765625,-5921.1318359375
train,1844,-6342.658203125,-6303.85205078125
train,6075,-3591.39892578125,-3068.03759765625
train,356,-5334.966796875,-5387.33935546875
train,2037,147.936767578125,-115.50537109375
train,598,-1379.633056640625,-1572.88037109375
train,563,-3654.467041015625,-3616.9677734375
train,3933,-5422.89208984375,-5497.2470703125
train,2582,-2753.2470703125,-2826.24169921875
train,916,-1996.8470458984375,-2089.064453125
train,553,-5181.08203125,-4946.6181640625
train,4820,-2930.887939453125,-2949.18603515625
train,3413,-7114.8671875,-7379.32666015625
train,3267,-7047.0478515625,-7248.09521484375
train,4954,-1557.031005859375,-1406.191650390625
train,5568,-4569.35009765625,-4667.5703125
train,3241,-6059.158203125,-6117.1064453125
train,2962,-2325.798095703125,-2759.041748046875
train,5049,-2207.69091796875,-2059.294677734375
train,569,-1045.719970703125,-1109.096435546875
train,1471,-1249.416015625,-2074.762939453125
train,4158,-4775.94580078125,-4371.86572265625
train,1254,-6020.51123046875,-5673.7109375
train,4265,-805.186279296875,-592.031005859375
train,4376,-6193.580078125,-6228.2001953125
train,2784,-3823.51611328125,-3774.328125
train,4395,-4938.61279296875,-4798.49267578125
train,2150,-6010.09716796875,-5530.06689453125
train,5298,-3715.011962890625,-3929.2421875
train,6385,-5629.06396484375,-5875.783203125
train,914,-3172.617919921875,-3212.138916015625
train,4689,-3145.2109375,-3658.82763671875
train,3277,-6887.15283203125,-6629.82861328125
train,5994,-1153.297119140625,-865.33056640625
train,3880,-3353.173095703125,-3671.763427734375
train,4948,-5378.98291015625,-5316.3583984375
train,1872,-1979.568115234375,-2015.9056396484375
train,3546,-1711.123046875,-1861.1153564453125
train,260,-2399.98095703125,-2200.44482421875
train,666,-1514.571044921875,-1504.1904296875
train,211,-4742.02978515625,-4862.94140625
train,3541,1709.000244140625,1575.812255859375
train,1450,-3526.430908203125,-3872.066650390625
train,5038,-3339.580078125,-2882.39111328125
train,6440,-5609.376953125,-5444.4228515625
train,6128,-6056.02783203125,-6478.21875
train,3554,-6662.5380859375,-6908.1572265625
train,921,-8378.5517578125,-8816.4287109375
train,2646,105.60595703125,213.414794921875
train,2209,-3416.547119140625,-3492.462890625
train,1780,-1004.489990234375,-1322.3818359375
train,5647,-5215.86279296875,-5211.53857421875
train,2794,367.64306640625,16.49853515625
train,6036,-4548.15185546875,-5253.33203125
train,939,-3713.469970703125,-3711.95556640625
train,1752,833.628173828125,731.012939453125
train,318,-4324.201171875,-4501.29248046875
train,3312,468.992919921875,-21.427978515625
train,6054,-3093.18505859375,-2981.28125
train,1278,-6386.1767578125,-6062.1689453125
train,3971,-545.029052734375,-1356.0888671875
train,2316,-2614.989990234375,-2092.49658203125
train,4134,3098.720947265625,2654.691650390625
train,1299,-3244.587890625,-2839.61767578125
train,134,1192.143798828125,1084.744873046875
train,657,4058.586669921875,3738.915771484375
train,6032,-4067.386962890625,-3752.907958984375
train,2751,-3764.3798828125,-3925.748779296875
train,4868,-644.4443359375,-1170.636962890625
train,3064,-5102.259765625,-5484.88818359375
train,4717,-1016.631103515625,-1609.1427001953125
train,2718,1333.123291015625,1119.844970703125
train,4658,1735.237548828125,1182.155517578125
train,3091,-2921.134033203125,-2899.87158203125
train,4923,-3213.304931640625,-2826.3642578125
train,5122,-2336.35498046875,-2047.872802734375
train,4182,-9441.8056640625,-8852.1982421875
train,5085,-6512.75,-6654.9267578125
train,4297,263.822998046875,-87.945068359375
train,3661,-8395.287109375,-8182.27734375
train,2357,-3292.81005859375,-3264.2060546875
train,4523,2306.093994140625,1252.028076171875
train,894,-1616.7020263671875,-1107.76025390625
train,4647,-7884.4951171875,-7752.83984375
train,504,-1216.586181640625,-1376.591796875
train,546,-4413.59423828125,-4362.50927734375
train,5799,-3430.8740234375,-3131.08154296875
train,66,-4080.0390625,-4312.78857421875
train,2606,-6098.9501953125,-6340.3916015625
train,1566,-3987.52001953125,-3661.247802734375
train,407,175.569091796875,446.595703125
train,3642,-5837.43212890625,-6026.7060546875
train,3618,-2823.636962890625,-2620.1806640625
train,3637,-1506.552001953125,-1813.4749755859375
train,5588,-7810.0068359375,-7589.83203125
train,4681,-7597.7470703125,-7450.552734375
train,6538,-8156.4365234375,-7995.6435546875
train,2458,-3929.31201171875,-3781.509765625
train,5886,530.770751953125,867.247314453125
train,754,-449.384033203125,-307.225341796875
train,4206,-1710.702880859375,-1608.0284423828125
train,1654,-3658.777099609375,-3695.3076171875
train,449,-4379.88818359375,-4341.267578125
train,4299,-2633.06005859375,-2083.69189453125
train,5566,-1080.56005859375,-1556.7607421875
train,734,-2621.202880859375,-2608.908935546875
train,3156,-10818.037109375,-10600.591796875
train,5299,-2574.33203125,-2692.9140625
train,834,-679.806884765625,-865.720947265625
train,3392,-6850.21923828125,-7196.7861328125
train,547,-4103.7177734375,-3923.446533203125
train,2282,-2770.863037109375,-2654.384033203125
train,600,-1382.057861328125,-1113.211669921875
train,2442,-2659.298095703125,-2460.8447265625
train,5355,-3615.26904296875,-3891.847900390625
train,2343,-3441.050048828125,-3271.365966796875
train,3456,-5702.10400390625,-5412.41162109375
train,2712,543.310791015625,-73.09814453125
train,4194,-1949.06396484375,-1882.632568359375
train,371,-4150.248046875,-4074.20068359375
train,10,-4436.7470703125,-4208.1181640625
train,3802,1297.504150390625,1349.879638671875
train,674,-724.3720703125,-998.479736328125
train,2829,-4771.72509765625,-4185.21484375
train,4855,-4055.406005859375,-4205.67626953125
train,1049,-6789.962890625,-7037.54931640625
train,6262,-5811.14599609375,-6747.171875
train,1133,-1579.233154296875,-1518.181884765625
train,4458,-3557.4951171875,-3681.06103515625
train,2777,-1572.638916015625,-1719.0701904296875
train,5751,-1610.365966796875,-930.190185546875
train,5671,-4487.89208984375,-4412.71630859375
train,5385,-1726.5201416015625,-1853.9095458984375
train,1959,-4751.56787109375,-5593.935546875
train,539,-3188.3779296875,-3035.0859375
train,5669,-2483.26806640625,-2036.6414794921875
train,4276,-1023.751953125,-732.177490234375
train,659,-4686.27294921875,-4623.82958984375
train,6269,-4107.85107421875,-4370.56201171875
train,1150,-3329.669921875,-2916.08349609375
train,4969,186.884765625,235.4033203125
train,2569,-6955.1201171875,-6969.8740234375
train,1788,-2172.779052734375,-2142.400390625
train,3237,-1969.282958984375,-2031.1053466796875
train,1587,-1403.659912109375,-1065.8818359375
train,3973,-1209.092041015625,-1186.612060546875
train,378,-4069.618896484375,-3828.04052734375
train,3575,-4594.22802734375,-4587.69775390625
train,2571,-8321.8388671875,-8098.583984375
train,5533,-823.4130859375,-1040.138671875
train,6000,-6727.525390625,-6116.140625
train,1502,-4826.91015625,-4665.44873046875
train,4943,-2784.611083984375,-3039.93994140625
train,4211,-3789.30810546875,-3713.75244140625
train,4971,-1554.884033203125,-1776.6416015625
train,5126,-4921.71484375,-4684.0546875
train,2405,-4336.9599609375,-4394.00341796875
train,4486,-3695.14990234375,-3677.011474609375
train,1374,-1165.737060546875,-971.0126953125
train,5179,-7177.86083984375,-7230.75634765625
train,51,-7186.17822265625,-6774.3798828125
train,2328,-4354.65576171875,-4355.8134765625
train,5771,-1293.126953125,-1379.130615234375
train,1778,63.76806640625,-367.56005859375
train,3440,-7756.5703125,-7729.17138671875
train,5681,-1763.0679931640625,-1657.18994140625
train,5619,-1049.089111328125,-1172.9326171875
train,5463,-2771.277099609375,-2844.76416015625
train,4452,-288.570068359375,-95.661376953125
train,1201,-1618.2359619140625,-1571.726318359375
train,1736,-1733.8360595703125,-1747.3201904296875
train,1492,278.43994140625,-132.021728515625
train,1126,-5747.97607421875,-5588.40869140625
train,6197,-2311.81494140625,-1615.573486328125
train,6131,-5800.97998046875,-5938.9072265625
train,4597,-362.005126953125,-593.697021484375
train,1608,-4889.73388671875,-4438.3447265625
train,981,-4069.882080078125,-3912.021484375
train,5399,-3699.4189453125,-3501.92333984375
train,2814,-2190.81396484375,-2333.001708984375
train,831,-6811.341796875,-6883.0693359375
train,2909,-8333.8583984375,-7987.16015625
train,1322,-1909.5579833984375,-1400.553955078125
train,2024,-3435.985107421875,-3686.633544921875
train,4119,-1999.7459716796875,-2097.87255859375
train,2680,-3100.821044921875,-2832.315185546875
train,6274,-2804.837890625,-2612.83203125
train,4734,-4404.2021484375,-3841.699951171875
train,4411,-8257.0234375,-8056.75
train,4942,-6287.9853515625,-6741.9697265625
train,1676,-5265.97705078125,-5909.0556640625
train,3292,-2924.259033203125,-2775.05126953125
train,6408,-1996.7960205078125,-1974.0301513671875
train,4645,-8289.125,-7817.203125
train,4313,-4278.26904296875,-4061.57275390625
train,2628,-3410.279052734375,-3178.3046875
train,3285,-2217.840087890625,-2176.057373046875
train,5789,-1862.2459716796875,-2213.048828125
train,307,7.294921875,139.312255859375
train,3701,-2655.214111328125,-2125.8212890625
train,5819,-1460.529052734375,-1015.7412109375
train,6506,1160.843017578125,770.880615234375
train,235,-3233.43408203125,-3097.5068359375
train,107,-5326.51904296875,-5616.88671875
train,2724,-7967.599609375,-7946.3330078125
train,534,2259.205810546875,2020.123779296875
train,979,-3062.830078125,-2814.39111328125
train,908,-5053.419921875,-4465.40185546875
train,2520,-4255.93896484375,-4143.93408203125
train,1505,-6682.81494140625,-6514.40576171875
train,6098,-5517.86083984375,-5781.55029296875
train,3029,-5701.6279296875,-5480.74853515625
train,2875,-5666.25390625,-5732.9453125
train,2219,-1532.995849609375,-1104.603515625
train,40,-4300.14013671875,-3951.22119140625
train,5070,-1627.4849853515625,-1711.7197265625
train,1480,-2884.819091796875,-2941.894775390625
train,725,-41.10888671875,-223.867431640625
train,1790,-679.237060546875,-429.0712890625
train,6238,-9680.958984375,-9454.7373046875
train,2983,-3284.56005859375,-3360.3564453125
train,4086,-2844.52490234375,-2906.680908203125
train,5528,-3802.010986328125,-2853.4111328125
train,4425,-2635.194091796875,-3524.5205078125
train,3840,-2558.160888671875,-3331.4375
train,6376,1665.736083984375,1263.907958984375
train,2536,-1787.6051025390625,-2004.934326171875
train,1288,-5389.7939453125,-5663.26513671875
train,967,-3811.840087890625,-3023.105712890625
train,599,-2043.2349853515625,-2162.50830078125
train,2043,-5254.31787109375,-5245.078125
train,1285,-3825.735107421875,-3916.6298828125
train,4298,-2675.35205078125,-2637.787353515625
train,346,-80.59033203125,-149.992431640625
train,1882,-1647.7120361328125,-1052.036376953125
train,2464,-7574.18701171875,-7904.318359375
train,4380,-4997.9521484375,-4814.96923828125
train,3154,-6117.6259765625,-6397.5556640625
train,5740,-5749.8408203125,-6338.82177734375
train,1098,237.001953125,-184.920654296875
train,6313,-2107.8291015625,-1821.427978515625
train,3514,-2134.218994140625,-1954.5216064453125
train,976,-1214.509033203125,-1331.937255859375
train,4302,-5359.2958984375,-5200.9501953125
train,3969,-7908.46484375,-7774.2861328125
train,4649,-1611.9998779296875,-1429.452880859375
train,1671,-2186.85205078125,-2291.9326171875
train,1550,-2446.0810546875,-2351.26953125
train,1729,-2520.14208984375,-2202.4384765625
train,1807,-8305.6357421875,-7732.7744140625
train,3810,476.121826171875,152.55126953125
train,6522,-3283.260986328125,-3104.400634765625
train,36,-7827.6884765625,-7747.490234375
train,3975,-6423.19091796875,-6300.6513671875
train,3689,-5742.7822265625,-5800.8193359375
train,302,-6611.8271484375,-6609.0439453125
train,2501,-1646.7430419921875,-1615.0296630859375
train,4706,-705.469970703125,-515.744873046875
train,3566,-6754.869140625,-6331.1318359375
train,1115,-2591.698974609375,-2318.535888671875
train,1111,-1995.89404296875,-1913.6220703125
train,717,-3643.89501953125,-3418.50927734375
train,3397,-3312.220947265625,-3361.853515625
train,2303,-445.159912109375,-726.05517578125
train,882,-2860.205078125,-3302.415283203125
train,5797,-6873.9921875,-6846.2158203125
train,6230,-2337.988037109375,-2392.6416015625
train,2866,-2732.39208984375,-2532.905029296875
train,5342,-5440.31689453125,-5100.021484375
train,297,-2201.6689453125,-2543.85986328125
train,5663,-5769.619140625,-5851.685546875
train,1886,-3226.032958984375,-2874.634765625
train,5272,-3124.716064453125,-3569.984619140625
train,111,-3515.842041015625,-3822.324462890625
train,358,613.830810546875,290.4482421875
train,3731,-1944.22900390625,-1506.380126953125
train,2585,-4190.93994140625,-4451.47998046875
train,1347,-3272.735107421875,-2791.87744140625
train,3217,-3196.76708984375,-3159.13671875
train,1831,-4993.60986328125,-4974.3349609375
train,1710,-5057.2451171875,-5045.5947265625
train,1090,-9744.5595703125,-9298.216796875
train,4644,-3263.89990234375,-3279.44580078125
train,5511,-2801.14111328125,-2614.58984375
train,4199,-4577.87109375,-4381.78466796875
train,5823,-2943.927001953125,-3276.31884765625
train,5718,-6908.8701171875,-7088.875
train,3987,-5188.203125,-5542.8447265625
train,6458,-3042.8310546875,-2703.791748046875
train,5194,-1503.06103515625,-1342.216064453125
train,833,-3256.48095703125,-2854.82666015625
train,2803,-803.09521484375,-787.650146484375
train,2191,-6376.44287109375,-6202.16162109375
train,2919,-1722.900146484375,-1618.6539306640625
train,5716,1509.543212890625,1308.550537109375
train,4480,-3588.806884765625,-3736.517333984375
train,1320,-3970.300048828125,-3270.90087890625
train,579,-4175.59423828125,-4073.14111328125
train,4246,-2425.049072265625,-2028.790771484375
train,1928,-587.85498046875,-700.38671875
train,218,-4132.369140625,-4596.71875
train,5701,-4184.05419921875,-4127.6669921875
train,2490,-4879.666015625,-5098.35595703125
train,5896,-3649.032958984375,-3591.293212890625
train,2117,-7103.626953125,-6543.099609375
train,1829,-2041.888916015625,-2073.65869140625
train,4200,-435.2890625,-142.57666015625
train,2364,-7647.89794921875,-7493.09765625
train,3141,-5798.091796875,-5730.09375
train,2792,-4157.47705078125,-4469.1689453125
train,1076,-2127.152099609375,-2229.310791015625
train,3662,-4412.97314453125,-4451.412109375
train,6087,-4620.828125,-4370.9169921875
train,5043,-4147.080078125,-4243.46044921875
train,1741,-3858.998046875,-4740.4619140625
train,1016,-2501.89599609375,-2166.6806640625
train,6297,-6694.505859375,-7055.6337890625
train,334,-1251.636962890625,-1663.5196533203125
train,1130,-5321.494140625,-5358.162109375
train,2038,-8924.529296875,-8599.544921875
train,4695,754.057861328125,589.048095703125
train,2279,-2405.176025390625,-2417.5693359375
train,3113,-7803.3427734375,-7846.4248046875
train,3696,1598.591064453125,1403.325927734375
train,5165,-4097.72119140625,-4453.7548828125
train,6001,-3966.2548828125,-3798.65087890625
train,1619,-4670.57177734375,-4734.85595703125
train,3322,-1629.318115234375,-1679.258544921875
train,5110,490.526123046875,279.388427734375
train,2025,-2561.43310546875,-2780.10205078125
train,2078,-5334.51611328125,-4793.044921875
train,1814,-5547.42578125,-5518.4716796875
train,3770,-4852.4189453125,-5222.6953125
train,4128,-3522.89306640625,-3667.703369140625
train,6442,-119.4521484375,-485.263427734375
train,4434,-6546.10009765625,-6433.126953125
train,3549,-247.4619140625,-506.792724609375
train,2192,-4802.36376953125,-4705.35400390625
train,5218,-2192.81201171875,-2603.874267578125
train,664,-4369.8232421875,-4248.90380859375
train,394,-1018.064208984375,-1280.27490234375
train,1845,-1703.614990234375,-1606.671142578125
train,4605,1448.262939453125,416.63671875
train,6548,-2952.6201171875,-3002.48681640625
train,2958,-2185.84619140625,-2000.542236328125
train,2839,-7208.47021484375,-7071.93310546875
train,3997,-1344.041015625,-1738.073486328125
train,5943,-2890.85107421875,-2344.715087890625
train,5612,-2908.863037109375,-2589.01123046875
train,1846,-2403.323974609375,-2783.017333984375
train,3688,-455.41064453125,-741.5458984375
train,6279,-2676.8798828125,-3355.50732421875
train,3351,-2186.909912109375,-1950.608642578125
train,3918,-962.93994140625,-1228.575439453125
train,3846,-3321.948974609375,-3714.145751953125
train,3378,-4155.36376953125,-4480.0849609375
train,3936,-4753.93798828125,-4549.45556640625
train,1610,599.111083984375,-108.294189453125
train,5367,860.167236328125,-164.70654296875
train,1369,-2153.032958984375,-2349.28271484375
train,2495,-1812.2130126953125,-1845.8897705078125
train,6310,-4742.8798828125,-5152.099609375
train,1482,-4757.8330078125,-4657.80859375
train,1893,-3979.472900390625,-4166.484375
train,5661,1548.322998046875,1410.768310546875
train,3172,-7356.72705078125,-7194.248046875
train,4335,-5961.12890625,-6497.123046875
train,1301,-6231.0146484375,-5687.8505859375
train,3396,-3721.126953125,-3464.23388671875
train,5850,-3419.02001953125,-3420.776611328125
train,4693,-5120.93115234375,-5265.287109375
train,2130,765.344970703125,654.844482421875
train,4424,-2533.6630859375,-1948.3880615234375
train,4027,-2704.881103515625,-2670.81591796875
train,3276,-175.89208984375,-400.091552734375
train,2496,-2943.492919921875,-2643.259765625
train,2921,-1324.431884765625,-1094.829833984375
train,5248,-7755.720703125,-7552.94140625
train,4686,661.460205078125,630.072998046875
train,6282,-6376.10546875,-6636.44384765625
train,5389,-1391.56005859375,-1648.948974609375
train,1683,-1889.9610595703125,-1664.5401611328125
train,3670,-1194.041015625,-500.43994140625
train,489,-3903.27001953125,-3640.4990234375
train,4843,-6717.1201171875,-6826.1064453125
train,521,-3673.27197265625,-3081.28271484375
train,6421,-1145.275146484375,-1619.91552734375
train,4869,-1296.7080078125,-1541.813720703125
train,3236,-984.7509765625,-1109.982421875
train,6532,-3365.139892578125,-3554.62109375
train,6150,-6509.0009765625,-6230.89990234375
train,1516,-845.360107421875,-625.808349609375
train,6066,-6847.32421875,-7640.05810546875
train,6441,-3597.47802734375,-3664.819091796875
train,2971,-7350.08984375,-7243.20068359375
train,3573,-6243.5048828125,-5834.591796875
train,6513,-5336.23095703125,-5488.5185546875
train,460,-3587.779052734375,-3813.045166015625
train,2414,-1436.198974609375,-1650.982666015625
train,3882,-2497.283935546875,-2673.37646484375
train,5242,-3512.173095703125,-3501.3837890625
train,1721,487.743896484375,228.4453125
train,0,1561.537841796875,1011.706787109375
train,4507,-2397.39306640625,-3039.681396484375
train,4664,-11738.107421875,-11083.7373046875
train,3482,685.519775390625,433.935546875
train,6405,-7096.2080078125,-7134.6494140625
train,3871,-3745.985107421875,-4110.21142578125
train,3053,-2276.84716796875,-1877.34375
train,3913,-9489.1572265625,-8949.1689453125
train,3046,-3746.384033203125,-3740.771484375
train,5550,-3147.655029296875,-3099.702880859375
train,1184,-4130.31787109375,-3877.564697265625
train,5628,-3124.14501953125,-3606.978759765625
train,2334,-4217.2822265625,-4328.52001953125
train,4955,-811.654052734375,-682.10791015625
train,3660,-4898.9091796875,-4930.7470703125
train,6414,-1548.970947265625,-1860.240234375
train,4580,179.416015625,67.250732421875
train,1768,-4994.4619140625,-5380.35107421875
train,4339,-5486.623046875,-5684.78662109375
train,4665,1371.131103515625,1030.586669921875
train,5366,-1186.010986328125,-1434.817626953125
train,6029,-2940.489990234375,-3106.52978515625
train,2208,-3054.35888671875,-3454.800048828125
train,588,-3624.85888671875,-3189.347412109375
train,4973,-4430.6298828125,-4594.42724609375
train,4213,-4800.89892578125,-5059.82080078125
train,20,-949.671142578125,-754.42236328125
train,5527,-4270.27880859375,-4490.56298828125
train,3095,-372.8291015625,-669.391845703125
train,4895,-2830.89990234375,-2297.724609375
train,6505,495.284912109375,538.666748046875
train,2020,-2570.677001953125,-2730.642578125
train,3808,-2728.658935546875,-2295.272705078125
train,5596,-4468.69091796875,-4640.10986328125
train,1006,-2101.882080078125,-1995.4571533203125
train,179,-3066.65087890625,-3064.576416015625
train,189,-5581.77294921875,-5076.87890625
train,3318,-8306.986328125,-8700.6533203125
train,1851,-4743.7001953125,-4597.7275390625
train,4898,-1017.243896484375,-1019.41064453125
train,2912,-1104.197998046875,-1012.7451171875
train,5875,-4274.2158203125,-4360.9541015625
train,852,-5074.81298828125,-5527.64404296875
train,2695,-3725.72900390625,-3578.16162109375
train,44,-4855.0078125,-4640.8037109375
train,4967,-3472.72900390625,-2996.834228515625
train,4479,-2105.16796875,-2001.488037109375
train,25,-3880.3310546875,-3228.026611328125
train,1061,-3975.001953125,-4058.990234375
train,4156,-5728.9501953125,-5564.845703125
train,5918,-2711.0791015625,-2541.38671875
train,3497,-4289.89990234375,-4166.04052734375
train,2653,-5301.451171875,-5277.2021484375
train,4824,-1524.069091796875,-1401.296142578125
train,391,-4662.7529296875,-4468.24755859375
train,4730,-3746.3701171875,-3628.658203125
train,1739,-3669.5849609375,-4374.548828125
train,5503,-6963.171875,-6979.4287109375
train,5186,-2684.48291015625,-2852.512939453125
train,3663,-9205.6640625,-9152.7353515625
train,6521,-9703.234375,-9647.787109375
train,3146,-627.137939453125,-768.8974609375
train,340,-1709.303955078125,-2303.3935546875
train,5978,-5656.81103515625,-5835.09326171875
train,3195,-9484.5126953125,-9258.1240234375
train,6470,-1037.805908203125,-1239.289794921875
train,5198,-5406.51708984375,-5508.943359375
train,3658,368.674072265625,7.95703125
train,875,-7725.07421875,-7498.43994140625
train,5154,-7424.26611328125,-7540.3720703125
train,2268,-3202.385009765625,-2982.8408203125
train,1426,-2527.4599609375,-2984.62646484375
train,2152,356.29296875,331.891845703125
train,5920,449.04296875,698.272216796875
train,3640,-1458.182861328125,-1698.0069580078125
train,2689,1045.067138671875,563.214599609375
train,5514,-2973.758056640625,-3177.314697265625
train,727,14.9580078125,-391.127685546875
train,2099,-6374.0732421875,-5961.5185546875
train,590,-492.15478515625,-924.930419921875
train,4157,652.122802734375,534.020263671875
train,2062,-6363.89501953125,-6675.5498046875
train,5320,-4772.05078125,-4737.69580078125
train,3828,-5309.951171875,-5259.6767578125
train,595,-836.339111328125,-1234.57080078125
train,3213,-4199.5517578125,-4234.5615234375
train,2416,-3213.8701171875,-2914.066650390625
train,4534,-1713.5350341796875,-1689.2838134765625
train,790,-3030.23388671875,-2471.62744140625
train,4372,-2877.10791015625,-2649.21875
train,136,-2445.972900390625,-1677.531005859375
train,931,-3305.614990234375,-3695.10791015625
train,1500,-5552.22119140625,-6074.95751953125
train,2948,-5706.048828125,-5514.91845703125
train,4762,-5301.15576171875,-4908.8984375
train,4449,-3807.7470703125,-3967.233154296875
train,1555,-3724.470947265625,-3903.579833984375
train,3588,-10308.7119140625,-10182.9306640625
train,3529,-6047.52197265625,-5741.05224609375
train,3623,-4626.22021484375,-4716.0009765625
train,1908,-941.02392578125,-825.3935546875
train,1687,-3100.541015625,-3045.962646484375
train,2807,-817.922119140625,-1145.590576171875
train,1153,-6038.90283203125,-5772.08154296875
train,4350,-890.54296875,-898.440185546875
train,2119,-7372.30908203125,-7217.0654296875
train,471,-3285.508056640625,-3176.057373046875
train,3478,-2237.635986328125,-2163.71240234375
train,1931,-1842.634033203125,-1517.777587890625
train,1108,-2872.958984375,-2678.52001953125
train,2510,-4775.4658203125,-5063.30908203125
train,1871,-5928.7001953125,-5877.79296875
train,171,-7732.130859375,-8082.296875
train,6484,-3603.1259765625,-3514.63330078125
train,5494,-1740.5040283203125,-2294.053466796875
train,6476,-6644.13720703125,-6162.03173828125
train,1216,-1246.388916015625,-1410.466796875
train,2957,-4037.830078125,-4520.75634765625
train,1614,-4258.18994140625,-5052.57470703125
train,899,-5196.06982421875,-5246.4736328125
train,5667,-2694.366943359375,-2735.27734375
train,5728,-2426.113037109375,-2602.78564453125
train,694,-7039.04296875,-7068.6875
train,2315,-6133.328125,-6112.53125
train,4234,-3312.25390625,-2746.62646484375
train,1553,-430.534912109375,-214.30029296875
train,618,-3088.277099609375,-3082.8203125
train,1581,-949.52392578125,-849.1875
train,5190,-4725.033203125,-4730.984375
train,3343,1317.178955078125,1251.914306640625
train,6219,-2650.25390625,-2885.978271484375
train,4671,-5276.828125,-5348.93701171875
train,5098,-7830.134765625,-7579.4638671875
train,3420,-2000.2080078125,-2139.87109375
train,5935,-3841.573974609375,-3913.6103515625
train,566,-3549.27587890625,-3886.15234375
train,858,-7050.0859375,-7042.4072265625
train,2568,-5264.94921875,-5443.2216796875
train,2666,-1109.672119140625,-1760.4666748046875
train,5417,-1683.510986328125,-1637.62109375
train,4324,-2103.633056640625,-2209.574951171875
train,6221,-10563.7861328125,-10973.9404296875
train,1510,-1476.948974609375,-1875.0064697265625
train,673,-2763.291015625,-2385.678955078125
train,1577,-3072.56005859375,-3135.162109375
train,753,-7147.0859375,-6815.564453125
train,1425,-2945.321044921875,-2348.898193359375
train,2591,-4643.2958984375,-4282.85205078125
train,1603,133.06005859375,-219.072265625
train,3443,-2664.175048828125,-2875.15185546875
train,5507,-2691.281005859375,-2865.10302734375
train,493,-1767.656982421875,-1799.3194580078125
train,4332,-3490.18798828125,-3442.376220703125
train,824,-1723.2470703125,-1521.145751953125
train,6516,-9903.962890625,-10119.513671875
train,3290,-1119.9150390625,-1205.54931640625
train,4726,-3685.201904296875,-3527.472900390625
train,1360,-6492.77197265625,-6311.326171875
train,4117,-7320.48046875,-7345.3701171875
train,2598,-1666.1510009765625,-1460.9794921875
train,3198,1302.239990234375,956.554443359375
train,4365,2062.290283203125,1508.142822265625
train,6215,980.335205078125,811.546142578125
train,4777,-4566.740234375,-4956.140625
train,5583,-5901.7978515625,-5885.8876953125
train,3891,-2657.06591796875,-2653.928466796875
train,1091,-2941.87890625,-2909.125244140625
train,2252,-3835.324951171875,-3629.0283203125
train,4643,-4369.40380859375,-4654.568359375
train,4388,-2475.402099609375,-2853.3916015625
train,1754,-1256.755126953125,-670.416748046875
train,1530,-6310.6572265625,-6125.1083984375
train,1370,-7218.66015625,-7413.0537109375
train,2994,-2799.9619140625,-2576.730712890625
train,6377,-1295.551025390625,-1575.710693359375
train,2552,-4556.1171875,-4104.751953125
train,4600,-3605.26708984375,-3043.416015625
train,2877,-4263.22998046875,-4384.3056640625
train,1571,-5658.61181640625,-5866.455078125
train,1454,-1559.214111328125,-987.96484375
train,3711,-721.112060546875,-803.99951171875
train,5534,-3151.2060546875,-2664.260498046875
train,741,-1706.7760009765625,-1387.029052734375
train,4841,-2746.989013671875,-2460.5693359375
train,959,-653.05908203125,-1313.783203125
train,2540,-5466.55078125,-5266.8251953125
train,6486,664.427978515625,555.545654296875
train,6525,-6197.05810546875,-6230.17578125
train,2944,-8619.833984375,-9094.4306640625
train,698,-1923.6590576171875,-1476.578369140625
train,5370,-3727.14404296875,-3376.8046875
train,4103,-6045.6748046875,-6279.74609375
train,4177,-4424.7080078125,-4577.1767578125
train,4222,-3432.27099609375,-3246.623046875
train,306,-4192.1279296875,-4271.45703125
train,259,-1880.9251708984375,-1914.068359375
train,3902,-708.174072265625,-821.14404296875
train,6224,-7372.3662109375,-7260.4189453125
train,3593,-5737.0,-5650.541015625
train,561,-2193.619140625,-2325.70751953125
train,3735,516.131103515625,233.260009765625
train,2832,-310.3359375,-435.7841796875
train,2101,-4105.80615234375,-4274.39404296875
train,6540,-4408.60009765625,-4935.212890625
train,4680,-10266.103515625,-10100.9375
train,2494,2042.096923828125,1104.282470703125
train,5787,-4375.87890625,-4414.94287109375
train,2462,-6069.55908203125,-5848.53857421875
train,6392,1901.312744140625,1287.253662109375
train,2281,-5384.3349609375,-5745.4453125
train,197,-4247.2421875,-3996.28271484375
train,335,328.923095703125,-283.905029296875
train,380,-2347.791015625,-2038.098388671875
train,200,-2178.5029296875,-2194.9765625
train,4799,-3338.092041015625,-3533.190185546875
train,187,-2591.220947265625,-2342.4140625
train,3037,-2564.93603515625,-2124.548828125
train,4528,-2104.134033203125,-1999.783447265625
train,5015,-6210.8974609375,-6144.0390625
train,1544,-8092.8017578125,-7976.1708984375
train,4743,-3992.680908203125,-4220.537109375
train,4252,-2538.864990234375,-2619.82568359375
train,3657,891.280029296875,609.804931640625
train,5131,-6716.8291015625,-6322.8251953125
train,3524,-4735.72607421875,-5397.486328125
train,3611,-3683.66796875,-3949.8515625
train,4108,-5624.17578125,-5411.92333984375
train,648,-5195.68701171875,-5685.90087890625
train,6179,902.001220703125,402.349365234375
train,6301,-7056.599609375,-7038.478515625
train,5967,-5473.56201171875,-6023.43701171875
train,1162,-862.802978515625,-1393.4658203125
train,4318,-6258.97607421875,-6300.16796875
train,1883,-8755.2568359375,-9016.4794921875
train,934,-3797.97412109375,-2996.973388671875
train,1453,-2451.4208984375,-2412.31884765625
train,3728,-4592.8427734375,-4634.6337890625
train,5607,-4951.68994140625,-4789.7060546875
train,2387,-2991.412109375,-2889.046875
train,542,-245.927001953125,-664.56201171875
train,4669,-10395.068359375,-10618.5673828125
train,2369,-6735.56787109375,-7081.6025390625
train,4714,-5650.326171875,-5716.52197265625
train,2426,-496.02099609375,-630.545654296875
train,4951,-7752.3818359375,-7821.3779296875
train,1848,-2371.784912109375,-2162.123046875
train,1501,-1033.307861328125,-750.70556640625
train,5633,-3069.85302734375,-3409.135009765625
train,3782,-4744.994140625,-4661.1142578125
train,3509,-1642.51904296875,-1543.556640625
train,1541,-2614.6220703125,-2369.06640625
train,3377,-2269.716064453125,-1938.1533203125
train,5966,-4057.97412109375,-2748.601318359375
train,2122,-1351.610107421875,-992.03271484375
train,5879,-5029.6171875,-4983.70556640625
train,4162,-2279.64990234375,-1949.9288330078125
train,2306,-263.033935546875,-124.71533203125
train,5249,-4115.4638671875,-4010.709228515625
train,6545,-3610.31591796875,-3675.34619140625
train,4268,-2135.419921875,-2312.0927734375
train,2753,1164.701904296875,1008.658447265625
train,1442,-4849.26123046875,-4488.95263671875
train,1169,-3560.389892578125,-3614.53173828125
train,5664,-2609.007080078125,-2245.559814453125
train,5477,-3378.962890625,-3048.078857421875
train,606,-1874.9100341796875,-1683.6904296875
train,3776,-1952.4110107421875,-2161.780029296875
train,1497,-4311.255859375,-4256.8837890625
train,533,-4706.15576171875,-4729.5302734375
train,1316,-3975.1220703125,-3841.902587890625
train,4092,-2305.948974609375,-2271.44873046875
train,5397,-569.86279296875,-694.311279296875
train,4115,-8378.72265625,-8441.431640625
train,4055,540.343017578125,394.46337890625
train,363,-5145.15087890625,-5065.232421875
train,5876,847.872802734375,751.379150390625
train,6233,-3609.263916015625,-3421.125732421875
train,5559,-2860.389892578125,-2545.6806640625
train,524,-2801.178955078125,-2734.9150390625
train,1154,-4800.2568359375,-5119.6787109375
train,5062,-3766.0869140625,-3948.505859375
train,3600,-3961.009033203125,-3639.361083984375
train,3625,-3955.928955078125,-3720.51904296875
train,2088,-4161.05712890625,-4461.41357421875
train,1536,-4209.8017578125,-4392.18212890625
train,3070,-2107.10693359375,-2102.83203125
train,5021,-4605.89404296875,-4707.03125
train,613,-4479.5478515625,-4769.52685546875
train,3228,-4707.923828125,-4626.48388671875
train,2612,-7421.37890625,-7706.123046875
train,1787,-3359.76806640625,-3026.198974609375
train,811,370.177978515625,258.51171875
train,23,872.695068359375,1032.148193359375
train,410,-7552.341796875,-6825.56201171875
train,3914,-4918.4638671875,-4734.650390625
train,1724,813.552001953125,640.218017578125
train,1398,-3570.201904296875,-3946.28759765625
train,3694,-4643.92919921875,-4406.17626953125
train,5476,-4473.15576171875,-4357.9599609375
train,4374,-2275.924072265625,-2612.548828125
train,193,-3172.39892578125,-2615.63037109375
train,2891,-2699.0390625,-2534.89013671875
train,4670,-2445.10888671875,-2586.849609375
train,1344,-3306.472900390625,-2672.778564453125
train,1977,-5286.990234375,-4936.43701171875
train,4068,-1655.3509521484375,-1996.777099609375
train,6305,-1871.7899169921875,-1532.389404296875
train,716,-6000.751953125,-6497.23828125
train,4334,-5511.10791015625,-5374.2841796875
train,2055,-3850.181884765625,-4045.87646484375
train,3698,-4107.34716796875,-4207.94580078125
train,4429,-944.89794921875,-894.231689453125
train,4208,-2669.092041015625,-2645.045654296875
train,295,-3492.180908203125,-3507.82421875
train,5688,-840.283203125,-890.554443359375
train,2756,-3966.739990234375,-4226.56689453125
train,4139,-1326.221923828125,-1207.4287109375
train,5211,-3296.60888671875,-3859.689453125
train,4420,401.843994140625,215.805419921875
train,4413,-5634.10595703125,-5653.99609375
train,1387,-6278.5537109375,-6132.4677734375
train,397,-2688.5830078125,-2697.12060546875
train,14,-355.205078125,-654.396240234375
train,6228,-7473.85009765625,-7980.4384765625
train,445,-4289.0068359375,-4781.8330078125
train,3426,283.003662109375,-32.63720703125
train,1192,-6669.1669921875,-6853.6826171875
train,4293,-6271.89599609375,-6531.490234375
train,3303,-819.508056640625,-1021.419189453125
train,5891,-6249.7421875,-6799.552734375
test,4911,-3056.14892578125,-3241.904296875
test,2478,-1943.666015625,-2285.95458984375
test,3912,-7936.3349609375,-8332.1396484375
test,5213,-551.247314453125,-530.81103515625
test,4401,-5819.32080078125,-6703.689453125
test,2356,-871.23095703125,-723.837890625
test,6393,-2198.077880859375,-2605.279296875
test,4187,-6498.52392578125,-6506.31640625
test,5423,-1453.3310546875,-1250.802734375
test,1368,-5761.8837890625,-5883.408203125
test,1210,-2800.95703125,-2742.453369140625
test,1424,-4440.9990234375,-4208.7763671875
test,1319,-3268.387939453125,-3631.015380859375
test,1600,-5174.2509765625,-5381.74169921875
test,467,-2297.906982421875,-2454.9228515625
test,2812,-5259.05517578125,-4925.7197265625
test,508,-2917.64306640625,-2786.3232421875
test,2358,-1684.0489501953125,-1097.616943359375
test,1197,-3286.68701171875,-3540.100341796875
test,4074,-7301.77734375,-7465.24560546875
test,2804,-5527.123046875,-5686.2431640625
test,3984,-8715.5283203125,-8043.701171875
test,76,-1551.386962890625,-1897.413330078125
test,4527,-6830.84912109375,-6741.748046875
test,520,-4410.77783203125,-4237.6806640625
test,2908,-5964.208984375,-6222.67578125
test,4149,-5881.294921875,-6090.5732421875
test,62,-5026.0732421875,-5868.6611328125
test,33,-1801.6650390625,-1737.2716064453125
test,1474,-4364.23388671875,-4508.4072265625
test,2662,-4561.85009765625,-4800.44091796875
test,1317,-3561.4599609375,-3828.874755859375
test,3641,-8961.9072265625,-9392.2666015625
test,1295,-4268.162109375,-3831.66845703125
test,2604,-7700.30859375,-6980.76171875
test,4309,-8820.21484375,-8786.8388671875
test,4050,-2509.43994140625,-1958.7894287109375
test,1159,-6660.14404296875,-6501.7783203125
test,2,-4394.05712890625,-4191.55224609375
test,3587,-6381.8662109375,-6495.294921875
test,5181,-964.906982421875,-1017.653076171875
test,1080,-4727.46484375,-3840.502197265625
test,2380,-2346.990966796875,-2278.081787109375
test,2075,-1164.9189453125,-1420.445556640625
test,5859,-1344.017822265625,-1649.2244873046875
test,5672,-1805.9210205078125,-1725.198974609375
test,474,-730.9970703125,-1310.333251953125
test,6209,-1160.278076171875,-2167.556640625
test,4060,-4979.5009765625,-4861.755859375
test,4090,-5965.81005859375,-5858.98828125
test,5157,722.728759765625,35.177490234375
test,3229,-7403.89306640625,-6846.4462890625
test,3279,-5357.509765625,-5524.9970703125
test,1990,-630.56396484375,-217.31494140625
test,5440,-116.97900390625,-603.1748046875
test,1336,-3409.450927734375,-3251.102783203125
test,4153,-7838.5029296875,-7147.48681640625
test,924,-13295.8232421875,-13118.2333984375
test,4135,-7972.8720703125,-7610.8232421875
test,4696,-1895.1058349609375,-1935.50048828125
test,5427,8.76708984375,-138.099609375
test,4601,-7961.6826171875,-8262.111328125
test,5712,-740.530029296875,-1268.2421875
test,6073,-2894.864013671875,-2525.71826171875
test,6115,-3088.10498046875,-2751.5673828125
test,647,-2381.4541015625,-2246.47216796875
test,1432,-6205.81982421875,-5044.53515625
test,5678,-2011.2139892578125,-2436.8583984375
test,1817,518.205810546875,305.263916015625
test,2320,-5386.43701171875,-5188.1572265625
test,4685,-3876.39501953125,-3903.254150390625
test,1479,-4941.39013671875,-4908.18798828125
test,4191,-6552.39453125,-6738.26025390625
test,2737,-5764.77001953125,-5562.51025390625
test,2267,-4121.0,-4453.04052734375
test,3523,-3892.344970703125,-3525.11669921875
test,2245,-3035.449951171875,-3380.446533203125
test,605,-3500.68310546875,-3285.845458984375
test,5746,-1630.4659423828125,-1995.49169921875
test,6534,-2033.7020263671875,-2066.67138671875
test,711,-2242.205078125,-1935.4339599609375
test,1797,-401.10205078125,-19.036376953125
test,4571,-4938.76220703125,-4735.1044921875
test,6483,-4298.837890625,-4354.75
test,6311,444.8291015625,101.114990234375
test,2856,-2768.3369140625,-2613.07861328125
test,1423,-4521.2421875,-4508.88916015625
test,5801,-629.513916015625,-496.428466796875
test,868,-4457.783203125,-5630.39453125
test,3783,-2249.3720703125,-2371.34619140625
test,243,-6829.34814453125,-6644.7158203125
test,5910,-3592.054931640625,-3054.814208984375
test,5243,-663.239013671875,-628.2421875
test,4603,-6901.72900390625,-7775.4228515625
test,110,-5374.5087890625,-4843.12939453125
test,1629,-4045.322998046875,-4501.14697265625
test,923,-12388.7578125,-11994.6611328125
test,3364,-3704.77099609375,-2913.9130859375
test,5860,-787.575927734375,-1443.56787109375
test,5831,329.496337890625,610.216064453125
test,5864,-2629.2119140625,-1564.0947265625
test,4722,-4268.85693359375,-4579.8564453125
test,5846,-964.998779296875,-780.246826171875
test,2785,-6753.43896484375,-6964.24755859375
test,1488,-3861.18505859375,-3785.70556640625
test,571,-3493.4150390625,-3963.678955078125
test,3325,-6234.72607421875,-6093.1552734375
test,2050,-1273.468017578125,-1252.267333984375
test,6261,-1295.635009765625,-1621.8612060546875
test,4321,-7907.962890625,-8324.1357421875
test,3908,-7663.96923828125,-7494.84765625
test,2960,-4662.0869140625,-4644.07275390625
test,636,-1931.8731689453125,-2152.193115234375
test,6190,-3192.781005859375,-3974.0048828125
test,2793,-4301.923828125,-3710.07861328125
test,2570,-6620.1845703125,-6752.2470703125
test,4553,-4799.9248046875,-4868.82861328125
test,999,-5883.94287109375,-5311.85009765625
test,1523,-1674.4169921875,-1757.2677001953125
test,750,-2497.830078125,-2480.01123046875
test,5877,-180.395263671875,298.217041015625
test,2313,-4871.73681640625,-4904.6845703125
test,1971,-3568.7451171875,-3604.4912109375
test,6409,-3634.98291015625,-3127.526611328125
test,1156,-4935.90185546875,-5371.548828125
test,1800,546.237060546875,180.995361328125
test,5939,-2517.3330078125,-1922.5303955078125
test,3946,-6847.2119140625,-6607.66845703125
test,1832,-2238.5009765625,-2627.98779296875
test,2929,-3451.35888671875,-3080.967041015625
test,3001,-3400.14501953125,-4050.94970703125
test,5315,766.524169921875,948.586181640625
test,2541,-4722.22119140625,-4388.37646484375
test,6009,-6074.041015625,-6386.78857421875
test,3562,-4289.94091796875,-3902.86083984375
test,2801,-5414.2041015625,-5960.5380859375
test,3699,-5562.5400390625,-5692.15966796875
test,1838,-3314.6689453125,-3219.26025390625
test,2103,-3013.26611328125,-2911.078857421875
test,5606,-295.049072265625,45.124267578125
test,6249,-53.717041015625,-773.234375
test,5713,-1161.795166015625,-1451.8935546875
test,4181,-7513.86376953125,-7178.3125
test,4780,-3968.93994140625,-2948.63525390625
test,2910,-4673.169921875,-5419.1982421875
test,2549,-4560.22216796875,-4641.2744140625
test,4516,-7171.1318359375,-7342.7177734375
test,5003,-3296.9619140625,-3059.00146484375
test,5431,2236.910888671875,1431.469482421875
test,5035,-777.14892578125,-602.47265625
test,4383,-7040.330078125,-7952.615234375
test,817,-4208.8681640625,-3796.388671875
test,3622,-8149.1865234375,-7870.4296875
test,1079,-3897.85205078125,-3045.54443359375
test,3691,-3578.013916015625,-3967.266357421875
test,3090,-4649.18408203125,-4908.0029296875
test,3609,-6291.14990234375,-6195.083984375
test,1024,-1668.844970703125,-1467.965576171875
test,4192,-5956.3251953125,-6018.7158203125
test,5785,-1371.56396484375,-980.053955078125
test,5551,-52.18310546875,-422.290283203125
test,6134,-2192.56103515625,-1315.8173828125
test,6148,-1501.869873046875,-1893.8316650390625
test,1139,-2620.697021484375,-2635.623046875
test,905,-8418.841796875,-7729.2744140625
test,3739,-8333.1953125,-7597.52734375
test,5457,1527.644775390625,1343.885986328125
test,3898,-4446.1240234375,-4842.0224609375
test,5884,-4592.2001953125,-5147.77587890625
test,5594,-1970.8800048828125,-1507.081787109375
test,5039,-2395.924072265625,-1682.717529296875
test,3006,-4736.412109375,-4994.3232421875
test,1125,-5097.5390625,-5647.6220703125
test,808,-3998.910888671875,-3732.332763671875
test,6136,-2002.2581787109375,-1487.68359375
test,1887,-775.5869140625,-706.360595703125
test,1189,-1894.52783203125,-1965.0892333984375
test,4269,-9233.103515625,-8917.2890625
test,3786,-3185.405029296875,-3390.56396484375
test,4929,-4025.51611328125,-4116.849609375
test,3816,-6126.30908203125,-5993.1669921875
test,2010,-1614.93603515625,-1040.8701171875
test,5018,-3944.264892578125,-3551.34619140625
test,3074,-5726.18798828125,-5304.4267578125
test,4925,-5441.6240234375,-5324.3193359375
test,2522,-4416.77490234375,-4348.82373046875
test,97,-5871.3291015625,-5646.39013671875
test,112,-5269.09814453125,-4576.8173828125
test,2401,-3178.7490234375,-2858.52734375
test,4517,-7327.15185546875,-7447.0048828125
test,4801,-2841.64892578125,-3487.21875
test,3737,-8356.96484375,-8240.1416015625
test,4791,-2927.376953125,-2637.9248046875
test,3083,-4588.8369140625,-5335.82568359375
test,484,-1721.4361572265625,-1507.540771484375
test,3725,-8868.421875,-8411.876953125
test,3496,-7527.546875,-7372.9580078125
test,226,-5082.783203125,-3946.675048828125
test,6120,-4566.6337890625,-4184.58740234375
test,2241,-2372.722900390625,-2346.69384765625
test,1640,-8215.7783203125,-7432.6650390625
test,4728,-4816.9189453125,-4733.61328125
test,3977,-6048.93798828125,-5540.6728515625
test,4107,-8392.52734375,-8268.47265625
test,1315,-4851.65478515625,-4948.29541015625
test,2403,-2318.388916015625,-2717.116943359375
test,3742,-6698.5390625,-6471.376953125
test,5878,-335.980712890625,-467.4072265625
test,688,-3152.948974609375,-3048.18603515625
test,3007,-4898.287109375,-4996.794921875
test,2116,-1473.81494140625,-1476.76806640625
test,3308,-4049.678955078125,-4248.4365234375
test,2012,-2257.11865234375,-1341.240966796875
test,2923,-2756.2880859375,-2604.9892578125
test,389,-3963.537109375,-4806.3583984375
test,1740,293.845947265625,415.30078125
test,3114,-1920.8590087890625,-2453.57470703125
test,61,-5066.2509765625,-5455.6279296875
test,988,-2494.660888671875,-1917.7755126953125
test,5033,-1958.9649658203125,-1301.191650390625
test,4672,-3427.56591796875,-2626.613037109375
test,3836,-5165.23876953125,-5232.28759765625
test,128,-3914.595947265625,-4075.984375
test,3101,-5000.740234375,-4025.69775390625
test,3423,-7674.30810546875,-7945.3388671875
test,1954,-3355.881103515625,-3255.1103515625
test,5162,-1341.18701171875,-1651.465576171875
test,3187,-6720.39306640625,-6943.51171875
test,5536,1745.554931640625,1313.219970703125
test,2562,-5016.134765625,-5324.751953125
test,2805,-6112.9658203125,-5599.1064453125
test,2577,-8479.396484375,-8107.240234375
test,6155,-2063.3759765625,-1849.1837158203125
test,6094,-2132.34912109375,-1650.2303466796875
test,4017,-5083.23291015625,-4882.169921875
test,6,-5259.9267578125,-5179.689453125
test,1995,-421.281005859375,-1128.494140625
test,1292,-2785.27587890625,-2917.694091796875
test,4539,-7122.4150390625,-7014.0087890625
test,5099,-417.536865234375,-591.148193359375
test,1955,-3860.7109375,-3103.52587890625
test,1506,-3617.7958984375,-3762.268310546875
test,4279,-7704.6279296875,-7997.8232421875
test,5055,-1743.7989501953125,-1418.28125
test,71,-1292.85400390625,-1277.665283203125
test,364,-7403.591796875,-7587.0439453125
test,2649,-3192.364990234375,-3149.057373046875
test,5489,1583.255615234375,1743.473876953125
test,6265,-804.381103515625,-1680.26806640625
test,5246,718.342041015625,817.981689453125
test,2224,-1705.9840087890625,-1786.8271484375
test,2525,-3652.45703125,-3720.691162109375
test,229,-4522.84423828125,-4663.51806640625
test,2913,-4184.615234375,-4641.6484375
test,382,-8002.548828125,-8639.890625
test,2556,-6698.3486328125,-7447.2900390625
test,3931,-6029.69677734375,-6648.96484375
test,850,-5667.1669921875,-6451.51220703125
test,881,-7306.1201171875,-6874.01171875
test,4935,-3846.051025390625,-3869.216064453125
test,1234,-3425.304931640625,-2828.1796875
test,4407,-5927.06689453125,-5867.73193359375
test,3533,-7531.10498046875,-7368.67919921875
test,3403,-4674.14794921875,-4342.41064453125
test,4979,-3273.444091796875,-2545.9296875
test,4084,-5487.14892578125,-5359.25390625
test,3159,-5450.80908203125,-6043.46533203125
test,4053,-5853.5888671875,-5366.541015625
test,5856,-1729.5830078125,-1651.5540771484375
test,5658,-3585.590087890625,-3270.825927734375
test,2329,-4524.23779296875,-4603.3388671875
test,5252,-761.319091796875,-949.413330078125
test,388,-4117.97607421875,-5593.66162109375
test,4464,-3804.464111328125,-3622.980224609375
test,426,-3883.222900390625,-3580.44921875
test,5791,569.071044921875,386.5986328125
test,3551,-3326.162109375,-2979.169921875
test,583,-3420.760986328125,-2733.26171875
test,308,-3537.381103515625,-2906.03857421875
test,2168,-1305.922119140625,-1483.1572265625
test,4093,-6105.9951171875,-6650.6357421875
test,4349,-11446.181640625,-11209.59375
test,2312,-5170.875,-5540.00830078125
test,2199,-543.480712890625,-1492.167236328125
test,2810,-3591.39990234375,-3265.481689453125
test,5573,2010.400146484375,884.063232421875
test,6189,-3236.14208984375,-4289.1416015625
test,5990,-2401.697998046875,-2529.1552734375
test,4778,-1700.719970703125,-2363.10693359375
test,3028,-4537.02099609375,-5222.32373046875
test,2696,-6719.55078125,-7075.7275390625
test,2526,-3773.85595703125,-3766.307861328125
test,1907,-2491.632080078125,-2166.512451171875
test,1764,-2258.9189453125,-2408.382080078125
test,1311,-3744.18701171875,-3769.220947265625
test,2965,-5816.44384765625,-5382.5595703125
test,1560,-5311.166015625,-5127.0751953125
test,2142,-1484.31201171875,-1436.153564453125
test,5363,-445.302978515625,-205.036865234375
test,4235,-6013.39111328125,-5686.9013671875
test,4707,-4323.0087890625,-5100.0791015625
test,2319,-5805.97802734375,-5472.392578125
test,5806,1395.605712890625,1231.659912109375
test,1242,-4979.41015625,-4858.50830078125
test,35,-1661.344970703125,-1792.96044921875
test,4341,-9537.0458984375,-9633.2001953125
test,736,-2555.208984375,-1599.34033203125
test,1202,-3508.14697265625,-3241.83740234375
test,2673,-5726.00390625,-6230.298828125
test,3894,-6226.80615234375,-6369.23974609375
test,550,-2293.177978515625,-2007.603759765625
test,5542,-1252.182861328125,-1160.06201171875
test,2752,-7983.5556640625,-7625.77001953125
test,1102,-1410.7080078125,-2095.60498046875
test,3331,-4684.37890625,-4910.53662109375
test,3219,-4591.4189453125,-4110.4541015625
test,6231,-2548.931884765625,-2594.847412109375
test,4465,-4218.7021484375,-4012.549560546875
test,3538,-3596.035888671875,-3893.659423828125
test,1697,-4529.81494140625,-4402.4462890625
test,5843,-1192.904052734375,-781.99658203125
test,3567,-6409.201171875,-6801.2685546875
test,4892,-895.63720703125,-1125.361083984375
test,950,-4740.60595703125,-3792.182861328125
test,5387,-302.3291015625,-313.0078125
test,4871,-822.656005859375,-1313.75244140625
test,3000,-3455.5439453125,-3994.6962890625
test,5279,-306.674072265625,-766.2333984375
test,1522,-2380.48193359375,-1845.274169921875
test,1974,-2470.43408203125,-2169.23291015625
test,2371,-1583.01904296875,-1586.37841796875
test,3047,-4932.7978515625,-5212.8935546875
test,968,-4282.5087890625,-4331.5078125
test,6133,-2939.93896484375,-2024.2203369140625
test,970,-3577.635009765625,-3496.092041015625
test,4749,-3907.02197265625,-3809.996826171875
test,1809,-218.0810546875,-490.10693359375
test,4340,-9429.8779296875,-9484.5751953125
test,1521,-3610.72412109375,-3448.728271484375
test,558,-3064.10888671875,-3302.933837890625
test,5558,343.513671875,557.490478515625
test,4035,-6857.8408203125,-7055.72509765625
test,5914,-4283.994140625,-3675.630615234375
test,678,-5355.4140625,-5809.2099609375
test,3345,-6019.52783203125,-6061.072265625
test,6478,-3872.81103515625,-3553.13232421875
test,6337,1083.931884765625,508.619384765625
test,3334,-5642.73486328125,-5575.46875
test,4684,-4291.80419921875,-4443.96240234375
test,4120,-8692.455078125,-8246.853515625
test,3527,-3939.716064453125,-4146.43310546875
test,1987,-2105.222900390625,-2453.4765625
test,6006,-5335.544921875,-5914.689453125
test,1591,-4192.06396484375,-4348.94482421875
test,891,-5598.10498046875,-6207.4375
test,570,-3395.181884765625,-4019.61181640625
test,574,-2434.199951171875,-2300.9638671875
test,7,-5602.5380859375,-5591.24169921875
test,5759,377.81689453125,669.178466796875
test,4861,-284.496337890625,-77.991455078125
test,5636,-471.448974609375,-977.21826171875
test,1562,-6964.08984375,-5867.583984375
test,2070,-803.659912109375,-727.271240234375
test,952,-4094.2060546875,-3318.45751953125
test,4051,-4093.845947265625,-4355.2138671875
test,4023,-6776.93115234375,-6686.28076171875
test,3901,-5172.1982421875,-5335.568359375
test,4513,-7228.603515625,-7316.57861328125
test,6390,-3354.5390625,-3042.259765625
test,3384,-6804.93115234375,-7111.4912109375
test,3038,-3770.885009765625,-4357.49853515625
test,3834,-5177.716796875,-4845.4677734375
test,707,-2386.87890625,-2628.3056640625
test,3063,-6779.3408203125,-6887.998046875
test,3506,-4204.97900390625,-3534.494384765625
test,328,-5701.7939453125,-6398.21044921875
test,4393,-7061.0771484375,-6950.33349609375
test,5084,-465.558349609375,-334.29150390625
test,6206,-1633.6900634765625,-1663.884521484375
test,3289,-3333.25390625,-3847.3779296875
test,2961,-5601.6328125,-5056.6767578125
test,4873,-730.462890625,-1324.525146484375
test,4422,-7668.4921875,-7991.8349609375
test,5739,-3622.735107421875,-3613.303955078125
test,700,623.295166015625,411.87841796875
test,2992,-5026.4189453125,-4997.27978515625
test,671,-3214.3330078125,-3554.118408203125
test,374,-6307.43798828125,-6541.1806640625
test,2412,-1903.050048828125,-1762.4659423828125
test,3954,-6710.34521484375,-6416.90087890625
test,3844,-6665.1640625,-7043.48828125
test,1245,-4947.26611328125,-5438.78125
test,447,-1697.6729736328125,-2307.187255859375
test,5221,220.623046875,99.872314453125
test,1037,-3133.801025390625,-2850.15966796875
test,3226,-4185.65283203125,-4292.98388671875
test,201,-3437.618896484375,-3375.872314453125
test,2991,-4458.39404296875,-4158.8583984375
test,2528,-4186.23193359375,-4677.97216796875
test,6093,-1758.9229736328125,-1358.20361328125
test,3632,-7819.78125,-7841.7607421875
test,1631,-3033.87890625,-2584.35546875
test,2634,-5499.16796875,-5082.65185546875
test,4991,-2788.64697265625,-2922.52587890625
test,5885,-5148.73193359375,-4938.35302734375
test,224,-6181.1171875,-5941.765625
test,2449,-2917.64892578125,-2435.61279296875
test,2941,-4530.07177734375,-4276.16650390625
test,2720,-8954.7353515625,-8804.9892578125
test,1123,-4246.47607421875,-3745.609375
test,973,-3738.237060546875,-3958.8662109375
test,27,-4352.2529296875,-4800.216796875
test,5518,4260.98828125,3224.900634765625
test,4022,-7499.42822265625,-7161.1591796875
test,256,-4378.7919921875,-4750.26513671875
test,3576,-3734.94189453125,-5057.11328125
test,403,-6538.408203125,-6806.380859375
test,3023,-4274.81005859375,-4680.1865234375
test,689,-1506.594970703125,-1610.5897216796875
test,1258,-7847.19140625,-7700.21533203125
test,5842,-675.60302734375,-708.856689453125
test,1567,-7927.5927734375,-7711.08984375
test,3876,-6017.89794921875,-5966.2666015625
test,3947,-6771.9619140625,-6522.6708984375
test,3505,-3870.111083984375,-3823.142333984375
test,2250,-3034.12890625,-3250.794189453125
test,360,-5695.46484375,-5466.37109375
test,5622,-1431.553955078125,-1656.5733642578125
test,1835,-3457.862060546875,-3632.85595703125
test,5002,-3505.903076171875,-3027.9248046875
test,731,-3936.337890625,-3363.722412109375
test,3238,-4687.09521484375,-4010.712890625
test,4636,-4626.72314453125,-4460.81640625
test,4853,-2580.075927734375,-2606.96484375
test,1863,-1527.97705078125,-1689.5172119140625
test,327,-5244.5849609375,-6087.9765625
test,704,-714.591796875,-1210.374755859375
test,1937,-2117.64501953125,-2002.0159912109375
test,6028,-3188.882080078125,-3066.5302734375
test,2698,-6949.30712890625,-7151.3369140625
test,2546,-4295.61376953125,-4675.3173828125
test,4910,-2698.75390625,-2913.71142578125
test,3710,-6135.9619140625,-6154.68994140625
test,842,-5911.7021484375,-6716.39453125
test,627,-4373.6650390625,-4319.97705078125
test,2800,-5991.38818359375,-6287.9453125
test,79,-1096.235107421875,-1334.1884765625
test,5490,1057.677001953125,1520.387451171875
test,5359,1314.562744140625,635.061279296875
test,3357,-4682.97802734375,-4184.74169921875
test,4613,-6781.69140625,-6933.9345703125
test,5727,-529.75,-824.18505859375
test,3185,-6728.751953125,-6893.11328125
test,1923,-5414.06494140625,-5103.90869140625
test,3851,-5280.81298828125,-4726.05419921875
test,1310,-3043.111083984375,-3028.9453125
test,1300,-2792.9619140625,-3034.523193359375
test,3690,-3264.781982421875,-3318.80126953125
test,4678,-1464.43505859375,-1646.712646484375
test,5544,-695.39794921875,-1058.18603515625
test,4160,-6294.69580078125,-6657.0283203125
test,1094,-2931.35595703125,-2685.326171875
test,3634,-8216.626953125,-7414.400390625
test,2430,-1003.31396484375,-1183.260986328125
test,6384,-2508.258056640625,-3182.880126953125
test,827,-2550.221923828125,-2568.020751953125
test,6113,-1925.241943359375,-1861.4234619140625
test,4105,-5813.2060546875,-5665.876953125
test,5464,2365.165283203125,1908.247314453125
test,5010,-3377.884033203125,-3555.947021484375
test,6424,-5903.6259765625,-6321.9921875
test,299,-5332.59912109375,-5952.0888671875
test,5438,536.745849609375,739.422119140625
test,2677,-2410.26904296875,-2629.54150390625
test,1858,-1385.695068359375,-1505.731201171875
test,958,-4573.47314453125,-4601.67529296875
test,2007,-1763.43798828125,-1904.361328125
test,5849,-1495.510986328125,-1408.058837890625
test,6511,-2220.362060546875,-2418.682373046875
test,3260,-5714.72998046875,-5517.486328125
test,6491,-1802.6400146484375,-1640.3040771484375
test,1142,-4522.68212890625,-4435.98486328125
test,5750,-1249.732177734375,-1827.6551513671875
test,5872,-1532.157958984375,-1598.8182373046875
test,3087,-6773.89306640625,-6799.0732421875
test,2366,-2819.988037109375,-3033.942138671875
test,4748,-4079.341064453125,-3665.197998046875
test,4295,-8903.0126953125,-8632.9931640625
test,468,-2334.35595703125,-2644.98828125
test,856,-6929.60107421875,-6856.32470703125
test,4836,-2113.139892578125,-1713.65673828125
test,2187,-2278.757080078125,-2085.635498046875
test,6366,-3396.080078125,-3353.882568359375
test,6292,-318.699951171875,-604.9033203125
test,3402,-4165.6669921875,-4367.607421875
test,121,-2667.510986328125,-3017.59423828125
test,5608,-75.555908203125,206.959716796875
test,1366,-5272.93408203125,-5477.58837890625
test,5645,-2968.012939453125,-2843.486083984375
test,1656,-8722.2939453125,-8338.25
test,3761,-6053.4658203125,-5734.8291015625
test,5396,1108.087158203125,841.288818359375
test,1447,-3120.6279296875,-3518.00732421875
test,6232,-2564.427001953125,-2444.09521484375
test,4455,-5622.35888671875,-5911.60546875
test,6217,-1180.378173828125,-1357.054931640625
test,5510,1439.566162109375,1113.190185546875
test,262,-2013.4210205078125,-1442.082275390625
test,5024,-1311.633056640625,-1404.767822265625
test,3929,-7388.97021484375,-7371.0908203125
test,3781,-3429.43310546875,-3179.37646484375
test,1136,-4608.7041015625,-4786.748046875
test,1547,-4664.873046875,-4802.8427734375
test,4469,-6693.6181640625,-6226.44921875
test,1751,552.867919921875,1088.007568359375
test,1343,-2376.70703125,-2490.854248046875
test,1019,-2894.9169921875,-3236.605224609375
test,4832,-2071.672119140625,-2159.764404296875
test,206,-4899.548828125,-3804.15380859375
test,6406,-3621.257080078125,-3919.720703125
test,2163,86.1259765625,-291.396728515625
test,1565,-8387.6796875,-8129.640625
test,4437,-5492.615234375,-5847.3115234375
test,814,-3766.60498046875,-3164.15869140625
test,1486,-3347.617919921875,-3011.35107421875
test,4617,-5266.7841796875,-5464.828125
test,2489,-2136.85009765625,-2368.407470703125
test,2141,-1798.4000244140625,-1765.2337646484375
test,5576,1660.154052734375,701.306396484375
test,1229,-4525.52001953125,-4464.90625
test,5969,-3152.970947265625,-3044.24462890625
test,3454,-734.956787109375,-1500.009033203125
test,6226,-2223.4072265625,-2788.3017578125
test,5854,-1774.176025390625,-1555.406494140625
test,2868,-2677.3330078125,-2697.062744140625
test,1805,1148.810791015625,739.900146484375
test,3574,-4219.837890625,-4386.322265625
test,758,-3067.678955078125,-2885.92626953125
test,4368,-11097.3330078125,-10255.13671875
test,1579,-5937.47021484375,-5878.8310546875
test,3179,-7015.361328125,-7035.9482421875
test,2697,-6510.3662109375,-6185.6064453125
test,634,-3339.10498046875,-3179.0048828125
test,5407,843.936767578125,-267.281982421875
test,3406,-7881.75,-7960.529296875
test,3273,-3764.695068359375,-3814.8974609375
test,3584,-4144.9951171875,-3997.4423828125
test,2258,-4522.7529296875,-4825.87939453125
test,5227,-369.383056640625,-793.0263671875
test,822,-2679.860107421875,-2839.5068359375
test,3580,-3874.555908203125,-3804.896484375
test,316,-4405.65478515625,-4193.7919921875
test,1013,-1425.41796875,-1283.250244140625
test,4535,-8204.5341796875,-8154.330078125
test,4317,-7731.97265625,-7824.123046875
test,1193,-2975.047119140625,-2921.8955078125
test,3036,-3147.762939453125,-3397.44775390625
test,3603,-5809.7509765625,-5684.3173828125
test,1709,-4127.9990234375,-3591.453125
test,5807,272.158935546875,50.153564453125
test,4849,-2515.784912109375,-2175.51806640625
test,6338,1251.850830078125,969.746337890625
test,4168,-4838.72412109375,-4314.31494140625
test,2378,-2368.261962890625,-1401.283447265625
test,5138,553.087158203125,354.84912109375
test,4387,-7181.064453125,-7665.8408203125
test,4292,-8751.255859375,-8599.2666015625
test,2897,-4794.19921875,-4806.12109375
test,3751,-9271.5654296875,-9305.87890625
test,4922,-3221.26611328125,-2218.705078125
test,5726,39.41796875,-302.496826171875
test,2488,-1734.383056640625,-2115.468994140625
test,1932,-3906.888916015625,-3418.771240234375
test,2694,-5619.02490234375,-6068.73046875
test,6277,-1224.947998046875,-1156.026123046875
test,6227,-2447.056884765625,-2593.82763671875
test,1674,-10303.7431640625,-9932.5654296875
test,270,-1831.5321044921875,-1816.9317626953125
test,1232,-4429.7021484375,-4884.4072265625
test,2560,-6281.61376953125,-6306.29052734375
test,2588,-9160.0810546875,-9396.01953125
test,6351,-1673.89404296875,-1899.987548828125
test,5096,803.431884765625,891.997802734375
test,4336,-11431.77734375,-11580.5595703125
test,2169,-2068.14306640625,-2099.998046875
test,2336,-2711.35302734375,-2335.013427734375
test,74,-1325.944091796875,-1355.52099609375
test,5028,-4466.14111328125,-4145.376953125
test,1410,-3954.10888671875,-4193.166015625
test,2617,-7598.3837890625,-7472.0068359375
test,1298,-3953.35205078125,-3879.992919921875
test,3425,-7723.93603515625,-8045.541015625
test,2066,-1491.387939453125,-1469.621337890625
test,2450,-2906.221923828125,-2137.14111328125
test,5191,-1712.5009765625,-1337.33447265625
test,104,-3147.73193359375,-2360.92138671875
test,589,-3212.99609375,-3536.952880859375
test,1002,-5099.47802734375,-4961.70947265625
test,5000,-3267.05908203125,-2868.490234375
test,5574,973.811767578125,82.044921875
test,6013,-5055.77294921875,-5137.96826171875
test,204,-4365.26123046875,-3621.86328125
test,1484,-4995.751953125,-5071.51416015625
test,646,-2037.4239501953125,-1662.2301025390625
test,6343,-32.403076171875,-1130.71826171875
test,4188,-6969.48681640625,-6822.4169921875
test,1596,-5270.44482421875,-4673.61376953125
test,3528,-3928.30810546875,-3889.31005859375
test,1795,-619.110107421875,-92.68115234375
test,3596,-5653.93310546875,-5125.40673828125
test,3076,-4579.9150390625,-4270.916015625
test,4260,-8232.50390625,-8074.009765625
test,2788,-6175.46484375,-5844.36962890625
test,5502,986.484130859375,741.567138671875
test,22,-4816.6259765625,-4278.83837890625
test,6375,-2369.241943359375,-2468.68505859375
test,46,-2595.85498046875,-2626.638671875
test,2608,-7348.9541015625,-6900.904296875
test,4303,-7194.162109375,-7532.6318359375
test,2276,-5762.15576171875,-6117.1865234375
test,3134,-4003.48291015625,-3214.896484375
test,4731,-3310.0791015625,-3281.316650390625
test,6057,-2892.924072265625,-2764.623779296875
test,194,-1750.404052734375,-2051.59228515625
test,2964,-5977.9189453125,-5905.9384765625
test,6105,-1338.56396484375,-1466.4599609375
test,5892,-4318.06201171875,-4211.83837890625
test,2457,-1901.8270263671875,-2141.23681640625
test,1068,-4322.48291015625,-4074.529296875
test,4259,-7936.9990234375,-7617.00390625
test,4014,-4098.89306640625,-4138.2958984375
test,4062,-4766.4990234375,-5194.87109375
test,2671,-4762.26513671875,-4633.75830078125
test,5937,-3450.055908203125,-2850.0546875
test,2201,-661.988037109375,-1114.139404296875
test,1755,-137.1220703125,-648.674560546875
test,417,-5854.94287109375,-5965.345703125
test,4821,-1185.4150390625,-1283.183837890625
test,2830,-2735.842041015625,-2505.302734375
test,5644,-1972.6419677734375,-2617.1748046875
test,2104,-3340.330078125,-3580.33837890625
test,1902,-1119.08203125,-925.67626953125
test,645,-2474.321044921875,-1769.6553955078125
test,1841,-883.1376953125,-875.81689453125
test,4013,-4970.34912109375,-4949.7099609375
test,2207,-3158.4970703125,-3601.755126953125
test,3910,-9022.5048828125,-8817.7060546875
test,6258,-2222.01708984375,-2595.60107421875
test,1249,-5884.10693359375,-5834.0146484375
test,3112,-1729.5799560546875,-2235.596923828125
test,4592,-5506.1171875,-5495.10302734375
test,1956,-4436.5078125,-3917.275390625
test,3254,-2975.76904296875,-3866.77294921875
test,5443,-900.639892578125,-1250.318603515625
test,386,-6867.5263671875,-7248.57421875
test,4966,-2541.387939453125,-2456.66162109375
test,2754,-6581.88720703125,-6296.84228515625
test,4210,-2624.654052734375,-3272.229248046875
test,6370,-2364.718994140625,-3196.285400390625
test,4622,-5338.8427734375,-4714.5556640625
test,1997,-738.196044921875,-922.2294921875
test,2762,-6714.73486328125,-6877.6787109375
test,188,-2462.842041015625,-2207.587158203125
test,2966,-5567.75390625,-5752.787109375
test,2534,-2310.72900390625,-2652.792236328125
test,3044,-3978.637939453125,-4273.94873046875
test,4920,-4482.35693359375,-4318.00732421875
test,5324,255.340087890625,49.400390625
test,1753,907.002197265625,767.277099609375
test,1584,-7930.1181640625,-7347.3701171875
test,4454,-5682.02294921875,-5957.4443359375
test,1878,603.254150390625,243.75244140625
test,1200,-3252.52099609375,-3737.853271484375
test,2863,-2331.8681640625,-2264.487548828125
test,5805,1557.819091796875,1527.231689453125
test,1379,-1365.43505859375,-2285.724609375
test,3651,-7284.56005859375,-7197.4638671875
test,85,-2318.257080078125,-2397.486572265625
test,5395,804.249267578125,285.645263671875
test,159,-4744.51611328125,-4600.8701171875
test,888,-6828.798828125,-6430.8671875
test,3122,-2009.8690185546875,-2538.83349609375
test,2421,-2472.472900390625,-2889.121826171875
test,2453,-2689.10693359375,-2356.26611328125
test,989,-2794.323974609375,-2671.2109375
test,5128,-2756.27587890625,-2498.374755859375
test,6520,-2080.23095703125,-2233.117919921875
test,5104,1099.631103515625,840.322509765625
test,5530,201.2939453125,111.58349609375
test,5418,-180.94677734375,187.843505859375
test,1734,-1696.26904296875,-1361.628662109375
test,5692,-670.584716796875,-85.7587890625
test,1897,-93.430908203125,-379.908447265625
test,801,-6963.06640625,-7153.947265625
test,620,-3938.803955078125,-4606.220703125
test,901,-8806.3212890625,-8176.6396484375
test,5674,-2594.781982421875,-2356.37158203125
test,5348,1665.968017578125,1661.313232421875
test,2137,-1949.682861328125,-1817.2193603515625
test,794,-5276.8818359375,-5284.26708984375
test,6546,-2656.39404296875,-2398.54638671875
test,6359,-2700.864013671875,-2610.785400390625
test,4701,-1143.041015625,-1366.892822265625
test,4154,-8198.646484375,-7784.5107421875
test,1556,-5998.98486328125,-5655.20654296875
test,4251,-4408.619140625,-4207.5810546875
test,3009,-5084.0810546875,-5219.0009765625
test,5086,211.142333984375,281.811767578125
test,4367,-10848.826171875,-10141.7412109375
test,3961,-5169.64990234375,-5186.99365234375
test,2080,-1136.986083984375,-1855.956298828125
test,6363,-2860.840087890625,-2538.246826171875
test,183,-5198.3310546875,-4834.78076171875
test,2700,-8005.18359375,-8278.662109375
test,2512,-1615.0350341796875,-2190.1572265625
test,478,-2243.571044921875,-1946.55712890625
test,1448,-3305.156982421875,-3366.216064453125
test,3465,-2929.970947265625,-3296.930419921875
test,714,-2100.1708984375,-2412.06640625
test,577,-2225.427978515625,-2499.308349609375
test,6524,-2793.5458984375,-3189.0908203125
test,124,-2744.787109375,-3293.42919921875
test,4155,-7738.9970703125,-7524.3583984375
test,375,-6865.45703125,-6302.6171875
test,2102,-2605.868896484375,-2699.00830078125
test,4064,-5586.962890625,-5718.92626953125
test,1578,-5267.630859375,-5316.96875
test,2046,298.302978515625,230.24365234375
test,482,-3076.028076171875,-2471.08203125
test,3732,-10526.013671875,-10050.7666015625
test,4804,-2650.943115234375,-2532.0869140625
test,1233,-4076.368896484375,-4355.56884765625
test,576,-2614.02099609375,-2711.97119140625
test,746,-3187.6669921875,-3170.82666015625
test,5932,-4004.636962890625,-4118.798828125
test,4999,-3842.52587890625,-3491.0263671875
test,597,-3280.759033203125,-3018.00732421875
test,3011,-3292.326904296875,-3658.547119140625
test,1576,-5501.21923828125,-5174.0673828125
test,4928,-4198.5048828125,-4257.05517578125
test,1549,-5120.5830078125,-5220.7314453125
test,6196,-2279.966064453125,-2216.63330078125
test,644,-2921.5859375,-2270.29931640625
test,584,-4254.81201171875,-3626.52099609375
test,650,-3186.51708984375,-3071.811279296875
test,5178,-1387.672119140625,-1307.01220703125
test,5816,722.314208984375,366.814208984375
test,4661,-2604.155029296875,-2941.10107421875
test,5813,-176.6396484375,366.90576171875
test,1569,-6005.09423828125,-5777.47119140625
test,5146,-63.514892578125,342.841796875
test,3487,-4761.02197265625,-4667.671875
test,3775,-4580.02490234375,-3936.7587890625
test,3240,-3646.919921875,-3100.39794921875
test,3778,-3587.367919921875,-3539.501708984375
test,399,-5339.68701171875,-5738.6904296875
test,6153,-2585.739990234375,-2098.97607421875
test,887,-5579.01513671875,-5465.60205078125
test,3330,-5997.30712890625,-6022.8447265625
test,4133,-8976.0859375,-8446.0859375
test,1827,291.96630859375,224.407958984375
test,3216,-5516.5361328125,-5414.76171875
test,3721,-8014.0087890625,-7169.267578125
test,1756,642.193115234375,799.592529296875
test,2236,-968.51904296875,-1559.08740234375
test,4233,-5098.1171875,-4668.78662109375
test,4712,-2841.172119140625,-3321.609375
test,5841,-713.02392578125,-784.478515625
test,6040,-3142.217041015625,-3260.392578125
test,1015,-3718.116943359375,-3610.957275390625
test,6175,-3117.77490234375,-3070.76220703125
test,5832,341.39892578125,906.778564453125
test,1942,-1275.802978515625,-1871.938720703125
test,4623,-4783.0458984375,-4933.31689453125
test,351,-7385.59716796875,-7191.6494140625
test,5294,700.041259765625,835.638427734375
test,1515,-3848.989013671875,-3922.133544921875
test,205,-4754.826171875,-4041.859619140625
test,1179,-2653.31005859375,-3094.6748046875
test,6320,-746.5146484375,-850.893310546875
test,5690,-805.761962890625,279.808837890625
test,4655,-3046.160888671875,-2899.547607421875
test,3221,-3840.56103515625,-3735.885986328125
test,3472,-3445.8740234375,-3086.67724609375
test,5627,-2602.64892578125,-2664.77587890625
test,3681,-6297.5009765625,-6710.2919921875
test,4666,-4602.68896484375,-5432.6630859375
test,4307,-9217.7109375,-9508.865234375
test,1952,-1071.52685546875,-1102.513427734375
test,6423,-5258.26708984375,-5969.294921875
test,6095,-1953.3819580078125,-1261.5390625
test,294,-5469.19580078125,-4794.43017578125
test,5824,1795.725830078125,1283.787353515625
test,1616,-4363.88916015625,-3576.798095703125
test,5215,-1926.468017578125,-1956.572265625
test,1381,-4309.52099609375,-4633.00048828125
test,3494,-6859.044921875,-6642.6669921875
test,2873,-4071.285888671875,-3980.269287109375
test,345,-9319.169921875,-8427.5830078125
test,3328,-6096.0380859375,-6057.287109375
test,1950,-927.50537109375,-775.11767578125
test,2693,-5112.23583984375,-5218.1015625
test,4883,-2274.0009765625,-2552.1181640625
test,145,-3130.01708984375,-3159.27880859375
test,4584,-7866.7666015625,-7967.8017578125
test,562,-3629.158935546875,-3888.963623046875
test,1114,-3679.862060546875,-3287.125
test,2132,-1618.344970703125,-1779.505615234375
test,5561,-322.373046875,-103.35693359375
test,5889,-3947.74609375,-3961.40283203125
test,2632,-4914.880859375,-4675.72412109375
test,2156,-5362.505859375,-5508.85986328125
test,2452,-2895.669921875,-2473.55322265625
test,1970,-4163.93896484375,-3995.54833984375
test,5458,986.963134765625,1066.767822265625
test,5188,187.841796875,82.416015625
test,4347,-10558.107421875,-10610.212890625
test,5080,-51.44091796875,-123.77099609375
test,966,-5308.6650390625,-5821.35009765625
test,2106,-3435.4970703125,-3360.463623046875
test,6080,-653.455078125,-1368.375732421875
test,690,-1437.163818359375,-1024.304931640625
test,5829,403.576904296875,-21.10400390625
test,3772,-5291.33203125,-5278.763671875
test,667,-2305.77099609375,-2593.31396484375
test,287,-2873.675048828125,-2847.192626953125
test,6400,-2828.94091796875,-2908.978271484375
test,4641,-6166.90380859375,-5773.63427734375
test,2215,-3807.59912109375,-3724.0927734375
test,160,-4450.02880859375,-4290.265625
test,6253,-3.785888671875,-801.472412109375
test,4903,-4672.15283203125,-5149.1533203125
test,58,-2912.882080078125,-3007.13330078125
test,4558,-5231.35009765625,-5492.12255859375
test,3796,-2649.782958984375,-2785.0859375
test,1802,841.580810546875,143.770263671875
test,1349,-5058.31689453125,-5369.22021484375
test,5675,-2276.427978515625,-2169.3359375
test,261,-1925.781005859375,-1374.0771484375
test,4494,-5065.51708984375,-5541.08642578125
test,5152,1652.822998046875,948.616455078125
test,190,-1716.3570556640625,-1825.35986328125
test,764,-5039.3828125,-4806.39453125
test,2623,-4713.69482421875,-4232.80078125
test,459,-2490.93505859375,-2022.104248046875
test,3067,-7191.3798828125,-7065.15234375
test,4258,-8058.6689453125,-7846.74609375
test,3797,-3140.20703125,-3156.135986328125
test,2853,-4576.83203125,-3570.52490234375
test,2685,-2567.19189453125,-2424.4326171875
test,503,-2634.511962890625,-3056.2734375
test,1259,-6707.7177734375,-6702.5224609375
test,1023,-2171.6689453125,-1870.2822265625
test,314,-3108.097900390625,-3141.4111328125
test,5413,1223.138916015625,554.774169921875
test,886,-5713.39990234375,-5825.9248046875
test,2917,-999.264892578125,-622.695556640625
test,3610,-7031.36328125,-6675.49609375
test,2903,-1218.139892578125,-1831.6304931640625
test,2226,-2259.886962890625,-2301.47900390625
test,1540,-2756.43408203125,-2308.844482421875
test,5905,-2512.7451171875,-1960.238037109375
test,4462,-4538.701171875,-4431.39599609375
test,1861,-1174.780029296875,-1702.880126953125
test,1253,-6000.69287109375,-5580.681640625
test,1377,-5205.97216796875,-6078.208984375
test,1732,-2222.1240234375,-2218.19775390625
test,4803,-2239.68603515625,-2894.52490234375
test,1836,-3747.330078125,-3812.133056640625
test,3537,-3440.633056640625,-3580.44873046875
test,4045,-2457.111083984375,-2984.0771484375
test,4624,-5459.68603515625,-5536.6328125
test,2607,-6460.4619140625,-5373.8388671875
test,6542,-2266.4599609375,-2764.46142578125
test,2937,-623.342041015625,-413.683349609375
test,2407,-1332.468994140625,-919.719970703125
test,3161,-5438.041015625,-5848.67724609375
test,3354,-6247.52294921875,-6388.39453125
test,2818,-6454.74609375,-5984.21337890625
test,438,-3140.118896484375,-3235.473876953125
test,3232,-4954.97607421875,-4444.796875
test,6300,353.911865234375,-528.603515625
test,2248,-2769.450927734375,-3164.31298828125
test,4054,-7304.705078125,-6591.40234375
test,1275,-3259.10693359375,-3747.274658203125
test,3589,-5217.02392578125,-4917.49658203125
test,3713,-8298.591796875,-7924.0146484375
test,5161,-1496.317138671875,-1585.00048828125
test,805,-4509.26904296875,-4882.50634765625
test,4391,-7629.69384765625,-7382.052734375
test,4842,-1678.5069580078125,-1558.1484375
test,423,-4951.52099609375,-5760.30224609375
test,118,-4506.06298828125,-4100.474609375
test,6143,-826.77294921875,-1267.034423828125
test,5938,-3351.051025390625,-2965.5908203125
test,3129,-3175.407958984375,-3510.35009765625
test,3750,-8095.2568359375,-8270.591796875
test,2263,-6482.7080078125,-6765.71875
test,6365,-3299.083984375,-2986.140625
test,5649,-2861.638916015625,-2982.86865234375
test,4150,-5946.533203125,-5722.6279296875
test,1885,-466.97705078125,-445.4775390625
test,6529,-2784.18505859375,-2240.4365234375
test,1214,-4539.43505859375,-4254.8232421875
test,1294,-3428.18505859375,-3717.473388671875
test,5334,500.258056640625,596.433349609375
test,3949,-7454.328125,-7007.36181640625
test,446,-1586.56103515625,-2285.836181640625
test,5404,803.898193359375,661.510986328125
test,781,-6337.0126953125,-5692.94580078125
test,2642,-2545.321044921875,-2753.23046875
test,2423,-652.882080078125,-1733.8631591796875
test,5219,-2037.2288818359375,-1460.7958984375
test,3785,-3078.590087890625,-2790.8154296875
test,2686,-3665.695068359375,-3579.80419921875
test,4493,-5405.35791015625,-5021.98291015625
test,6107,-2417.114013671875,-2450.4052734375
test,962,-5103.5322265625,-4688.05029296875
test,4416,-5392.796875,-5659.0166015625
test,2294,-5968.22900390625,-5911.8046875
test,2239,-2121.57080078125,-2351.5390625
test,3577,-4700.89990234375,-5907.9326171875
test,4360,-10490.9921875,-10405.5615234375
test,6403,-2591.93701171875,-2855.22021484375
test,2513,-1728.1910400390625,-2156.85595703125
test,6469,-3928.1298828125,-2986.046875
test,3326,-6091.3251953125,-6096.06982421875
test,6182,-3718.60400390625,-5207.3564453125
test,2743,-5458.6748046875,-5752.6826171875
test,325,-5351.81396484375,-5704.849609375
test,1941,-2142.531982421875,-1717.5081787109375
test,2529,-3245.823974609375,-3781.0595703125
test,4814,-947.31005859375,-1712.054443359375
test,5640,-2058.419921875,-2278.41796875
test,3502,-3714.139892578125,-4188.1630859375
test,5026,-3009.700927734375,-3039.1943359375
test,5382,413.950927734375,-14.939453125
test,2290,-4103.61181640625,-4422.3623046875
test,1669,-7107.64111328125,-6685.0751953125
test,2645,-3166.958984375,-3166.00830078125
test,1775,702.624267578125,806.233154296875
test,987,-2869.277099609375,-2436.5283203125
test,515,-6014.51416015625,-5613.5625
test,3926,-6418.44287109375,-6034.359375
test,1041,-2297.85888671875,-1738.9271240234375
test,6203,-1852.9859619140625,-1890.7845458984375
test,6138,-2003.970947265625,-1322.42529296875
test,3558,-4090.909912109375,-4031.526123046875
test,5223,206.994140625,308.23193359375
test,414,-6001.43505859375,-5843.7509765625
test,3847,-6712.97705078125,-6388.9140625
test,1351,-5289.97314453125,-5859.84375
test,2153,-4991.94580078125,-5124.61181640625
test,5011,-4034.0849609375,-4256.533203125
test,1746,-759.43408203125,-845.29638671875
test,485,-1736.213134765625,-1719.7890625
test,4042,-3702.448974609375,-3873.6298828125
test,6419,-4887.81787109375,-4329.6650390625
test,2491,-3428.75390625,-2956.37255859375
test,1810,1933.279541015625,1351.803955078125
test,5034,-1833.3509521484375,-1331.304931640625
test,2275,-4960.05615234375,-5093.369140625
test,5374,1587.399658203125,973.552978515625
test,4982,-3060.697998046875,-2914.36669921875
test,5137,-2387.826904296875,-2197.12158203125
test,3003,-4557.26220703125,-4464.2587890625
test,3096,-5076.35791015625,-5231.2373046875
test,6045,-2686.908935546875,-2915.646484375
test,4451,-5467.42822265625,-5759.5771484375
test,5498,242.885009765625,-699.11328125
test,3595,-5957.22900390625,-5669.11767578125
test,4366,-10608.0498046875,-9769.6220703125
test,836,-5821.39599609375,-5631.552734375
test,5022,-2569.501953125,-2848.611328125
test,2616,-6135.23388671875,-5729.2021484375
test,6163,-3032.970947265625,-2679.17919921875
test,5282,924.364013671875,1019.315185546875
test,6160,-2443.993896484375,-2530.2421875
test,5185,992.002197265625,704.699951171875
test,3358,-4924.47607421875,-4325.287109375
test,3900,-4625.02197265625,-4912.2578125
test,2121,-3023.736083984375,-2447.8857421875
test,5195,-2030.7049560546875,-1177.950927734375
test,52,-1014.95703125,-1337.0283203125
test,5648,-3614.376953125,-3303.43798828125
test,3649,-7833.369140625,-7319.71630859375
test,5492,1530.373291015625,1498.316162109375
test,3057,-6591.9638671875,-6026.44091796875
test,6280,-1637.7828369140625,-1837.6126708984375
test,5403,530.501220703125,731.891357421875
test,3807,-6462.1318359375,-6367.85693359375
test,1967,-4894.35205078125,-4285.326171875
test,3799,-3673.287109375,-3686.293212890625
test,2942,-4772.248046875,-5341.5478515625
test,5793,1208.581298828125,539.054443359375
test,2622,-5752.60205078125,-5400.73974609375
test,4552,-4157.44580078125,-3915.78125
test,2545,-4577.64208984375,-4746.3359375
test,2706,-7959.2568359375,-7892.9033203125
test,1173,-2850.39794921875,-2488.884765625
test,5147,-305.1787109375,200.69970703125
test,2297,-4941.751953125,-4800.755859375
test,6011,-6572.73583984375,-7415.005859375
test,830,-2958.840087890625,-2867.30615234375
test,4874,-601.1689453125,-1096.00537109375
test,5412,527.396728515625,371.810791015625
test,227,-5001.541015625,-4220.9580078125
test,247,-4769.4970703125,-4609.091796875
test,2476,-1044.123046875,-1938.0689697265625
test,2769,-7014.45703125,-6767.357421875
test,1252,-6373.48388671875,-5970.4873046875
test,6272,-1256.721923828125,-1980.69140625
test,1679,-9593.5732421875,-9179.033203125
test,2218,-2718.739013671875,-2423.248779296875
test,1824,-18.68505859375,44.167724609375
test,4390,-7401.98779296875,-7653.4052734375
test,1046,-3336.909912109375,-3963.75927734375
test,3869,-3733.044921875,-3728.636962890625
test,3282,-6691.34521484375,-6876.82666015625
test,2798,-6519.60791015625,-6427.521484375
test,4185,-6228.69921875,-6465.947265625
test,4757,-2948.2109375,-3202.159912109375
test,1911,-1940.06201171875,-1314.884033203125
test,3557,-4070.055908203125,-4223.587890625
test,5254,-2094.56494140625,-2176.5126953125
test,6065,-2328.491943359375,-2267.5615234375
test,2572,-7593.0859375,-7936.1513671875
test,2157,-5150.5068359375,-5343.16357421875
test,3139,-3260.80908203125,-3217.066162109375
test,494,-4509.40087890625,-5003.31787109375
test,3948,-6823.46484375,-7004.353515625
test,6438,-2912.837890625,-2769.541748046875
test,1737,-1923.7669677734375,-1780.3385009765625
test,3249,-5385.126953125,-5559.09765625
test,2882,-3667.362060546875,-3297.4912109375
test,2846,-1726.071044921875,-1695.0506591796875
test,2648,-3180.216064453125,-3197.734130859375
test,1649,-4959.89404296875,-4097.77001953125
test,5657,-2614.47998046875,-2708.49951171875
test,4700,-499.64404296875,-470.0078125
test,4912,-2766.702880859375,-3009.03515625
test,1371,-6016.0478515625,-5549.8955078125
test,1513,-4654.0869140625,-4507.94580078125
test,809,-3536.781005859375,-3974.718017578125
test,5976,-4636.4638671875,-5121.87060546875
test,3368,-3509.383056640625,-3402.0537109375
test,867,-4775.6318359375,-5566.0615234375
test,3484,-3560.580078125,-3825.34375
test,5411,194.407958984375,-374.73046875
test,2229,-3040.952880859375,-3275.99365234375
test,6323,-2165.989990234375,-1903.6697998046875
test,5992,-3284.009033203125,-3353.59326171875
test,2635,-6063.39892578125,-6040.130859375
test,5882,-3674.423095703125,-3633.0361328125
test,2170,-2681.388916015625,-2247.477294921875
test,948,-4936.96484375,-4748.1279296875
test,3477,-2951.177001953125,-2796.767578125
test,4487,-5683.0478515625,-6204.900390625
test,2213,-3274.52392578125,-3542.74072265625
test,838,-6078.51904296875,-5976.720703125
test,3281,-6701.2900390625,-7032.0322265625
test,4026,-4205.77978515625,-4740.9814453125
test,401,-6628.16796875,-5392.06103515625
test,6140,-1060.156982421875,-1538.650634765625
test,3545,-1782.1719970703125,-1973.7408447265625
test,1901,-138.318115234375,-26.272705078125
test,149,-3269.819091796875,-3765.061767578125
test,2335,-2386.926025390625,-2228.45361328125
test,3142,-4936.0859375,-4667.8193359375
test,5375,186.845947265625,-87.88525390625
test,2085,-2643.926025390625,-2437.160888671875
test,4524,-6089.73291015625,-6569.564453125
test,1742,-733.3681640625,-730.34765625
test,3066,-7540.427734375,-7469.2822265625
test,4080,-4511.2021484375,-5227.08349609375
test,2817,-7633.41015625,-6696.60400390625
test,3390,-8520.38671875,-8351.8125
test,5045,-2105.701904296875,-1906.9078369140625
test,4109,-8670.986328125,-8317.3154296875
test,5981,-2198.0400390625,-2598.087158203125
test,2775,-4030.89501953125,-3726.407958984375
test,1182,-2649.279052734375,-3235.76123046875
test,95,-4393.548828125,-3225.26416015625
test,2894,-5505.416015625,-5425.4306640625
test,2396,-1021.027099609375,-1095.86865234375
test,2535,-2112.464111328125,-2458.623046875
test,5295,383.68994140625,259.816162109375
test,5461,447.273193359375,185.061767578125
test,1117,-2794.98193359375,-2567.288818359375
test,5306,-1243.491943359375,-1382.807861328125
test,3056,-6431.60009765625,-6043.4140625
test,1287,-3057.925048828125,-3618.40185546875
test,2459,-2007.9410400390625,-2818.420166015625
test,1281,-2588.72900390625,-3029.138671875
test,1056,-2468.382080078125,-2751.29052734375
test,2299,-5090.115234375,-4953.142578125
test,1007,-3759.090087890625,-3449.48291015625
test,3284,-4941.19091796875,-4690.16796875
test,2836,-2891.219970703125,-2719.156494140625
test,5626,-2126.63818359375,-2467.263671875
test,4940,-1532.400146484375,-1062.320556640625
test,760,-3963.530029296875,-3863.945556640625
test,6097,-858.769287109375,-332.613037109375
test,3921,-5177.5888671875,-5327.87255859375
test,1573,-6126.27587890625,-5983.4970703125
test,5538,-668.923095703125,-867.4833984375
test,6050,-1692.0560302734375,-1298.34130859375
test,3135,-3380.448974609375,-2936.201416015625
test,2318,-5213.1669921875,-5115.427734375
test,3085,-5481.744140625,-5537.75732421875
test,5082,-1687.31201171875,-1747.5457763671875
test,6047,-1314.9560546875,-2986.242919921875
test,3991,-8375.2373046875,-8496.310546875
test,4257,-7924.1689453125,-7911.873046875
test,2440,-2952.6630859375,-3505.753662109375
test,1240,-5565.01318359375,-5295.9521484375
test,2255,-2508.073974609375,-2454.3525390625
test,1630,-2854.48095703125,-2057.93701171875
test,3757,-6324.81787109375,-5981.77880859375
test,1042,-2929.916015625,-2520.09033203125
test,1181,-3076.35302734375,-3328.91064453125
test,4989,-1117.400146484375,-1001.679443359375
test,6349,-2853.033935546875,-1822.9945068359375
test,2383,-4446.884765625,-5035.87451171875
test,4554,-4220.67822265625,-4203.6259765625
test,4075,-7193.423828125,-7367.42822265625
test,4172,-6389.55615234375,-6267.1162109375
test,1602,-4501.0478515625,-4672.72265625
test,1545,-4147.33984375,-4362.53515625
test,3349,-5179.87890625,-5066.30419921875
test,5630,-2767.656982421875,-3114.003662109375
test,1595,-4201.591796875,-3394.719970703125
test,6487,-3694.839111328125,-3747.98583984375
test,2455,-3048.097900390625,-2588.22021484375
test,1028,-2418.047119140625,-2105.908935546875
test,3166,-1779.4320068359375,-2144.40283203125
test,5601,449.01806640625,611.676513671875
test,4595,-6689.64794921875,-7040.4306640625
test,323,-4914.65380859375,-5768.01416015625
test,93,-1360.093994140625,-1578.469482421875
test,4958,-2075.23291015625,-1755.3857421875
test,1408,-4193.4541015625,-4271.16748046875
test,5118,803.604736328125,464.938232421875
test,5459,479.739013671875,453.606689453125
test,840,-5937.33203125,-5702.1279296875
test,5509,906.127197265625,1170.685302734375
test,4660,-2978.65087890625,-3274.17431640625
test,6176,-3085.549072265625,-3061.14794921875
test,4460,-5755.162109375,-5531.41015625
test,2715,-7606.97509765625,-8024.4658203125
test,3525,-6332.64990234375,-6261.88671875
test,4088,-4641.3349609375,-4820.666015625
test,440,-2510.7939453125,-2591.62646484375
test,4729,-3797.89208984375,-3504.607666015625
test,3299,-5410.171875,-5715.60888671875
test,1393,-3401.6240234375,-3852.53955078125
test,642,-2245.303955078125,-2550.25146484375
test,1900,227.544921875,701.000244140625
test,2500,-5364.93896484375,-4926.9345703125
test,81,-1403.421142578125,-1511.267822265625
test,4916,-2204.62890625,-1935.3751220703125
test,432,-4638.1611328125,-4494.703125
test,1394,-4585.0009765625,-4784.27734375
test,2359,-1298.203857421875,-885.61376953125
test,450,-1601.218994140625,-1948.1575927734375
test,3124,-5989.38818359375,-5686.77490234375
test,5706,313.60595703125,306.521484375
test,3414,-5524.93310546875,-4304.89794921875
test,1564,-7829.853515625,-7706.2353515625
test,3339,-7036.349609375,-6912.84375
test,721,-3156.972900390625,-2689.767578125
test,6250,-475.073974609375,-843.172607421875
test,1146,-5210.11279296875,-5571.7578125
test,1420,-5674.68408203125,-5658.0048828125
test,6550,-1410.533935546875,-1875.267333984375
test,4629,-6538.125,-6424.845703125
test,2778,-4648.673828125,-4535.07861328125
test,5504,1356.935791015625,1013.080322265625
test,105,-3000.08203125,-2214.3134765625
test,2314,-4956.68994140625,-4359.0498046875
test,5467,201.095947265625,-243.154296875
test,4538,-6170.01513671875,-6446.6982421875
test,978,-2805.508056640625,-2973.394287109375
test,6428,-5809.2470703125,-5692.8427734375
test,6183,-4100.97607421875,-3333.848388671875
test,4435,-6348.68701171875,-6543.1845703125
test,5057,-2557.06591796875,-1577.952880859375
test,3475,-2873.404052734375,-2921.45458984375
test,4621,-5822.27490234375,-5383.0009765625
test,2237,-1067.619873046875,-1868.2994384765625
test,3884,-5892.10498046875,-5743.2626953125
test,732,-3586.972900390625,-3290.4521484375
test,5603,-220.20166015625,-102.9482421875
test,5,-5584.98291015625,-5014.6376953125
test,1621,-4141.2919921875,-3858.3779296875
test,3504,-3901.617919921875,-4384.29443359375
test,442,-2609.069091796875,-2683.03955078125
test,5449,368.833984375,155.0
test,861,-5302.0419921875,-5336.6337890625
test,5505,1950.324951171875,1715.754638671875
test,5452,840.527099609375,933.289306640625
test,1383,-7077.71923828125,-6299.1767578125
test,5624,-1005.0,-2200.9482421875
test,5420,-23.74169921875,11.867431640625
test,3447,-4618.92822265625,-5049.63916015625
test,3186,-6929.52783203125,-6638.70458984375
test,1194,-3328.89990234375,-3082.393798828125
test,4947,-3039.06396484375,-2897.312744140625
test,301,-5485.37109375,-6307.4189453125
test,3687,-3940.62109375,-3689.286376953125
test,1626,-3456.135009765625,-3622.2412109375
test,1735,-2336.114013671875,-2283.138671875
test,5906,-2880.700927734375,-2412.32421875
test,2035,-628.280029296875,-499.97412109375
test,4159,-6676.8828125,-6704.6337890625
test,1532,-4325.61083984375,-3648.0712890625
test,718,-1368.974853515625,-973.567138671875
test,1623,-4048.1708984375,-3038.30419921875
test,5341,1233.530029296875,756.518310546875
test,998,-5724.7919921875,-5316.01953125
test,6088,-1148.958984375,-1548.224609375
test,1499,-3415.90087890625,-3001.614501953125
test,1508,-4910.27978515625,-5101.49462890625
test,2377,-1343.468994140625,-1101.35595703125
test,279,-2571.20703125,-2311.83203125
test,277,-3884.6201171875,-3363.6328125
test,4445,-3851.284912109375,-3375.730224609375
test,6111,-1953.5260009765625,-1467.827880859375
test,6518,-1953.55712890625,-1683.9658203125
test,5307,-1249.868896484375,-907.265869140625
test,65,-4281.9970703125,-4692.36328125
test,49,-2794.56201171875,-2744.216552734375
test,3863,-6780.06396484375,-6327.9130859375
test,4506,-5344.06787109375,-6065.48291015625
test,4785,-2732.637939453125,-2229.2509765625
test,1661,-5371.4501953125,-5168.4345703125
test,2225,-1538.14599609375,-1334.344482421875
test,4630,-7300.19580078125,-7793.4462890625
test,2165,239.468994140625,766.673095703125
test,2420,-1909.06201171875,-2805.06689453125
test,2869,-4119.00390625,-3346.5751953125
test,669,-2681.14697265625,-3048.904541015625
test,6207,-1734.740966796875,-2145.51220703125
test,4831,-2194.15966796875,-2790.609375
test,1524,-3590.431884765625,-3610.433349609375
test,4138,-9620.2080078125,-9508.4892578125
test,1658,-7125.48486328125,-7025.4404296875
test,3601,-4700.52978515625,-4305.21826171875
test,4263,-8074.166015625,-7618.33935546875
test,3148,-2837.02294921875,-2316.1845703125
test,2361,-1165.343994140625,-1428.076904296875
test,2344,-2488.39990234375,-2360.7978515625
test,1526,-4024.280029296875,-3575.887939453125
test,4586,-7310.021484375,-7514.86279296875
test,3792,-4061.5390625,-3717.149658203125
test,3909,-7336.2548828125,-7650.34814453125
test,4737,-5364.14501953125,-5043.765625
test,4386,-7425.3232421875,-8007.48046875
test,2665,-5334.09912109375,-5171.0478515625
test,6083,-491.784912109375,-1222.5908203125
test,2827,-2308.344970703125,-2276.858154296875
test,2260,-4902.82421875,-4663.31494140625
test,3027,-4629.5498046875,-4712.056640625
test,555,-3227.572998046875,-3338.56201171875
test,1058,-1680.8740234375,-2374.06103515625
test,6461,-4775.09619140625,-3825.8818359375
test,1081,-4740.953125,-4406.302734375
test,1815,174.72314453125,-304.472412109375
test,4631,-6803.93701171875,-7261.9833984375
test,6052,-2172.01611328125,-2102.25537109375
test,1296,-4423.8310546875,-4143.927734375
test,1039,-2023.4339599609375,-2560.35498046875
test,5623,-1139.031982421875,-1261.513427734375
test,4924,-5003.498046875,-4750.2353515625
test,2669,-3989.125,-4091.455322265625
test,5257,-553.509033203125,-786.958740234375
test,5822,1310.697021484375,376.859619140625
test,6431,-4813.8740234375,-4494.701171875
test,2499,-5001.4619140625,-4978.916015625
test,5109,966.216064453125,1042.746826171875
test,528,-2216.389892578125,-2525.7890625
test,6444,-3755.97607421875,-3746.8759765625
test,752,-2639.373046875,-2252.7587890625
test,5091,-890.552001953125,-414.629638671875
test,1219,-3750.784912109375,-3908.5302734375
test,6178,-3784.031005859375,-3317.864013671875
test,4382,-7155.2529296875,-7653.4775390625
test,4410,-5308.7431640625,-5565.7158203125
test,6090,-729.56103515625,-1255.11328125
test,333,-5912.212890625,-5810.767578125
test,182,-5072.12890625,-4803.30224609375
test,6193,-2193.172119140625,-1245.468017578125
test,3590,-5100.09716796875,-5024.37353515625
test,6246,-2452.945068359375,-2307.214599609375
test,4783,-3079.699951171875,-3291.545654296875
test,4137,-9484.044921875,-9289.810546875
test,3606,-4726.0390625,-5299.48193359375
test,4371,-10153.2080078125,-9895.7392578125
test,675,-5150.5,-5814.4853515625
test,5952,-4704.5439453125,-4164.9453125
test,3375,-5345.7822265625,-4551.08349609375
test,1137,-4204.17822265625,-4113.04833984375
test,749,-2242.4990234375,-2298.816650390625
test,5004,-1454.625,-1443.707275390625
test,437,-3002.784912109375,-3246.81201171875
test,491,-3621.85400390625,-3048.552734375
test,5646,-3181.736083984375,-3090.050048828125
test,2189,-3116.450927734375,-2612.2978515625
test,4802,-2253.708984375,-2889.735595703125
test,5668,-2215.51416015625,-2343.12646484375
test,5729,107.2451171875,-762.512939453125
test,1672,-7717.4521484375,-7043.93701171875
