split,row_index,y_true,y_pred
train,1104,-4905.72802734375,-4921.26171875
train,4913,-4499.9208984375,-4463.52880859375
train,2036,-4994.4619140625,-4921.537109375
train,2989,-2591.220947265625,-2869.8740234375
train,3550,127.507080078125,154.62109375
train,3571,-2058.044921875,-2189.3642578125
train,5200,-2056.93896484375,-1776.994873046875
train,621,-3982.48291015625,-4231.3232421875
train,4471,-2471.22998046875,-2312.89697265625
train,812,-6628.39111328125,-6656.8896484375
train,4891,-1681.0389404296875,-1747.0255126953125
train,5642,-2969.56591796875,-3009.96923828125
train,1206,-6644.13720703125,-6639.16748046875
train,5388,-4738.7568359375,-4196.49267578125
train,6248,-3912.883056640625,-3694.153076171875
train,6142,-3873.077880859375,-4075.739013671875
train,1463,-4535.5849609375,-4570.44189453125
train,910,-3910.52587890625,-3594.357421875
train,1718,-3231.8291015625,-2958.29833984375
train,4998,-1824.23095703125,-2097.798828125
train,63,-3296.1279296875,-3343.1123046875
train,6446,-850.096923828125,-1037.614501953125
train,208,-5137.9130859375,-4431.4033203125
train,5557,-6083.12890625,-6367.44580078125
train,1273,-7997.68359375,-7862.892578125
train,1166,1509.543212890625,1185.600341796875
train,2682,-2809.737060546875,-2779.465576171875
train,767,-5735.31787109375,-5830.63525390625
train,5818,-3207.58203125,-3343.518798828125
train,5259,-1710.702880859375,-1749.162353515625
train,2505,-1432.748046875,-1519.125
train,337,-3772.448974609375,-4138.126953125
train,4632,-2022.10595703125,-2026.406982421875
train,350,-2914.23388671875,-2743.542236328125
train,6135,-2261.35400390625,-2249.35986328125
train,6358,-1520.680908203125,-1466.3115234375
train,5210,789.598876953125,882.493408203125
train,517,-2779.281005859375,-2674.662109375
train,361,-6248.751953125,-6003.609375
train,1728,-2986.77490234375,-2770.282470703125
train,2211,-565.50634765625,-924.626220703125
train,2352,-851.262939453125,-934.134765625
train,5415,-4858.5517578125,-4946.14208984375
train,4763,-7755.720703125,-7518.408203125
train,4585,-5577.5087890625,-5999.177734375
train,3993,-2533.6630859375,-2136.6220703125
train,1010,-4141.72021484375,-4544.7939453125
train,3448,-1557.649169921875,-1852.0947265625
train,5665,-2053.384033203125,-1893.679931640625
train,5241,-1103.81201171875,-583.8701171875
train,6473,-5212.921875,-5526.87548828125
train,1284,-1406.18603515625,-1509.103515625
train,276,-2048.0859375,-2216.671875
train,6463,-5371.94287109375,-5682.29345703125
train,2196,-3643.7939453125,-3733.372314453125
train,2381,-2300.529052734375,-2787.08935546875
train,2898,-7218.66015625,-6945.6181640625
train,3612,-4489.44384765625,-4357.697265625
train,2164,-2269.716064453125,-2130.17822265625
train,4863,-9139.21875,-9281.16796875
train,4169,-2558.5029296875,-2437.85302734375
train,6091,-84.158935546875,112.7783203125
train,4960,-2331.199951171875,-2286.332275390625
train,4859,-46.366943359375,-249.123046875
train,192,-3807.7470703125,-4018.83935546875
train,181,-2052.666015625,-2294.2490234375
train,2180,-2708.139892578125,-2528.361572265625
train,2284,-7470.76708984375,-7333.548828125
train,2004,-5893.64013671875,-5858.1591796875
train,6295,-5474.23779296875,-5562.52587890625
train,5497,-9065.650390625,-8896.474609375
train,5587,-4305.72802734375,-4258.16796875
train,3167,-4587.51416015625,-4314.7333984375
train,3034,-5486.68603515625,-5527.06298828125
train,5008,-4681.72802734375,-4692.15673828125
train,4228,-3515.593994140625,-3879.6064453125
train,971,-3145.2109375,-3672.452880859375
train,5635,-4654.251953125,-4704.03173828125
train,4557,-4216.4580078125,-4444.25537109375
train,4797,-2068.199951171875,-2233.062744140625
train,3164,-1163.708984375,-1146.635009765625
train,4438,-6047.52197265625,-5969.21044921875
train,411,-6841.02001953125,-6829.537109375
train,1748,-3915.053955078125,-4160.244140625
train,2041,-1792.81298828125,-2042.6162109375
train,3116,-4619.06982421875,-4343.12890625
train,4174,-3588.881103515625,-3816.572021484375
train,6333,-2923.903076171875,-2886.99462890625
train,16,-6729.5927734375,-6461.162109375
train,3446,-3228.365966796875,-3568.945556640625
train,4112,-1063.756103515625,-1344.142333984375
train,2726,-3072.322021484375,-2926.74609375
train,2379,-1110.783935546875,-793.084228515625
train,5772,-5258.828125,-5386.45458984375
train,4029,-3588.806884765625,-4018.394287109375
train,4498,-5080.509765625,-4662.44091796875
train,6454,-2517.299072265625,-2507.322265625
train,6352,-5489.9150390625,-5229.20556640625
train,2053,-6182.578125,-6601.3125
train,5238,873.714111328125,994.657958984375
train,518,-4415.2919921875,-4763.4697265625
train,3149,-7588.56005859375,-7474.255859375
train,2557,-7975.5654296875,-7841.3974609375
train,697,-7547.0380859375,-7264.1298828125
train,5631,-3565.365966796875,-3369.437744140625
train,895,-2107.3310546875,-2102.87939453125
train,5266,1038.610107421875,1280.679931640625
train,5977,-2851.156005859375,-3272.096923828125
train,2392,-6221.744140625,-5873.80859375
train,1921,-3540.385986328125,-3254.53662109375
train,4963,-12156.6630859375,-12078.0380859375
train,5755,-3124.716064453125,-3237.47021484375
train,3002,-3988.81201171875,-4061.99609375
train,4459,-4337.85888671875,-4175.07177734375
train,6367,-3230.01611328125,-3195.58837890625
train,2076,2439.202880859375,2568.008056640625
train,5203,-2136.41796875,-2388.643798828125
train,5704,-7653.56494140625,-7531.28466796875
train,2566,-3470.531005859375,-3673.922607421875
train,1416,-1621.8499755859375,-1553.008544921875
train,3051,-2251.722900390625,-2269.57275390625
train,4069,-4259.19482421875,-3728.46826171875
train,6415,-3228.68408203125,-3551.3447265625
train,4282,-5580.34814453125,-5451.0166015625
train,906,-5219.30810546875,-5178.3271484375
train,3675,-6142.94482421875,-6427.8701171875
train,1174,-2810.62109375,-2701.933837890625
train,3301,-2730.77099609375,-2701.462158203125
train,2350,-3713.951904296875,-3723.050537109375
train,5206,-9484.5126953125,-9564.05859375
train,1127,664.427978515625,900.484619140625
train,2768,-8818.556640625,-8611.3994140625
train,5702,-234.130859375,-463.59765625
train,1719,-2026.530029296875,-2093.48291015625
train,557,-5728.9501953125,-5715.5517578125
train,1112,1343.533935546875,1407.853759765625
train,1642,-1513.2080078125,-1493.145263671875
train,330,-4584.37109375,-3943.324951171875
train,925,-15.623046875,132.860107421875
train,4561,-4725.81201171875,-4665.95947265625
train,6361,-1124.254150390625,-1166.86181640625
train,4520,-3166.865966796875,-3525.325927734375
train,3872,-2314.655029296875,-2528.983642578125
train,4806,-3050.8349609375,-3002.9775390625
train,2633,-1807.876953125,-1400.65625
train,4277,529.126220703125,705.696044921875
train,2083,-4742.02978515625,-4604.58740234375
train,2506,-4688.76611328125,-4182.06298828125
train,3764,-3867.591064453125,-3934.33984375
train,1277,-3982.60107421875,-3833.25146484375
train,3943,-4087.322998046875,-4006.652587890625
train,4394,-2412.6689453125,-2579.23583984375
train,2605,-4963.60400390625,-5127.138671875
train,5100,-2178.541015625,-2324.65234375
train,1975,-2157.972900390625,-2154.259765625
train,2253,-3794.323974609375,-3720.201171875
train,24,-5981.44580078125,-5677.20068359375
train,4615,-5384.3349609375,-5627.45654296875
train,5707,-7884.4951171875,-7878.2880859375
train,3418,-2259.199951171875,-2335.25830078125
train,5169,-5616.41796875,-5881.99267578125
train,4683,-4759.740234375,-4813.57470703125
train,428,-5657.7158203125,-5656.9482421875
train,4148,-152.821044921875,-452.52587890625
train,500,530.770751953125,436.794921875
train,3209,-1533.128173828125,-1390.4912109375
train,6399,-4492.9619140625,-4773.5400390625
train,2002,-5272.94921875,-5212.25537109375
train,4996,-1212.732177734375,-1177.6865234375
train,6053,-3017.507080078125,-3057.1201171875
train,1036,-4800.89892578125,-4771.9072265625
train,4978,-3630.864990234375,-3908.19775390625
train,1983,-7894.7900390625,-7665.6982421875
train,5625,-2179.9150390625,-2356.258056640625
train,5546,-2497.8798828125,-2461.8662109375
train,2059,-5120.93115234375,-5428.7001953125
train,4858,-1546.0830078125,-1853.150146484375
train,5133,-7341.271484375,-7211.8623046875
train,3133,-455.41064453125,-1065.498291015625
train,2978,-3886.720947265625,-3926.96337890625
train,3193,-397.824951171875,-523.18603515625
train,1051,-2814.055908203125,-2302.520263671875
train,802,-2302.596923828125,-2533.25390625
train,5284,-8051.6201171875,-8149.826171875
train,4362,-6386.1767578125,-6582.0888671875
train,5798,-3231.964111328125,-2769.707275390625
train,2773,-751.2119140625,-644.47509765625
train,4314,-4166.2568359375,-4438.69140625
train,5599,-2841.43505859375,-3141.246337890625
train,5922,-4855.18408203125,-4767.84130859375
train,6457,-3718.37109375,-3454.593017578125
train,4577,-4145.591796875,-4112.74365234375
train,2098,-7144.736328125,-7257.25048828125
train,4275,-515.23095703125,-619.7158203125
train,3245,-3709.48193359375,-4060.20751953125
train,926,-1518.535888671875,-1532.177734375
train,6005,-8619.833984375,-9008.5732421875
train,4202,-4375.87890625,-4407.50146484375
train,5408,-952.392822265625,-21.581298828125
train,638,-2832.031005859375,-2826.52685546875
train,90,-6671.625,-6969.259765625
train,4497,-1451.1259765625,-1585.67138671875
train,3188,-4244.033203125,-4598.97900390625
train,5830,-1805.6070556640625,-2048.9248046875
train,5442,-6274.2958984375,-5872.2919921875
train,156,-2804.837890625,-2740.336181640625
train,1183,-4697.4130859375,-4879.7763671875
train,3744,-456.825927734375,-536.35693359375
train,6061,1674.922119140625,1592.654052734375
train,143,-6292.1689453125,-6156.9423828125
train,1943,-3913.7548828125,-3910.08740234375
train,1244,-4479.5478515625,-4499.1640625
train,3581,-2798.113037109375,-2861.5546875
train,6031,-3503.27294921875,-3413.223388671875
train,1452,-3043.805908203125,-2655.686279296875
train,1235,-6036.9638671875,-6043.1318359375
train,4161,-6274.51318359375,-6426.3974609375
train,5610,-2726.0830078125,-2832.068603515625
train,416,-1889.553955078125,-1695.383544921875
train,3889,-7579.990234375,-7325.44775390625
train,5349,-3654.98291015625,-3657.11181640625
train,6018,-1909.5579833984375,-2037.966552734375
train,5108,-4309.08203125,-3885.1669921875
train,5144,32.27001953125,158.393310546875
train,2240,-5685.26220703125,-5743.384765625
train,1138,-5700.01806640625,-6054.158203125
train,5308,-2041.888916015625,-2106.73779296875
train,3804,-5656.81103515625,-5689.658203125
train,1435,-5660.5751953125,-5791.7734375
train,6062,-1045.501953125,-1147.572509765625
train,4604,-5280.10205078125,-5464.08740234375
train,4593,-2054.055908203125,-2067.699951171875
train,917,-702.43994140625,-612.41796875
train,2924,-8755.2568359375,-8857.8955078125
train,4530,-3606.68408203125,-3268.500244140625
train,2935,-2248.156982421875,-2181.931640625
train,5381,-4240.67919921875,-4023.9296875
train,5724,1282.204833984375,1171.203369140625
train,6184,-1745.5689697265625,-1910.8492431640625
train,2819,-2306.87890625,-2337.8212890625
train,1496,-3172.39892578125,-3232.45654296875
train,502,123.578125,544.054931640625
train,3530,-2107.7080078125,-2111.294921875
train,1759,45.58203125,17.275146484375
train,6387,-2564.802001953125,-2309.758056640625
train,5291,-6967.84814453125,-6651.81689453125
train,5310,-3961.009033203125,-4094.434326171875
train,5373,-5018.14111328125,-4965.236328125
train,1000,-7057.47900390625,-6988.2431640625
train,4988,-4525.21923828125,-4914.45947265625
train,2351,-245.927001953125,-411.6630859375
train,96,1624.720458984375,1091.206298828125
train,922,-2777.596923828125,-2845.822265625
train,4400,-2466.26611328125,-2587.795166015625
train,3288,-6210.8974609375,-6232.5009765625
train,2565,-732.341064453125,-228.092041015625
train,3976,-2538.864990234375,-2645.515625
train,1727,-9163.7392578125,-9404.998046875
train,3433,-7135.22607421875,-7325.7783203125
train,4078,-1154.386962890625,-900.55322265625
train,2000,-1039.79736328125,-938.91064453125
train,582,-5095.7119140625,-5071.60302734375
train,2828,-398.593994140625,-540.000732421875
train,6342,-290.035888671875,-212.47705078125
train,4331,-6186.173828125,-6388.013671875
train,2654,460.086181640625,105.738037109375
train,828,-2424.297119140625,-2268.42041015625
train,2651,-4938.9130859375,-4853.24462890625
train,3151,-949.671142578125,-1053.742431640625
train,722,-4171.7021484375,-4135.25537109375
train,1920,-2305.361083984375,-2421.986328125
train,724,-3306.472900390625,-3255.091552734375
train,1358,-7583.09716796875,-7651.49609375
train,1177,-2512.344970703125,-2324.921630859375
train,5925,198.5439453125,-284.9912109375
train,2228,-8333.8583984375,-8290.4091796875
train,1627,-3422.9169921875,-3140.114990234375
train,4939,-3540.131103515625,-3936.107177734375
train,6117,-6246.10107421875,-6169.0439453125
train,3247,-5928.1591796875,-5656.94189453125
train,3559,-5161.06103515625,-5021.794921875
train,5437,-8148.6123046875,-8723.4873046875
train,5046,-8626.6474609375,-8718.025390625
train,864,-4067.386962890625,-3857.5302734375
train,5005,-3346.819091796875,-3692.669677734375
train,3982,-3576.035888671875,-3412.724365234375
train,2120,-7597.7470703125,-7571.6591796875
train,2429,-4946.5068359375,-5168.64599609375
train,355,-10.457763671875,-231.080322265625
train,3012,-5078.201171875,-5547.68115234375
train,6413,283.003662109375,587.296630859375
train,6386,-1433.196044921875,-1720.5849609375
train,1934,-724.85400390625,-587.1259765625
train,2904,582.072998046875,569.014404296875
train,3962,131.7509765625,52.561279296875
train,80,1312.877197265625,1331.907958984375
train,2886,-4768.72412109375,-4718.447265625
train,48,-3731.118896484375,-3968.685546875
train,3518,-4726.533203125,-5107.77392578125
train,5048,-2584.56005859375,-2440.439453125
train,3659,-2490.58203125,-2584.57373046875
train,4409,-174.654052734375,-169.772705078125
train,2439,-6662.5029296875,-6664.6689453125
train,2397,-3032.548095703125,-2763.849609375
train,728,-6122.65478515625,-6068.02734375
train,1119,-4210.5087890625,-4611.5400390625
train,4657,-4485.16796875,-4462.0341796875
train,4751,-3002.37109375,-2931.0791015625
train,860,-5959.69384765625,-5479.42578125
train,535,-4595.8681640625,-4651.85791015625
train,1770,-5102.259765625,-5246.0224609375
train,4980,-2585.028076171875,-2510.281005859375
train,2110,1045.677978515625,1120.829345703125
train,5456,-7936.1650390625,-7608.7890625
train,3935,614.087158203125,443.64599609375
train,6290,-6766.82421875,-6937.4306640625
train,3743,-3613.4580078125,-4244.2958984375
train,3693,-4396.0380859375,-3974.05859375
train,4353,-5665.89404296875,-5677.4111328125
train,4018,-4332.84521484375,-4623.2763671875
train,4173,1051.967041015625,1030.287353515625
train,1648,-6526.81982421875,-6299.29736328125
train,285,-627.137939453125,-838.980224609375
train,3726,-3030.827880859375,-3201.78125
train,6164,-5210.35205078125,-5368.79296875
train,1163,-892.547119140625,-1042.0068359375
train,1401,-6267.22412109375,-6335.9794921875
train,2823,-3678.50390625,-3645.15380859375
train,3436,-4429.0361328125,-4096.80126953125
train,6402,-701.089111328125,-233.09912109375
train,4099,367.64306640625,187.333984375
train,1976,-4274.2158203125,-4166.41845703125
train,1400,-3607.654052734375,-3592.458984375
train,4956,-1317.416015625,-1369.19970703125
train,3355,-8755.5439453125,-8316.072265625
train,4690,-4683.1240234375,-4640.830078125
train,3758,-3609.263916015625,-3633.60107421875
train,2730,-6262.64794921875,-6006.26416015625
train,39,-1365.836181640625,-1656.0501708984375
train,4207,-267.0380859375,-408.15283203125
train,5786,449.04296875,588.769775390625
train,4598,-6722.76220703125,-6471.4150390625
train,1801,-3088.277099609375,-3059.125244140625
train,324,-2101.882080078125,-1565.80908203125
train,5141,-2571.633056640625,-2289.53173828125
train,2521,-6639.44580078125,-6621.14404296875
train,592,-3771.197021484375,-3424.74072265625
train,1451,-4083.177978515625,-4124.4462890625
train,3212,742.911865234375,662.104248046875
train,3916,2006.527587890625,1634.396240234375
train,3855,-6475.61279296875,-7092.478515625
train,1384,-5927.80615234375,-5903.21142578125
train,1891,-4103.7177734375,-4194.0556640625
train,1473,-6296.5400390625,-6404.27294921875
train,5556,-5385.47314453125,-5482.7265625
train,56,-6054.15576171875,-6202.728515625
train,5164,-3406.197021484375,-3714.257080078125
train,4667,-5407.06298828125,-5135.0166015625
train,6055,1359.501220703125,969.005615234375
train,4608,-4770.43701171875,-5271.3876953125
train,2892,-1139.696044921875,-1344.02197265625
train,3250,-5476.56884765625,-5231.14990234375
train,2564,-3167.98388671875,-3072.21484375
train,5123,-1367.620849609375,-1117.139404296875
train,6273,1561.537841796875,1403.281982421875
train,929,-1227.037841796875,-1214.138427734375
train,757,-1194.041015625,-885.49658203125
train,5429,-3721.126953125,-3711.500732421875
train,3873,-3915.116943359375,-4034.49951171875
train,3511,-4124.48876953125,-4117.7490234375
train,1429,-3305.614990234375,-3447.322509765625
train,3453,-2004.8330078125,-2009.4229736328125
train,1495,-5873.51318359375,-5743.6904296875
train,135,-1399.944091796875,-1559.81005859375
train,5093,-2147.9140625,-2665.2705078125
train,146,-709.60302734375,-935.375244140625
train,4499,-7315.943359375,-7425.521484375
train,3093,-3840.888916015625,-3965.837646484375
train,5531,-4868.9560546875,-4925.955078125
train,2998,-3929.31201171875,-3629.638427734375
train,4255,-2378.884033203125,-2709.7001953125
train,2411,-1183.219970703125,-1459.086669921875
train,5007,-3466.452880859375,-3267.018798828125
train,1622,1719.139892578125,1566.504638671875
train,2148,-1417.43505859375,-1413.97412109375
train,2362,-3089.787109375,-3030.977783203125
train,3356,-10061.9580078125,-9909.330078125
train,3256,-5454.583984375,-5763.1923828125
train,4583,-444.880126953125,-608.79052734375
train,2097,-8320.8857421875,-8124.4443359375
train,2415,1415.463134765625,759.621337890625
train,2859,-4324.201171875,-4260.3798828125
train,1961,-4321.9580078125,-4687.3310546875
train,4679,-2995.5400390625,-2742.493408203125
train,4220,-6231.31298828125,-6159.435546875
train,462,-2580.05908203125,-2528.850830078125
train,2550,-3526.4990234375,-3486.166015625
train,5479,-4867.0791015625,-4564.58203125
train,1535,-2263.79296875,-2241.08837890625
train,387,-4876.6201171875,-5010.10107421875
train,6348,119.973876953125,-103.04833984375
train,6078,-5303.55322265625,-5254.8359375
train,1005,-1026.088134765625,-768.79443359375
train,1818,639.374267578125,205.486083984375
train,3617,-5637.05517578125,-5753.7685546875
train,2732,13.730224609375,-227.9833984375
train,5682,-2371.823974609375,-1995.8262939453125
train,2482,-5669.7890625,-5772.4677734375
train,1397,-1077.8388671875,-770.247314453125
train,3791,-2918.8740234375,-2721.284423828125
train,5356,-2694.3330078125,-2644.52978515625
train,1243,-2568.2490234375,-2554.47412109375
train,3780,-2575.77294921875,-2576.59228515625
train,5820,-5010.0400390625,-4947.2490234375
train,6325,-3055.7529296875,-3545.90283203125
train,3016,-6741.47412109375,-6784.03759765625
train,5444,-6119.55517578125,-5728.203125
train,870,-6299.81982421875,-6025.24658203125
train,986,-2347.4462890625,-2307.182861328125
train,4072,-5970.1328125,-5663.8017578125
train,1962,-2043.2349853515625,-2115.2119140625
train,6334,-415.257080078125,-121.77490234375
train,1309,-3613.44091796875,-3620.564208984375
train,4977,-3568.0380859375,-3902.749755859375
train,2959,-5331.48193359375,-5619.8974609375
train,2749,-3727.14404296875,-3410.97509765625
train,4514,-3363.323974609375,-3809.810791015625
train,3231,-6188.10107421875,-6283.83740234375
train,941,-4655.72900390625,-4838.58642578125
train,367,-851.06689453125,-739.009033203125
train,4223,-7312.658203125,-7134.2421875
train,4408,-10549.6083984375,-9943.23046875
train,5469,-4130.31787109375,-4415.5302734375
train,783,-7483.1708984375,-7539.205078125
train,2841,-3728.43603515625,-3963.435302734375
train,5773,-6356.9580078125,-6197.31640625
train,2729,-2883.138916015625,-3220.551513671875
train,1418,-3887.260009765625,-4236.7763671875
train,2514,-5195.68701171875,-5370.5185546875
train,5362,-47.9296875,-40.755615234375
train,900,-33.649169921875,107.600341796875
train,662,-2737.7470703125,-2508.328125
train,1552,-889.794921875,-716.421630859375
train,3656,-6243.5048828125,-5942.390625
train,5189,-109.23828125,-115.37841796875
train,2195,-3737.491943359375,-3488.742431640625
train,3340,884.211181640625,729.775146484375
train,3842,-5795.8759765625,-5686.796875
train,3140,-8122.869140625,-7993.4931640625
train,2518,807.505126953125,403.5546875
train,2136,-1484.879150390625,-1695.328369140625
train,2742,-6093.0732421875,-5880.4677734375
train,3733,-7693.97705078125,-7682.9560546875
train,2899,-313.252197265625,-271.578125
train,6039,-885.3876953125,-1216.111328125
train,4247,-2799.9619140625,-2716.0439453125
train,2477,-5281.4990234375,-5354.4150390625
train,4846,-1829.6739501953125,-1790.7432861328125
train,5529,-3039.044921875,-3062.10205078125
train,2071,-3879.465087890625,-3601.869873046875
train,1186,-5239.64892578125,-5393.8408203125
train,6063,-354.9599609375,-459.37158203125
train,3950,-6736.72998046875,-6942.2861328125
train,2349,-5497.216796875,-5676.4609375
train,487,-4711.11181640625,-4869.255859375
train,3771,-3327.89599609375,-3200.947998046875
train,1158,-4136.18701171875,-4211.0322265625
train,1927,-513.359375,-788.507568359375
train,3086,-1135.404052734375,-1450.6376953125
train,1145,-4249.7412109375,-4416.90234375
train,1332,-3222.37109375,-3154.4423828125
train,1131,-654.0712890625,-725.0771484375
train,3563,-3759.56689453125,-3632.09130859375
train,3207,-3552.760009765625,-3455.156982421875
train,6364,-7839.8310546875,-8058.7333984375
train,5409,-4963.421875,-5148.87890625
train,2837,-3078.511962890625,-3284.72119140625
train,1973,-3461.412109375,-3311.263916015625
train,476,-5354.869140625,-5165.451171875
train,1684,-2966.239990234375,-3186.306396484375
train,1134,-4718.8330078125,-4805.345703125
train,5968,-4823.52294921875,-5110.810546875
train,2428,-5145.0,-5224.314453125
train,3173,-4565.9189453125,-4712.9091796875
train,2507,1067.449951171875,889.842529296875
train,2825,-2460.720947265625,-2483.48779296875
train,210,-6644.953125,-6468.6904296875
train,3917,-4205.3740234375,-4381.53369140625
train,4745,-5254.31787109375,-5335.91357421875
train,6027,-5682.55908203125,-5738.44921875
train,1033,-2172.779052734375,-2570.543701171875
train,3409,-2338.98291015625,-2146.75048828125
train,1582,-1382.346923828125,-1554.8623046875
train,819,-6381.9580078125,-6181.0224609375
train,1592,-8010.8232421875,-7822.3681640625
train,6121,-7364.119140625,-7646.572265625
train,863,-7023.37890625,-6605.68359375
train,2708,-5553.81982421875,-5531.0205078125
train,1812,-1167.06494140625,-1238.41162109375
train,530,-4422.9208984375,-4780.21728515625
train,5696,-2464.64404296875,-2460.73291015625
train,5913,-4549.8359375,-4669.021484375
train,2115,-8570.28515625,-8632.9580078125
train,3667,-2527.4599609375,-3072.6630859375
train,5837,-2897.94091796875,-2590.365234375
train,5097,-4078.931884765625,-3686.671142578125
train,898,1192.566162109375,959.528564453125
train,3620,-6301.39208984375,-6024.3076171875
train,1164,-7707.72900390625,-8042.7265625
train,6243,-2427.135986328125,-2641.71142578125
train,6407,108.190673828125,-284.817138671875
train,5493,-2128.694091796875,-1898.522216796875
train,2108,-5463.11181640625,-5258.59619140625
train,2346,-7803.3427734375,-7745.3330078125
train,928,-1224.378173828125,-2030.2935791015625
train,793,-3824.362060546875,-4079.64453125
train,4184,-3934.968017578125,-3810.837646484375
train,4488,-5807.36279296875,-5774.603515625
train,384,-3033.91796875,-3533.953857421875
train,1914,-8953.826171875,-8542.203125
train,5478,-2800.72412109375,-2812.19677734375
train,5468,321.923095703125,127.66650390625
train,5794,-2659.298095703125,-2597.1181640625
train,889,-3956.694091796875,-4204.97802734375
train,3719,-3198.6259765625,-3253.771484375
train,5217,-5236.72119140625,-5036.09375
train,2353,-2523.406005859375,-2638.103515625
train,1209,-2181.593017578125,-2311.50634765625
train,5532,-555.549072265625,-679.894775390625
train,2202,-4945.56298828125,-4926.75732421875
train,4098,-1436.198974609375,-1460.6474609375
train,2884,-4618.39404296875,-4588.66943359375
train,5424,-5250.6669921875,-5444.79541015625
train,477,-7420.2880859375,-7246.9921875
train,98,-6140.671875,-5902.79296875
train,4844,-5871.078125,-5898.3662109375
train,585,-2031.0401611328125,-1929.3662109375
train,2375,-4278.26904296875,-4104.02734375
train,2333,1192.143798828125,1169.128662109375
train,1677,-3903.27001953125,-4442.17626953125
train,1334,-5295.4658203125,-5203.97607421875
train,623,-4788.73193359375,-4777.08154296875
train,1483,-6628.2529296875,-6485.5791015625
train,5174,-3647.033935546875,-3769.28662109375
train,2767,-10935.84375,-10679.4873046875
train,6177,-2679.927978515625,-2534.01513671875
train,1386,-1812.2130126953125,-1888.775146484375
train,3759,-9903.962890625,-9842.201171875
train,5933,-952.5703125,-751.746337890625
train,1257,-3677.541015625,-3748.331787109375
train,2982,-3056.885009765625,-2862.9169921875
train,3586,-119.4521484375,-304.17919921875
train,3745,-4627.86181640625,-4463.41015625
train,3049,-2207.69091796875,-2026.1917724609375
train,5554,-5614.20703125,-5705.5029296875
train,2799,-8375.7646484375,-8615.8642578125
train,3270,-3486.14501953125,-3420.713623046875
train,1271,-4055.633056640625,-3790.498779296875
train,6453,-1720.4539794921875,-2010.230712890625
train,406,-4073.533935546875,-4710.9921875
train,4288,-5240.94921875,-5231.041015625
train,2492,-4487.89208984375,-4748.8115234375
train,4264,-8191.771484375,-7879.111328125
train,4495,1983.572021484375,1522.343994140625
train,1670,-3430.820068359375,-3207.3359375
train,2475,63.76806640625,-332.04931640625
train,3451,-6869.55908203125,-6804.8759765625
train,2727,-4301.3798828125,-4493.76708984375
train,1963,-6219.953125,-6228.21630859375
train,2444,-2109.27197265625,-2177.123046875
train,4000,-1975.0621337890625,-2071.98095703125
train,275,-7173.77587890625,-7203.365234375
train,5985,-2355.64892578125,-1847.325927734375
train,2001,-5885.6572265625,-5949.34326171875
train,5129,-9205.6640625,-8960.5244140625
train,6354,-3471.60302734375,-3283.69921875
train,3825,-1504.554931640625,-1435.361572265625
train,84,-4022.304931640625,-4250.5615234375
train,3883,-2580.125,-2522.50537109375
train,6474,-1416.678955078125,-1597.677490234375
train,4342,-3666.135009765625,-3823.0673828125
train,3817,-2382.0009765625,-2585.626953125
train,3192,-5334.966796875,-5353.2724609375
train,4118,-5389.7939453125,-5318.90234375
train,5153,-4735.72607421875,-5175.52197265625
train,1220,-794.76123046875,-1032.23974609375
train,1641,-2467.98095703125,-2655.44580078125
train,3953,-5588.828125,-5407.18994140625
train,975,-4468.69091796875,-4523.82373046875
train,1783,-3856.404052734375,-4076.94482421875
train,4278,-5132.97412109375,-4711.1123046875
train,4697,-948.26708984375,-1111.932861328125
train,1155,-1715.255126953125,-1163.673828125
train,5763,-1819.4840087890625,-1832.720947265625
train,1352,-4282.2109375,-4663.35546875
train,1820,-2977.965087890625,-3029.04296875
train,2257,-2105.16796875,-1707.5289306640625
train,4901,-188.30712890625,-226.798583984375
train,2178,-6230.5849609375,-6056.51708984375
train,1781,-5215.86279296875,-5275.3291015625
train,2133,-5788.505859375,-5767.419921875
train,4001,-5466.89111328125,-5532.6083984375
train,5052,-1371.947021484375,-1354.331787109375
train,6257,-3724.470947265625,-3603.939453125
train,4565,-3858.998046875,-3871.28955078125
train,3705,-8777.8251953125,-8823.0673828125
train,4747,-4454.671875,-4708.22705078125
train,1528,-2093.534912109375,-2056.759765625
train,191,-2635.194091796875,-3179.5830078125
train,4373,-5872.73876953125,-6051.24609375
train,3818,-3188.3779296875,-3292.2431640625
train,2249,-8822.576171875,-8773.326171875
train,3831,-1592.489013671875,-1620.1961669921875
train,519,-5581.77294921875,-5553.685546875
train,3578,-2996.447021484375,-2701.82666015625
train,2019,-2068.74609375,-2078.95703125
train,6236,-4004.7548828125,-3948.295166015625
train,3765,-1677.5430908203125,-1571.730224609375
train,3520,521.573974609375,92.095703125
train,5945,-1321.8330078125,-1200.449951171875
train,4662,-4300.19384765625,-4545.7060546875
train,3261,-6550.23388671875,-6362.79345703125
train,3741,48.694091796875,-169.527099609375
train,1837,-4007.16796875,-3860.700439453125
train,4025,-3613.114013671875,-3775.653564453125
train,2583,-7331.8359375,-7163.43896484375
train,5862,-2473.47705078125,-2570.2587890625
train,3393,644.635986328125,863.857666015625
train,5229,-1984.5380859375,-2446.24560546875
train,4688,-2939.43701171875,-3116.048828125
train,4271,-4057.31298828125,-4039.041259765625
train,684,-2710.674072265625,-3026.211181640625
train,2184,-2132.943115234375,-2483.27001953125
train,1217,-6789.037109375,-6870.94140625
train,102,-1217.767822265625,-1684.5067138671875
train,5392,-200.11572265625,-341.739990234375
train,1170,-8321.8388671875,-8426.6650390625
train,2448,-3987.52001953125,-4083.357177734375
train,6460,-533.945068359375,-588.04541015625
train,1692,1147.942138671875,823.392333984375
train,3004,-3557.4951171875,-3524.396728515625
train,6477,-2578.823974609375,-2410.260986328125
train,5192,-3823.51611328125,-3957.30126953125
train,1568,-1726.9859619140625,-1886.2774658203125
train,660,-803.09521484375,-741.603515625
train,3118,-4805.93017578125,-4590.6259765625
train,6318,-4942.78515625,-4956.88232421875
train,466,-4575.44921875,-4838.75
train,610,-2043.453125,-2176.4990234375
train,5812,-3696.426025390625,-3864.80126953125
train,3824,-3683.66796875,-4036.95947265625
train,4753,-9251.0693359375,-8587.2236328125
train,151,1845.124267578125,1775.325927734375
train,4576,-5699.380859375,-5558.22509765625
train,3978,-1162.97900390625,-1261.75830078125
train,2348,-3161.2919921875,-2813.57568359375
train,1537,-5663.4921875,-5916.20703125
train,5054,-6358.4765625,-6438.7373046875
train,6445,-1788.427001953125,-1755.709228515625
train,653,882.613037109375,937.935302734375
train,1624,-6753.3095703125,-6578.51806640625
train,1439,571.651123046875,204.454833984375
train,6123,-1668.699951171875,-2053.93408203125
train,2424,-2834.54296875,-2975.658935546875
train,5545,-2721.175048828125,-2696.35107421875
train,5553,-725.52197265625,-435.537841796875
train,633,-2859.73291015625,-3003.7021484375
train,5847,-1627.092041015625,-1231.51171875
train,938,-10563.7861328125,-10483.255859375
train,1793,-2494.64892578125,-2179.209716796875
train,4795,-3694.51611328125,-3888.654541015625
train,5912,-5817.7470703125,-5797.29541015625
train,2095,-1251.556884765625,-1192.253173828125
train,4537,-8328.83984375,-8105.322265625
train,2445,-2446.860107421875,-2391.269775390625
train,3242,-1903.9429931640625,-2184.461669921875
train,2204,-4056.201904296875,-3973.793701171875
train,3762,-1745.97412109375,-2207.26513671875
train,3630,-5603.205078125,-5770.77099609375
train,3449,-2059.637939453125,-2077.103271484375
train,4782,1780.713134765625,1823.737548828125
train,5073,-2871.263916015625,-2915.1005859375
train,849,-6541.93017578125,-6493.6357421875
train,1270,-2870.30810546875,-2804.287109375
train,162,-4562.2587890625,-4624.2470703125
train,1268,-7732.130859375,-7709.6455078125
train,2809,-2155.89404296875,-2412.91650390625
train,4521,1540.802001953125,1162.516357421875
train,3317,-2676.8798828125,-3223.479248046875
train,3147,-152.909912109375,-208.51611328125
train,3813,-2626.10693359375,-2953.517333984375
train,5883,785.781005859375,668.419189453125
train,6240,-6293.69189453125,-6352.5830078125
train,6507,-5072.42919921875,-5085.9443359375
train,352,-4687.35107421875,-4646.68798828125
train,4492,295.116943359375,438.779296875
train,1306,-3795.055908203125,-4198.7822265625
train,5155,-4649.77685546875,-4570.5849609375
train,3126,-2455.31201171875,-2407.291748046875
train,2198,-1135.083984375,-1209.785888671875
train,5136,-3745.985107421875,-3798.111328125
train,6527,-2021.524169921875,-2017.3521728515625
train,960,-237.955078125,-472.28466796875
train,6085,-3416.610107421875,-2962.77587890625
train,2304,-5804.01513671875,-5584.06689453125
train,5482,980.335205078125,782.766845703125
train,1601,-3043.656982421875,-3059.046142578125
train,2878,-3462.131103515625,-3407.207763671875
train,2842,-2930.87109375,-3358.10009765625
train,1032,-3560.033935546875,-3903.149169921875
train,4327,-6556.4921875,-6285.439453125
train,5293,-2097.64208984375,-2133.75390625
train,4056,-597.81689453125,-729.880615234375
train,1539,-6445.64208984375,-6579.7373046875
train,5560,-2920.197021484375,-2702.77197265625
train,2149,-247.12890625,-208.27490234375
train,242,-2971.2919921875,-2758.76318359375
train,5319,-1308.884033203125,-1324.62939453125
train,4284,-1546.392822265625,-1303.041015625
train,4170,-1887.7239990234375,-1927.77978515625
train,797,127.574951171875,391.9521484375
train,3852,-3147.655029296875,-4039.8037109375
train,771,-7072.435546875,-7609.5693359375
train,4687,431.973876953125,783.812744140625
train,5980,42.5810546875,-185.260498046875
train,3684,-796.58203125,-631.68994140625
train,3075,-5324.5380859375,-5128.00244140625
train,3128,-1365.172119140625,-1430.447021484375
train,5465,-1513.651123046875,-1420.342041015625
train,4934,-8017.8720703125,-7381.0751953125
train,3445,-5308.951171875,-5339.57177734375
train,1180,-6290.2109375,-6684.947265625
train,1388,-4464.3681640625,-4561.77099609375
train,3430,-3098.20703125,-3315.1455078125
train,1116,-2402.172119140625,-2360.35498046875
train,4787,-3121.49609375,-3152.37109375
train,630,-8257.0234375,-7837.9267578125
train,4396,-445.159912109375,-308.05029296875
train,5173,-110.2041015625,483.452392578125
train,3507,-686.60595703125,-933.808349609375
train,4124,-8566.66796875,-8642.7890625
train,3441,-7774.716796875,-7716.92919921875
train,5924,-5140.51513671875,-5150.46826171875
train,628,-7.614013671875,-196.07861328125
train,5808,-7620.64794921875,-7450.931640625
train,1464,-4289.89990234375,-4260.8681640625
train,3474,-4350.37890625,-4164.18798828125
train,6459,-6715.88623046875,-5987.94775390625
train,6395,-4065.262939453125,-4186.32470703125
train,3455,-1882.7481689453125,-1818.614013671875
train,2797,-5589.2822265625,-5554.35791015625
train,740,-2367.50390625,-2582.44189453125
train,4880,-3472.72900390625,-3084.45703125
train,4033,-4669.02197265625,-4562.2744140625
train,5835,-6339.0927734375,-6511.63671875
train,3945,192.930908203125,314.737548828125
train,2451,-2501.89599609375,-2771.9775390625
train,2887,-4023.068115234375,-3788.089111328125
train,4344,-4942.11376953125,-4882.384765625
train,4936,-5732.69287109375,-6046.3935546875
train,1705,-10266.103515625,-10422.6396484375
train,1538,1815.260009765625,1292.300537109375
train,1926,-4898.9091796875,-4862.56494140625
train,2791,-4209.8017578125,-4216.7646484375
train,3708,-3570.201904296875,-3942.8115234375
train,1494,-6032.591796875,-6183.8818359375
train,2471,-1890.4119873046875,-1605.036865234375
train,5655,-3648.9580078125,-3446.7763671875
train,2008,-6580.80712890625,-6548.0537109375
train,5803,998.616943359375,614.228759765625
train,1979,-49.6298828125,-6.0869140625
train,3805,-1952.968994140625,-2322.654541015625
train,4218,-2619.7939453125,-2778.91259765625
train,770,-7082.4091796875,-7102.04150390625
train,6046,-5475.22314453125,-5692.294921875
train,795,-3955.928955078125,-4006.35791015625
train,4574,-6278.5537109375,-6150.7353515625
train,845,-6963.171875,-7150.87353515625
train,233,-1969.282958984375,-1695.598876953125
train,54,-4915.466796875,-4958.8916015625
train,2018,-3061.469970703125,-3324.665283203125
train,3740,-5510.73291015625,-5473.1171875
train,6222,-4382.51806640625,-4114.48388671875
train,2266,762.802978515625,254.234130859375
train,2056,-1004.489990234375,-1099.135009765625
train,6309,-6445.96484375,-6298.189453125
train,280,-3132.344970703125,-3394.70166015625
train,4526,-2321.720947265625,-2373.0556640625
train,5700,-2746.989013671875,-2380.986328125
train,5795,-2106.055908203125,-2165.175537109375
train,6389,-3059.445068359375,-2975.9755859375
train,4784,-3289.248046875,-3188.856689453125
train,3896,-4116.43408203125,-4258.744140625
train,37,-3184.943115234375,-3022.5400390625
train,4502,70.962890625,-106.21923828125
train,1890,-4686.27294921875,-4528.75732421875
train,4786,-5866.47119140625,-6029.2763671875
train,5869,-2705.2041015625,-2864.818603515625
train,2740,-3802.010986328125,-2954.003173828125
train,2126,-4266.5380859375,-4416.31494140625
train,4106,-2570.677001953125,-2765.02783203125
train,3904,-5526.53076171875,-5419.4169921875
train,4110,-3960.4130859375,-3757.86865234375
train,3005,-10091.9248046875,-9875.619140625
train,1953,-986.419921875,-1168.51953125
train,3626,-9956.037109375,-10181.81640625
train,4862,-5892.31884765625,-6255.890625
train,6084,-3387.676025390625,-3071.1640625
train,4044,-2224.87890625,-2419.169921875
train,5383,-7153.755859375,-6984.5439453125
train,2069,-8634.25390625,-8715.212890625
train,4330,-2316.26611328125,-2270.24658203125
train,6068,-2193.619140625,-2303.216796875
train,3111,-3923.740966796875,-3544.634033203125
train,4720,-1861.030029296875,-1815.5216064453125
train,3760,-3167.424072265625,-2880.16845703125
train,1782,-4597.7880859375,-4450.47900390625
train,1715,-5093.93896484375,-5131.31298828125
train,2210,-3556.89892578125,-3248.34912109375
train,5351,-2927.361083984375,-2603.036865234375
train,1700,-3648.361083984375,-3922.780517578125
train,5964,-3014.318115234375,-2900.77392578125
train,5738,-2571.091064453125,-2512.014892578125
train,5302,1383.835205078125,1439.256591796875
train,5928,468.992919921875,-142.825927734375
train,609,-5056.56396484375,-5187.470703125
train,1031,-2496.08203125,-2670.007568359375
train,903,-5624.17578125,-5197.1796875
train,4038,-8136.8115234375,-8108.9365234375
train,2456,-1700.0689697265625,-1745.517822265625
train,6260,1735.237548828125,1235.036865234375
train,3144,-700.364013671875,-1096.57275390625
train,1606,-3433.553955078125,-3934.436279296875
train,720,-2439.510009765625,-2641.8984375
train,2363,-1382.802978515625,-1244.20751953125
train,2683,-123.636962890625,-318.98876953125
train,3208,-4465.15576171875,-4516.39599609375
train,3372,-3370.3701171875,-3527.915283203125
train,2539,275.417236328125,487.500244140625
train,3720,-4313.58984375,-4241.3994140625
train,1225,-3884.472900390625,-4138.49755859375
train,3032,-5275.14501953125,-5289.98681640625
train,6531,-4699.3818359375,-4886.126953125
train,1427,-2127.5068359375,-2630.0517578125
train,5670,-2105.903076171875,-2496.4736328125
train,2296,-4477.0869140625,-4293.14990234375
train,4020,-5321.494140625,-5335.443359375
train,115,-3502.428955078125,-3367.9228515625
train,3605,-1419.468017578125,-1400.539306640625
train,293,-2160.48095703125,-2238.9560546875
train,130,-2527.069091796875,-2429.992919921875
train,2675,-5108.5439453125,-5139.3095703125
train,1354,-2242.487060546875,-2461.5888671875
train,5894,7.294921875,60.186279296875
train,930,-3086.6640625,-2799.9990234375
train,5915,-10226.630859375,-10333.314453125
train,1806,-6606.81591796875,-7218.25
train,3467,-4912.005859375,-4413.36572265625
train,1430,-34.387939453125,-164.437255859375
train,5769,-2719.080078125,-2812.782470703125
train,3979,-3771.261962890625,-3769.37060546875
train,383,-9173.626953125,-9114.876953125
train,1269,-2173.2880859375,-1899.228759765625
train,4673,-8267.9892578125,-8184.044921875
train,5917,-6799.251953125,-6767.77099609375
train,1109,-1701.6820068359375,-1969.6258544921875
train,6281,-3713.469970703125,-3833.528076171875
train,779,-6859.5126953125,-6692.400390625
train,3243,-6306.21923828125,-6536.646484375
train,1534,-1740.5040283203125,-1909.3160400390625
train,366,-1159.850830078125,-1170.7744140625
train,245,-2278.906005859375,-2428.8662109375
train,5445,-5546.9599609375,-5704.55078125
train,6439,-2826.31201171875,-2618.2763671875
train,652,-4728.1328125,-4858.677734375
train,5390,-3300.68701171875,-3327.20947265625
train,5911,2042.096923828125,1410.717041015625
train,4825,-2163.48193359375,-1977.0052490234375
train,2613,-4817.82080078125,-5041.435546875
train,3040,-2456.405029296875,-2456.552001953125
train,4143,-3348.552001953125,-3263.831787109375
train,6479,-596.424072265625,-450.97314453125
train,5767,-6204.6181640625,-6164.380859375
train,1730,-3506.549072265625,-3511.315673828125
train,1607,563.871826171875,467.588623046875
train,3679,-2325.798095703125,-2594.7041015625
train,174,-1699.3289794921875,-1752.8424072265625
train,3130,-6417.48388671875,-6252.7822265625
train,1699,-4839.18017578125,-5159.921875
train,4436,-5547.42578125,-5489.529296875
train,2027,-5840.4189453125,-5381.3486328125
train,4230,-4879.298828125,-4769.7568359375
train,4850,-9773.267578125,-9471.693359375
train,3542,-2751.214111328125,-2679.898681640625
train,4183,-7042.06396484375,-6736.3212890625
train,5575,-2738.5859375,-3135.218994140625
train,5277,-6136.27099609375,-5839.294921875
train,5689,-8361.3583984375,-8632.3095703125
train,4281,-6592.455078125,-6425.5517578125
train,1227,-6866.4638671875,-6214.5791015625
train,4719,392.22607421875,453.992431640625
train,5151,-5939.06591796875,-6160.11572265625
train,2576,-7786.6318359375,-7755.486328125
train,2092,-4914.40087890625,-5007.3876953125
train,4596,-1884.154052734375,-1639.686767578125
train,1141,-8305.6357421875,-8051.5126953125
train,167,-4281.0927734375,-4131.97607421875
train,2728,-8560.8251953125,-8521.1572265625
train,5149,-4104.80615234375,-4102.88037109375
train,2161,-4757.8330078125,-4677.09765625
train,5329,-364.972900390625,-1241.28369140625
train,5549,-6116.0322265625,-6269.2529296875
train,4972,-1996.7960205078125,-2072.46875
train,5078,-5116.203125,-5019.4560546875
train,3644,948.376220703125,1166.447021484375
train,1717,-1871.7899169921875,-1879.8731689453125
train,3272,-1841.8699951171875,-2065.357666015625
train,983,1864.597900390625,1485.530517578125
train,354,-5876.7109375,-5408.74853515625
train,4962,-5623.7099609375,-5553.8671875
train,5874,-1784.8609619140625,-1844.3060302734375
train,5695,-5764.16015625,-6144.63525390625
train,368,-6532.0810546875,-6983.5068359375
train,2954,-7183.916015625,-7072.0078125
train,5234,-3787.635009765625,-3713.314453125
train,32,-3701.06298828125,-3738.430908203125
train,5613,-2824.655029296875,-3006.315185546875
train,1282,-4130.3818359375,-4117.7333984375
train,5205,-4437.72509765625,-4627.61279296875
train,1099,661.460205078125,1022.569580078125
train,3604,-2661.743896484375,-3080.219482421875
train,4764,-3236.368896484375,-3429.388427734375
train,456,-8079.150390625,-8048.5693359375
train,5961,56.906005859375,-495.302734375
train,866,-11401.33203125,-11284.13671875
train,4418,-2275.924072265625,-2328.292724609375
train,4877,-2355.888916015625,-2446.13623046875
train,5156,-8065.75,-8022.640625
train,3906,70.912841796875,-549.772705078125
train,4473,-6886.6513671875,-6542.712890625
train,1438,552.861083984375,452.542724609375
train,3843,-2140.0029296875,-2330.81787109375
train,5591,-7415.68359375,-7441.44482421875
train,4582,-180.252197265625,-183.2900390625
train,5825,-8129.9287109375,-8105.1572265625
train,2650,-2609.386962890625,-3039.144775390625
train,4144,-2241.705078125,-1916.302978515625
train,455,-2132.85302734375,-2263.74609375
train,2015,-5645.716796875,-5627.4375
train,2400,-3611.15087890625,-3831.30810546875
train,6497,-1768.0260009765625,-1781.397705078125
train,4568,-1782.4139404296875,-1771.075439453125
train,4496,-4498.658203125,-4531.6689453125
train,5965,-8284.6865234375,-8259.7666015625
train,3333,-3273.39892578125,-3545.84375
train,5289,-6683.97607421875,-6595.5537109375
train,1414,-3159.632080078125,-3365.246826171875
train,3162,-4836.8779296875,-4984.35205078125
train,1840,-5005.1982421875,-5071.88330078125
train,6353,-4671.61279296875,-4626.94140625
train,4476,-11798.73046875,-11898.234375
train,435,-11429.5380859375,-11058.03125
train,3650,-3102.367919921875,-3180.871826171875
train,5804,-2682.718994140625,-2659.518798828125
train,1745,-7684.02294921875,-7730.50927734375
train,2094,-1486.3759765625,-1914.8289794921875
train,5941,-7827.6884765625,-7737.51220703125
train,4100,-2120.669921875,-2214.02685546875
train,3137,-1301.756103515625,-1700.77490234375
train,4904,-3265.84912109375,-3232.9951171875
train,195,1164.701904296875,352.628173828125
train,3986,-3001.260009765625,-2949.31494140625
train,3671,-5377.9111328125,-5445.3017578125
train,3666,-2608.43701171875,-2459.76171875
train,643,-5201.72705078125,-5192.4384765625
train,3042,-6948.07080078125,-6990.794921875
train,1066,-1345.10595703125,-1085.127685546875
train,5817,-1142.47900390625,-1415.71435546875
train,2911,-3979.472900390625,-4266.59765625
train,2880,-435.2890625,-357.700927734375
train,6416,-6017.47314453125,-5947.7890625
train,6116,-1923.47802734375,-1754.7645263671875
train,5072,331.675048828125,190.546875
train,5586,-1106.578857421875,-1299.760498046875
train,2385,-372.8291015625,-351.2861328125
train,6038,-457.37890625,175.17236328125
train,2710,-7034.2998046875,-6862.04248046875
train,150,-6394.38916015625,-6787.849609375
train,1791,-8378.72265625,-8360.5830078125
train,5166,-4332.546875,-4555.416015625
train,1409,-5201.77783203125,-4756.88525390625
train,5047,-2912.202880859375,-2524.5556640625
train,927,-6932.583984375,-6943.2626953125
train,5290,-7532.42578125,-7601.4541015625
train,5609,-6118.89306640625,-6143.91357421875
train,42,-7469.87890625,-7396.6484375
train,806,-4442.43505859375,-4644.28173828125
train,1324,-5786.52685546875,-5779.52294921875
train,3932,-3629.1298828125,-3533.003173828125
train,6159,-5032.9951171875,-5042.9287109375
train,5256,-7208.47021484375,-7084.2841796875
train,3938,-3391.216064453125,-3237.05029296875
train,6324,-4670.59814453125,-4391.68408203125
train,5975,-8047.3291015625,-8091.1650390625
train,5300,-7664.1650390625,-7902.404296875
train,1456,-5444.69677734375,-5849.55029296875
train,4261,-6158.376953125,-6328.2900390625
train,3499,-3761.241943359375,-3432.62109375
train,6341,-3889.2919921875,-4287.4443359375
train,3570,-4409.544921875,-4255.14794921875
train,4243,-4510.01123046875,-4625.923828125
train,1984,-7725.07421875,-7698.921875
train,6452,-1787.4100341796875,-1855.705810546875
train,4241,-2262.467041015625,-2322.453125
train,965,-2429.43701171875,-2519.4892578125
train,19,-5102.85693359375,-4990.81103515625
train,6043,-3893.375,-4083.119873046875
train,4039,-5446.9658203125,-5107.6640625
train,5512,-3107.781005859375,-2813.010009765625
train,1191,-175.89208984375,-240.647216796875
train,3214,-2260.72021484375,-2166.17529296875
train,4096,-3155.699951171875,-3076.032958984375
train,792,-4255.5732421875,-4615.45654296875
train,419,-1727.3228759765625,-1551.10888671875
train,4377,-5216.369140625,-5099.23876953125
train,2446,-3919.943115234375,-4138.205078125
train,6340,-2591.698974609375,-2749.10888671875
train,1356,-7982.7822265625,-7940.1943359375
train,4249,-1541.81494140625,-1744.4090576171875
train,6411,-4701.27392578125,-4996.8876953125
train,238,-2446.7958984375,-2650.607421875
train,1958,346.681884765625,285.8291015625
train,2327,2634.107666015625,2488.625244140625
train,5107,-5902.009765625,-5866.87890625
train,1157,-2829.260009765625,-2866.66845703125
train,1230,-181.174072265625,-437.060302734375
train,2437,-3600.12890625,-3502.570068359375
train,2947,-5785.7880859375,-5518.69921875
train,3766,-4528.453125,-4882.31689453125
train,1999,-2428.761962890625,-2676.468994140625
train,1168,-5521.0732421875,-5433.29736328125
train,6555,-2876.55908203125,-2968.099609375
train,348,-1273.487060546875,-786.389892578125
train,3182,-2409.590087890625,-2574.50146484375
train,778,-4848.9541015625,-4769.7568359375
train,4872,1151.704833984375,1471.915283203125
train,4761,-5396.22216796875,-5321.296875
train,6296,-2961.22705078125,-3119.6005859375
train,400,-2785.912109375,-3199.356201171875
train,2175,-2038.593017578125,-2227.756103515625
train,4768,205.3291015625,-89.205322265625
train,4399,-3262.77587890625,-3042.01416015625
train,5120,-3442.81494140625,-3369.9287109375
train,5855,1950.857177734375,1817.556396484375
train,5065,-2292.781982421875,-2066.7451171875
train,6157,-5399.046875,-5408.173828125
train,3924,-1000.360107421875,-1283.51220703125
train,3169,-2641.14501953125,-2931.472900390625
train,6512,-6818.626953125,-6866.5703125
train,1816,990.863037109375,792.269287109375
train,1747,-6437.39013671875,-6887.1708984375
train,877,-7473.85009765625,-7855.197265625
train,4333,-6931.02685546875,-7036.12744140625
train,6048,-3583.64697265625,-3370.539794921875
train,4216,-5164.02685546875,-5002.6337890625
train,681,-522.1142578125,-530.81689453125
train,1707,-4773.03515625,-4976.68603515625
train,4826,2483.125244140625,2421.487548828125
train,1774,-2297.52880859375,-2021.891357421875
train,2951,-5174.39013671875,-5166.7607421875
train,1325,-1878.2021484375,-1334.511474609375
train,3204,779.323974609375,958.573486328125
train,425,618.597900390625,601.991455078125
train,5676,-4002.930908203125,-4573.58837890625
train,453,-5366.64208984375,-5348.65234375
train,6096,-3766.0869140625,-3936.2763671875
train,4875,-6772.51806640625,-6537.32421875
train,2916,-5487.90283203125,-5396.841796875
train,2553,653.359130859375,747.710693359375
train,4906,-2084.60009765625,-2329.01611328125
train,4698,-7692.642578125,-7347.4404296875
train,290,-492.026123046875,-428.6484375
train,5958,-5025.7578125,-5071.04248046875
train,1636,-5680.544921875,-5510.080078125
train,72,-7798.451171875,-7712.7451171875
train,631,-1405.863037109375,-1792.44970703125
train,1612,-4190.93994140625,-4241.4462890625
train,1446,-2060.635986328125,-1949.678466796875
train,1850,-1703.614990234375,-1651.1943359375
train,127,-3966.739990234375,-3962.3466796875
train,3444,-2685.48291015625,-2653.114990234375
train,2796,-999.932861328125,-1199.887939453125
train,2901,811.497802734375,868.092529296875
train,5271,-3112.294921875,-2950.3349609375
train,3615,-6158.63818359375,-6253.78564453125
train,2300,-3794.443115234375,-3778.271484375
train,4566,-3652.64501953125,-3673.44140625
train,956,-5349.240234375,-5367.4912109375
train,6420,-3252.81591796875,-3335.712646484375
train,349,-4847.19287109375,-4589.8173828125
train,2973,-2823.35791015625,-2833.176025390625
train,4713,-8015.044921875,-8154.8154296875
train,1713,-3163.98388671875,-3095.044921875
train,3629,-2674.4150390625,-2564.5869140625
train,4790,-2483.26806640625,-2366.776611328125
train,3934,-2174.72705078125,-2238.783935546875
train,5119,-3620.657958984375,-3480.20849609375
train,5226,371.43701171875,273.01611328125
train,1345,278.22802734375,128.498046875
train,982,-5486.81591796875,-5434.96044921875
train,5766,-2473.300048828125,-2815.819580078125
train,5225,-9688.6943359375,-9660.2802734375
train,6553,-3049.824951171875,-3082.348876953125
train,2013,-5144.8779296875,-5213.6279296875
train,3835,-4298.41015625,-4224.9404296875
train,3058,-5867.4951171875,-5921.4833984375
train,2871,-4240.05517578125,-3930.875244140625
train,880,-1403.659912109375,-1319.453369140625
train,5292,520.477783203125,428.15185546875
train,763,481.574951171875,677.739501953125
train,729,-5199.453125,-5131.708984375
train,5578,-7331.0830078125,-7162.671875
train,3892,-6215.7568359375,-5480.8505859375
train,5887,-6254.64599609375,-7178.26611328125
train,1693,-2940.489990234375,-3268.430419921875
train,1092,-1872.967041015625,-2216.052734375
train,1436,-2417.882080078125,-2361.43212890625
train,3994,-2172.986083984375,-2344.640380859375
train,551,-5570.40576171875,-5913.1611328125
train,4325,-2104.389892578125,-2422.18359375
train,5861,-6392.01123046875,-6726.591796875
train,4417,-2520.967041015625,-2908.343017578125
train,3534,-1796.906982421875,-1622.0863037109375
train,5810,-5273.9169921875,-5583.435546875
train,5281,-4866.69580078125,-4842.47265625
train,5629,-3946.15087890625,-3874.728759765625
train,6544,804.478759765625,309.435302734375
train,1645,-3825.735107421875,-4016.7607421875
train,1291,-2563.0439453125,-2752.744140625
train,5784,-4635.1201171875,-4774.04931640625
train,5171,-6669.5908203125,-6494.9296875
train,2824,-3110.376953125,-3133.25927734375
train,1025,-3196.0009765625,-2867.3203125
train,2399,-1995.89404296875,-2182.78857421875
train,4950,-5309.466796875,-5300.4580078125
train,2048,-4507.72216796875,-4331.2158203125
train,522,-2602.5029296875,-2674.2333984375
train,4057,-2704.881103515625,-2697.16552734375
train,418,-2368.097900390625,-2570.85546875
train,452,-926.916015625,-1297.053955078125
train,1312,-2383.3720703125,-2242.01708984375
train,2144,-2107.10693359375,-2309.263671875
train,6466,-3901.112060546875,-4110.7197265625
train,996,-2005.883056640625,-2129.865478515625
train,4338,-4798.01220703125,-4851.81201171875
train,3972,-5292.9189453125,-4624.32275390625
train,612,-6274.564453125,-6536.9189453125
train,5312,-254.31103515625,-568.325927734375
train,6537,-3706.800048828125,-3687.83935546875
train,1682,-5139.52490234375,-5028.1728515625
train,1144,-8463.9990234375,-8697.1728515625
train,2021,-3141.22802734375,-3461.380615234375
train,2639,-2614.989990234375,-2355.21875
train,2159,249.85009765625,450.625244140625
train,3985,-10207.7265625,-10195.619140625
train,1047,-5895.716796875,-5971.1591796875
train,3160,-6231.0146484375,-6020.04931640625
train,1493,-5074.7861328125,-5044.78857421875
train,2741,-4435.505859375,-4148.4404296875
train,2160,-4892.90185546875,-4932.03466796875
train,4290,-3118.343017578125,-2973.1435546875
train,3077,-3062.830078125,-2710.57861328125
train,6239,-1935.5970458984375,-1797.3162841796875
train,2259,-361.69091796875,2.12060546875
train,1009,-2956.85009765625,-2909.849609375
train,6391,-2766.3779296875,-2838.720703125
train,3411,-4368.51708984375,-4384.1357421875
train,3815,-2889.945068359375,-2810.88525390625
train,341,-3605.26708984375,-3317.30615234375
train,5481,-7606.7548828125,-7631.4130859375
train,6554,-1186.010986328125,-997.062255859375
train,1097,-2313.06103515625,-2673.48779296875
train,3995,-4021.760009765625,-4152.06884765625
train,2782,-430.534912109375,-402.08056640625
train,1238,-5459.60595703125,-5514.49609375
train,2419,-4579.158203125,-4607.63525390625
train,3373,-5071.24609375,-4905.1669921875
train,3753,-4126.97998046875,-3951.107177734375
train,2277,-1442.3759765625,-1199.198974609375
train,1867,-1247.640869140625,-1268.086181640625
train,2047,-3988.35791015625,-3830.046142578125
train,5582,-1041.364013671875,-1068.289306640625
train,5698,3120.657958984375,2949.216552734375
train,3175,-5267.455078125,-5121.35546875
train,2370,-8483.57421875,-8276.31640625
train,4296,-4198.73291015625,-4447.37890625
train,1695,-6204.44921875,-6104.2666015625
train,2212,-6801.1337890625,-7073.42578125
train,5983,-3994.925048828125,-4377.82470703125
train,1071,-4209.9169921875,-4475.07470703125
train,1813,-6374.0732421875,-6556.494140625
train,775,-6170.43798828125,-6478.6142578125
train,2544,621.447021484375,650.136474609375
train,3300,115.329833984375,254.19921875
train,2883,-2143.784912109375,-2061.505126953125
train,3369,1357.689697265625,878.292724609375
train,3927,-6676.5927734375,-6866.1591796875
train,2434,-5863.83203125,-5838.345703125
train,1055,-2337.570068359375,-2196.35400390625
train,2068,-4186.166015625,-4276.09716796875
train,223,-6962.98876953125,-7100.12890625
train,5699,-3669.260009765625,-3753.446533203125
train,409,-4209.68017578125,-3979.656982421875
train,6302,-144.5830078125,-286.5888671875
train,4004,-2124.885986328125,-2101.15283203125
train,6169,-2213.091064453125,-2416.92529296875
train,2813,-4021.034912109375,-4052.461669921875
train,1122,-5634.134765625,-5332.14453125
train,1103,-1788.1890869140625,-1795.1124267578125
train,4752,-406.4541015625,-590.212646484375
train,4021,-3850.181884765625,-3862.54052734375
train,6149,-1957.27392578125,-1693.800537109375
train,362,1874.921142578125,1522.212646484375
train,5268,-1754.2569580078125,-1551.76953125
train,6293,-4569.35009765625,-4650.26513671875
train,2889,1632.299560546875,1300.630126953125
train,5116,-1578.569091796875,-1740.501708984375
train,3877,-3986.471923828125,-3893.943603515625
train,3643,-4259.97021484375,-3973.46044921875
train,1563,-3172.617919921875,-3103.3505859375
train,1096,-93.060302734375,-366.7373046875
train,234,-2810.10595703125,-3133.81884765625
train,6122,-3157.5009765625,-3324.68408203125
train,2597,-3197.16796875,-3346.337158203125
train,3998,-8248.7880859375,-8098.2841796875
train,6242,-5955.416015625,-5773.7568359375
train,3131,-1296.7080078125,-1300.139404296875
train,117,-2809.60302734375,-3052.14501953125
train,3812,-5929.1650390625,-5798.23388671875
train,2105,-4813.7890625,-4590.8642578125
train,4839,-5337.8427734375,-5557.28466796875
train,497,-875.68798828125,-750.1689453125
train,3907,-2068.31591796875,-2040.503662109375
train,995,-3502.592041015625,-3543.78564453125
train,5947,-3104.632080078125,-3543.090576171875
train,6125,-1615.3310546875,-1568.95849609375
train,1021,-5564.55322265625,-5654.6396484375
train,907,-5485.43310546875,-5441.7607421875
train,5335,-4914.52490234375,-4812.52978515625
train,392,-1023.751953125,-959.1884765625
train,1857,-2761.534912109375,-2830.8134765625
train,940,-6687.68798828125,-6607.62890625
train,186,-5900.85009765625,-5779.462890625
train,6355,-3579.681884765625,-3240.2724609375
train,769,-3811.840087890625,-3450.32470703125
train,4357,-400.7490234375,-236.491943359375
train,332,-4048.613037109375,-4042.50732421875
train,6037,-5809.791015625,-5636.88232421875
train,871,-4244.56005859375,-4207.6357421875
train,5525,-1256.755126953125,-984.0859375
train,1063,-1994.6199951171875,-2716.18408203125
train,6496,92.955078125,-35.815673828125
train,5265,-587.85498046875,-584.4990234375
train,2485,-4384.18505859375,-4447.14892578125
train,178,-1830.6080322265625,-1743.53759765625
train,429,-7149.85205078125,-7144.599609375
train,1149,-4858.45703125,-4559.54638671875
train,5621,-5606.36279296875,-5223.876953125
train,1830,-6764.8662109375,-6387.412109375
train,2920,-1913.5570068359375,-1929.377197265625
train,4897,687.358154296875,741.514892578125
train,5970,-2926.303955078125,-3215.458251953125
train,5125,-3705.31005859375,-4043.31298828125
train,5074,-5330.27099609375,-5527.4150390625
train,4214,-6890.76806640625,-7035.703125
train,4076,1817.931884765625,1537.573974609375
train,4304,-3654.467041015625,-3904.87548828125
train,3278,-1886.001953125,-1802.5185546875
train,1478,-1585.470947265625,-1584.1962890625
train,5880,-4494.40576171875,-4040.4658203125
train,537,-3729.656005859375,-3804.626708984375
train,514,-2823.537109375,-2755.330078125
train,3127,-6636.9482421875,-6717.666015625
train,4796,-3267.700927734375,-3023.5302734375
train,172,-5213.10107421875,-5126.1240234375
train,604,-3603.35107421875,-3344.4306640625
train,2985,-5182.5869140625,-5265.6015625
train,777,-4513.98486328125,-4815.14453125
train,5950,-3148.9208984375,-3189.912109375
train,3314,-2534.06396484375,-2679.80810546875
train,4579,-3388.7080078125,-3749.05712890625
train,3519,-962.93994140625,-1225.874267578125
train,5694,-0.635986328125,25.65966796875
train,5111,-6799.77490234375,-6547.23779296875
train,4957,-2868.093017578125,-3054.87841796875
train,3296,891.280029296875,813.084228515625
train,5760,-3966.2548828125,-4163.966796875
train,4827,-3550.25390625,-3656.77587890625
train,5163,-3212.580078125,-3071.8095703125
train,3103,-1418.5009765625,-1096.598388671875
train,5652,-2653.64794921875,-3092.778076171875
train,6451,-6569.65380859375,-6465.7451171875
train,2134,-5490.61279296875,-5742.1328125
train,656,-4775.94580078125,-4751.66357421875
train,1821,-8817.794921875,-8805.21484375
train,4575,-3567.39208984375,-3411.22216796875
train,3602,-1678.0400390625,-1817.1434326171875
train,1760,-4707.923828125,-4560.06591796875
train,4788,-4204.13916015625,-3995.780517578125
train,248,-60.2548828125,-137.218505859375
train,2143,-3536.739013671875,-3636.371337890625
train,4011,-8771.2392578125,-8799.3056640625
train,5697,-1695.1510009765625,-1676.3671875
train,3920,-3705.881103515625,-3519.34423828125
train,1267,-8077.0673828125,-7818.287109375
train,2516,-1276.18505859375,-1285.247314453125
train,4311,-2732.1650390625,-2631.29248046875
train,3486,-3540.486083984375,-3595.754638671875
train,3235,-5400.18115234375,-5484.01806640625
train,6541,-4790.09912109375,-4818.228515625
train,540,-7233.22021484375,-6984.03759765625
train,3041,-3454.116943359375,-3575.374755859375
train,3336,602.536865234375,454.458251953125
train,2745,-1873.1920166015625,-1675.7457275390625
train,4446,-4945.2958984375,-4977.2666015625
train,278,-5609.7978515625,-5436.0185546875
train,6472,-7115.67578125,-6971.9111328125
train,3717,-2759.2470703125,-2879.954345703125
train,3015,-6901.4287109375,-7287.72705078125
train,2341,-2380.047119140625,-2013.51904296875
train,6162,-7910.361328125,-7761.38671875
train,1884,-1806.2640380859375,-1905.69970703125
train,5017,-4727.873046875,-4850.32958984375
train,1375,-4531.06689453125,-4678.0009765625
train,4472,-1157.382080078125,-1238.35693359375
train,2907,-836.720947265625,-1083.205810546875
train,1859,-903.219970703125,-633.701171875
train,2771,-3867.919921875,-4009.080078125
train,5288,-6713.22216796875,-6877.36328125
train,1199,-4467.0791015625,-4006.41015625
train,1653,705.678955078125,257.21533203125
train,730,-2801.178955078125,-2956.014892578125
train,3177,1502.852783203125,1431.060791015625
train,420,-4743.7001953125,-5081.45361328125
train,3806,-2397.39306640625,-2833.197265625
train,6298,-1570.908935546875,-1325.00732421875
train,2834,-7875.232421875,-7838.76953125
train,1803,-5050.87109375,-4735.1552734375
train,6212,-1542.920166015625,-1642.27734375
train,5732,-3721.81103515625,-3696.186767578125
train,5441,-5911.751953125,-5897.1484375
train,5974,-3161.489990234375,-3279.7119140625
train,2223,401.843994140625,256.279296875
train,4772,-2187.53515625,-1849.3343505859375
train,2661,-2357.506103515625,-2245.00146484375
train,5580,-264.923095703125,-502.759765625
train,1792,1371.131103515625,1096.722900390625
train,3795,-2093.47216796875,-1809.69091796875
train,166,813.552001953125,458.963134765625
train,4626,-2924.988037109375,-3045.536865234375
train,4829,-1616.7020263671875,-1319.555908203125
train,1865,519.667236328125,747.141357421875
train,6017,-842.47998046875,-1101.276611328125
train,5132,-1631.487060546875,-1299.44970703125
train,2676,-8203.9638671875,-8175.8251953125
train,3958,-3068.660888671875,-3407.109375
train,6200,-3673.943115234375,-4127.3291015625
train,4766,-3620.160888671875,-3363.275146484375
train,4668,-4882.7099609375,-4679.638671875
train,6244,-3776.3720703125,-3582.629638671875
train,4944,-4840.47509765625,-4919.240234375
train,5605,-5269.423828125,-4681.24658203125
train,2467,-6716.8291015625,-6752.720703125
train,1308,-2630.701904296875,-2712.302734375
train,2112,-10084.6728515625,-9603.455078125
train,2049,-4473.43896484375,-4448.5927734375
train,3215,425.31396484375,115.879150390625
train,2203,-6318.1044921875,-6465.83837890625
train,1391,-5280.14013671875,-5704.6083984375
train,2270,-4614.80078125,-4312.1103515625
train,6216,-6769.68701171875,-6925.771484375
train,2162,-7103.626953125,-6913.4521484375
train,5758,-4000.343994140625,-4097.5087890625
train,5361,236.1708984375,547.197021484375
train,289,-5523.6279296875,-5772.6630859375
train,4052,-6351.51611328125,-6746.4228515625
train,1543,-4852.4189453125,-5355.7373046875
train,920,-1501.864990234375,-1477.385986328125
train,6102,-6761.666015625,-6653.1591796875
train,2844,-355.15087890625,-359.71435546875
train,2166,-4799.9541015625,-4734.873046875
train,3763,-2564.93603515625,-2364.22412109375
train,1378,-3401.126953125,-3454.42529296875
train,70,-3747.923095703125,-3549.234375
train,1095,503.189208984375,556.394775390625
train,3510,-2254.368896484375,-2182.91552734375
train,381,-902.486083984375,-910.396728515625
train,629,-5890.134765625,-5606.58154296875
train,3856,-3711.910888671875,-3579.184814453125
train,1466,-7727.93505859375,-7746.294921875
train,5230,-5934.67919921875,-5849.3798828125
train,4378,-660.6640625,-577.460205078125
train,3729,-4336.9599609375,-4241.7431640625
train,292,-1708.2039794921875,-1864.9510498046875
train,1276,-1727.7769775390625,-1765.4705810546875
train,1634,-3231.364013671875,-3405.128662109375
train,4619,-265.738037109375,-972.475830078125
train,2125,-4258.35400390625,-4580.71630859375
train,4061,-7006.9482421875,-6966.232421875
train,6210,-1627.4849853515625,-1437.887451171875
train,1912,-8025.47265625,-7815.7314453125
train,1639,1956.306884765625,1849.385498046875
train,3960,-8105.33203125,-8220.8779296875
train,1951,-7685.775390625,-7666.3369140625
train,1939,-3890.30908203125,-3900.21044921875
train,755,-4501.6181640625,-4671.53271484375
train,5942,-3827.7880859375,-3790.734375
train,6347,-6018.9501953125,-6254.91796875
train,4171,-6569.8017578125,-6476.0205078125
train,3521,-6380.9931640625,-6522.412109375
train,5921,-721.721923828125,-975.306884765625
train,6380,-2871.52099609375,-2884.56591796875
train,5552,-4314.876953125,-4104.7236328125
train,265,-2963.322998046875,-3170.349853515625
train,2323,-4826.91015625,-4969.0927734375
train,501,-6903.47607421875,-7295.08544921875
train,896,-3860.844970703125,-3983.041015625
train,3861,-6059.158203125,-6111.3056640625
train,2064,-4412.97314453125,-4243.72216796875
train,3966,-2876.27392578125,-3086.607421875
train,2384,-8421.7578125,-8449.1640625
train,2822,-701.917236328125,-601.66650390625
train,3437,-771.45703125,-606.01025390625
train,4888,-3232.27001953125,-3612.9443359375
train,6433,-3535.360107421875,-3533.149658203125
train,3669,-253.31103515625,-403.6953125
train,34,-5343.97607421875,-5593.62646484375
train,8,-4900.2822265625,-5096.9697265625
train,4126,-6717.1201171875,-6553.09326171875
train,5888,-1908.1619873046875,-1947.408447265625
train,617,-7577.51611328125,-6909.6865234375
train,1960,-6774.81689453125,-6165.9775390625
train,5904,-5917.6748046875,-5872.755859375
train,4483,-6541.7451171875,-6449.9248046875
train,6283,-2932.72998046875,-2935.10302734375
train,21,-2889.152099609375,-2863.301513671875
train,6344,-1216.409912109375,-1962.02880859375
train,5244,-5895.68408203125,-5620.6435546875
train,782,-7421.37890625,-7573.666015625
train,4771,-5294.69091796875,-5333.9560546875
train,4322,-7250.52880859375,-7285.0244140625
train,329,-9231.2236328125,-9179.1259765625
train,3513,-4275.97314453125,-4424.484375
train,6397,-3189.282958984375,-3110.067138671875
train,6071,-5662.837890625,-5839.703125
train,317,-4595.14306640625,-4751.3876953125
train,6070,-6708.3759765625,-6807.17529296875
train,4468,-8079.44921875,-7770.40625
train,488,-4472.16015625,-4436.95703125
train,398,-5777.2939453125,-5372.2236328125
train,6254,-2671.452880859375,-2667.6220703125
train,4427,-892.052001953125,-1155.648193359375
train,1413,-3624.85888671875,-3373.7724609375
train,739,-2342.532958984375,-2486.91357421875
train,3194,-2928.6259765625,-2920.685546875
train,3362,-3132.714111328125,-3414.591552734375
train,1038,-6090.40478515625,-6184.00244140625
train,1946,-6311.7548828125,-6310.92919921875
train,3517,-5451.14599609375,-5475.2265625
train,4141,-4938.61279296875,-4858.64013671875
train,1417,-854.196044921875,-729.644775390625
train,2461,-985.489013671875,-1175.63623046875
train,5170,-1575.329833984375,-1766.0107421875
train,6103,-5391.85595703125,-5241.197265625
train,580,-425.513916015625,-587.396240234375
train,2206,-5468.1572265625,-5269.6826171875
train,2006,-5506.22216796875,-5458.4638671875
train,4204,-655.075927734375,-958.129638671875
train,1766,-6573.2041015625,-6500.91015625
train,5115,-5504.748046875,-5611.8662109375
train,2034,-6958.88818359375,-6740.1259765625
train,6126,-1109.406005859375,-415.90478515625
train,2980,-5136.5478515625,-4804.50537109375
train,2774,-5966.94677734375,-6063.787109375
train,5907,-1015.177001953125,-1155.8408203125
train,1590,-4868.591796875,-5062.416015625
train,5237,-2927.344970703125,-3039.5537109375
train,3561,-2888.9970703125,-3296.585693359375
train,4315,-2340.93896484375,-2059.919921875
train,492,-6297.470703125,-6005.697265625
train,4522,-7263.1767578125,-7374.7421875
train,1554,-1037.805908203125,-1133.7177734375
train,4718,-3093.18505859375,-2809.59521484375
train,2668,833.625244140625,852.378662109375
train,651,-2355.361083984375,-2396.45458984375
train,3941,-9723.5654296875,-9231.7158203125
train,2895,-7123.5859375,-6951.28564453125
train,5333,-5942.0009765625,-6227.99609375
train,951,-6262.3359375,-6335.53466796875
train,3738,-7756.5703125,-7921.4990234375
train,2795,-1767.656982421875,-2009.43115234375
train,5584,-2207.114990234375,-2341.52685546875
train,5462,-4080.0390625,-4352.677734375
train,3983,-7425.787109375,-7460.353515625
train,5501,-5846.03515625,-5795.48779296875
train,5567,-2745.3759765625,-2749.41552734375
train,4637,-126.6201171875,-375.171875
train,2109,-4728.44921875,-4855.87841796875
train,2367,-1773.0140380859375,-1691.501708984375
train,5691,-586.4990234375,-713.79833984375
train,640,-5048.59716796875,-5144.65478515625
train,2977,482.300048828125,47.189697265625
train,5261,-4052.580078125,-4108.8037109375
train,457,-4086.343994140625,-4146.56494140625
train,3365,-4353.02294921875,-4567.359375
train,4043,-3814.220947265625,-3864.23779296875
train,2967,-1662.5450439453125,-1576.974365234375
train,4009,-2446.0810546875,-2144.2587890625
train,762,-6172.15478515625,-5956.25634765625
train,3360,-211.297119140625,-433.576904296875
train,5683,-3708.89599609375,-3665.117919921875
train,955,-8334.5859375,-8262.060546875
train,1389,-2532.708984375,-2777.85888671875
train,608,-2471.177978515625,-2575.03955078125
train,1819,-4703.462890625,-4530.68212890625
train,1359,-6962.4951171875,-7038.80810546875
train,4611,-3667.365966796875,-3627.158203125
train,1318,-1261.4560546875,-1381.97021484375
train,1208,-6942.1640625,-7064.6640625
train,2876,-3283.260986328125,-3153.4521484375
train,2969,-1464.234130859375,-1438.93896484375
train,6501,2388.717041015625,2089.087646484375
train,5733,-1848.47998046875,-1602.77880859375
train,2691,-3228.197021484375,-3032.28515625
train,1012,-3225.7880859375,-2850.765869140625
train,1441,-6830.5380859375,-6812.07666015625
train,2761,-2380.85009765625,-2118.853515625
train,1597,-4771.72509765625,-4803.26025390625
train,2124,-3605.760009765625,-3611.969970703125
train,3287,-6592.05810546875,-6472.82470703125
train,2254,-6117.6259765625,-6614.01806640625
train,5547,-4951.68994140625,-5154.37158203125
train,4776,-2699.0390625,-2649.3076171875
train,3522,-2688.5830078125,-2818.31884765625
train,1329,-3727.044921875,-3424.034912109375
train,6114,-2333.9189453125,-2354.329833984375
train,1087,-6356.0947265625,-6292.6689453125
train,5725,-853.167724609375,-939.5029296875
train,677,-4535.64208984375,-4087.785400390625
train,1218,-3764.3798828125,-3715.673828125
train,883,-6496.06787109375,-6625.8291015625
train,5044,-6125.9580078125,-6447.15478515625
train,6234,-4132.6728515625,-4748.72900390625
train,5338,-5486.623046875,-5435.8759765625
train,1633,-3834.81494140625,-3641.039306640625
train,3324,-6019.01513671875,-5634.4091796875
train,2388,-1446.865966796875,-1462.808349609375
train,4082,-2807.89892578125,-3377.39453125
train,2271,-7827.8525390625,-8103.1005859375
train,5577,-3881.27490234375,-3724.66162109375
train,1382,-5223.60205078125,-5510.13818359375
train,1367,-2213.27587890625,-1912.12890625
train,4993,-5775.4228515625,-5562.6357421875
train,2851,-3759.197998046875,-3961.22216796875
train,3893,-3167.264892578125,-2883.83642578125
train,4186,-7869.8759765625,-7846.41796875
train,3387,-7465.59765625,-7514.9208984375
train,3676,-4926.23095703125,-4984.4296875
train,2765,-3528.221923828125,-3455.718017578125
train,4262,-8709.37890625,-8723.1806640625
train,4319,786.930908203125,986.842041015625
train,2398,-1947.177001953125,-2068.20703125
train,1620,-5440.31689453125,-5489.0830078125
train,6480,-2269.596923828125,-2486.146728515625
train,1204,-8092.8017578125,-8203.4345703125
train,5521,-4438.51513671875,-4403.5576171875
train,3059,-5923.46923828125,-5986.03955078125
train,4590,-1600.66796875,-1754.85302734375
train,5931,-3743.278076171875,-3907.557373046875
train,2943,-6155.86083984375,-6190.28271484375
train,6002,654.484130859375,417.16845703125
train,4470,-471.113037109375,-546.443115234375
train,1512,-5052.51904296875,-4748.0322265625
train,3564,1850.710205078125,1644.416748046875
train,1132,-1999.7459716796875,-2198.547119140625
train,1938,-2233.967041015625,-2229.9091796875
train,1175,-1453.64697265625,-1714.7227783203125
train,6014,-2994.366943359375,-3405.5732421875
train,810,-3327.946044921875,-3354.926513671875
train,545,-390.927001953125,-252.326904296875
train,2151,-4722.216796875,-4941.68017578125
train,1266,-3762.388916015625,-3512.34765625
train,2578,-6690.27490234375,-6673.0361328125
train,1188,-1740.279052734375,-1781.7574462890625
train,4104,-2226.5009765625,-2465.1240234375
train,6033,238.843017578125,-26.67822265625
train,4852,-3685.201904296875,-3299.39404296875
train,4227,-5181.08203125,-5260.4443359375
train,5838,-7231.0390625,-7915.86328125
train,158,-377.5849609375,-858.170166015625
train,2690,-4048.449951171875,-4309.787109375
train,5565,-6635.626953125,-6613.1552734375
train,4828,-1763.0679931640625,-2069.5771484375
train,490,-2419.845947265625,-2268.375244140625
train,6092,-1952.4110107421875,-1874.681884765625
train,6335,-3374.673095703125,-3346.744873046875
train,6229,-2465.972900390625,-2924.255859375
train,2044,-6100.19677734375,-6632.15625
train,3089,-2023.001953125,-1674.0208740234375
train,198,-3723.257080078125,-4477.779296875
train,1457,-7136.29296875,-7067.197265625
train,6127,-4989.13720703125,-4759.71728515625
train,3084,-1326.704833984375,-1449.41943359375
train,5783,-4906.3349609375,-5164.89208984375
train,4833,-1842.364990234375,-2079.84716796875
train,3915,324.31494140625,231.853515625
train,1135,-8006.234375,-7439.083984375
train,6213,-1198.288818359375,-1155.83642578125
train,47,-5187.18505859375,-5398.96875
train,5987,-24.302978515625,-126.48388671875
train,430,265.448974609375,-125.483642578125
train,6515,-1009.331298828125,-1278.566650390625
train,2425,-492.672119140625,-64.87646484375
train,4744,185.9580078125,84.183349609375
train,5376,-6406.9140625,-6587.6962890625
train,6152,-2034.1949462890625,-1765.4532470703125
train,5753,317.662841796875,51.15283203125
train,4691,-2178.5029296875,-2254.22607421875
train,3784,847.872802734375,533.718017578125
train,404,-4893.6708984375,-5275.30078125
train,3777,-108.113037109375,-270.294921875
train,3822,-4451.97705078125,-4499.13037109375
train,1120,-6226.6533203125,-6303.18359375
train,4101,-3883.77099609375,-3478.73046875
train,4209,-840.283203125,-681.669921875
train,5233,-4668.97509765625,-4647.46728515625
train,672,-6098.9501953125,-6249.85498046875
train,1422,-6459.09814453125,-6372.921875
train,665,-3024.718017578125,-3094.56494140625
train,4198,-6592.828125,-6986.43505859375
train,6549,-7967.599609375,-7888.0703125
train,3944,-2030.0430908203125,-1974.6656494140625
train,4773,-2387.56201171875,-1955.3265380859375
train,1403,-7239.75,-7063.8720703125
train,4656,166.756103515625,54.421875
train,4254,-1203.177978515625,-1049.695556640625
train,1509,175.531005859375,75.447265625
train,2026,2664.056884765625,2405.696533203125
train,4682,-4300.921875,-4463.771484375
train,890,-5465.85302734375,-5719.91796875
train,4759,-8306.7490234375,-8184.1376953125
train,2551,-2748.180908203125,-2463.58056640625
train,3592,-4921.71484375,-5005.4873046875
train,3021,-1067.9658203125,-1221.772216796875
train,5908,-4796.716796875,-4935.72509765625
train,3492,-3919.340087890625,-4030.98046875
train,3516,-2425.9541015625,-2218.16455078125
train,3019,-3585.072998046875,-4457.97119140625
train,122,-1841.35205078125,-1898.7283935546875
train,6288,-3205.467041015625,-3810.37548828125
train,1481,-2299.8759765625,-1862.245849609375
train,4774,-7983.8115234375,-7994.4990234375
train,5705,-6309.033203125,-6051.8359375
train,108,-3753.902099609375,-3881.0419921875
train,3184,-1145.275146484375,-1231.05224609375
train,1896,-5336.23095703125,-5413.88671875
train,5703,-887.339111328125,-1052.351318359375
train,5742,218.18505859375,76.828125
train,3680,-977.242919921875,-1200.542724609375
train,4063,-1353.679931640625,-1543.253173828125
train,696,613.830810546875,689.812744140625
train,5916,1050.043212890625,940.699951171875
train,3258,-1559.214111328125,-1508.93212890625
train,4587,-2110.986083984375,-2337.591796875
train,2502,1433.216064453125,1067.427001953125
train,683,-3490.18798828125,-3777.552490234375
train,699,-3766.031982421875,-3964.6513671875
train,2079,-1825.72900390625,-1896.7762451171875
train,6536,-3505.326904296875,-3440.69287109375
train,1894,-4469.52978515625,-4710.27783203125
train,161,-4562.876953125,-4459.6982421875
train,616,-8095.7294921875,-8194.8642578125
train,5656,-5661.15380859375,-5922.2001953125
train,846,-122.52783203125,-142.057373046875
train,169,-2462.486083984375,-2397.916015625
train,6510,-4427.4541015625,-4568.302734375
train,738,-4272.43505859375,-4473.69873046875
train,4111,-3337.071044921875,-3191.8876953125
train,626,-6691.31494140625,-6499.2080078125
train,5439,-8637.0283203125,-8590.767578125
train,3050,1284.034912109375,1532.328857421875
train,904,-2242.698974609375,-2101.64404296875
train,5715,124.531982421875,95.319091796875
train,5343,-3045.660888671875,-3101.705078125
train,3951,-1295.551025390625,-1092.2041015625
train,4547,-4817.9951171875,-5335.37890625
train,2011,-4212.18798828125,-4217.35302734375
train,6299,-2945.321044921875,-2871.282958984375
train,2952,-5350.52587890625,-5155.189453125
train,5708,-8830.671875,-8648.39453125
train,5984,-2428.751953125,-3153.406005859375
train,2155,-4289.0068359375,-4763.7802734375
train,6523,-2787.10498046875,-2740.29150390625
train,86,-10207.9501953125,-10492.1630859375
train,5893,-2826.135986328125,-2815.10986328125
train,3200,-4042.89892578125,-3987.866455078125
train,82,-5333.55712890625,-5424.083984375
train,5944,-3013.1650390625,-3081.644775390625
train,4010,-8239.3876953125,-8093.076171875
train,596,-1090.849853515625,-1676.7099609375
train,2470,-2030.3360595703125,-2041.8116455078125
train,686,903.931884765625,1035.190673828125
train,2246,-1778.6610107421875,-2097.0146484375
train,969,-2792.139892578125,-2799.0107421875
train,4431,-5685.0419921875,-5637.1064453125
train,13,-5810.8310546875,-5756.935546875
train,2561,-3296.303955078125,-3419.842041015625
train,2147,-7114.8671875,-7385.5185546875
train,2865,-5978.6171875,-6045.435546875
train,815,-3069.85302734375,-3364.666015625
train,5597,-4183.30322265625,-4035.923828125
train,3132,-7050.0859375,-7077.072265625
train,274,-1861.154052734375,-1628.7215576171875
train,353,-1873.9169921875,-1911.9886474609375
train,2733,-7186.17822265625,-6977.4931640625
train,1644,-3090.47412109375,-2881.154296875
train,475,-4637.77197265625,-4399.46337890625
train,4345,2024.376220703125,1674.933837890625
train,129,-7830.134765625,-8032.0517578125
train,954,-2136.60205078125,-2160.408935546875
train,4130,-2134.218994140625,-1866.18603515625
train,963,-3568.1201171875,-4000.71142578125
train,4225,-5345.39599609375,-5317.1328125
train,2900,-8378.5517578125,-8641.2802734375
train,2032,-4676.6162109375,-4207.984375
train,5986,-5759.5908203125,-6017.30029296875
train,365,-2890.85107421875,-2788.284423828125
train,2896,-950.840087890625,-1031.884765625
train,2413,-5568.6611328125,-5720.14306640625
train,2140,1121.045166015625,973.495361328125
train,3648,-3100.821044921875,-2829.8212890625
train,3800,-6963.81103515625,-6951.4697265625
train,5251,-1723.2470703125,-1798.1005859375
train,448,-8950.615234375,-8721.115234375
train,933,-5432.1611328125,-5682.7119140625
train,433,-6349.125,-5686.25244140625
train,451,-8229.015625,-8281.140625
train,4770,-4800.2568359375,-4929.9716796875
train,4800,-3284.110107421875,-3411.887451171875
train,4193,-6641.56787109375,-6470.2705078125
train,1982,-5249.20703125,-5205.41943359375
train,1744,-2844.52490234375,-3074.259033203125
train,5260,-1293.968994140625,-795.22265625
train,5539,-5452.80419921875,-5361.86279296875
train,4822,-1860.093017578125,-1694.6981201171875
train,2874,-1771.884033203125,-1296.089599609375
train,2945,-8381.939453125,-8244.8466796875
train,1185,-7235.10498046875,-7299.375
train,4273,-1334.620849609375,-934.330810546875
train,6056,353.48388671875,31.66162109375
train,2705,-5634.10595703125,-5283.06689453125
train,249,-8301.0224609375,-8167.8671875
train,4515,1524.512451171875,1085.972412109375
train,212,-1232.863037109375,-1236.8837890625
train,2222,-2094.01611328125,-2295.7666015625
train,6267,-5289.34521484375,-5355.90576171875
train,3826,-2855.613037109375,-2937.693359375
train,4006,-3317.576904296875,-3164.013427734375
train,855,-7652.958984375,-7563.1279296875
train,4175,-3668.81103515625,-3772.101806640625
train,2022,-4517.27685546875,-4857.3994140625
train,2479,-5091.537109375,-5275.60595703125
train,6259,-824.80517578125,-824.434326171875
train,3268,-1792.7640380859375,-1552.6513671875
train,2176,-6496.43408203125,-6634.662109375
train,3827,-3285.508056640625,-3307.77734375
train,2826,-3365.409912109375,-3629.884521484375
train,2274,-327.81298828125,-191.224365234375
train,99,-7676.81396484375,-7504.6650390625
train,3022,584.716064453125,115.111083984375
train,1585,-1762.1180419921875,-1615.4630126953125
train,3829,-6447.0078125,-6534.0556640625
train,214,-3008.6650390625,-2640.01904296875
train,869,-4802.36376953125,-4793.13427734375
train,3579,-2045.02099609375,-2215.20751953125
train,2465,-5147.73388671875,-4771.39306640625
train,1892,-6511.81005859375,-6582.87890625
train,31,-4461.21923828125,-4323.4462890625
train,1843,-102.2939453125,-232.259765625
train,6543,-2514.761962890625,-2750.93359375
train,3332,-6922.31201171875,-6975.45263671875
train,4995,-3312.220947265625,-3330.04833984375
train,38,-2201.6689453125,-2223.255859375
train,3143,-8352.6845703125,-8751.3232421875
train,2719,-4404.2021484375,-4117.7822265625
train,743,-6694.505859375,-6800.046875
train,816,-881.984130859375,-873.412353515625
train,3585,-1557.031005859375,-1425.455078125
train,5240,-2934.531005859375,-3159.70751953125
train,5632,-5739.89697265625,-5889.111328125
train,2938,-2155.551025390625,-1996.4964599609375
train,1660,-5348.27880859375,-4883.26123046875
train,1615,-6110.251953125,-6257.0234375
train,2129,-256.741943359375,-701.340087890625
train,1779,-7009.55810546875,-7238.8681640625
train,1082,-5647.73876953125,-5181.19384765625
train,1899,-3669.5849609375,-3921.768798828125
train,3382,-3636.7958984375,-3718.440185546875
train,3850,-7662.67919921875,-7566.15869140625
train,4113,-6021.39990234375,-5882.376953125
train,5180,-4968.1728515625,-4357.806640625
train,5781,-5165.94482421875,-5386.7626953125
train,6158,-4147.080078125,-4142.3134765625
train,6264,-1127.069091796875,-1155.22119140625
train,3905,-5160.2587890625,-4766.51806640625
train,624,-2842.85009765625,-3367.05908203125
train,4040,-6406.73388671875,-6358.93359375
train,17,2227.470458984375,1712.555908203125
train,4755,-3933.239013671875,-4080.997802734375
train,3789,-6085.71484375,-6362.78759765625
train,2610,-1368.449951171875,-1092.93212890625
train,1580,-3306.51904296875,-3577.077392578125
train,6241,-3445.6650390625,-3482.03564453125
train,3302,-1855.676025390625,-2073.0400390625
train,581,-5219.93603515625,-4788.884765625
train,2065,-3853.8330078125,-3994.144775390625
train,1570,-1731.321044921875,-1864.60498046875
train,5709,-5309.951171875,-5326.4833984375
train,2460,-1379.633056640625,-1418.5400390625
train,5301,-8434.962890625,-8653.53515625
train,2558,-4200.64013671875,-4331.8212890625
train,4114,-483.386962890625,-681.554931640625
train,2902,-5575.9150390625,-5510.568359375
train,3176,-2265.43603515625,-2325.63720703125
train,3823,-7963.015625,-8132.341796875
train,3841,-5561.43505859375,-5798.75732421875
train,4152,-5094.85595703125,-5264.1064453125
train,2627,-3431.3759765625,-3374.45166015625
train,1223,-2371.784912109375,-2688.022216796875
train,3421,-5103.14208984375,-5017.876953125
train,5677,-4965.92822265625,-4687.0185546875
train,5491,-5137.884765625,-5046.08447265625
train,4232,-10521.8671875,-10219.396484375
train,1048,-529.06396484375,-524.155029296875
train,980,22.945068359375,79.78125
train,6022,-6560.5888671875,-6109.59912109375
train,4648,-1210.006103515625,-1255.98486328125
train,4352,-3309.656005859375,-3407.913330078125
train,4620,-3601.527099609375,-4004.279541015625
train,6326,-5964.39404296875,-6178.94873046875
train,1854,-287.6650390625,357.3515625
train,2988,-2211.02587890625,-2518.2890625
train,685,-5733.2890625,-6119.4697265625
train,3703,-1072.182861328125,-1216.41552734375
train,1228,-2801.14111328125,-2794.5908203125
train,3170,-832.200927734375,-982.7724609375
train,5025,-1037.82470703125,-1271.162841796875
train,2305,-2387.3291015625,-2569.7080078125
train,5304,-1274.743896484375,-1323.27099609375
train,1834,-3524.174072265625,-3639.311279296875
train,5112,-2640.778076171875,-2642.1328125
train,336,-6726.001953125,-6878.9921875
train,4503,-5464.34619140625,-5498.755859375
train,5934,-7387.98193359375,-7506.1455078125
train,1017,-5941.22119140625,-5877.80029296875
train,5124,-1985.678955078125,-2171.9169921875
train,4834,658.960205078125,662.213623046875
train,567,-1554.2509765625,-1529.131103515625
train,3774,-5547.69189453125,-5620.166015625
train,3470,-5811.14599609375,-6435.2236328125
train,719,-2251.448974609375,-2480.49755859375
train,1498,-5316.7998046875,-5236.92529296875
train,619,-310.3359375,-259.816162109375
train,2433,-1265.927001953125,-1251.33837890625
train,2017,-4917.78515625,-4529.12255859375
train,1433,-8395.287109375,-8440.634765625
train,3309,-2836.22900390625,-2762.441162109375
train,6208,-993.8310546875,-492.4677734375
train,1491,-3603.1259765625,-3715.863525390625
train,5484,-4928.48779296875,-4706.01611328125
train,1365,-6076.716796875,-6449.5517578125
train,1465,-5074.81298828125,-5149.75390625
train,5245,-2917.625,-2465.54833984375
train,272,-3017.216064453125,-3140.81201171875
train,884,-1848.2198486328125,-2511.93310546875
train,6012,-9140.0,-9156.416015625
train,1490,-2706.388916015625,-2845.614501953125
train,4818,-4370.06103515625,-4550.18896484375
train,2283,-209.826904296875,-160.153564453125
train,2409,-5851.009765625,-5965.3623046875
train,359,-5517.86083984375,-5794.28271484375
train,1160,-5601.9267578125,-5629.6318359375
train,2354,-5374.2470703125,-5041.3271484375
train,4974,-2920.98193359375,-2768.876953125
train,6082,-5276.828125,-5233.22607421875
train,1072,-3231.568115234375,-3296.91650390625
train,2750,-1113.953857421875,-1293.897705078125
train,6422,-4401.9169921875,-4864.119140625
train,857,-836.339111328125,-1202.17236328125
train,1918,-615.931884765625,-695.433349609375
train,6482,-5679.14208984375,-5510.09521484375
train,3206,-1101.91796875,-897.986083984375
train,5570,-653.05908203125,-1063.740478515625
train,5222,-944.322998046875,-648.2158203125
train,531,-6374.93798828125,-6166.5732421875
train,1930,-190.848876953125,-106.538818359375
train,1991,-3042.99609375,-2880.5810546875
train,712,-2512.35595703125,-2673.4345703125
train,2146,-1422.983154296875,-1490.77392578125
train,1875,-6297.123046875,-6465.6513671875
train,2538,-6704.31591796875,-6365.95703125
train,2376,-4445.9921875,-4490.3154296875
train,3043,-4161.26806640625,-4096.65087890625
train,3227,-84.4619140625,115.2177734375
train,5134,-6653.376953125,-6497.498046875
train,735,-4747.1201171875,-4834.39208984375
train,1716,-1169.06201171875,-1302.899169921875
train,6201,-5620.18310546875,-5295.74951171875
train,6007,-1709.303955078125,-2131.250244140625
train,3970,-2289.568115234375,-2560.7529296875
train,1944,-7208.171875,-7288.7509765625
train,5041,800.862060546875,1071.879150390625
train,5581,-1724.531982421875,-1861.36181640625
train,876,-3453.327880859375,-4066.708740234375
train,5734,-5523.18310546875,-5719.15234375
train,3342,-1618.85888671875,-1510.99609375
train,3695,-3422.611083984375,-3706.093017578125
train,4765,-4772.05078125,-4563.29833984375
train,1652,-4667.1591796875,-4701.34326171875
train,4415,-5188.203125,-5137.71240234375
train,2587,-4150.248046875,-4137.11962890625
train,1527,-3183.2451171875,-3011.608642578125
train,4986,856.912841796875,731.642822265625
train,1330,-7026.18994140625,-6803.486328125
train,3082,-5768.7587890625,-5923.59375
train,2504,-6833.3818359375,-6645.875
train,765,-2000.2080078125,-1768.260498046875
train,5384,-5566.06591796875,-5521.8876953125
train,1089,-2302.81591796875,-1899.639892578125
train,4308,-2761.159912109375,-2856.318603515625
train,5731,-3350.069091796875,-3319.00390625
train,709,-5792.3837890625,-5861.9169921875
train,2391,-2614.6220703125,-2629.05322265625
train,6294,-5702.10400390625,-5895.2607421875
train,3544,-3244.587890625,-3337.507080078125
train,3203,-1041.597900390625,-816.046142578125
train,4578,-6727.525390625,-6429.32568359375
train,3008,-4055.406005859375,-3873.291259765625
train,5474,-2631.508056640625,-2505.673828125
train,1650,-3992.680908203125,-4361.56787109375
train,240,-2686.9560546875,-3022.887451171875
train,2040,928.889892578125,1096.823974609375
train,1305,-4826.64990234375,-5242.16943359375
train,4274,-7179.06201171875,-6738.4169921875
train,3503,-6681.798828125,-6601.17822265625
train,1889,-2921.037109375,-2977.7734375
train,4724,-1840.427978515625,-2146.50537109375
train,2928,-7384.7138671875,-7394.0966796875
train,2602,-5119.69921875,-5143.7392578125
train,5316,-7096.55908203125,-6866.6611328125
train,5346,-3493.242919921875,-3275.80810546875
train,73,-5641.962890625,-5789.27978515625
train,5330,-1414.291015625,-1656.6497802734375
train,2091,-8020.1123046875,-7721.689453125
train,2321,-4071.4541015625,-4161.31201171875
train,5087,-907.324951171875,-843.43408203125
train,3269,-2510.24609375,-2515.40283203125
train,1574,-6885.59423828125,-7011.7099609375
train,5345,-6310.509765625,-6309.4052734375
train,5127,-6225.33203125,-6305.732421875
train,11,-6121.6171875,-6239.890625
train,1171,-4344.85693359375,-4119.24755859375
train,3094,-1863.26904296875,-1842.4456787109375
train,2738,-4315.134765625,-4412.45166015625
train,3897,-1704.0360107421875,-1811.8743896484375
train,4398,-1152.829833984375,-1414.8115234375
train,2770,-8590.83984375,-8739.86328125
train,1879,133.248046875,-282.684326171875
train,6151,-4003.27099609375,-3651.06298828125
train,2324,-811.654052734375,-658.07421875
train,4286,-6282.02783203125,-6477.94775390625
train,1804,-3394.5458984375,-3503.3232421875
train,820,-4107.34716796875,-3940.083740234375
train,1531,-5273.5888671875,-5392.25830078125
train,2603,-2952.10888671875,-2888.140380859375
train,2310,-3436.19189453125,-3501.03759765625
train,3210,-3508.344970703125,-3635.71875
train,2614,-3831.117919921875,-3789.517333984375
train,4348,94.095947265625,-132.985107421875
train,2265,-5126.0341796875,-5006.30859375
train,6106,-884.177001953125,-622.398681640625
train,3779,-2921.134033203125,-2830.35009765625
train,106,-8520.015625,-8272.55078125
train,5079,-7711.06591796875,-7683.2119140625
train,2600,2392.318115234375,2071.889404296875
train,4741,-8556.130859375,-8630.921875
train,2291,-4763.03515625,-4609.15380859375
train,5224,-3495.27001953125,-3507.32958984375
train,751,-4605.89404296875,-4663.95458984375
train,2699,-2195.552001953125,-2105.380859375
train,4563,-4139.63623046875,-4338.71435546875
train,756,-6663.833984375,-6573.06494140625
train,3266,-5790.171875,-5618.3525390625
train,5337,-2135.419921875,-2445.32861328125
train,100,18.712890625,-241.770751953125
train,1129,313.47705078125,35.99169921875
train,622,-3066.65087890625,-3032.132568359375
train,2128,-3414.18798828125,-3212.91162109375
train,2888,-8268.9140625,-7989.029296875
train,3870,-7702.80078125,-7691.224609375
train,6481,-2337.01708984375,-2289.206298828125
train,676,-4289.69580078125,-4554.099609375
train,5960,-358.2958984375,-716.916259765625
train,2200,-4231.94921875,-4401.8603515625
train,4195,-5575.29296875,-5870.72998046875
train,4931,-3610.096923828125,-3404.466552734375
train,2373,807.210205078125,368.22607421875
train,935,-4458.43408203125,-4951.48193359375
train,4285,-644.4443359375,-956.537353515625
train,3264,-1910.4859619140625,-1874.07421875
train,5643,-6157.041015625,-6568.974609375
train,1916,-3256.48095703125,-3107.7099609375
train,1599,-3140.56005859375,-3470.6484375
train,4361,-2881.123046875,-2839.7509765625
train,3026,-2077.85205078125,-1994.8970947265625
train,3819,-181.39599609375,-361.85302734375
train,5328,-5248.93798828125,-5038.650390625
train,6266,-4173.65380859375,-4550.1357421875
train,2678,-2743.44189453125,-2946.052978515625
train,2468,-6387.283203125,-6445.1376953125
train,2584,860.167236328125,57.946533203125
train,4572,-4444.7587890625,-4877.30029296875
train,4994,-1151.472900390625,-1422.3701171875
train,3013,-1610.365966796875,-1344.014892578125
train,6101,-2371.408935546875,-2005.82373046875
train,2611,-1885.43505859375,-1978.3226318359375
train,4740,-5741.77880859375,-5584.7080078125
train,4642,-4069.10009765625,-4367.494140625
train,1093,-1576.7509765625,-2326.051025390625
train,441,-3474.575927734375,-3667.77001953125
train,2508,-3009.4541015625,-2973.61572265625
train,4983,439.76904296875,247.385009765625
train,5592,-3104.794921875,-3214.611572265625
train,1988,-3806.29296875,-3787.993896484375
train,1789,-3471.841064453125,-3647.055419921875
train,3526,-778.067138671875,-453.578369140625
train,2746,-2980.35595703125,-2909.268798828125
train,1280,-5935.22314453125,-6127.43603515625
train,6223,-3260.64697265625,-3309.76123046875
train,3412,-2197.404052734375,-2514.80322265625
train,5475,-309.10205078125,-357.963134765625
train,6429,-2693.01904296875,-2652.19140625
train,5948,-4171.14892578125,-4537.470703125
train,1198,-2973.758056640625,-2988.451416015625
train,2227,-2771.364013671875,-3013.956298828125
train,2872,-163.327880859375,-521.128662109375
train,3471,-3462.5810546875,-2954.76318359375
train,4914,-6015.56201171875,-6530.576171875
train,4501,-3622.7919921875,-3674.01416015625
train,133,-1882.2921142578125,-1788.3878173828125
train,4652,-8212.4541015625,-8087.826171875
train,1847,-563.39794921875,-329.243896484375
train,4548,-1583.453857421875,-1268.884765625
train,1965,-3526.430908203125,-3650.035400390625
train,3104,-4786.73291015625,-4529.04248046875
train,2999,-5480.69921875,-5509.91015625
train,1221,-5519.40087890625,-5688.57861328125
train,3460,-4534.6201171875,-4968.3330078125
train,3323,697.385009765625,426.7353515625
train,303,-5988.626953125,-5852.3974609375
train,1765,-3901.361083984375,-3836.36962890625
train,5711,-3520.444091796875,-4061.605224609375
train,4594,-8127.8818359375,-8088.9755859375
train,6110,-4436.7470703125,-4322.19580078125
train,2862,-199.152099609375,-215.084228515625
train,6319,-1933.8809814453125,-1949.3514404296875
train,1346,-5869.037109375,-5980.34619140625
train,4754,-4450.5380859375,-4701.42236328125
train,3653,-3899.85107421875,-3855.229736328125
train,1662,-6120.578125,-6126.3720703125
train,4854,-2518.737060546875,-3159.77685546875
train,5857,-2532.089111328125,-2474.5244140625
train,2221,-2722.801025390625,-3205.048095703125
train,854,-781.15234375,-1144.340087890625
train,1176,-3149.40087890625,-3367.366455078125
train,5618,-3100.719970703125,-2878.8134765625
train,3252,-1434.767822265625,-1472.0791015625
train,807,175.569091796875,494.642333984375
train,2885,-3095.72705078125,-3032.974609375
train,6430,-3591.39892578125,-3470.95751953125
train,4965,-1414.195068359375,-1372.457275390625
train,5814,437.512939453125,534.892333984375
train,1236,-4397.43701171875,-4292.5625
train,5176,-6760.380859375,-7046.4912109375
train,5360,-7119.2080078125,-6704.96533203125
train,2687,-6025.98291015625,-6351.68603515625
train,5796,-7391.466796875,-7026.88916015625
train,142,-5802.9658203125,-6037.02880859375
train,5472,47.357177734375,-45.697998046875
train,3190,-242.27392578125,-633.87939453125
train,3903,-8057.703125,-7995.1748046875
train,4813,-7463.2431640625,-7737.12158203125
train,3879,-1167.753173828125,-1452.060302734375
train,4474,-2384.284912109375,-1980.2183837890625
train,2667,-4496.10400390625,-4367.3046875
train,2326,368.68994140625,413.754638671875
train,2427,-680.666015625,-887.278076171875
train,6372,-2412.801025390625,-2535.5693359375
train,3922,-5881.326171875,-5518.9326171875
train,785,-2184.10498046875,-2442.999267578125
train,3631,-5188.5,-5116.6015625
train,4289,-3196.612060546875,-3377.7568359375
train,4129,-5443.10400390625,-5580.7646484375
train,1412,-4670.2041015625,-4717.36669921875
train,3435,-1926.614990234375,-1684.6580810546875
train,4320,-3049.35498046875,-3388.02734375
train,5776,-7810.0068359375,-7771.3828125
train,6401,-4766.453125,-5095.2900390625
train,4990,-8176.4326171875,-7969.4453125
train,5042,-7293.74609375,-7262.60400390625
train,2273,-7335.77587890625,-7399.876953125
train,2867,-4356.68408203125,-4603.56640625
train,2663,-5551.8720703125,-5439.36376953125
train,5398,-1791.823974609375,-1928.65185546875
train,3344,-8219.2275390625,-7865.591796875
train,5064,-5567.40380859375,-5477.3212890625
train,5602,-2111.511962890625,-2493.208984375
train,4016,-3507.7900390625,-3204.404052734375
train,2113,-6720.65185546875,-6784.3330078125
train,1165,-2371.77099609375,-2232.43798828125
train,5012,2960.921142578125,2676.945068359375
train,682,-3779.090087890625,-3727.783935546875
train,4756,-4989.03076171875,-4991.1611328125
train,3685,-5101.93408203125,-5187.3408203125
train,4326,-4106.1181640625,-4002.9287109375
train,591,-3705.7109375,-4095.07373046875
train,2970,-3397.110107421875,-3436.876708984375
train,2968,-5404.255859375,-5106.1025390625
train,663,-6304.267578125,-6195.11474609375
train,5821,-2981.64208984375,-3143.96484375
train,1657,-5445.02880859375,-5367.22314453125
train,2711,133.31591796875,398.870849609375
train,4369,-2991.412109375,-2944.18603515625
train,5745,-2955.2041015625,-2874.466796875
train,207,-6932.06884765625,-7341.0166015625
train,5103,-7411.51708984375,-7577.7802734375
train,3304,-5578.31005859375,-5285.71923828125
train,2093,-4792.81396484375,-4687.27490234375
train,3569,-6706.60693359375,-6721.7392578125
train,4287,-4868.77978515625,-4839.74365234375
train,2772,-4004.22509765625,-3921.47705078125
train,1226,-5798.091796875,-5976.49658203125
train,3061,52.09716796875,3.671142578125
train,2247,-3094.35205078125,-3158.572509765625
train,3283,-6344.31298828125,-6082.1630859375
train,4769,-4751.56787109375,-5002.36181640625
train,2330,-5656.86181640625,-5665.3203125
train,1034,-4610.505859375,-5055.7060546875
train,2764,-5809.11083984375,-5852.6259765625
train,3010,4058.586669921875,3914.286376953125
train,4581,-5843.6318359375,-6008.3125
train,3939,-1249.416015625,-1834.9849853515625
train,4491,-446.630126953125,-776.15673828125
train,4767,-8343.376953125,-8157.228515625
train,1256,-1537.711181640625,-1335.233642578125
train,3702,-5744.39599609375,-5489.4638671875
train,30,-2425.049072265625,-2006.87890625
train,88,-6439.55615234375,-6176.00927734375
train,3374,-2392.488037109375,-2308.52099609375
train,774,-2810.862060546875,-3195.49755859375
train,4136,1003.961181640625,865.286865234375
train,1489,-2613.4189453125,-2605.7431640625
train,2177,-9182.697265625,-9081.0859375
train,1917,-1633.8570556640625,-1611.65234375
train,5273,-1243.0849609375,-952.210693359375
train,4389,-5468.31201171875,-5752.1572265625
train,1625,476.121826171875,220.295654296875
train,1044,-3401.0439453125,-3312.71875
train,3321,-6376.44287109375,-6245.92724609375
train,680,-4841.98583984375,-4625.61083984375
train,5214,-4079.4150390625,-3698.164794921875
train,2757,-4300.14013671875,-4228.35546875
train,990,-4139.42919921875,-4070.8447265625
train,3259,-6376.10546875,-6503.876953125
train,1148,-4378.75390625,-4535.6376953125
train,2374,-3819.72705078125,-3777.6357421875
train,3674,-2865.56494140625,-2979.349365234375
train,5982,-3933.360107421875,-3702.4951171875
train,4201,-11430.83203125,-11513.2138671875
train,237,-6538.59765625,-6629.8681640625
train,3614,-3882.6708984375,-3652.494384765625
train,3664,-2590.375,-2639.270263671875
train,5274,-1628.6968994140625,-1211.025634765625
train,2930,-5240.60107421875,-5535.45361328125
train,6004,-5253.701171875,-5810.79443359375
train,654,-5610.59814453125,-5558.86474609375
train,3239,-9489.1572265625,-9498.34375
train,4894,512.834228515625,373.887451171875
train,2956,-4270.60986328125,-3923.05078125
train,4031,3098.720947265625,2929.312255859375
train,499,-4398.52099609375,-4193.9580078125
train,2658,-3416.781982421875,-3038.70654296875
train,6141,-3417.674072265625,-3505.191162109375
train,3964,-5095.5859375,-5554.85205078125
train,1022,-4125.76220703125,-3752.729248046875
train,2061,-6724.1767578125,-7010.76953125
train,3959,-2930.887939453125,-2985.943359375
train,3746,14.9580078125,-295.3544921875
train,3633,-7409.35205078125,-7626.1142578125
train,5313,-4490.59716796875,-4312.38134765625
train,6060,-5158.56005859375,-4983.986328125
train,4945,-5525.6298828125,-5658.599609375
train,6180,-7610.763671875,-7639.1943359375
train,4933,-1786.2760009765625,-1977.5205078125
train,3468,-5920.40576171875,-5771.564453125
train,6552,-2956.783935546875,-2890.301513671875
train,2652,-4177.53515625,-4437.9453125
train,4456,-1801.303955078125,-1701.33349609375
train,2722,-2547.31201171875,-2412.40185546875
train,3262,-6018.8828125,-5768.13232421875
train,131,-7047.0478515625,-7257.80322265625
train,1402,-2779.344970703125,-2886.12548828125
train,3255,-7585.2861328125,-7533.1416015625
train,4610,1317.178955078125,1184.546142578125
train,3404,-1524.069091796875,-1541.4189453125
train,3280,-2143.02392578125,-2101.9462890625
train,2302,-7424.26611328125,-7406.201171875
train,4625,-5483.9658203125,-5787.3583984375
train,3755,-6136.26416015625,-6039.48193359375
train,1945,-6296.701171875,-5884.35400390625
train,3305,-3463.56103515625,-3272.965087890625
train,5515,-1247.723876953125,-1092.081787109375
train,4984,-3985.462890625,-3822.5712890625
train,2926,-3417.2470703125,-3458.531005859375
train,3974,-6359.955078125,-6656.9453125
train,2431,-5143.01416015625,-4582.11865234375
train,4421,-1478.721923828125,-1387.892578125
train,1302,-1123.817138671875,-1205.006591796875
train,4248,-4696.337890625,-4482.16748046875
train,3677,-2451.7080078125,-2304.26806640625
train,2233,-6912.2138671875,-6847.388671875
train,4125,-2763.552001953125,-2700.701904296875
train,768,-10613.7822265625,-10248.3681640625
train,4077,519.008056640625,534.622314453125
train,2039,-4225.533203125,-4682.23291015625
train,176,-3367.5,-3416.502197265625
train,5040,-3590.202880859375,-3424.83056640625
train,9,-4633.73583984375,-4450.8740234375
train,1121,-4207.2509765625,-4417.654296875
train,2684,-4144.22900390625,-3709.541748046875
train,3992,-3353.7470703125,-3008.993408203125
train,6289,-6343.298828125,-5986.8046875
train,1663,-4918.81982421875,-4982.29296875
train,3867,-9715.6796875,-9710.7841796875
train,1085,-1895.6070556640625,-1922.04736328125
train,5993,-2235.740966796875,-2447.305908203125
train,1772,-7177.86083984375,-6783.93896484375
train,2016,-6426.2978515625,-6480.55810546875
train,1001,-2520.14208984375,-2313.461181640625
train,4443,-6512.75,-6383.634765625
train,1996,-1728.43896484375,-1941.4803466796875
train,3291,1665.736083984375,1355.988525390625
train,6044,-4325.0419921875,-4567.513671875
train,1888,-1701.1650390625,-1768.5604248046875
train,385,-2307.783935546875,-2351.694091796875
train,1105,-5084.208984375,-5289.0810546875
train,1152,-316.968994140625,-246.5849609375
train,4245,1664.612060546875,1422.836669921875
train,1124,-5024.6748046875,-4758.4580078125
train,5207,1125.433837890625,981.263916015625
train,2850,-984.196044921875,-611.265380859375
train,3100,-2597.031982421875,-2770.69287109375
train,1853,-4615.16015625,-4690.2998046875
train,3937,-3723.998046875,-3715.30224609375
train,4525,-5928.7001953125,-5950.05615234375
train,5239,-4737.85205078125,-4756.6064453125
train,4343,-5051.52001953125,-4620.02294921875
train,1503,-3842.590087890625,-3720.036376953125
train,3353,-1867.85205078125,-2235.7802734375
train,2640,-3529.697998046875,-3389.002685546875
train,2840,82.73095703125,195.08984375
train,578,-434.18310546875,-617.12255859375
train,2118,-1326.221923828125,-1319.371826171875
train,5564,-5053.6650390625,-4907.5283203125
train,458,-4255.93896484375,-4490.60693359375
train,6099,-2534.489013671875,-2528.36376953125
train,5845,-297.25390625,-347.633056640625
train,4504,-2073.05029296875,-2328.74072265625
train,5236,-11409.9267578125,-11359.833984375
train,4705,-479.64599609375,-619.93896484375
train,2293,-1214.509033203125,-1471.1494140625
train,2932,-1454.197998046875,-1503.0576171875
train,5377,-3297.5869140625,-3381.69140625
train,377,-8399.7578125,-8635.1279296875
train,1380,-2142.14306640625,-2243.82421875
train,1711,-1460.529052734375,-1290.632568359375
train,6490,-3960.553955078125,-3828.359375
train,5187,-2039.218994140625,-2143.025634765625
train,6284,-1726.5201416015625,-1749.43408203125
train,3153,-4993.35205078125,-4081.594482421875
train,2723,-3522.89306640625,-3372.39501953125
train,1008,-8963.7783203125,-8845.5732421875
train,6069,2794.504150390625,2791.656494140625
train,5827,-6863.615234375,-6838.556640625
train,1714,-7831.2353515625,-7972.7890625
train,865,-4494.93603515625,-3900.941162109375
train,6003,-355.205078125,-745.173828125
train,3854,-7057.5009765625,-7324.146484375
train,3352,-4406.5869140625,-4245.98876953125
train,4835,-9041.1904296875,-9360.546875
train,1052,-5117.77978515625,-5251.97412109375
train,4423,-2186.909912109375,-1970.4825439453125
train,879,-6178.60888671875,-6421.90869140625
train,1519,-3859.242919921875,-4437.2099609375
train,3707,46.6298828125,170.854736328125
train,3875,-3195.844970703125,-3110.486083984375
train,1852,-5638.80712890625,-5685.8349609375
train,4545,-2847.39990234375,-2450.21728515625
train,5638,-6128.14013671875,-6124.75390625
train,5270,-6496.7021484375,-6415.1142578125
train,1686,-3019.06201171875,-2896.77294921875
train,560,-6270.130859375,-5714.478515625
train,3639,-7840.5439453125,-7946.322265625
train,6379,-6989.9931640625,-6853.92431640625
train,2596,-3272.735107421875,-3116.906982421875
train,4481,-2230.7470703125,-2480.4091796875
train,1053,-9407.4951171875,-9360.1533203125
train,4019,742.864990234375,756.575439453125
train,5255,-4329.31005859375,-4295.01513671875
train,6339,-3430.8740234375,-3398.070068359375
train,2783,-4918.4638671875,-4944.7548828125
train,853,-8843.8447265625,-8689.1630859375
train,6447,-3970.071044921875,-4202.31298828125
train,5754,-4447.80419921875,-4692.9599609375
train,75,-2924.924072265625,-3058.4189453125
train,4179,-7310.52001953125,-6940.63525390625
train,5364,-6603.60302734375,-6670.28125
train,4809,-4140.43115234375,-3977.280517578125
train,6303,3442.099853515625,2999.513427734375
train,5106,-1433.33203125,-1571.170166015625
train,59,-5690.744140625,-5476.279296875
train,512,-6248.06689453125,-6281.11962890625
train,2481,-2642.8798828125,-2719.47216796875
train,6286,-2752.14306640625,-2791.32080078125
train,2309,-3246.01708984375,-3479.9453125
train,6356,-9716.791015625,-9449.328125
train,573,-4381.82421875,-4171.60302734375
train,4811,-1704.467041015625,-1290.838134765625
train,244,-4623.2490234375,-4437.8046875
train,5522,-4128.14111328125,-3874.627197265625
train,2264,-2296.6298828125,-2351.785400390625
train,3801,-2753.01904296875,-2475.45166015625
train,2594,-7752.3818359375,-7659.3583984375
train,3862,-7161.7158203125,-7237.70556640625
train,408,-4423.18408203125,-4086.118408203125
train,3069,-4379.88818359375,-4350.57373046875
train,6285,-5789.98291015625,-5974.8037109375
train,1694,-4284.205078125,-3685.1767578125
train,2484,-6893.408203125,-6647.328125
train,5488,-2624.81298828125,-2476.877197265625
train,1054,679.880126953125,1186.012939453125
train,6167,-5042.35498046875,-5167.9599609375
train,2575,-5629.27001953125,-5908.05712890625
train,4694,-2576.784912109375,-2286.805419921875
train,2955,-1574.427978515625,-1665.2310791015625
train,3572,-6454.1591796875,-6660.6181640625
train,593,-2091.77197265625,-2087.06787109375
train,6321,-8173.8779296875,-8382.1357421875
train,3636,-7021.740234375,-6947.9169921875
train,1514,-5206.130859375,-5069.45947265625
train,2338,-2545.9208984375,-2604.6015625
train,4715,958.769775390625,968.143310546875
train,5747,-6789.962890625,-6918.64306640625
train,4485,-3546.85107421875,-4028.5009765625
train,2748,-1795.60498046875,-2170.70068359375
train,1518,-2115.5849609375,-2308.87548828125
train,5572,-4502.39306640625,-4930.60009765625
train,639,-2341.7109375,-2618.431396484375
train,3539,-5162.544921875,-5181.294921875
train,3749,-420.06298828125,-310.833740234375
train,2052,-3940.64892578125,-4335.787109375
train,2780,-1857.4759521484375,-2060.9052734375
train,286,-841.072998046875,-799.638427734375
train,3645,-4187.9931640625,-4242.08251953125
train,1118,-1017.243896484375,-992.26025390625
train,6049,-3580.69091796875,-3928.7724609375
train,1444,-610.5390625,-724.66796875
train,5651,-5118.00390625,-5048.3125
train,2939,-2190.156982421875,-2013.003173828125
train,5276,-592.050048828125,-554.205078125
train,4953,-8915.6787109375,-8873.55078125
train,1074,-2943.318115234375,-2964.4677734375
train,773,-4631.4521484375,-4502.4169921875
train,2601,-4665.1982421875,-4710.71337890625
train,3548,581.419189453125,519.360595703125
train,2716,-5914.7822265625,-6003.10498046875
train,6067,-4457.3671875,-4581.25537109375
train,5940,-1780.0399169921875,-1661.2830810546875
train,6535,-4492.30810546875,-4344.0234375
train,5340,-1217.850830078125,-1203.543212890625
train,5792,-3160.748046875,-3011.69873046875
train,1758,-976.31396484375,-1083.5439453125
train,326,-5790.31298828125,-6091.5361328125
train,2311,-5086.130859375,-4923.60107421875
train,2857,-5654.35498046875,-5615.91796875
train,3832,-1882.125,-1969.569580078125
train,825,-5798.8828125,-5370.06591796875
train,1895,-6073.8271484375,-5730.94775390625
train,4426,-3785.424072265625,-3602.263916015625
train,6495,-2069.7099609375,-2108.141845703125
train,3768,-283.3349609375,-112.182373046875
train,5956,-1838.9300537109375,-1634.042724609375
train,5762,-4955.0419921875,-4713.8974609375
train,470,-2482.7939453125,-2768.04736328125
train,5393,-5929.1220703125,-5882.43408203125
train,6462,-7128.9677734375,-7454.4189453125
train,6504,-4988.7509765625,-5482.6689453125
train,2940,490.526123046875,481.063720703125
train,3427,-3221.720947265625,-3232.4208984375
train,6077,-7417.8232421875,-7517.60546875
train,5058,-4378.1728515625,-4815.16796875
train,5454,-4617.4560546875,-4852.3037109375
train,2881,-5611.14111328125,-5684.31396484375
train,1862,765.344970703125,804.233642578125
train,1070,-6922.89794921875,-7450.26611328125
train,5311,-3735.68603515625,-3718.9931640625
train,538,-5288.09912109375,-5259.96484375
train,2542,496.340087890625,368.82080078125
train,1638,-6583.9521484375,-6845.3955078125
train,2563,-4475.13916015625,-4676.0654296875
train,4433,-2153.032958984375,-2248.260498046875
train,1704,-6828.93115234375,-7178.6650390625
train,1593,-5663.79296875,-5728.0625
train,495,-1279.427001953125,-955.30078125
train,5953,-4333.81884765625,-4303.76025390625
train,3222,-6780.658203125,-6866.734375
train,5453,-4365.41015625,-4388.78076171875
train,2815,-3991.0791015625,-3949.840087890625
train,6051,-3027.23193359375,-3014.90185546875
train,1822,-1830.302978515625,-1674.3228759765625
train,3463,-408.718017578125,-299.81689453125
train,5394,-8626.71484375,-8014.0205078125
train,3178,-4798.87109375,-4874.66015625
train,3556,-4182.6162109375,-4141.10986328125
train,5735,-2672.243896484375,-2605.3076171875
train,2289,976.695068359375,780.747802734375
train,6089,-6588.2021484375,-6542.568359375
train,3080,-2684.48291015625,-2779.18798828125
train,3963,-3431.156005859375,-3331.74365234375
train,3498,-10197.2373046875,-10482.974609375
train,4938,-4937.97802734375,-5869.77490234375
train,255,-2491.298095703125,-2416.243896484375
train,3930,-6429.68798828125,-6246.3837890625
train,6186,-7054.0078125,-6804.466796875
train,1196,-3481.77197265625,-3553.896484375
train,6015,-4544.40380859375,-4371.06201171875
train,1849,-1144.130126953125,-1574.35693359375
train,1475,-1103.153076171875,-1150.179443359375
train,1224,-2534.135009765625,-2736.80078125
train,1525,-5274.9072265625,-5380.2841796875
train,1586,-2221.6279296875,-2140.697998046875
train,4893,-4815.09423828125,-4781.56396484375
train,625,503.072998046875,645.355224609375
train,1147,-5928.3232421875,-6550.68896484375
train,4531,-4635.97802734375,-4252.009765625
train,6156,179.416015625,-117.14453125
train,832,-4473.40478515625,-4399.55078125
train,614,-1798.6639404296875,-2738.529296875
train,2870,-8433.9931640625,-8674.7177734375
train,3887,-5111.2158203125,-5073.01220703125
train,2244,-2719.31494140625,-3057.59228515625
train,5867,-4440.833984375,-4704.88623046875
train,5101,-6088.708984375,-6139.21533203125
train,4070,-2771.97802734375,-2804.47998046875
train,6204,-4049.75,-4307.755859375
train,800,-6787.34423828125,-6701.7783203125
train,3350,-7913.20703125,-7908.9189453125
train,1443,-4423.01904296875,-4331.021484375
train,3196,-8028.125,-7885.0498046875
train,2139,-1099.305908203125,-1243.8125
train,1856,-4559.19091796875,-4914.5400390625
train,4354,-5681.3369140625,-5534.01025390625
train,3565,-2394.6650390625,-2550.74365234375
train,4758,-2028.5240478515625,-1885.0614013671875
train,6034,-6020.51123046875,-5844.2939453125
train,4267,-1986.5789794921875,-2044.4605712890625
train,3752,-4221.30322265625,-4096.50244140625
train,1485,-1852.4739990234375,-1843.3040771484375
train,5654,-1908.5799560546875,-1700.5408935546875
train,5868,-4662.81494140625,-4775.8818359375
train,498,-1536.0810546875,-1779.8045654296875
train,257,-5391.123046875,-5181.1728515625
train,101,-3944.6298828125,-3805.412841796875
train,5930,-3513.720947265625,-3691.80419921875
train,1685,-3651.385986328125,-3504.4921875
train,5379,-1957.535888671875,-1787.931396484375
train,5616,-833.235107421875,-783.909423828125
train,3968,-2297.796875,-2115.10595703125
train,3838,-4699.009765625,-4741.95947265625
train,1712,-8820.6826171875,-8937.947265625
train,461,-5425.98486328125,-5430.03466796875
train,5598,-7415.56591796875,-7545.1357421875
train,2567,-8734.4326171875,-8742.74609375
train,6132,1134.068115234375,1007.991455078125
train,3424,1440.964111328125,1249.249755859375
train,2463,-901.68603515625,-1135.159912109375
train,5495,-934.8740234375,-1070.495361328125
train,5083,-10308.7119140625,-10364.6142578125
train,1084,-4701.173828125,-4898.71728515625
train,3845,2259.205810546875,2034.278564453125
train,2987,-2208.669921875,-2171.078857421875
train,687,-8099.9404296875,-7696.115234375
train,4146,-7716.38720703125,-7651.3671875
train,3165,2062.290283203125,1914.221923828125
train,185,-998.8330078125,-901.388916015625
train,6465,-6351.248046875,-5765.22607421875
train,2077,-10192.681640625,-10110.8984375
train,1372,-5737.0,-5774.47265625
train,5946,-2615.511962890625,-2504.201171875
train,4918,-3080.928955078125,-3257.552734375
train,267,-4855.0078125,-4743.3583984375
train,5430,-7722.18896484375,-7662.61328125
train,4256,-4573.99609375,-4546.58203125
train,1323,-3284.56005859375,-3867.48779296875
train,5973,3153.015869140625,2703.295654296875
train,6192,-4184.05419921875,-4255.14892578125
train,695,-3093.89111328125,-3074.3876953125
train,635,-1792.9769287109375,-1966.5009765625
train,2286,-2927.76708984375,-3012.67236328125
train,2086,115.868896484375,-15.440185546875
train,1470,-5111.73876953125,-5444.033203125
train,3115,-5536.74609375,-5310.08984375
train,4876,2426.879638671875,2392.969970703125
train,4779,-3266.0380859375,-3421.673095703125
train,3145,-897.9453125,-831.879638671875
train,5081,-2823.95703125,-2887.931396484375
train,1431,-1647.7120361328125,-2015.5440673828125
train,3837,-4408.60009765625,-4547.50927734375
train,6329,-7895.986328125,-8218.015625
train,5902,1243.959228515625,755.294189453125
train,5600,-7143.2451171875,-7162.93310546875
train,6202,-1996.8470458984375,-2087.311279296875
train,3065,-4950.7080078125,-4898.4169921875
train,3686,-3432.757080078125,-3146.520751953125
train,5614,-2603.22412109375,-2744.4267578125
train,4591,-8814.4599609375,-8836.708984375
train,2527,-5029.6171875,-4758.1162109375
train,5414,-653.848876953125,-886.934814453125
train,3483,-6505.06298828125,-6461.2685546875
train,3809,-6237.2861328125,-6508.326171875
train,1702,-6079.22216796875,-6108.5517578125
train,1785,-6716.166015625,-6498.32861328125
train,1455,-80.59033203125,-291.013671875
train,5287,-1260.451904296875,-1292.697509765625
train,6502,174.366943359375,711.052490234375
train,1969,-2255.72607421875,-2273.54443359375
train,943,-1119.9150390625,-1083.751220703125
train,2704,-6346.34765625,-6153.849609375
train,2590,-2731.679931640625,-2616.01806640625
train,4392,-2397.299072265625,-2426.6416015625
train,3110,-2341.596923828125,-2181.2861328125
train,3540,-4598.94482421875,-4471.90478515625
train,6373,-4293.23095703125,-4769.82373046875
train,6551,-3672.89990234375,-3781.790283203125
train,2655,-1205.288818359375,-1348.76513671875
train,6154,-7324.919921875,-7113.2939453125
train,3181,-3375.580078125,-3589.149658203125
train,1666,-4118.5751953125,-4410.37939453125
train,1362,-3802.297119140625,-4039.7099609375
train,2972,-4785.61376953125,-4974.248046875
train,5997,-3907.43310546875,-3759.575439453125
train,1651,-1391.2099609375,-1423.22314453125
train,4122,-1518.785888671875,-1451.914794921875
train,273,-5135.6201171875,-5004.29931640625
train,5009,-1951.4560546875,-1879.8822021484375
train,3117,-3600.498046875,-3706.70703125
train,5030,-5772.27587890625,-5345.94580078125
train,1059,-5312.86083984375,-5189.7666015625
train,4312,-8420.4912109375,-8245.21875
train,5989,1335.478759765625,1514.184326171875
train,3039,-4566.740234375,-5057.81103515625
train,2386,-2936.175048828125,-3096.69970703125
train,4760,-2522.8720703125,-2543.365234375
train,6382,-5466.55078125,-5202.5537109375
train,3886,-2160.583984375,-2069.33544921875
train,6035,-1556.112060546875,-1835.9617919921875
train,4588,-3224.56396484375,-3263.2890625
train,2517,-8127.4013671875,-8111.1416015625
train,5743,-2843.9560546875,-2977.060791015625
train,1107,-6225.93310546875,-5901.8505859375
train,4845,-4643.2958984375,-4501.98291015625
train,5076,-6635.4697265625,-6641.984375
train,2713,-4710.828125,-5281.79931640625
train,6517,-1988.5389404296875,-2040.263427734375
train,3429,-2224.636962890625,-2337.7880859375
train,4659,-4482.01806640625,-4077.41357421875
train,3619,-7511.326171875,-7146.6923828125
train,4812,-2999.904052734375,-3202.579833984375
train,6509,-5295.33984375,-5115.8916015625
train,50,-4430.93896484375,-4363.5029296875
train,5595,-5169.79296875,-5226.88037109375
train,157,-3233.43408203125,-3358.79052734375
train,2063,-1911.447021484375,-1708.11181640625
train,6147,-4217.14892578125,-4100.87060546875
train,1357,-3442.301025390625,-3603.82470703125
train,2855,-1677.9139404296875,-1252.587158203125
train,2638,-5705.30908203125,-5622.93310546875
train,641,-712.550048828125,-975.43798828125
train,3480,-5650.326171875,-5768.7685546875
train,444,-6800.72802734375,-7316.6982421875
train,1231,-5616.26806640625,-5221.4189453125
train,3868,-4348.93505859375,-4497.2939453125
train,4370,-2328.75,-2521.19873046875
train,5569,-6477.94091796875,-6648.3095703125
train,1910,-6395.3330078125,-6330.05517578125
train,6396,-4648.8720703125,-4663.3525390625
train,3366,-3811.50390625,-4067.612060546875
train,343,-4325.5,-4542.5
train,2089,3572.900634765625,3128.439208984375
train,45,-3438.2939453125,-3632.17822265625
train,786,-2967.257080078125,-3061.81494140625
train,2852,-6079.43994140625,-6324.69482421875
train,5148,-4032.60107421875,-4250.6640625
train,5936,-3530.22607421875,-3540.350830078125
train,1363,2756.372314453125,2610.565185546875
train,2879,-2882.881103515625,-3088.955078125
train,536,576.510009765625,443.0244140625
train,6020,-2691.281005859375,-2904.37255859375
train,3191,-6236.31005859375,-6284.63037109375
train,516,-2412.534912109375,-2333.139404296875
train,6171,-2257.553955078125,-2323.894287109375
train,1972,-8539.19921875,-8066.662109375
train,2914,-3232.193115234375,-2877.75537109375
train,321,-1507.600830078125,-1481.317626953125
train,5158,-4435.65087890625,-4359.10302734375
train,2760,-5632.85498046875,-5753.46923828125
train,4384,-5039.09912109375,-5240.51123046875
train,5416,-2040.7650146484375,-2045.9375
train,1307,-4516.6240234375,-3981.005859375
train,3060,-2100.47314453125,-2260.5546875
train,3479,-5632.42822265625,-5559.85595703125
train,6278,-878.27001953125,-1080.88330078125
train,5720,-8067.6005859375,-7904.712890625
train,788,-4115.40478515625,-4063.3134765625
train,804,-3226.737060546875,-3679.350830078125
train,1461,506.077880859375,513.968017578125
train,1725,-1247.642822265625,-1099.201416015625
train,1250,-2291.361083984375,-1984.70068359375
train,2717,663.340087890625,400.202392578125
train,5428,-1901.9678955078125,-1911.8643798828125
train,3311,-5961.12890625,-6192.02099609375
train,2368,-496.197021484375,-600.456298828125
train,4482,-636.916015625,-429.494873046875
train,1260,-6013.60302734375,-6498.99072265625
train,5779,-4135.22900390625,-4084.93701171875
train,5183,-7203.6748046875,-7316.41796875
train,3251,-2339.322998046875,-2570.431396484375
train,2731,-988.436279296875,-1173.40380859375
train,5991,-3190.547119140625,-3186.97509765625
train,2090,-3441.050048828125,-3338.906982421875
train,2644,-1081.650146484375,-1329.74072265625
train,6398,-4127.1171875,-4481.07763671875
train,3072,-1059.593994140625,-1338.480712890625
train,6030,-3539.743896484375,-3725.45556640625
train,132,-11068.125,-11010.4931640625
train,915,-6128.4970703125,-6383.55615234375
train,2197,-8745.6279296875,-8813.12109375
train,2410,-2785.509033203125,-2963.913818359375
train,6129,-3000.571044921875,-3146.716064453125
train,126,-1692.9520263671875,-1795.6392822265625
train,5331,-5169.9189453125,-5205.9384765625
train,6526,-5651.2021484375,-5859.6494140625
train,1777,-904.654052734375,-1208.68896484375
train,4484,630.702880859375,404.27197265625
train,4180,-4360.48583984375,-4411.1650390625
train,5927,833.628173828125,617.057373046875
train,506,-4041.263916015625,-3967.014892578125
train,4569,-5503.84619140625,-5612.1943359375
train,2183,-1592.47998046875,-1723.773681640625
train,2624,-4924.43505859375,-4943.76171875
train,5764,-4369.8232421875,-4094.11279296875
train,2262,-6094.47802734375,-6283.21484375
train,957,-2425.931884765625,-2504.6181640625
train,4215,-8246.013671875,-8252.0751953125
train,3171,-2847.319091796875,-3092.66162109375
train,4870,-3617.089111328125,-3716.032470703125
train,2702,-4250.0927734375,-4618.28466796875
train,6432,-1695.4580078125,-1801.026611328125
train,3957,-2761.343994140625,-2858.80126953125
train,6118,708.641845703125,241.58837890625
train,1701,-298.355224609375,-739.681396484375
train,3155,-3784.696044921875,-4073.97119140625
train,6025,-6056.02783203125,-6083.515625
train,4840,-5848.3828125,-5627.2099609375
train,668,-4012.965087890625,-4291.271484375
train,5473,-1128.572998046875,-1014.835693359375
train,3839,201.541015625,1186.905517578125
train,5774,-1724.51513671875,-1871.730224609375
train,3391,-334.656005859375,-519.317626953125
train,2023,-5866.74609375,-5973.33203125
train,1030,-2261.27099609375,-2006.0361328125
train,1880,-5920.373046875,-5923.4091796875
train,6166,-4975.13720703125,-4935.1640625
train,1949,-5836.88623046875,-6000.46923828125
train,594,-4207.39892578125,-4147.48486328125
train,2831,645.034912109375,681.551513671875
train,4041,-4485.73095703125,-4401.73974609375
train,2074,-5404.31689453125,-5320.84912109375
train,1743,-4496.1318359375,-4600.83740234375
train,1799,-1584.882080078125,-1919.139404296875
train,2301,-3658.777099609375,-3818.1962890625
train,3286,-2210.751953125,-2323.31298828125
train,3399,-2242.4619140625,-2823.7587890625
train,615,540.343017578125,440.156005859375
train,140,-3359.76806640625,-3565.944091796875
train,4444,-3691.05908203125,-3872.590087890625
train,1437,-7186.23095703125,-7225.8369140625
train,3489,-1695.239013671875,-1841.4404296875
train,4567,-4901.93310546875,-4633.0224609375
train,5001,-4620.828125,-4590.6435546875
train,5604,-2012.875,-2335.076171875
train,3899,-3788.68994140625,-4592.2333984375
train,5768,-4520.82177734375,-4533.05126953125
train,264,-6038.90283203125,-5745.97802734375
train,3727,-3615.01611328125,-3799.11279296875
train,2100,-1696.3599853515625,-2150.94677734375
train,2845,-3549.27587890625,-3763.14306640625
train,3853,-4198.83984375,-4618.6328125
train,2417,1718.287353515625,1665.275146484375
train,529,-1686.91796875,-1650.96875
train,1881,-3137.154052734375,-3076.560302734375
train,4794,-2651.8330078125,-3183.759033203125
train,1992,-4681.63818359375,-4925.41064453125
train,2287,-3113.347900390625,-2997.173095703125
train,463,-564.39794921875,-593.3671875
train,4614,-4105.80615234375,-4341.83935546875
train,5998,-3562.626953125,-3626.639892578125
train,2480,-9232.7978515625,-9225.37109375
train,1868,-4365.9150390625,-4164.25634765625
train,421,1174.493896484375,1070.447998046875
train,5354,-2546.889892578125,-2703.123046875
train,4549,-3469.318115234375,-3416.35302734375
train,5095,-6940.216796875,-7190.9296875
train,3627,-559.68603515625,-1213.59814453125
train,4551,-3318.091064453125,-3440.8173828125
train,5419,-2791.4990234375,-2786.015380859375
train,4555,1709.000244140625,1514.480224609375
train,4599,-5656.05419921875,-5495.73486328125
train,4316,-7511.7451171875,-7600.0703125
train,2014,-6148.2431640625,-6009.671875
train,2167,-6557.62890625,-6295.9169921875
train,5121,-2140.4169921875,-2487.94482421875
train,526,-1669.3089599609375,-1451.185546875
train,5352,-7975.58984375,-7634.6318359375
train,281,248.9580078125,-257.85302734375
train,1877,-1352.114013671875,-1224.858154296875
train,3704,-7785.1103515625,-7668.0458984375
train,3724,-8296.78515625,-8105.0048828125
train,5897,-3837.785888671875,-4240.00830078125
train,4635,-1808.3260498046875,-1796.3861083984375
train,1445,-209.927001953125,-257.797119140625
train,3079,-7688.72607421875,-8126.146484375
train,829,984.284912109375,782.788818359375
train,5421,-2418.044921875,-2902.398681640625
train,311,-4509.56005859375,-4778.515625
train,2042,-5452.86083984375,-5816.74169921875
train,3890,-2255.699951171875,-1729.781982421875
train,3442,1999.579833984375,1830.516357421875
train,5450,-3975.1220703125,-3897.0390625
train,1286,-5861.5517578125,-5971.453125
train,4,-5480.77001953125,-5488.8857421875
train,114,-5417.2109375,-5592.58544921875
train,5962,-2903.260009765625,-2611.9404296875
train,2238,-3276.5048828125,-3159.342041015625
train,2674,-8456.732421875,-8799.7958984375
train,217,-6705.5009765625,-6233.869140625
train,5216,-6558.7099609375,-6756.1328125
train,2531,888.974853515625,968.416259765625
train,68,-2192.81201171875,-2648.96337890625
train,2721,-5639.9130859375,-5629.0615234375
train,3820,-4158.7080078125,-3873.78759765625
train,4857,-2429.381103515625,-2499.217041015625
train,3714,-8670.11328125,-8595.24609375
train,5679,-6220.4921875,-6782.130859375
train,2931,-4214.26123046875,-4280.119140625
train,1839,-239.071044921875,-383.935302734375
train,2114,-1706.7760009765625,-1413.00634765625
train,2432,-6752.591796875,-7021.1884765625
train,393,1357.506103515625,1427.267822265625
train,4884,-8302.337890625,-7782.73828125
train,1449,-3187.43505859375,-3071.775390625
train,5765,-4970.70703125,-4972.67578125
train,4461,-2962.222900390625,-3091.946533203125
train,4589,-2522.444091796875,-2802.076171875
train,3158,-2014.4239501953125,-2138.84130859375
train,6187,-5658.61181640625,-5564.2763671875
train,6471,-6208.18017578125,-6140.1064453125
train,5068,-3425.759033203125,-3322.356689453125
train,4151,-5096.9150390625,-5029.705078125
train,4073,-7350.08984375,-7401.69140625
train,5050,857.157958984375,721.728271484375
train,3859,-2516.740966796875,-2568.80908203125
train,3346,-4869.9208984375,-4919.53125
train,2082,-5635.2041015625,-5615.73876953125
train,3599,-3104.262939453125,-2711.11376953125
train,1297,126.760009765625,281.8984375
train,6079,-1572.638916015625,-1714.078369140625
train,1088,-3101.198974609375,-3061.611328125
train,5710,147.936767578125,145.368408203125
train,2029,-7900.8974609375,-7856.1123046875
train,4032,-884.390625,-603.031005859375
train,78,-4414.3798828125,-4980.3857421875
train,2181,-7065.09619140625,-7107.310546875
train,3294,-3892.4990234375,-4042.041259765625
train,298,-3117.240966796875,-3415.842041015625
train,3718,-4112.4482421875,-4381.66552734375
train,3736,-1205.991943359375,-1203.423095703125
train,296,-1447.796142578125,-1236.095458984375
train,821,698.253173828125,782.642333984375
train,3712,-5798.41015625,-5935.96240234375
train,2382,1333.123291015625,1175.677001953125
train,2609,-3044.5400390625,-2848.0205078125
train,937,-4760.86083984375,-5182.01220703125
train,3388,-2676.3740234375,-2645.7607421875
train,2802,-8066.791015625,-8342.783203125
train,4602,-3904.277099609375,-3865.088134765625
train,3052,-1033.307861328125,-876.6298828125
train,5589,-890.54296875,-731.59619140625
train,310,-5196.06982421875,-5291.09521484375
train,1190,-4849.26123046875,-4768.73095703125
train,116,-11774.7783203125,-11930.2822265625
train,5840,-241.4609375,-434.436767578125
train,4131,-6760.6220703125,-7162.5234375
train,3723,1747.038330078125,1256.136962890625
train,1264,-10138.2041015625,-10181.3974609375
train,250,-349.299072265625,-295.900390625
train,5871,-1422.661865234375,-1624.4991455078125
train,706,-1404.278076171875,-1430.6025390625
train,3462,132.52001953125,320.457763671875
train,1720,-6000.751953125,-5831.875
train,3386,-1458.182861328125,-1803.3873291015625
train,4116,-1520.860107421875,-1547.545654296875
train,3121,-7196.81982421875,-7028.8388671875
train,5641,-450.546875,-73.54443359375
train,439,-5242.615234375,-5159.2578125
train,3405,-3701.4189453125,-3838.14501953125
train,2261,-6085.81787109375,-6160.658203125
train,4291,-2775.77490234375,-2618.59326171875
train,481,-5120.13720703125,-5404.763671875
train,1909,-1863.969970703125,-1572.99267578125
train,4270,-3621.845947265625,-3640.477294921875
train,2766,-6118.501953125,-6093.412109375
train,565,-6734.251953125,-6734.1611328125
train,2472,1054.492919921875,744.602294921875
train,4628,-1066.60205078125,-1386.6318359375
train,1113,3117.699462890625,2938.465576171875
train,1469,-1216.586181640625,-1254.827392578125
train,1428,-101.337890625,-170.2265625
train,339,-1255.125,-1197.86962890625
train,3925,-2115.905029296875,-2078.6875
train,3071,-7892.513671875,-7767.7109375
train,5067,-2566.87890625,-2399.724609375
train,5684,-5671.97900390625,-6051.029296875
train,6312,-2035.6669921875,-2323.8017578125
train,4573,-8268.9150390625,-8169.0546875
train,1675,1766.611083984375,1752.093017578125
train,1460,-6892.01513671875,-6555.1171875
train,632,-4463.93408203125,-4395.03955078125
train,1265,-9730.9521484375,-9556.2333984375
train,4127,-7908.46484375,-7988.61328125
train,2337,-1326.887939453125,-1814.2598876953125
train,3942,-519.615966796875,-1044.08935546875
train,1067,-903.740966796875,-766.277099609375
train,4224,-7649.482421875,-7869.4599609375
train,2220,-6419.63720703125,-6415.6328125
train,4735,-6859.3125,-6737.431640625
train,3895,-2341.302978515625,-2099.0322265625
train,6112,-7224.81640625,-7375.62841796875
train,2408,-1246.388916015625,-1451.198486328125
train,154,-2335.8466796875,-2270.708984375
train,1957,-4145.7919921875,-4339.99169921875
train,1392,-3211.010009765625,-3435.1396484375
train,6026,-1031.93359375,-1286.99853515625
train,312,-6044.2060546875,-6162.341796875
train,1604,-3851.468017578125,-3622.971435546875
train,5094,-4140.06201171875,-4300.8916015625
train,6041,-860.928955078125,-421.820556640625
train,5687,231.44189453125,161.6005859375
train,4727,-379.20068359375,-371.790771484375
train,5617,434.656982421875,107.231201171875
train,913,-1667.6490478515625,-1870.659423828125
train,3341,-2655.214111328125,-2339.48583984375
train,6307,-4276.01318359375,-3907.7177734375
train,3673,-7320.48046875,-7525.62109375
train,4856,-3549.610107421875,-3509.895263671875
train,1335,-5607.30712890625,-5442.72607421875
train,5873,1297.504150390625,1277.936279296875
train,483,-6708.02099609375,-6767.5283203125
train,5653,-4662.7529296875,-4971.62451171875
train,5371,-2528.510009765625,-2612.98095703125
train,5659,-2756.431884765625,-3080.160888671875
train,3123,2455.066650390625,2140.314697265625
train,787,-4167.875,-4319.24365234375
train,5752,-7039.04296875,-7194.53173828125
train,2308,-2310.013916015625,-2526.089111328125
train,5142,-3819.012939453125,-4266.72412109375
train,6016,-6811.341796875,-6356.880859375
train,6345,-1074.739013671875,-870.640625
train,1376,-4439.9951171875,-4378.78125
train,5014,-5313.591796875,-5285.6376953125
train,4952,-5268.97021484375,-5263.5771484375
train,5016,-2217.840087890625,-2414.128173828125
train,5899,-2823.636962890625,-2825.205810546875
train,2593,-4616.89990234375,-4691.5068359375
train,5741,-2650.155029296875,-2693.45556640625
train,2234,-2541.697021484375,-2641.245361328125
train,3697,-6039.91796875,-6069.2138671875
train,3501,-4350.2412109375,-4144.65185546875
train,5957,-3276.31396484375,-3256.104736328125
train,5368,-6178.34912109375,-6421.2001953125
train,3955,-3997.970947265625,-3757.25927734375
train,761,-4115.4638671875,-3715.597900390625
train,4653,-4406.00390625,-4461.4921875
train,12,-5336.76904296875,-5861.70556640625
train,177,-2195.7958984375,-2249.18505859375
train,4823,1829.655029296875,1680.734130859375
train,6455,-4267.46484375,-4601.90966796875
train,2515,-2673.6220703125,-2636.60546875
train,733,-4753.93798828125,-4991.5625
train,835,-2246.949951171875,-2158.457275390625
train,175,-5671.76708984375,-5386.595703125
train,3481,-2709.118896484375,-2895.17724609375
train,3150,-4233.416015625,-4273.3662109375
train,5844,-10284.9921875,-9962.9658203125
train,434,-1150.600830078125,-1466.755859375
train,3582,-1450.594970703125,-1666.26513671875
train,3048,-10224.7265625,-10272.6494140625
train,5620,-3980.072998046875,-4047.8935546875
train,5447,-5912.97900390625,-5814.42578125
train,4905,-1870.711181640625,-1656.8968505859375
train,137,-3101.449951171875,-2794.033203125
train,637,-3124.14306640625,-3376.451416015625
train,5267,-5007.2548828125,-4971.7529296875
train,2096,-3783.383056640625,-3743.6728515625
train,4475,-836.263916015625,-559.865478515625
train,6255,-3610.468994140625,-3668.876708984375
train,4310,-4934.64111328125,-4854.92529296875
train,4711,-5749.8408203125,-5832.88671875
train,1507,-4191.9091796875,-4504.7373046875
train,2532,-2694.366943359375,-2867.07958984375
train,1065,-3071.679931640625,-3257.820556640625
train,6388,536.535888671875,431.63037109375
train,4981,-4617.10205078125,-4304.51513671875
train,5722,-1481.865966796875,-1544.103515625
train,5650,-4131.9482421875,-4130.5361328125
train,2406,-872.6220703125,-1226.38427734375
train,2278,-2883.970947265625,-2765.60693359375
train,705,-4670.57177734375,-4726.4482421875
train,2498,-4057.97412109375,-3534.930419921875
train,1241,-6108.61083984375,-5877.2060546875
train,5318,666.475830078125,586.652587890625
train,5730,-4408.9609375,-4484.458984375
train,2193,-4590.4267578125,-4576.7548828125
train,4164,-7113.1259765625,-6953.546875
train,3394,-3746.3701171875,-3653.097900390625
train,6124,-6908.8701171875,-7216.02392578125
train,2786,-1964.26904296875,-1871.00146484375
train,4543,-5334.51611328125,-4936.99462890625
train,5013,-5950.703125,-6215.4853515625
train,4147,-4219.203125,-4380.07861328125
train,1353,-6074.77587890625,-5937.5595703125
train,1477,-2874.319091796875,-3268.8662109375
train,1866,-8174.0341796875,-8165.3359375
train,3464,-8630.458984375,-8497.8701171875
train,4732,-3180.72509765625,-3121.50439453125
train,510,-6807.80810546875,-6858.830078125
train,6198,118.090087890625,24.545166015625
train,2976,-699.260009765625,-558.95458984375
train,1985,-5040.97802734375,-4948.78369140625
train,6316,-275.973876953125,-161.497314453125
train,6139,-2420.180908203125,-2323.336669921875
train,1935,-9174.5107421875,-9065.376953125
train,6024,-4315.77099609375,-4681.9921875
train,4532,-3393.419921875,-3706.4150390625
train,4432,-2371.35400390625,-2573.58984375
train,3199,-3904.31201171875,-3749.18701171875
train,5919,-5958.869140625,-6210.1025390625
train,2963,840.716064453125,457.981689453125
train,1100,-8460.625,-8374.615234375
train,5347,-4175.173828125,-4481.14599609375
train,2647,-6031.171875,-6113.37890625
train,5202,-2348.82373046875,-2192.82958984375
train,480,-6695.091796875,-7085.3251953125
train,2618,-2505.90087890625,-2456.0966796875
train,4358,-2692.10302734375,-2631.716796875
train,4351,-3030.23388671875,-3087.7705078125
train,5848,-3185.408935546875,-3302.900634765625
train,5159,-2857.071044921875,-2800.502685546875
train,2789,-3643.89501953125,-3659.693359375
train,6514,-4513.8388671875,-4599.5380859375
train,2736,-1912.678955078125,-1850.3109130859375
train,5555,-2452.4580078125,-2328.07861328125
train,6306,-840.900146484375,-1263.060546875
train,6251,-1014.821044921875,-1096.057373046875
train,5988,-6546.10009765625,-6478.505859375
train,4477,-4891.876953125,-5016.0009765625
train,3683,-2830.89990234375,-2849.25732421875
train,2005,-6399.73486328125,-6135.6025390625
train,5749,-8350.5966796875,-8387.162109375
train,3848,-3841.573974609375,-4208.037109375
train,5036,-4345.5732421875,-4508.1474609375
train,4699,-4364.57421875,-4225.640625
train,5483,-3653.87109375,-4002.2685546875
train,4510,-3062.0,-2880.423828125
train,4221,-1909.198974609375,-2029.46923828125
train,2145,-6761.20703125,-6715.283203125
train,5032,-6600.51416015625,-6693.306640625
train,2242,-5583.8798828125,-5437.951171875
train,3224,-1125.91796875,-849.43017578125
train,772,-169.493896484375,-129.7685546875
train,77,1469.593994140625,1037.109130859375
train,2979,-3635.31591796875,-3695.7861328125
train,1664,-2557.614013671875,-2629.262939453125
train,991,-5622.13818359375,-6020.328125
train,6435,-2952.02294921875,-3173.73046875
train,2755,-7610.01220703125,-7549.2734375
train,2905,-4994.47998046875,-4843.49755859375
train,5500,-2498.89794921875,-2430.38037109375
train,4961,-1122.5400390625,-1122.422119140625
train,3275,-5648.9638671875,-5763.9248046875
train,2251,-1423.721923828125,-1405.776123046875
train,6369,-9703.234375,-9703.568359375
train,4005,-4893.48486328125,-4599.435546875
train,424,-6918.31103515625,-7157.8359375
train,575,-4378.9482421875,-4548.52978515625
train,3756,-7001.728515625,-6915.6826171875
train,2692,-5859.14306640625,-6122.25927734375
train,919,-3479.613037109375,-3259.90185546875
train,6488,-4069.882080078125,-4333.412109375
train,5517,-7552.57421875,-7571.166015625
train,2744,-2998.33203125,-2962.1337890625
train,1546,-8015.43359375,-7660.26513671875
train,5737,-5131.5361328125,-5077.1787109375
train,3168,-4805.54296875,-4763.6044921875
train,1255,-561.26123046875,-817.69189453125
train,5863,-4340.84521484375,-4661.47900390625
train,6181,-4519.02099609375,-4491.1904296875
train,3621,-3272.093994140625,-3248.1982421875
train,215,-1952.43603515625,-1798.21826171875
train,2487,-1512.547119140625,-1337.56884765625
train,231,-4180.6171875,-4056.913330078125
train,511,-4247.2421875,-4183.98095703125
train,799,-5398.93798828125,-5335.556640625
train,1207,-2156.904052734375,-2624.449462890625
train,723,-1324.051025390625,-1285.5234375
train,251,-2561.43310546875,-2614.564453125
train,2630,-1479.360107421875,-1950.0625
train,5839,-3432.27099609375,-3430.535400390625
train,4970,-626.47998046875,-520.556884765625
train,1205,-3143.694091796875,-4223.99072265625
train,6331,-2499.18994140625,-2510.0185546875
train,2664,-3222.031005859375,-3239.806640625
train,5303,-1020.1279296875,-1519.216552734375
train,5833,-3891.739990234375,-4195.0419921875
train,3180,-6663.388671875,-6824.6396484375
train,892,-4017.221923828125,-3905.562255859375
train,5283,-5701.6279296875,-5671.451171875
train,4709,-7166.1953125,-7026.2705078125
train,1583,-2961.0439453125,-2877.01953125
train,6304,-5178.81103515625,-5044.662109375
train,2173,-2103.633056640625,-2262.78271484375
train,3988,-3739.931884765625,-3826.595947265625
train,5209,-2291.382080078125,-2122.19384765625
train,309,760.148193359375,526.591552734375
train,5881,-4581.20703125,-4596.95458984375
train,1327,-1391.861083984375,-1339.15771484375
train,3320,-6243.958984375,-6400.56640625
train,203,-2643.095947265625,-2724.13037109375
train,3989,-7532.2080078125,-7292.791015625
train,4509,-5931.2158203125,-5963.73876953125
train,221,-3847.510009765625,-3757.23193359375
train,5262,-8289.125,-8068.091796875
train,1993,-1356.652099609375,-1577.381103515625
train,3220,-2274.1376953125,-2158.2861328125
train,1559,-2835.65087890625,-3014.804931640625
train,1399,-6199.69189453125,-6233.97509765625
train,1905,58.343994140625,-85.7587890625
train,5736,-1759.3580322265625,-1774.027099609375
train,2511,-3389.64990234375,-3338.394287109375
train,3315,-1829.8179931640625,-1747.4766845703125
train,454,-6781.2138671875,-6708.73193359375
train,5051,-5274.03515625,-5611.498046875
train,3814,-5206.658203125,-5031.4404296875
train,2454,-2781.972900390625,-2775.616943359375
train,6485,-5916.12109375,-6084.439453125
train,3730,-3217.408935546875,-3269.875244140625
train,748,-1259.9560546875,-1593.85107421875
train,3307,-4994.93115234375,-5336.1982421875
train,1906,-492.15478515625,-382.638427734375
train,1769,-3095.14208984375,-2979.583740234375
train,4166,-2558.160888671875,-2786.483642578125
train,6291,-6225.93896484375,-6316.2021484375
train,885,-7128.40576171875,-6912.7529296875
train,1026,-1007.1669921875,-943.843017578125
train,1668,-5566.64794921875,-5676.3427734375
train,1406,185.166015625,134.58447265625
train,5926,-3443.927978515625,-4201.8173828125
train,3798,-288.742919921875,-262.507568359375
train,5448,-10395.068359375,-10396.7421875
train,1647,-1842.634033203125,-1717.35107421875
train,2548,-3789.30810546875,-3873.737060546875
train,6188,-3646.0390625,-4293.4970703125
train,1415,-394.76708984375,-492.34814453125
train,4212,-3038.968994140625,-3052.9091796875
train,5660,1548.322998046875,1636.091552734375
train,3833,-2528.10888671875,-2634.04638671875
train,813,-2855.97412109375,-2580.002685546875
train,4301,-524.588134765625,-640.631591796875
train,5909,-1679.3719482421875,-1567.277099609375
train,1247,-4599.27587890625,-4769.21826171875
train,92,-6945.185546875,-7123.056640625
train,6494,-2664.175048828125,-2797.3583984375
train,372,-7029.84716796875,-6740.5703125
train,1842,-5231.259765625,-4921.9892578125
train,4896,-1281.721923828125,-1476.300537109375
train,2922,435.8349609375,436.2275390625
train,138,-6361.15478515625,-6477.46875
train,3310,-1153.297119140625,-779.818115234375
train,1143,-4922.919921875,-5080.2607421875
train,3338,-2807.076904296875,-2559.8203125
train,3306,-3839.132080078125,-3919.028076171875
train,4397,-3329.669921875,-3280.9853515625
train,3035,-2345.2451171875,-2936.70751953125
train,4654,-5434.73486328125,-5179.0830078125
train,1043,-5688.1572265625,-5577.341796875
train,1589,-2883.64306640625,-3121.3759765625
train,4703,-5563.26708984375,-5474.8701171875
train,2307,-1114.614990234375,-920.67919921875
train,3068,-5293.71484375,-5418.4970703125
train,6205,-3668.89208984375,-3991.527099609375
train,5253,-6303.5888671875,-6192.6279296875
train,601,-2365.157958984375,-2219.38134765625
train,465,-4456.13623046875,-4498.94677734375
train,373,-1209.092041015625,-1098.678955078125
train,3253,1669.117919921875,1741.070068359375
train,2997,-2330.097900390625,-2637.290771484375
train,3073,-6111.39013671875,-6311.22607421875
train,708,-6222.953125,-6382.50341796875
train,2519,-1213.64697265625,-1341.7783203125
train,6023,828.021728515625,639.521728515625
train,5332,-8728.86328125,-8801.384765625
train,3490,-1631.9990234375,-1761.92333984375
train,4405,-2527.073974609375,-2484.2373046875
train,2322,-4240.72998046875,-4837.85595703125
train,2486,-9928.2001953125,-9760.3759765625
train,220,-5497.47119140625,-5422.626953125
train,5066,-7586.84716796875,-7399.6005859375
train,5496,-5109.0078125,-4916.85400390625
train,5280,-3851.7109375,-3867.942138671875
train,3108,596.344970703125,700.991455078125
train,3515,-1978.323974609375,-1984.268310546875
train,2821,-4611.61376953125,-4695.32373046875
train,5386,-4722.8291015625,-4637.1591796875
train,91,-6923.9912109375,-6735.0888671875
train,715,-3898.64892578125,-3976.208984375
train,5286,-3935.761962890625,-4039.57763671875
train,710,-4113.3798828125,-4345.267578125
train,527,-6850.21923828125,-7041.98828125
train,1045,-4652.47119140625,-4890.76708984375
train,4921,-7165.4248046875,-7436.08740234375
train,6256,-3052.580078125,-3241.302490234375
train,4946,-6104.31591796875,-6266.224609375
train,3608,-3189.9951171875,-3092.00439453125
train,1390,237.001953125,534.953369140625
train,4663,-6810.11279296875,-6871.2490234375
train,3773,-2353.68603515625,-2376.2314453125
train,5220,-4324.8408203125,-4354.8603515625
train,6425,-2952.6201171875,-3105.5771484375
train,3911,-2968.449951171875,-3442.04443359375
train,4627,-2088.453125,-2332.929443359375
train,2620,337.364990234375,202.6572265625
train,5865,-4907.31005859375,-4714.03955078125
train,18,-89.97607421875,-152.960693359375
train,4738,-63.50390625,111.624755859375
train,607,-7309.2470703125,-7018.857421875
train,4677,-883.76806640625,-568.10693359375
train,3493,-6501.31591796875,-6776.439453125
train,4810,2377.533935546875,2243.328857421875
train,1222,779.490966796875,476.285888671875
train,4908,-3196.98291015625,-3176.210205078125
train,2389,-5461.67578125,-5340.859375
train,4634,-6873.15283203125,-6663.53076171875
train,1364,-3125.31689453125,-3359.550048828125
train,1811,-3794.47705078125,-3840.5419921875
train,4721,-6337.48193359375,-6439.783203125
train,5029,-4762.36083984375,-4947.41650390625
train,396,-1977.6259765625,-2301.18505859375
train,4441,-1415.177978515625,-1606.630615234375
train,6211,-4272.662109375,-4130.6220703125
train,4205,-2762.05908203125,-2871.9501953125
train,2599,-3124.176025390625,-2938.2548828125
train,29,-7707.85888671875,-7727.1806640625
train,28,-4806.6328125,-4257.47412109375
train,6394,2459.354248046875,2127.996337890625
train,6381,-3927.35791015625,-3781.641845703125
train,994,-1231.60205078125,-1212.686767578125
train,603,-7042.80712890625,-6955.6044921875
train,2524,97.493896484375,-7.014892578125
train,1947,-10582.0703125,-10381.234375
train,2483,-4927.29296875,-4834.96240234375
train,1060,-6804.85986328125,-6639.8173828125
train,57,792.535888671875,348.714599609375
train,1328,-5564.10986328125,-5916.154296875
train,5685,-3323.80810546875,-3462.249755859375
train,4337,-7534.81103515625,-7677.45703125
train,1860,-4357.1767578125,-4330.42529296875
train,1467,-2403.323974609375,-2845.375
train,4887,-3917.908935546875,-3999.194091796875
train,2820,-3153.360107421875,-3070.52392578125
train,5480,-8402.3271484375,-8359.41796875
train,1073,-3842.916015625,-3733.205322265625
train,1304,-4029.52099609375,-4216.8408203125
train,2031,-4094.489013671875,-3881.3349609375
train,3417,-3585.529052734375,-3481.506103515625
train,230,-2005.0269775390625,-2158.69775390625
train,4886,-2256.4931640625,-2491.3916015625
train,1981,-1838.6739501953125,-1693.7161865234375
train,549,-3812.2890625,-3843.8642578125
train,2858,-9054.521484375,-8804.900390625
train,1750,-6753.544921875,-6953.1064453125
train,347,-5040.3349609375,-5007.4482421875
train,6308,-7725.65380859375,-7789.5087890625
train,4048,-5429.39208984375,-5555.92822265625
train,3033,-3133.181884765625,-3266.69775390625
train,5204,-218.361083984375,-792.6328125
train,1749,-6753.18896484375,-6601.7734375
train,4937,-5638.15380859375,-5477.732421875
train,1215,-984.7509765625,-836.62353515625
train,1617,-4664.85009765625,-4876.4794921875
train,2003,-2873.364013671875,-2652.46240234375
train,655,-5629.06396484375,-5864.8125
train,1083,-1295.716064453125,-1082.6318359375
train,5434,-5501.30517578125,-5079.70556640625
train,4079,-3246.342041015625,-3056.983642578125
train,3788,-5313.09912109375,-4939.71337890625
train,4837,-1058.892822265625,-1114.6640625
train,2171,-371.72998046875,-280.73095703125
train,3102,-1225.010986328125,-1118.62939453125
train,918,538.083251953125,798.594970703125
train,862,-5266.11279296875,-5103.763671875
train,5059,-3573.76806640625,-3649.5556640625
train,554,-1711.123046875,-1883.6734619140625
train,3450,-2907.930908203125,-2522.2939453125
train,5548,-2125.81103515625,-2602.66162109375
train,415,70.729736328125,-476.81298828125
train,5719,-3292.549072265625,-3101.54638671875
train,6528,-4997.9521484375,-5060.81640625
train,1915,1578.626220703125,1479.404052734375
train,3638,-4350.2509765625,-4516.62744140625
train,4992,65.397705078125,-20.965087890625
train,322,-1722.900146484375,-1389.45068359375
train,2555,-2086.069091796875,-2071.94384765625
train,670,-4256.3759765625,-3570.47265625
train,6173,-4317.19091796875,-4468.6416015625
train,4448,-3419.02001953125,-2922.04248046875
train,2975,-3014.305908203125,-3055.645751953125
train,3298,-4977.58984375,-5013.63671875
train,5433,-1503.06103515625,-1559.512451171875
train,2595,-2743.4970703125,-2952.0654296875
train,3860,-3991.264892578125,-3876.7197265625
train,5593,-4388.38623046875,-4135.33740234375
train,5264,-6411.02880859375,-6551.8330078125
train,3748,-2011.9150390625,-2264.1005859375
train,1966,28.866943359375,-2.645751953125
train,1338,-4764.7861328125,-4571.6064453125
train,479,-4787.02978515625,-4836.54248046875
train,342,-7516.693359375,-7272.83935546875
train,2787,-4097.72119140625,-4502.64501953125
train,4742,-7814.232421875,-7618.978515625
train,139,-6284.56787109375,-6367.2568359375
train,4607,60.956298828125,487.944091796875
train,173,-1683.510986328125,-1883.1810302734375
train,5903,-3484.451904296875,-3770.85498046875
train,3858,-5609.376953125,-5836.73486328125
train,6214,-7137.46923828125,-7090.4599609375
train,4789,-1161.920166015625,-1928.41943359375
train,3054,-4501.5439453125,-4198.078125
train,4467,-5847.97705078125,-5346.8369140625
train,4639,-2747.097900390625,-3032.841552734375
train,6245,-6622.47900390625,-5889.65087890625
train,1405,-6891.90185546875,-6882.525390625
train,5571,-3584.445068359375,-3736.2890625
train,170,-2757.077880859375,-2514.4990234375
train,3956,-5635.99609375,-5535.8017578125
train,3106,-2393.60791015625,-2286.7431640625
train,3297,-2825.68701171875,-3251.20361328125
train,3223,-5301.451171875,-5385.85546875
train,2936,-7196.87109375,-6825.2646484375
train,125,-3645.968994140625,-4192.82275390625
train,5858,-4815.80810546875,-4840.68115234375
train,2915,1075.751220703125,765.259521484375
train,4817,-7024.6513671875,-6970.1591796875
train,3965,-1069.2138671875,-990.5908203125
train,5562,-3737.529052734375,-3617.660400390625
train,313,-5747.42822265625,-5490.2041015625
train,1106,686.481201171875,466.332275390625
train,572,-4247.1162109375,-4167.16845703125
train,2509,-4896.2099609375,-4815.16845703125
train,4242,-7758.23828125,-7430.84326171875
train,5160,-5628.8671875,-5769.017578125
train,4838,-2666.048095703125,-3797.719970703125
train,4266,-3929.794921875,-4102.9970703125
train,1101,-2527.1220703125,-2462.1044921875
train,1726,-4856.56982421875,-4862.4267578125
train,4329,-705.469970703125,-657.791259765625
train,5075,-6682.0361328125,-7019.04833984375
train,1757,-6168.0908203125,-6169.54296875
train,4046,1070.324951171875,1132.283447265625
train,1786,-1606.1331787109375,-1560.447509765625
train,1924,-6371.19189453125,-6051.375
train,1572,-4041.533935546875,-4198.13232421875
train,2340,377.66015625,-84.165283203125
train,1373,-2501.39892578125,-2663.9326171875
train,691,-1583.246826171875,-1636.3135986328125
train,89,-3884.993896484375,-3652.892333984375
train,839,-2977.822998046875,-3467.96875
train,2925,-5809.81884765625,-6044.23828125
train,4028,-7668.3271484375,-7844.80859375
train,3652,-3596.8740234375,-3412.86572265625
train,6161,-4541.830078125,-4458.8515625
train,225,-1868.508056640625,-2103.5302734375
train,165,-2621.202880859375,-2776.6669921875
train,4959,-5908.06982421875,-6017.0576171875
train,144,679.630126953125,284.093505859375
train,5890,-4460.81982421875,-4826.869140625
train,3202,-8156.4365234375,-8012.5478515625
train,5275,-1034.612060546875,-1200.692138671875
train,2714,-3277.76708984375,-3032.11767578125
train,2615,455.575927734375,159.248046875
train,3654,188.946044921875,349.51123046875
train,4612,-5819.158203125,-6134.8427734375
train,6362,-4994.51611328125,-4752.49072265625
train,2574,-98.132080078125,-307.941162109375
train,902,-2200.81494140625,-2442.212890625
train,431,1730.683349609375,1755.645263671875
train,6137,-2987.93798828125,-2717.5087890625
train,6235,-3429.443115234375,-3313.189697265625
train,747,-4280.7470703125,-4926.1474609375
train,3885,426.55908203125,625.403564453125
train,6252,-4092.256103515625,-4105.04052734375
train,5666,-5794.14990234375,-5508.51953125
train,1635,-6534.4345703125,-6429.849609375
train,3201,-1293.471923828125,-1471.447021484375
train,1738,-6423.19091796875,-6274.8203125
train,1551,-9385.5185546875,-9414.408203125
train,148,-5855.76806640625,-5610.73046875
train,147,-2168.362060546875,-1812.7664794921875
train,4237,-6396.44189453125,-5960.6611328125
train,4189,-2276.632080078125,-2228.26806640625
train,873,733.119873046875,796.009521484375
train,6350,-1818.281005859375,-1884.831787109375
train,5401,-5823.748046875,-5880.7978515625
train,6383,-3263.89990234375,-3542.340576171875
train,284,265.65771484375,162.36474609375
train,2670,-5438.68310546875,-5684.30224609375
train,3952,-3448.488037109375,-3843.42724609375
train,3274,-3999.074951171875,-4234.3154296875
train,357,-6818.4130859375,-6648.376953125
train,1808,-3673.27197265625,-3967.73681640625
train,5197,1953.191650390625,1866.934326171875
train,993,-3550.81103515625,-3809.99658203125
train,5139,-4560.1728515625,-4412.42041015625
train,1825,-1794.8070068359375,-1811.559326171875
train,3415,2194.208251953125,2202.788818359375
train,4909,-6163.31201171875,-6008.9375
train,1341,-5265.880859375,-5151.0419921875
train,402,-4725.033203125,-4622.6181640625
train,1855,-2977.14892578125,-2913.166015625
train,2058,-2913.409912109375,-2903.42529296875
train,395,-3144.55810546875,-3027.308837890625
train,2235,-9972.345703125,-9962.2587890625
train,2838,278.43994140625,230.75390625
train,320,-7975.1962890625,-7840.06640625
train,2629,-6998.02392578125,-6888.73046875
train,3230,-3104.302001953125,-3083.199462890625
train,1655,-5625.3798828125,-5327.59375
train,3152,-3541.616943359375,-3436.930908203125
train,4675,1901.312744140625,1684.343994140625
train,3189,-5013.68994140625,-4805.9091796875
train,2530,-4032.041015625,-3900.84521484375
train,196,340.277099609375,-154.765869140625
train,4355,-84.91796875,-124.2646484375
train,5744,-5.054931640625,352.755615234375
train,3803,-5885.1669921875,-5386.900390625
train,4702,1011.917236328125,890.651123046875
train,4419,-4631.22021484375,-4359.892578125
train,3295,993.177978515625,1012.350830078125
train,5540,-1394.193115234375,-1363.7451171875
train,2949,-4194.88623046875,-4476.193359375
train,1557,-2624.81591796875,-2745.3330078125
train,1011,1030.552978515625,730.327392578125
train,984,1303.473876953125,1221.612548828125
train,5358,123.998046875,-355.94580078125
train,5662,-9441.8056640625,-9207.7216796875
train,2725,-5673.5068359375,-5917.7109375
train,2339,-4132.369140625,-4089.837646484375
train,559,-6677.517578125,-6562.494140625
train,2735,-4843.9560546875,-4788.2763671875
train,3754,902.001220703125,516.038818359375
train,4381,-3715.011962890625,-4383.73583984375
train,4102,-3835.324951171875,-3795.994384765625
train,3532,-1331.696044921875,-1269.6494140625
train,6086,-4483.826171875,-4696.267578125
train,4049,-3756.693115234375,-3554.02685546875
train,3940,-1408.538818359375,-1586.341796875
train,507,-2363.2080078125,-2365.87255859375
train,5971,-5852.13916015625,-6149.923828125
train,6275,-3597.47802734375,-3925.49609375
train,2158,-2677.113037109375,-2641.41748046875
train,6220,2079.153076171875,1485.701904296875
train,4941,-5243.0087890625,-5512.56201171875
train,6499,-4742.01318359375,-4869.947265625
train,4272,-4207.5068359375,-4243.96728515625
train,2185,-7986.2939453125,-8130.2666015625
train,3419,-1532.995849609375,-1261.420166015625
train,1903,-4725.1201171875,-4412.21826171875
train,5350,-1203.212158203125,-1228.7265625
train,5866,-8481.4013671875,-8515.7470703125
train,5372,-3815.9560546875,-4062.21826171875
train,5466,2264.335693359375,2082.965576171875
train,1261,-2036.43798828125,-2648.517822265625
train,319,-5802.0517578125,-5664.37744140625
train,525,-5301.15576171875,-5148.958984375
train,737,-2399.89208984375,-2555.13525390625
train,1798,-2580.548095703125,-2573.59375
train,1326,-7024.380859375,-7287.61767578125
train,6315,-10971.4697265625,-10889.1259765625
train,6539,-435.990966796875,-443.16259765625
train,661,-3054.35888671875,-3241.64208984375
train,1784,-4483.01611328125,-4598.53076171875
train,1978,164.193115234375,7.319580078125
train,6008,-3121.587890625,-3005.33447265625
train,4860,105.60595703125,-83.7265625
train,4633,-3862.06689453125,-3994.316650390625
train,4949,-2423.802001953125,-2240.38330078125
train,4087,-7417.52880859375,-7664.345703125
train,443,-6490.705078125,-6417.2666015625
train,759,-6778.837890625,-6922.66796875
train,713,-2210.208984375,-2397.406982421875
train,5092,-8392.14453125,-8024.2060546875
train,2543,-2847.446044921875,-2831.898681640625
train,2394,-3860.4560546875,-3695.312255859375
train,3109,-2726.18994140625,-2986.960693359375
train,5780,-3512.173095703125,-3509.87109375
train,4036,-2571.655029296875,-2616.08447265625
train,3665,-3749.490966796875,-3657.9638671875
train,1643,-3487.260986328125,-3135.77685546875
train,1178,-1666.1510009765625,-1562.43994140625
train,2067,-4706.15576171875,-4517.201171875
train,2466,-2063.90087890625,-1746.1494140625
train,6225,-6339.671875,-6286.1796875
train,5770,-3162.076904296875,-3087.06005859375
train,5436,-6939.7021484375,-6996.9521484375
train,4560,-2978.64111328125,-2969.76171875
train,4750,-5706.3310546875,-5634.06298828125
train,2438,-6480.4951171875,-6251.95703125
train,1050,-2101.669921875,-2013.2645263671875
train,5071,-2160.18994140625,-2110.40625
train,1876,1016.782958984375,730.224853515625
train,5309,-3416.547119140625,-3678.5458984375
train,4808,-7386.6328125,-6653.0986328125
train,693,-3226.114990234375,-2992.06591796875
train,1404,748.428955078125,618.604736328125
train,2586,-4971.33984375,-4783.80419921875
train,5693,-2674.43603515625,-2774.248046875
train,6418,1061.609130859375,647.641357421875
train,1796,-3871.1708984375,-4026.91015625
train,3401,-5136.01806640625,-5125.85009765625
train,6059,-6363.89501953125,-6340.8525390625
train,2107,-1562.964111328125,-1547.449951171875
train,5327,-1655.3509521484375,-2191.72607421875
train,1637,-4010.125,-4271.8212890625
train,1767,-9242.4404296875,-9032.875
train,153,-4983.53076171875,-5200.357421875
train,422,-1.3349609375,-327.843994140625
train,2372,-3017.304931640625,-3716.756591796875
train,844,-2515.677001953125,-2636.30419921875
train,2659,843.685791015625,832.822998046875
train,6378,872.695068359375,1181.154052734375
train,5523,60.035888671875,128.17578125
train,216,-5981.31396484375,-5883.1142578125
train,5117,-4311.255859375,-4410.1396484375
train,5455,1647.903076171875,1792.836669921875
train,541,-6853.5,-6618.490234375
train,3263,1163.714111328125,1132.640869140625
train,2051,-444.4580078125,-550.603271484375
train,3395,-9805.689453125,-9342.490234375
train,5405,-7549.9130859375,-7412.92724609375
train,1864,-2167.407958984375,-2331.67041015625
train,4968,-2440.68408203125,-2468.12255859375
train,3389,-2877.10791015625,-3018.4775390625
train,3583,-3312.365966796875,-3388.52587890625
train,4987,-2937.18896484375,-2871.90576171875
train,745,-2104.134033203125,-2049.07470703125
train,291,-6136.68310546875,-6172.701171875
train,5723,-3378.962890625,-3328.18310546875
train,3319,-8732.392578125,-8763.3544921875
train,1411,-362.005126953125,-450.6328125
train,4618,-1949.06396484375,-1717.4378662109375
train,6498,-3338.092041015625,-3466.876220703125
train,1533,-2636.43994140625,-2691.193603515625
train,4736,-6404.1162109375,-5908.3193359375
train,3092,-3708.925048828125,-3742.843994140625
train,2626,-64.587890625,-203.371826171875
train,1361,-2953.883056640625,-2897.453125
train,2974,-5181.8359375,-4949.03076171875
train,6336,-2730.06298828125,-3114.03955078125
train,1248,-2199.593994140625,-2177.947265625
train,5756,-4765.1708984375,-4885.7119140625
train,5323,-3131.62109375,-3302.00341796875
train,1762,626.155029296875,213.347900390625
train,3136,-1336.468994140625,-1191.213134765625
train,2660,-2111.89501953125,-2455.049560546875
train,5471,-5736.3291015625,-5691.20947265625
train,3380,-2116.3837890625,-2320.12841796875
train,1,1032.425048828125,148.16552734375
train,6332,-4448.31494140625,-4571.20361328125
train,268,-4542.27978515625,-4716.169921875
train,1110,-4540.751953125,-4388.89404296875
train,3359,-333.43896484375,-75.236083984375
train,4253,-4414.59521484375,-4161.037109375
train,3438,-6819.13818359375,-6113.625
train,3981,-862.802978515625,-1144.580810546875
train,3466,-1996.58203125,-1924.84375
train,2295,-2557.860107421875,-2034.88525390625
train,5852,-3090.343994140625,-2957.421875
train,4305,1031.220947265625,958.566162109375
train,3018,-5344.0380859375,-5601.77685546875
train,1340,-2133.28271484375,-1916.7935791015625
train,3257,354.39306640625,298.424072265625
train,1986,848.944091796875,169.610107421875
train,4453,-3100.541015625,-3291.54150390625
train,3607,-2743.7958984375,-2840.4453125
train,1035,-3920.886962890625,-3703.665771484375
train,2993,-819.508056640625,-1012.26171875
train,6191,-4272.59423828125,-4208.13623046875
train,4359,-1563.298095703125,-1836.283935546875
train,3293,-5346.0810546875,-5153.5576171875
train,1211,-3185.885009765625,-3222.983154296875
train,1237,-3427.06591796875,-3632.161376953125
train,1077,-1251.636962890625,-1279.354248046875
train,69,-721.112060546875,-851.62939453125
train,4866,-4526.7431640625,-4572.10888671875
train,692,-2620.048095703125,-2670.666015625
train,5757,-3035.7109375,-3118.598876953125
train,6417,-7851.400390625,-8022.5009765625
train,4725,-7208.4638671875,-7228.84375
train,4917,-4881.89990234375,-5006.701171875
train,202,-4369.40380859375,-4140.1689453125
train,4556,-7474.6982421875,-7254.595703125
train,2849,-11816.0029296875,-12034.6953125
train,3062,-5669.3681640625,-6045.001953125
train,5432,-1930.5059814453125,-1484.615234375
train,4900,-3043.787109375,-2985.009521484375
train,3709,-2784.403076171875,-2996.517822265625
train,1251,-5083.794921875,-4914.73095703125
train,1440,-2998.445068359375,-3108.0302734375
train,1476,-3185.841064453125,-3157.798583984375
train,3476,-8981.1708984375,-8825.3212890625
train,6104,3189.383056640625,2950.831787109375
train,3849,-3181.341064453125,-3391.728515625
train,3119,-2554.47607421875,-2804.942626953125
train,4066,-2340.51611328125,-2441.515380859375
train,4097,-3032.3369140625,-3344.300048828125
train,5235,-1157.909912109375,-889.0546875
train,2933,-1701.5980224609375,-1385.909912109375
train,2231,-3942.860107421875,-4137.5634765625
train,3635,-3197.154052734375,-3411.672607421875
train,1069,218.220947265625,-28.7080078125
train,4847,-1240.593017578125,-1133.134033203125
train,3097,-2657.06591796875,-2220.059814453125
train,5023,-3973.72509765625,-3915.719970703125
train,2232,-3389.1689453125,-3732.6669921875
train,4848,-4284.10888671875,-4266.18017578125
train,4716,-1554.884033203125,-1641.6246337890625
train,3491,-1394.18798828125,-1290.3291015625
train,5006,-3580.302978515625,-3969.419921875
train,5201,-8629.1767578125,-8699.5751953125
train,1873,335.209228515625,137.014892578125
train,1542,-7884.1298828125,-7590.3115234375
train,3381,-2048.339111328125,-2054.71484375
train,4457,53.06103515625,-362.481201171875
train,1869,-5356.98779296875,-5321.224609375
train,1913,-8610.4580078125,-8342.38671875
train,6042,-3966.333984375,-4084.638671875
train,3,-2855.077880859375,-2642.333740234375
train,2816,-6709.4638671875,-6509.171875
train,3225,-6669.1669921875,-6451.419921875
train,1274,-946.4462890625,-1098.413330078125
train,3734,-4107.85107421875,-4184.67578125
train,1698,-7091.83984375,-7339.7109375
train,4976,-4053.948974609375,-4251.3564453125
train,649,-7807.404296875,-7798.52734375
train,2072,-4721.2177734375,-4868.95849609375
train,5995,-432.836181640625,-677.33984375
train,2657,-4080.635009765625,-4196.15771484375
train,6108,-719.533935546875,-1062.84423828125
train,3793,-5865.05712890625,-5379.35888671875
train,3923,-1307.989990234375,-1248.94580078125
train,5140,-4702.83203125,-4609.3427734375
train,6064,-2097.590087890625,-2217.216796875
train,1348,-2487.8359375,-2174.92041015625
train,4440,-781.642333984375,-817.19482421875
train,1940,-5619.087890625,-5575.49755859375
train,4059,-2249.014892578125,-1813.660400390625
train,3400,-8188.591796875,-8428.2734375
train,3473,-1153.120849609375,-965.41357421875
train,5524,-6078.71484375,-6537.8720703125
train,1283,-5041.208984375,-4954.26171875
train,4091,-3079.9599609375,-3048.623046875
train,3183,464.531982421875,422.71826171875
train,2625,-4654.962890625,-4655.72607421875
train,6410,-3296.60888671875,-3381.61865234375
train,6426,-1355.920166015625,-1408.3740234375
train,4037,-4258.7587890625,-4117.04052734375
train,5870,-4404.7822265625,-4221.45263671875
train,3488,-2223.72998046875,-2100.76123046875
train,3371,-2652.989013671875,-2589.621337890625
train,2808,-7187.89208984375,-7259.6806640625
train,4674,-1179.906005859375,-1072.50048828125
train,5470,-5233.26611328125,-5037.60498046875
train,4511,-5559.98095703125,-5939.6513671875
train,1773,-4213.19384765625,-4309.17041015625
train,3234,-6509.0009765625,-6399.5556640625
train,1998,-4263.22998046875,-4317.18896484375
train,3407,-1687.43701171875,-1545.705810546875
train,4229,-3452.763916015625,-3224.046142578125
train,3361,-5058.2548828125,-5034.86767578125
train,2860,-2336.35498046875,-2219.3974609375
train,5929,-4045.51806640625,-4218.498046875
train,4646,-3196.76708984375,-3310.031982421875
train,1355,-2860.205078125,-3453.507080078125
train,703,356.29296875,693.446533203125
train,282,-7593.10498046875,-7994.8935546875
train,2573,-10053.88671875,-9847.4443359375
train,4428,-670.638916015625,-668.1708984375
train,4404,-677.192138671875,-531.627685546875
train,2734,-7114.02294921875,-7345.3759765625
train,5526,-3610.31591796875,-3816.098876953125
train,3597,-791.010009765625,-848.419677734375
train,5339,-2610.27490234375,-2675.1962890625
train,2269,-6656.35498046875,-6472.5986328125
train,1703,-3511.7041015625,-3424.994873046875
train,2123,-6081.68896484375,-6057.04736328125
train,4190,-2802.294921875,-2692.6904296875
train,5378,-9531.228515625,-9220.1669921875
train,3811,-5589.14013671875,-5681.4677734375
train,5487,-8045.60546875,-8188.0615234375
train,5634,-7751.6904296875,-7761.953125
train,4878,-2258.443115234375,-2393.44970703125
train,2776,-4496.65185546875,-4706.2470703125
train,2918,-4079.3740234375,-4028.200927734375
train,4692,-4913.23095703125,-5174.19580078125
train,2298,-2550.928955078125,-2581.286376953125
train,5172,-5666.25390625,-5781.28125
train,4533,-3756.672119140625,-3666.45654296875
train,2981,-3906.535888671875,-3862.293212890625
train,2214,-938.76611328125,-1187.434326171875
train,1128,-2629.489013671875,-2667.60107421875
train,4375,-1861.8399658203125,-1930.1346435546875
train,3379,-2445.10888671875,-2547.2705078125
train,4414,-6662.5380859375,-6829.88330078125
train,5949,-3904.01611328125,-3407.496826171875
train,2679,-6481.9951171875,-6688.08349609375
train,1064,-9281.083984375,-9262.2451171875
train,1948,-1611.9998779296875,-1443.90966796875
train,3422,-8199.0634765625,-8230.3388671875
train,1763,1948.278076171875,1954.193603515625
train,2631,-1732.8580322265625,-1821.6708984375
train,2393,-3577.26611328125,-3474.73876953125
train,5959,-3303.965087890625,-3289.84375
train,305,-3934.035888671875,-4162.75
train,209,-7215.00390625,-7161.2890625
train,1263,-6735.56787109375,-6764.322265625
train,1575,-3867.87109375,-4208.8779296875
train,5317,-4165.30712890625,-4507.35498046875
train,6492,-6726.7841796875,-6660.9853515625
train,113,-729.821044921875,-933.79833984375
train,219,-3699.4189453125,-3776.23486328125
train,5836,-1165.737060546875,-907.449462890625
train,155,-2497.283935546875,-2837.292724609375
train,5802,-6030.93505859375,-5844.80078125
train,2833,-2989.860107421875,-2854.01708984375
train,5954,-3355.910888671875,-3378.15673828125
train,5326,-3381.7958984375,-3362.24658203125
train,1904,-5769.619140625,-6087.2080078125
train,2190,-8023.5322265625,-7725.5302734375
train,4165,-710.173095703125,-926.736572265625
train,2179,-5572.462890625,-5704.330078125
train,1598,-4879.666015625,-4887.369140625
train,5717,-4008.554931640625,-4238.9306640625
train,2493,-3353.173095703125,-3560.788330078125
train,6427,-2602.1640625,-2753.7333984375
train,6199,-2150.633056640625,-2418.1396484375
train,1078,-3873.26904296875,-3966.491455078125
train,239,-3572.125,-3600.3447265625
train,4094,-3322.634033203125,-3306.07275390625
train,992,-7056.599609375,-6719.6689453125
train,1874,-4502.5859375,-4456.359375
train,1689,-6110.23291015625,-6239.9833984375
train,4882,-6743.5537109375,-6536.1982421875
train,6360,-7014.48095703125,-6844.74169921875
train,412,-431.5869140625,-337.576904296875
train,5269,-589.751953125,-694.36767578125
train,4123,-4993.60986328125,-5067.44140625
train,4203,-2700.10009765625,-2960.308349609375
train,4323,-1891.2269287109375,-1987.19775390625
train,5721,-4518.244140625,-4523.962890625
train,5508,-5151.77392578125,-5236.7451171875
train,1161,-2725.423095703125,-2770.782958984375
train,3271,-9828.810546875,-9732.78125
train,6357,-6271.89599609375,-6474.26708984375
train,4489,-2807.14404296875,-2400.09130859375
train,4065,-4562.05615234375,-4285.71630859375
train,472,-6259.6708984375,-6112.3251953125
train,3500,-2981.947998046875,-2939.379150390625
train,4439,1071.395751953125,901.035400390625
train,5322,-5911.4580078125,-5703.7138671875
train,6330,-669.583251953125,-960.949951171875
train,1293,-4969.990234375,-4874.603515625
train,5901,-7096.2080078125,-7266.0107421875
train,5053,186.884765625,117.212158203125
train,1691,-6017.8251953125,-5861.87548828125
train,5815,-1626.4129638671875,-1477.982666015625
train,5305,-6409.546875,-6493.76171875
train,2996,377.156005859375,569.364990234375
train,3105,-5326.51904296875,-5377.20556640625
train,2084,-3659.455078125,-3518.185791015625
train,1681,-6261.56982421875,-6157.6015625
train,1314,-944.89794921875,-1189.346923828125
train,5615,-6124.55810546875,-6103.94140625
train,5811,-4585.23095703125,-4507.50830078125
train,2995,-4869.73583984375,-4700.98095703125
train,3830,-1629.318115234375,-1742.4512939453125
train,1290,-5091.1630859375,-5270.7333984375
train,1075,-8135.4619140625,-8078.4228515625
train,4430,-3016.4189453125,-3250.845947265625
train,4306,-4544.26708984375,-4763.7490234375
train,5963,-5987.97216796875,-5864.1357421875
train,1761,-1828.137939453125,-1557.136962890625
train,1272,-412.167724609375,-463.83984375
train,837,-3671.952880859375,-3379.207763671875
train,6146,-1630.8709716796875,-1812.095458984375
train,4007,742.309814453125,770.286865234375
train,5247,-3072.56005859375,-3162.77880859375
train,263,-2151.5859375,-2084.40771484375
train,6270,-5899.63623046875,-6090.025390625
train,5258,-1880.9251708984375,-1829.6419677734375
train,2934,-3662.123046875,-3192.604248046875
train,1558,-7515.60595703125,-7663.9990234375
train,1529,-1421.214111328125,-1814.1968994140625
train,4508,-7356.72705078125,-7506.6279296875
train,5955,-6570.033203125,-6514.1015625
train,3348,-5286.990234375,-4860.06494140625
train,2893,-6133.02783203125,-6098.7314453125
train,304,-5858.2451171875,-5884.6474609375
train,5535,-2860.389892578125,-2663.236328125
train,4403,-5265.97705078125,-5748.73681640625
train,4283,-247.4619140625,-387.712158203125
train,4500,-7676.833984375,-7760.578125
train,513,-6057.47509765625,-5942.8818359375
train,4562,-6585.73388671875,-6485.2314453125
train,4805,-2414.8798828125,-2545.8173828125
train,1151,-9035.1435546875,-9025.9677734375
train,972,-5768.97314453125,-5739.6689453125
train,3138,-3723.625,-3689.253662109375
train,3469,-4199.5517578125,-4370.77490234375
train,5196,-2537.72900390625,-2532.44287109375
train,1342,-6464.3798828125,-6375.0234375
train,974,971.363037109375,795.595947265625
train,405,-2445.972900390625,-2014.93701171875
train,3370,-3676.284912109375,-3635.34326171875
train,2135,-4073.843994140625,-4481.07373046875
train,3508,-5000.0458984375,-4789.72802734375
train,5353,516.131103515625,223.10546875
train,3367,-9036.8271484375,-9101.93359375
train,4881,-6053.68798828125,-6256.1162109375
train,3878,-5170.35498046875,-4942.69677734375
train,5325,-5870.9599609375,-5952.99560546875
train,4890,-87.243896484375,-198.796630859375
train,1239,-3196.014892578125,-2992.5302734375
train,5826,-7242.98095703125,-7262.21875
train,1929,-4629.48388671875,-4732.912109375
train,552,-2322.011962890625,-2349.2275390625
train,6503,-2688.9208984375,-2653.818359375
train,5486,-7131.40234375,-7579.2607421875
train,2443,-2200.89111328125,-2077.2646484375
train,4541,-5284.69384765625,-5216.2646484375
train,3248,-2192.77880859375,-1856.607177734375
train,4015,-5795.18212890625,-5633.5576171875
train,4609,-2753.2470703125,-2574.74462890625
train,2342,-6386.39208984375,-6448.24609375
train,4927,-6481.005859375,-6218.2021484375
train,1994,-9490.8349609375,-9497.0263671875
train,2033,-3600.553955078125,-4121.08251953125
train,4710,-2535.712890625,-2314.017578125
train,1421,-747.802001953125,-708.406005859375
train,4889,-2908.863037109375,-2978.56640625
train,874,-2867.4990234375,-3103.14306640625
train,586,-3159.169921875,-3020.910888671875
train,2172,-1895.0670166015625,-2004.70166015625
train,5314,-2145.95703125,-2218.78125
train,776,-1687.7650146484375,-1785.2412109375
train,2811,-5205.5859375,-4831.1708984375
train,1922,-9169.208984375,-9039.7255859375
train,5167,-33.174072265625,-197.5224609375
train,5422,-3797.97412109375,-3143.442626953125
train,5951,-9664.1826171875,-9081.38671875
train,3439,-3366.47607421875,-3499.689208984375
train,5537,-1232.233154296875,-1003.365478515625
train,3591,-209.76123046875,-472.01416015625
train,893,-3902.68505859375,-3897.10009765625
train,4196,-4695.9072265625,-4466.12353515625
train,2057,-2353.98193359375,-2466.79150390625
train,3552,-3539.89697265625,-3547.415283203125
train,5182,-338.723876953125,-236.5498046875
train,2864,-6754.869140625,-6869.7001953125
train,4363,-1716.072021484375,-1617.7052001953125
train,2950,-7372.30908203125,-7259.8408203125
train,3408,-4239.63623046875,-4464.8837890625
train,6368,-2941.87890625,-2949.0224609375
train,5232,-845.360107421875,-598.146484375
train,1708,-3490.326904296875,-3726.993896484375
train,3385,-3833.326904296875,-3715.092529296875
train,6263,-4815.94287109375,-4766.16650390625
train,5208,-5904.162109375,-5972.2841796875
train,3715,-5557.1572265625,-5855.2041015625
train,1057,885.702880859375,595.991943359375
train,3668,-2554.64208984375,-2199.373046875
train,64,-5709.10888671875,-5452.81884765625
train,43,-1016.631103515625,-1264.623779296875
train,241,-6225.3779296875,-6422.0859375
train,1870,-3344.9951171875,-2905.408447265625
train,6195,-3365.139892578125,-3423.88330078125
train,3794,-4592.8427734375,-4582.376953125
train,1279,-4473.15576171875,-4520.45361328125
train,6346,315.14892578125,101.24365234375
train,6072,-4577.87109375,-4420.66748046875
train,1618,-4192.1279296875,-4608.05078125
train,2533,-5053.419921875,-5147.287109375
train,6508,-6741.59423828125,-6853.5556640625
train,4919,-3715.029052734375,-3655.70458984375
train,6174,-2183.0029296875,-1959.8431396484375
train,3722,-3009.364013671875,-3048.580810546875
train,3716,-4194.87109375,-4561.97412109375
train,5611,-1462.412841796875,-1622.103759765625
train,3461,-201.4970703125,-861.467041015625
train,3211,-8120.65625,-8142.080078125
train,2890,-4352.72802734375,-4172.7275390625
train,4723,-708.174072265625,-744.192626953125
train,5250,-1519.920166015625,-1807.7452392578125
train,4997,-4674.9970703125,-4906.341796875
train,6317,-5214.9501953125,-5245.1044921875
train,3081,-1134.671142578125,-1175.639892578125
train,2272,-2305.948974609375,-2415.12890625
train,2707,-2884.819091796875,-2984.704345703125
train,1511,-2862.3740234375,-3327.52001953125
train,1472,-6865.21484375,-6996.35546875
train,6237,-1908.8489990234375,-2106.99072265625
train,119,-3654.529052734375,-3697.917236328125
train,436,772.232177734375,680.281982421875
train,4478,-5905.57421875,-5444.33251953125
train,1706,-5755.14111328125,-5540.0029296875
train,6010,-153.209716796875,28.619140625
train,823,-3768.912109375,-3786.81396484375
train,5135,-7147.0859375,-7312.390625
train,4406,-2846.8740234375,-3073.99755859375
train,4095,-7357.7490234375,-7209.41796875
train,5344,-6093.46923828125,-6629.646484375
train,4356,-2703.112060546875,-2765.923828125
train,3706,-4418.39990234375,-4747.32763671875
train,3980,-8623.8662109375,-8926.8125
train,5809,257.7041015625,-76.886962890625
train,1289,-38.8720703125,-318.52783203125
train,1828,536.275146484375,362.51025390625
train,1520,-6787.828125,-6843.36572265625
train,87,-488.575927734375,-454.11328125
train,523,-4240.5361328125,-4188.6005859375
train,2292,-4365.47998046875,-4519.6787109375
train,3747,-1800.8919677734375,-2029.142333984375
train,5590,1452.303955078125,1246.554443359375
train,3874,-4969.5791015625,-4792.6015625
train,3329,-4258.27880859375,-4709.12548828125
train,4798,-1550.93603515625,-1736.42138671875
train,4964,-2698.216064453125,-2886.875244140625
train,1212,-2497.221923828125,-2504.48193359375
train,4544,-2711.0791015625,-2713.43701171875
train,798,-1992.553955078125,-1951.114990234375
train,3452,-6044.0341796875,-5934.3505859375
train,370,-1806.5069580078125,-1892.9385986328125
train,2619,-9211.1923828125,-9085.283203125
train,1690,-5563.19482421875,-5641.48681640625
train,2186,-1335.409912109375,-1338.829345703125
train,5895,-2336.14306640625,-2523.47705078125
train,5520,-6549.5341796875,-6598.484375
train,4864,-4329.27001953125,-4444.68310546875
train,1680,-3975.012939453125,-3866.55859375
train,3157,-3079.7060546875,-3128.34130859375
train,1027,-2035.0660400390625,-2078.83154296875
train,961,-1023.05908203125,-1149.299560546875
train,1771,-5699.85302734375,-5637.22216796875
train,4402,-2276.84716796875,-2206.6806640625
train,4793,-574.135986328125,-540.573974609375
train,4570,-6468.375,-6692.37109375
train,3919,-5422.89208984375,-5527.6826171875
train,6533,-2756.8720703125,-2963.848876953125
train,486,-4744.994140625,-4530.78076171875
train,2402,-4678.0869140625,-4608.06494140625
train,413,-4485.56689453125,-4589.4404296875
train,236,-2662.72900390625,-2189.69970703125
train,5090,-4329.208984375,-4399.2978515625
train,338,-1478.116943359375,-1309.819580078125
train,1350,-5391.01416015625,-5539.34814453125
train,3459,671.090087890625,457.981201171875
train,3624,-2668.06591796875,-2513.00341796875
train,53,-981.11474609375,-702.092529296875
train,1646,-5966.73388671875,-5929.17626953125
train,6271,-1966.9378662109375,-1434.694091796875
train,2280,-4820.27294921875,-4793.0927734375
train,5714,-1945.866943359375,-2327.94970703125
train,6456,-4602.03076171875,-4455.95361328125
train,1613,-5393.7177734375,-5201.20703125
train,2256,-3097.866943359375,-3363.644775390625
train,5321,-4498.94189453125,-4443.92529296875
train,1964,-4997.47705078125,-5003.7939453125
train,4176,-3549.659912109375,-3553.049072265625
train,3512,-4495.9921875,-4450.8642578125
train,5828,-1320.60498046875,-1405.86767578125
train,3928,4412.8349609375,4340.4091796875
train,5088,-6363.4228515625,-6346.4287109375
train,946,-2534.31591796875,-2765.73486328125
train,3535,-2127.152099609375,-2218.279052734375
train,3205,-209.535888671875,-103.9013671875
train,1333,-4330.2890625,-4398.810546875
train,2030,-5837.43212890625,-5859.0263671875
train,1167,-5264.94921875,-5344.49853515625
train,6165,-2349.64794921875,-2574.1962890625
train,843,-1418.989990234375,-1375.68896484375
train,826,-10818.037109375,-10766.8515625
train,3646,-2143.468017578125,-2306.250732421875
train,2360,-5509.48291015625,-4882.79296875
train,1989,-3022.781005859375,-2947.783935546875
train,103,-2311.81494140625,-2115.894775390625
train,6170,33.31396484375,-61.90966796875
train,841,598.229736328125,357.71044921875
train,5563,-7327.2451171875,-7501.962890625
train,67,-5657.53076171875,-5774.47265625
train,2317,-2405.176025390625,-2661.720947265625
train,1561,1757.404052734375,1404.084716796875
train,1594,2440.654052734375,2298.907958984375
train,1673,-3560.389892578125,-3683.4892578125
train,2474,-3587.779052734375,-3865.415771484375
train,6268,-2426.113037109375,-2757.03759765625
train,2365,-2677.4560546875,-2466.6533203125
train,1487,-5541.97900390625,-5561.8193359375
train,1014,777.079833984375,783.988525390625
train,3327,-2480.794921875,-2416.80859375
train,4083,-2392.239013671875,-2264.568115234375
train,6100,-1917.968994140625,-2124.66455078125
train,2154,-6663.6728515625,-6698.0029296875
train,3244,-1576.406982421875,-1365.06298828125
train,568,-2193.513916015625,-2514.46923828125
train,6437,-3924.64501953125,-3965.8427734375
train,6322,-837.201171875,-970.945068359375
train,6328,-4174.40478515625,-4287.08447265625
train,427,-1776.801025390625,-1558.5166015625
train,2404,-1045.719970703125,-1191.703125
train,4167,-1317.08203125,-1589.575927734375
train,232,-3746.740966796875,-3821.06787109375
train,847,-780.223876953125,-921.351806640625
train,2847,543.310791015625,483.280029296875
train,5435,-2816.12890625,-3028.779296875
train,3865,-5225.9970703125,-4999.4638671875
train,1407,-4890.07177734375,-4848.7216796875
train,543,-6117.55322265625,-6244.38671875
train,2759,282.810791015625,285.168212890625
train,2138,-5387.8427734375,-5471.912109375
train,2390,-4343.35986328125,-4396.80322265625
train,2422,-2297.48095703125,-2527.98046875
train,859,-4127.9150390625,-4622.6982421875
train,5782,-4488.244140625,-4129.0166015625
train,911,-7372.76513671875,-7534.1513671875
train,2497,-3676.947998046875,-3702.44091796875
train,3017,-1063.611083984375,-890.03955078125
train,2325,-9560.2734375,-9735.0322265625
train,4219,-1618.2359619140625,-1613.164794921875
train,3265,-3467.428955078125,-3482.39404296875
train,6493,-5803.828125,-5965.923828125
train,5402,-5447.67578125,-5413.1630859375
train,6119,-4213.7451171875,-4511.17431640625
train,4512,-6258.97607421875,-6532.27001953125
train,3616,-7734.11279296875,-7844.1875
train,949,-3461.0791015625,-3471.998779296875
train,1262,-6955.1201171875,-6766.60546875
train,6547,-10998.810546875,-11048.34765625
train,4816,-5042.47900390625,-5085.689453125
train,1385,754.057861328125,588.919677734375
train,3790,-1524.701904296875,-1172.590576171875
train,611,-4354.65576171875,-4202.28515625
train,5516,-5205.48388671875,-5030.474609375
train,3363,-5833.908203125,-5716.5400390625
train,469,-3228.470947265625,-3162.489013671875
train,1004,-723.443115234375,-576.518798828125
train,2073,-2542.9208984375,-2112.0205078125
train,6314,-6335.27734375,-5839.9833984375
train,3457,-4862.2958984375,-4825.80859375
train,3246,-926.728759765625,-1064.0732421875
train,4550,-3437.589111328125,-3662.634521484375
train,742,-3502.424072265625,-3838.42529296875
train,1020,-4415.65380859375,-4393.615234375
train,3967,-5973.47705078125,-6337.3037109375
train,4930,-2751.321044921875,-2601.9501953125
train,3416,-5605.7001953125,-6185.1640625
train,3678,-3194.743896484375,-3116.63818359375
train,947,80.333984375,389.24853515625
train,2131,-5889.1259765625,-6260.5537109375
train,2537,-74.251953125,-38.284423828125
train,4463,-3291.0830078125,-3218.132080078125
train,4012,-496.02099609375,-427.18115234375
train,4067,-4824.22900390625,-4801.6123046875
train,5972,-3748.8359375,-3915.320068359375
train,789,-6288.9248046875,-6168.923828125
train,3030,-3725.72900390625,-3425.935546875
train,1919,-2475.402099609375,-2730.52294921875
train,123,-8306.09375,-8417.37890625
train,1776,562.164794921875,380.48876953125
train,1018,-3205.8359375,-2911.40283203125
train,6172,-7562.0537109375,-7793.8916015625
train,1826,-513.505126953125,-920.994873046875
train,4142,-6310.2470703125,-6220.6748046875
train,6468,-3970.300048828125,-3808.364013671875
train,4226,-1558.017822265625,-1478.234619140625
train,4676,-2581.487060546875,-2732.273681640625
train,4519,-533.506103515625,-515.777587890625
train,5637,-2279.64990234375,-2056.345458984375
train,4058,-4228.8408203125,-4606.29248046875
train,5168,-3598.5419921875,-3913.3505859375
train,942,-2684.958984375,-3070.558837890625
train,4132,-2796.404052734375,-3012.928466796875
train,120,791.146728515625,415.1787109375
train,2469,-2462.925048828125,-2593.26318359375
train,2953,-6491.7255859375,-6821.04833984375
train,3174,-11438.7412109375,-11475.501953125
train,780,-3888.721923828125,-4160.8271484375
train,3647,-3707.886962890625,-4448.37451171875
train,5020,-7964.380859375,-7994.32421875
train,3398,-3605.31396484375,-3662.794189453125
train,6450,-5326.466796875,-5415.7421875
train,2217,-1597.5419921875,-1862.074951171875
train,41,-3480.01904296875,-3595.69189453125
train,2986,-2343.388916015625,-2559.1435546875
train,331,-2960.89111328125,-3169.526123046875
train,15,-3527.68310546875,-3913.544921875
train,283,-2788.51904296875,-2855.7607421875
train,1611,-4867.033203125,-5137.953125
train,1504,-1131.6259765625,-961.930419921875
train,3628,-2944.033935546875,-2644.275634765625
train,6530,-5585.0341796875,-5568.47021484375
train,5406,-2626.7958984375,-2930.955322265625
train,4231,-1109.672119140625,-1190.142822265625
train,1632,-1457.5,-1558.263671875
train,5426,-4996.31689453125,-4686.80126953125
train,2447,382.76806640625,-132.702880859375
train,5579,-5596.01220703125,-5584.685546875
train,5060,-3720.18701171875,-3878.512451171875
train,936,-4778.81884765625,-4555.84423828125
train,4300,-772.014892578125,-648.50927734375
train,5446,-2138.35791015625,-1980.97119140625
train,288,-4742.8798828125,-5217.34765625
train,3434,-5417.47509765625,-5302.75390625
train,3163,-7675.7421875,-7629.45361328125
train,163,-4267.73095703125,-3546.036376953125
train,496,-3556.364013671875,-3761.6396484375
train,2984,-3635.14892578125,-3803.183837890625
train,803,-3957.972900390625,-4301.947265625
train,4819,-9709.5302734375,-9443.03515625
train,94,-7537.5068359375,-7672.0400390625
train,2285,519.616943359375,464.104248046875
train,2559,-3623.236083984375,-3561.590087890625
train,2672,-1953.574951171875,-1981.523193359375
train,1062,-3413.455078125,-3307.92626953125
train,83,-5994.55322265625,-5840.12939453125
train,3672,-4201.15478515625,-4560.0244140625
train,1548,-4230.64013671875,-4145.705078125
train,6436,-677.535888671875,-788.370361328125
train,4163,-4123.9609375,-4240.02734375
train,1696,-1382.057861328125,-1571.109375
train,344,-3038.243896484375,-2920.630859375
train,271,-7712.57177734375,-7629.49609375
train,5231,-2271.3037109375,-2674.60791015625
train,1968,-4567.9541015625,-4142.23779296875
train,5193,-5658.44189453125,-6122.90234375
train,2347,-689.057861328125,-784.626708984375
train,4781,-8306.986328125,-8640.7197265625
train,5923,-3151.2060546875,-2648.357666015625
train,3376,-1946.9449462890625,-1954.26220703125
train,3431,-1965.884033203125,-1925.7740478515625
train,5175,35.681884765625,179.13525390625
train,3099,-4563.337890625,-4768.3076171875
train,4379,-1893.85302734375,-1636.5899658203125
train,3337,-2467.531005859375,-2298.425048828125
train,796,-6069.55908203125,-6025.59765625
train,2681,-2042.2220458984375,-1841.0108642578125
train,6412,-2738.304931640625,-2300.093505859375
train,5184,-6489.55810546875,-6775.63916015625
train,5150,-8050.2373046875,-7943.95703125
train,4708,-4551.2490234375,-4560.89892578125
train,199,-4500.93994140625,-4467.72900390625
train,5513,-224.860107421875,-488.5068359375
train,4975,-1561.9150390625,-1767.74609375
train,2205,888.934814453125,943.303955078125
train,1722,-2828.868896484375,-2794.40380859375
train,4034,-2710.0048828125,-2835.510498046875
train,2701,-2310.60400390625,-2125.820068359375
train,3996,-160.8291015625,-127.877197265625
train,4638,2306.093994140625,1887.746337890625
train,2111,1354.710205078125,1217.848388671875
train,5037,-4413.59423828125,-4323.7705078125
train,379,-6325.9140625,-6236.8525390625
train,2331,-5473.56201171875,-5477.76611328125
train,4030,-4852.4541015625,-5262.4296875
train,5357,-6374.10986328125,-6101.50634765625
train,977,-5699.9580078125,-5634.5263671875
train,213,-4477.10205078125,-4535.615234375
train,4739,-257.679931640625,-398.29736328125
train,1187,-2153.7060546875,-2308.41796875
train,702,-2526.114013671875,-2308.450927734375
train,3045,-1825.5970458984375,-1957.89892578125
train,5460,-3262.577880859375,-3314.68505859375
train,3692,-68.260986328125,-246.2392578125
train,2843,-2097.693115234375,-2297.833984375
train,1339,-3237.49609375,-3033.1875
train,1628,-1807.1689453125,-1662.7010498046875
train,6434,-817.922119140625,-1108.21484375
train,6019,-899.249267578125,-791.75341796875
train,2216,-6302.466796875,-6473.5517578125
train,556,-7552.341796875,-7096.10693359375
train,4505,-3019.491943359375,-3335.638427734375
train,1003,-1631.54296875,-1535.45068359375
train,3495,-831.624267578125,-954.20556640625
train,2054,-7109.9111328125,-7317.4580078125
train,2835,-5335.60400390625,-5120.87353515625
train,997,-6249.7421875,-6927.369140625
train,3888,-1615.2391357421875,-1582.8056640625
train,473,145.82421875,245.029052734375
train,369,2010.145263671875,1984.569091796875
train,6287,609.459228515625,469.784423828125
train,1833,-3241.5859375,-3160.415283203125
train,168,-1409.278076171875,-1184.902587890625
train,4178,-2982.85009765625,-3155.94091796875
train,701,-1862.2779541015625,-2105.721923828125
train,6519,-7493.2822265625,-7651.1650390625
train,2345,-6332.7900390625,-6223.3740234375
train,1331,-2982.011962890625,-3481.75341796875
train,2355,-5325.8779296875,-5200.9072265625
train,2589,-2531.3798828125,-2851.660888671875
train,2194,-327.562255859375,-236.27197265625
train,1723,-2933.547119140625,-3321.197509765625
train,4546,1078.814697265625,763.152587890625
train,6109,-7218.16796875,-7303.57666015625
train,5680,-5292.7421875,-5546.36669921875
train,3316,-719.39697265625,-575.47216796875
train,658,-5145.15087890625,-4922.77734375
train,1936,-2829.676025390625,-3050.68701171875
train,2441,-3220.0390625,-3357.21044921875
train,3547,-1702.9429931640625,-1892.9771728515625
train,4640,-1225.77099609375,-1119.21337890625
train,4926,-3226.032958984375,-3058.23828125
train,509,-3213.304931640625,-2964.4501953125
train,2045,-6421.68701171875,-6422.93359375
train,6021,-9876.865234375,-9834.2802734375
train,5056,-3975.001953125,-4279.99462890625
train,2806,-3138.958984375,-3199.02490234375
train,2127,-7296.44189453125,-7335.3642578125
train,5077,1506.928955078125,1734.144287109375
train,3031,-6536.625,-6442.36083984375
train,1925,-1029.266845703125,-1651.5771484375
train,3432,-2982.2890625,-3194.34130859375
train,985,-6682.81494140625,-6608.6650390625
train,3458,-2609.007080078125,-2545.02392578125
train,5996,-4536.01806640625,-4767.86669921875
train,26,-6284.06201171875,-6396.51953125
train,784,-6960.6162109375,-6755.67431640625
train,4899,-2666.677001953125,-2773.20556640625
train,269,-4876.27978515625,-5315.7685546875
train,3120,-345.674072265625,-517.949462890625
train,6464,-8672.189453125,-8460.2685546875
train,4024,-8544.501953125,-7933.2509765625
train,3485,-7439.93896484375,-7721.17431640625
train,2579,-5704.4912109375,-5680.900390625
train,1517,-3826.698974609375,-3994.288330078125
train,5979,-3113.197021484375,-3317.513671875
train,3088,-2675.35205078125,-2588.06884765625
train,4616,-6985.3720703125,-6879.859375
train,5451,-6432.25,-6331.3798828125
train,109,-4273.7880859375,-4232.4990234375
train,5900,-4949.0380859375,-4634.439453125
train,4385,-4661.90380859375,-4720.0546875
train,872,-4358.26806640625,-4264.400390625
train,3560,-746.905029296875,-844.64501953125
train,2581,-3561.1708984375,-3548.9384765625
train,3598,-6318.44287109375,-6682.95068359375
train,5639,-3549.375,-3303.99462890625
train,5506,-2966.301025390625,-3407.2099609375
train,4985,-2208.011962890625,-2523.649169921875
train,548,-1715.909912109375,-1180.547119140625
train,4885,-5800.97998046875,-5907.1748046875
train,5369,-5325.35986328125,-4914.91845703125
train,3410,-6681.0556640625,-6493.8095703125
train,1086,-2732.39208984375,-2598.780029296875
train,3999,-6675.69384765625,-6455.55712890625
train,1731,-6589.7470703125,-6429.9599609375
train,266,-7510.4541015625,-7250.439453125
train,5297,1283.875244140625,1088.346435546875
train,2473,-1152.23095703125,-1180.50732421875
train,4003,-2090.623046875,-2077.112548828125
train,5748,-3615.26904296875,-3706.094970703125
train,1337,-1609.7080078125,-1974.4346923828125
train,4564,-3649.032958984375,-3462.773681640625
train,6374,-4897.81396484375,-4655.5791015625
train,4915,-5508.81494140625,-5365.89990234375
train,5228,-3178.989990234375,-3680.36865234375
train,766,-2916.386962890625,-2901.883056640625
train,3383,-7462.8408203125,-7388.6982421875
train,253,-4112.60302734375,-4078.426513671875
train,4008,-4643.92919921875,-4760.7705078125
train,3700,-6873.9921875,-6592.14453125
train,4145,-626.013671875,-709.750244140625
train,2641,-8159.45703125,-7942.0419921875
train,5499,-4854.1650390625,-4581.28759765625
train,944,2259.913330078125,2115.026611328125
train,2395,968.971923828125,876.883544921875
train,4447,-4075.010009765625,-4074.078369140625
train,5519,-3458.93896484375,-3661.77001953125
train,532,-3226.423095703125,-2625.63720703125
train,5686,-4668.68115234375,-4377.38916015625
train,3025,-1852.010009765625,-1944.0516357421875
train,4518,-8292.6591796875,-8225.2294921875
train,897,-109.52099609375,-353.575927734375
train,2637,-2669.092041015625,-2683.28076171875
train,4346,-4333.1181640625,-4083.76904296875
train,5585,-1642.51904296875,-1611.0933837890625
train,848,-2697.719970703125,-2991.912353515625
train,3613,412.51904296875,169.48876953125
train,4328,-2528.76611328125,-2696.755615234375
train,2848,-5275.5498046875,-5324.7451171875
train,1823,-1656.8580322265625,-1709.2872314453125
train,2188,-3166.2060546875,-2943.105712890625
train,4650,-1868.0479736328125,-1850.2984619140625
train,4490,-6045.6748046875,-6082.43310546875
train,4932,-4987.80322265625,-4944.603515625
train,6467,-3603.10791015625,-3332.051025390625
train,1396,-779.275146484375,-823.664306640625
train,2436,-3292.81005859375,-3784.02099609375
train,818,-8146.826171875,-7973.05859375
train,2435,-1293.126953125,-1097.66162109375
train,5853,264.048095703125,-41.77978515625
train,6194,-3282.412109375,-2714.295654296875
train,6145,-7198.0634765625,-7247.072265625
train,55,-4721.125,-4566.3896484375
train,4907,-8471.828125,-8456.9306640625
train,222,652.122802734375,551.801025390625
train,4236,-2612.385009765625,-2381.91455078125
train,6058,-3202.385009765625,-2866.6552734375
train,4466,-2723.466064453125,-2673.6259765625
train,4244,-4037.23193359375,-3846.005615234375
train,2946,-1844.3699951171875,-1864.7642822265625
train,3866,-6069.82080078125,-6001.93798828125
train,6500,-1986.1009521484375,-1809.80517578125
train,2781,-4747.22900390625,-4742.47265625
train,2243,-4715.375,-5077.7255859375
train,5278,-2872.958984375,-2829.46826171875
train,6489,-6349.89501953125,-6203.88671875
train,3555,-4836.080078125,-4919.06591796875
train,2703,-351.984375,-395.968994140625
train,1303,-2577.458984375,-2624.2978515625
train,544,-1262.158935546875,-970.44189453125
train,3990,-3637.297119140625,-3733.7900390625
train,2182,-5801.06591796875,-5694.77685546875
train,4140,-1296.590087890625,-1246.7607421875
train,4250,-1754.4439697265625,-2125.748046875
train,4540,-5574.9111328125,-5467.2275390625
train,1980,-2463.341064453125,-2561.609619140625
train,5788,-5406.51708984375,-5400.26171875
train,1434,-3235.614990234375,-3176.05126953125
train,2758,438.52001953125,458.687255859375
train,4002,-4765.9677734375,-4869.7216796875
train,376,-4744.376953125,-4735.06982421875
train,1665,-6274.212890625,-5927.4892578125
train,6404,-6772.98388671875,-6781.3212890625
train,390,-6611.8271484375,-6754.9130859375
train,5834,-3369.720947265625,-3562.656982421875
train,1667,-3368.9130859375,-2802.49658203125
train,5336,-5719.041015625,-5567.95068359375
train,564,-3261.722900390625,-3536.27099609375
train,5061,-6028.3359375,-5857.5849609375
train,1395,-8346.7744140625,-8396.0634765625
train,3857,-3886.885009765625,-4032.0322265625
train,315,-3339.580078125,-3471.72412109375
train,6448,-1732.1409912109375,-1970.5089111328125
train,4651,-3862.44189453125,-4135.71240234375
train,5391,-2284.6767578125,-2622.5224609375
train,6185,-4037.85009765625,-3958.747802734375
train,6076,-5314.6728515625,-5691.21142578125
train,4902,-6074.3779296875,-6232.8134765625
train,744,-4548.15185546875,-4882.953125
train,2747,-4689.4619140625,-4707.9912109375
train,6074,-7589.076171875,-7376.181640625
train,5425,1613.624755859375,1529.905517578125
train,5285,-2320.68603515625,-2414.0263671875
train,5105,-3253.077880859375,-3589.185546875
train,1794,-5424.09716796875,-5267.666015625
train,4121,-4276.81591796875,-3892.738037109375
train,2592,-6206.91796875,-5885.6533203125
train,3682,1198.210205078125,1092.780517578125
train,5761,-2421.618896484375,-2342.411376953125
train,4294,-2911.1298828125,-2542.881591796875
train,3313,-3080.10400390625,-3266.1162109375
train,5777,140.1611328125,-87.32373046875
train,1040,-3622.550048828125,-3429.594970703125
train,5263,-7174.701171875,-7126.369140625
train,2621,-6093.783203125,-6076.3603515625
train,1140,-3193.132080078125,-3040.55224609375
train,2554,910.386962890625,996.978271484375
train,587,-3045.784912109375,-2811.4189453125
train,6144,1275.193115234375,768.005126953125
train,1321,-4353.64990234375,-4371.97998046875
train,2332,-4129.6640625,-4110.3232421875
train,5541,-6074.91015625,-6085.09375
train,4542,-6225.97998046875,-6507.45361328125
train,1246,-6437.365234375,-6509.171875
train,5400,-3634.22509765625,-3353.25439453125
train,3233,-3435.985107421875,-3800.010009765625
train,5177,289.847900390625,190.284912109375
train,2779,-3991.676025390625,-4499.875
train,252,-2616.876953125,-2526.640380859375
train,912,-2000.678955078125,-2029.900634765625
train,1172,-2486.23095703125,-2620.370849609375
train,2580,-300.923095703125,-565.748046875
train,5775,368.674072265625,115.300537109375
train,5485,-9053.552734375,-9337.68359375
train,5063,2469.700439453125,1653.841552734375
train,2087,-7119.9111328125,-6813.4248046875
train,3769,-2934.123046875,-3213.02685546875
train,5102,-4487.2001953125,-4683.689453125
train,2081,-3755.43994140625,-4171.67578125
train,5212,-727.411865234375,-628.5498046875
train,2763,-814.90380859375,-421.9794921875
train,1468,-6521.3388671875,-6569.7099609375
train,4239,-5759.77783203125,-5758.87353515625
train,3536,-5901.7978515625,-5787.61767578125
train,3197,-2521.014892578125,-2425.818603515625
train,4081,-5675.34619140625,-5772.89453125
train,3655,2168.420654296875,2058.626220703125
train,4867,-4693.47900390625,-5082.8671875
train,60,-4293.82177734375,-4323.34912109375
train,2230,-4860.68701171875,-4862.9814453125
train,5089,-4594.22802734375,-4624.25732421875
train,4085,-1104.197998046875,-978.589111328125
train,2060,-612.39794921875,-1069.692626953125
train,3020,-7412.01220703125,-7474.29052734375
train,246,-6368.2548828125,-6019.1513671875
train,5365,-3297.31591796875,-3549.670654296875
train,1029,-8419.6728515625,-8796.89453125
train,180,-2924.259033203125,-3101.11376953125
train,184,-3261.068115234375,-3247.839599609375
train,2643,-3657.4169921875,-3794.815185546875
train,3568,-4025.47509765625,-3815.582763671875
train,6168,-2451.4208984375,-2363.11474609375
train,3864,-4483.0087890625,-4364.32421875
train,2009,-2771.277099609375,-2827.50439453125
train,228,-6427.25390625,-6394.0908203125
train,4879,-4556.1171875,-4618.36962890625
train,851,-2388.02294921875,-2709.259765625
train,6475,3448.633056640625,3292.627197265625
train,141,-2567.094970703125,-2612.386962890625
train,3055,-2968.623046875,-2885.6796875
train,3881,257.5302734375,445.2685546875
train,6327,-3124.14501953125,-3240.56787109375
train,1313,-1700.6629638671875,-1561.438720703125
train,3594,-4716.94677734375,-5033.673828125
train,4280,-1920.0009765625,-1651.526611328125
train,5543,-3796.97412109375,-3555.0322265625
train,4197,-616.4267578125,-623.657958984375
train,2739,-3448.160888671875,-3508.982666015625
train,254,-5057.2451171875,-5180.841796875
train,4606,-240.63720703125,-287.939453125
train,4071,-2820.77392578125,-2754.017578125
train,5130,-6010.09716796875,-6216.2880859375
train,878,-3237.10791015625,-3179.26416015625
train,5114,1175.186767578125,955.741455078125
train,602,-2900.9580078125,-3254.938720703125
train,5380,-2861.39111328125,-2549.25048828125
train,6443,-1652.7149658203125,-1623.4678955078125
train,1678,-1983.6600341796875,-1872.176513671875
train,2688,1448.262939453125,1040.052978515625
train,3098,-8606.4736328125,-8807.2958984375
train,3078,-4615.73779296875,-4823.5810546875
train,3767,-5766.375,-5870.7421875
train,5410,-4212.716796875,-4216.5458984375
train,1933,-4134.17919921875,-3949.94091796875
train,4529,-4244.43896484375,-4279.8212890625
train,909,-2881.802978515625,-3191.527587890625
train,953,-856.893798828125,-877.4560546875
train,4807,-1959.8740234375,-1685.8250732421875
train,3553,-3399.9560546875,-3543.424560546875
train,4792,-2843.403076171875,-2703.30712890625
train,5019,-2554.819091796875,-2801.37158203125
train,5027,-3952.033935546875,-3872.3759765625
train,164,-2337.988037109375,-2553.5908203125
train,5898,-2601.034912109375,-2583.92041015625
train,2523,-1757.8929443359375,-2121.49560546875
train,1588,-6358.68896484375,-6225.1904296875
train,6081,-2763.291015625,-2715.52392578125
train,3821,1302.239990234375,1109.665283203125
train,3107,876.366943359375,658.867919921875
train,932,2761.947509765625,2524.365966796875
train,5851,-2784.22802734375,-3196.135986328125
train,2854,-1049.089111328125,-973.686279296875
train,4412,-4217.2822265625,-4074.044189453125
train,679,-6844.6220703125,-6811.4375
train,2636,-1269.505126953125,-1387.3134765625
train,2861,-41.10888671875,-43.418212890625
train,4830,1323.910888671875,1193.142333984375
train,5031,-2784.611083984375,-3040.11083984375
train,1688,-2675.9599609375,-3025.64990234375
train,505,487.743896484375,233.399658203125
train,6247,-2997.22607421875,-3129.36962890625
train,4047,-5346.91796875,-5399.3310546875
train,1462,-4712.7138671875,-4529.38427734375
train,3014,-9032.9970703125,-8904.712890625
train,1609,-2958.633056640625,-2890.08251953125
train,3787,-1156.401123046875,-1053.240234375
train,4442,-2347.791015625,-2024.281982421875
train,1419,-1050.98974609375,-1281.438720703125
train,4238,-101.9619140625,-243.727783203125
train,1203,-2827.81494140625,-2661.94140625
train,4704,-1744.22900390625,-1977.8433837890625
train,4450,-365.68603515625,-252.588134765625
train,1659,-3059.123046875,-2997.4794921875
train,5999,-5406.01904296875,-5664.845703125
train,3531,-2693.0439453125,-2747.09228515625
train,2547,-2311.998046875,-2294.25634765625
train,726,-2997.761962890625,-2965.256103515625
train,2790,-3695.14990234375,-3864.69775390625
train,4217,-2522.708984375,-2602.3779296875
train,5778,-2397.657958984375,-2501.10302734375
train,4851,-3030.8359375,-3013.044921875
train,3125,-4186.916015625,-4616.33984375
train,3335,-9043.8466796875,-9056.2080078125
train,4733,-6975.37109375,-6998.4296875
train,5145,-3515.5830078125,-3609.88525390625
train,791,-2827.2119140625,-2678.336669921875
train,5199,-6171.07080078125,-6279.505859375
train,6371,996.181884765625,879.140869140625
train,5800,1211.007080078125,1250.578857421875
train,3024,-5104.666015625,-4869.8515625
train,2418,466.388916015625,247.74267578125
train,6130,-2389.580078125,-2402.21142578125
train,4815,-4309.3740234375,-4428.46728515625
train,4865,-5337.33984375,-5102.451171875
train,5069,-3609.15087890625,-3851.069091796875
train,1458,-4176.7470703125,-4053.3115234375
train,2288,-1594.862060546875,-1728.3524169921875
train,2656,-4097.9541015625,-4493.6298828125
train,1733,-4422.3017578125,-4320.02734375
train,1459,-7647.89794921875,-7428.6572265625
train,2028,-2695.340087890625,-2896.463623046875
train,3428,-5062.0,-4850.716796875
train,5113,-1787.6051025390625,-2151.5126953125
train,1195,-7499.28515625,-7132.3056640625
train,4240,-786.94482421875,-979.38134765625
train,5143,-1381.163818359375,-1217.46484375
train,5296,-10320.43359375,-10199.4443359375
train,2709,-5816.60888671875,-5950.421875
train,4089,-2390.577880859375,-2657.951416015625
train,3218,910.885009765625,1369.745849609375
train,2906,-4503.875,-4338.5576171875
train,152,1409.354736328125,1263.781494140625
train,964,-2897.10205078125,-3064.0498046875
train,2927,-2397.157958984375,-2185.831298828125
train,464,564.663818359375,210.912353515625
train,2174,-288.570068359375,-323.681396484375
train,1213,-5488.80810546875,-5622.638671875
train,4364,-3127.14306640625,-3015.5859375
train,945,-6821.4140625,-6994.06982421875
train,6218,-3814.583984375,-3945.85595703125
train,2503,-3764.757080078125,-3565.349853515625
train,6276,-3705.030029296875,-3931.455078125
train,4746,-4783.22314453125,-4605.23681640625
train,6449,-263.033935546875,-528.825927734375
train,300,-3935.447021484375,-3924.502197265625
train,5673,-8321.2412109375,-8223.0732421875
train,5790,-8040.2216796875,-8186.6005859375
train,1605,1811.965087890625,1715.628173828125
train,3543,-4275.7578125,-4406.65087890625
train,2990,-3820.055908203125,-4228.4140625
train,4775,-2919.656982421875,-3018.068603515625
train,4536,-7271.8818359375,-7400.9091796875
train,258,-3873.51708984375,-3831.42822265625
train,4559,-3213.7099609375,-3242.04052734375
train,3347,-2110.79296875,-2528.4755859375
train,1898,-2695.39599609375,-2453.62255859375
train,1844,-2007.0469970703125,-1577.054931640625
train,6075,-6587.1103515625,-6476.07861328125
train,356,-5452.5498046875,-5619.83984375
train,2037,-2303.387939453125,-2046.6451416015625
train,598,-6480.77783203125,-6413.75
train,563,-2682.035888671875,-2536.037353515625
train,3933,-6182.0517578125,-6433.57373046875
train,2582,-2152.12109375,-2173.88134765625
train,916,-6193.580078125,-5970.234375
train,553,-2686.318115234375,-2502.09521484375
train,4820,-3312.25390625,-3405.40185546875
train,3413,-5208.68115234375,-4935.00732421875
train,3267,-1674.4019775390625,-2013.6744384765625
train,4954,-3388.639892578125,-3299.20654296875
train,5568,-3346.554931640625,-3466.78857421875
train,3241,-8498.607421875,-8339.9013671875
train,2962,-5677.89794921875,-5395.83642578125
train,5049,-950.583984375,-896.720458984375
train,569,-2911.85205078125,-2624.91796875
train,1471,-7651.6689453125,-7867.1845703125
train,4158,-649.076904296875,-662.3876953125
train,1254,-4775.4658203125,-4915.29931640625
train,4265,-1862.2459716796875,-2082.388671875
train,4376,-2866.43798828125,-3122.10205078125
train,2784,-2193.8330078125,-2297.9873046875
train,4395,189.073974609375,93.81640625
train,2150,-4612.73095703125,-4533.3486328125
train,5298,-2681.18310546875,-2024.18603515625
train,6385,-5747.97607421875,-5858.2451171875
train,914,-5851.18017578125,-6125.9541015625
train,4689,-5742.7822265625,-6075.36083984375
train,3277,-679.806884765625,-624.46875
train,5994,-5779.44287109375,-5936.5
train,3880,-5552.22119140625,-5819.40478515625
train,4948,-2296.8330078125,-2138.47509765625
train,1872,-6800.05908203125,-6825.375
train,3546,-3457.8740234375,-3434.11962890625
train,260,-4924.9189453125,-4625.1513671875
train,666,-4211.93994140625,-4316.556640625
train,211,288.478759765625,311.490966796875
train,3541,-6736.2978515625,-6470.7666015625
train,1450,-2728.658935546875,-2743.26806640625
train,5038,-6332.44580078125,-6448.3916015625
train,6440,-7539.0849609375,-7359.95947265625
train,6128,-3880.3310546875,-3339.768798828125
train,3554,-772.130126953125,-927.635498046875
train,921,-3173.632080078125,-3343.94482421875
train,2646,-4491.35986328125,-4696.2607421875
train,2209,-1389.700927734375,-1426.224853515625
train,1780,-5419.828125,-5692.77587890625
train,5647,-1391.171142578125,-1662.2105712890625
train,2794,-4105.76806640625,-4013.671875
train,6036,-4514.8232421875,-4688.48583984375
train,939,-6305.35302734375,-6115.8017578125
train,1752,-3934.89697265625,-3611.909912109375
train,318,-6643.57177734375,-6796.69921875
train,3312,-8955.275390625,-8909.3154296875
train,6054,-6943.005859375,-6936.4521484375
train,1278,-2044.9678955078125,-1869.1480712890625
train,3971,-122.22998046875,294.021728515625
train,2316,-5607.48193359375,-6054.322265625
train,4134,-9153.611328125,-8741.51171875
train,1299,-2185.84619140625,-2176.61181640625
train,134,-3256.612060546875,-3117.8935546875
train,657,-4281.009765625,-4070.08837890625
train,6032,-7410.84521484375,-7952.955078125
train,2751,-5511.10791015625,-5267.724609375
train,4868,-3542.591064453125,-3536.2666015625
train,3064,-2133.281005859375,-2367.291015625
train,4717,-5004.58984375,-5063.955078125
train,2718,-3822.156982421875,-3597.218994140625
train,4658,43.950927734375,341.5
train,3091,-4635.1650390625,-4434.0576171875
train,4923,-4566.18017578125,-4704.74267578125
train,5122,-880.79833984375,-1179.17236328125
train,4182,-3102.64990234375,-3402.614013671875
train,5085,-2620.14697265625,-2656.15283203125
train,4297,1048.360107421875,1115.070556640625
train,3661,-2480.06396484375,-2091.020263671875
train,2357,-7864.8701171875,-8026.0361328125
train,4523,-6796.26806640625,-6724.767578125
train,894,652.151123046875,574.885498046875
train,4647,-6133.328125,-6219.73046875
train,504,-4788.10986328125,-4551.560546875
train,546,-7950.1796875,-7852.4541015625
train,5799,-3505.85302734375,-3664.423095703125
train,66,-3492.180908203125,-3608.08203125
train,2606,-4161.05712890625,-4061.634765625
train,1566,-6390.84716796875,-6151.46044921875
train,407,-3740.222900390625,-3686.07470703125
train,3642,-4889.73388671875,-4579.33935546875
train,3618,263.822998046875,124.192138671875
train,3637,728.645751953125,713.222900390625
train,5588,-5226.84814453125,-4917.6435546875
train,4681,-1344.041015625,-1341.295166015625
train,6538,-3338.80908203125,-2813.0029296875
train,2458,-3410.279052734375,-3527.726318359375
train,5886,-5775.98095703125,-6094.41748046875
train,754,-5872.51123046875,-5980.43359375
train,4206,-5231.51123046875,-4995.943359375
train,1654,-8402.6787109375,-8532.6318359375
train,449,-10494.892578125,-10216.373046875
train,4299,-1290.015869140625,-1454.46875
train,5566,851.661865234375,589.563720703125
train,734,-8306.2724609375,-8105.765625
train,3156,-2960.430908203125,-3253.34912109375
train,5299,-4977.67822265625,-4865.1728515625
train,834,-7961.2041015625,-7958.05859375
train,3392,1324.941162109375,1386.724365234375
train,547,-3563.493896484375,-3401.26611328125
train,2282,-2806.547119140625,-2944.5078125
train,600,-2695.34912109375,-2836.27294921875
train,2442,-3444.44189453125,-3694.849365234375
train,5355,-1396.531982421875,-1376.115966796875
train,2343,-4139.02490234375,-3907.64453125
train,3456,-627.030029296875,-885.35595703125
train,2712,-7387.47021484375,-7500.7578125
train,4194,-2519.77490234375,-2840.82177734375
train,371,-1932.9920654296875,-2114.970458984375
train,10,-4827.2001953125,-4652.78173828125
train,3802,-3737.85302734375,-4145.28662109375
train,674,-1199.97900390625,-985.742919921875
train,2829,-1649.2469482421875,-1531.1787109375
train,4855,2526.853759765625,2351.521728515625
train,1049,-2719.593994140625,-2494.9267578125
train,6262,-3016.006103515625,-2864.672119140625
train,1133,-2100.802001953125,-1912.9259033203125
train,4458,1598.591064453125,1556.919189453125
train,2777,-5141.2001953125,-4989.8916015625
train,5751,-2290.40087890625,-2139.92626953125
train,5671,-4727.86181640625,-4394.71728515625
train,5385,-2531.346923828125,-2422.6123046875
train,1959,-4700.68798828125,-4764.103515625
train,539,733.046142578125,664.677490234375
train,5669,216.656982421875,138.08154296875
train,4276,-3042.8310546875,-2954.45947265625
train,659,-4910.205078125,-5015.68994140625
train,6269,-5682.0791015625,-4808.5400390625
train,1150,-4628.59814453125,-5035.9013671875
train,4969,2582.877197265625,2417.159423828125
train,2569,-4960.82177734375,-5100.9521484375
train,1788,-353.579345703125,-446.509765625
train,3237,11.000732421875,10.392333984375
train,1587,-2503.587890625,-2619.744140625
train,3973,-1252.56103515625,-1450.316650390625
train,378,-1733.8360595703125,-2157.81982421875
train,3575,-5928.80419921875,-5863.16455078125
train,2571,-204.3349609375,-663.962158203125
train,5533,-2804.59912109375,-3002.79150390625
train,6000,-4155.36376953125,-4646.20068359375
train,1502,-3148.493896484375,-3279.082763671875
train,4943,-2557.047119140625,-2583.5791015625
train,4211,-5147.52685546875,-5449.7861328125
train,4971,-5624.19189453125,-5443.55810546875
train,5126,-6590.326171875,-6443.3212890625
train,2405,-3902.14697265625,-3613.459228515625
train,4486,-1104.651123046875,-1240.4345703125
train,1374,-912.5,-695.52880859375
train,5179,-2577.802001953125,-2632.137451171875
train,51,-9680.958984375,-9584.84375
train,2328,-5245.43115234375,-5367.2041015625
train,5771,-1803.274169921875,-1730.9476318359375
train,1778,-3808.22607421875,-3843.846923828125
train,3440,-2756.14794921875,-2538.38720703125
train,5681,-1923.6590576171875,-1831.8563232421875
train,5619,-2903.93408203125,-3151.06396484375
train,5463,-3165.216064453125,-2770.86083984375
train,4452,-7188.6572265625,-7300.8427734375
train,1201,-4318.9619140625,-4370.1591796875
train,1736,351.64990234375,404.14599609375
train,1492,-2274.6630859375,-2236.9765625
train,1126,-2526.761962890625,-2498.187744140625
train,6197,-449.384033203125,-588.437255859375
train,6131,-1646.7430419921875,-1807.888427734375
train,4597,-2550.81103515625,-2599.962646484375
train,1608,-1119.675048828125,-733.0576171875
train,981,271.74169921875,232.133544921875
train,5399,-2933.8291015625,-3053.480712890625
train,2814,-2751.366943359375,-2620.087890625
train,831,-1049.911865234375,-1142.129638671875
train,2909,-1114.427978515625,-930.947021484375
train,1322,-4738.1318359375,-4792.31201171875
train,2024,1003.682861328125,1187.530029296875
train,4119,-4640.958984375,-4526.14599609375
train,2680,-5733.88623046875,-6232.58154296875
train,6274,-2896.0390625,-2794.37109375
train,4734,-4055.18798828125,-4006.74365234375
train,4411,-4768.3369140625,-4473.22216796875
train,4942,-4640.03076171875,-4692.7958984375
train,1676,795.049072265625,585.334716796875
train,3292,-2431.327880859375,-2832.5009765625
train,6408,-9267.2158203125,-9139.708984375
train,4645,-5746.2861328125,-5895.0068359375
train,4313,-2325.675048828125,-2509.83935546875
train,2628,-4673.1318359375,-4538.98779296875
train,3285,298.9541015625,200.044677734375
train,5789,-1574.297119140625,-1519.124755859375
train,307,-2987.385986328125,-3030.855712890625
train,3701,-3460.655029296875,-2886.83935546875
train,5819,599.111083984375,52.94580078125
train,6506,-5452.77099609375,-5304.51904296875
train,235,-941.02392578125,-1312.826416015625
train,107,-8034.091796875,-7814.8583984375
train,2724,-1743.907958984375,-1739.44873046875
train,534,-4141.31005859375,-4232.46630859375
train,979,-7156.984375,-7194.599609375
train,908,-4847.69287109375,-4608.05859375
train,2520,-2332.819091796875,-2233.44873046875
train,1505,-2479.8779296875,-3009.473388671875
train,6098,-5516.86376953125,-5799.21337890625
train,3029,-7660.0341796875,-7909.9443359375
train,2875,-2537.37890625,-3193.724365234375
train,2219,510.982177734375,301.393798828125
train,40,-1201.337158203125,-1942.135986328125
train,5070,-8924.529296875,-8701.78515625
train,1480,-9079.8642578125,-8878.2626953125
train,725,-5492.6220703125,-5754.71484375
train,1790,-2539.48193359375,-2495.01953125
train,6238,-8880.837890625,-8943.369140625
train,2983,-8905.701171875,-8954.826171875
train,4086,-10192.5498046875,-10022.7802734375
train,5528,-4073.27001953125,-3924.358154296875
train,4425,-75.907958984375,31.337158203125
train,3840,-2981.571044921875,-2800.267578125
train,6376,-3307.39697265625,-3255.294677734375
train,2536,1160.843017578125,984.269287109375
train,1288,-4787.4619140625,-4564.08837890625
train,967,-3967.48291015625,-4176.6748046875
train,599,1842.195068359375,1716.033935546875
train,2043,-4268.19482421875,-3826.553466796875
train,1285,-4902.3232421875,-4771.033203125
train,4298,-1024.7353515625,-1048.80126953125
train,346,1927.966064453125,2163.498291015625
train,1882,-9290.216796875,-9213.9580078125
train,2464,-1702.6070556640625,-1887.7451171875
train,4380,-2232.090087890625,-1862.285400390625
train,3154,-9744.5595703125,-9731.748046875
train,5740,-2153.458984375,-2237.71533203125
train,1098,-3220.7470703125,-3250.994873046875
train,6313,-128.19091796875,-282.532958984375
train,3514,-6483.10009765625,-6277.9111328125
train,976,-4349.673828125,-4416.1171875
train,4302,-823.4130859375,-1038.68994140625
train,3969,440.137939453125,450.841064453125
train,4649,-5081.787109375,-5370.875
train,1671,-3701.7890625,-3978.852783203125
train,1550,-1912.9100341796875,-2237.805419921875
train,1729,-1304.430908203125,-1152.017333984375
train,1807,-6464.82177734375,-6603.044921875
train,3810,-2857.55810546875,-3007.5791015625
train,6522,-2564.860107421875,-2336.5380859375
train,36,-9493.3974609375,-9189.484375
train,3975,-3502.4150390625,-3405.642822265625
train,3689,-1324.431884765625,-1024.97265625
train,302,398.802001953125,177.891845703125
train,2501,-1104.8740234375,-974.454345703125
train,4706,-6985.06298828125,-6973.896484375
train,3566,-4522.490234375,-4571.6376953125
train,1115,-4978.046875,-4740.68603515625
train,1111,-4607.4599609375,-4458.29541015625
train,717,-2574.33203125,-2897.327880859375
train,3397,-4231.85791015625,-4526.6396484375
train,2303,-1326.489013671875,-1368.37548828125
train,882,-6750.30419921875,-6900.74609375
train,5797,-2660.3720703125,-2850.822265625
train,6230,-2813.075927734375,-2544.991455078125
train,2866,-5174.173828125,-5288.6328125
train,5342,-3699.470947265625,-4079.226318359375
train,297,-3759.81591796875,-4016.0361328125
train,5663,3491.350341796875,3609.017822265625
train,1886,-8745.833984375,-8588.09375
train,5272,-4845.0498046875,-4630.83203125
train,111,-6887.15283203125,-6473.6572265625
train,358,-3623.342041015625,-3788.35107421875
train,3731,328.923095703125,106.874267578125
train,2585,-2967.825927734375,-2636.30859375
train,1347,-3231.31689453125,-3344.3330078125
train,3217,-5680.88818359375,-5679.0654296875
train,1831,-2360.384033203125,-2394.9599609375
train,1710,-8102.8916015625,-7903.8115234375
train,1090,915.065185546875,784.649658203125
train,4644,-3594.02490234375,-3593.590576171875
train,5511,-6638.1328125,-6886.009765625
train,4199,-2107.033203125,-1976.4056396484375
train,5823,242.779052734375,92.33251953125
train,5718,-2528.501953125,-2808.704345703125
train,3987,-4031.958984375,-3933.08349609375
train,6458,-1901.35498046875,-2049.53125
train,5194,-11676.5849609375,-11737.62109375
train,833,-7372.3662109375,-7506.7451171875
train,2803,-715.745849609375,-818.140625
train,2191,-6492.77197265625,-6610.685546875
train,2919,-815.76904296875,-291.988037109375
train,5716,1922.885498046875,1635.164794921875
train,4480,-3563.8291015625,-3478.970458984375
train,1320,1058.409912109375,-95.384765625
train,579,-4157.47705078125,-4324.33935546875
train,4246,-3431.333984375,-3587.022216796875
train,1928,-4564.6728515625,-4697.7099609375
train,218,-5089.6181640625,-4903.1943359375
train,5701,-1883.3270263671875,-2024.640869140625
train,2490,-2526.68798828125,-2466.5263671875
train,5896,-1548.970947265625,-1678.8167724609375
train,2117,-1740.94091796875,-1744.2315673828125
train,1829,339.589111328125,487.347900390625
train,4200,-9110.8056640625,-8740.6826171875
train,2364,-1720.501953125,-2002.9219970703125
train,3141,-5940.9658203125,-5651.33349609375
train,2792,-4732.14892578125,-4482.44580078125
train,1076,-6453.876953125,-6548.56201171875
train,3662,-707.68896484375,-496.383544921875
train,6087,-3334.611083984375,-3489.8671875
train,5043,-4135.39794921875,-4040.281005859375
train,1741,-4037.830078125,-4556.9794921875
train,1016,-7565.73876953125,-7419.6640625
train,6297,-4704.0,-4703.13916015625
train,334,-5814.615234375,-5580.5419921875
train,1130,-2360.14306640625,-2139.322265625
train,2038,-4512.708984375,-4914.125
train,4695,-5639.72119140625,-5836.318359375
train,2279,1621.318115234375,1770.278564453125
train,3113,-6400.662109375,-6190.40380859375
train,3696,-4575.30322265625,-4595.1005859375
train,5165,-4368.85205078125,-4535.765625
train,6001,-4005.77197265625,-3749.696533203125
train,1619,-3331.635009765625,-3570.56591796875
train,3322,-6818.64404296875,-6635.220703125
train,5110,-2633.06005859375,-2513.052734375
train,2025,-4761.376953125,-4916.44482421875
train,2078,-3496.419921875,-3219.017578125
train,1814,-4593.68798828125,-4501.97607421875
train,3770,-8344.892578125,-8266.984375
train,4128,-1294.025146484375,-1226.5673828125
train,6442,-4782.8232421875,-4535.67822265625
train,4434,-6101.9990234375,-5970.140625
train,3549,-9570.6064453125,-9682.4619140625
train,2192,-8062.916015625,-8408.31640625
train,5218,-2274.37109375,-2126.54931640625
train,664,-7662.31494140625,-7730.005859375
train,394,-1476.948974609375,-1608.869873046875
train,1845,1688.614013671875,1372.178466796875
train,4605,-1543.657958984375,-1797.807373046875
train,6548,-2939.702880859375,-2851.986328125
train,2958,-2157.74365234375,-2812.470703125
train,2839,-2127.988037109375,-2055.94482421875
train,3997,-3449.510009765625,-3655.506103515625
train,5943,-2565.44091796875,-2507.297607421875
train,5612,-4311.25390625,-4213.9482421875
train,1846,2007.328857421875,1691.884033203125
train,3688,-569.86279296875,-612.9892578125
train,6279,-3560.219970703125,-3665.821533203125
train,3351,-7124.5458984375,-7003.125
train,3918,-4243.7939453125,-4095.0693359375
train,3846,140.783935546875,411.82861328125
train,3378,-4424.7080078125,-4507.7431640625
train,3936,-3572.577880859375,-3605.94091796875
train,1610,-6287.9853515625,-6559.1201171875
train,5367,-6244.34716796875,-5877.01416015625
train,1369,-4999.162109375,-5074.822265625
train,2495,-1335.20703125,-1259.480224609375
train,6310,-478.9150390625,-475.069580078125
train,1482,-2652.116943359375,-2645.1884765625
train,1893,-6318.755859375,-6015.859375
train,5661,-6746.46484375,-6720.5517578125
train,3172,529.364013671875,526.075927734375
train,4335,-1276.071044921875,-1638.556396484375
train,1301,-4177.673828125,-4261.86962890625
train,3396,-2578.72705078125,-2957.63525390625
train,5850,1130.822021484375,1192.392333984375
train,4693,-1939.55517578125,-2131.58251953125
train,2130,-4783.60107421875,-4997.1875
train,4424,-2237.635986328125,-1747.534912109375
train,4027,-3864.756103515625,-3949.76318359375
train,3276,56.022216796875,-50.362060546875
train,2496,-4886.0849609375,-4998.2470703125
train,2921,-5868.09716796875,-5989.4091796875
train,5248,-4324.4482421875,-4183.3310546875
train,4686,527.614990234375,155.22802734375
train,6282,-8241.7919921875,-8270.89453125
train,5389,112.104736328125,-122.79296875
train,1683,-2125.381103515625,-2176.3837890625
train,3670,-9315.5771484375,-9634.0322265625
train,489,-3435.156005859375,-3681.30517578125
train,4843,-8455.6943359375,-8543.9208984375
train,521,-2436.986083984375,-2777.5439453125
train,6421,-7980.931640625,-8147.07421875
train,4869,-5486.23095703125,-5519.77490234375
train,3236,-2025.007080078125,-1713.0599365234375
train,6532,-1874.9100341796875,-2059.52734375
train,6150,-5966.41015625,-5587.18994140625
train,1516,-4413.52880859375,-4814.47998046875
train,6066,421.4541015625,38.027587890625
train,6441,-2233.876953125,-1949.133056640625
train,2971,-6000.716796875,-5926.0361328125
train,3573,-1854.7509765625,-1654.4754638671875
train,6513,-657.715087890625,-2121.49755859375
train,460,-3619.3330078125,-3819.158935546875
train,2414,-594.989013671875,-646.07861328125
train,3882,-4122.869140625,-4140.4013671875
train,5242,-2412.693115234375,-2579.6162109375
train,1721,-9311.9140625,-9223.8212890625
train,0,-1021.802978515625,-1095.53857421875
train,4507,-2955.385986328125,-2634.790283203125
train,4664,-5118.56298828125,-4963.9716796875
train,3482,-5566.9111328125,-5524.5234375
train,6405,-5302.576171875,-5049.63525390625
train,3871,-3342.264892578125,-3466.192626953125
train,3053,-1348.91796875,-1405.021728515625
train,3913,-457.705078125,-557.1572265625
train,3046,152.070068359375,393.033203125
train,5550,-3746.384033203125,-4025.1748046875
train,1184,-8314.3310546875,-7747.662109375
train,5628,-5486.1728515625,-5231.0419921875
train,2334,-3156.591064453125,-3394.314453125
train,4955,108.265869140625,-140.06982421875
train,3660,-7186.8125,-7756.734375
train,6414,-10296.5556640625,-9973.30859375
train,4580,936.620849609375,579.787353515625
train,1768,288.639892578125,89.86865234375
train,4339,-6946.02978515625,-7344.072265625
train,4665,-4401.77001953125,-4503.5927734375
train,5366,-546.17578125,-684.654541015625
train,6029,-6310.6572265625,-5850.8203125
train,2208,-2660.697021484375,-2886.957275390625
train,588,-683.2529296875,-721.03076171875
train,4973,-3662.54296875,-3760.35888671875
train,4213,-5103.03515625,-4880.1689453125
train,20,-3230.43505859375,-3673.051513671875
train,5527,-5488.6689453125,-5203.28466796875
train,3095,-514.02099609375,-709.364013671875
train,4895,-2383.843994140625,-2984.32470703125
train,6505,-1420.39794921875,-1630.572265625
train,2020,-3321.948974609375,-3449.475830078125
train,3808,-1514.571044921875,-1564.6611328125
train,5596,-1079.490966796875,-997.33984375
train,1006,-521.2939453125,-593.337646484375
train,179,-4069.618896484375,-3767.7626953125
train,189,-1296.697021484375,-1273.114990234375
train,3318,-2408.22998046875,-2088.7939453125
train,1851,-1282.115966796875,-1408.119384765625
train,4898,-2957.757080078125,-2638.5205078125
train,2912,-2077.846923828125,-2291.957275390625
train,5875,-6398.904296875,-6263.703125
train,852,-7295.6240234375,-7466.5244140625
train,2695,-1440.653076171875,-1744.3897705078125
train,44,-6182.31298828125,-6193.47412109375
train,4967,-2694.64697265625,-2501.720703125
train,4479,-1359.734130859375,-1405.762939453125
train,25,-3264.56689453125,-3018.27587890625
train,1061,-5567.8427734375,-5366.0673828125
train,4156,-2524.261962890625,-2255.09716796875
train,5918,-949.52392578125,-1016.651611328125
train,3497,-1464.22705078125,-1421.885009765625
train,2653,-2190.81396484375,-2121.1865234375
train,4824,-5752.5859375,-5961.466796875
train,391,-6981.98779296875,-6911.77685546875
train,4730,-5309.12890625,-5124.47216796875
train,1739,-5929.52978515625,-5793.33740234375
train,5503,-1979.568115234375,-2232.60498046875
train,5186,-5565.80322265625,-5682.23046875
train,3663,-6197.05810546875,-6142.19677734375
train,6521,-545.029052734375,-743.75732421875
train,3146,-458.285888671875,-292.934326171875
train,340,-3715.488037109375,-3644.4140625
train,5978,-10338.4501953125,-10319.0185546875
train,3195,-8701.8876953125,-8611.1591796875
train,6470,-2943.927001953125,-3031.59228515625
train,5198,-1867.89697265625,-1785.5615234375
train,3658,1150.477783203125,1069.091064453125
train,875,-4914.125,-4667.02587890625
train,5154,-889.692138671875,-803.837890625
train,2268,-8197.2275390625,-8351.677734375
train,1426,-7826.158203125,-7747.8212890625
train,2152,-3712.73291015625,-3972.7470703125
train,5920,-1614.1988525390625,-1617.5584716796875
train,3640,3891.748291015625,3411.434326171875
train,2689,-7044.431640625,-7122.91455078125
train,5514,-1611.1639404296875,-1853.7803955078125
train,727,-6804.7490234375,-6925.208984375
train,2099,-4942.06103515625,-5073.1611328125
train,590,-11738.107421875,-11394.31640625
train,4157,-2611.910888671875,-2694.82861328125
train,2062,-4555.06689453125,-4490.26171875
train,5320,-3419.1279296875,-3232.6796875
train,3828,979.200927734375,506.546142578125
train,595,-2013.4091796875,-1967.009033203125
train,3213,-3893.2119140625,-3932.31298828125
train,2416,-896.681884765625,-1076.824462890625
train,4534,-5788.16796875,-6001.44140625
train,790,-5737.5869140625,-5725.9150390625
train,4372,-1713.5350341796875,-1764.4393310546875
train,136,-7789.275390625,-7393.34716796875
train,931,-6142.3330078125,-6521.3583984375
train,1500,386.3203125,71.153564453125
train,2948,-8684.9873046875,-9026.4560546875
train,4762,-4633.48193359375,-4695.662109375
train,4449,-3069.662109375,-3105.748779296875
train,1555,-7867.1123046875,-7293.9775390625
train,3588,-6881.4951171875,-7035.61865234375
train,3529,-2943.492919921875,-2875.9208984375
train,3623,-2242.0390625,-2020.9864501953125
train,1908,-5116.0498046875,-4797.93798828125
train,1687,-6849.68896484375,-6604.1162109375
train,2807,-370.423095703125,-684.46728515625
train,1153,-3213.8701171875,-3170.818115234375
train,4350,-1473.286865234375,-1638.65185546875
train,2119,-3506.866943359375,-3354.70849609375
train,471,-2399.98095703125,-2571.167724609375
train,3478,685.519775390625,628.780029296875
train,1931,-1253.532958984375,-1499.99560546875
train,1108,-3064.826904296875,-3132.67041015625
train,2510,-2774.4150390625,-2823.903076171875
train,1871,-2190.76611328125,-2190.33642578125
train,171,-2770.863037109375,-2898.097900390625
train,6484,-7750.1259765625,-7590.6689453125
train,5494,-3515.842041015625,-3966.6474609375
train,6476,-5673.8427734375,-4821.5224609375
train,1216,-3429.3701171875,-3709.69921875
train,2957,-1519.85498046875,-1310.6455078125
train,1614,-6065.06005859375,-6340.46484375
train,899,-2429.862060546875,-2215.640625
train,5667,-4874.92578125,-4914.4912109375
train,5728,-2728.72412109375,-2865.9951171875
train,694,-5168.39111328125,-5028.97265625
train,2315,-2497.781005859375,-2678.19287109375
train,4234,-2503.447998046875,-2446.568359375
train,1553,-7408.81884765625,-7552.65576171875
train,618,-1080.56005859375,-1694.61572265625
train,1581,-2650.25390625,-2821.7744140625
train,5190,-2207.96435546875,-2749.98681640625
train,3343,-2835.7890625,-2881.6337890625
train,6219,-2155.7900390625,-2375.493408203125
train,4671,-2735.764892578125,-2268.77392578125
train,5098,-6474.5859375,-6309.14453125
train,3420,-1579.233154296875,-2021.0274658203125
train,5935,-7298.2841796875,-6906.4677734375
train,566,-2136.7529296875,-2069.55859375
train,858,-2938.943115234375,-2857.689697265625
train,2568,-46.23193359375,-129.631591796875
train,2666,-1597.306884765625,-1965.7991943359375
train,5417,-7937.1728515625,-7653.3671875
train,4324,-2173.533935546875,-1924.573486328125
train,6221,-4831.92822265625,-4913.501953125
train,1510,-8879.8486328125,-9234.84375
train,673,-1659.998046875,-1212.3076171875
train,1577,-4280.10498046875,-4660.2158203125
train,753,-6064.375,-6294.220703125
train,1425,-2231.319091796875,-2131.3642578125
train,2591,133.06005859375,-74.87890625
train,1603,-6512.0322265625,-6396.9931640625
train,3443,-8527.96484375,-8356.72265625
train,5507,-1489.638916015625,-1747.5372314453125
train,493,-5378.98291015625,-5411.4306640625
train,4332,-5383.4130859375,-5254.7177734375
train,824,-6738.7158203125,-6240.06787109375
train,6516,-1391.56005859375,-1649.4310302734375
train,3290,-4592.11376953125,-4462.478515625
train,4726,1222.288818359375,945.501220703125
train,1360,-1856.6678466796875,-1858.1688232421875
train,4117,-1559.344970703125,-1963.3455810546875
train,2598,-3909.659912109375,-4222.06005859375
train,3198,-3154.593994140625,-3097.53173828125
train,4365,-5779.7900390625,-5804.72412109375
train,6215,-7725.47998046875,-7578.1953125
train,4777,-9159.994140625,-8832.69140625
train,5583,-224.90771484375,-448.606201171875
train,3891,-7730.0810546875,-7724.4404296875
train,1091,-119.622802734375,-603.288330078125
train,2252,-2382.876953125,-2619.76171875
train,4643,-1479.7490234375,-1272.97802734375
train,4388,-1685.5030517578125,-1721.5260009765625
train,1754,-724.3720703125,-643.32177734375
train,1530,-2468.077880859375,-2043.5067138671875
train,1370,-2222.056884765625,-2271.05859375
train,2994,-8188.013671875,-8184.2021484375
train,6377,-3837.9580078125,-4100.4833984375
train,2552,-3397.137939453125,-3515.5234375
train,4600,1366.162841796875,1441.897705078125
train,2877,-5364.97119140625,-5579.1357421875
train,1571,-3672.056884765625,-3684.72412109375
train,1454,-5782.19677734375,-5673.29345703125
train,3711,-6473.3828125,-6266.2841796875
train,5534,-6152.36279296875,-5887.1943359375
train,741,-1439.1689453125,-1435.5556640625
train,4841,-1351.610107421875,-1257.472412109375
train,959,-2125.591064453125,-2004.742919921875
train,2540,-5366.39990234375,-5532.8916015625
train,6486,-4075.556884765625,-4202.2587890625
train,6525,-2843.094970703125,-2281.8642578125
train,2944,-6402.52490234375,-6151.0751953125
train,698,-3054.591064453125,-2619.826171875
train,5370,-2013.428955078125,-1914.0889892578125
train,4103,-7502.01708984375,-7515.4521484375
train,4177,-6736.7919921875,-7044.2919921875
train,4222,-6342.658203125,-6255.9306640625
train,306,-2880.366943359375,-3023.2626953125
train,259,-2474.636962890625,-2655.10888671875
train,3902,-1753.177978515625,-1606.201904296875
train,6224,-8603.689453125,-8587.3603515625
train,3593,-4320.22998046875,-4783.9599609375
train,561,-3051.365966796875,-2976.510986328125
train,3735,-6897.56201171875,-6959.8447265625
train,2832,-3975.1220703125,-4346.5546875
train,2101,-2258.7890625,-2249.322509765625
train,6540,686.988037109375,378.753173828125
train,4680,-5773.56103515625,-5919.91845703125
train,2494,-3531.97509765625,-3281.328857421875
train,5787,-4075.73193359375,-4347.90869140625
train,2462,-4273.57421875,-4183.583984375
train,6392,-4291.8759765625,-4129.697265625
train,2281,-2186.85205078125,-2190.11376953125
train,197,-3794.10498046875,-3561.792724609375
train,335,-2696.993896484375,-2732.75439453125
train,380,-3908.1259765625,-3952.730712890625
train,200,-1537.282958984375,-1600.517333984375
train,4799,-5029.794921875,-5119.111328125
train,187,-1921.675048828125,-2003.885009765625
train,3037,-3354.785888671875,-3181.208740234375
train,4528,-1169.524169921875,-614.47314453125
train,5015,-4159.416015625,-3990.30810546875
train,1544,1045.067138671875,995.812255859375
train,4743,-7316.74609375,-7210.87890625
train,4252,-2633.06591796875,-2438.099365234375
train,3657,-3534.240966796875,-3865.04931640625
train,5131,-537.760009765625,-824.907470703125
train,3524,-5312.6767578125,-5125.37255859375
train,3611,-2948.756103515625,-2523.05322265625
train,4108,-6978.826171875,-7028.44921875
train,648,-1914.697021484375,-1807.74169921875
train,6179,-2753.160888671875,-3089.086669921875
train,6301,-2409.56201171875,-2588.22509765625
train,5967,-5359.2958984375,-5156.9921875
train,1162,-3856.072998046875,-4430.96923828125
train,4318,-5789.05908203125,-5603.03125
train,1883,-7513.81982421875,-7422.85009765625
train,934,-563.3310546875,-868.4189453125
train,1453,-6361.32080078125,-6269.1337890625
train,3728,-3306.64599609375,-3221.93359375
train,5607,-7340.14013671875,-7199.162109375
train,2387,-309.521240234375,-470.6689453125
train,542,-5787.78076171875,-5943.6904296875
train,4669,-1545.360107421875,-1651.75341796875
train,2369,-7212.3779296875,-7447.20751953125
train,4714,-4626.22021484375,-4813.72998046875
train,2426,-5522.5517578125,-5012.48974609375
train,4951,-7135.35888671875,-7064.91796875
train,1848,-4270.27880859375,-4298.87060546875
train,1501,-2465.666015625,-2992.287841796875
train,5633,370.177978515625,522.024169921875
train,3782,-7531.1171875,-7683.28271484375
train,3509,-4142.416015625,-4252.59130859375
train,1541,-1018.064208984375,-1029.208740234375
train,3377,-2680.20703125,-3022.933837890625
train,5966,-11.68603515625,84.106689453125
train,2122,-3855.43994140625,-4121.943359375
train,5879,-2669.947021484375,-2597.248779296875
train,4162,-5885.869140625,-6320.47021484375
train,2306,-463.353271484375,-149.298095703125
train,5249,-5658.5458984375,-5843.0458984375
train,6545,594.512939453125,701.045654296875
train,4268,-767.300048828125,-763.83203125
train,2753,-302.64306640625,-368.091064453125
train,1442,-7574.18701171875,-7384.6943359375
train,1169,-6579.30419921875,-6600.19677734375
train,5664,-1875.260986328125,-2105.4677734375
train,5477,-4838.92822265625,-4640.16796875
train,606,-390.243896484375,-277.500732421875
train,3776,-4349.1669921875,-4022.67822265625
train,1497,-4094.035888671875,-4176.61669921875
train,533,-6755.412109375,-6206.1376953125
train,1316,-2881.801025390625,-3075.589111328125
train,4092,-4430.6298828125,-4362.90478515625
train,5397,-2083.2119140625,-2092.474853515625
train,4115,-7685.0400390625,-7495.689453125
train,4055,-1680.89404296875,-1732.0867919921875
train,363,-2330.925048828125,-2257.28515625
train,5876,-5399.119140625,-5541.896484375
train,6233,-2933.39208984375,-2291.790283203125
train,5559,-1749.720947265625,-1639.5303955078125
train,524,-6012.93603515625,-6263.625
train,1154,-6155.7880859375,-6263.7587890625
train,5062,-2180.712890625,-2176.5361328125
train,3600,-4254.3662109375,-4598.38671875
train,3625,-6268.56787109375,-6464.7783203125
train,2088,-805.186279296875,-811.58349609375
train,1536,-7175.47998046875,-7316.390625
train,3070,-4362.98291015625,-4295.5205078125
train,5021,-5616.38818359375,-5790.49072265625
train,613,-4258.18994140625,-4650.34033203125
train,3228,-6849.33984375,-6732.0068359375
train,2612,-6635.8828125,-6483.72607421875
train,1787,-498.009033203125,-615.187744140625
train,811,-3701.846923828125,-3590.68505859375
train,23,-4783.37109375,-4964.73046875
train,410,-3268.412109375,-3520.570556640625
train,3914,-1889.9610595703125,-1761.4276123046875
train,1724,-8691.69140625,-8805.6123046875
train,1398,-3570.26806640625,-3202.1357421875
train,3694,-4186.3330078125,-4250.73681640625
train,5476,-4175.59423828125,-4059.0966796875
train,4374,-5990.2509765625,-6239.7294921875
train,193,-2913.881103515625,-2856.958740234375
train,2891,-679.237060546875,-309.848876953125
train,4670,-3124.493896484375,-3081.91796875
train,1344,-6847.32421875,-7249.95703125
train,1977,-2107.8291015625,-1992.840576171875
train,4068,-1769.171142578125,-1593.122802734375
train,6305,-3876.551025390625,-4076.76123046875
train,716,-377.008056640625,-431.47412109375
train,4334,-262.555908203125,-370.80908203125
train,2055,-1526.911865234375,-1655.4085693359375
train,3698,-3711.968017578125,-3555.654296875
train,4429,-6852.17919921875,-7140.08203125
train,4208,-5051.05712890625,-5549.8154296875
train,295,-1958.133056640625,-2004.6510009765625
train,5688,-5334.35595703125,-5161.1494140625
train,2756,-8630.1357421875,-8491.8857421875
train,4139,495.284912109375,377.110107421875
train,5211,-4194.95703125,-4691.76806640625
train,4420,-5706.048828125,-5542.408203125
train,4413,-7003.03515625,-6793.7314453125
train,1387,-9738.4306640625,-9417.6708984375
train,397,-6258.8720703125,-6261.068359375
train,14,-1944.22900390625,-1960.157958984375
train,6228,2531.926025390625,2323.661376953125
train,445,944.670166015625,611.718505859375
train,3426,-1506.552001953125,-1720.859130859375
train,1192,-2901.507080078125,-3113.97021484375
train,4293,-8660.8251953125,-8826.9765625
train,3303,-4545.7041015625,-5120.580078125
train,5891,-1943.2879638671875,-2033.9349365234375
test,4911,-3056.14892578125,-3551.963134765625
test,2478,-1943.666015625,-1966.37744140625
test,3912,-7936.3349609375,-7797.4267578125
test,5213,-551.247314453125,-648.897705078125
test,4401,-5819.32080078125,-6404.2607421875
test,2356,-871.23095703125,-872.000732421875
test,6393,-2198.077880859375,-2753.220458984375
test,4187,-6498.52392578125,-6794.796875
test,5423,-1453.3310546875,-1084.093505859375
test,1368,-5761.8837890625,-6022.0595703125
test,1210,-2800.95703125,-3236.462646484375
test,1424,-4440.9990234375,-4098.31884765625
test,1319,-3268.387939453125,-3542.8974609375
test,1600,-5174.2509765625,-5390.7578125
test,467,-2297.906982421875,-2371.68408203125
test,2812,-5259.05517578125,-5368.5009765625
test,508,-2917.64306640625,-3160.562255859375
test,2358,-1684.0489501953125,-1290.348876953125
test,1197,-3286.68701171875,-3203.544677734375
test,4074,-7301.77734375,-7514.345703125
test,2804,-5527.123046875,-5128.05615234375
test,3984,-8715.5283203125,-7716.1572265625
test,76,-1551.386962890625,-1930.0726318359375
test,4527,-6830.84912109375,-6298.8408203125
test,520,-4410.77783203125,-4743.451171875
test,2908,-5964.208984375,-6337.2822265625
test,4149,-5881.294921875,-5938.8515625
test,62,-5026.0732421875,-4871.525390625
test,33,-1801.6650390625,-2623.407958984375
test,1474,-4364.23388671875,-4601.5712890625
test,2662,-4561.85009765625,-4809.763671875
test,1317,-3561.4599609375,-3841.521484375
test,3641,-8961.9072265625,-8698.6318359375
test,1295,-4268.162109375,-3906.24169921875
test,2604,-7700.30859375,-7536.083984375
test,4309,-8820.21484375,-8571.1904296875
test,4050,-2509.43994140625,-2641.3916015625
test,1159,-6660.14404296875,-6483.4111328125
test,2,-4394.05712890625,-5040.48974609375
test,3587,-6381.8662109375,-6519.5166015625
test,5181,-964.906982421875,-1101.95458984375
test,1080,-4727.46484375,-4512.48583984375
test,2380,-2346.990966796875,-2430.434814453125
test,2075,-1164.9189453125,-1041.71337890625
test,5859,-1344.017822265625,-1361.305419921875
test,5672,-1805.9210205078125,-1359.72412109375
test,474,-730.9970703125,-868.2021484375
test,6209,-1160.278076171875,-1777.1055908203125
test,4060,-4979.5009765625,-4426.96826171875
test,4090,-5965.81005859375,-5977.37939453125
test,5157,722.728759765625,761.239501953125
test,3229,-7403.89306640625,-7099.890625
test,3279,-5357.509765625,-5106.052734375
test,1990,-630.56396484375,-193.260009765625
test,5440,-116.97900390625,-282.4384765625
test,1336,-3409.450927734375,-3720.2060546875
test,4153,-7838.5029296875,-6895.0751953125
test,924,-13295.8232421875,-13337.3701171875
test,4135,-7972.8720703125,-7728.333984375
test,4696,-1895.1058349609375,-1483.55126953125
test,5427,8.76708984375,-214.95947265625
test,4601,-7961.6826171875,-8177.41015625
test,5712,-740.530029296875,-1034.9326171875
test,6073,-2894.864013671875,-2400.748046875
test,6115,-3088.10498046875,-3187.22900390625
test,647,-2381.4541015625,-2719.71875
test,1432,-6205.81982421875,-5484.578125
test,5678,-2011.2139892578125,-2376.0205078125
test,1817,518.205810546875,242.903076171875
test,2320,-5386.43701171875,-5397.5283203125
test,4685,-3876.39501953125,-3877.19091796875
test,1479,-4941.39013671875,-4939.15869140625
test,4191,-6552.39453125,-6547.5458984375
test,2737,-5764.77001953125,-5849.376953125
test,2267,-4121.0,-4437.27099609375
test,3523,-3892.344970703125,-3639.3466796875
test,2245,-3035.449951171875,-3193.94091796875
test,605,-3500.68310546875,-3606.1005859375
test,5746,-1630.4659423828125,-1632.68212890625
test,6534,-2033.7020263671875,-2122.674560546875
test,711,-2242.205078125,-2245.74755859375
test,1797,-401.10205078125,-272.092041015625
test,4571,-4938.76220703125,-4677.306640625
test,6483,-4298.837890625,-4211.29541015625
test,6311,444.8291015625,242.740234375
test,2856,-2768.3369140625,-2794.5908203125
test,1423,-4521.2421875,-4596.01806640625
test,5801,-629.513916015625,-878.93310546875
test,868,-4457.783203125,-5292.82177734375
test,3783,-2249.3720703125,-2742.885498046875
test,243,-6829.34814453125,-6357.17041015625
test,5910,-3592.054931640625,-2675.155517578125
test,5243,-663.239013671875,-630.1962890625
test,4603,-6901.72900390625,-7468.41015625
test,110,-5374.5087890625,-4866.697265625
test,1629,-4045.322998046875,-4419.609375
test,923,-12388.7578125,-12209.416015625
test,3364,-3704.77099609375,-3616.287353515625
test,5860,-787.575927734375,-1007.050537109375
test,5831,329.496337890625,267.52490234375
test,5864,-2629.2119140625,-1829.997802734375
test,4722,-4268.85693359375,-4192.564453125
test,5846,-964.998779296875,-1018.8193359375
test,2785,-6753.43896484375,-7351.341796875
test,1488,-3861.18505859375,-3701.6181640625
test,571,-3493.4150390625,-4617.505859375
test,3325,-6234.72607421875,-5834.798828125
test,2050,-1273.468017578125,-1368.201171875
test,6261,-1295.635009765625,-1458.05517578125
test,4321,-7907.962890625,-8031.2412109375
test,3908,-7663.96923828125,-7351.322265625
test,2960,-4662.0869140625,-4545.64453125
test,636,-1931.8731689453125,-1848.6949462890625
test,6190,-3192.781005859375,-4229.08349609375
test,2793,-4301.923828125,-3915.8388671875
test,2570,-6620.1845703125,-6958.76171875
test,4553,-4799.9248046875,-4237.44091796875
test,999,-5883.94287109375,-5365.36083984375
test,1523,-1674.4169921875,-1284.498779296875
test,750,-2497.830078125,-2671.022216796875
test,5877,-180.395263671875,-190.38427734375
test,2313,-4871.73681640625,-4966.91943359375
test,1971,-3568.7451171875,-3586.758544921875
test,6409,-3634.98291015625,-3135.427490234375
test,1156,-4935.90185546875,-5329.50048828125
test,1800,546.237060546875,109.625
test,5939,-2517.3330078125,-2228.15771484375
test,3946,-6847.2119140625,-6497.6884765625
test,1832,-2238.5009765625,-2562.4833984375
test,2929,-3451.35888671875,-3289.17138671875
test,3001,-3400.14501953125,-3652.74951171875
test,5315,766.524169921875,-10.1767578125
test,2541,-4722.22119140625,-4156.69921875
test,6009,-6074.041015625,-5822.8232421875
test,3562,-4289.94091796875,-4236.65771484375
test,2801,-5414.2041015625,-6012.83056640625
test,3699,-5562.5400390625,-5798.96484375
test,1838,-3314.6689453125,-2713.0185546875
test,2103,-3013.26611328125,-3294.4267578125
test,5606,-295.049072265625,280.259521484375
test,6249,-53.717041015625,229.72705078125
test,5713,-1161.795166015625,-1219.8515625
test,4181,-7513.86376953125,-7148.2197265625
test,4780,-3968.93994140625,-3385.818115234375
test,2910,-4673.169921875,-5185.47265625
test,2549,-4560.22216796875,-5063.27099609375
test,4516,-7171.1318359375,-6807.9990234375
test,5003,-3296.9619140625,-3261.29150390625
test,5431,2236.910888671875,1791.546142578125
test,5035,-777.14892578125,-773.952392578125
test,4383,-7040.330078125,-8326.2177734375
test,817,-4208.8681640625,-3971.74853515625
test,3622,-8149.1865234375,-8039.8125
test,1079,-3897.85205078125,-3643.589111328125
test,3691,-3578.013916015625,-3870.015869140625
test,3090,-4649.18408203125,-4569.70947265625
test,3609,-6291.14990234375,-6472.48828125
test,1024,-1668.844970703125,-1491.503662109375
test,4192,-5956.3251953125,-5206.98291015625
test,5785,-1371.56396484375,-1455.514892578125
test,5551,-52.18310546875,-257.027587890625
test,6134,-2192.56103515625,-1581.251708984375
test,6148,-1501.869873046875,-2238.8837890625
test,1139,-2620.697021484375,-3618.712158203125
test,905,-8418.841796875,-7919.28515625
test,3739,-8333.1953125,-7065.2880859375
test,5457,1527.644775390625,1283.186767578125
test,3898,-4446.1240234375,-4744.611328125
test,5884,-4592.2001953125,-5080.84765625
test,5594,-1970.8800048828125,-1848.13427734375
test,5039,-2395.924072265625,-2011.5506591796875
test,3006,-4736.412109375,-4856.34423828125
test,1125,-5097.5390625,-5281.3671875
test,808,-3998.910888671875,-4116.318359375
test,6136,-2002.2581787109375,-1586.400634765625
test,1887,-775.5869140625,-455.61572265625
test,1189,-1894.52783203125,-1934.605712890625
test,4269,-9233.103515625,-8898.5576171875
test,3786,-3185.405029296875,-3299.0888671875
test,4929,-4025.51611328125,-4156.79833984375
test,3816,-6126.30908203125,-5718.5244140625
test,2010,-1614.93603515625,-1275.53955078125
test,5018,-3944.264892578125,-3672.868896484375
test,3074,-5726.18798828125,-5696.490234375
test,4925,-5441.6240234375,-4741.140625
test,2522,-4416.77490234375,-4066.0478515625
test,97,-5871.3291015625,-5803.44921875
test,112,-5269.09814453125,-4269.76220703125
test,2401,-3178.7490234375,-3152.328857421875
test,4517,-7327.15185546875,-6895.611328125
test,4801,-2841.64892578125,-3151.844970703125
test,3737,-8356.96484375,-7959.068359375
test,4791,-2927.376953125,-2829.06591796875
test,3083,-4588.8369140625,-4593.48876953125
test,484,-1721.4361572265625,-1533.86279296875
test,3725,-8868.421875,-8323.4697265625
test,3496,-7527.546875,-7454.87060546875
test,226,-5082.783203125,-4602.95068359375
test,6120,-4566.6337890625,-5032.693359375
test,2241,-2372.722900390625,-2191.7490234375
test,1640,-8215.7783203125,-7932.302734375
test,4728,-4816.9189453125,-4943.408203125
test,3977,-6048.93798828125,-5677.90185546875
test,4107,-8392.52734375,-8540.751953125
test,1315,-4851.65478515625,-4634.7890625
test,2403,-2318.388916015625,-2549.05078125
test,3742,-6698.5390625,-6937.25341796875
test,5878,-335.980712890625,-722.230712890625
test,688,-3152.948974609375,-3217.108154296875
test,3007,-4898.287109375,-4936.26513671875
test,2116,-1473.81494140625,-1468.070068359375
test,3308,-4049.678955078125,-4411.77978515625
test,2012,-2257.11865234375,-1700.0518798828125
test,2923,-2756.2880859375,-3139.51416015625
test,389,-3963.537109375,-5665.595703125
test,1740,293.845947265625,-210.85546875
test,3114,-1920.8590087890625,-2403.09912109375
test,61,-5066.2509765625,-5566.03662109375
test,988,-2494.660888671875,-2552.92919921875
test,5033,-1958.9649658203125,-1491.26806640625
test,4672,-3427.56591796875,-2386.70849609375
test,3836,-5165.23876953125,-5319.796875
test,128,-3914.595947265625,-4296.2490234375
test,3101,-5000.740234375,-3775.1962890625
test,3423,-7674.30810546875,-7855.49609375
test,1954,-3355.881103515625,-3183.519287109375
test,5162,-1341.18701171875,-1444.951416015625
test,3187,-6720.39306640625,-6850.6572265625
test,5536,1745.554931640625,1283.462158203125
test,2562,-5016.134765625,-5213.1015625
test,2805,-6112.9658203125,-5391.5673828125
test,2577,-8479.396484375,-8055.5146484375
test,6155,-2063.3759765625,-1825.32080078125
test,6094,-2132.34912109375,-2054.353759765625
test,4017,-5083.23291015625,-5562.64697265625
test,6,-5259.9267578125,-5113.69482421875
test,1995,-421.281005859375,-706.6435546875
test,1292,-2785.27587890625,-2751.47314453125
test,4539,-7122.4150390625,-6812.8203125
test,5099,-417.536865234375,-717.493896484375
test,1955,-3860.7109375,-3318.576171875
test,1506,-3617.7958984375,-3879.77392578125
test,4279,-7704.6279296875,-7763.6064453125
test,5055,-1743.7989501953125,-1651.0848388671875
test,71,-1292.85400390625,-1354.89404296875
test,364,-7403.591796875,-7900.048828125
test,2649,-3192.364990234375,-3067.739501953125
test,5489,1583.255615234375,2057.811279296875
test,6265,-804.381103515625,-913.241943359375
test,5246,718.342041015625,1261.156494140625
test,2224,-1705.9840087890625,-1685.3973388671875
test,2525,-3652.45703125,-3542.660888671875
test,229,-4522.84423828125,-4558.68359375
test,2913,-4184.615234375,-4191.2607421875
test,382,-8002.548828125,-8527.9765625
test,2556,-6698.3486328125,-7083.4072265625
test,3931,-6029.69677734375,-6190.10986328125
test,850,-5667.1669921875,-6099.41748046875
test,881,-7306.1201171875,-6863.1298828125
test,4935,-3846.051025390625,-3585.73095703125
test,1234,-3425.304931640625,-2797.00244140625
test,4407,-5927.06689453125,-5548.3955078125
test,3533,-7531.10498046875,-7056.8203125
test,3403,-4674.14794921875,-4326.484375
test,4979,-3273.444091796875,-2487.169921875
test,4084,-5487.14892578125,-4944.93408203125
test,3159,-5450.80908203125,-5761.541015625
test,4053,-5853.5888671875,-5791.8154296875
test,5856,-1729.5830078125,-2043.9366455078125
test,5658,-3585.590087890625,-2803.5576171875
test,2329,-4524.23779296875,-4747.166015625
test,5252,-761.319091796875,-1229.478515625
test,388,-4117.97607421875,-5829.48828125
test,4464,-3804.464111328125,-3573.3486328125
test,426,-3883.222900390625,-3344.98583984375
test,5791,569.071044921875,186.60888671875
test,3551,-3326.162109375,-3494.5146484375
test,583,-3420.760986328125,-3079.912841796875
test,308,-3537.381103515625,-3357.303955078125
test,2168,-1305.922119140625,-1290.637939453125
test,4093,-6105.9951171875,-6247.595703125
test,4349,-11446.181640625,-11264.1083984375
test,2312,-5170.875,-5535.79345703125
test,2199,-543.480712890625,-1124.640380859375
test,2810,-3591.39990234375,-3918.48828125
test,5573,2010.400146484375,330.2646484375
test,6189,-3236.14208984375,-4310.85009765625
test,5990,-2401.697998046875,-2179.12890625
test,4778,-1700.719970703125,-2121.406494140625
test,3028,-4537.02099609375,-4759.37646484375
test,2696,-6719.55078125,-7271.3671875
test,2526,-3773.85595703125,-3478.776611328125
test,1907,-2491.632080078125,-2259.96875
test,1764,-2258.9189453125,-2323.598388671875
test,1311,-3744.18701171875,-3828.55810546875
test,2965,-5816.44384765625,-5010.33203125
test,1560,-5311.166015625,-5450.390625
test,2142,-1484.31201171875,-1582.409912109375
test,5363,-445.302978515625,-346.92236328125
test,4235,-6013.39111328125,-6506.1767578125
test,4707,-4323.0087890625,-4386.82080078125
test,2319,-5805.97802734375,-5869.10107421875
test,5806,1395.605712890625,1153.807861328125
test,1242,-4979.41015625,-5223.68212890625
test,35,-1661.344970703125,-2021.269287109375
test,4341,-9537.0458984375,-9703.1884765625
test,736,-2555.208984375,-2086.17236328125
test,1202,-3508.14697265625,-3425.70849609375
test,2673,-5726.00390625,-6313.2958984375
test,3894,-6226.80615234375,-6435.89453125
test,550,-2293.177978515625,-2376.50830078125
test,5542,-1252.182861328125,-1541.72705078125
test,2752,-7983.5556640625,-8261.3466796875
test,1102,-1410.7080078125,-2236.087890625
test,3331,-4684.37890625,-5663.90087890625
test,3219,-4591.4189453125,-4007.3232421875
test,6231,-2548.931884765625,-2769.52001953125
test,4465,-4218.7021484375,-4032.2724609375
test,3538,-3596.035888671875,-3922.12060546875
test,1697,-4529.81494140625,-4179.259765625
test,5843,-1192.904052734375,-1027.896484375
test,3567,-6409.201171875,-6253.01611328125
test,4892,-895.63720703125,-1715.1497802734375
test,950,-4740.60595703125,-4527.947265625
test,5387,-302.3291015625,-413.439697265625
test,4871,-822.656005859375,-1088.57421875
test,3000,-3455.5439453125,-3618.100341796875
test,5279,-306.674072265625,-486.86865234375
test,1522,-2380.48193359375,-1857.3231201171875
test,1974,-2470.43408203125,-2205.459228515625
test,2371,-1583.01904296875,-1583.265869140625
test,3047,-4932.7978515625,-4923.13330078125
test,968,-4282.5087890625,-4557.05126953125
test,6133,-2939.93896484375,-2295.50341796875
test,970,-3577.635009765625,-3558.04150390625
test,4749,-3907.02197265625,-3242.84228515625
test,1809,-218.0810546875,-475.333740234375
test,4340,-9429.8779296875,-9403.80859375
test,1521,-3610.72412109375,-3113.691650390625
test,558,-3064.10888671875,-3073.167236328125
test,5558,343.513671875,326.9638671875
test,4035,-6857.8408203125,-6957.14794921875
test,5914,-4283.994140625,-4404.302734375
test,678,-5355.4140625,-5994.58056640625
test,3345,-6019.52783203125,-6260.255859375
test,6478,-3872.81103515625,-3634.814208984375
test,6337,1083.931884765625,908.048095703125
test,3334,-5642.73486328125,-5397.904296875
test,4684,-4291.80419921875,-4039.4580078125
test,4120,-8692.455078125,-8464.30078125
test,3527,-3939.716064453125,-4634.56884765625
test,1987,-2105.222900390625,-2666.607421875
test,6006,-5335.544921875,-5493.29052734375
test,1591,-4192.06396484375,-4436.1318359375
test,891,-5598.10498046875,-6117.1962890625
test,570,-3395.181884765625,-4652.15771484375
test,574,-2434.199951171875,-3098.05859375
test,7,-5602.5380859375,-5790.1142578125
test,5759,377.81689453125,707.365966796875
test,4861,-284.496337890625,-189.2509765625
test,5636,-471.448974609375,-762.013671875
test,1562,-6964.08984375,-5881.75390625
test,2070,-803.659912109375,-587.020751953125
test,952,-4094.2060546875,-3915.383056640625
test,4051,-4093.845947265625,-4143.3095703125
test,4023,-6776.93115234375,-6488.037109375
test,3901,-5172.1982421875,-5403.2861328125
test,4513,-7228.603515625,-6973.296875
test,6390,-3354.5390625,-3675.501220703125
test,3384,-6804.93115234375,-7032.7998046875
test,3038,-3770.885009765625,-4312.28466796875
test,3834,-5177.716796875,-5063.2333984375
test,707,-2386.87890625,-1995.720703125
test,3063,-6779.3408203125,-6760.759765625
test,3506,-4204.97900390625,-3938.200927734375
test,328,-5701.7939453125,-5437.92919921875
test,4393,-7061.0771484375,-7083.923828125
test,5084,-465.558349609375,-725.300537109375
test,6206,-1633.6900634765625,-2144.131591796875
test,3289,-3333.25390625,-4165.28955078125
test,2961,-5601.6328125,-4978.8984375
test,4873,-730.462890625,-978.183837890625
test,4422,-7668.4921875,-7846.6181640625
test,5739,-3622.735107421875,-3726.047607421875
test,700,623.295166015625,481.689697265625
test,2992,-5026.4189453125,-5376.4580078125
test,671,-3214.3330078125,-3532.608642578125
test,374,-6307.43798828125,-6259.8759765625
test,2412,-1903.050048828125,-2102.439453125
test,3954,-6710.34521484375,-6086.5400390625
test,3844,-6665.1640625,-7130.255859375
test,1245,-4947.26611328125,-5735.6533203125
test,447,-1697.6729736328125,-2615.148193359375
test,5221,220.623046875,191.487060546875
test,1037,-3133.801025390625,-3433.9248046875
test,3226,-4185.65283203125,-4449.865234375
test,201,-3437.618896484375,-3872.34716796875
test,2991,-4458.39404296875,-4577.24951171875
test,2528,-4186.23193359375,-4664.2646484375
test,6093,-1758.9229736328125,-1863.365234375
test,3632,-7819.78125,-8033.3994140625
test,1631,-3033.87890625,-3119.99609375
test,2634,-5499.16796875,-5320.05712890625
test,4991,-2788.64697265625,-2776.26904296875
test,5885,-5148.73193359375,-5159.09765625
test,224,-6181.1171875,-6020.3330078125
test,2449,-2917.64892578125,-2664.60791015625
test,2941,-4530.07177734375,-4612.33642578125
test,2720,-8954.7353515625,-8924.943359375
test,1123,-4246.47607421875,-4272.52392578125
test,973,-3738.237060546875,-3913.370849609375
test,27,-4352.2529296875,-4387.1953125
test,5518,4260.98828125,3299.366943359375
test,4022,-7499.42822265625,-7428.4443359375
test,256,-4378.7919921875,-4793.8779296875
test,3576,-3734.94189453125,-4338.9052734375
test,403,-6538.408203125,-6680.873046875
test,3023,-4274.81005859375,-4130.8193359375
test,689,-1506.594970703125,-1277.580322265625
test,1258,-7847.19140625,-7804.27734375
test,5842,-675.60302734375,-476.5390625
test,1567,-7927.5927734375,-7915.1650390625
test,3876,-6017.89794921875,-6193.3642578125
test,3947,-6771.9619140625,-6718.37841796875
test,3505,-3870.111083984375,-3978.381591796875
test,2250,-3034.12890625,-3395.33740234375
test,360,-5695.46484375,-5484.822265625
test,5622,-1431.553955078125,-1495.860595703125
test,1835,-3457.862060546875,-3877.3037109375
test,5002,-3505.903076171875,-3248.089599609375
test,731,-3936.337890625,-3738.66455078125
test,3238,-4687.09521484375,-3775.06787109375
test,4636,-4626.72314453125,-4484.3876953125
test,4853,-2580.075927734375,-2462.8271484375
test,1863,-1527.97705078125,-1760.6148681640625
test,327,-5244.5849609375,-5278.12841796875
test,704,-714.591796875,-950.375
test,1937,-2117.64501953125,-1856.7535400390625
test,6028,-3188.882080078125,-3147.87939453125
test,2698,-6949.30712890625,-7252.408203125
test,2546,-4295.61376953125,-4476.50048828125
test,4910,-2698.75390625,-3165.781982421875
test,3710,-6135.9619140625,-6291.1005859375
test,842,-5911.7021484375,-5983.2060546875
test,627,-4373.6650390625,-4493.392578125
test,2800,-5991.38818359375,-6231.76220703125
test,79,-1096.235107421875,-1829.235107421875
test,5490,1057.677001953125,1808.163330078125
test,5359,1314.562744140625,627.605224609375
test,3357,-4682.97802734375,-4229.60986328125
test,4613,-6781.69140625,-7058.2255859375
test,5727,-529.75,-586.24755859375
test,3185,-6728.751953125,-6568.40478515625
test,1923,-5414.06494140625,-5465.46142578125
test,3851,-5280.81298828125,-5530.3662109375
test,1310,-3043.111083984375,-3319.422119140625
test,1300,-2792.9619140625,-3565.62255859375
test,3690,-3264.781982421875,-3107.277099609375
test,4678,-1464.43505859375,-1656.5472412109375
test,5544,-695.39794921875,-1182.702392578125
test,4160,-6294.69580078125,-6485.3515625
test,1094,-2931.35595703125,-2260.946044921875
test,3634,-8216.626953125,-8215.064453125
test,2430,-1003.31396484375,-1666.5789794921875
test,6384,-2508.258056640625,-3411.3486328125
test,827,-2550.221923828125,-2952.579833984375
test,6113,-1925.241943359375,-1880.3870849609375
test,4105,-5813.2060546875,-5647.1640625
test,5464,2365.165283203125,2063.274658203125
test,5010,-3377.884033203125,-3438.20849609375
test,6424,-5903.6259765625,-6174.47265625
test,299,-5332.59912109375,-5791.466796875
test,5438,536.745849609375,868.212646484375
test,2677,-2410.26904296875,-2997.130615234375
test,1858,-1385.695068359375,-1457.046630859375
test,958,-4573.47314453125,-4449.12109375
test,2007,-1763.43798828125,-2257.209716796875
test,5849,-1495.510986328125,-1557.285400390625
test,6511,-2220.362060546875,-2682.79052734375
test,3260,-5714.72998046875,-5703.66943359375
test,6491,-1802.6400146484375,-1656.079345703125
test,1142,-4522.68212890625,-4255.72265625
test,5750,-1249.732177734375,-1119.464599609375
test,5872,-1532.157958984375,-1707.5255126953125
test,3087,-6773.89306640625,-6710.75
test,2366,-2819.988037109375,-3056.361083984375
test,4748,-4079.341064453125,-3064.868408203125
test,4295,-8903.0126953125,-8842.8251953125
test,468,-2334.35595703125,-3061.141845703125
test,856,-6929.60107421875,-6601.78515625
test,4836,-2113.139892578125,-2010.5269775390625
test,2187,-2278.757080078125,-2193.87060546875
test,6366,-3396.080078125,-3241.001953125
test,6292,-318.699951171875,-1119.92236328125
test,3402,-4165.6669921875,-4255.875
test,121,-2667.510986328125,-2921.01171875
test,5608,-75.555908203125,569.757568359375
test,1366,-5272.93408203125,-5389.7607421875
test,5645,-2968.012939453125,-2830.330078125
test,1656,-8722.2939453125,-8629.5068359375
test,3761,-6053.4658203125,-5562.107421875
test,5396,1108.087158203125,1056.882080078125
test,1447,-3120.6279296875,-2932.3603515625
test,6232,-2564.427001953125,-2690.421875
test,4455,-5622.35888671875,-5739.716796875
test,6217,-1180.378173828125,-800.4248046875
test,5510,1439.566162109375,1594.589111328125
test,262,-2013.4210205078125,-1561.713134765625
test,5024,-1311.633056640625,-1736.3692626953125
test,3929,-7388.97021484375,-7079.84619140625
test,3781,-3429.43310546875,-4029.371826171875
test,1136,-4608.7041015625,-4647.798828125
test,1547,-4664.873046875,-4931.080078125
test,4469,-6693.6181640625,-6319.12353515625
test,1751,552.867919921875,1145.114501953125
test,1343,-2376.70703125,-2494.30419921875
test,1019,-2894.9169921875,-3208.422607421875
test,4832,-2071.672119140625,-2336.781005859375
test,206,-4899.548828125,-4377.23046875
test,6406,-3621.257080078125,-3807.1806640625
test,2163,86.1259765625,119.22509765625
test,1565,-8387.6796875,-8258.484375
test,4437,-5492.615234375,-5860.43359375
test,814,-3766.60498046875,-3440.19287109375
test,1486,-3347.617919921875,-3107.667236328125
test,4617,-5266.7841796875,-5775.87890625
test,2489,-2136.85009765625,-2294.81884765625
test,2141,-1798.4000244140625,-1834.12939453125
test,5576,1660.154052734375,1402.199462890625
test,1229,-4525.52001953125,-4454.751953125
test,5969,-3152.970947265625,-2611.65673828125
test,3454,-734.956787109375,-1551.676513671875
test,6226,-2223.4072265625,-2923.145751953125
test,5854,-1774.176025390625,-1503.694091796875
test,2868,-2677.3330078125,-2844.951904296875
test,1805,1148.810791015625,957.656494140625
test,3574,-4219.837890625,-4448.693359375
test,758,-3067.678955078125,-3552.12109375
test,4368,-11097.3330078125,-10401.6884765625
test,1579,-5937.47021484375,-6060.767578125
test,3179,-7015.361328125,-6445.54638671875
test,2697,-6510.3662109375,-6584.626953125
test,634,-3339.10498046875,-3220.075439453125
test,5407,843.936767578125,433.31884765625
test,3406,-7881.75,-7818.3896484375
test,3273,-3764.695068359375,-3607.091064453125
test,3584,-4144.9951171875,-4579.19677734375
test,2258,-4522.7529296875,-4885.67236328125
test,5227,-369.383056640625,-795.199951171875
test,822,-2679.860107421875,-2936.56640625
test,3580,-3874.555908203125,-3987.612060546875
test,316,-4405.65478515625,-4806.1279296875
test,1013,-1425.41796875,-1466.616455078125
test,4535,-8204.5341796875,-7625.04296875
test,4317,-7731.97265625,-7936.3486328125
test,1193,-2975.047119140625,-2412.44091796875
test,3036,-3147.762939453125,-3715.257080078125
test,3603,-5809.7509765625,-5587.28369140625
test,1709,-4127.9990234375,-3825.424072265625
test,5807,272.158935546875,-141.695556640625
test,4849,-2515.784912109375,-2175.7626953125
test,6338,1251.850830078125,1019.976806640625
test,4168,-4838.72412109375,-4709.8662109375
test,2378,-2368.261962890625,-1658.161865234375
test,5138,553.087158203125,915.782470703125
test,4387,-7181.064453125,-7335.3994140625
test,4292,-8751.255859375,-8754.9853515625
test,2897,-4794.19921875,-4928.271484375
test,3751,-9271.5654296875,-9681.734375
test,4922,-3221.26611328125,-2685.671875
test,5726,39.41796875,364.933837890625
test,2488,-1734.383056640625,-1892.932861328125
test,1932,-3906.888916015625,-3760.811767578125
test,2694,-5619.02490234375,-6036.435546875
test,6277,-1224.947998046875,-1297.47802734375
test,6227,-2447.056884765625,-2623.204833984375
test,1674,-10303.7431640625,-10263.3173828125
test,270,-1831.5321044921875,-1419.17578125
test,1232,-4429.7021484375,-4564.55810546875
test,2560,-6281.61376953125,-6444.0283203125
test,2588,-9160.0810546875,-9287.76171875
test,6351,-1673.89404296875,-1615.5789794921875
test,5096,803.431884765625,489.764892578125
test,4336,-11431.77734375,-11590.892578125
test,2169,-2068.14306640625,-1898.3006591796875
test,2336,-2711.35302734375,-2499.497802734375
test,74,-1325.944091796875,-1449.8388671875
test,5028,-4466.14111328125,-4346.38232421875
test,1410,-3954.10888671875,-4234.35498046875
test,2617,-7598.3837890625,-7296.341796875
test,1298,-3953.35205078125,-4069.16796875
test,3425,-7723.93603515625,-7850.783203125
test,2066,-1491.387939453125,-998.573486328125
test,2450,-2906.221923828125,-2305.15087890625
test,5191,-1712.5009765625,-1323.40869140625
test,104,-3147.73193359375,-2800.09228515625
test,589,-3212.99609375,-3564.557861328125
test,1002,-5099.47802734375,-4720.03125
test,5000,-3267.05908203125,-3273.730712890625
test,5574,973.811767578125,195.835205078125
test,6013,-5055.77294921875,-4501.5595703125
test,204,-4365.26123046875,-4409.52880859375
test,1484,-4995.751953125,-5548.19775390625
test,646,-2037.4239501953125,-1667.745849609375
test,6343,-32.403076171875,-1268.540283203125
test,4188,-6969.48681640625,-6774.7138671875
test,1596,-5270.44482421875,-5359.951171875
test,3528,-3928.30810546875,-4351.9931640625
test,1795,-619.110107421875,-528.329345703125
test,3596,-5653.93310546875,-4926.8447265625
test,3076,-4579.9150390625,-3891.24755859375
test,4260,-8232.50390625,-8060.68359375
test,2788,-6175.46484375,-6147.13427734375
test,5502,986.484130859375,954.377685546875
test,22,-4816.6259765625,-4436.64208984375
test,6375,-2369.241943359375,-2456.63818359375
test,46,-2595.85498046875,-2931.3779296875
test,2608,-7348.9541015625,-6977.7509765625
test,4303,-7194.162109375,-6856.9443359375
test,2276,-5762.15576171875,-6152.6396484375
test,3134,-4003.48291015625,-2912.188720703125
test,4731,-3310.0791015625,-3050.022705078125
test,6057,-2892.924072265625,-2720.779296875
test,194,-1750.404052734375,-1875.1021728515625
test,2964,-5977.9189453125,-5973.5556640625
test,6105,-1338.56396484375,-1470.66015625
test,5892,-4318.06201171875,-4440.197265625
test,2457,-1901.8270263671875,-1709.4503173828125
test,1068,-4322.48291015625,-3766.571044921875
test,4259,-7936.9990234375,-7531.9208984375
test,4014,-4098.89306640625,-4395.8212890625
test,4062,-4766.4990234375,-4681.1279296875
test,2671,-4762.26513671875,-4954.11962890625
test,5937,-3450.055908203125,-3511.6435546875
test,2201,-661.988037109375,-745.075927734375
test,1755,-137.1220703125,-859.098876953125
test,417,-5854.94287109375,-5882.236328125
test,4821,-1185.4150390625,-1497.541748046875
test,2830,-2735.842041015625,-2762.892578125
test,5644,-1972.6419677734375,-2517.841552734375
test,2104,-3340.330078125,-3997.75537109375
test,1902,-1119.08203125,-1211.791748046875
test,645,-2474.321044921875,-2126.32421875
test,1841,-883.1376953125,-779.577392578125
test,4013,-4970.34912109375,-4546.38037109375
test,2207,-3158.4970703125,-4021.975830078125
test,3910,-9022.5048828125,-8474.6953125
test,6258,-2222.01708984375,-2080.1982421875
test,1249,-5884.10693359375,-5844.2626953125
test,3112,-1729.5799560546875,-1882.0050048828125
test,4592,-5506.1171875,-5379.521484375
test,1956,-4436.5078125,-3930.1630859375
test,3254,-2975.76904296875,-3811.28662109375
test,5443,-900.639892578125,-708.409912109375
test,386,-6867.5263671875,-6661.83984375
test,4966,-2541.387939453125,-2234.712158203125
test,2754,-6581.88720703125,-6328.720703125
test,4210,-2624.654052734375,-2917.43017578125
test,6370,-2364.718994140625,-3257.616943359375
test,4622,-5338.8427734375,-5394.9765625
test,1997,-738.196044921875,-681.400390625
test,2762,-6714.73486328125,-6718.859375
test,188,-2462.842041015625,-2309.083740234375
test,2966,-5567.75390625,-5986.607421875
test,2534,-2310.72900390625,-2759.96240234375
test,3044,-3978.637939453125,-4124.5341796875
test,4920,-4482.35693359375,-4933.8134765625
test,5324,255.340087890625,-89.7421875
test,1753,907.002197265625,452.978759765625
test,1584,-7930.1181640625,-7716.748046875
test,4454,-5682.02294921875,-5785.494140625
test,1878,603.254150390625,793.622314453125
test,1200,-3252.52099609375,-3216.130859375
test,2863,-2331.8681640625,-2464.1689453125
test,5805,1557.819091796875,1904.619873046875
test,1379,-1365.43505859375,-2475.19189453125
test,3651,-7284.56005859375,-7071.29541015625
test,85,-2318.257080078125,-2420.6005859375
test,5395,804.249267578125,499.144287109375
test,159,-4744.51611328125,-4394.83935546875
test,888,-6828.798828125,-6964.39208984375
test,3122,-2009.8690185546875,-3373.497802734375
test,2421,-2472.472900390625,-2841.88037109375
test,2453,-2689.10693359375,-2772.625732421875
test,989,-2794.323974609375,-3242.949462890625
test,5128,-2756.27587890625,-3299.53857421875
test,6520,-2080.23095703125,-1798.962890625
test,5104,1099.631103515625,991.343994140625
test,5530,201.2939453125,278.420654296875
test,5418,-180.94677734375,300.277587890625
test,1734,-1696.26904296875,-1438.829833984375
test,5692,-670.584716796875,-180.303466796875
test,1897,-93.430908203125,-380.460693359375
test,801,-6963.06640625,-6984.80078125
test,620,-3938.803955078125,-4772.52734375
test,901,-8806.3212890625,-8537.7958984375
test,5674,-2594.781982421875,-2230.11962890625
test,5348,1665.968017578125,1610.724853515625
test,2137,-1949.682861328125,-1823.659912109375
test,794,-5276.8818359375,-5486.5615234375
test,6546,-2656.39404296875,-3089.350341796875
test,6359,-2700.864013671875,-2746.969482421875
test,4701,-1143.041015625,-1463.097412109375
test,4154,-8198.646484375,-7669.033203125
test,1556,-5998.98486328125,-5723.853515625
test,4251,-4408.619140625,-4189.7626953125
test,3009,-5084.0810546875,-5098.390625
test,5086,211.142333984375,-115.052490234375
test,4367,-10848.826171875,-10291.740234375
test,3961,-5169.64990234375,-5696.41162109375
test,2080,-1136.986083984375,-1386.88671875
test,6363,-2860.840087890625,-2613.058837890625
test,183,-5198.3310546875,-5747.7841796875
test,2700,-8005.18359375,-8225.9140625
test,2512,-1615.0350341796875,-2430.804931640625
test,478,-2243.571044921875,-1809.083740234375
test,1448,-3305.156982421875,-3343.056396484375
test,3465,-2929.970947265625,-3351.744140625
test,714,-2100.1708984375,-2272.60693359375
test,577,-2225.427978515625,-2858.943115234375
test,6524,-2793.5458984375,-2957.046630859375
test,124,-2744.787109375,-2924.83154296875
test,4155,-7738.9970703125,-7283.5859375
test,375,-6865.45703125,-6657.64404296875
test,2102,-2605.868896484375,-2894.217529296875
test,4064,-5586.962890625,-4864.79638671875
test,1578,-5267.630859375,-5476.7861328125
test,2046,298.302978515625,441.36328125
test,482,-3076.028076171875,-2385.754638671875
test,3732,-10526.013671875,-9906.482421875
test,4804,-2650.943115234375,-2800.21142578125
test,1233,-4076.368896484375,-4162.8369140625
test,576,-2614.02099609375,-3273.29541015625
test,746,-3187.6669921875,-3454.03369140625
test,5932,-4004.636962890625,-4273.5634765625
test,4999,-3842.52587890625,-3900.61328125
test,597,-3280.759033203125,-2947.6220703125
test,3011,-3292.326904296875,-3339.0546875
test,1576,-5501.21923828125,-5244.2626953125
test,4928,-4198.5048828125,-4321.7978515625
test,1549,-5120.5830078125,-5485.955078125
test,6196,-2279.966064453125,-2280.49462890625
test,644,-2921.5859375,-2038.15966796875
test,584,-4254.81201171875,-4145.65771484375
test,650,-3186.51708984375,-3213.4384765625
test,5178,-1387.672119140625,-1440.9658203125
test,5816,722.314208984375,380.42236328125
test,4661,-2604.155029296875,-2924.404296875
test,5813,-176.6396484375,504.089599609375
test,1569,-6005.09423828125,-5729.80078125
test,5146,-63.514892578125,408.33544921875
test,3487,-4761.02197265625,-4322.8291015625
test,3775,-4580.02490234375,-3822.278076171875
test,3240,-3646.919921875,-3772.78369140625
test,3778,-3587.367919921875,-3514.031005859375
test,399,-5339.68701171875,-5500.25537109375
test,6153,-2585.739990234375,-2272.0986328125
test,887,-5579.01513671875,-5141.8076171875
test,3330,-5997.30712890625,-6516.849609375
test,4133,-8976.0859375,-8876.2900390625
test,1827,291.96630859375,466.007568359375
test,3216,-5516.5361328125,-5626.9375
test,3721,-8014.0087890625,-7543.27392578125
test,1756,642.193115234375,924.087646484375
test,2236,-968.51904296875,-668.89013671875
test,4233,-5098.1171875,-4563.21484375
test,4712,-2841.172119140625,-3125.367431640625
test,5841,-713.02392578125,-708.17138671875
test,6040,-3142.217041015625,-3722.552001953125
test,1015,-3718.116943359375,-4094.92822265625
test,6175,-3117.77490234375,-2981.285888671875
test,5832,341.39892578125,868.991455078125
test,1942,-1275.802978515625,-1707.3790283203125
test,4623,-4783.0458984375,-5232.830078125
test,351,-7385.59716796875,-7411.47412109375
test,5294,700.041259765625,1192.353759765625
test,1515,-3848.989013671875,-3898.35302734375
test,205,-4754.826171875,-4945.75927734375
test,1179,-2653.31005859375,-2797.1376953125
test,6320,-746.5146484375,-595.9072265625
test,5690,-805.761962890625,26.849365234375
test,4655,-3046.160888671875,-3065.13916015625
test,3221,-3840.56103515625,-3688.68505859375
test,3472,-3445.8740234375,-2651.418701171875
test,5627,-2602.64892578125,-2725.010498046875
test,3681,-6297.5009765625,-6538.162109375
test,4666,-4602.68896484375,-5036.33642578125
test,4307,-9217.7109375,-9270.478515625
test,1952,-1071.52685546875,-1344.6650390625
test,6423,-5258.26708984375,-5710.0078125
test,6095,-1953.3819580078125,-1972.596435546875
test,294,-5469.19580078125,-5449.10302734375
test,5824,1795.725830078125,1495.453857421875
test,1616,-4363.88916015625,-3572.662841796875
test,5215,-1926.468017578125,-2075.645263671875
test,1381,-4309.52099609375,-4119.1240234375
test,3494,-6859.044921875,-6880.21923828125
test,2873,-4071.285888671875,-4212.93603515625
test,345,-9319.169921875,-8414.2744140625
test,3328,-6096.0380859375,-6384.9365234375
test,1950,-927.50537109375,-978.0673828125
test,2693,-5112.23583984375,-5287.86767578125
test,4883,-2274.0009765625,-2178.56396484375
test,145,-3130.01708984375,-3329.177001953125
test,4584,-7866.7666015625,-7733.8193359375
test,562,-3629.158935546875,-3545.56005859375
test,1114,-3679.862060546875,-3381.24951171875
test,2132,-1618.344970703125,-1984.510009765625
test,5561,-322.373046875,-304.833984375
test,5889,-3947.74609375,-4303.212890625
test,2632,-4914.880859375,-4782.6787109375
test,2156,-5362.505859375,-6137.1083984375
test,2452,-2895.669921875,-2962.5126953125
test,1970,-4163.93896484375,-4179.66796875
test,5458,986.963134765625,759.808837890625
test,5188,187.841796875,117.7666015625
test,4347,-10558.107421875,-10645.0166015625
test,5080,-51.44091796875,-333.975341796875
test,966,-5308.6650390625,-5625.53759765625
test,2106,-3435.4970703125,-3505.53271484375
test,6080,-653.455078125,-1471.537841796875
test,690,-1437.163818359375,-973.237548828125
test,5829,403.576904296875,371.92236328125
test,3772,-5291.33203125,-5242.66162109375
test,667,-2305.77099609375,-2623.65478515625
test,287,-2873.675048828125,-2929.517578125
test,6400,-2828.94091796875,-2884.0390625
test,4641,-6166.90380859375,-6029.05908203125
test,2215,-3807.59912109375,-4022.19921875
test,160,-4450.02880859375,-4114.56591796875
test,6253,-3.785888671875,-545.959228515625
test,4903,-4672.15283203125,-4923.2509765625
test,58,-2912.882080078125,-3128.8740234375
test,4558,-5231.35009765625,-5147.24853515625
test,3796,-2649.782958984375,-2708.8828125
test,1802,841.580810546875,485.092041015625
test,1349,-5058.31689453125,-4933.7314453125
test,5675,-2276.427978515625,-1915.941650390625
test,261,-1925.781005859375,-2036.9666748046875
test,4494,-5065.51708984375,-5282.546875
test,5152,1652.822998046875,1449.570068359375
test,190,-1716.3570556640625,-1881.6458740234375
test,764,-5039.3828125,-5191.83154296875
test,2623,-4713.69482421875,-4525.7890625
test,459,-2490.93505859375,-2232.2587890625
test,3067,-7191.3798828125,-6957.708984375
test,4258,-8058.6689453125,-7923.318359375
test,3797,-3140.20703125,-3358.22509765625
test,2853,-4576.83203125,-3972.73095703125
test,2685,-2567.19189453125,-2183.5927734375
test,503,-2634.511962890625,-2203.9189453125
test,1259,-6707.7177734375,-6985.1064453125
test,1023,-2171.6689453125,-2428.47607421875
test,314,-3108.097900390625,-3281.841552734375
test,5413,1223.138916015625,977.153076171875
test,886,-5713.39990234375,-6173.6572265625
test,2917,-999.264892578125,-1002.70751953125
test,3610,-7031.36328125,-6622.3056640625
test,2903,-1218.139892578125,-1743.604248046875
test,2226,-2259.886962890625,-1864.4700927734375
test,1540,-2756.43408203125,-2024.458251953125
test,5905,-2512.7451171875,-2020.98046875
test,4462,-4538.701171875,-4592.08984375
test,1861,-1174.780029296875,-1787.486328125
test,1253,-6000.69287109375,-5693.353515625
test,1377,-5205.97216796875,-5876.8828125
test,1732,-2222.1240234375,-2193.59619140625
test,4803,-2239.68603515625,-2774.50927734375
test,1836,-3747.330078125,-4280.84375
test,3537,-3440.633056640625,-3690.73828125
test,4045,-2457.111083984375,-2815.179931640625
test,4624,-5459.68603515625,-5716.1025390625
test,2607,-6460.4619140625,-5231.9912109375
test,6542,-2266.4599609375,-2413.1552734375
test,2937,-623.342041015625,-644.8193359375
test,2407,-1332.468994140625,-1224.940185546875
test,3161,-5438.041015625,-5580.08544921875
test,3354,-6247.52294921875,-6150.8740234375
test,2818,-6454.74609375,-6224.576171875
test,438,-3140.118896484375,-3703.769287109375
test,3232,-4954.97607421875,-4741.35986328125
test,6300,353.911865234375,-441.816650390625
test,2248,-2769.450927734375,-3233.133056640625
test,4054,-7304.705078125,-6778.40234375
test,1275,-3259.10693359375,-3890.86474609375
test,3589,-5217.02392578125,-4772.9013671875
test,3713,-8298.591796875,-7732.9775390625
test,5161,-1496.317138671875,-1531.903564453125
test,805,-4509.26904296875,-4709.6474609375
test,4391,-7629.69384765625,-7285.490234375
test,4842,-1678.5069580078125,-1591.540283203125
test,423,-4951.52099609375,-5614.29541015625
test,118,-4506.06298828125,-4669.67626953125
test,6143,-826.77294921875,-1146.114501953125
test,5938,-3351.051025390625,-3564.862060546875
test,3129,-3175.407958984375,-4116.91015625
test,3750,-8095.2568359375,-8608.7177734375
test,2263,-6482.7080078125,-6196.4921875
test,6365,-3299.083984375,-3532.083251953125
test,5649,-2861.638916015625,-2390.79150390625
test,4150,-5946.533203125,-5574.74658203125
test,1885,-466.97705078125,-265.14013671875
test,6529,-2784.18505859375,-2511.7255859375
test,1214,-4539.43505859375,-4149.52587890625
test,1294,-3428.18505859375,-3160.13330078125
test,5334,500.258056640625,194.275634765625
test,3949,-7454.328125,-6648.2490234375
test,446,-1586.56103515625,-2175.207275390625
test,5404,803.898193359375,770.558349609375
test,781,-6337.0126953125,-6187.12060546875
test,2642,-2545.321044921875,-2869.549560546875
test,2423,-652.882080078125,-1347.1611328125
test,5219,-2037.2288818359375,-1577.57568359375
test,3785,-3078.590087890625,-3110.86328125
test,2686,-3665.695068359375,-3216.39501953125
test,4493,-5405.35791015625,-4879.837890625
test,6107,-2417.114013671875,-2854.626708984375
test,962,-5103.5322265625,-4890.53955078125
test,4416,-5392.796875,-5422.98046875
test,2294,-5968.22900390625,-6293.7744140625
test,2239,-2121.57080078125,-2374.734375
test,3577,-4700.89990234375,-5316.74462890625
test,4360,-10490.9921875,-10341.150390625
test,6403,-2591.93701171875,-2512.03466796875
test,2513,-1728.1910400390625,-1868.3642578125
test,6469,-3928.1298828125,-3171.88427734375
test,3326,-6091.3251953125,-5761.51611328125
test,6182,-3718.60400390625,-4461.47900390625
test,2743,-5458.6748046875,-5797.5546875
test,325,-5351.81396484375,-5704.8046875
test,1941,-2142.531982421875,-2170.6162109375
test,2529,-3245.823974609375,-3895.260498046875
test,4814,-947.31005859375,-1298.20068359375
test,5640,-2058.419921875,-2191.028076171875
test,3502,-3714.139892578125,-4649.0068359375
test,5026,-3009.700927734375,-3147.6767578125
test,5382,413.950927734375,317.09228515625
test,2290,-4103.61181640625,-4416.51220703125
test,1669,-7107.64111328125,-7232.287109375
test,2645,-3166.958984375,-3177.3623046875
test,1775,702.624267578125,626.462646484375
test,987,-2869.277099609375,-3362.71533203125
test,515,-6014.51416015625,-5900.650390625
test,3926,-6418.44287109375,-6711.26708984375
test,1041,-2297.85888671875,-1587.40673828125
test,6203,-1852.9859619140625,-2279.107666015625
test,6138,-2003.970947265625,-1441.000732421875
test,3558,-4090.909912109375,-4074.73876953125
test,5223,206.994140625,382.5947265625
test,414,-6001.43505859375,-5635.890625
test,3847,-6712.97705078125,-6275.63671875
test,1351,-5289.97314453125,-5745.009765625
test,2153,-4991.94580078125,-5460.88427734375
test,5011,-4034.0849609375,-4191.05859375
test,1746,-759.43408203125,-569.001220703125
test,485,-1736.213134765625,-1901.973876953125
test,4042,-3702.448974609375,-3657.571044921875
test,6419,-4887.81787109375,-4523.0380859375
test,2491,-3428.75390625,-3201.852294921875
test,1810,1933.279541015625,1437.917236328125
test,5034,-1833.3509521484375,-1542.00048828125
test,2275,-4960.05615234375,-5057.5498046875
test,5374,1587.399658203125,1560.345947265625
test,4982,-3060.697998046875,-2612.62109375
test,5137,-2387.826904296875,-2181.2177734375
test,3003,-4557.26220703125,-4366.60400390625
test,3096,-5076.35791015625,-5207.7763671875
test,6045,-2686.908935546875,-3142.90576171875
test,4451,-5467.42822265625,-5635.6669921875
test,5498,242.885009765625,-800.015869140625
test,3595,-5957.22900390625,-5445.72705078125
test,4366,-10608.0498046875,-10039.337890625
test,836,-5821.39599609375,-6175.6728515625
test,5022,-2569.501953125,-2556.62451171875
test,2616,-6135.23388671875,-5748.271484375
test,6163,-3032.970947265625,-2882.12451171875
test,5282,924.364013671875,1440.551513671875
test,6160,-2443.993896484375,-2323.490234375
test,5185,992.002197265625,225.518310546875
test,3358,-4924.47607421875,-4770.0185546875
test,3900,-4625.02197265625,-4870.755859375
test,2121,-3023.736083984375,-2902.58740234375
test,5195,-2030.7049560546875,-1232.254638671875
test,52,-1014.95703125,-740.801025390625
test,5648,-3614.376953125,-3749.1533203125
test,3649,-7833.369140625,-7441.2802734375
test,5492,1530.373291015625,984.470947265625
test,3057,-6591.9638671875,-6388.0478515625
test,6280,-1637.7828369140625,-1611.763671875
test,5403,530.501220703125,915.868408203125
test,3807,-6462.1318359375,-6167.3251953125
test,1967,-4894.35205078125,-4527.505859375
test,3799,-3673.287109375,-3473.558837890625
test,2942,-4772.248046875,-5502.8701171875
test,5793,1208.581298828125,94.166259765625
test,2622,-5752.60205078125,-5947.408203125
test,4552,-4157.44580078125,-3367.910888671875
test,2545,-4577.64208984375,-4234.87744140625
test,2706,-7959.2568359375,-8008.0615234375
test,1173,-2850.39794921875,-3172.90283203125
test,5147,-305.1787109375,108.838134765625
test,2297,-4941.751953125,-4817.9365234375
test,6011,-6572.73583984375,-7110.2421875
test,830,-2958.840087890625,-3489.446533203125
test,4874,-601.1689453125,-1233.128173828125
test,5412,527.396728515625,561.969970703125
test,227,-5001.541015625,-4821.62841796875
test,247,-4769.4970703125,-4331.80029296875
test,2476,-1044.123046875,-1366.79052734375
test,2769,-7014.45703125,-6602.00390625
test,1252,-6373.48388671875,-5748.0
test,6272,-1256.721923828125,-2426.614013671875
test,1679,-9593.5732421875,-9251.6953125
test,2218,-2718.739013671875,-2575.853759765625
test,1824,-18.68505859375,-192.037109375
test,4390,-7401.98779296875,-7664.7841796875
test,1046,-3336.909912109375,-3758.7421875
test,3869,-3733.044921875,-3843.072265625
test,3282,-6691.34521484375,-6539.29638671875
test,2798,-6519.60791015625,-6695.810546875
test,4185,-6228.69921875,-6682.5302734375
test,4757,-2948.2109375,-2769.0224609375
test,1911,-1940.06201171875,-1294.26220703125
test,3557,-4070.055908203125,-4686.6640625
test,5254,-2094.56494140625,-2034.6832275390625
test,6065,-2328.491943359375,-2336.374267578125
test,2572,-7593.0859375,-8243.822265625
test,2157,-5150.5068359375,-5938.3544921875
test,3139,-3260.80908203125,-3586.202392578125
test,494,-4509.40087890625,-6132.5947265625
test,3948,-6823.46484375,-7133.67041015625
test,6438,-2912.837890625,-2919.91015625
test,1737,-1923.7669677734375,-2209.08984375
test,3249,-5385.126953125,-5557.41650390625
test,2882,-3667.362060546875,-3219.937744140625
test,2846,-1726.071044921875,-2071.22265625
test,2648,-3180.216064453125,-3174.244140625
test,1649,-4959.89404296875,-4196.4873046875
test,5657,-2614.47998046875,-2074.951416015625
test,4700,-499.64404296875,-643.264404296875
test,4912,-2766.702880859375,-3553.52294921875
test,1371,-6016.0478515625,-5307.8603515625
test,1513,-4654.0869140625,-4215.8740234375
test,809,-3536.781005859375,-3640.44677734375
test,5976,-4636.4638671875,-4766.89697265625
test,3368,-3509.383056640625,-3407.990478515625
test,867,-4775.6318359375,-5452.2548828125
test,3484,-3560.580078125,-4030.6142578125
test,5411,194.407958984375,219.059814453125
test,2229,-3040.952880859375,-3104.609130859375
test,6323,-2165.989990234375,-1887.3660888671875
test,5992,-3284.009033203125,-3375.29833984375
test,2635,-6063.39892578125,-6318.94921875
test,5882,-3674.423095703125,-3326.8642578125
test,2170,-2681.388916015625,-3024.08935546875
test,948,-4936.96484375,-5094.68798828125
test,3477,-2951.177001953125,-3385.37451171875
test,4487,-5683.0478515625,-5898.9697265625
test,2213,-3274.52392578125,-3853.17041015625
test,838,-6078.51904296875,-5853.2158203125
test,3281,-6701.2900390625,-6687.6044921875
test,4026,-4205.77978515625,-4577.5517578125
test,401,-6628.16796875,-5897.498046875
test,6140,-1060.156982421875,-1825.9664306640625
test,3545,-1782.1719970703125,-1508.328857421875
test,1901,-138.318115234375,16.1591796875
test,149,-3269.819091796875,-3161.20361328125
test,2335,-2386.926025390625,-2392.472900390625
test,3142,-4936.0859375,-5025.2666015625
test,5375,186.845947265625,77.479248046875
test,2085,-2643.926025390625,-2722.49951171875
test,4524,-6089.73291015625,-6236.9716796875
test,1742,-733.3681640625,-486.877197265625
test,3066,-7540.427734375,-7225.2919921875
test,4080,-4511.2021484375,-4758.09228515625
test,2817,-7633.41015625,-6824.68310546875
test,3390,-8520.38671875,-7897.5537109375
test,5045,-2105.701904296875,-2121.75341796875
test,4109,-8670.986328125,-7888.201171875
test,5981,-2198.0400390625,-2252.10498046875
test,2775,-4030.89501953125,-3978.10546875
test,1182,-2649.279052734375,-2886.408203125
test,95,-4393.548828125,-3716.148681640625
test,2894,-5505.416015625,-6157.00341796875
test,2396,-1021.027099609375,-1326.07080078125
test,2535,-2112.464111328125,-2552.497314453125
test,5295,383.68994140625,315.259765625
test,5461,447.273193359375,408.7314453125
test,1117,-2794.98193359375,-3217.66650390625
test,5306,-1243.491943359375,-1339.788818359375
test,3056,-6431.60009765625,-6065.8330078125
test,1287,-3057.925048828125,-3648.47900390625
test,2459,-2007.9410400390625,-2917.78955078125
test,1281,-2588.72900390625,-3366.582763671875
test,1056,-2468.382080078125,-3277.787109375
test,2299,-5090.115234375,-4917.8681640625
test,1007,-3759.090087890625,-3570.5927734375
test,3284,-4941.19091796875,-4719.86083984375
test,2836,-2891.219970703125,-2898.830078125
test,5626,-2126.63818359375,-1703.5277099609375
test,4940,-1532.400146484375,-1017.378173828125
test,760,-3963.530029296875,-3899.51953125
test,6097,-858.769287109375,-478.1884765625
test,3921,-5177.5888671875,-4518.736328125
test,1573,-6126.27587890625,-5972.82421875
test,5538,-668.923095703125,-997.229248046875
test,6050,-1692.0560302734375,-1183.377197265625
test,3135,-3380.448974609375,-2232.775146484375
test,2318,-5213.1669921875,-5319.3076171875
test,3085,-5481.744140625,-5305.25146484375
test,5082,-1687.31201171875,-1980.9547119140625
test,6047,-1314.9560546875,-3148.64501953125
test,3991,-8375.2373046875,-8165.2470703125
test,4257,-7924.1689453125,-8464.19921875
test,2440,-2952.6630859375,-3529.592529296875
test,1240,-5565.01318359375,-5339.08837890625
test,2255,-2508.073974609375,-2595.70263671875
test,1630,-2854.48095703125,-2638.653076171875
test,3757,-6324.81787109375,-5853.7373046875
test,1042,-2929.916015625,-2642.404296875
test,1181,-3076.35302734375,-3129.08837890625
test,4989,-1117.400146484375,-1127.442138671875
test,6349,-2853.033935546875,-1375.958251953125
test,2383,-4446.884765625,-4859.3994140625
test,4554,-4220.67822265625,-3738.111572265625
test,4075,-7193.423828125,-7617.046875
test,4172,-6389.55615234375,-6025.63916015625
test,1602,-4501.0478515625,-4261.77734375
test,1545,-4147.33984375,-4459.19384765625
test,3349,-5179.87890625,-5113.61962890625
test,5630,-2767.656982421875,-3067.7373046875
test,1595,-4201.591796875,-3765.657958984375
test,6487,-3694.839111328125,-3881.15673828125
test,2455,-3048.097900390625,-3178.970458984375
test,1028,-2418.047119140625,-2365.580322265625
test,3166,-1779.4320068359375,-2510.915283203125
test,5601,449.01806640625,448.7451171875
test,4595,-6689.64794921875,-6730.1181640625
test,323,-4914.65380859375,-5297.169921875
test,93,-1360.093994140625,-1427.068115234375
test,4958,-2075.23291015625,-2211.99462890625
test,1408,-4193.4541015625,-4784.16796875
test,5118,803.604736328125,739.353759765625
test,5459,479.739013671875,95.4169921875
test,840,-5937.33203125,-5164.873046875
test,5509,906.127197265625,873.786865234375
test,4660,-2978.65087890625,-3024.93408203125
test,6176,-3085.549072265625,-2912.83349609375
test,4460,-5755.162109375,-5566.81787109375
test,2715,-7606.97509765625,-8153.0263671875
test,3525,-6332.64990234375,-5843.74462890625
test,4088,-4641.3349609375,-5307.71142578125
test,440,-2510.7939453125,-2672.40869140625
test,4729,-3797.89208984375,-3735.560546875
test,3299,-5410.171875,-5564.6923828125
test,1393,-3401.6240234375,-3535.35400390625
test,642,-2245.303955078125,-2401.3720703125
test,1900,227.544921875,935.514404296875
test,2500,-5364.93896484375,-4937.67529296875
test,81,-1403.421142578125,-1692.951416015625
test,4916,-2204.62890625,-2140.3876953125
test,432,-4638.1611328125,-4407.1025390625
test,1394,-4585.0009765625,-4683.107421875
test,2359,-1298.203857421875,-904.400634765625
test,450,-1601.218994140625,-1563.88916015625
test,3124,-5989.38818359375,-5732.5751953125
test,5706,313.60595703125,435.31787109375
test,3414,-5524.93310546875,-4809.76708984375
test,1564,-7829.853515625,-7678.70263671875
test,3339,-7036.349609375,-6965.552734375
test,721,-3156.972900390625,-3064.70458984375
test,6250,-475.073974609375,-62.2861328125
test,1146,-5210.11279296875,-5767.8759765625
test,1420,-5674.68408203125,-5889.11865234375
test,6550,-1410.533935546875,-1839.0087890625
test,4629,-6538.125,-6405.2080078125
test,2778,-4648.673828125,-4604.1748046875
test,5504,1356.935791015625,1070.695556640625
test,105,-3000.08203125,-2774.8544921875
test,2314,-4956.68994140625,-4659.3271484375
test,5467,201.095947265625,212.345458984375
test,4538,-6170.01513671875,-6140.5458984375
test,978,-2805.508056640625,-3109.16162109375
test,6428,-5809.2470703125,-5859.482421875
test,6183,-4100.97607421875,-3272.043212890625
test,4435,-6348.68701171875,-6483.6806640625
test,5057,-2557.06591796875,-1956.9432373046875
test,3475,-2873.404052734375,-3183.393310546875
test,4621,-5822.27490234375,-5752.021484375
test,2237,-1067.619873046875,-968.183349609375
test,3884,-5892.10498046875,-5425.7890625
test,732,-3586.972900390625,-3367.419189453125
test,5603,-220.20166015625,-500.840576171875
test,5,-5584.98291015625,-5626.2890625
test,1621,-4141.2919921875,-4057.08935546875
test,3504,-3901.617919921875,-4551.2666015625
test,442,-2609.069091796875,-2866.722900390625
test,5449,368.833984375,351.491943359375
test,861,-5302.0419921875,-5936.2451171875
test,5505,1950.324951171875,1619.761474609375
test,5452,840.527099609375,1017.967041015625
test,1383,-7077.71923828125,-6752.9765625
test,5624,-1005.0,-1688.6510009765625
test,5420,-23.74169921875,179.576416015625
test,3447,-4618.92822265625,-5218.1630859375
test,3186,-6929.52783203125,-6472.98828125
test,1194,-3328.89990234375,-2961.02734375
test,4947,-3039.06396484375,-3582.986083984375
test,301,-5485.37109375,-5762.8134765625
test,3687,-3940.62109375,-3833.2041015625
test,1626,-3456.135009765625,-3791.3896484375
test,1735,-2336.114013671875,-2195.078125
test,5906,-2880.700927734375,-2613.94287109375
test,2035,-628.280029296875,-658.617919921875
test,4159,-6676.8828125,-6656.91650390625
test,1532,-4325.61083984375,-3743.07958984375
test,718,-1368.974853515625,-1336.8857421875
test,1623,-4048.1708984375,-3407.819580078125
test,5341,1233.530029296875,525.790283203125
test,998,-5724.7919921875,-5592.42431640625
test,6088,-1148.958984375,-1458.67626953125
test,1499,-3415.90087890625,-3068.591064453125
test,1508,-4910.27978515625,-5217.61279296875
test,2377,-1343.468994140625,-1215.10888671875
test,279,-2571.20703125,-2182.3125
test,277,-3884.6201171875,-3718.29833984375
test,4445,-3851.284912109375,-3398.51953125
test,6111,-1953.5260009765625,-1778.111572265625
test,6518,-1953.55712890625,-1465.091552734375
test,5307,-1249.868896484375,-902.213623046875
test,65,-4281.9970703125,-4586.083984375
test,49,-2794.56201171875,-2476.264404296875
test,3863,-6780.06396484375,-6655.4326171875
test,4506,-5344.06787109375,-5688.54296875
test,4785,-2732.637939453125,-2278.3583984375
test,1661,-5371.4501953125,-5122.93017578125
test,2225,-1538.14599609375,-1385.69921875
test,4630,-7300.19580078125,-7584.89599609375
test,2165,239.468994140625,665.447998046875
test,2420,-1909.06201171875,-2526.123046875
test,2869,-4119.00390625,-3777.72265625
test,669,-2681.14697265625,-3328.9365234375
test,6207,-1734.740966796875,-2045.69189453125
test,4831,-2194.15966796875,-2779.861328125
test,1524,-3590.431884765625,-3377.961669921875
test,4138,-9620.2080078125,-8864.3291015625
test,1658,-7125.48486328125,-6674.255859375
test,3601,-4700.52978515625,-4043.07568359375
test,4263,-8074.166015625,-8073.609375
test,3148,-2837.02294921875,-2930.78466796875
test,2361,-1165.343994140625,-1634.769287109375
test,2344,-2488.39990234375,-3025.802734375
test,1526,-4024.280029296875,-4048.119384765625
test,4586,-7310.021484375,-6868.7578125
test,3792,-4061.5390625,-3869.394775390625
test,3909,-7336.2548828125,-7274.8017578125
test,4737,-5364.14501953125,-5219.88916015625
test,4386,-7425.3232421875,-7745.9697265625
test,2665,-5334.09912109375,-5201.4169921875
test,6083,-491.784912109375,-908.2880859375
test,2827,-2308.344970703125,-2858.166015625
test,2260,-4902.82421875,-5077.05810546875
test,3027,-4629.5498046875,-4667.4189453125
test,555,-3227.572998046875,-3532.9619140625
test,1058,-1680.8740234375,-2185.7412109375
test,6461,-4775.09619140625,-4241.24853515625
test,1081,-4740.953125,-4605.57861328125
test,1815,174.72314453125,-92.458984375
test,4631,-6803.93701171875,-7359.4345703125
test,6052,-2172.01611328125,-2395.19384765625
test,1296,-4423.8310546875,-4402.9228515625
test,1039,-2023.4339599609375,-2537.753662109375
test,5623,-1139.031982421875,-1243.864501953125
test,4924,-5003.498046875,-4941.8369140625
test,2669,-3989.125,-4039.897216796875
test,5257,-553.509033203125,-844.2138671875
test,5822,1310.697021484375,946.788818359375
test,6431,-4813.8740234375,-4894.50732421875
test,2499,-5001.4619140625,-4768.1533203125
test,5109,966.216064453125,685.719482421875
test,528,-2216.389892578125,-2986.0947265625
test,6444,-3755.97607421875,-3602.572998046875
test,752,-2639.373046875,-2655.7529296875
test,5091,-890.552001953125,-899.26025390625
test,1219,-3750.784912109375,-3941.592041015625
test,6178,-3784.031005859375,-3587.451416015625
test,4382,-7155.2529296875,-7914.8525390625
test,4410,-5308.7431640625,-4906.7021484375
test,6090,-729.56103515625,-869.946044921875
test,333,-5912.212890625,-6065.78369140625
test,182,-5072.12890625,-5371.1962890625
test,6193,-2193.172119140625,-1354.279052734375
test,3590,-5100.09716796875,-5044.39453125
test,6246,-2452.945068359375,-1968.1812744140625
test,4783,-3079.699951171875,-2979.6865234375
test,4137,-9484.044921875,-9129.2646484375
test,3606,-4726.0390625,-5184.50537109375
test,4371,-10153.2080078125,-10007.9443359375
test,675,-5150.5,-5892.18994140625
test,5952,-4704.5439453125,-4850.2841796875
test,3375,-5345.7822265625,-4982.58935546875
test,1137,-4204.17822265625,-4411.42578125
test,749,-2242.4990234375,-2373.2783203125
test,5004,-1454.625,-1794.5645751953125
test,437,-3002.784912109375,-3458.849853515625
test,491,-3621.85400390625,-3043.453125
test,5646,-3181.736083984375,-2841.9208984375
test,2189,-3116.450927734375,-3054.65380859375
test,4802,-2253.708984375,-2635.695556640625
test,5668,-2215.51416015625,-2180.89501953125
test,5729,107.2451171875,-712.444091796875
test,1672,-7717.4521484375,-7603.3486328125
