split,row_index,y_true,y_pred
train,3296,326.1000061035156,344.09979248046875
train,3049,246.3000030517578,256.11004638671875
train,8400,605.2999877929688,609.6026611328125
train,3135,304.1000061035156,330.30926513671875
train,4241,370.20001220703125,362.4664306640625
train,8014,381.20001220703125,362.4155578613281
train,1095,284.1000061035156,288.31439208984375
train,4006,386.29998779296875,381.69281005859375
train,2094,668.2999877929688,668.7559814453125
train,286,598.2999877929688,604.81298828125
train,7333,303.29998779296875,282.0906677246094
train,16,663.2000122070312,684.1779174804688
train,4312,729.4000244140625,737.9269409179688
train,5477,702.7999877929688,704.6715087890625
train,5939,447.70001220703125,428.0911560058594
train,3341,339.8999938964844,330.1510009765625
train,8536,456.20001220703125,416.3515930175781
train,8131,273.79998779296875,253.46067810058594
train,7318,305.0,300.92034912109375
train,783,334.29998779296875,368.7578430175781
train,3685,280.1000061035156,264.4796142578125
train,3749,831.9000244140625,839.1448974609375
train,7973,577.0,564.9419555664062
train,5152,455.0,415.26318359375
train,4362,250.89999389648438,245.81610107421875
train,8076,516.7000122070312,509.7410888671875
train,6369,417.5,422.0527038574219
train,4721,332.79998779296875,351.25634765625
train,7332,371.79998779296875,363.322509765625
train,1650,384.79998779296875,373.791259765625
train,6396,353.5,356.81103515625
train,5799,721.9000244140625,692.1142578125
train,6436,299.70001220703125,323.148193359375
train,4592,574.2999877929688,551.86181640625
train,828,364.70001220703125,353.18267822265625
train,4756,250.6999969482422,261.98992919921875
train,5270,634.0,648.6102294921875
train,2770,305.1000061035156,323.2438049316406
train,2772,423.6000061035156,411.8586120605469
train,8564,278.10003662109375,301.6856689453125
train,3561,338.70001220703125,324.83660888671875
train,8164,210.60000610351562,211.6598358154297
train,6283,533.5,546.6564331054688
train,7728,538.2999877929688,533.0564575195312
train,7331,322.79998779296875,338.53070068359375
train,2633,557.7999877929688,553.6137084960938
train,6577,521.7999877929688,469.36151123046875
train,6094,374.29998779296875,353.18121337890625
train,5038,431.5,441.8808288574219
train,1174,337.29998779296875,330.6075744628906
train,4755,527.4000244140625,507.9980773925781
train,5416,406.0,386.86749267578125
train,3247,674.5,633.9534301757812
train,2831,412.1000061035156,382.8036804199219
train,194,285.8999938964844,279.37451171875
train,6177,590.5999755859375,584.103759765625
train,3391,380.5,369.0127868652344
train,3158,284.79998779296875,275.0460205078125
train,7730,306.6000061035156,288.76141357421875
train,7885,579.5999755859375,577.2174072265625
train,5837,617.2000122070312,615.5151977539062
train,3411,282.20001220703125,291.26947021484375
train,2504,474.8999938964844,476.9752502441406
train,5231,272.20001220703125,282.51470947265625
train,4626,517.2000122070312,515.7955322265625
train,8633,516.4000244140625,482.61083984375
train,7685,752.9000244140625,737.8794555664062
train,8500,298.70001220703125,276.53887939453125
train,4061,417.6000061035156,399.96270751953125
train,7223,464.1000061035156,445.8964538574219
train,3631,453.6000061035156,467.72900390625
train,5153,742.7999877929688,736.03759765625
train,5341,373.5,367.4986267089844
train,425,572.0,556.7726440429688
train,6753,327.3999938964844,313.59246826171875
train,6692,265.70001220703125,252.12950134277344
train,7607,488.1000061035156,486.0203552246094
train,146,756.7000122070312,754.088134765625
train,2749,391.8999938964844,395.1149597167969
train,5929,251.89999389648438,244.31414794921875
train,4082,502.6000061035156,488.5062255859375
train,372,264.20001220703125,265.44866943359375
train,6120,775.2000122070312,796.0806884765625
train,7659,816.0999755859375,780.9744873046875
train,8422,396.70001220703125,400.6137390136719
train,1494,431.79998779296875,399.0831298828125
train,1384,416.79998779296875,406.2775573730469
train,7859,248.60000610351562,246.27857971191406
train,529,342.6000061035156,319.67864990234375
train,5866,271.79998779296875,278.7948303222656
train,7749,342.3999938964844,324.5970458984375
train,4862,561.7999877929688,577.3108520507812
train,2825,534.5999755859375,539.2916259765625
train,1684,298.70001220703125,305.5427551269531
train,3599,369.20001220703125,340.67974853515625
train,6891,731.4000244140625,685.2656860351562
train,2937,586.5999755859375,556.428466796875
train,7697,529.5999755859375,531.4488525390625
train,6647,272.29998779296875,292.23077392578125
train,8711,347.5,328.37237548828125
train,1286,634.2999877929688,596.2108154296875
train,5770,461.79998779296875,432.5887145996094
train,7954,415.0,402.3286437988281
train,3022,247.6999969482422,253.66043090820312
train,5249,335.5,307.6389465332031
train,8661,440.5,435.9246826171875
train,8338,715.4000244140625,712.4996948242188
train,433,802.2000122070312,775.01708984375
train,5772,444.5,423.5928955078125
train,6990,508.3999938964844,500.098876953125
train,2210,374.5,382.23480224609375
train,6599,401.79998779296875,374.4814453125
train,6003,754.0999755859375,756.3604125976562
train,72,368.70001220703125,372.4473571777344
train,4631,318.79998779296875,299.02886962890625
train,4028,509.29998779296875,506.682373046875
train,6533,326.20001220703125,340.5024719238281
train,5485,311.5,302.904541015625
train,8570,546.2000122070312,533.6085205078125
train,535,346.29998779296875,334.5168762207031
train,6416,381.29998779296875,387.8179016113281
train,7168,378.1000061035156,355.8280029296875
train,2521,300.5,280.32586669921875
train,2822,327.20001220703125,311.40484619140625
train,8355,459.3999938964844,451.3851623535156
train,4306,424.5,408.3354187011719
train,1399,577.2000122070312,551.5222778320312
train,400,262.29998779296875,279.142822265625
train,4352,443.0,441.6014099121094
train,8408,807.5,782.59765625
train,6514,460.5,442.8521728515625
train,5027,421.8999938964844,389.63232421875
train,6899,660.0,661.4910278320312
train,1170,465.1000061035156,423.8963317871094
train,1054,285.5,285.960693359375
train,5574,831.4000244140625,843.2181396484375
train,2890,378.5,387.6182861328125
train,2286,675.9000244140625,690.6962890625
train,1144,258.79998779296875,249.3254852294922
train,7424,391.3999938964844,389.11126708984375
train,1947,379.6000061035156,370.43707275390625
train,2032,455.20001220703125,459.7847900390625
train,665,432.29998779296875,443.4976501464844
train,6855,378.8999938964844,372.40625
train,8596,536.4000244140625,540.8626708984375
train,1853,724.2999877929688,706.3125
train,8418,766.4000244140625,765.4005737304688
train,2354,388.29998779296875,363.0283203125
train,862,706.4000244140625,695.0234985351562
train,5560,287.6000061035156,259.47845458984375
train,2376,437.8999938964844,415.322021484375
train,2492,419.79998779296875,420.211181640625
train,5591,407.70001220703125,408.97076416015625
train,762,395.8999938964844,372.781982421875
train,1152,591.5999755859375,615.70166015625
train,6754,243.39999389648438,240.65106201171875
train,4438,382.1000061035156,347.23431396484375
train,4441,461.8999938964844,454.5939636230469
train,1948,611.2000122070312,634.7232666015625
train,6985,631.5999755859375,625.1309204101562
train,1727,341.5,351.707763671875
train,7309,432.79998779296875,429.6569519042969
train,4914,757.5,756.0079345703125
train,1084,427.0,425.4462890625
train,1243,421.20001220703125,421.98614501953125
train,910,369.20001220703125,366.5955505371094
train,2386,304.70001220703125,316.365966796875
train,582,258.6000061035156,249.18174743652344
train,1220,786.4000244140625,780.152099609375
train,2097,708.9000244140625,713.8583984375
train,1325,288.0,267.44622802734375
train,7551,587.5999755859375,605.59619140625
train,5225,283.20001220703125,292.75506591796875
train,4640,494.1000061035156,485.1236267089844
train,1597,301.5,334.19195556640625
train,2823,785.199951171875,781.33642578125
train,5232,304.5,287.0721130371094
train,7060,503.70001220703125,494.1076354980469
train,982,405.20001220703125,398.80755615234375
train,5049,347.6000061035156,322.43914794921875
train,5108,424.5,426.3551940917969
train,7161,339.6000061035156,332.58099365234375
train,2399,429.20001220703125,404.72076416015625
train,3956,492.79998779296875,498.1119384765625
train,4470,403.6000061035156,369.7862548828125
train,5119,315.79998779296875,308.00958251953125
train,6931,335.1000061035156,321.41851806640625
train,6840,426.0,419.1288757324219
train,5632,327.1000061035156,318.26995849609375
train,8490,800.0999755859375,797.4462890625
train,8735,304.29998779296875,301.9645690917969
train,644,386.70001220703125,376.38836669921875
train,7106,336.29998779296875,312.4847412109375
train,8439,458.79998779296875,448.44171142578125
train,7226,375.0,395.843017578125
train,1083,423.20001220703125,401.47540283203125
train,6197,586.0999755859375,564.8505249023438
train,8736,882.0999755859375,880.9524536132812
train,4593,368.6000061035156,371.13201904296875
train,2367,313.20001220703125,315.76812744140625
train,2558,833.5999755859375,830.6732788085938
train,2011,407.5,404.03619384765625
train,2411,822.2000122070312,825.982177734375
train,5300,423.6000061035156,426.1644287109375
train,5647,432.79998779296875,456.762451171875
train,4323,365.5,367.1841735839844
train,8074,326.0,329.5067443847656
train,1062,422.79998779296875,427.4626159667969
train,68,316.1000061035156,316.2677307128906
train,4361,304.1000061035156,312.5965270996094
train,1878,344.70001220703125,347.9723815917969
train,6371,730.7000122070312,747.156982421875
train,5029,385.8999938964844,387.97662353515625
train,1533,453.6000061035156,453.8636169433594
train,6980,287.1000061035156,297.57281494140625
train,3206,388.5,381.8664245605469
train,8450,217.1999969482422,227.34986877441406
train,2375,348.79998779296875,364.6199645996094
train,7901,446.79998779296875,437.3204650878906
train,6810,771.4000244140625,799.3857421875
train,6726,306.3999938964844,310.518798828125
train,2204,306.3999938964844,293.501953125
train,6355,388.5,377.20123291015625
train,4237,367.5,356.72735595703125
train,8107,224.0,216.6450958251953
train,5582,290.3999938964844,295.97412109375
train,6328,507.0,498.9122009277344
train,5761,439.20001220703125,418.50262451171875
train,5159,320.5,335.35015869140625
train,6574,276.0,273.42144775390625
train,7296,852.5,847.9334716796875
train,5951,350.5,341.6611633300781
train,6192,337.6000061035156,358.2461853027344
train,8749,541.5,554.301513671875
train,8350,332.0,328.04119873046875
train,1699,424.1000061035156,415.50177001953125
train,3964,631.0999755859375,621.204833984375
train,5398,386.29998779296875,392.569091796875
train,6400,715.0,709.625
train,2828,492.6000061035156,521.2877807617188
train,6374,497.79998779296875,505.3053894042969
train,178,254.8999786376953,276.168212890625
train,8672,353.29998779296875,350.87139892578125
train,4747,300.79998779296875,302.8868103027344
train,8757,385.29998779296875,382.87384033203125
train,638,312.5,316.71295166015625
train,2651,470.29998779296875,481.85382080078125
train,7865,483.1000061035156,493.473876953125
train,8652,509.5,495.4897155761719
train,7227,332.70001220703125,336.685546875
train,5769,736.2999877929688,741.7696533203125
train,6093,509.29998779296875,514.608642578125
train,5595,501.20001220703125,519.2371826171875
train,4133,448.8999938964844,440.6106872558594
train,1082,428.20001220703125,448.9517822265625
train,1668,322.79998779296875,316.8958740234375
train,2731,358.20001220703125,349.21307373046875
train,4423,318.1000061035156,324.3122253417969
train,248,254.0,260.7746276855469
train,8593,525.9000244140625,501.6326599121094
train,3193,294.3999938964844,262.2183532714844
train,652,378.20001220703125,369.0260009765625
train,4052,308.5,303.2454833984375
train,2841,391.29998779296875,380.95556640625
train,1247,288.5,292.5130615234375
train,5923,360.79998779296875,341.4234619140625
train,5543,372.20001220703125,343.7340087890625
train,8227,254.8999786376953,258.22515869140625
train,6709,391.1000061035156,362.32586669921875
train,3760,338.20001220703125,359.697021484375
train,8168,327.29998779296875,335.7598571777344
train,367,245.6999969482422,242.96871948242188
train,2203,793.0,794.359130859375
train,960,697.0,725.0880737304688
train,3925,426.29998779296875,413.3345031738281
train,7237,307.0,313.82012939453125
train,4796,358.29998779296875,329.87969970703125
train,4543,584.0,594.4695434570312
train,6513,487.20001220703125,493.5914306640625
train,8535,488.6000061035156,483.72259521484375
train,5051,590.7000122070312,580.425537109375
train,7919,250.5,256.3909606933594
train,5254,385.6000061035156,385.3087158203125
train,1211,348.20001220703125,354.08880615234375
train,573,705.7999877929688,703.2029418945312
train,3727,375.8999938964844,391.6276550292969
train,6141,599.5999755859375,605.7157592773438
train,3436,325.5,290.6051025390625
train,108,470.0,436.9019775390625
train,2134,298.1000061035156,309.5429382324219
train,1135,413.5,403.46478271484375
train,1207,322.70001220703125,301.775390625
train,4985,418.3999938964844,416.87060546875
train,7259,375.6000061035156,360.722412109375
train,926,343.6000061035156,347.4634704589844
train,969,487.0,477.7574768066406
train,1821,519.2999877929688,497.3102111816406
train,5473,310.3999938964844,328.9610900878906
train,2759,375.0,358.41644287109375
train,2809,670.9000244140625,691.6402587890625
train,4893,530.5999755859375,512.2706298828125
train,8193,717.9000244140625,715.38037109375
train,1200,571.0,573.23828125
train,7647,360.0,337.25616455078125
train,879,772.0,766.683837890625
train,5790,417.1000061035156,416.3670654296875
train,4975,343.29998779296875,343.2558898925781
train,4525,353.20001220703125,322.95037841796875
train,5704,265.6000061035156,239.46653747558594
train,3733,737.9000244140625,732.0130615234375
train,1717,290.20001220703125,287.7978515625
train,1191,690.2999877929688,668.9049072265625
train,4063,742.7999877929688,729.4815673828125
train,649,514.7999877929688,501.509033203125
train,5009,644.5999755859375,644.0352783203125
train,8648,335.1000061035156,314.2215576171875
train,1361,296.5,303.33148193359375
train,4171,299.1000061035156,299.27392578125
train,2422,574.2000122070312,583.2401733398438
train,5437,566.2999877929688,573.6312866210938
train,6205,311.6000061035156,296.860595703125
train,147,561.2999877929688,559.3778686523438
train,5840,431.8999938964844,417.1488952636719
train,7085,826.5,797.365234375
train,5330,310.79998779296875,305.0211181640625
train,4797,358.0,370.69091796875
train,6949,345.5,328.8909912109375
train,127,318.1000061035156,306.97943115234375
train,1730,315.29998779296875,306.7347106933594
train,2567,663.2000122070312,637.4256591796875
train,3489,258.70001220703125,252.97259521484375
train,2650,493.79998779296875,520.27685546875
train,2565,279.1000061035156,303.18316650390625
train,4113,264.3999938964844,261.68048095703125
train,555,529.7000122070312,520.7868041992188
train,6663,339.20001220703125,355.77166748046875
train,3650,463.70001220703125,489.1288146972656
train,5337,389.70001220703125,366.0172119140625
train,8440,645.4000244140625,618.584716796875
train,3207,567.4000244140625,575.6226806640625
train,4620,396.6000061035156,407.1168212890625
train,904,429.3999938964844,431.04803466796875
train,4039,378.20001220703125,368.2949523925781
train,8694,325.20001220703125,314.2338562011719
train,1695,283.6000061035156,304.3185119628906
train,2726,413.79998779296875,400.1969909667969
train,3110,475.3999938964844,489.4458923339844
train,7830,304.6000061035156,308.6795959472656
train,6772,477.5,485.7935485839844
train,8487,365.29998779296875,329.1706237792969
train,1163,424.79998779296875,437.9017333984375
train,6497,278.5,279.10345458984375
train,3826,334.1000061035156,324.9376220703125
train,2254,339.79998779296875,330.3345947265625
train,7788,332.29998779296875,316.7191467285156
train,3034,520.0999755859375,510.86846923828125
train,8478,336.8999938964844,340.18865966796875
train,2231,266.1000061035156,247.81582641601562
train,77,726.2000122070312,695.713623046875
train,2233,296.3999938964844,287.1611633300781
train,4992,275.20001220703125,282.2153625488281
train,3479,826.7999877929688,817.0435791015625
train,7143,449.29998779296875,437.957763671875
train,631,351.0,353.6242370605469
train,5977,296.6000061035156,305.5119934082031
train,2124,576.2999877929688,542.0198974609375
train,5180,534.4000244140625,515.2715454101562
train,7595,322.79998779296875,315.77349853515625
train,348,526.5999755859375,505.7198791503906
train,24,509.3999938964844,483.17132568359375
train,5047,302.3999938964844,308.31695556640625
train,1854,259.79998779296875,261.1717834472656
train,1166,305.5,284.38055419921875
train,1575,694.2000122070312,669.86962890625
train,793,448.20001220703125,434.3977355957031
train,2013,302.8999938964844,311.8202209472656
train,4585,357.0,340.931396484375
train,1938,359.1000061035156,364.9986877441406
train,6091,392.70001220703125,358.6345520019531
train,3602,654.2999877929688,639.0757446289062
train,2514,317.6000061035156,311.8721618652344
train,2977,289.79998779296875,301.557861328125
train,6317,425.1000061035156,412.4728698730469
train,92,292.0,304.7823791503906
train,518,841.0,852.769775390625
train,3726,322.6000061035156,318.7822265625
train,6121,547.0999755859375,554.7742309570312
train,5827,250.09999084472656,249.74139404296875
train,8522,362.20001220703125,332.5525817871094
train,5193,437.8999938964844,422.5461120605469
train,2959,300.20001220703125,306.351318359375
train,3446,298.5,277.0353698730469
train,6861,375.6000061035156,360.7599792480469
train,5127,368.20001220703125,308.8918762207031
train,32,591.0,587.1766357421875
train,5968,414.79998779296875,417.50579833984375
train,7160,304.1000061035156,308.01123046875
train,3803,468.1000061035156,465.4004211425781
train,7390,436.79998779296875,422.3421936035156
train,3192,313.5,301.7570495605469
train,6520,706.4000244140625,701.1649169921875
train,3067,361.70001220703125,349.18951416015625
train,5515,454.29998779296875,442.5902404785156
train,6863,387.1000061035156,339.9619445800781
train,6181,315.70001220703125,318.44293212890625
train,6942,325.3999938964844,314.64080810546875
train,3530,404.20001220703125,404.1207275390625
train,6518,350.79998779296875,332.33258056640625
train,74,505.70001220703125,502.8282470703125
train,90,653.5,636.42041015625
train,1470,441.3999938964844,418.9834289550781
train,1177,443.5,395.3847961425781
train,281,333.79998779296875,321.99041748046875
train,2071,398.29998779296875,384.30908203125
train,3515,451.3999938964844,455.3072814941406
train,7760,435.0,445.0209045410156
train,1218,489.70001220703125,480.8811950683594
train,3985,484.20001220703125,473.9427490234375
train,2576,284.5,307.41558837890625
train,8573,468.6000061035156,439.8851623535156
train,6469,694.5999755859375,699.2015380859375
train,7396,542.2999877929688,525.43017578125
train,6866,423.3999938964844,416.48004150390625
train,6590,384.3999938964844,381.74896240234375
train,6439,458.70001220703125,448.43939208984375
train,2352,333.20001220703125,323.3866271972656
train,5634,346.70001220703125,323.2108154296875
train,3188,817.5,800.74853515625
train,2379,593.0,583.3829956054688
train,650,315.79998779296875,308.11029052734375
train,7304,508.8999938964844,484.04595947265625
train,1031,411.8999938964844,387.1800842285156
train,2008,425.20001220703125,415.6001892089844
train,6643,420.3999938964844,415.50634765625
train,3150,592.2999877929688,572.5281982421875
train,5716,404.1000061035156,394.72430419921875
train,8058,368.79998779296875,341.7109375
train,1713,487.8999938964844,490.9379577636719
train,5488,401.70001220703125,390.57757568359375
train,4919,324.79998779296875,320.1765441894531
train,3982,432.3999938964844,453.18963623046875
train,8023,303.79998779296875,321.1357116699219
train,8226,394.3999938964844,388.07965087890625
train,7651,700.9000244140625,710.60302734375
train,217,740.9000244140625,732.7368774414062
train,1282,774.5999755859375,758.55615234375
train,2471,416.20001220703125,416.4593811035156
train,5620,299.0,283.71087646484375
train,4933,330.0,337.5186767578125
train,3854,391.0,363.2944641113281
train,1010,582.5,569.28515625
train,2951,276.79998779296875,309.2806701660156
train,5773,274.8999938964844,258.88995361328125
train,4968,624.2999877929688,659.4505615234375
train,2730,310.6000061035156,311.0056457519531
train,4952,360.5,350.9939880371094
train,6648,419.29998779296875,389.4815368652344
train,6750,492.29998779296875,482.3505859375
train,7138,620.2000122070312,617.99169921875
train,2550,537.7000122070312,491.7615966796875
train,5324,376.0,363.421875
train,7319,436.0,433.51300048828125
train,2872,426.20001220703125,450.0024719238281
train,6310,725.0,697.38720703125
train,6910,670.7000122070312,667.70849609375
train,2102,307.6000061035156,312.10260009765625
train,5449,486.6000061035156,481.2940368652344
train,2227,489.20001220703125,472.9710998535156
train,3061,368.6000061035156,331.8488464355469
train,3608,503.0,475.8819580078125
train,4840,789.2000122070312,776.1075439453125
train,3062,439.0,451.1426696777344
train,2041,602.0999755859375,596.78125
train,6658,531.0999755859375,513.9907836914062
train,5391,542.5999755859375,539.073974609375
train,7575,754.9000244140625,742.83203125
train,1264,355.70001220703125,329.47369384765625
train,384,411.1000061035156,375.6204528808594
train,1594,819.7000122070312,820.975830078125
train,4221,429.3999938964844,406.0871276855469
train,1212,355.3999938964844,349.49664306640625
train,2926,558.5,536.5551147460938
train,5675,478.20001220703125,466.6860656738281
train,4229,274.0,262.36541748046875
train,2393,824.7000122070312,813.1605224609375
train,2553,382.1000061035156,377.4272766113281
train,6682,601.2999877929688,615.63525390625
train,7535,253.89999389648438,266.64385986328125
train,7471,403.70001220703125,403.14410400390625
train,928,426.0,429.4571838378906
train,6280,730.5,688.37646484375
train,2162,523.4000244140625,507.1673889160156
train,5267,315.79998779296875,283.17437744140625
train,7825,702.2999877929688,676.1629638671875
train,903,558.2999877929688,539.4072875976562
train,5572,307.8999938964844,315.6573486328125
train,774,330.20001220703125,323.28070068359375
train,5266,287.3999938964844,277.76837158203125
train,1574,485.70001220703125,480.9183044433594
train,1261,372.20001220703125,335.98968505859375
train,1916,420.79998779296875,426.3631286621094
train,3714,734.4000244140625,711.5253295898438
train,7301,461.3999938964844,453.3255310058594
train,7598,823.9000244140625,799.8978271484375
train,7609,408.6000061035156,379.30206298828125
train,6214,338.5,316.0311584472656
train,8435,750.4000244140625,743.4254150390625
train,980,312.8999938964844,270.85205078125
train,2027,353.3999938964844,362.84832763671875
train,8112,286.0,295.5710144042969
train,986,294.1000061035156,303.6761779785156
train,3352,550.5999755859375,563.659912109375
train,2978,482.70001220703125,465.0234069824219
train,7829,394.3999938964844,383.4124755859375
train,158,487.20001220703125,479.2452697753906
train,5107,573.7999877929688,546.739990234375
train,1413,436.29998779296875,425.7793273925781
train,3652,258.70001220703125,253.05108642578125
train,8086,458.3999938964844,429.4605712890625
train,8466,471.20001220703125,484.1082458496094
train,5122,329.29998779296875,322.9537048339844
train,8397,382.8999938964844,349.6004333496094
train,5405,377.5,396.67626953125
train,2956,308.0,334.2588806152344
train,1032,479.8999938964844,455.14520263671875
train,1590,339.1000061035156,341.962646484375
train,6228,295.70001220703125,285.80120849609375
train,2068,789.9000244140625,766.112548828125
train,6054,335.0,297.0018005371094
train,5368,405.3999938964844,372.2928161621094
train,6365,448.29998779296875,426.0696716308594
train,8602,458.3999938964844,429.66046142578125
train,3264,331.6000061035156,323.4050598144531
train,819,378.0,362.67132568359375
train,5803,352.8999938964844,331.17926025390625
train,6296,417.79998779296875,368.34765625
train,1979,631.0999755859375,585.9645385742188
train,6072,612.5,610.2086181640625
train,7971,631.2000122070312,639.9431762695312
train,3338,628.2000122070312,617.411865234375
train,4590,212.89999389648438,208.6328582763672
train,4100,516.0999755859375,530.5361938476562
train,578,331.29998779296875,312.30181884765625
train,428,317.8999938964844,325.88433837890625
train,4834,549.2000122070312,549.5592651367188
train,585,675.0,686.8395385742188
train,7652,418.3999938964844,425.0254821777344
train,1388,822.5,825.0467529296875
train,3278,564.5,549.5232543945312
train,7327,253.6999969482422,268.2773742675781
train,4196,480.5,493.1359558105469
train,4607,586.2000122070312,588.5770263671875
train,4676,367.20001220703125,368.15496826171875
train,705,472.5,447.63134765625
train,4216,545.7999877929688,548.0125732421875
train,4653,485.3999938964844,471.0067443847656
train,5344,581.2000122070312,571.142578125
train,8414,262.79998779296875,258.0623779296875
train,2618,496.5,444.9173278808594
train,6063,520.5,528.3997192382812
train,7896,314.79998779296875,334.54315185546875
train,8431,406.20001220703125,403.0007019042969
train,470,308.8999938964844,306.2975158691406
train,7738,438.8999938964844,413.23858642578125
train,385,285.3999938964844,292.06488037109375
train,3200,356.5,370.03900146484375
train,4986,274.1000061035156,291.0223083496094
train,7642,389.29998779296875,396.40179443359375
train,5313,302.5,291.7660217285156
train,2601,302.29998779296875,298.8193664550781
train,5995,324.29998779296875,339.4415283203125
train,1507,327.20001220703125,340.998779296875
train,192,374.70001220703125,343.89263916015625
train,7740,340.79998779296875,351.6371154785156
train,4020,295.20001220703125,279.2230224609375
train,6233,536.2000122070312,523.4053344726562
train,2691,381.1000061035156,362.66094970703125
train,526,599.2000122070312,575.0048217773438
train,4942,365.1000061035156,344.9771728515625
train,4703,336.6000061035156,331.25897216796875
train,715,481.29998779296875,479.2025146484375
train,2105,314.20001220703125,307.3414306640625
train,6305,389.6000061035156,376.6727600097656
train,1593,606.7999877929688,589.4286499023438
train,2702,582.9000244140625,578.7689819335938
train,6486,540.0,531.303955078125
train,7341,275.1000061035156,245.06442260742188
train,3298,363.79998779296875,325.40753173828125
train,1146,390.0,396.8628845214844
train,2400,514.4000244140625,504.29449462890625
train,8308,791.0999755859375,766.26220703125
train,8119,309.79998779296875,299.4298095703125
train,1329,627.2999877929688,601.4685668945312
train,6818,466.6000061035156,466.1549072265625
train,63,266.0,275.5624694824219
train,5812,331.70001220703125,320.6295471191406
train,3800,436.79998779296875,446.8319396972656
train,1895,353.5,351.0767517089844
train,5613,431.20001220703125,417.8756103515625
train,4559,326.1000061035156,291.20928955078125
train,8317,697.9000244140625,726.951904296875
train,7076,354.29998779296875,362.2794494628906
train,990,390.8999938964844,407.15777587890625
train,2652,483.0,459.1961669921875
train,4044,242.60000610351562,229.42129516601562
train,4478,338.8999938964844,327.0536193847656
train,7887,405.79998779296875,383.2809753417969
train,5663,341.20001220703125,329.97955322265625
train,5298,468.20001220703125,419.1991271972656
train,3704,407.1000061035156,403.41595458984375
train,6675,396.1000061035156,378.023193359375
train,8001,457.1000061035156,465.949951171875
train,3889,463.0,452.58477783203125
train,2750,374.5,381.6008605957031
train,7434,472.0,467.8166198730469
train,167,409.79998779296875,415.8960266113281
train,7494,399.70001220703125,389.0526123046875
train,3788,415.79998779296875,420.3765563964844
train,7372,463.5,421.878173828125
train,4289,412.8999938964844,395.9943542480469
train,3421,345.8999938964844,340.97283935546875
train,933,390.6000061035156,359.33544921875
train,8461,339.6000061035156,350.0975646972656
train,1405,396.6000061035156,396.67474365234375
train,7193,561.5999755859375,559.5416259765625
train,5306,280.1000061035156,274.12872314453125
train,1909,480.6000061035156,472.3436279296875
train,4228,468.8999938964844,463.43548583984375
train,6201,490.5,493.9166259765625
train,2467,343.5,334.287353515625
train,2506,250.5,261.8851318359375
train,1624,585.5,574.367431640625
train,143,380.8999938964844,370.7003479003906
train,6049,335.20001220703125,319.2574462890625
train,7638,288.5,291.34661865234375
train,1563,331.8999938964844,317.8680419921875
train,6752,421.79998779296875,409.6343078613281
train,7217,320.20001220703125,303.0722961425781
train,2768,533.2000122070312,516.9978637695312
train,559,334.0,304.8985900878906
train,3340,431.5,423.2174377441406
train,895,352.5,336.5443115234375
train,2383,824.7999877929688,780.28369140625
train,7689,429.20001220703125,415.77520751953125
train,4007,318.3999938964844,300.88897705078125
train,6760,820.2000122070312,808.3740844726562
train,5794,701.5,691.8111572265625
train,4569,457.29998779296875,460.2007751464844
train,2410,371.20001220703125,371.163330078125
train,7361,454.5,444.6827697753906
train,6380,421.3999938964844,409.3107604980469
train,4772,746.0999755859375,740.2359008789062
train,7371,558.4000244140625,527.82861328125
train,3222,558.2000122070312,533.5056762695312
train,5672,363.5,366.77490234375
train,8544,304.29998779296875,279.2855224609375
train,5907,473.8999938964844,471.6175537109375
train,802,469.3999938964844,445.6893615722656
train,3873,517.5999755859375,524.0401611328125
train,6136,548.2999877929688,535.7299194335938
train,8358,289.8999938964844,287.9388427734375
train,1796,300.3999938964844,307.1088562011719
train,4504,318.70001220703125,314.27215576171875
train,3225,491.6000061035156,511.94024658203125
train,285,505.3999938964844,466.6666259765625
train,7339,306.5,305.0543212890625
train,5046,445.29998779296875,456.51812744140625
train,1638,322.3999938964844,307.9531555175781
train,2295,258.5,263.39532470703125
train,633,333.3999938964844,329.09344482421875
train,6363,735.5,715.0540771484375
train,4331,723.4000244140625,680.2218627929688
train,3980,370.6000061035156,330.8334045410156
train,6101,259.20001220703125,237.98512268066406
train,7036,425.79998779296875,428.98931884765625
train,3085,567.0999755859375,555.8297729492188
train,221,337.6000061035156,342.50762939453125
train,8271,293.3999938964844,291.28204345703125
train,765,620.7000122070312,616.3185424804688
train,7699,412.20001220703125,423.8318786621094
train,5435,447.3999938964844,435.0830993652344
train,3121,744.199951171875,737.626708984375
train,5638,538.4000244140625,510.6225891113281
train,1960,442.3999938964844,420.7023620605469
train,3684,458.20001220703125,463.0737609863281
train,7000,761.7999877929688,772.3099365234375
train,697,351.20001220703125,355.0721435546875
train,624,326.0,346.93621826171875
train,6338,319.8999938964844,312.00982666015625
train,2735,446.1000061035156,445.4158020019531
train,5955,254.60000610351562,242.49082946777344
train,6686,385.6000061035156,395.2315673828125
train,276,419.20001220703125,411.4338073730469
train,6426,708.0999755859375,702.1649169921875
train,2144,303.6000061035156,300.34326171875
train,7524,560.0,580.8026123046875
train,8179,415.29998779296875,361.2088317871094
train,1918,334.1000061035156,328.76080322265625
train,8664,411.3999938964844,403.22674560546875
train,6067,307.8999938964844,299.430419921875
train,2818,279.20001220703125,290.07586669921875
train,6765,508.70001220703125,496.7344665527344
train,2018,542.7000122070312,533.3212280273438
train,3234,343.29998779296875,319.1335144042969
train,2014,525.5,527.9862060546875
train,6761,370.20001220703125,371.38812255859375
train,2202,368.29998779296875,399.64447021484375
train,3116,604.0999755859375,600.8270263671875
train,7701,472.3999938964844,475.684326171875
train,3416,429.3999938964844,442.04083251953125
train,2270,277.79998779296875,277.10791015625
train,8719,465.70001220703125,452.5955505371094
train,8392,739.199951171875,763.568115234375
train,7791,340.1000061035156,348.0838623046875
train,6688,297.8999938964844,301.5539245605469
train,1427,478.3999938964844,480.70849609375
train,2453,346.20001220703125,337.6678771972656
train,8449,364.20001220703125,367.4735107421875
train,1626,547.7000122070312,512.4906616210938
train,7512,469.0,452.37982177734375
train,5957,341.3999938964844,339.3292541503906
train,4887,380.79998779296875,385.5202331542969
train,7503,530.2999877929688,559.2308959960938
train,142,383.8999938964844,371.8737487792969
train,2460,321.1000061035156,309.9815673828125
train,392,349.1000061035156,369.2020568847656
train,4426,355.20001220703125,362.8039855957031
train,6927,352.6000061035156,353.9342346191406
train,4463,505.3999938964844,482.63385009765625
train,5522,350.1000061035156,325.52667236328125
train,3718,375.6000061035156,376.3204345703125
train,3305,568.0,571.5889282226562
train,591,364.0,355.9374694824219
train,6297,460.20001220703125,443.29119873046875
train,2484,329.8999938964844,337.4976806640625
train,3220,534.7000122070312,536.3479614257812
train,5169,515.2000122070312,505.31219482421875
train,1769,480.0,467.9619140625
train,1446,760.0,756.7959594726562
train,361,368.29998779296875,353.69635009765625
train,4443,381.20001220703125,366.4878234863281
train,37,398.0,392.3310852050781
train,4307,338.20001220703125,343.3372497558594
train,7313,815.5999755859375,810.5008544921875
train,4658,328.20001220703125,324.0115051269531
train,4705,596.5,611.7892456054688
train,7382,554.5,549.8265380859375
train,3945,254.0,238.7532196044922
train,3084,424.1000061035156,410.0299987792969
train,1806,526.7000122070312,515.8839111328125
train,1970,348.29998779296875,351.6553955078125
train,176,446.20001220703125,437.128662109375
train,7426,503.70001220703125,476.03857421875
train,174,340.8999938964844,332.1993408203125
train,57,427.20001220703125,443.4149475097656
train,4015,762.5,745.4486083984375
train,5566,391.3999938964844,401.55047607421875
train,8342,315.1000061035156,310.39434814453125
train,322,509.29998779296875,510.9262390136719
train,3052,396.29998779296875,399.44195556640625
train,6721,390.3999938964844,357.40106201171875
train,1227,349.29998779296875,349.2998046875
train,6756,535.2999877929688,519.5235595703125
train,6415,361.0,323.059326171875
train,6566,333.20001220703125,335.4682922363281
train,2899,323.1000061035156,336.8212890625
train,5603,488.20001220703125,514.8646850585938
train,4048,341.3999938964844,331.1168212890625
train,2710,293.70001220703125,269.3516540527344
train,5950,469.79998779296875,423.3325500488281
train,1939,589.9000244140625,582.3740234375
train,5694,789.5999755859375,780.1558837890625
train,7412,330.1000061035156,335.9998779296875
train,975,402.20001220703125,388.58160400390625
train,2764,716.0999755859375,714.6141357421875
train,4865,738.5999755859375,739.9486083984375
train,1206,357.6000061035156,344.01495361328125
train,7183,250.8000030517578,244.98056030273438
train,2432,349.20001220703125,356.61474609375
train,541,332.3999938964844,317.2861633300781
train,8013,389.5,364.3446044921875
train,5885,324.79998779296875,332.7291259765625
train,8388,312.1000061035156,297.0672912597656
train,1309,388.29998779296875,394.05450439453125
train,1561,321.20001220703125,326.4967956542969
train,2949,327.70001220703125,320.018310546875
train,3877,259.3999938964844,266.6636962890625
train,1658,457.0,432.1510925292969
train,6516,398.79998779296875,370.8919982910156
train,2852,380.70001220703125,369.6366271972656
train,2349,282.9000244140625,277.35968017578125
train,7568,293.3999938964844,294.81011962890625
train,8649,511.29998779296875,516.6773071289062
train,6231,418.1000061035156,413.216796875
train,5095,699.2000122070312,713.293701171875
train,6172,371.70001220703125,370.4747009277344
train,1981,385.1000061035156,394.1666259765625
train,4457,537.0,528.5750732421875
train,8543,214.1000213623047,227.184814453125
train,6706,518.9000244140625,513.4783325195312
train,7109,412.79998779296875,384.5068664550781
train,4214,464.3999938964844,454.461181640625
train,7027,734.9000244140625,723.30712890625
train,8303,267.29998779296875,251.46923828125
train,8690,333.6000061035156,336.38250732421875
train,2015,398.8999938964844,391.316162109375
train,2575,340.6000061035156,346.6188659667969
train,1097,675.5,663.8796997070312
train,2859,486.0,483.9499206542969
train,6628,298.70001220703125,286.380615234375
train,8270,495.5,476.0553283691406
train,8141,296.70001220703125,297.637939453125
train,810,342.3999938964844,314.3536071777344
train,8017,375.79998779296875,381.8409118652344
train,3957,345.0,349.3407287597656
train,4540,307.3999938964844,312.856689453125
train,6847,352.6000061035156,332.47052001953125
train,869,382.6000061035156,393.241455078125
train,8742,330.29998779296875,318.77935791015625
train,5256,342.70001220703125,339.1283874511719
train,6383,285.20001220703125,286.48492431640625
train,1662,715.7000122070312,709.0460205078125
train,1280,371.0,349.2763366699219
train,4473,286.1000061035156,280.2801513671875
train,1582,273.3999938964844,279.61077880859375
train,1250,521.2000122070312,519.7085571289062
train,3263,367.79998779296875,371.56988525390625
train,6512,335.20001220703125,323.8946838378906
train,3191,247.1999969482422,257.28643798828125
train,7144,427.29998779296875,424.86199951171875
train,4932,463.5,452.6383056640625
train,1985,383.3999938964844,387.4195556640625
train,551,392.29998779296875,373.72418212890625
train,1271,395.5,395.9049377441406
train,8087,259.0,250.7445068359375
train,4761,363.29998779296875,355.62371826171875
train,486,323.70001220703125,317.7813415527344
train,1512,586.2999877929688,561.2528686523438
train,3079,476.70001220703125,476.5601806640625
train,7299,284.3999938964844,278.8678283691406
train,3747,250.3000030517578,247.95733642578125
train,289,719.7000122070312,703.4970092773438
train,423,325.3999938964844,339.0842590332031
train,4610,317.20001220703125,326.0140075683594
train,8681,404.70001220703125,416.09918212890625
train,6470,339.5,307.0160827636719
train,2683,344.3999938964844,333.732177734375
train,4069,387.20001220703125,364.18505859375
train,5013,507.70001220703125,509.408935546875
train,4697,722.0,704.1735229492188
train,4287,341.20001220703125,352.9012451171875
train,157,260.5,266.8489074707031
train,2535,581.2999877929688,601.0502319335938
train,2178,387.0,371.4294738769531
train,6425,802.5999755859375,825.735595703125
train,7212,773.7000122070312,762.7078247070312
train,8595,465.1000061035156,438.55657958984375
train,4065,545.0999755859375,569.947265625
train,3741,349.0,338.59326171875
train,4322,241.89999389648438,246.28713989257812
train,8330,763.2999877929688,747.9910888671875
train,7747,650.7000122070312,651.3298950195312
train,1244,693.2000122070312,687.0629272460938
train,3708,665.0,682.4254150390625
train,5814,379.79998779296875,375.6205139160156
train,5960,352.70001220703125,311.8106689453125
train,7934,362.29998779296875,363.4902648925781
train,2098,485.29998779296875,493.6685485839844
train,7099,326.6000061035156,328.19293212890625
train,7991,351.3999938964844,345.2909240722656
train,1892,441.5,443.2057189941406
train,1554,579.7999877929688,552.781982421875
train,4357,323.29998779296875,322.3764343261719
train,2629,470.29998779296875,424.5005798339844
train,2840,269.1000061035156,268.9903259277344
train,3695,397.29998779296875,384.98651123046875
train,1781,337.20001220703125,316.3457336425781
train,724,474.5,456.33331298828125
train,4877,224.10000610351562,218.1049041748047
train,2989,258.29998779296875,238.31027221679688
train,5290,450.70001220703125,436.0868225097656
train,3815,362.8999938964844,353.6413879394531
train,5378,441.79998779296875,442.98870849609375
train,8375,398.8999938964844,405.4302673339844
train,3942,340.70001220703125,340.58526611328125
train,434,469.29998779296875,472.2139587402344
train,317,269.1000061035156,245.90966796875
train,5618,460.79998779296875,458.6299133300781
train,1435,324.79998779296875,307.983154296875
train,3483,336.8999938964844,343.6905822753906
train,6505,313.5,308.9021301269531
train,1093,292.29998779296875,285.4994812011719
train,6069,601.7000122070312,610.5477294921875
train,7603,286.6000061035156,275.98486328125
train,8637,804.2000122070312,800.5314331054688
train,2125,778.5,785.4910278320312
train,8743,339.3999938964844,331.18780517578125
train,6735,793.9000244140625,790.2142944335938
train,8166,478.0,471.2572937011719
train,6261,454.6000061035156,438.6488037109375
train,6385,314.8999938964844,317.0632019042969
train,4363,400.3999938964844,411.6703186035156
train,3304,564.4000244140625,540.6405029296875
train,2675,511.79998779296875,461.4638366699219
train,5272,455.0,457.654541015625
train,6330,513.2999877929688,497.26275634765625
train,1584,502.20001220703125,489.11077880859375
train,8383,413.29998779296875,382.1037902832031
train,1451,339.8999938964844,314.1051025390625
train,619,304.5,344.5382385253906
train,4189,580.7000122070312,574.0379638671875
train,6583,494.0,472.9893798828125
train,722,481.1000061035156,485.23040771484375
train,3585,596.7999877929688,586.6176147460938
train,2974,590.4000244140625,590.4971313476562
train,3058,634.5,664.3521118164062
train,2594,793.9000244140625,743.8529052734375
train,6920,451.3999938964844,452.5662536621094
train,6339,337.6000061035156,332.28411865234375
train,8430,391.79998779296875,370.090576171875
train,7531,333.0,316.6759033203125
train,455,508.79998779296875,458.0177307128906
train,2774,427.3999938964844,431.2681579589844
train,5926,433.29998779296875,416.3390197753906
train,8398,331.3999938964844,289.0435791015625
train,5196,466.3999938964844,434.0368347167969
train,2551,634.7999877929688,618.4356079101562
train,8348,777.5999755859375,751.7928466796875
train,8309,772.4000244140625,756.3248291015625
train,6153,434.20001220703125,444.8126220703125
train,7429,287.0,269.8775939941406
train,2711,448.79998779296875,421.85693359375
train,1476,495.70001220703125,491.2176208496094
train,4577,299.0,317.55621337890625
train,5580,419.29998779296875,391.8336181640625
train,4186,528.4000244140625,525.2098388671875
train,1364,409.70001220703125,401.8179016113281
train,6944,471.6000061035156,448.1695556640625
train,1352,352.6000061035156,346.17156982421875
train,5605,504.79998779296875,487.8834228515625
train,8583,414.20001220703125,433.4898376464844
train,2502,354.3999938964844,349.243408203125
train,1783,376.29998779296875,378.6757507324219
train,5999,501.8999938964844,490.077392578125
train,429,246.39999389648438,257.76397705078125
train,3470,320.8999938964844,323.32373046875
train,231,306.8999938964844,273.67889404296875
train,7219,466.3999938964844,450.9979248046875
train,5732,343.20001220703125,366.73724365234375
train,8150,456.0,450.3478088378906
train,7872,469.6000061035156,453.5367126464844
train,2077,280.29998779296875,255.37953186035156
train,6953,484.3999938964844,477.5661315917969
train,3167,342.8999938964844,338.87579345703125
train,3994,388.29998779296875,355.65814208984375
train,5304,325.1000061035156,309.6271667480469
train,4305,554.0,534.159423828125
train,5198,320.70001220703125,333.01312255859375
train,3771,380.70001220703125,362.3086853027344
train,7824,270.20001220703125,301.04974365234375
train,4204,262.6000061035156,263.0899658203125
train,7293,257.4000244140625,269.14990234375
train,6511,271.6000061035156,256.96978759765625
train,4396,304.79998779296875,331.177490234375
train,3408,570.7999877929688,552.94921875
train,7200,459.1000061035156,472.2225646972656
train,5187,388.20001220703125,398.23760986328125
train,5261,353.8999938964844,356.5433044433594
train,6133,292.79998779296875,299.3392028808594
train,635,440.70001220703125,419.0614929199219
train,4223,598.2000122070312,610.881103515625
train,4963,638.5999755859375,617.412109375
train,7276,351.29998779296875,324.141845703125
train,5199,861.5999755859375,836.924072265625
train,3499,518.0999755859375,506.8944091796875
train,3801,398.1000061035156,408.9581298828125
train,855,330.3999938964844,336.5241394042969
train,3855,590.7000122070312,581.2274780273438
train,7459,350.79998779296875,333.3319091796875
train,1982,393.5,381.7531433105469
train,7777,326.5,306.47894287109375
train,2855,319.1000061035156,323.3599548339844
train,3998,484.29998779296875,487.638671875
train,5019,348.5,352.2761535644531
train,1961,779.5999755859375,775.3485107421875
train,8465,321.1000061035156,332.4357604980469
train,8033,445.6000061035156,433.6979064941406
train,6392,381.1000061035156,375.14849853515625
train,8120,731.5,743.3313598632812
train,5299,845.2999877929688,828.8458251953125
train,8312,281.6000061035156,304.63958740234375
train,7851,459.1000061035156,452.2148742675781
train,8049,414.6000061035156,418.7665100097656
train,101,631.5999755859375,636.8972778320312
train,6607,502.8999938964844,521.3599243164062
train,4779,408.5,390.8797607421875
train,4570,282.6000061035156,269.8066711425781
train,2063,763.5,757.5447998046875
train,6250,422.70001220703125,420.9427490234375
train,427,390.6000061035156,392.5626220703125
train,8421,356.29998779296875,345.2864990234375
train,1946,289.29998779296875,281.93634033203125
train,2409,257.20001220703125,253.0697479248047
train,6913,290.1000061035156,290.6432800292969
train,4759,311.1000061035156,321.03167724609375
train,3160,331.20001220703125,314.64404296875
train,4057,247.8000030517578,246.22340393066406
train,4095,343.6000061035156,319.0826416015625
train,623,405.6000061035156,382.56719970703125
train,6609,472.5,473.98651123046875
train,3677,345.8999938964844,343.05462646484375
train,3890,349.6000061035156,352.2625427246094
train,104,554.0999755859375,537.6553955078125
train,5258,807.7000122070312,802.2762451171875
train,4124,460.6000061035156,442.87530517578125
train,1274,271.0,250.102783203125
train,4689,408.29998779296875,406.8952331542969
train,5555,787.5,785.5733642578125
train,2278,330.29998779296875,315.8161926269531
train,3950,231.5,239.370849609375
train,8041,337.3999938964844,330.7615051269531
train,1069,302.70001220703125,303.04876708984375
train,6766,322.8999938964844,318.6573181152344
train,3381,539.4000244140625,553.53125
train,7363,293.8999938964844,266.7388916015625
train,5465,413.0,430.0388488769531
train,4916,502.6000061035156,473.9647521972656
train,8176,410.6000061035156,410.0185546875
train,3326,324.1000061035156,344.0335693359375
train,4170,410.29998779296875,406.20556640625
train,1397,248.6999969482422,259.01092529296875
train,3123,379.6000061035156,370.2181091308594
train,5264,347.20001220703125,354.0745849609375
train,1478,345.6000061035156,348.8742370605469
train,5973,578.9000244140625,603.7110595703125
train,6699,368.8999938964844,367.6760559082031
train,8314,480.6000061035156,473.0758972167969
train,2850,403.0,379.3099365234375
train,6057,469.5,458.2483215332031
train,3346,331.20001220703125,313.68365478515625
train,5938,468.1000061035156,458.89056396484375
train,1386,856.0999755859375,843.3385620117188
train,3813,291.79998779296875,290.0736083984375
train,687,700.7999877929688,691.971923828125
train,1229,373.5,364.5010986328125
train,1543,307.3999938964844,293.6002502441406
train,6630,443.8999938964844,432.5335388183594
train,5789,366.29998779296875,380.8234558105469
train,2590,269.3999938964844,260.3865966796875
train,4450,388.8999938964844,363.596923828125
train,7089,552.7999877929688,542.3982543945312
train,383,394.5,388.99884033203125
train,742,735.9000244140625,749.285400390625
train,1792,278.79998779296875,285.545166015625
train,4129,327.6000061035156,333.35162353515625
train,1884,272.5,263.157958984375
train,6303,389.70001220703125,365.230712890625
train,2096,528.0,508.73486328125
train,6457,246.00001525878906,256.39471435546875
train,6827,304.3999938964844,307.7711181640625
train,5585,415.70001220703125,404.3931579589844
train,56,316.0,297.893798828125
train,7211,553.4000244140625,533.2169799804688
train,3624,616.7999877929688,636.493408203125
train,2723,367.70001220703125,348.8011474609375
train,2970,404.6000061035156,400.51397705078125
train,303,269.5,262.79534912109375
train,3861,263.1000061035156,292.9750061035156
train,2003,523.0,506.8475036621094
train,6016,328.3999938964844,321.94146728515625
train,7721,369.5,369.1019287109375
train,4485,497.5,469.71502685546875
train,8574,409.8999938964844,417.7839660644531
train,7769,427.8999938964844,439.7444763183594
train,3255,492.79998779296875,505.9248046875
train,1436,404.20001220703125,390.7752380371094
train,8552,269.1000061035156,254.60752868652344
train,4864,449.79998779296875,419.799560546875
train,8139,706.0999755859375,702.6130981445312
train,2482,401.20001220703125,380.10943603515625
train,4618,364.3999938964844,349.9000244140625
train,6195,308.70001220703125,311.30853271484375
train,275,790.7000122070312,785.56591796875
train,3453,416.79998779296875,417.0986633300781
train,2821,283.6000061035156,287.1868591308594
train,1122,397.6000061035156,385.9437255859375
train,5594,471.8999938964844,449.264404296875
train,4353,297.0,306.2484130859375
train,3369,449.1000061035156,420.36236572265625
train,223,276.79998779296875,300.88616943359375
train,7475,316.8999938964844,306.4205322265625
train,4384,296.8999938964844,302.22607421875
train,2167,362.70001220703125,368.79083251953125
train,1356,309.20001220703125,305.153076171875
train,2746,373.1000061035156,392.50994873046875
train,6858,340.5,339.861572265625
train,3879,375.8999938964844,362.26922607421875
train,7386,498.5,497.9458312988281
train,2023,380.5,368.79888916015625
train,115,269.8999938964844,259.6936340332031
train,2584,410.8999938964844,366.48809814453125
train,641,280.0,302.9847717285156
train,2292,416.0,403.1118469238281
train,1012,564.7000122070312,571.37451171875
train,1910,491.1000061035156,474.489990234375
train,1414,293.0,296.3656005859375
train,2693,412.0,407.13922119140625
train,6655,317.3999938964844,312.96380615234375
train,1782,746.7000122070312,716.9071044921875
train,3510,255.79998779296875,287.9271545410156
train,513,297.1000061035156,281.916259765625
train,3906,485.20001220703125,487.87042236328125
train,2091,285.6000061035156,297.3277893066406
train,2053,430.5,444.9593505859375
train,6368,275.1000061035156,293.023193359375
train,1382,299.1000061035156,304.43798828125
train,2943,358.29998779296875,369.36297607421875
train,4476,334.70001220703125,321.9257507324219
train,2997,298.79998779296875,299.7168273925781
train,6468,344.5,341.1402893066406
train,5744,310.0,280.7914733886719
train,1401,631.4000244140625,588.9507446289062
train,5188,529.0,536.1107788085938
train,7148,355.79998779296875,354.94122314453125
train,5786,355.0,372.04998779296875
train,8071,785.199951171875,796.78271484375
train,5379,325.1000061035156,312.6806640625
train,3327,365.8999938964844,358.8644104003906
train,5288,436.29998779296875,408.6072998046875
train,6774,377.70001220703125,371.47064208984375
train,2596,331.5,311.6883544921875
train,2362,461.29998779296875,473.86004638671875
train,337,302.1000061035156,275.72320556640625
train,6690,288.1000061035156,276.78314208984375
train,3703,335.8999938964844,333.73486328125
train,2587,554.0,548.5659790039062
train,69,455.20001220703125,452.94921875
train,1965,429.29998779296875,399.6987609863281
train,8527,261.5,276.72674560546875
train,6707,399.29998779296875,405.8690185546875
train,2826,440.3999938964844,408.3752746582031
train,8181,266.70001220703125,280.60980224609375
train,163,553.5999755859375,498.5799255371094
train,8162,855.7000122070312,833.5565185546875
train,4858,598.7999877929688,579.4917602539062
train,3878,370.3999938964844,366.354736328125
train,5239,788.4000244140625,763.9012451171875
train,2660,398.0,392.42095947265625
train,1022,505.8999938964844,483.74822998046875
train,660,250.3000030517578,274.063720703125
train,3050,367.0,377.2298583984375
train,1017,490.1000061035156,506.5194091796875
train,8209,276.5,260.09002685546875
train,1217,343.70001220703125,343.99957275390625
train,4286,375.6000061035156,363.5018615722656
train,3542,768.800048828125,802.0806884765625
train,3442,716.4000244140625,700.6488037109375
train,4282,494.5,478.7251892089844
train,5609,253.0,253.80335998535156
train,2940,412.3999938964844,370.7459411621094
train,1926,537.9000244140625,532.56005859375
train,4565,712.0999755859375,700.0668334960938
train,2413,607.2000122070312,594.4760131835938
train,4190,331.29998779296875,329.6647033691406
train,1181,451.8999938964844,439.75482177734375
train,1641,700.0,707.459228515625
train,3097,819.7999877929688,778.1943359375
train,6012,525.4000244140625,523.7890625
train,6417,426.29998779296875,408.1405334472656
train,3732,508.6000061035156,472.5018615722656
train,8715,399.8999938964844,381.23150634765625
train,1230,368.5,380.956787109375
train,6832,586.7000122070312,570.990478515625
train,324,274.20001220703125,282.0411376953125
train,3215,485.3999938964844,476.82318115234375
train,7678,369.20001220703125,347.7682189941406
train,3349,284.70001220703125,279.80706787109375
train,7302,431.6000061035156,418.7638244628906
train,4913,481.0,498.37359619140625
train,2911,433.5,426.14117431640625
train,1718,314.70001220703125,303.9766845703125
train,3484,540.9000244140625,505.4291687011719
train,5347,434.1000061035156,501.96240234375
train,6272,438.0,448.39483642578125
train,6394,310.3999938964844,301.2413330078125
train,5894,355.3999938964844,322.63189697265625
train,8192,414.6000061035156,405.78033447265625
train,8581,496.8999938964844,472.8629150390625
train,3178,347.3999938964844,366.297607421875
train,123,309.1000061035156,304.15570068359375
train,739,245.1999969482422,257.0289306640625
train,773,379.70001220703125,384.9049377441406
train,6962,533.0,556.4374389648438
train,2732,792.4000244140625,780.6060180664062
train,2333,486.1000061035156,458.7234802246094
train,5662,402.79998779296875,416.4404296875
train,181,333.29998779296875,324.7072448730469
train,3905,403.20001220703125,389.0206298828125
train,4917,353.29998779296875,344.95458984375
train,1549,473.79998779296875,473.27252197265625
train,1145,429.79998779296875,418.7539367675781
train,8305,524.7999877929688,507.3197326660156
train,1707,306.8999938964844,310.6506652832031
train,2542,350.1000061035156,313.7421569824219
train,3008,362.3999938964844,362.0158996582031
train,8089,506.1000061035156,508.88372802734375
train,2655,390.29998779296875,378.3309020996094
train,7907,354.3999938964844,345.72064208984375
train,4768,336.8999938964844,311.2302551269531
train,6219,268.8999938964844,276.98187255859375
train,4079,279.6000061035156,271.0912780761719
train,5735,271.1000061035156,264.2781982421875
train,8091,341.20001220703125,324.0970458984375
train,6279,799.0,784.2914428710938
train,3899,322.6000061035156,302.4280700683594
train,8111,439.70001220703125,433.4490661621094
train,7034,289.29998779296875,317.0696716308594
train,6857,292.1000061035156,275.87030029296875
train,3190,425.6000061035156,437.7127990722656
train,6994,357.70001220703125,329.70330810546875
train,4599,286.29998779296875,277.21759033203125
train,3358,457.5,455.55718994140625
train,7582,400.20001220703125,404.50994873046875
train,6636,315.79998779296875,273.9498291015625
train,8731,477.3999938964844,461.0243835449219
train,1690,425.1000061035156,409.5377502441406
train,6883,254.3000030517578,250.363037109375
train,5493,490.79998779296875,482.193115234375
train,6015,548.5999755859375,552.3513793945312
train,3498,278.3999938964844,282.5908203125
train,7786,543.0,548.9337768554688
train,4481,612.7000122070312,583.2952880859375
train,3872,279.70001220703125,269.9046630859375
train,6806,333.29998779296875,339.41131591796875
train,3793,790.7000122070312,798.9431762695312
train,2183,307.3999938964844,311.197021484375
train,6281,589.0,574.73876953125
train,2164,345.29998779296875,337.366943359375
train,424,385.5,409.0467529296875
train,1444,471.3999938964844,474.9207458496094
train,2040,331.70001220703125,335.03173828125
train,1225,495.3999938964844,479.8977966308594
train,4220,348.20001220703125,355.8343505859375
train,1238,325.20001220703125,313.4107360839844
train,4248,326.1000061035156,320.6947021484375
train,2849,365.29998779296875,382.73284912109375
train,5818,340.8999938964844,357.13946533203125
train,7886,278.10003662109375,279.3828125
train,3934,317.29998779296875,312.46612548828125
train,48,263.8999938964844,258.4947509765625
train,5867,281.1000061035156,274.36578369140625
train,4123,218.8000030517578,233.8997039794922
train,3155,259.20001220703125,235.99310302734375
train,3921,361.8999938964844,347.003662109375
train,1033,465.20001220703125,473.05316162109375
train,6764,369.0,354.0059814453125
train,5050,326.79998779296875,303.90081787109375
train,4821,326.6000061035156,317.6754150390625
train,2578,411.3999938964844,396.7968444824219
train,3409,473.5,450.1185607910156
train,771,305.5,323.87371826171875
train,4983,343.5,341.52667236328125
train,4555,443.79998779296875,411.39837646484375
train,6981,343.20001220703125,311.7456359863281
train,1270,369.3999938964844,381.3435974121094
train,3212,434.6000061035156,441.3296203613281
train,3812,349.6000061035156,348.501220703125
train,7797,273.0999755859375,269.5211486816406
train,1896,316.5,303.4297180175781
train,1819,366.70001220703125,372.8419494628906
train,436,328.3999938964844,330.81005859375
train,4303,378.70001220703125,366.5960998535156
train,4830,343.3999938964844,334.77117919921875
train,311,423.5,414.4984130859375
train,3716,404.6000061035156,374.84588623046875
train,2034,585.9000244140625,576.4176025390625
train,752,427.5,429.163330078125
train,4428,371.8999938964844,362.45306396484375
train,8114,508.5,490.5866394042969
train,5584,707.7000122070312,686.680419921875
train,7509,490.79998779296875,465.4862060546875
train,1606,274.8999938964844,290.4000244140625
train,6169,372.6000061035156,385.9635009765625
train,6637,321.8999938964844,313.23388671875
train,4359,347.3999938964844,327.67425537109375
train,2158,376.6000061035156,353.5401611328125
train,6799,409.70001220703125,392.608642578125
train,6472,325.29998779296875,329.9427185058594
train,8189,379.3999938964844,392.32537841796875
train,888,384.0,379.720947265625
train,3626,479.29998779296875,470.369140625
train,4589,380.8999938964844,383.9330749511719
train,1005,240.10000610351562,240.45904541015625
train,7053,247.6999969482422,236.94386291503906
train,6208,447.29998779296875,445.166015625
train,720,542.4000244140625,540.9473266601562
train,2900,473.0,485.91033935546875
train,3179,518.5999755859375,507.6589660644531
train,684,793.4000244140625,797.4649658203125
train,6519,361.6000061035156,334.7994384765625
train,7724,264.3999938964844,264.11328125
train,8706,522.0,500.9071044921875
train,3387,305.29998779296875,311.30438232421875
train,330,375.0,378.1504211425781
train,7869,355.79998779296875,332.67620849609375
train,1178,216.60000610351562,207.99839782714844
train,3306,519.5999755859375,488.322265625
train,1403,244.60000610351562,246.6473388671875
train,7630,314.6000061035156,312.7579345703125
train,7256,340.1000061035156,316.8787841796875
train,3976,522.2000122070312,531.2811889648438
train,6660,339.1000061035156,323.1664123535156
train,2516,365.1000061035156,367.03106689453125
train,3654,486.6000061035156,470.8759460449219
train,8569,578.2000122070312,574.0660400390625
train,703,610.7999877929688,601.1805419921875
train,7978,384.29998779296875,393.56903076171875
train,4773,359.3999938964844,336.49932861328125
train,7705,249.3000030517578,258.29766845703125
train,5967,683.2000122070312,663.95068359375
train,5715,673.7000122070312,661.0467529296875
train,4588,501.0,523.3486328125
train,2642,252.10000610351562,239.81785583496094
train,1235,530.4000244140625,484.43145751953125
train,3100,465.20001220703125,461.397705078125
train,748,652.0,639.1558227539062
train,8605,479.20001220703125,468.605224609375
train,39,371.3999938964844,370.97552490234375
train,5328,516.2000122070312,501.30511474609375
train,6027,302.70001220703125,288.5767822265625
train,6584,370.70001220703125,339.73944091796875
train,1168,312.79998779296875,327.8436279296875
train,6542,787.0999755859375,765.8529052734375
train,165,394.29998779296875,383.0420837402344
train,6031,344.8999938964844,312.95172119140625
train,7950,785.2999877929688,781.9591064453125
train,8030,563.7999877929688,562.173828125
train,4984,361.6000061035156,341.6605224609375
train,885,494.29998779296875,482.64013671875
train,7247,536.0999755859375,553.783935546875
train,91,385.0,382.20379638671875
train,5592,273.8999938964844,260.3890380859375
train,5741,491.29998779296875,468.6537780761719
train,190,630.7000122070312,629.8255615234375
train,7770,238.6999969482422,240.0164031982422
train,130,288.79998779296875,299.0882873535156
train,1334,676.0,687.573974609375
train,8331,385.29998779296875,406.42877197265625
train,8599,385.0,368.5096435546875
train,8720,407.0,405.93798828125
train,5946,455.5,455.8441162109375
train,2969,302.79998779296875,290.4991149902344
train,4989,323.70001220703125,323.8665771484375
train,1466,384.6000061035156,342.53411865234375
train,4080,280.70001220703125,291.66326904296875
train,2444,454.5,472.86175537109375
train,7781,714.2000122070312,713.018798828125
train,8097,558.4000244140625,523.1607055664062
train,1277,296.6000061035156,289.7695007324219
train,813,370.1000061035156,359.8683166503906
train,1992,797.9000244140625,797.2237548828125
train,8349,374.0,373.0306091308594
train,3968,429.1000061035156,447.7289123535156
train,5959,468.29998779296875,449.1484375
train,8753,298.6000061035156,292.8332824707031
train,610,341.8999938964844,331.29742431640625
train,6693,380.6000061035156,351.7409362792969
train,2293,555.2999877929688,519.458740234375
train,5325,718.7999877929688,701.259033203125
train,860,742.2000122070312,762.6627807617188
train,6742,375.0,372.29425048828125
train,291,367.20001220703125,362.91943359375
train,7518,342.79998779296875,324.83184814453125
train,5913,381.29998779296875,362.6318054199219
train,5145,328.79998779296875,321.41864013671875
train,7732,727.2000122070312,726.97509765625
train,5559,260.20001220703125,261.413330078125
train,7594,394.70001220703125,382.5522155761719
train,1745,478.29998779296875,502.72369384765625
train,5071,377.3999938964844,364.0625915527344
train,7095,480.70001220703125,491.28369140625
train,7782,382.0,359.9495849609375
train,8475,492.29998779296875,491.3984680175781
train,3867,416.70001220703125,414.3837585449219
train,6108,402.70001220703125,422.8433532714844
train,3445,350.0,345.5865173339844
train,1120,379.8999938964844,364.71697998046875
train,4908,302.6000061035156,307.523681640625
train,4710,311.8999938964844,320.2115478515625
train,6673,325.0,309.885986328125
train,3944,540.2999877929688,580.0631103515625
train,5128,254.20001220703125,230.57244873046875
train,7037,449.6000061035156,439.2121276855469
train,2922,690.0999755859375,679.6135864257812
train,1919,325.79998779296875,300.6012878417969
train,4386,805.2000122070312,783.3848876953125
train,7600,368.70001220703125,364.88836669921875
train,1411,270.0,249.4532928466797
train,8356,444.8999938964844,437.0972900390625
train,4990,764.2999877929688,774.7190551757812
train,2446,588.9000244140625,585.8411254882812
train,1748,368.1000061035156,367.50518798828125
train,3706,385.6000061035156,390.5166931152344
train,5229,274.3999938964844,272.398681640625
train,1616,367.3999938964844,346.0815734863281
train,2583,432.70001220703125,413.8200378417969
train,2451,342.20001220703125,326.9067077636719
train,7675,397.3999938964844,414.8262634277344
train,7164,335.3999938964844,330.975341796875
train,7550,312.29998779296875,284.69439697265625
train,2708,278.29998779296875,275.07489013671875
train,4314,604.7999877929688,586.2694702148438
train,2658,473.3999938964844,470.36407470703125
train,2190,454.6000061035156,425.8742370605469
train,2819,554.7000122070312,548.3895263671875
train,1568,314.8999938964844,291.608154296875
train,2811,309.0,309.1551513671875
train,3754,518.7999877929688,530.0786743164062
train,3886,242.60000610351562,246.99810791015625
train,2434,696.4000244140625,720.8741455078125
train,2437,401.0,393.7939453125
train,4763,566.0999755859375,562.1181030273438
train,1066,508.79998779296875,496.3263854980469
train,133,784.0999755859375,750.3470458984375
train,6976,343.79998779296875,289.17340087890625
train,7051,715.7000122070312,692.1558837890625
train,8682,367.79998779296875,385.64825439453125
train,6879,226.19998168945312,217.302734375
train,7479,522.7000122070312,529.8233642578125
train,3955,325.0,339.52349853515625
train,1268,349.5,352.4942626953125
train,7231,398.5,414.11822509765625
train,611,274.8999938964844,278.924072265625
train,2123,292.79998779296875,305.35394287109375
train,2851,291.0,297.0267333984375
train,6189,488.5,466.9168701171875
train,2741,478.29998779296875,489.07012939453125
train,6046,347.29998779296875,328.8824768066406
train,6113,507.20001220703125,494.9162902832031
train,5302,596.2999877929688,587.9676513671875
train,7383,373.3999938964844,353.4003601074219
train,4897,396.79998779296875,381.6688537597656
train,4847,754.9000244140625,742.248779296875
train,6188,392.3999938964844,399.16680908203125
train,454,260.8999938964844,256.72882080078125
train,3258,594.5,581.135986328125
train,186,464.8999938964844,459.50537109375
train,757,389.6000061035156,397.5066833496094
train,5577,360.5,388.4250793457031
train,2148,387.5,346.1200866699219
train,2433,291.1000061035156,295.74822998046875
train,2600,505.20001220703125,482.9938659667969
train,2799,412.1000061035156,368.0088806152344
train,4091,372.0,357.1749267578125
train,2617,438.70001220703125,430.56903076171875
train,3953,248.1999969482422,247.16297912597656
train,8697,255.1999969482422,260.45855712890625
train,7325,538.2999877929688,562.2327880859375
train,274,510.79998779296875,501.43341064453125
train,4890,322.70001220703125,315.35247802734375
train,6536,400.0,358.31097412109375
train,3415,418.20001220703125,419.9990539550781
train,2218,325.79998779296875,319.7570495605469
train,719,499.3999938964844,494.1746520996094
train,8079,369.79998779296875,364.0496520996094
train,4296,335.6000061035156,326.45184326171875
train,3359,264.6000061035156,275.4591064453125
train,6316,617.0,596.3345947265625
train,6122,296.1000061035156,296.586181640625
train,2287,775.7000122070312,778.3963012695312
train,8051,827.5999755859375,800.9029541015625
train,6055,273.8999938964844,258.7130126953125
train,4348,301.20001220703125,298.29046630859375
train,3779,494.70001220703125,491.2978515625
train,7406,287.3999938964844,290.1455078125
train,2980,329.0,309.1961669921875
train,1728,688.5,713.2523193359375
train,6887,611.5999755859375,626.1820678710938
train,2177,311.1000061035156,318.1851806640625
train,963,321.79998779296875,314.81524658203125
train,8098,355.0,360.57989501953125
train,2310,547.2000122070312,528.4488525390625
train,2112,627.2000122070312,592.3226318359375
train,351,278.6000061035156,271.02679443359375
train,8531,608.5999755859375,610.7029418945312
train,4375,350.6000061035156,373.2520751953125
train,5758,525.9000244140625,505.324951171875
train,1813,401.6000061035156,403.1298828125
train,7062,489.1000061035156,486.18841552734375
train,7285,310.0,302.2833557128906
train,3333,509.5,481.0337219238281
train,3295,405.79998779296875,393.18878173828125
train,6666,384.1000061035156,358.453125
train,6229,409.29998779296875,375.40728759765625
train,7006,352.0,346.5631408691406
train,7986,285.0,257.3978271484375
train,2428,520.2000122070312,513.1273803710938
train,89,447.6000061035156,406.61944580078125
train,4031,288.6000061035156,282.334716796875
train,6299,442.5,417.15582275390625
train,4256,715.0999755859375,679.3267822265625
train,7214,494.8999938964844,476.83184814453125
train,907,374.29998779296875,360.94244384765625
train,7879,375.5,324.4257507324219
train,5850,271.79998779296875,270.545166015625
train,4087,306.20001220703125,293.8946533203125
train,411,429.3999938964844,430.36859130859375
train,7780,495.79998779296875,490.0740051269531
train,135,407.3999938964844,393.10675048828125
train,3896,276.6000061035156,282.09014892578125
train,2914,736.0999755859375,767.2271728515625
train,565,290.20001220703125,314.0458984375
train,7088,425.29998779296875,443.3504333496094
train,2783,307.29998779296875,297.13153076171875
train,140,370.20001220703125,344.70416259765625
train,7981,283.3999938964844,261.75238037109375
train,779,375.1000061035156,392.85205078125
train,6104,414.70001220703125,402.14727783203125
train,6646,316.1000061035156,328.34442138671875
train,4358,414.8999938964844,412.0660400390625
train,2857,281.1000061035156,282.27618408203125
train,7248,773.0999755859375,759.6682739257812
train,7709,628.2999877929688,637.5030517578125
train,7629,268.79998779296875,282.239990234375
train,210,506.8999938964844,492.9945373535156
train,1804,768.5,780.7520751953125
train,4304,323.5,332.5903625488281
train,621,795.0,768.61962890625
train,6769,421.5,434.0542907714844
train,96,275.1000061035156,257.7877502441406
train,930,328.20001220703125,339.78948974609375
train,8212,301.1000061035156,286.88983154296875
train,6795,419.0,397.35760498046875
train,251,340.3999938964844,324.2530517578125
train,3965,369.79998779296875,338.6344299316406
train,5078,511.29998779296875,507.3040771484375
train,7420,319.29998779296875,304.14190673828125
train,7408,272.29998779296875,260.578125
train,6602,685.4000244140625,693.432861328125
train,6462,343.0,319.6417236328125
train,2933,488.0,471.29730224609375
train,8538,406.20001220703125,388.30450439453125
train,7001,291.5,289.8586120605469
train,1551,732.4000244140625,745.8409423828125
train,3586,346.79998779296875,351.1764221191406
train,233,413.8999938964844,392.7095031738281
train,7837,504.6000061035156,506.1146240234375
train,835,299.20001220703125,311.22564697265625
train,4104,286.5,277.06109619140625
train,7303,361.3999938964844,359.373779296875
train,3026,456.79998779296875,463.696044921875
train,2979,664.5,657.1618041992188
train,1456,285.8999938964844,279.3835754394531
train,3794,256.8999938964844,262.236572265625
train,8173,461.70001220703125,460.1340637207031
train,3092,377.3999938964844,395.2101135253906
train,70,520.5,536.319580078125
train,6878,348.20001220703125,336.3419189453125
train,4397,389.5,379.27032470703125
train,5731,386.6000061035156,374.6573486328125
train,4430,444.29998779296875,417.31536865234375
train,8586,407.5,399.7450866699219
train,5456,381.29998779296875,364.5566101074219
train,7448,634.0,617.1187133789062
train,519,339.1000061035156,329.390380859375
train,3395,308.20001220703125,327.83880615234375
train,2346,642.9000244140625,612.6625366210938
train,6184,218.1999969482422,214.5290985107422
train,1692,256.79998779296875,287.60150146484375
train,296,371.5,380.2154846191406
train,8351,425.20001220703125,414.1950988769531
train,1983,285.79998779296875,289.5142822265625
train,4944,710.7999877929688,685.29150390625
train,4351,504.6000061035156,511.2903747558594
train,310,315.0,299.4945068359375
train,5133,810.0,809.395263671875
train,4037,363.0,368.32208251953125
train,8003,365.3999938964844,357.0585021972656
train,4900,630.0,637.6165161132812
train,5718,722.0,744.8436889648438
train,1899,406.6000061035156,451.6830139160156
train,2330,397.20001220703125,382.9349365234375
train,3848,528.7000122070312,508.34149169921875
train,8623,416.1000061035156,399.636474609375
train,844,475.29998779296875,474.3168029785156
train,7654,369.5,328.7845458984375
train,8540,404.79998779296875,420.968505859375
train,4176,418.20001220703125,410.4082946777344
train,406,728.5999755859375,729.968994140625
train,1998,410.79998779296875,411.0298156738281
train,354,422.1000061035156,421.3854064941406
train,6898,248.8000030517578,270.1402282714844
train,1891,516.2000122070312,509.1414794921875
train,1771,415.8999938964844,418.7359619140625
train,6580,418.70001220703125,430.90435791015625
train,5149,412.8999938964844,400.357666015625
train,3717,448.20001220703125,442.9100646972656
train,8604,280.0,281.1971130371094
train,150,594.2999877929688,580.4984741210938
train,5990,763.0999755859375,741.6839599609375
train,651,419.3999938964844,391.1214904785156
train,7932,330.0,324.96337890625
train,387,399.20001220703125,388.0584716796875
train,6222,314.20001220703125,282.71575927734375
train,8019,551.2000122070312,559.2555541992188
train,5441,312.5,321.0523376464844
train,2425,354.29998779296875,305.9975280761719
train,7634,462.8999938964844,456.9032897949219
train,1642,361.0,347.75897216796875
train,8657,726.5999755859375,719.9678344726562
train,355,573.5,594.281005859375
train,3140,377.8999938964844,372.9321594238281
train,1991,367.8999938964844,349.52978515625
train,6789,302.1000061035156,287.4284362792969
train,4101,370.70001220703125,347.804931640625
train,7940,342.3999938964844,329.9010314941406
train,3382,363.6000061035156,372.5856018066406
train,8562,449.79998779296875,455.86676025390625
train,643,781.2999877929688,776.8688354492188
train,2765,429.70001220703125,426.32550048828125
train,8419,443.0,441.6296691894531
train,4484,381.5,364.07696533203125
train,1651,449.0,437.18701171875
train,2128,768.7000122070312,769.5304565429688
train,6535,454.5,449.70751953125
train,1186,301.70001220703125,300.12652587890625
train,1855,445.8999938964844,444.8460388183594
train,5189,485.0,476.9856262207031
train,8686,286.6000061035156,295.64471435546875
train,172,429.79998779296875,413.4313659667969
train,2211,799.0999755859375,786.1223754882812
train,6828,719.5999755859375,740.2877807617188
train,6802,442.79998779296875,441.0233154296875
train,5739,292.1000061035156,268.49053955078125
train,124,821.2999877929688,833.7401123046875
train,7268,333.20001220703125,325.31500244140625
train,5581,391.70001220703125,393.81005859375
train,1160,662.7999877929688,626.8693237304688
train,6143,554.0999755859375,561.2762451171875
train,5317,363.5,326.0112609863281
train,4058,591.5999755859375,566.739013671875
train,767,561.7000122070312,549.457763671875
train,3103,575.2000122070312,560.151123046875
train,1490,521.2000122070312,502.8489074707031
train,1812,540.0,528.2501220703125
train,8276,301.5,294.47967529296875
train,8558,392.8999938964844,394.15899658203125
train,6124,472.5,484.5494689941406
train,6714,371.70001220703125,391.0982360839844
train,4651,405.8999938964844,424.2176208496094
train,6651,310.79998779296875,295.30169677734375
train,2454,317.0,297.8648681640625
train,7942,287.6000061035156,304.2030334472656
train,8184,426.1000061035156,421.85906982421875
train,4021,520.7000122070312,480.6445617675781
train,3540,296.70001220703125,289.53515625
train,7795,444.3999938964844,433.8941955566406
train,2257,712.7999877929688,734.3768310546875
train,6478,460.5,457.92816162109375
train,1742,277.1000061035156,259.779052734375
train,8617,305.1000061035156,299.93890380859375
train,102,382.8999938964844,389.5378723144531
train,8436,360.8999938964844,364.6630859375
train,8307,400.8999938964844,415.6647644042969
train,487,508.70001220703125,514.7677001953125
train,5567,449.1000061035156,452.95135498046875
train,8539,454.6000061035156,455.6936340332031
train,728,339.8999938964844,321.9401550292969
train,5250,418.1000061035156,406.1864318847656
train,5682,428.8999938964844,418.0782165527344
train,6662,446.5,431.7235412597656
train,7239,472.5,473.64117431640625
train,502,316.70001220703125,310.9045104980469
train,6082,468.3999938964844,475.9957580566406
train,7820,547.2999877929688,564.989013671875
train,5135,262.29998779296875,252.31617736816406
train,965,303.1000061035156,302.803466796875
train,2895,477.3999938964844,463.3922119140625
train,6905,328.79998779296875,323.46435546875
train,5373,455.3999938964844,437.1060485839844
train,5551,499.70001220703125,479.56573486328125
train,5915,577.7999877929688,562.6746215820312
train,8755,395.1000061035156,398.45709228515625
train,2614,310.70001220703125,287.6993408203125
train,883,770.9000244140625,777.867431640625
train,6061,544.5,546.3534545898438
train,3991,420.29998779296875,407.0441589355469
train,4687,361.5,358.0601806640625
train,7571,295.1000061035156,267.1385498046875
train,4453,279.79998779296875,291.64501953125
train,4283,345.3999938964844,361.4740295410156
train,795,346.20001220703125,370.8211364746094
train,5166,374.6000061035156,393.2361755371094
train,8340,338.5,314.6349182128906
train,5917,325.3999938964844,327.2982482910156
train,8369,242.80001831054688,250.52059936523438
train,2896,346.6000061035156,316.293701171875
train,8109,764.0999755859375,754.9606323242188
train,1059,476.1000061035156,475.48291015625
train,3270,285.79998779296875,288.27093505859375
train,5610,322.79998779296875,315.57366943359375
train,2657,370.3999938964844,352.7611999511719
train,350,600.9000244140625,612.7598876953125
train,2563,487.29998779296875,470.62420654296875
train,7365,326.70001220703125,312.05303955078125
train,7130,334.79998779296875,339.3104248046875
train,2740,315.0,309.13592529296875
train,3467,354.29998779296875,336.76202392578125
train,3147,293.5,287.5061950683594
train,3104,351.29998779296875,334.8468017578125
train,7964,288.1000061035156,273.45751953125
train,864,318.8999938964844,313.67657470703125
train,7661,583.7999877929688,580.5814819335938
train,8381,314.20001220703125,280.9453430175781
train,3666,335.79998779296875,331.97723388671875
train,1720,501.5,492.89373779296875
train,6710,421.20001220703125,396.42767333984375
train,2398,310.1000061035156,309.5712890625
train,4398,382.20001220703125,389.6436767578125
train,1693,425.0,412.20550537109375
train,8394,381.3999938964844,375.7564697265625
train,5702,295.6000061035156,289.7807312011719
train,812,238.10000610351562,230.38424682617188
train,7093,269.6000061035156,267.4770812988281
train,6776,455.5,429.3078918457031
train,98,257.20001220703125,248.4210205078125
train,3015,372.29998779296875,376.2771301269531
train,2022,344.79998779296875,353.37701416015625
train,6498,351.6000061035156,358.2780456542969
train,5318,313.29998779296875,287.733154296875
train,7763,404.6000061035156,379.543701171875
train,6039,506.70001220703125,493.05279541015625
train,5011,300.70001220703125,303.70819091796875
train,6672,340.3999938964844,350.35205078125
train,1997,704.4000244140625,668.7115478515625
train,8625,295.5,309.4015197753906
train,6540,381.1000061035156,384.12225341796875
train,8530,508.1000061035156,506.5491027832031
train,900,383.6000061035156,363.20172119140625
train,661,472.29998779296875,460.9400939941406
train,7597,442.79998779296875,428.2973327636719
train,3492,403.6000061035156,410.42547607421875
train,4587,313.3999938964844,272.33709716796875
train,3974,367.0,356.3960266113281
train,8653,405.8999938964844,392.8990478515625
train,712,314.5,307.3255920410156
train,5754,706.4000244140625,706.3214111328125
train,8689,279.3999938964844,298.7599182128906
train,5439,481.5,471.9819030761719
train,4505,558.2000122070312,559.161376953125
train,2559,509.5,488.947265625
train,6056,332.20001220703125,355.669921875
train,5884,317.6000061035156,295.28131103515625
train,2136,519.7999877929688,527.516845703125
train,1612,470.1000061035156,444.1143493652344
train,4663,293.79998779296875,297.1285705566406
train,7417,567.5999755859375,546.308837890625
train,2838,296.8999938964844,296.0582580566406
train,3648,485.3999938964844,456.25469970703125
train,8669,291.20001220703125,272.24493408203125
train,3261,818.2000122070312,814.6282958984375
train,2748,368.20001220703125,330.03167724609375
train,2324,463.3999938964844,463.1488037109375
train,3978,435.1000061035156,431.5071716308594
train,4439,572.2000122070312,544.4241943359375
train,5598,251.39999389648438,245.51783752441406
train,5286,304.79998779296875,296.23480224609375
train,7811,576.2000122070312,552.3682250976562
train,8081,454.1000061035156,463.1453552246094
train,4995,364.29998779296875,348.9728698730469
train,148,321.5,315.2485656738281
train,31,331.29998779296875,332.8899230957031
train,4218,387.20001220703125,358.85028076171875
train,7546,300.3999938964844,287.4090881347656
train,1483,362.5,348.03961181640625
train,7871,378.3999938964844,380.6390380859375
train,3009,326.3999938964844,299.8758544921875
train,2198,522.0999755859375,525.8665771484375
train,4652,284.0,264.35260009765625
train,3822,282.29998779296875,269.3331298828125
train,6076,609.5999755859375,578.1183471679688
train,1943,426.5,407.19415283203125
train,2240,350.29998779296875,350.3739929199219
train,3283,610.0,587.6452026367188
train,435,764.2000122070312,739.8140869140625
train,7015,348.0,333.66473388671875
train,5902,494.1000061035156,500.95428466796875
train,7640,277.5,268.0611877441406
train,2963,317.20001220703125,298.614013671875
train,7092,265.8999938964844,275.8768310546875
train,462,503.5,478.9256591796875
train,5400,440.8999938964844,419.52789306640625
train,7173,313.70001220703125,322.93304443359375
train,1953,349.3999938964844,361.5022888183594
train,6285,315.1000061035156,303.5396423339844
train,1837,704.9000244140625,701.1993408203125
train,6389,393.79998779296875,383.9425354003906
train,5956,707.2999877929688,727.613037109375
train,2047,591.5999755859375,557.4708862304688
train,8566,599.0999755859375,574.8848876953125
train,806,289.20001220703125,268.22314453125
train,244,557.5999755859375,546.870849609375
train,6909,902.5,862.895751953125
train,3462,381.29998779296875,379.44537353515625
train,1416,473.3999938964844,474.6389465332031
train,3564,383.79998779296875,400.683837890625
train,2845,395.8999938964844,395.43084716796875
train,6571,363.29998779296875,375.5382080078125
train,3311,286.3999938964844,280.1775207519531
train,1758,376.6000061035156,362.9480285644531
train,7862,350.1000061035156,353.7428894042969
train,5899,352.29998779296875,321.7708740234375
train,5914,414.0,388.5382385253906
train,7952,376.29998779296875,368.0623779296875
train,4529,362.5,357.88983154296875
train,8320,492.3999938964844,483.3424072265625
train,5830,373.20001220703125,358.1993408203125
train,8447,304.70001220703125,324.3746337890625
train,5184,336.29998779296875,303.64410400390625
train,6925,408.3999938964844,378.7428894042969
train,6442,445.3999938964844,448.5276184082031
train,6048,338.70001220703125,317.22064208984375
train,2259,691.7000122070312,699.0393676757812
train,2639,543.5999755859375,521.7709350585938
train,2973,277.6000061035156,259.345703125
train,8650,372.5,355.804443359375
train,6458,426.8999938964844,413.4912414550781
train,6561,938.4000244140625,881.583984375
train,6483,272.20001220703125,280.4365234375
train,2676,306.29998779296875,299.84649658203125
train,8300,508.8999938964844,487.9262390136719
train,7900,328.6000061035156,331.32879638671875
train,7596,494.1000061035156,483.0603332519531
train,898,577.5999755859375,610.4647216796875
train,82,476.0,440.1334533691406
train,2470,353.6000061035156,367.96661376953125
train,5747,305.1000061035156,301.51129150390625
train,8207,537.4000244140625,523.9409790039062
train,4939,469.79998779296875,465.7745666503906
train,3963,283.6000061035156,308.64202880859375
train,3429,411.3999938964844,394.2159729003906
train,3773,310.1000061035156,307.3504638671875
train,3367,330.6000061035156,318.5894470214844
train,6405,476.3999938964844,458.1196594238281
train,8095,384.5,354.0563049316406
train,1802,439.3999938964844,457.0520324707031
train,3563,428.70001220703125,430.2320556640625
train,7307,517.2999877929688,518.6659545898438
train,5228,657.9000244140625,688.8900756835938
train,2176,391.79998779296875,391.4617004394531
train,4738,277.70001220703125,280.25775146484375
train,6974,280.1000061035156,275.6690368652344
train,889,441.0,410.1166687011719
train,5530,637.7000122070312,624.1474609375
train,3532,728.0999755859375,708.1389770507812
train,7263,344.0,331.91253662109375
train,2388,373.6000061035156,391.6178283691406
train,1675,643.0999755859375,650.3563232421875
train,1077,292.8999938964844,286.88470458984375
train,6600,369.79998779296875,364.8072509765625
train,8688,400.70001220703125,360.6385498046875
train,1962,422.20001220703125,436.33990478515625
train,2888,520.2000122070312,500.655029296875
train,8206,341.1000061035156,325.5483093261719
train,2052,363.20001220703125,374.9900817871094
train,5251,386.79998779296875,387.8702697753906
train,4245,610.5999755859375,628.4827270507812
train,7260,500.0,502.97125244140625
train,8301,431.6000061035156,422.393310546875
train,7803,278.79998779296875,291.77996826171875
train,6123,409.8999938964844,396.5158386230469
train,6720,532.4000244140625,522.4486694335938
train,6836,340.70001220703125,336.3157043457031
train,3845,446.79998779296875,460.8945007324219
train,1255,401.70001220703125,408.5417175292969
train,8245,293.29998779296875,329.1093444824219
train,1046,272.70001220703125,271.6761474609375
train,2373,327.6000061035156,316.0576477050781
train,7992,774.7000732421875,780.4073486328125
train,156,713.7000122070312,693.8819580078125
train,596,345.20001220703125,335.8268737792969
train,8069,290.8999938964844,256.34942626953125
train,6783,643.5,645.625
train,8311,696.7000122070312,680.1751708984375
train,1538,335.70001220703125,309.0888671875
train,5807,827.0,801.8111572265625
train,7177,303.6000061035156,318.66412353515625
train,7536,373.79998779296875,350.83551025390625
train,2429,519.5999755859375,502.3825988769531
train,5978,252.3000030517578,237.6531982421875
train,6026,523.2000122070312,527.3042602539062
train,3405,288.29998779296875,287.7006530761719
train,5097,259.9000244140625,272.44415283203125
train,4270,477.5,474.1257019042969
train,3571,296.70001220703125,295.5126647949219
train,8721,490.79998779296875,491.5151672363281
train,4793,309.29998779296875,327.73712158203125
train,3194,259.1000061035156,273.48675537109375
train,8629,363.70001220703125,346.5458984375
train,494,370.29998779296875,393.97125244140625
train,2622,484.29998779296875,492.9924621582031
train,4490,396.3999938964844,392.787109375
train,7644,455.5,459.6259765625
train,6309,291.79998779296875,296.13348388671875
train,935,307.70001220703125,292.0679931640625
train,922,287.20001220703125,276.74639892578125
train,1481,260.20001220703125,245.8597412109375
train,2529,458.5,442.24310302734375
train,545,554.0999755859375,527.3482055664062
train,5822,310.29998779296875,321.77447509765625
train,7903,304.5,284.8509521484375
train,7492,510.29998779296875,511.4598083496094
train,1789,285.1000061035156,299.218505859375
train,3612,402.3999938964844,387.9076843261719
train,3511,537.9000244140625,524.5665893554688
train,2904,415.6000061035156,430.0115051269531
train,7622,335.3999938964844,322.2679748535156
train,5838,399.79998779296875,390.12982177734375
train,7315,307.29998779296875,294.75970458984375
train,6473,653.2999877929688,641.66552734375
train,5293,314.29998779296875,327.818359375
train,2110,534.5999755859375,529.4627685546875
train,3766,303.6000061035156,281.8070068359375
train,1363,269.5,264.5651550292969
train,4691,308.6000061035156,320.69354248046875
train,6393,315.8999938964844,319.4716491699219
train,8557,552.0,554.1287231445312
train,185,315.70001220703125,301.93804931640625
train,3002,637.7000122070312,625.8186645507812
train,4679,351.79998779296875,353.2420654296875
train,4330,545.9000244140625,562.4967041015625
train,7623,266.20001220703125,265.34356689453125
train,7704,565.0999755859375,512.3836669921875
train,1984,386.3999938964844,408.5330810546875
train,3449,265.20001220703125,272.51629638671875
train,1914,401.5,345.5167236328125
train,219,296.5,286.05462646484375
train,2076,449.20001220703125,404.1449890136719
train,8429,761.0,735.3377685546875
train,5453,749.5,747.628173828125
train,1260,287.6000061035156,270.7348937988281
train,8239,349.5,321.152099609375
train,2999,341.29998779296875,341.9449768066406
train,2415,476.6000061035156,455.2358093261719
train,676,316.0,340.27044677734375
train,6503,581.2999877929688,615.2514038085938
train,4040,320.8999938964844,296.0308837890625
train,341,608.0999755859375,607.1666870117188
train,5268,434.3999938964844,421.8392639160156
train,54,382.3999938964844,402.18707275390625
train,6198,285.29998779296875,315.0084533691406
train,7989,273.70001220703125,271.57855224609375
train,4977,490.20001220703125,486.98681640625
train,8496,333.20001220703125,349.2562561035156
train,6430,415.8999938964844,411.06451416015625
train,6294,436.8999938964844,385.3880310058594
train,3059,286.8999938964844,285.03656005859375
train,6454,410.5,405.1004333496094
train,5853,479.6000061035156,454.6298828125
train,4744,473.3999938964844,480.040283203125
train,4329,356.79998779296875,370.15472412109375
train,3676,325.70001220703125,315.3575134277344
train,2876,417.3999938964844,403.3856201171875
train,1099,299.5,294.09991455078125
train,1096,339.3999938964844,325.02783203125
train,6212,418.20001220703125,430.6365661621094
train,4247,312.1000061035156,318.80975341796875
train,8395,452.70001220703125,448.779296875
train,7438,279.5,244.3428192138672
train,1417,346.70001220703125,297.7104797363281
train,366,706.2000122070312,716.7230224609375
train,1050,860.2999877929688,848.19873046875
train,6932,489.70001220703125,491.18511962890625
train,4945,244.60000610351562,238.27752685546875
train,7443,458.8999938964844,438.6921081542969
train,6884,252.6999969482422,245.85043334960938
train,2308,394.1000061035156,386.97760009765625
train,6837,887.5999755859375,843.0457763671875
train,3938,258.0,244.9288330078125
train,4143,359.3999938964844,359.7249755859375
train,917,361.3999938964844,354.693115234375
train,5074,346.3999938964844,346.48431396484375
train,352,313.6000061035156,344.5845947265625
train,7578,282.6000061035156,280.0286865234375
train,5847,365.6000061035156,370.27008056640625
train,8022,567.2000122070312,566.1918334960938
train,4436,338.8999938964844,337.0349426269531
train,7018,476.8999938964844,443.61181640625
train,5001,284.3999938964844,281.328857421875
train,7295,731.0,721.9180908203125
train,2036,335.3999938964844,333.3758239746094
train,4310,448.5,428.6904296875
train,1620,288.6000061035156,270.1566467285156
train,6388,543.5999755859375,524.3267822265625
train,7466,283.70001220703125,275.93914794921875
train,5588,571.9000244140625,591.17138671875
train,4509,284.3999938964844,290.103271484375
train,6276,418.20001220703125,445.17645263671875
train,5148,412.79998779296875,395.11181640625
train,2126,386.5,346.1314697265625
train,5908,653.7999877929688,620.7576293945312
train,677,346.79998779296875,353.27960205078125
train,740,386.6000061035156,356.0849304199219
train,8,319.29998779296875,317.3621826171875
train,1025,802.9000244140625,782.5487060546875
train,6086,498.8999938964844,482.4402770996094
train,4483,224.1999969482422,221.7422332763672
train,3548,771.7999877929688,750.3624877929688
train,208,447.0,459.6466369628906
train,5455,291.20001220703125,278.55206298828125
train,7470,613.2999877929688,626.6298828125
train,3466,391.6000061035156,365.9064636230469
train,3209,305.5,302.1775817871094
train,7224,343.79998779296875,342.6510925292969
train,6998,292.20001220703125,284.6876220703125
train,6065,410.29998779296875,415.4555969238281
train,2019,279.70001220703125,286.2681884765625
train,6796,802.0999755859375,765.080078125
train,6517,437.20001220703125,428.15179443359375
train,7962,417.6000061035156,407.1767272949219
train,2161,417.5,419.1963195800781
train,5532,492.29998779296875,491.8561096191406
train,966,369.0,359.357666015625
train,5775,367.29998779296875,361.91900634765625
train,1496,765.2999877929688,757.913330078125
train,906,302.20001220703125,297.24676513671875
train,4414,477.20001220703125,459.7735900878906
train,5443,388.6000061035156,373.3258361816406
train,4178,321.8999938964844,308.89215087890625
train,4961,663.5999755859375,652.7373657226562
train,5310,358.8999938964844,353.4140625
train,6484,250.8000030517578,262.5072937011719
train,7013,374.70001220703125,353.832275390625
train,4122,569.2999877929688,558.293701171875
train,7282,358.0,366.43798828125
train,8167,280.1000061035156,289.1877746582031
train,4521,556.0999755859375,538.7774658203125
train,4461,419.0,399.1620788574219
train,696,489.29998779296875,454.8259582519531
train,2197,477.1000061035156,465.4737854003906
train,4994,334.6000061035156,335.90972900390625
train,144,626.2000122070312,603.8749389648438
train,476,435.70001220703125,417.53411865234375
train,80,376.8999938964844,349.90673828125
train,6173,460.29998779296875,468.95684814453125
train,4180,263.70001220703125,270.5088195800781
train,321,412.20001220703125,405.3254699707031
train,4274,380.1000061035156,353.8486328125
train,483,462.6000061035156,455.3111877441406
train,3066,460.29998779296875,459.40301513671875
train,7135,266.5,265.07061767578125
train,957,498.79998779296875,491.1772766113281
train,5421,550.0999755859375,542.6873779296875
train,2476,437.20001220703125,433.14569091796875
train,1750,317.8999938964844,290.2520446777344
train,3791,301.29998779296875,298.0442810058594
train,4308,496.79998779296875,474.805419921875
train,4713,715.0999755859375,697.0020751953125
train,5677,806.4000244140625,828.7449340820312
train,5903,303.0,306.7777099609375
train,5144,359.20001220703125,338.7763366699219
train,1333,385.0,388.473876953125
train,416,345.3999938964844,338.8384704589844
train,8329,753.5999755859375,763.451416015625
train,1879,399.70001220703125,391.87103271484375
train,8370,364.5,357.19354248046875
train,7384,326.20001220703125,323.1841125488281
train,2195,504.79998779296875,488.1048583984375
train,8178,358.8999938964844,343.90228271484375
train,7727,742.0,754.2655029296875
train,1604,441.1000061035156,435.831298828125
train,2874,643.2000122070312,623.9305419921875
train,2421,252.59999084472656,247.44081115722656
train,3119,448.29998779296875,444.8348388671875
train,2574,446.0,435.1121520996094
train,419,334.20001220703125,336.7489318847656
train,5528,560.7999877929688,550.3198852539062
train,1715,364.6000061035156,366.3684997558594
train,4596,314.20001220703125,287.73492431640625
train,3389,269.70001220703125,250.6925811767578
train,8259,733.0999755859375,744.1202392578125
train,1438,473.29998779296875,458.9315185546875
train,4083,347.5,353.055908203125
train,2021,609.0999755859375,613.537353515625
train,6245,527.4000244140625,527.407470703125
train,6739,272.6000061035156,267.598876953125
train,5056,345.3999938964844,348.7416687011719
train,4719,274.8999938964844,258.70208740234375
train,1131,407.29998779296875,405.6714172363281
train,7421,380.29998779296875,376.24847412109375
train,2727,391.5,378.9128112792969
train,84,317.20001220703125,312.934326171875
train,3753,276.5,279.10528564453125
train,4673,300.5,310.9407958984375
train,1969,241.8000030517578,268.24298095703125
train,106,367.6000061035156,401.5910339355469
train,6282,341.6000061035156,331.94091796875
train,7792,439.1000061035156,424.47479248046875
train,628,288.3999938964844,271.2977294921875
train,3837,653.4000244140625,642.3966674804688
train,8656,399.0,367.1365966796875
train,880,421.70001220703125,396.120361328125
train,3643,337.20001220703125,343.70782470703125
train,6440,332.20001220703125,336.9769287109375
train,7664,240.6999969482422,217.69561767578125
train,6062,419.20001220703125,400.906982421875
train,3309,591.7999877929688,607.0532836914062
train,6573,533.2999877929688,541.0972900390625
train,7401,270.1000061035156,250.81124877929688
train,6102,636.5,647.236328125
train,2372,406.79998779296875,392.3091735839844
train,7858,691.4000244140625,694.7540283203125
train,3745,396.6000061035156,356.25238037109375
train,3895,475.3999938964844,457.44598388671875
train,4833,465.79998779296875,456.6127014160156
train,7840,396.0,390.4819030761719
train,2719,452.70001220703125,456.048095703125
train,2121,543.7000122070312,508.68389892578125
train,3054,813.2000122070312,789.74853515625
train,2341,519.7999877929688,539.1051025390625
train,4038,679.9000244140625,669.2152099609375
train,4809,474.20001220703125,456.26953125
train,3615,267.70001220703125,267.5662536621094
train,2064,512.7000122070312,518.122314453125
train,1527,398.3999938964844,411.87432861328125
train,3196,330.20001220703125,314.8236389160156
train,6989,761.0999755859375,737.3248901367188
train,1429,392.1000061035156,388.9293212890625
train,1535,306.6000061035156,304.9601135253906
train,5224,350.3999938964844,343.1070861816406
train,2090,415.0,424.5508728027344
train,5787,356.3999938964844,372.27581787109375
train,7473,407.70001220703125,381.5547790527344
train,2678,466.79998779296875,479.7173767089844
train,1573,330.79998779296875,345.9447937011719
train,2738,307.6000061035156,304.5705261230469
train,232,442.5,421.6300048828125
train,3412,327.8999938964844,336.9217529296875
train,3355,746.7000122070312,762.0348510742188
train,1072,373.20001220703125,360.19024658203125
train,792,330.5,307.56207275390625
train,5587,454.3999938964844,467.75958251953125
train,1157,288.1000061035156,263.01153564453125
train,3242,325.0,315.05621337890625
train,8104,310.8999938964844,312.78448486328125
train,7860,306.79998779296875,306.6668701171875
train,3051,621.9000244140625,625.7825927734375
train,4496,370.70001220703125,387.6566162109375
train,3835,346.1000061035156,338.7333984375
train,5168,381.5,370.56768798828125
train,4338,567.7000122070312,547.0286254882812
train,2196,377.3999938964844,380.7909851074219
train,212,234.1999969482422,228.99244689941406
train,3175,249.10000610351562,242.0957489013672
train,5356,366.5,364.69830322265625
train,7507,284.79998779296875,298.4617614746094
train,1289,406.0,395.8202819824219
train,1039,408.1000061035156,404.9971923828125
train,3118,379.6000061035156,361.7044372558594
train,3809,577.9000244140625,577.666259765625
train,5192,442.0,421.9768981933594
train,929,398.6000061035156,398.11663818359375
train,2716,261.29998779296875,247.97584533691406
train,2427,818.0,826.7803344726562
train,5669,433.70001220703125,412.0711975097656
train,6624,322.0,320.0318298339844
train,5535,374.29998779296875,403.0023193359375
train,708,311.6000061035156,311.280029296875
train,3907,787.9000244140625,804.23779296875
train,6210,611.2999877929688,609.942138671875
train,3635,309.29998779296875,292.466552734375
train,5061,413.20001220703125,392.6074523925781
train,169,299.3999938964844,280.53094482421875
train,5155,352.1000061035156,367.050048828125
train,6010,269.8999938964844,272.3216552734375
train,7079,477.0,465.8837890625
train,4576,377.6000061035156,375.1502380371094
train,7010,818.9000244140625,787.6239624023438
train,2669,609.2000122070312,627.2868041992188
train,6364,480.3999938964844,467.4164123535156
train,7533,366.70001220703125,344.913330078125
train,8096,286.3999938964844,236.56161499023438
train,5835,313.6000061035156,290.769287109375
train,4742,467.70001220703125,459.8374938964844
train,5419,791.5999755859375,772.5709228515625
train,5874,340.6000061035156,320.233154296875
train,3441,833.5,799.146728515625
train,8106,547.7999877929688,526.2880859375
train,870,402.8999938964844,385.3892822265625
train,7453,690.2000122070312,679.834716796875
train,847,437.20001220703125,434.755615234375
train,4918,385.20001220703125,348.37896728515625
train,7398,442.1000061035156,428.44525146484375
train,1437,659.0999755859375,644.4075317382812
train,6253,407.3999938964844,403.097412109375
train,195,346.79998779296875,349.53741455078125
train,6223,384.5,368.754150390625
train,5430,413.5,418.20318603515625
train,8267,436.0,445.9552001953125
train,3724,301.0,298.7220458984375
train,7878,408.29998779296875,414.5429382324219
train,5203,380.5,364.84906005859375
train,4774,741.2999877929688,745.3340454101562
train,8007,449.1000061035156,416.7249755859375
train,2935,273.5,270.2185363769531
train,7526,468.70001220703125,448.8705749511719
train,7087,276.79998779296875,282.77392578125
train,1801,359.0,360.3545227050781
train,3400,534.7999877929688,537.7501220703125
train,2815,330.20001220703125,334.3404235839844
train,4960,284.5,320.53643798828125
train,2714,304.3999938964844,309.23779296875
train,4807,442.5,446.7638244628906
train,4795,489.5,491.2660827636719
train,492,462.70001220703125,424.12750244140625
train,7056,464.6000061035156,487.8782958984375
train,5164,408.29998779296875,408.61798095703125
train,1354,697.5999755859375,673.983642578125
train,5930,298.8999938964844,271.0335693359375
train,7522,264.70001220703125,278.20953369140625
train,557,431.3999938964844,436.91790771484375
train,6360,282.79998779296875,292.150390625
train,7525,315.29998779296875,291.42987060546875
train,6839,348.5,332.4363708496094
train,3858,415.8999938964844,388.8759460449219
train,849,329.79998779296875,330.2582092285156
train,1509,244.8000030517578,233.15933227539062
train,1464,387.5,378.9393310546875
train,1183,408.79998779296875,375.94512939453125
train,4311,610.9000244140625,627.9771118164062
train,8722,752.5,758.31396484375
train,7002,322.8999938964844,313.4974365234375
train,6851,258.0,267.84906005859375
train,7846,484.29998779296875,459.8572692871094
train,5140,337.29998779296875,335.6834716796875
train,3916,261.3999938964844,254.33242797851562
train,6474,653.2999877929688,643.561279296875
train,1351,282.6000061035156,272.7579345703125
train,2445,545.0,527.8086547851562
train,4936,442.79998779296875,422.5465393066406
train,4803,269.29998779296875,270.48052978515625
train,6312,381.79998779296875,346.1417541503906
train,4451,617.0,651.244873046875
train,500,360.29998779296875,358.104248046875
train,956,277.3999938964844,264.68365478515625
train,7998,273.79998779296875,267.2196044921875
train,1647,557.9000244140625,532.9878540039062
train,7841,488.8999938964844,451.6418762207031
train,8614,522.2000122070312,523.84228515625
train,6293,404.6000061035156,389.005615234375
train,7662,315.6000061035156,295.10382080078125
train,1276,362.20001220703125,343.0481872558594
train,3589,422.70001220703125,399.8873291015625
train,1972,363.20001220703125,330.4986877441406
train,6397,419.0,417.5318908691406
train,6680,312.79998779296875,301.93963623046875
train,3354,484.0,466.2334899902344
train,2661,259.70001220703125,257.61968994140625
train,4611,537.2000122070312,523.1285400390625
train,8219,460.0,452.35638427734375
train,7072,363.5,366.6419982910156
train,2266,310.29998779296875,318.5197448730469
train,3917,318.0,310.8206787109375
train,438,351.8999938964844,342.611083984375
train,1112,321.79998779296875,331.70831298828125
train,5878,324.0,309.239990234375
train,4399,385.79998779296875,357.0453186035156
train,3071,443.6000061035156,446.5299987792969
train,5209,485.3999938964844,479.89544677734375
train,3544,278.10003662109375,266.2948913574219
train,4356,504.1000061035156,517.1031494140625
train,5501,360.1000061035156,376.59466552734375
train,3435,394.0,374.28692626953125
train,3592,249.3000030517578,233.8034210205078
train,7579,338.6000061035156,336.1051330566406
train,3811,403.70001220703125,369.11883544921875
train,592,415.8999938964844,365.4254150390625
train,5569,378.6000061035156,378.7048645019531
train,4551,827.0999755859375,813.22119140625
train,5172,450.5,450.7508850097656
train,2561,543.7000122070312,538.2763061523438
train,4056,310.8999938964844,286.7135314941406
train,8610,428.6000061035156,423.30987548828125
train,5495,354.8999938964844,344.9179992675781
train,7880,439.1000061035156,416.7826843261719
train,1648,435.3999938964844,425.30096435546875
train,3922,393.0,374.9273376464844
train,5810,396.20001220703125,369.252197265625
train,5723,421.6000061035156,403.5307312011719
train,5424,544.2999877929688,534.8494262695312
train,7963,596.2999877929688,580.9644775390625
train,1134,300.6000061035156,300.0206604003906
train,785,253.60000610351562,257.72161865234375
train,1759,309.20001220703125,288.1482238769531
train,1104,302.79998779296875,294.0705261230469
train,3605,313.8999938964844,296.82666015625
train,756,455.0,450.1349182128906
train,845,260.20001220703125,246.91529846191406
train,1375,459.20001220703125,433.4495544433594
train,1716,273.70001220703125,286.8914794921875
train,1036,292.5,280.349365234375
train,1841,749.2999877929688,739.007080078125
train,6014,299.20001220703125,298.20489501953125
train,8063,339.3999938964844,323.0167236328125
train,3427,290.79998779296875,271.42633056640625
train,6689,797.4000244140625,784.89697265625
train,1677,318.79998779296875,321.1697082519531
train,3772,318.1000061035156,322.44281005859375
train,1791,386.29998779296875,383.1455383300781
train,3669,408.29998779296875,425.0395812988281
train,5537,423.5,415.9501953125
train,8015,291.20001220703125,273.5631408691406
train,5312,538.5999755859375,520.059814453125
train,4132,274.29998779296875,287.3047790527344
train,6423,367.29998779296875,384.3575744628906
train,4118,245.60000610351562,235.59500122070312
train,6443,415.1000061035156,399.4132080078125
train,2564,374.70001220703125,340.951416015625
train,5689,308.70001220703125,302.9849853515625
train,7049,347.6000061035156,349.0666809082031
train,6273,353.1000061035156,299.0416259765625
train,2880,405.70001220703125,393.9294738769531
train,797,312.6000061035156,312.846435546875
train,2605,365.70001220703125,366.84527587890625
train,8481,470.79998779296875,439.76788330078125
train,1881,415.6000061035156,442.1041259765625
train,2916,276.8999938964844,274.0368347167969
train,3875,385.1000061035156,352.57391357421875
train,6221,235.60000610351562,243.51414489746094
train,490,376.0,374.9960021972656
train,2026,351.20001220703125,348.1290588378906
train,7641,323.70001220703125,314.49627685546875
train,326,327.79998779296875,307.3621520996094
train,8679,360.3999938964844,356.05084228515625
train,6002,259.9000244140625,262.7315368652344
train,3362,570.0,543.597412109375
train,7110,275.5,252.92408752441406
train,6452,497.70001220703125,482.0838623046875
train,4724,444.8999938964844,486.46746826171875
train,3301,422.1000061035156,379.4371032714844
train,5175,546.5999755859375,532.0076293945312
train,616,347.3999938964844,352.2769775390625
train,517,356.6000061035156,341.0712890625
train,5092,683.4000244140625,625.032958984375
train,4144,594.9000244140625,578.661376953125
train,1209,380.3999938964844,360.7533874511719
train,2947,358.3999938964844,348.0363464355469
train,1439,251.39999389648438,241.72592163085938
train,2237,274.5,273.80133056640625
train,6166,259.3999938964844,261.34521484375
train,7218,381.70001220703125,355.10992431640625
train,5685,468.3999938964844,454.6082458496094
train,1592,556.2999877929688,557.16455078125
train,2277,352.79998779296875,323.94732666015625
train,6900,347.79998779296875,343.08111572265625
train,925,356.29998779296875,348.9699401855469
train,8479,358.6000061035156,365.3727111816406
train,4823,340.3999938964844,342.4788513183594
train,8136,419.79998779296875,423.5195007324219
train,2146,316.3999938964844,322.3656005859375
train,662,313.8999938964844,308.691162109375
train,5756,709.2000122070312,708.6557006835938
train,7257,411.3999938964844,390.5793151855469
train,8242,449.29998779296875,430.34466552734375
train,6749,327.70001220703125,308.00848388671875
train,8039,279.29998779296875,277.07989501953125
train,7911,351.1000061035156,345.3441162109375
train,2795,817.0,808.7908935546875
train,3785,523.7000122070312,515.34765625
train,2865,266.20001220703125,267.19873046875
train,4456,291.1000061035156,259.8683776855469
train,7230,366.70001220703125,337.9547424316406
train,6110,383.70001220703125,377.37969970703125
train,3407,432.3999938964844,401.75238037109375
train,7742,415.20001220703125,418.13409423828125
train,2640,489.79998779296875,469.63916015625
train,2002,331.0,313.8870849609375
train,1934,290.70001220703125,286.9932861328125
train,6952,280.79998779296875,248.5428924560547
train,1155,456.79998779296875,457.4031982421875
train,2439,548.0999755859375,535.2559814453125
train,7368,313.6000061035156,308.1841125488281
train,829,417.5,376.1153259277344
train,1452,641.2999877929688,621.674072265625
train,4112,357.5,340.68853759765625
train,3214,581.4000244140625,569.5781860351562
train,5468,313.8999938964844,306.30999755859375
train,4720,336.8999938964844,322.4798889160156
train,4033,465.0,460.574951171875
train,5997,492.8999938964844,482.258544921875
train,4014,265.79998779296875,253.35992431640625
train,2169,307.6000061035156,301.4097900390625
train,5712,280.79998779296875,281.0696105957031
train,3679,731.0,735.6716918945312
train,4147,341.29998779296875,336.7585144042969
train,4175,463.5,452.66290283203125
train,4067,303.79998779296875,287.2255554199219
train,6236,641.5,641.2548828125
train,2967,425.20001220703125,418.11627197265625
train,1539,356.5,362.1427307128906
train,4654,379.29998779296875,366.3742980957031
train,8343,487.0,469.1849365234375
train,4511,460.79998779296875,477.93316650390625
train,7501,328.1000061035156,345.8916015625
train,729,290.5,284.6860656738281
train,3534,739.0,749.6162109375
train,3048,565.2000122070312,556.6825561523438
train,21,605.7000122070312,620.83349609375
train,1493,327.1000061035156,299.38250732421875
train,6095,769.2000122070312,718.94482421875
train,65,388.3999938964844,378.435546875
train,5241,681.5,666.2293090820312
train,7172,318.3999938964844,303.16925048828125
train,4752,367.1000061035156,350.76611328125
train,2304,437.3999938964844,436.7445983886719
train,4381,319.5,345.0028381347656
train,6882,373.20001220703125,335.42279052734375
train,938,348.79998779296875,328.1184387207031
train,8467,396.79998779296875,403.2785339355469
train,4226,468.0,436.9974670410156
train,1305,416.6000061035156,403.39947509765625
train,4860,523.0999755859375,497.400634765625
train,466,349.6000061035156,345.2720642089844
train,1473,440.8999938964844,423.9794006347656
train,8277,344.5,310.52276611328125
train,6066,435.8999938964844,411.0789794921875
train,5355,344.0,323.34326171875
train,2837,401.70001220703125,380.4615478515625
train,1332,512.2999877929688,489.11163330078125
train,3105,309.5,296.6484375
train,1241,426.0,427.6359558105469
train,6581,371.70001220703125,382.6083984375
train,8018,491.0,460.5979919433594
train,3080,379.1000061035156,348.6822814941406
train,8191,495.5,505.11859130859375
train,6939,599.7000122070312,602.5153198242188
train,920,309.70001220703125,315.8000183105469
train,3232,381.6000061035156,393.67376708984375
train,6596,469.5,438.1302795410156
train,7111,739.199951171875,744.2525024414062
train,3418,533.0,520.08251953125
train,2374,401.20001220703125,365.5337829589844
train,5207,371.6000061035156,349.28314208984375
train,7921,285.29998779296875,295.67108154296875
train,8542,441.29998779296875,452.744140625
train,4494,317.20001220703125,330.57037353515625
train,6350,498.5,466.6257629394531
train,6852,606.7999877929688,605.5994873046875
train,5129,292.3999938964844,263.6824645996094
train,1826,350.3999938964844,348.40679931640625
train,8598,376.3999938964844,364.12200927734375
train,1109,377.5,387.09503173828125
train,6390,421.29998779296875,440.09039306640625
train,5919,525.9000244140625,519.0599975585938
train,7050,284.0,287.25439453125
train,530,445.79998779296875,456.4390869140625
train,2682,401.1000061035156,402.2077941894531
train,6347,302.20001220703125,282.96533203125
train,3450,303.29998779296875,281.64599609375
train,3659,330.8999938964844,323.3682556152344
train,3583,293.1000061035156,295.91326904296875
train,6080,402.1000061035156,391.07366943359375
train,3550,822.5999755859375,815.458251953125
train,8366,519.7999877929688,503.219482421875
train,7874,320.3999938964844,321.2731018066406
train,2200,309.29998779296875,324.6078796386719
train,7311,732.0,727.6954345703125
train,4896,736.4000244140625,748.9344482421875
train,7145,313.3999938964844,311.5607604980469
train,8203,458.70001220703125,413.9704284667969
train,4018,565.0,545.0928344726562
train,2114,308.79998779296875,311.62158203125
train,2465,501.0,501.4018249511719
train,3239,418.6000061035156,411.2611389160156
train,3404,614.7999877929688,601.0183715820312
train,1328,341.1000061035156,340.7646484375
train,6579,325.70001220703125,313.8080749511719
train,6326,268.5,249.9182891845703
train,3256,205.60000610351562,213.53509521484375
train,6501,835.9000244140625,858.6495971679688
train,5680,411.3999938964844,381.023193359375
train,3839,450.5,455.15789794921875
train,1876,369.29998779296875,371.4344482421875
train,477,445.6000061035156,441.0001220703125
train,6100,451.8999938964844,473.5225524902344
train,2630,237.6999969482422,237.30465698242188
train,5531,830.0999755859375,832.6561889648438
train,488,643.2999877929688,621.812744140625
train,2253,275.60003662109375,281.2243347167969
train,7549,404.0,401.1665954589844
train,3072,472.29998779296875,459.9908447265625
train,1849,341.29998779296875,369.60150146484375
train,8514,517.7999877929688,487.47552490234375
train,2249,325.6000061035156,322.52569580078125
train,7898,391.0,394.17498779296875
train,2694,701.7999877929688,705.0323486328125
train,7120,329.8999938964844,339.7129821777344
train,2166,404.6000061035156,418.4612121582031
train,1103,350.8999938964844,359.0692138671875
train,2384,442.3999938964844,400.6269836425781
train,3937,273.8999938964844,269.6591491699219
train,4615,249.89999389648438,252.6714630126953
train,7996,608.2000122070312,582.2498168945312
train,6353,494.3999938964844,487.1805114746094
train,3012,437.29998779296875,407.5511779785156
train,4810,328.3999938964844,326.5244445800781
train,2936,445.20001220703125,441.928466796875
train,1622,318.0,295.882568359375
train,8204,475.6000061035156,471.7616882324219
train,7188,223.69998168945312,213.25274658203125
train,1430,467.29998779296875,417.5123291015625
train,1175,258.1000061035156,261.84942626953125
train,2149,270.3999938964844,265.0433349609375
train,3089,641.9000244140625,647.1849975585938
train,2879,507.6000061035156,494.62335205078125
train,8452,839.0999755859375,793.526611328125
train,1927,322.6000061035156,284.81219482421875
train,6111,356.70001220703125,329.2519226074219
train,656,294.6000061035156,309.38800048828125
train,2870,323.8999938964844,321.8081970214844
train,6793,428.20001220703125,446.4126281738281
train,4141,346.20001220703125,352.2899169921875
train,7783,234.5,241.70523071289062
train,6629,660.0,663.164306640625
train,3892,349.3999938964844,360.2942199707031
train,4514,603.0999755859375,572.9315185546875
train,2687,481.29998779296875,473.60076904296875
train,2323,318.3999938964844,312.558349609375
train,1894,501.8999938964844,480.3733825683594
train,5619,418.0,418.8922424316406
train,4562,267.29998779296875,272.4489440917969
train,8228,318.6000061035156,305.32818603515625
train,5442,276.1000061035156,282.117919921875
train,5354,565.0999755859375,555.555419921875
train,4769,431.5,421.00079345703125
train,4152,387.6000061035156,348.39111328125
train,7262,365.29998779296875,351.2920837402344
train,8360,541.0999755859375,521.8482055664062
train,6459,244.6999969482422,255.62948608398438
train,7413,355.3999938964844,349.5190124511719
train,983,294.29998779296875,289.135009765625
train,927,463.3999938964844,452.3688049316406
train,7821,529.0999755859375,534.0201416015625
train,4549,575.0999755859375,574.1326904296875
train,301,350.1000061035156,334.5599060058594
train,4389,401.1000061035156,397.4684143066406
train,7071,359.20001220703125,351.64093017578125
train,714,545.0999755859375,541.847900390625
train,2350,278.20001220703125,247.36703491210938
train,4285,448.3999938964844,438.65093994140625
train,3507,435.6000061035156,404.9626770019531
train,8142,584.4000244140625,604.6024780273438
train,6569,725.2000122070312,732.8795166015625
train,6246,758.800048828125,754.5691528320312
train,890,642.2000122070312,661.4508056640625
train,8631,343.70001220703125,357.0828552246094
train,3841,285.70001220703125,269.29400634765625
train,6947,432.29998779296875,432.11663818359375
train,1204,537.7000122070312,521.3088989257812
train,4225,516.0,498.4078369140625
train,5684,485.3999938964844,480.9911804199219
train,5597,304.79998779296875,322.5045166015625
train,6407,331.6000061035156,339.888427734375
train,3379,365.0,368.6158752441406
train,1263,696.9000244140625,666.2655029296875
train,1381,274.0,281.2284851074219
train,191,347.70001220703125,338.07928466796875
train,8619,599.9000244140625,579.0499877929688
train,7487,417.79998779296875,424.4541320800781
train,2611,504.20001220703125,452.809326171875
train,3464,353.8999938964844,357.4809265136719
train,8698,505.8999938964844,513.747314453125
train,4905,382.20001220703125,356.3259582519531
train,4110,420.5,413.8365478515625
train,3388,503.29998779296875,507.5294494628906
train,6032,386.1000061035156,372.9537658691406
train,3967,402.5,385.4780578613281
train,962,332.79998779296875,307.3963623046875
train,1318,331.6000061035156,319.21038818359375
train,250,252.0,241.77963256835938
train,4077,281.20001220703125,283.1368713378906
train,3574,822.5999755859375,796.6021728515625
train,293,280.29998779296875,262.38275146484375
train,7895,402.29998779296875,396.46441650390625
train,3920,367.70001220703125,361.34393310546875
train,7084,358.3999938964844,379.2711181640625
train,7270,508.0,529.2897338867188
train,6085,451.20001220703125,441.9896240234375
train,7716,726.2999877929688,736.718994140625
train,5831,424.5,442.9023132324219
train,404,804.2999877929688,812.5693359375
train,2160,293.20001220703125,278.26678466796875
train,4432,713.5,729.7838134765625
train,6119,724.5,714.8373413085938
train,3774,384.8999938964844,387.4877014160156
train,2609,658.7999877929688,679.9104614257812
train,2902,243.89999389648438,243.97886657714844
train,1548,285.3999938964844,257.50054931640625
train,34,398.1000061035156,387.19232177734375
train,5083,501.5,478.1250305175781
train,4277,343.79998779296875,346.38323974609375
train,6779,317.5,312.2296142578125
train,863,369.20001220703125,349.84735107421875
train,1000,310.0,315.38763427734375
train,4852,420.79998779296875,449.03717041015625
train,8102,458.70001220703125,473.0714416503906
train,6669,776.9000244140625,756.734375
train,7802,346.5,322.98260498046875
train,6991,254.5,243.6438446044922
train,4646,287.79998779296875,274.4762878417969
train,7278,382.29998779296875,384.1085205078125
train,151,523.0999755859375,503.07220458984375
train,1158,435.5,421.9054260253906
train,1138,466.79998779296875,450.34332275390625
train,1222,619.2000122070312,622.7259521484375
train,653,399.5,411.3009338378906
train,6523,266.3999938964844,263.01416015625
train,3253,663.2000122070312,680.97900390625
train,278,393.5,397.5302429199219
train,3768,492.8999938964844,501.0669250488281
train,770,350.1000061035156,341.38677978515625
train,1857,649.0,644.2553100585938
train,709,391.8999938964844,383.1849670410156
train,8572,253.39999389648438,246.57809448242188
train,161,412.79998779296875,393.7475280761719
train,4817,322.6000061035156,295.90130615234375
train,3817,558.2000122070312,567.7924194335938
train,5599,355.79998779296875,345.86572265625
train,2939,398.29998779296875,390.7669372558594
train,5006,737.7000122070312,728.722412109375
train,3674,865.7000122070312,832.4581298828125
train,6938,260.3999938964844,265.30078125
train,3578,392.0,392.6154479980469
train,3231,315.5,295.29296875
train,3744,313.79998779296875,325.6103820800781
train,3638,393.20001220703125,392.02886962890625
train,245,429.70001220703125,416.87579345703125
train,6872,396.1000061035156,358.4383544921875
train,5265,851.699951171875,835.2949829101562
train,4815,276.1000061035156,259.491455078125
train,162,616.7999877929688,608.2672729492188
train,3262,559.2999877929688,513.424072265625
train,6578,292.70001220703125,264.7471008300781
train,4116,735.5,723.6152954101562
train,1601,376.3999938964844,379.3023376464844
train,131,630.0,613.9713134765625
train,2129,464.3999938964844,444.71484375
train,4820,284.5,257.9245300292969
train,2603,813.9000244140625,804.3483276367188
train,3656,371.5,378.4396667480469
train,4734,354.20001220703125,343.9077453613281
train,3522,315.70001220703125,315.6292724609375
train,4491,372.29998779296875,330.8968811035156
train,1127,271.8999938964844,260.63214111328125
train,1818,389.6000061035156,383.0369567871094
train,5106,509.0,506.7000732421875
train,745,492.0,475.0921936035156
train,5534,548.4000244140625,557.7728271484375
train,3962,349.8999938964844,325.9683837890625
train,6437,309.70001220703125,315.1827392578125
train,8744,376.6000061035156,369.29345703125
train,7608,488.8999938964844,505.2829284667969
train,7083,311.70001220703125,316.6681213378906
train,4169,286.6000061035156,284.1455078125
train,3672,363.70001220703125,346.9423828125
train,7349,450.79998779296875,438.771484375
train,3825,341.8999938964844,338.8423156738281
train,1816,233.5,221.97962951660156
train,475,676.4000244140625,667.800537109375
train,7916,329.8999938964844,332.7649230957031
train,4408,646.5,637.9912109375
train,5678,797.7999877929688,788.266357421875
train,4078,365.1000061035156,352.8279724121094
train,4554,529.7999877929688,505.3855285644531
train,1633,732.0999755859375,754.3977661132812
train,242,642.2000122070312,652.6763305664062
train,5816,305.8999938964844,279.89984130859375
train,6145,295.0,285.69488525390625
train,2761,328.6000061035156,326.50616455078125
train,4564,594.5,621.3819580078125
train,6534,758.5,722.5128784179688
train,5527,288.79998779296875,275.91766357421875
train,1607,315.6000061035156,311.0823974609375
train,4166,362.79998779296875,363.4276123046875
train,2905,521.0999755859375,526.0347290039062
train,5656,442.29998779296875,443.630859375
train,8302,781.4000244140625,776.1251220703125
train,7411,301.79998779296875,301.6286315917969
train,1986,353.29998779296875,346.4185791015625
train,586,412.0,383.42095947265625
train,1963,267.3999938964844,269.83148193359375
train,4819,587.7000122070312,591.392578125
train,4127,293.3999938964844,275.0299987792969
train,4472,293.8999938964844,286.549560546875
train,2221,297.8999938964844,299.65496826171875
train,4320,291.0,271.8600158691406
train,8701,328.20001220703125,288.15289306640625
train,630,408.70001220703125,409.0561218261719
train,7808,400.3999938964844,391.4715270996094
train,3988,391.3999938964844,390.2422180175781
train,7722,557.7999877929688,585.12353515625
train,1534,283.0,283.74127197265625
train,7931,469.1000061035156,475.2022399902344
train,6412,361.29998779296875,379.2043151855469
train,1865,779.7999877929688,789.43310546875
train,8093,335.29998779296875,326.7452697753906
train,5448,405.0,415.1903076171875
train,6623,361.1000061035156,345.4180908203125
train,8403,428.70001220703125,412.57000732421875
train,5025,271.6000061035156,287.9825439453125
train,2883,322.6000061035156,329.73870849609375
train,8616,406.5,389.12225341796875
train,7764,723.2999877929688,703.4255981445312
train,7277,406.20001220703125,394.8105163574219
train,6358,387.5,388.7603759765625
train,5893,633.0,623.629150390625
train,7756,322.6000061035156,318.69189453125
train,4950,806.5999755859375,799.677001953125
train,1912,444.0,463.1863098144531
train,3636,346.29998779296875,355.444580078125
train,8404,405.5,393.2250671386719
train,6024,397.8999938964844,406.4002685546875
train,3646,490.79998779296875,476.52734375
train,6406,369.8999938964844,361.78472900390625
train,1291,567.5999755859375,549.831787109375
train,6018,386.20001220703125,374.13665771484375
train,370,281.70001220703125,264.2025146484375
train,5722,299.8999938964844,302.772216796875
train,1074,621.5,628.96533203125
train,7369,323.8999938964844,312.14276123046875
train,4009,562.7000122070312,560.218505859375
train,8462,461.29998779296875,448.57025146484375
train,3972,451.1000061035156,440.6783752441406
train,3251,410.20001220703125,397.3262939453125
train,4066,372.29998779296875,364.3120422363281
train,1051,297.79998779296875,292.41748046875
train,4249,415.79998779296875,403.560546875
train,941,274.20001220703125,275.1951904296875
train,5714,351.3999938964844,341.47296142578125
train,4161,689.0999755859375,704.7018432617188
train,4012,365.1000061035156,377.6429138183594
train,6959,696.0,668.1851196289062
train,1257,707.0999755859375,717.59765625
train,1820,401.8999938964844,383.5531921386719
train,5529,328.0,323.13006591796875
train,1680,416.20001220703125,395.07635498046875
train,5497,359.5,348.5334777832031
train,3216,340.79998779296875,340.615234375
train,3111,269.29998779296875,281.5309143066406
train,7046,562.4000244140625,558.873291015625
train,1627,451.1000061035156,418.7635803222656
train,280,457.20001220703125,459.0474548339844
train,871,525.0,509.2587585449219
train,1917,461.5,443.9333190917969
train,6921,414.20001220703125,392.4481506347656
train,6846,426.1000061035156,421.39678955078125
train,1085,454.79998779296875,434.4037170410156
train,6099,362.0,347.9731750488281
train,2085,401.0,394.0333251953125
train,4702,285.8999938964844,295.33929443359375
train,8453,443.3999938964844,446.2132263183594
train,1119,248.0,237.41636657714844
train,5875,376.79998779296875,395.9449768066406
train,2468,251.5,245.6930694580078
train,319,317.3999938964844,311.8226318359375
train,5292,390.1000061035156,379.54632568359375
train,5036,377.0,350.4194641113281
train,1164,482.79998779296875,469.6628723144531
train,2109,401.79998779296875,393.8355712890625
train,6611,388.29998779296875,396.5530700683594
train,6649,290.6000061035156,265.0176086425781
train,2351,436.8999938964844,448.56036376953125
train,4242,283.3999938964844,306.2210998535156
train,5643,809.5999755859375,799.8038330078125
train,8554,323.8999938964844,337.89471435546875
train,6731,495.5,509.6626281738281
train,5125,312.6000061035156,305.1524963378906
train,13,274.5,259.2082214355469
train,3417,592.2000122070312,597.8814697265625
train,2771,347.3999938964844,343.3900451660156
train,1552,286.79998779296875,280.57208251953125
train,2321,633.2000122070312,647.7991333007812
train,2907,418.8999938964844,403.5966491699219
train,609,440.5,412.048583984375
train,3572,696.7999877929688,665.4067993164062
train,6047,410.5,398.9585876464844
train,7405,340.1000061035156,336.0392150878906
train,2083,263.6000061035156,266.9901428222656
train,5736,361.70001220703125,343.3297424316406
train,4537,325.1000061035156,339.53082275390625
train,8451,575.2999877929688,570.6342163085938
train,6149,472.1000061035156,471.8394470214844
train,8334,727.0999755859375,754.5142822265625
train,2289,278.10003662109375,284.7835693359375
train,971,345.20001220703125,333.45147705078125
train,8117,889.0,877.8515625
train,3870,373.5,364.53826904296875
train,4647,547.2999877929688,545.7429809570312
train,1465,293.29998779296875,311.4792785644531
train,4888,341.3999938964844,352.1207275390625
train,122,445.29998779296875,423.3993835449219
train,4878,366.3999938964844,333.38482666015625
train,7273,409.3999938964844,408.0423583984375
train,4635,744.5999755859375,729.7601928710938
train,5897,393.0,361.2269287109375
train,3372,370.79998779296875,342.71142578125
train,3042,284.70001220703125,270.6453857421875
train,7583,469.20001220703125,455.142333984375
train,2867,317.29998779296875,312.3573913574219
train,1129,426.29998779296875,415.148681640625
train,5257,695.0999755859375,698.5908203125
train,1358,318.0,318.10992431640625
train,8639,315.5,311.06317138671875
train,866,340.29998779296875,349.9330749511719
train,7140,579.0999755859375,563.4964599609375
train,8748,637.7000122070312,620.5828247070312
train,2431,315.5,306.00372314453125
train,3459,419.0,404.718505859375
train,4879,624.2000122070312,651.5550537109375
train,1803,309.5,287.91729736328125
train,3164,343.3999938964844,298.2328186035156
train,3361,392.20001220703125,378.7557678222656
train,1269,634.7000122070312,640.4664306640625
train,6652,598.5,581.9751586914062
train,4548,320.70001220703125,325.6666259765625
train,7563,346.1000061035156,321.17779541015625
train,1324,283.79998779296875,295.71923828125
train,4431,347.6000061035156,354.20538330078125
train,7506,306.8999938964844,290.3157958984375
train,7221,513.0999755859375,518.27490234375
train,3614,353.8999938964844,359.801025390625
train,1341,768.4000244140625,745.683349609375
train,5854,280.4000244140625,282.71136474609375
train,2222,251.70001220703125,262.8382873535156
train,5240,320.0,324.3687438964844
train,8175,400.1000061035156,378.7713928222656
train,1463,405.0,387.48724365234375
train,2089,273.6000061035156,272.9237060546875
train,5415,590.5999755859375,564.3637084960938
train,6422,553.2999877929688,532.7107543945312
train,154,424.1000061035156,442.71807861328125
train,2950,604.0,630.4332275390625
train,6402,375.0,355.3245849609375
train,3108,270.5999755859375,275.4481506347656
train,5900,326.79998779296875,336.1029052734375
train,8359,361.70001220703125,360.3002014160156
train,3780,348.5,351.7969970703125
train,1528,573.5,563.9341430664062
train,8417,410.3999938964844,419.9188232421875
train,7884,457.0,432.7371520996094
train,4584,321.5,315.63702392578125
train,1141,331.3999938964844,314.5459289550781
train,5235,395.1000061035156,384.00335693359375
train,6252,413.29998779296875,400.7113952636719
train,273,311.29998779296875,316.52716064453125
train,8337,255.5,251.19654846191406
train,2625,322.5,326.82110595703125
train,995,370.1000061035156,361.4698486328125
train,3859,593.2000122070312,591.163330078125
train,4627,380.0,361.9497985839844
train,3759,471.20001220703125,467.7422790527344
train,368,400.1000061035156,381.5592041015625
train,5323,740.2000122070312,725.52978515625
train,1944,527.0999755859375,509.70697021484375
train,6033,454.1000061035156,450.8140869140625
train,7504,353.20001220703125,334.51483154296875
train,349,729.4000244140625,736.2285766601562
train,7114,264.0,286.579345703125
train,5408,555.7999877929688,548.8721313476562
train,456,317.5,323.8773193359375
train,913,448.1000061035156,440.6683654785156
train,1890,369.5,360.9574890136719
train,832,254.60000610351562,242.77688598632812
train,2283,365.20001220703125,337.5155029296875
train,1038,297.0,289.27044677734375
train,4827,301.20001220703125,298.774169921875
train,7271,293.70001220703125,266.67462158203125
train,6509,346.29998779296875,340.1134033203125
train,4355,291.0,306.16949462890625
train,4677,263.6000061035156,247.44918823242188
train,5366,551.9000244140625,572.2174072265625
train,6398,274.0,267.20343017578125
train,2044,425.3999938964844,432.72119140625
train,1760,511.3999938964844,488.06231689453125
train,5536,335.20001220703125,345.8435363769531
train,6890,473.79998779296875,475.924072265625
train,3448,397.29998779296875,378.09222412109375
train,7528,247.0,228.48202514648438
train,2483,295.6000061035156,283.1307373046875
train,3705,297.3999938964844,267.1322021484375
train,3291,380.70001220703125,388.0784606933594
train,8031,319.8999938964844,308.6156311035156
train,2663,299.6000061035156,306.5791015625
train,663,412.1000061035156,433.0362243652344
train,4041,367.79998779296875,349.2081604003906
train,7387,598.7999877929688,596.7440795898438
train,8065,334.0,330.92938232421875
train,2988,879.5,878.5531005859375
train,668,690.7999877929688,694.4747314453125
train,3019,625.0999755859375,622.7017822265625
train,7827,786.7999877929688,795.671142578125
train,1546,357.8999938964844,355.17498779296875
train,2247,456.70001220703125,462.0142822265625
train,8415,406.8999938964844,394.0772705078125
train,2610,336.6000061035156,322.2330017089844
train,4907,641.2999877929688,624.7376098632812
train,5891,563.4000244140625,544.2130126953125
train,4273,299.3999938964844,313.76678466796875
train,5402,372.6000061035156,373.85614013671875
train,1951,243.0,235.62457275390625
train,42,422.1000061035156,389.8790283203125
train,1830,807.4000244140625,779.029296875
train,1636,427.0,400.0291442871094
train,8714,272.20001220703125,246.3667449951172
train,6331,404.5,409.2860412597656
train,2265,458.0,461.4517822265625
train,4659,339.79998779296875,352.24444580078125
train,3752,247.8000030517578,263.16546630859375
train,4016,297.79998779296875,290.86944580078125
train,5386,377.29998779296875,397.5656433105469
train,5340,362.5,342.5052185058594
train,6614,378.6000061035156,375.8050231933594
train,8389,312.29998779296875,322.0603942871094
train,1989,524.5,519.6764526367188
train,19,708.4000244140625,717.1442260742188
train,769,452.6000061035156,453.478271484375
train,393,683.7999877929688,672.191162109375
train,3287,518.2999877929688,504.74658203125
train,1700,449.70001220703125,471.3287353515625
train,816,463.5,440.72882080078125
train,6194,450.79998779296875,447.06158447265625
train,1007,274.3999938964844,279.0390930175781
train,8643,549.2000122070312,562.3915405273438
train,4049,308.5,310.7485656738281
train,5700,532.5999755859375,537.6766967773438
train,3756,604.7000122070312,587.4821166992188
train,6961,391.79998779296875,409.11114501953125
train,238,400.79998779296875,403.74444580078125
train,3293,300.6000061035156,290.20465087890625
train,3182,323.70001220703125,325.8776550292969
train,1345,279.6000061035156,262.93743896484375
train,4906,829.9000244140625,813.9180908203125
train,6007,352.6000061035156,340.26873779296875
train,7252,380.3999938964844,352.04412841796875
train,3117,481.79998779296875,486.51763916015625
train,6487,385.8999938964844,362.1976623535156
train,3647,329.8999938964844,321.91619873046875
train,3373,212.10000610351562,237.82962036132812
train,1645,383.3999938964844,374.9988708496094
train,695,250.1999969482422,278.2890930175781
train,198,316.8999938964844,289.8025207519531
train,943,373.0,380.04840087890625
train,3581,318.29998779296875,314.19732666015625
train,2954,338.79998779296875,311.16650390625
train,4552,276.8999938964844,290.2176208496094
train,7970,281.70001220703125,288.9083251953125
train,8249,568.9000244140625,574.4468994140625
train,778,415.8999938964844,392.1404113769531
train,4808,562.2000122070312,521.3048706054688
train,4675,319.1000061035156,314.9762268066406
train,1273,627.0999755859375,609.6658935546875
train,1391,661.9000244140625,651.94775390625
train,1653,364.5,341.21832275390625
train,3486,363.6000061035156,377.3943786621094
train,2448,421.29998779296875,426.82098388671875
train,3317,307.0,312.08843994140625
train,4557,501.70001220703125,477.4181213378906
train,6254,321.79998779296875,320.2296447753906
train,3094,335.1000061035156,340.9496154785156
train,6275,531.0999755859375,529.4515991210938
train,7201,321.20001220703125,310.54827880859375
train,6632,384.3999938964844,396.5317077636719
train,3365,384.5,370.12744140625
train,7189,268.29998779296875,276.4722900390625
train,7778,422.3999938964844,414.6826477050781
train,2419,333.5,313.61065673828125
train,5259,436.6000061035156,428.84906005859375
train,1116,335.29998779296875,341.0486755371094
train,5826,405.70001220703125,433.25103759765625
train,3935,344.6000061035156,332.885498046875
train,877,378.1000061035156,359.6011657714844
train,4835,588.2000122070312,624.0765991210938
train,4591,247.5,242.9331817626953
train,8275,508.3999938964844,534.3592529296875
train,5621,479.1000061035156,487.8282470703125
train,7225,416.0,409.2647399902344
train,5806,718.0,735.76220703125
train,681,432.1000061035156,434.1800842285156
train,2797,358.3999938964844,364.5358581542969
train,3344,793.7000122070312,755.82470703125
train,3176,244.6999969482422,252.95950317382812
train,5194,385.0,374.1006164550781
train,4962,340.3999938964844,344.37542724609375
train,5554,399.8999938964844,371.533447265625
train,3336,373.29998779296875,373.94537353515625
train,117,325.3999938964844,328.45672607421875
train,6703,258.29998779296875,246.73468017578125
train,1570,703.5,670.51123046875
train,5873,373.3999938964844,362.0947570800781
train,5104,316.1000061035156,324.04437255859375
train,6616,419.70001220703125,418.98895263671875
train,453,345.5,336.6968994140625
train,5208,800.5999755859375,812.0443115234375
train,4739,412.3999938964844,399.1683349609375
train,5987,427.8999938964844,396.1357727050781
train,6970,300.70001220703125,308.7117004394531
train,7460,296.0,287.1867980957031
train,3189,274.70001220703125,284.47418212890625
train,5881,603.0,586.395263671875
train,290,286.20001220703125,308.2910461425781
train,6098,373.1000061035156,371.36871337890625
train,1920,305.1000061035156,304.6052551269531
train,672,306.5,287.1800842285156
train,4142,288.29998779296875,284.4388427734375
train,3904,276.0,284.7145690917969
train,4904,447.0,437.39208984375
train,1719,418.70001220703125,428.5570068359375
train,6372,802.5999755859375,835.630126953125
train,8367,449.70001220703125,436.7146911621094
train,6526,228.89999389648438,240.6291046142578
train,5653,790.7999877929688,824.8009643554688
train,2175,519.5,525.675537109375
train,7029,434.70001220703125,426.7250671386719
train,3299,583.4000244140625,591.2220458984375
train,3833,556.2000122070312,545.0946044921875
train,6664,373.5,369.8481750488281
train,7483,440.20001220703125,424.9573669433594
train,5311,284.1000061035156,287.400634765625
train,6185,377.0,354.19891357421875
train,7842,286.0,265.587158203125
train,2987,293.8999938964844,296.8446960449219
train,3004,305.20001220703125,285.2525634765625
train,4174,825.300048828125,827.5257568359375
train,2397,369.3999938964844,348.00543212890625
train,4608,374.79998779296875,369.768798828125
train,1847,449.70001220703125,438.2423400878906
train,6447,520.4000244140625,491.0974426269531
train,6345,288.29998779296875,290.47784423828125
train,4839,436.1000061035156,408.0289611816406
train,6553,335.8999938964844,345.0028381347656
train,3960,255.79998779296875,246.81631469726562
train,7587,517.7000122070312,488.0235900878906
train,4072,469.6000061035156,448.1874694824219
train,3765,317.20001220703125,302.5270690917969
train,2920,361.20001220703125,340.10333251953125
train,4694,254.3000030517578,265.2056884765625
train,5982,441.0,408.3416442871094
train,1915,275.29998779296875,266.88525390625
train,2878,620.7000122070312,640.7894287109375
train,6314,745.9000244140625,745.435546875
train,2370,511.70001220703125,529.6168823242188
train,1389,427.20001220703125,410.58856201171875
train,8693,597.2000122070312,571.2388916015625
train,4106,553.0,555.5889282226562
train,7599,550.4000244140625,545.4865112304688
train,5802,396.3999938964844,394.4434509277344
train,2284,718.4000244140625,698.6744384765625
train,8759,394.6000061035156,388.7840881347656
train,8455,517.5999755859375,512.9586181640625
train,4886,673.4000244140625,684.9308471679688
train,2928,375.79998779296875,405.738525390625
train,8485,724.7999877929688,769.7479248046875
train,5142,259.6000061035156,248.31422424316406
train,763,366.8999938964844,353.15167236328125
train,7465,463.1000061035156,456.17413330078125
train,6597,354.70001220703125,352.99432373046875
train,8154,278.20001220703125,271.27288818359375
train,6414,507.0,472.8205871582031
train,3939,467.1000061035156,453.3705139160156
train,5958,358.6000061035156,348.43988037109375
train,8187,538.9000244140625,533.907470703125
train,1092,469.6000061035156,468.8462219238281
train,4070,729.2000122070312,717.2828979492188
train,3720,442.1000061035156,440.91455078125
train,7933,457.1000061035156,424.2394104003906
train,8105,434.8999938964844,404.87347412109375
train,1306,371.1000061035156,376.74786376953125
train,2599,338.29998779296875,331.6265869140625
train,7141,600.0,615.0940551757812
train,3644,696.0999755859375,664.1526489257812
train,6161,648.4000244140625,628.0454711914062
train,686,362.8999938964844,372.0320129394531
train,8255,404.70001220703125,420.1412353515625
train,3740,532.9000244140625,555.9376220703125
train,3762,542.0999755859375,530.0439453125
train,2017,317.6000061035156,328.11492919921875
train,4997,598.2999877929688,651.1385498046875
train,5863,490.1000061035156,496.1811218261719
train,7848,475.29998779296875,444.86895751953125
train,4444,487.29998779296875,446.504638671875
train,3693,521.4000244140625,519.0180053710938
train,3297,395.6000061035156,395.33319091796875
train,4692,549.5999755859375,559.4326171875
train,1284,373.29998779296875,354.2701110839844
train,457,662.7999877929688,657.8360595703125
train,1973,478.70001220703125,490.8314514160156
train,3393,449.79998779296875,449.2138977050781
train,6575,288.1000061035156,294.2998046875
train,6524,828.0,809.903564453125
train,4333,268.3999938964844,270.06488037109375
train,8523,292.8999938964844,290.5218200683594
train,4183,402.79998779296875,386.1625671386719
train,522,531.7000122070312,502.3108215332031
train,6500,752.9000244140625,720.79345703125
train,1409,606.7999877929688,599.2106323242188
train,8568,563.2999877929688,578.0455322265625
train,5624,439.8999938964844,408.7389831542969
train,418,403.79998779296875,380.8501892089844
train,452,370.1000061035156,357.91876220703125
train,6876,407.6000061035156,408.8672790527344
train,4899,702.5,681.5838012695312
train,2654,312.6000061035156,338.63018798828125
train,996,454.3999938964844,454.79376220703125
train,6691,660.0,701.8218383789062
train,1406,370.6000061035156,353.5343322753906
train,5724,303.5,296.97637939453125
train,612,511.1000061035156,489.3645935058594
train,17,579.7999877929688,584.7990112304688
train,3911,584.5999755859375,580.2454833984375
train,8253,386.79998779296875,377.67498779296875
train,7080,248.60000610351562,258.8534851074219
train,3799,207.10000610351562,214.50747680664062
train,7005,473.8999938964844,486.4341125488281
train,2742,365.79998779296875,368.8614196777344
train,3280,530.9000244140625,532.4427490234375
train,1047,256.0,250.32723999023438
train,8353,482.6000061035156,483.96630859375
train,3517,343.70001220703125,327.5906982421875
train,8588,476.6000061035156,461.1204833984375
train,7351,384.3999938964844,337.76617431640625
train,8012,343.79998779296875,318.0078430175781
train,4813,714.0999755859375,709.8207397460938
train,2834,773.5,745.531005859375
train,8618,309.29998779296875,289.9464416503906
train,5070,273.5,279.3907470703125
train,2982,561.7000122070312,546.2918090820312
train,1585,323.20001220703125,332.827880859375
train,1672,470.70001220703125,460.9680480957031
train,1043,436.6000061035156,450.3838195800781
train,1180,268.1000061035156,275.27752685546875
train,1009,397.0,401.5157470703125
train,8073,295.20001220703125,286.796630859375
train,1312,419.1000061035156,394.7474365234375
train,2353,402.20001220703125,399.14141845703125
train,5171,455.1000061035156,460.1853332519531
train,8589,294.29998779296875,321.5269470214844
train,7152,446.3999938964844,461.29119873046875
train,4433,394.6000061035156,387.7511291503906
train,3162,404.6000061035156,416.12896728515625
train,1558,376.3999938964844,361.30499267578125
train,3145,331.79998779296875,332.7208557128906
train,6004,260.6000061035156,245.7557830810547
train,7576,589.0999755859375,567.67724609375
train,4073,275.79998779296875,268.6501159667969
train,2824,554.5999755859375,513.4776611328125
train,5120,496.1000061035156,505.61236572265625
train,507,295.20001220703125,269.654541015625
train,7762,308.6000061035156,282.9459228515625
train,8680,336.79998779296875,298.2314453125
train,5514,836.5,834.065185546875
train,5060,337.1000061035156,313.7723693847656
train,537,652.5999755859375,630.8088989257812
train,5701,566.5999755859375,577.8438720703125
train,4385,306.70001220703125,312.2060546875
train,4501,295.1000061035156,291.5443420410156
train,1151,749.5,748.3490600585938
train,2886,733.2999267578125,753.768798828125
train,5742,833.5999755859375,819.4555053710938
train,7982,263.5,264.5198974609375
train,4616,605.0,622.1027221679688
train,3738,601.5999755859375,586.0811767578125
train,1071,754.9000244140625,745.7882080078125
train,5843,538.5999755859375,506.1304626464844
train,7601,387.8999938964844,392.2420349121094
train,1308,352.70001220703125,331.2538146972656
train,775,325.5,300.63531494140625
train,3915,561.0999755859375,553.1378173828125
train,7681,307.0,313.2144470214844
train,5708,313.79998779296875,323.03741455078125
train,3425,348.3999938964844,348.2019348144531
train,4131,716.2000122070312,707.448486328125
train,3082,364.29998779296875,356.20770263671875
train,7397,414.3999938964844,386.74346923828125
train,1055,256.20001220703125,243.64242553710938
train,6249,389.70001220703125,391.57305908203125
train,2271,552.0,537.9491577148438
train,3320,308.1000061035156,281.1184997558594
train,409,373.8999938964844,359.92559814453125
train,3272,502.8999938964844,496.28204345703125
train,7539,319.29998779296875,307.84893798828125
train,2184,503.8999938964844,507.89215087890625
train,5112,343.79998779296875,350.7467346191406
train,2325,255.60000610351562,243.4146270751953
train,6404,300.3999938964844,308.0037536621094
train,3170,404.3999938964844,403.8369445800781
train,3151,470.8999938964844,466.64447021484375
train,8318,334.70001220703125,330.560546875
train,3069,340.8999938964844,326.7239074707031
train,2291,411.3999938964844,413.37152099609375
train,362,614.2000122070312,639.7142944335938
train,7480,376.79998779296875,329.1764831542969
train,1,307.79998779296875,314.9547119140625
train,2391,435.79998779296875,405.7090759277344
train,8667,276.6000061035156,308.70831298828125
train,8482,564.9000244140625,550.8897094726562
train,282,296.70001220703125,304.27093505859375
train,7735,571.7999877929688,603.5419311523438
train,514,363.6000061035156,357.984375
train,3144,463.8999938964844,474.6383056640625
train,234,431.20001220703125,439.3106689453125
train,6698,423.0,416.76617431640625
train,1644,703.7000122070312,678.9118041992188
train,4628,278.20001220703125,258.37408447265625
train,7267,358.8999938964844,352.63958740234375
train,4964,582.2000122070312,599.3484497070312
train,4099,340.5,330.0582275390625
train,6945,396.29998779296875,386.6856384277344
train,8707,346.6000061035156,355.9815979003906
train,5611,540.5,554.1552734375
train,1053,273.3999938964844,259.46429443359375
train,7031,220.49998474121094,238.16961669921875
train,497,307.20001220703125,320.88018798828125
train,6359,443.1000061035156,425.8704833984375
train,7798,388.5,399.5592041015625
train,6917,393.5,388.6913757324219
train,6586,343.0,333.69354248046875
train,6068,410.0,378.4403991699219
train,8446,319.1000061035156,321.000732421875
train,3032,372.8999938964844,341.44891357421875
train,1021,754.5,749.1663818359375
train,6547,247.3000030517578,260.11627197265625
train,4230,373.3999938964844,368.04327392578125
train,8622,593.5,562.4647216796875
train,865,482.1000061035156,465.40667724609375
train,1958,473.3999938964844,494.1653747558594
train,940,337.0,325.32861328125
train,8100,683.7000122070312,649.2383422851562
train,7648,556.9000244140625,544.9943237304688
train,5139,361.5,381.8554382324219
train,8594,552.2000122070312,541.9371337890625
train,6008,292.1000061035156,287.02703857421875
train,1867,361.1000061035156,367.4175109863281
train,6083,326.1000061035156,318.62860107421875
train,332,698.7999877929688,762.7327880859375
train,8684,463.3999938964844,450.6865539550781
train,5185,603.2000122070312,596.3348388671875
train,1495,478.5,468.6694030761719
train,6830,421.5,428.3771057128906
train,4971,618.2000122070312,649.0022583007812
train,5353,394.6000061035156,386.57781982421875
train,1063,533.7999877929688,546.5518188476562
train,6128,513.4000244140625,496.30718994140625
train,2802,707.9000244140625,704.952880859375
train,543,299.20001220703125,307.6732177734375
train,2881,441.0,441.8390197753906
train,1578,335.70001220703125,329.5570068359375
train,3989,289.1000061035156,318.74542236328125
train,8048,346.70001220703125,319.0596923828125
train,8444,340.79998779296875,347.169189453125
train,2477,273.5,263.06689453125
train,1149,265.70001220703125,239.0731658935547
train,3843,532.0999755859375,526.189208984375
train,3926,714.9000244140625,693.7315673828125
train,8577,235.10000610351562,212.9652862548828
train,1635,454.20001220703125,446.8143005371094
train,6957,295.8999938964844,263.93731689453125
train,3645,589.2999877929688,568.62646484375
train,8042,582.2000122070312,558.4242553710938
train,7281,478.20001220703125,477.69537353515625
train,3983,282.79998779296875,291.10516357421875
train,6044,535.5999755859375,514.5075073242188
train,1407,389.79998779296875,372.1744384765625
train,6639,643.2000122070312,655.0260009765625
train,2438,266.20001220703125,258.7640380859375
train,6130,442.1000061035156,427.77490234375
train,3673,413.70001220703125,387.84783935546875
train,5068,550.7999877929688,528.981689453125
train,3951,726.0999755859375,729.5239868164062
train,1774,492.8999938964844,468.3924255371094
train,8282,382.79998779296875,407.9161071777344
train,6804,519.0,539.1664428710938
train,1811,247.89999389648438,251.98484802246094
train,8101,766.2999877929688,779.4945068359375
train,5513,480.6000061035156,487.3525695800781
train,5578,357.1000061035156,341.1241455078125
train,2220,499.3999938964844,478.01068115234375
train,604,419.0,379.0499572753906
train,7939,499.5,490.39825439453125
train,1726,260.20001220703125,274.4388122558594
train,5428,554.2999877929688,555.7188720703125
train,4993,477.3999938964844,487.2072448730469
train,777,762.2000122070312,735.7369384765625
train,47,221.3000030517578,221.69540405273438
train,5979,406.5,368.7037353515625
train,4474,382.3999938964844,408.5609130859375
train,3520,310.0,290.55859375
train,4515,869.0999755859375,831.8057861328125
train,6218,300.29998779296875,302.7997741699219
train,6803,522.4000244140625,511.8839111328125
train,2093,261.5,257.34326171875
train,4011,254.39999389648438,263.47198486328125
train,5819,276.79998779296875,274.1499938964844
train,8183,400.20001220703125,389.3900146484375
train,1400,281.5,285.84881591796875
train,2001,286.20001220703125,288.34088134765625
train,6860,700.9000244140625,702.5980224609375
train,6051,259.9000244140625,254.724609375
train,7584,561.2999877929688,549.5778198242188
train,4300,685.4000244140625,707.9798583984375
train,6822,671.2000122070312,698.34765625
train,4740,352.3999938964844,341.91998291015625
train,3321,626.2000122070312,611.8092651367188
train,5141,304.6000061035156,280.666259765625
train,1418,420.29998779296875,417.1385192871094
train,2704,270.29998779296875,285.8087158203125
train,2273,434.0,419.1716613769531
train,7165,765.9000244140625,734.587890625
train,4974,576.5999755859375,566.7772216796875
train,294,833.9000244140625,818.3116455078125
train,2296,855.2999877929688,815.6327514648438
train,751,283.3999938964844,285.1671142578125
train,8194,377.3999938964844,384.9600524902344
train,876,491.29998779296875,499.30340576171875
train,8062,484.29998779296875,482.93292236328125
train,1267,470.70001220703125,452.84893798828125
train,7695,340.29998779296875,316.391845703125
train,3579,246.00001525878906,243.86228942871094
train,2892,646.2000122070312,637.8135986328125
train,3399,291.1000061035156,315.68194580078125
train,6226,283.79998779296875,285.53741455078125
train,6319,302.3999938964844,273.3731689453125
train,540,398.0,378.27227783203125
train,8442,351.20001220703125,359.7759094238281
train,6115,510.8999938964844,471.539306640625
train,8498,511.1000061035156,505.5884704589844
train,6329,317.20001220703125,301.2336120605469
train,2326,439.6000061035156,429.96527099609375
train,126,720.5999755859375,716.447021484375
train,5954,438.29998779296875,408.80841064453125
train,4209,379.29998779296875,368.386962890625
train,4402,285.0,271.2120361328125
train,441,332.5,310.87481689453125
train,3474,348.6000061035156,331.2452392578125
train,884,347.0,371.1224365234375
train,5277,276.79998779296875,264.915283203125
train,5782,477.70001220703125,454.3091735839844
train,1941,538.7999877929688,537.9239501953125
train,3501,398.8999938964844,426.98822021484375
train,760,591.4000244140625,573.0531616210938
train,2048,813.9000244140625,777.1351928710938
train,7572,423.29998779296875,428.6718444824219
train,4782,681.2999877929688,676.140869140625
train,3040,417.0,417.88861083984375
train,1199,590.2999877929688,568.7587890625
train,3730,589.0999755859375,614.8677978515625
train,730,399.8999938964844,363.9729919433594
train,2302,741.4000244140625,754.4764404296875
train,3697,518.9000244140625,494.85284423828125
train,420,597.0,571.4892578125
train,7414,521.0,517.382080078125
train,4732,861.7000732421875,827.0288696289062
train,6491,329.79998779296875,320.0161437988281
train,8362,422.70001220703125,436.7672424316406
train,7993,299.0,299.51507568359375
train,1793,421.8999938964844,438.08538818359375
train,6381,377.29998779296875,366.41839599609375
train,8146,386.29998779296875,364.977783203125
train,2274,579.2000122070312,564.960205078125
train,1670,339.70001220703125,334.93243408203125
train,8094,308.20001220703125,294.9195251464844
train,4526,317.20001220703125,285.31878662109375
train,6780,385.70001220703125,317.33038330078125
train,4683,508.70001220703125,499.8863220214844
train,3630,463.3999938964844,453.3782653808594
train,3885,258.1000061035156,256.9930725097656
train,3314,473.79998779296875,459.28173828125
train,1772,601.5999755859375,614.24462890625
train,166,723.0,723.3533325195312
train,1485,882.5,876.1364135742188
train,8284,301.20001220703125,280.67327880859375
train,6864,647.4000244140625,621.6660766601562
train,3966,334.3999938964844,320.81475830078125
train,7159,415.1000061035156,375.13922119140625
train,8208,477.29998779296875,483.49969482421875
train,5839,393.29998779296875,399.5434875488281
train,506,376.79998779296875,370.5367126464844
train,4254,372.6000061035156,389.9332275390625
train,8472,252.59999084472656,242.8333282470703
train,3269,479.70001220703125,483.46142578125
train,1524,460.70001220703125,446.54742431640625
train,5174,346.1000061035156,361.8954162597656
train,272,346.8999938964844,361.60443115234375
train,4946,490.0,481.04248046875
train,3628,610.2999877929688,605.050537109375
train,4522,498.0,487.86956787109375
train,4614,788.2999877929688,760.8238525390625
train,6844,415.29998779296875,419.85430908203125
train,2901,523.4000244140625,524.6889038085938
train,7980,295.6000061035156,297.81817626953125
train,4019,376.1000061035156,354.32757568359375
train,309,290.70001220703125,294.3248596191406
train,5329,286.70001220703125,281.7694091796875
train,2392,354.1000061035156,334.471923828125
train,4642,299.70001220703125,288.25958251953125
train,8512,412.3999938964844,388.961181640625
train,1634,738.0,694.7867431640625
train,2512,290.79998779296875,281.8462829589844
train,3830,473.8999938964844,472.0848083496094
train,7908,652.9000244140625,671.4683837890625
train,1703,365.20001220703125,370.0280456542969
train,4885,322.5,317.36907958984375
train,5219,389.0,401.392578125
train,3607,421.5,427.83489990234375
train,7432,572.2000122070312,569.169921875
train,2968,627.4000244140625,633.3795776367188
train,173,331.8999938964844,303.37890625
train,5032,323.8999938964844,292.0871887207031
train,5486,611.0,604.291748046875
train,30,463.0,464.4172058105469
train,7625,586.4000244140625,581.4454956054688
train,1378,413.3999938964844,374.3829040527344
train,4344,350.79998779296875,344.99853515625
train,3143,335.29998779296875,318.2658386230469
train,8511,490.6000061035156,456.4338073730469
train,7003,502.5,488.0415954589844
train,381,377.6000061035156,351.3477783203125
train,6482,391.3999938964844,382.3739929199219
train,1623,630.7000122070312,635.6965942382812
train,629,499.3999938964844,487.9581604003906
train,2004,551.2999877929688,563.8896484375
train,5210,351.0,354.885498046875
train,4987,456.29998779296875,460.72442626953125
train,8205,510.8999938964844,495.9037170410156
train,5342,358.3999938964844,390.6197509765625
train,1293,420.0,395.9924011230469
train,292,678.5999755859375,692.733154296875
train,3324,251.60000610351562,269.4116516113281
train,3468,523.7999877929688,522.2875366210938
train,6563,276.3999938964844,261.37469482421875
train,6366,333.20001220703125,329.27447509765625
train,331,586.5,573.6216430664062
train,5910,524.5,530.140380859375
train,2796,492.1000061035156,486.05950927734375
train,8190,574.4000244140625,578.8597412109375
train,8712,884.0,871.2000732421875
train,2508,363.5,338.90869140625
train,6180,310.20001220703125,299.0289306640625
train,4059,358.1000061035156,353.5191955566406
train,4045,329.0,309.74365234375
train,755,324.29998779296875,325.7537841796875
train,5472,424.3999938964844,419.02978515625
train,5688,457.70001220703125,441.32574462890625
train,6081,382.5,379.6979675292969
train,1185,256.3999938964844,257.3427734375
train,170,319.79998779296875,328.8590087890625
train,2133,334.3999938964844,350.8014221191406
train,7945,776.7999877929688,766.56201171875
train,4195,639.0,639.537353515625
train,265,808.7999877929688,776.2594604492188
train,710,751.9000244140625,744.6062622070312
train,501,399.3999938964844,386.4808349609375
train,896,425.8999938964844,421.2229919433594
train,6871,315.5,287.0262145996094
train,4667,794.7000122070312,802.309326171875
train,8127,451.0,446.9266052246094
train,4448,379.8999938964844,359.7923889160156
train,4257,269.8999938964844,276.711181640625
train,2159,251.3000030517578,225.48965454101562
train,761,378.79998779296875,376.2196960449219
train,3350,755.7000122070312,736.5909423828125
train,4202,275.79998779296875,255.17198181152344
train,2082,757.7000122070312,746.493408203125
train,2056,298.70001220703125,294.6412353515625
train,6924,354.29998779296875,358.47613525390625
train,4271,346.8999938964844,352.58270263671875
train,1682,354.3999938964844,342.6135559082031
train,339,435.1000061035156,437.4805603027344
train,5130,451.1000061035156,436.1324462890625
train,1262,836.9000244140625,827.91748046875
train,5275,538.2000122070312,541.24951171875
train,617,506.29998779296875,510.2525634765625
train,7558,235.5,249.72994995117188
train,7513,307.20001220703125,280.43341064453125
train,2728,418.29998779296875,430.5420227050781
train,139,469.1000061035156,474.0097961425781
train,2223,322.3999938964844,324.0827941894531
train,2069,356.79998779296875,345.0851135253906
train,7014,632.5,620.5856323242188
train,2212,421.8999938964844,409.9600524902344
train,782,292.3999938964844,248.2393035888672
train,3163,358.20001220703125,360.219970703125
train,3932,563.9000244140625,533.1014404296875
train,8378,254.3000030517578,259.3706970214844
train,329,372.5,368.2474670410156
train,5314,565.0,538.7831420898438
train,6724,408.0,373.7366027832031
train,1859,275.60003662109375,296.6600646972656
train,6036,401.70001220703125,401.8132629394531
train,4500,250.1999969482422,237.8524932861328
train,642,362.0,360.8370361328125
train,1376,294.8999938964844,284.69219970703125
train,5150,288.3999938964844,284.8594055175781
train,398,644.7999877929688,679.9820556640625
train,3300,557.2000122070312,552.5369873046875
train,5404,278.3999938964844,274.9986572265625
train,4884,256.0,267.029541015625
train,2787,390.5,409.0245056152344
train,8520,313.1000061035156,301.9835510253906
train,5283,410.8999938964844,423.1407470703125
train,5969,653.4000244140625,639.6097412109375
train,6814,382.8999938964844,399.7423400878906
train,5395,350.8999938964844,350.06365966796875
train,8409,307.20001220703125,303.3065185546875
train,3465,379.0,361.58258056640625
train,8683,270.5,255.8225555419922
train,1905,194.89999389648438,204.4549102783203
train,7186,583.4000244140625,578.2091064453125
train,846,428.1000061035156,417.1743469238281
train,4373,508.0,505.2309265136719
train,7570,678.4000244140625,658.1473999023438
train,1639,364.70001220703125,335.53802490234375
train,1766,381.3999938964844,385.80938720703125
train,580,355.1000061035156,363.6641845703125
train,3664,615.0999755859375,616.3543701171875
train,622,422.8999938964844,391.65447998046875
train,5767,254.3000030517578,266.3582763671875
train,1583,370.3999938964844,364.9312744140625
train,5285,306.1000061035156,308.707763671875
train,2668,369.70001220703125,370.52911376953125
train,6784,323.6000061035156,309.2745666503906
train,3169,771.7000122070312,780.533447265625
train,6313,303.5,299.0223388671875
train,6869,415.20001220703125,401.80389404296875
train,3374,240.39999389648438,237.6861114501953
train,6999,450.8999938964844,462.8930969238281
train,5940,382.5,376.8285827636719
train,6527,502.29998779296875,519.8150024414062
train,5066,294.3999938964844,292.4064636230469
train,5533,378.29998779296875,351.38543701171875
train,5098,351.29998779296875,353.2834777832031
train,6433,506.79998779296875,540.7659912109375
train,4025,534.9000244140625,526.8870239257812
train,4681,413.29998779296875,414.7821960449219
train,5823,374.29998779296875,340.23870849609375
train,6697,256.6000061035156,253.60740661621094
train,6786,356.5,341.55419921875
train,2699,301.20001220703125,261.8575439453125
train,743,302.1000061035156,318.1382751464844
train,7290,524.7000122070312,483.86724853515625
train,6174,273.70001220703125,293.4740295410156
train,4512,260.1000061035156,257.31036376953125
train,951,300.6000061035156,263.587158203125
train,8163,483.8999938964844,474.384521484375
train,6778,497.1000061035156,508.91900634765625
train,8580,794.5,786.8065185546875
train,1537,342.20001220703125,322.1560974121094
train,5167,683.4000244140625,688.421875
train,7755,271.5,258.20172119140625
train,3455,318.5,321.1817626953125
train,2898,276.29998779296875,278.62127685546875
train,2998,497.5,479.90447998046875
train,5564,790.9000244140625,754.4302978515625
train,6591,484.5,480.0226745605469
train,3558,329.20001220703125,324.5660400390625
train,5520,309.5,318.92242431640625
train,7650,333.29998779296875,309.906494140625
train,4674,567.0999755859375,569.6934814453125
train,640,424.20001220703125,412.2415771484375
train,5160,391.79998779296875,385.9732360839844
train,3307,433.3999938964844,432.174560546875
train,2505,350.29998779296875,341.7022399902344
train,4750,555.2999877929688,545.1309814453125
train,1705,307.3999938964844,295.5340881347656
train,6763,645.5,673.2271118164062
train,7559,317.8999938964844,326.2850341796875
train,7495,569.5,545.5474243164062
train,7948,479.1000061035156,462.0003662109375
train,6401,292.20001220703125,289.37982177734375
train,1930,321.5,339.687255859375
train,5281,262.8999938964844,264.6529541015625
train,1949,488.1000061035156,505.591064453125
train,4776,327.6000061035156,319.47161865234375
train,955,344.20001220703125,323.7742004394531
train,3437,711.0999755859375,697.538818359375
train,608,629.5999755859375,616.2247314453125
train,2889,418.79998779296875,407.6064147949219
train,1359,450.5,441.6704406738281
train,6552,815.5999755859375,831.2053833007812
train,6859,463.8999938964844,471.16888427734375
train,3366,389.5,388.8052978515625
train,1208,421.70001220703125,402.4904479980469
train,8129,485.79998779296875,497.6624450683594
train,7717,319.20001220703125,320.5401916503906
train,7910,362.8999938964844,410.7148132324219
train,8148,221.6999969482422,227.7139892578125
train,4708,438.8999938964844,415.9625244140625
train,3060,712.9000244140625,729.6378173828125
train,1441,322.8999938964844,334.641845703125
train,7337,470.79998779296875,472.7605895996094
train,3667,295.79998779296875,277.20721435546875
train,2479,312.6000061035156,272.869140625
train,11,248.39999389648438,248.29415893554688
train,5980,504.3999938964844,493.7356872558594
train,3133,366.70001220703125,345.8152770996094
train,6362,225.39999389648438,227.86288452148438
train,4727,570.5999755859375,546.420166015625
train,1545,309.79998779296875,321.970947265625
train,7077,291.8999938964844,277.3021240234375
train,6873,646.5999755859375,648.5198974609375
train,4566,671.4000244140625,668.694580078125
train,1087,602.4000244140625,583.7033081054688
train,1784,814.0,780.3760375976562
train,8132,261.79998779296875,248.99351501464844
train,2725,270.20001220703125,272.033203125
train,3266,382.70001220703125,394.86309814453125
train,2931,394.8999938964844,391.00531005859375
train,5639,398.3999938964844,421.3289489746094
train,6256,537.5999755859375,532.1672973632812
train,7581,346.6000061035156,340.85784912109375
train,3709,379.6000061035156,385.7629699707031
train,1945,344.20001220703125,318.53497314453125
train,2137,377.6000061035156,347.3056945800781
train,4198,782.4000244140625,780.9473876953125
train,2544,416.20001220703125,412.28271484375
train,3923,358.70001220703125,361.072265625
train,5161,695.9000244140625,699.6761474609375
train,3430,555.2999877929688,546.5424194335938
train,1367,276.1000061035156,259.23992919921875
train,2638,297.70001220703125,303.4259338378906
train,3329,486.79998779296875,457.43914794921875
train,3210,412.8999938964844,390.1014404296875
train,3736,461.79998779296875,485.9063415527344
train,99,384.29998779296875,383.9250793457031
train,3149,568.4000244140625,540.3131713867188
train,3174,442.5,411.26812744140625
train,3444,558.2000122070312,532.5980224609375
train,3128,364.6000061035156,359.3509521484375
train,7026,393.79998779296875,397.483642578125
train,414,472.79998779296875,489.4770812988281
train,8020,349.3999938964844,366.2208557128906
train,4291,385.8999938964844,394.0074157714844
train,3252,481.0,477.92120361328125
train,7836,277.1000061035156,262.6751708984375
train,1205,416.79998779296875,388.34967041015625
train,2424,293.79998779296875,291.0369873046875
train,7253,325.0,290.52630615234375
train,4167,306.0,312.19140625
train,7446,378.70001220703125,382.47418212890625
train,6835,585.0,595.8762817382812
train,5989,343.20001220703125,333.48583984375
train,6881,446.6000061035156,464.1248779296875
train,1132,251.0,252.375244140625
train,1089,745.4000244140625,739.977783203125
train,1747,421.29998779296875,408.25201416015625
train,7202,407.20001220703125,407.51123046875
train,4102,800.5,793.2542724609375
train,1843,286.5,270.87744140625
train,1681,401.79998779296875,401.4345397949219
train,2858,394.1000061035156,395.6930847167969
train,6446,482.5,462.53338623046875
train,5087,274.20001220703125,262.719970703125
train,1266,372.0,381.1103820800781
train,6308,502.3999938964844,475.74029541015625
train,1188,448.79998779296875,425.3038330078125
train,8638,275.1000061035156,265.734130859375
train,4446,480.29998779296875,492.37939453125
train,6893,554.4000244140625,539.5894165039062
train,5625,764.0,765.802734375
train,2647,769.9000244140625,757.0318603515625
train,2206,364.8999938964844,365.42205810546875
train,4870,292.5,281.23760986328125
train,1839,670.7000122070312,670.2591552734375
train,8333,318.1000061035156,339.7777099609375
train,116,598.5,585.9844970703125
train,2538,443.0,440.7023010253906
train,2736,354.79998779296875,357.14544677734375
train,8611,383.8999938964844,348.8832702636719
train,5481,548.2999877929688,529.5484008789062
train,3503,300.5,292.5462951660156
train,2108,236.10000610351562,243.59423828125
train,2246,303.0,323.92041015625
train,1457,517.2000122070312,523.4146728515625
train,7930,557.5999755859375,541.6288452148438
train,1559,281.1000061035156,280.2987976074219
train,3627,454.29998779296875,445.32220458984375
train,7416,354.79998779296875,341.5823974609375
train,2381,325.8999938964844,317.9163513183594
train,4467,603.7999877929688,595.2596435546875
train,5322,647.2000122070312,618.8421020507812
train,7800,313.29998779296875,292.5006103515625
train,6162,656.4000244140625,648.9725341796875
train,2095,358.3999938964844,356.21728515625
train,6493,403.70001220703125,373.553955078125
train,430,384.5,395.26055908203125
train,7508,483.8999938964844,470.03021240234375
train,3819,738.5999755859375,793.3297729492188
train,3743,249.5,246.2355194091797
train,7714,439.5,413.2645568847656
train,6209,325.29998779296875,324.2000732421875
train,5409,266.20001220703125,286.30303955078125
train,2305,390.0,368.3981628417969
train,7674,360.20001220703125,375.4886474609375
train,422,375.70001220703125,382.2174072265625
train,298,486.0,453.1087646484375
train,4595,487.3999938964844,468.8389892578125
train,8411,303.5,295.907958984375
train,1249,457.1000061035156,457.85009765625
train,2507,437.70001220703125,418.3466796875
train,3168,375.5,375.3984375
train,3202,570.9000244140625,527.3630981445312
train,3481,592.9000244140625,592.8004150390625
train,6278,738.0999755859375,725.1605224609375
train,8197,357.5,361.6611022949219
train,1422,718.9000244140625,708.9600219726562
train,2713,288.29998779296875,285.3965759277344
train,4471,496.8999938964844,476.00848388671875
train,2539,321.1000061035156,307.858154296875
train,8379,384.20001220703125,387.6202087402344
train,6782,259.5,255.06671142578125
train,3451,544.4000244140625,537.3159790039062
train,6615,448.79998779296875,443.3576965332031
train,3620,289.5,296.43682861328125
train,8553,474.79998779296875,455.93316650390625
train,4114,431.70001220703125,422.7595520019531
train,6295,316.3999938964844,330.1378173828125
train,2938,467.8999938964844,447.8273010253906
train,8575,451.6000061035156,421.6936950683594
train,8704,278.8999938964844,288.06304931640625
train,4967,256.79998779296875,276.62847900390625
train,3970,499.8999938964844,495.46282958984375
train,5020,340.8999938964844,368.9010009765625
train,5037,410.20001220703125,413.1082458496094
train,2498,565.5999755859375,560.3182373046875
train,6084,262.0,256.3226318359375
train,7377,487.79998779296875,481.5151672363281
train,2170,664.0,666.60546875
train,5606,588.7999877929688,593.683837890625
train,6504,693.0,719.9271850585938
train,7118,542.7000122070312,531.6881713867188
train,7863,350.79998779296875,348.17462158203125
train,8244,388.29998779296875,373.6534729003906
train,2156,454.6000061035156,462.6351013183594
train,5151,482.79998779296875,491.67303466796875
train,4000,288.5,295.36358642578125
train,2722,334.3999938964844,314.4707336425781
train,8016,280.29998779296875,269.2235107421875
train,5576,443.8999938964844,438.5939636230469
train,283,402.5,412.6175537109375
train,5044,393.5,389.66357421875
train,3248,344.1000061035156,354.8932189941406
train,5186,368.1000061035156,360.939697265625
train,6592,361.29998779296875,342.2304992675781
train,8423,447.79998779296875,411.1727600097656
train,2039,399.79998779296875,394.6696472167969
train,683,302.3999938964844,298.560791015625
train,699,333.29998779296875,338.48052978515625
train,6471,401.29998779296875,410.4698486328125
train,7125,278.10003662109375,267.0286865234375
train,4980,301.20001220703125,287.01165771484375
train,7220,603.5999755859375,576.677978515625
train,6479,488.70001220703125,467.2543029785156
train,2664,320.1000061035156,326.632568359375
train,7832,678.5,673.2849731445312
train,7815,756.9000244140625,769.4913330078125
train,5774,389.3999938964844,397.20001220703125
train,8726,274.29998779296875,266.83343505859375
train,738,375.79998779296875,357.17742919921875
train,2844,295.79998779296875,282.7815246582031
train,626,403.79998779296875,369.5130615234375
train,1770,765.9000244140625,784.2840576171875
train,3518,627.2999877929688,601.2664794921875
train,6870,325.1000061035156,321.558349609375
train,2952,583.4000244140625,574.332763671875
train,4723,392.5,398.98785400390625
train,5824,376.3999938964844,370.81072998046875
train,4064,366.79998779296875,364.0943908691406
train,5728,437.79998779296875,401.10784912109375
train,6461,476.20001220703125,474.3355407714844
train,6701,417.70001220703125,416.32818603515625
train,2996,293.1000061035156,291.8988342285156
train,2348,740.4000244140625,728.513427734375
train,2092,283.3999938964844,256.6522521972656
train,3597,423.20001220703125,410.3282470703125
train,1850,300.6000061035156,296.879638671875
train,2106,548.5999755859375,553.4532470703125
train,5115,742.4000244140625,730.7540893554688
train,86,360.70001220703125,366.2298889160156
train,5751,284.6000061035156,283.162841796875
train,50,307.70001220703125,291.519775390625
train,6936,377.5,361.45416259765625
train,8326,458.1000061035156,462.6576843261719
train,5284,275.0,275.3373107910156
train,4547,341.8999938964844,327.3754577636719
train,8196,329.3999938964844,324.604248046875
train,2734,404.6000061035156,427.2298889160156
train,7181,277.29998779296875,276.5720520019531
train,3017,521.0999755859375,516.6143188476562
train,4662,752.5,751.9102783203125
train,4612,318.79998779296875,331.5376892089844
train,4094,331.0,308.7973327636719
train,7344,448.70001220703125,464.006591796875
train,3723,411.5,408.24981689453125
train,1975,854.5999755859375,862.433837890625
train,815,394.79998779296875,346.3097839355469
train,3941,405.0,428.7516784667969
train,3639,436.3999938964844,436.6443176269531
train,5197,343.79998779296875,349.936767578125
train,2322,622.5,609.0736694335938
train,353,804.5999755859375,824.3310546875
train,3653,307.20001220703125,305.5277404785156
train,5079,678.7999877929688,667.986328125
train,7520,400.20001220703125,391.46148681640625
train,8361,350.20001220703125,381.0647888183594
train,129,360.8999938964844,357.6939697265625
train,954,856.5999755859375,851.6580810546875
train,482,466.29998779296875,458.71612548828125
train,3011,246.00001525878906,247.34742736816406
train,3310,608.2999877929688,623.5697021484375
train,6150,408.70001220703125,417.2422180175781
train,8174,489.5,466.1434631347656
train,6112,284.1000061035156,284.48236083984375
train,365,293.3999938964844,274.4132385253906
train,5935,738.300048828125,766.7946166992188
train,2518,417.79998779296875,424.5350036621094
train,1657,325.5,335.673095703125
train,4891,401.0,400.509765625
train,1224,405.6000061035156,374.4300231933594
train,1822,427.1000061035156,416.654296875
train,5334,427.20001220703125,426.29534912109375
train,448,544.9000244140625,553.8799438476562
train,5500,397.20001220703125,375.9698181152344
train,2481,400.6000061035156,394.0771179199219
train,451,810.5,756.0866088867188
train,1808,257.5,260.06439208984375
train,5434,319.1000061035156,328.4424743652344
train,2557,473.29998779296875,462.8611755371094
train,8396,514.5,498.8923034667969
train,820,347.5,359.9798889160156
train,1744,318.1000061035156,304.43438720703125
train,4789,389.70001220703125,375.2034606933594
train,6118,261.79998779296875,249.24319458007812
train,1976,627.7999877929688,609.7139282226562
train,5154,435.5,426.33612060546875
train,7176,474.70001220703125,457.96160888671875
train,2179,393.1000061035156,385.2322082519531
train,2887,377.29998779296875,344.0294494628906
train,1840,594.4000244140625,604.0424194335938
train,6820,393.29998779296875,391.6976318359375
train,8620,322.20001220703125,306.7390441894531
train,7012,396.3999938964844,393.160400390625
train,8252,378.20001220703125,345.6880798339844
train,249,245.8000030517578,246.3260040283203
train,5833,371.79998779296875,361.7033386230469
train,7021,305.70001220703125,306.54119873046875
train,4288,376.1000061035156,376.7894287109375
train,5746,297.79998779296875,277.466796875
train,3842,301.79998779296875,307.06494140625
train,685,384.8999938964844,365.03814697265625
train,3433,394.1000061035156,394.00128173828125
train,8443,266.8999938964844,273.4744873046875
train,2115,390.3999938964844,350.1460876464844
train,7345,345.70001220703125,333.77838134765625
train,2318,354.70001220703125,371.108154296875
train,5483,366.1000061035156,370.8704833984375
train,4531,526.5,510.8814697265625
train,7534,308.20001220703125,296.1266174316406
train,1625,312.5,329.6595458984375
train,3806,327.6000061035156,336.28265380859375
train,2847,254.8999786376953,260.59722900390625
train,6525,334.79998779296875,329.1436767578125
train,2147,475.20001220703125,458.91888427734375
train,5212,670.0,675.4540405273438
train,3633,358.5,352.046142578125
train,2228,363.8999938964844,356.7092590332031
train,214,333.3999938964844,323.8954772949219
train,4342,330.1000061035156,349.259521484375
train,8357,314.1000061035156,317.92901611328125
train,4519,334.3999938964844,327.60931396484375
train,4193,489.20001220703125,479.0731506347656
train,8621,325.3999938964844,323.4952392578125
train,2079,546.9000244140625,526.4388427734375
train,1048,251.8000030517578,257.02740478515625
train,1455,449.79998779296875,450.8446044921875
train,4001,529.2000122070312,482.8200988769531
train,6617,294.6000061035156,274.3998107910156
train,38,245.8000030517578,221.5094757080078
train,5121,387.1000061035156,389.123046875
train,1921,776.7000122070312,763.3717041015625
train,3302,567.2999877929688,558.7943725585938
train,2791,471.0,473.31939697265625
train,4130,716.7000122070312,721.6177368164062
train,1253,783.5999755859375,740.7188720703125
train,8035,424.20001220703125,437.80548095703125
train,8186,415.20001220703125,393.6046447753906
train,4301,357.8999938964844,335.2017822265625
train,1660,280.5,282.88177490234375
train,1615,329.20001220703125,311.600830078125
train,7545,604.0999755859375,587.5465087890625
train,1779,449.70001220703125,428.4479675292969
train,3130,723.2999877929688,736.7319946289062
train,4004,289.79998779296875,278.49432373046875
train,320,301.20001220703125,294.396728515625
train,4737,290.0,304.93603515625
train,6598,451.8999938964844,443.9442443847656
train,7564,348.20001220703125,348.5766906738281
train,7047,309.70001220703125,266.323974609375
train,5945,633.2000122070312,642.0887451171875
train,1106,312.29998779296875,318.2656555175781
train,2984,828.4000244140625,825.3311767578125
train,3683,394.29998779296875,406.19622802734375
train,5811,381.20001220703125,384.1041259765625
train,1929,317.0,294.2122497558594
train,2327,522.0,527.459228515625
train,2065,314.3999938964844,264.6343078613281
train,6127,474.79998779296875,456.1094055175781
train,5710,359.29998779296875,343.17315673828125
train,6378,320.20001220703125,318.0950927734375
train,1580,430.6000061035156,411.8428955078125
train,4715,422.3999938964844,404.26507568359375
train,5720,397.70001220703125,401.0113830566406
train,581,379.3999938964844,361.65771484375
train,5005,264.1000061035156,264.76007080078125
train,6543,329.70001220703125,324.87225341796875
train,7636,463.8999938964844,483.899658203125
train,1586,369.6000061035156,335.86981201171875
train,2972,510.79998779296875,495.8695983886719
train,4594,583.2000122070312,606.5116577148438
train,8677,280.70001220703125,272.2237548828125
train,8371,314.1000061035156,298.43280029296875
train,5762,356.5,354.6130676269531
train,6979,328.20001220703125,321.67169189453125
train,241,279.3999938964844,281.7817687988281
train,4969,347.5,314.79833984375
train,8185,458.29998779296875,462.2211608886719
train,4657,336.6000061035156,329.1260681152344
train,1223,362.8999938964844,344.122314453125
train,5326,368.79998779296875,367.1995849609375
train,1179,627.4000244140625,617.822021484375
train,2000,467.5,453.94805908203125
train,7999,326.29998779296875,322.0570373535156
train,8188,306.70001220703125,291.07989501953125
train,1999,247.0,214.0628662109375
train,4345,393.70001220703125,364.3846130371094
train,6622,392.79998779296875,416.2303771972656
train,3227,692.2000122070312,682.075927734375
train,5200,298.6000061035156,308.1474914550781
train,807,322.5,320.17620849609375
train,6565,811.2000122070312,817.3529052734375
train,2143,380.70001220703125,362.0785217285156
train,1228,428.70001220703125,419.8821105957031
train,1100,838.5,830.6348876953125
train,2733,408.5,426.545654296875
train,5436,820.2000122070312,821.8015747070312
train,1996,281.29998779296875,297.3616943359375
train,6941,472.70001220703125,460.96429443359375
train,8231,541.2999877929688,528.163330078125
train,1498,825.4000244140625,804.9425048828125
train,7799,507.29998779296875,493.693115234375
train,4771,634.2999877929688,613.9935913085938
train,8628,899.0,881.95263671875
train,1834,306.3999938964844,292.0406188964844
train,5183,359.6000061035156,342.83935546875
train,336,438.5,425.4270324707031
train,5547,525.0999755859375,505.3369140625
train,1734,319.79998779296875,318.6929016113281
train,6463,830.4000244140625,815.1452026367188
train,7097,401.3999938964844,378.10491943359375
train,5204,277.20001220703125,279.003662109375
train,567,462.79998779296875,446.9973449707031
train,6224,342.79998779296875,318.5556640625
train,7170,379.79998779296875,377.9883117675781
train,2767,367.1000061035156,365.96942138671875
train,6464,570.2000122070312,570.2791748046875
train,2667,526.0,498.6990051269531
train,495,383.8999938964844,354.6922607421875
train,6729,494.8999938964844,489.9466857910156
train,1433,691.9000244140625,649.686767578125
train,7399,306.6000061035156,310.5431213378906
train,2006,558.5999755859375,536.4165649414062
train,7323,368.3999938964844,352.1309814453125
train,3131,321.0,311.79229736328125
train,1491,433.8999938964844,428.11712646484375
train,3992,348.1000061035156,353.8881530761719
train,1365,365.8999938964844,341.0070495605469
train,6541,778.0999755859375,762.9974975585938
train,7312,338.5,340.21942138671875
train,7540,651.0999755859375,668.6956787109375
train,7624,319.70001220703125,333.1556091308594
train,325,255.0,258.17047119140625
train,7813,394.20001220703125,390.0476989746094
train,3565,280.6000061035156,278.52630615234375
train,2155,422.29998779296875,399.41217041015625
train,5466,325.79998779296875,316.3417053222656
train,359,479.8999938964844,463.25592041015625
train,3208,345.29998779296875,318.4695129394531
train,8458,427.8999938964844,427.4037170410156
train,2456,551.9000244140625,551.466796875
train,1786,601.5,596.05908203125
train,8426,522.7000122070312,533.227783203125
train,5964,347.1000061035156,309.458740234375
train,88,265.5,261.1694641113281
train,105,349.3999938964844,388.6072998046875
train,1988,684.7000122070312,692.7984619140625
train,857,526.4000244140625,528.5452880859375
train,1756,453.70001220703125,463.41558837890625
train,7404,378.20001220703125,373.7773742675781
train,603,284.70001220703125,291.54449462890625
train,4848,295.70001220703125,324.72216796875
train,6176,274.20001220703125,276.52618408203125
train,531,377.3999938964844,380.3463134765625
train,4036,479.0,478.9627380371094
train,5583,354.79998779296875,345.5628967285156
train,2760,286.3999938964844,264.34710693359375
train,8296,905.7999877929688,896.71142578125
train,4010,401.20001220703125,400.19573974609375
train,1875,331.29998779296875,304.12628173828125
train,7826,340.6000061035156,319.9282531738281
train,3570,275.5,259.43096923828125
train,3093,634.4000244140625,659.4854125976562
train,2597,256.1000061035156,242.71771240234375
train,6745,352.8999938964844,342.8551940917969
train,735,381.3999938964844,370.7860412597656
train,8344,476.79998779296875,465.3226623535156
train,6642,621.9000244140625,601.2384033203125
train,3804,285.29998779296875,268.05865478515625
train,8517,253.8000030517578,255.12852478027344
train,6627,611.5,612.2862548828125
train,3629,288.1000061035156,324.4010925292969
train,3294,316.70001220703125,340.73687744140625
train,2924,308.29998779296875,294.24761962890625
train,3903,269.79998779296875,250.1270751953125
train,6895,404.0,411.61669921875
train,3952,282.70001220703125,267.89227294921875
train,2475,408.79998779296875,383.27947998046875
train,1652,479.8999938964844,479.9031066894531
train,692,551.7999877929688,548.3504028320312
train,1372,325.0,303.69873046875
train,6619,471.8999938964844,446.07080078125
train,2180,215.1999969482422,233.3274688720703
train,1330,353.20001220703125,345.877197265625
train,6304,358.29998779296875,354.57147216796875
train,4560,442.5,443.5455627441406
train,2813,365.79998779296875,355.2096252441406
train,5426,347.29998779296875,337.62310791015625
train,3137,647.7999877929688,622.28515625
train,2363,333.6000061035156,317.20281982421875
train,7119,525.9000244140625,514.2710571289062
train,2757,264.6000061035156,266.86846923828125
train,8315,590.5,571.3403930664062
train,4741,452.5,437.6592102050781
train,4447,443.79998779296875,434.90911865234375
train,2042,355.6000061035156,349.6075439453125
train,2049,397.3999938964844,372.7898864746094
train,7511,445.70001220703125,448.89898681640625
train,5080,535.5,520.088623046875
train,7897,267.20001220703125,275.4735412597656
train,6251,281.1000061035156,261.736083984375
train,5101,315.3999938964844,298.968017578125
train,240,693.7000122070312,681.3536987304688
train,8157,279.79998779296875,280.49359130859375
train,3353,649.4000244140625,665.3641967773438
train,2780,382.5,366.146484375
train,7605,406.8999938964844,405.7032470703125
train,1889,286.29998779296875,299.42706298828125
train,7611,433.3999938964844,426.17218017578125
train,733,367.29998779296875,365.5349426269531
train,5316,441.29998779296875,470.1264953613281
train,2074,632.4000244140625,635.87109375
train,7590,532.7000122070312,500.07818603515625
train,73,493.29998779296875,461.08233642578125
train,3471,341.29998779296875,348.4207763671875
train,7776,331.8999938964844,318.28509521484375
train,560,249.5,262.46014404296875
train,4998,296.6000061035156,304.2088623046875
train,4736,439.5,431.2930603027344
train,5072,683.0999755859375,666.88623046875
train,5403,259.1000061035156,252.71156311035156
train,8457,286.70001220703125,291.28033447265625
train,2059,314.79998779296875,332.0531005859375
train,1171,287.5,302.34185791015625
train,2717,284.6000061035156,255.9645233154297
train,1868,468.70001220703125,466.34918212890625
train,798,286.79998779296875,297.84686279296875
train,7561,406.1000061035156,378.9361877441406
train,4781,370.5,358.61517333984375
train,3927,390.5,382.1622619628906
train,6722,746.4000244140625,760.7928466796875
train,5760,333.6000061035156,305.68719482421875
train,6158,467.5,474.67938232421875
train,3852,674.2000122070312,663.2772827148438
train,6343,472.70001220703125,462.83843994140625
train,1531,327.0,321.1834411621094
train,1214,570.0999755859375,531.88671875
train,1052,410.0,388.11370849609375
train,1060,561.0,543.753173828125
train,3958,357.0,349.4173583984375
train,5043,544.2999877929688,564.8440551757812
train,7936,625.7999877929688,615.1659545898438
train,6741,753.4000244140625,717.3956909179688
train,5278,354.8999938964844,379.0660095214844
train,2173,345.1000061035156,312.91851806640625
train,100,412.3999938964844,421.4933776855469
train,3177,319.79998779296875,320.12237548828125
train,2670,585.9000244140625,582.5136108398438
train,3460,774.0999755859375,772.0214233398438
train,8341,237.89999389648438,248.08441162109375
train,6448,365.29998779296875,362.8102111816406
train,2140,325.0,325.80804443359375
train,7698,293.6000061035156,291.8295593261719
train,5244,341.5,361.49261474609375
train,5797,283.70001220703125,314.5810852050781
train,1599,469.5,479.474853515625
train,7833,458.3999938964844,429.43817138671875
train,5615,347.0,338.08026123046875
train,8608,516.9000244140625,520.350830078125
train,5479,398.1000061035156,344.3463134765625
train,6834,718.4000244140625,728.5067749023438
train,2135,736.5,728.638916015625
train,1349,346.6000061035156,362.0823974609375
train,4641,701.2000122070312,663.15869140625
train,7101,261.1000061035156,264.4036560058594
train,4786,316.0,322.6953125
train,6653,431.8999938964844,429.8337097167969
train,3165,337.5,342.1484375
train,4764,325.20001220703125,314.2242431640625
train,3328,432.79998779296875,429.2687072753906
train,6315,395.79998779296875,365.33441162109375
train,1198,734.2000122070312,742.4981689453125
train,6935,337.29998779296875,343.8009033203125
train,4586,642.0999755859375,632.996826171875
train,2864,367.5,332.3083190917969
train,8144,483.3999938964844,519.9981689453125
train,7686,533.7999877929688,525.0262451171875
train,5364,331.6000061035156,325.4517822265625
train,4096,328.8999938964844,325.5378112792969
train,3865,376.79998779296875,376.9941711425781
train,3181,315.0,298.76971435546875
train,1221,284.6000061035156,263.073974609375
train,8603,251.60000610351562,257.1418762207031
train,4792,348.5,340.665283203125
train,5888,433.0,441.2885437011719
train,1765,345.29998779296875,360.0726318359375
train,2120,314.8999938964844,300.75439453125
train,402,527.5999755859375,524.0791625976562
train,7882,460.0,492.05572509765625
train,8448,289.5,296.40643310546875
train,1346,410.20001220703125,401.5544738769531
train,5883,424.70001220703125,418.39459228515625
train,6975,345.3999938964844,327.39849853515625
train,2500,570.0,581.7984008789062
train,5282,295.8999938964844,280.185546875
train,7804,248.89999389648438,251.3509521484375
train,1402,471.0,468.9052429199219
train,854,367.5,364.597412109375
train,1176,294.6000061035156,292.68182373046875
train,3993,421.29998779296875,407.26312255859375
train,5253,473.3999938964844,450.6618347167969
train,2684,409.1000061035156,422.341064453125
train,2593,329.29998779296875,324.5762634277344
train,4800,454.70001220703125,441.7438049316406
train,4319,313.3999938964844,280.2007141113281
train,8054,377.20001220703125,355.5136413574219
train,1236,454.8999938964844,438.388427734375
train,3476,381.5,350.67681884765625
train,4758,394.5,410.9908752441406
train,3463,591.0,530.688232421875
train,6340,618.7999877929688,620.956787109375
train,1013,397.79998779296875,401.1874694824219
train,7767,298.70001220703125,278.4073181152344
train,3230,518.5999755859375,485.4100036621094
train,1355,479.70001220703125,494.40899658203125
train,2340,468.0,422.5137939453125
train,5517,405.6000061035156,380.8756408691406
train,4477,612.5999755859375,605.9149780273438
train,4475,284.8999938964844,282.13616943359375
train,554,322.3999938964844,331.2803039550781
train,3127,426.3999938964844,401.228759765625
train,7976,531.5999755859375,512.8121337890625
train,1412,328.5,318.697265625
train,2151,256.79998779296875,236.81190490722656
train,5651,355.20001220703125,363.967041015625
train,7635,319.70001220703125,290.06787109375
train,3211,305.3999938964844,287.37664794921875
train,4882,349.5,321.8666076660156
train,5975,389.29998779296875,409.4665222167969
train,6419,331.20001220703125,328.1011962890625
train,5271,310.20001220703125,291.1812744140625
train,8044,254.20001220703125,267.90118408203125
train,7946,361.70001220703125,339.952880859375
train,1489,270.5999755859375,265.13287353515625
train,2113,641.5999755859375,666.8204345703125
train,1165,293.0,272.17529296875
train,3035,337.29998779296875,327.79345703125
train,5859,544.5,527.5869750976562
train,6631,301.5,298.83526611328125
train,3893,340.70001220703125,333.500244140625
train,3424,334.3999938964844,313.72161865234375
train,682,619.5,586.1860961914062
train,4231,575.5999755859375,574.8966674804688
train,1856,350.8999938964844,337.7552795410156
train,8211,320.3999938964844,310.14324951171875
train,3480,515.5,497.5658874511719
train,4949,471.5,483.2081604003906
train,2627,337.6000061035156,307.11688232421875
train,270,406.79998779296875,385.10107421875
train,7025,384.79998779296875,371.1217041015625
train,5053,469.5,444.9758605957031
train,7350,508.0,505.20269775390625
train,207,389.8999938964844,355.5406799316406
train,7250,264.5,270.8627014160156
train,313,750.9000244140625,766.6305541992188
train,7493,324.70001220703125,328.4936828613281
train,1226,822.2999877929688,821.9666748046875
train,4805,272.3999938964844,266.14404296875
train,2402,610.4000244140625,588.0050659179688
train,8115,582.7999877929688,607.3878784179688
train,3758,376.5,363.1192626953125
train,8328,318.0,310.85589599609375
train,4828,326.3999938964844,304.1075134277344
train,3171,304.5,288.0157470703125
train,1034,332.79998779296875,320.238037109375
train,5012,513.9000244140625,503.0839538574219
train,8077,329.1000061035156,308.5177001953125
train,8702,617.2000122070312,633.0223388671875
train,6548,291.20001220703125,303.13787841796875
train,2842,279.29998779296875,278.6212158203125
train,1256,435.29998779296875,423.2091979980469
train,3115,670.7000122070312,667.6012573242188
train,4126,696.5,674.2066650390625
train,4184,495.20001220703125,503.8633117675781
train,2955,421.3999938964844,425.176025390625
train,8108,286.3999938964844,294.1859130859375
train,5394,376.6000061035156,383.09869384765625
train,5294,290.79998779296875,284.1723937988281
train,6041,578.2999877929688,563.337890625
train,8732,362.29998779296875,367.5379333496094
train,5876,539.5999755859375,535.757568359375
train,5589,342.8999938964844,305.8465270996094
train,1044,390.1000061035156,395.41668701171875
train,7486,278.10003662109375,271.7011413574219
train,7510,311.8999938964844,283.2430419921875
train,2773,459.20001220703125,445.0584411621094
train,7182,317.29998779296875,315.72027587890625
train,7330,253.89999389648438,237.7012939453125
train,680,308.20001220703125,301.47674560546875
train,7395,498.8999938964844,487.91021728515625
train,472,492.79998779296875,481.1788635253906
train,1148,369.79998779296875,348.46014404296875
train,4866,675.7000122070312,685.455322265625
train,5506,290.79998779296875,297.24749755859375
train,4542,278.79998779296875,275.9074401855469
train,2782,413.8999938964844,389.6726989746094
train,3619,525.0,521.1085815429688
train,237,508.70001220703125,496.6180114746094
train,8746,466.1000061035156,470.15118408203125
train,2225,385.79998779296875,379.0953369140625
train,2729,551.5999755859375,528.965087890625
train,4510,341.8999938964844,328.775146484375
train,5498,408.1000061035156,400.2587585449219
train,7336,367.20001220703125,367.3795471191406
train,8373,781.0,747.2765502929688
train,654,431.20001220703125,427.5988464355469
train,5297,435.8999938964844,434.8427734375
train,2472,329.5,326.5111083984375
train,7236,323.70001220703125,326.31170654296875
train,499,217.99998474121094,225.30104064941406
train,7052,338.0,342.0291442871094
train,1888,360.70001220703125,370.0890197753906
train,8034,297.29998779296875,266.7945556640625
train,2061,292.20001220703125,281.8172912597656
train,6322,435.20001220703125,416.4150695800781
train,7381,509.3999938964844,501.41778564453125
train,2385,359.29998779296875,345.2874450683594
train,5683,358.29998779296875,346.1245422363281
train,1686,366.8999938964844,363.6680908203125
train,5163,348.8999938964844,347.5877990722656
train,7024,438.8999938964844,431.6081237792969
train,7639,774.0999755859375,786.9566040039062
train,6089,285.79998779296875,262.21392822265625
train,6290,462.70001220703125,475.3541259765625
train,6826,434.1000061035156,425.67095947265625
train,1265,440.3999938964844,400.7945556640625
train,2705,556.0999755859375,548.96240234375
train,670,812.2999877929688,813.510498046875
train,6678,439.70001220703125,437.9449462890625
train,4227,281.3999938964844,277.80029296875
train,6965,292.1000061035156,241.51979064941406
train,3748,414.70001220703125,423.8875732421875
train,8124,339.8999938964844,361.24932861328125
train,6987,345.0,327.67413330078125
train,6550,418.79998779296875,411.0778503417969
train,5226,464.79998779296875,452.9765319824219
train,5667,458.29998779296875,480.37762451171875
train,5540,409.20001220703125,375.89300537109375
train,8416,817.4000244140625,819.1901245117188
train,4497,444.6000061035156,426.33447265625
train,6508,838.0,821.6785888671875
train,1124,516.4000244140625,469.4073486328125
train,8685,387.0,390.2945861816406
train,3184,657.2999877929688,661.3660888671875
train,3526,283.20001220703125,267.63836669921875
train,3490,237.0,223.00625610351562
train,2485,446.6000061035156,434.17706298828125
train,4572,290.70001220703125,308.1163635253906
train,1302,447.6000061035156,434.193115234375
train,2893,321.8999938964844,314.4794921875
train,5507,292.29998779296875,307.9627990722656
train,768,688.5,693.9835205078125
train,4272,373.1000061035156,366.4170837402344
train,9,355.1000061035156,363.1912536621094
train,1121,786.0999755859375,780.2085571289062
train,3755,378.70001220703125,381.2578125
train,874,286.70001220703125,277.9964599609375
train,3205,488.29998779296875,465.71002197265625
train,4930,313.5,311.05926513671875
train,1663,359.1000061035156,339.7664794921875
train,1472,276.0,274.82708740234375
train,7415,483.1000061035156,475.914794921875
train,5508,363.79998779296875,377.6371154785156
train,8365,390.79998779296875,392.230224609375
train,8576,304.79998779296875,326.39715576171875
train,2016,298.0,297.82769775390625
train,1001,479.0,469.39202880859375
train,5233,352.1000061035156,317.0202331542969
train,3516,755.2000122070312,742.2080688476562
train,8402,290.20001220703125,289.5526428222656
train,5487,688.0999755859375,676.934326171875
train,4966,432.0,441.7501220703125
train,1105,340.5,322.800048828125
train,8236,523.0,534.8814697265625
train,5492,497.1000061035156,511.31982421875
train,7385,432.79998779296875,449.7131652832031
train,7761,406.3999938964844,385.2744140625
train,8537,420.3999938964844,403.78973388671875
train,3077,279.70001220703125,280.953125
train,1503,288.0,285.53271484375
train,7233,291.79998779296875,290.90155029296875
train,7040,498.1000061035156,481.98614501953125
train,2862,454.29998779296875,469.4442443847656
train,1738,341.0,326.6671447753906
train,8499,381.6000061035156,381.79437255859375
train,6117,404.6000061035156,390.7520446777344
train,2917,405.79998779296875,401.0022888183594
train,8122,351.1000061035156,380.71728515625
train,2118,265.79998779296875,266.4310302734375
train,3096,419.0,410.52032470703125
train,6700,278.79998779296875,269.94244384765625
train,458,296.79998779296875,299.8181457519531
train,8251,378.0,379.9562683105469
train,8441,432.1000061035156,400.7081604003906
train,8699,464.3999938964844,443.0436096191406
train,2995,561.2999877929688,545.6375122070312
train,6410,610.4000244140625,610.0256958007812
train,2300,397.8999938964844,414.00189208984375
train,7431,582.7000122070312,590.6757202148438
train,3075,446.79998779296875,470.61328125
train,4360,408.3999938964844,409.5027160644531
train,2613,420.5,407.11505126953125
train,7329,272.6000061035156,292.6319274902344
train,3798,595.7000122070312,565.6754760742188
train,377,345.3999938964844,347.3515930175781
train,3199,835.5999755859375,819.760498046875
train,1380,482.29998779296875,467.17578125
train,1711,300.5,276.0999450683594
train,3363,696.2999877929688,690.89697265625
train,5781,267.3999938964844,251.282470703125
train,6958,458.5,439.58380126953125
train,7297,372.8999938964844,372.1861267089844
train,6284,292.1000061035156,269.54730224609375
train,3043,384.6000061035156,371.67144775390625
train,5362,376.79998779296875,359.74786376953125
train,1008,353.79998779296875,335.10968017578125
train,1714,430.5,390.70458984375
train,5872,400.5,405.3371887207031
train,7469,536.7000122070312,538.958740234375
train,29,285.1000061035156,287.62701416015625
train,3010,523.5999755859375,511.90533447265625
train,5190,432.29998779296875,428.999755859375
train,6734,295.8999938964844,288.9200439453125
train,4959,637.0,648.88525390625
train,1519,371.6000061035156,361.9438781738281
train,8372,258.8999938964844,265.3079833984375
train,992,382.5,379.3935852050781
train,1852,328.6000061035156,293.33538818359375
train,2051,311.5,306.237548828125
train,4717,299.6000061035156,313.4872131347656
train,5469,314.1000061035156,316.5293273925781
train,7771,456.5,452.95355224609375
train,3180,274.1000061035156,283.04150390625
train,1020,560.5,566.4068603515625
train,3356,619.7999877929688,620.8438110351562
train,8613,723.5999755859375,716.7874755859375
train,4794,393.0,370.19317626953125
train,853,343.29998779296875,336.45294189453125
train,7691,414.3999938964844,404.6934814453125
train,2461,547.5,541.0264282226562
train,75,282.1000061035156,283.2515869140625
train,8026,403.79998779296875,406.7299499511719
train,5942,260.8999938964844,249.02163696289062
train,7612,600.0999755859375,598.9022827148438
train,8582,267.1000061035156,252.0206756591797
train,59,651.2999877929688,602.5121459960938
train,512,338.6000061035156,345.6268615722656
train,4956,473.5,447.596435546875
train,2871,268.1000061035156,264.5541076660156
train,5417,283.79998779296875,272.676513671875
train,7215,564.0,568.5951538085938
train,2309,289.8999938964844,286.385986328125
train,911,267.70001220703125,254.9604949951172
train,2884,432.20001220703125,444.44427490234375
train,7917,560.7000122070312,558.4254760742188
train,3853,252.8000030517578,236.1749725341797
train,4404,295.29998779296875,295.80279541015625
train,2264,363.20001220703125,357.4013671875
train,5600,305.5,292.2794494628906
train,3153,316.5,288.900390625
train,6202,235.60000610351562,247.22366333007812
train,6255,248.39999389648438,256.24310302734375
train,408,635.0999755859375,602.2135620117188
train,5064,265.5,268.92938232421875
train,1694,225.0,225.36334228515625
train,4541,392.0,385.43377685546875
train,6537,260.29998779296875,241.84938049316406
train,7790,362.79998779296875,358.4488525390625
train,8480,433.1000061035156,425.3976135253906
train,2487,657.9000244140625,620.7910766601562
train,3539,329.29998779296875,291.78936767578125
train,4606,626.9000244140625,632.775390625
train,6670,413.70001220703125,419.91790771484375
train,8080,390.8999938964844,395.95068359375
train,3981,282.70001220703125,277.9835205078125
train,5705,603.5999755859375,604.0440673828125
train,4816,372.6000061035156,338.3572998046875
train,593,744.2999877929688,749.5032958984375
train,6017,422.5,438.0199279785156
train,3339,305.8999938964844,322.8103332519531
train,1514,653.9000244140625,692.4407958984375
train,2338,615.9000244140625,593.0751953125
train,4203,338.79998779296875,352.2864990234375
train,7532,333.70001220703125,339.28363037109375
train,5085,546.9000244140625,524.3842163085938
train,1518,667.5,681.88134765625
train,2932,285.1000061035156,286.5108642578125
train,639,442.0,468.2864990234375
train,8666,425.70001220703125,422.4383544921875
train,7555,234.0,234.73165893554688
train,8737,380.20001220703125,358.24041748046875
train,4790,319.1000061035156,312.059326171875
train,1118,449.79998779296875,438.2890625
train,3792,460.79998779296875,436.19140625
train,3789,409.6000061035156,424.8470764160156
train,8406,693.2999877929688,684.2526245117188
train,4954,405.5,391.67425537109375
train,2311,785.7000122070312,799.4254150390625
train,8399,729.5999755859375,728.4238891601562
train,4632,738.0999755859375,708.6673583984375
train,7616,352.29998779296875,339.314208984375
train,8640,473.20001220703125,508.67510986328125
train,7418,494.8999938964844,466.10888671875
train,8130,427.70001220703125,400.5171203613281
train,4875,403.0,386.9859313964844
train,8491,333.3999938964844,343.8880615234375
train,825,300.70001220703125,272.2514953613281
train,6544,281.5,286.20843505859375
train,6549,328.3999938964844,326.2004699707031
train,8718,410.1000061035156,402.7596740722656
train,5755,420.5,396.9993896484375
train,7787,317.79998779296875,307.1849365234375
train,7711,610.7999877929688,607.0172119140625
train,6801,771.2999877929688,770.8656005859375
train,3386,360.1000061035156,367.2386474609375
train,7631,319.20001220703125,330.90020751953125
train,5541,374.1000061035156,390.5390319824219
train,5206,715.7999877929688,729.5757446289062
train,7190,404.0,406.405029296875
train,7743,235.5,235.7840576171875
train,1392,414.20001220703125,415.2597351074219
train,1862,474.20001220703125,466.4222717285156
train,1070,700.0,682.4420166015625
train,7961,290.29998779296875,271.774169921875
train,538,292.70001220703125,270.0377197265625
train,3795,483.70001220703125,482.87103271484375
train,5856,379.29998779296875,376.7933349609375
train,8756,374.29998779296875,374.09539794921875
train,3109,520.4000244140625,513.8695068359375
train,7086,236.10000610351562,236.5201416015625
train,1704,289.8999938964844,296.15655517578125
train,3493,286.6000061035156,287.49676513671875
train,4567,390.1000061035156,405.19000244140625
train,2031,535.5999755859375,534.357421875
train,2674,261.6000061035156,283.4139404296875
train,2005,516.7000122070312,535.4022216796875
train,5671,274.0,256.28704833984375
train,2132,363.70001220703125,349.53302001953125
train,5934,323.29998779296875,304.0567932128906
train,3712,367.8999938964844,350.36456298828125
train,6238,259.6000061035156,282.71295166015625
train,5525,416.6000061035156,407.0528259277344
train,5815,881.9000244140625,889.0390625
train,6262,539.4000244140625,539.5819091796875
train,2365,579.0999755859375,570.6675415039062
train,7710,366.6000061035156,360.3197326660156
train,255,426.0,401.8183288574219
train,188,306.70001220703125,311.07904052734375
train,8494,462.20001220703125,438.483642578125
train,1196,517.7000122070312,544.72412109375
train,8247,542.2000122070312,515.2936401367188
train,1475,501.8999938964844,484.6796569824219
train,6997,336.29998779296875,331.3644104003906
train,7987,253.10000610351562,238.23715209960938
train,2985,387.79998779296875,372.6812438964844
train,3323,738.0999755859375,701.355712890625
train,1525,757.5999755859375,738.52099609375
train,3250,285.70001220703125,269.27398681640625
train,3380,344.70001220703125,321.02972412109375
train,625,653.5999755859375,643.0375366210938
train,1147,740.5999755859375,752.292236328125
train,5699,363.6000061035156,352.8033752441406
train,6444,282.6000061035156,291.63580322265625
train,8213,349.0,335.7200622558594
train,2882,432.5,424.2264099121094
train,7481,371.70001220703125,364.56561279296875
train,614,435.3999938964844,402.67181396484375
train,6967,346.3999938964844,357.4799499511719
train,523,312.70001220703125,335.2523498535156
train,2244,304.79998779296875,295.8262939453125
train,4290,681.5,673.05810546875
train,5795,608.5,644.4738159179688
train,5993,512.9000244140625,526.9276123046875
train,800,308.79998779296875,318.238037109375
train,7410,397.5,373.5318603515625
train,5089,401.0,379.55987548828125
train,5948,336.0,331.0756530761719
train,5524,624.7000122070312,603.8453979492188
train,1443,315.1000061035156,293.8883056640625
train,396,324.1000061035156,300.41632080078125
train,2139,680.5999755859375,676.556884765625
train,3838,326.6000061035156,333.83233642578125
train,7376,390.70001220703125,357.9988098144531
train,3556,422.70001220703125,426.627197265625
train,6351,347.5,336.3712158203125
train,8434,399.29998779296875,386.1534423828125
train,5388,344.6000061035156,327.0679931640625
train,8029,557.0999755859375,532.751220703125
train,3204,640.0999755859375,641.7174682617188
train,4598,358.0,365.4712829589844
train,5457,779.9000244140625,778.885009765625
train,2644,767.4000244140625,729.4049072265625
train,4973,886.7000122070312,859.6857299804688
train,498,348.3999938964844,317.9457702636719
train,257,387.6000061035156,373.9272766113281
train,6248,474.0,468.4393615722656
train,1232,479.0,482.0030212402344
train,1685,361.29998779296875,374.14849853515625
train,6656,645.9000244140625,640.41650390625
train,1712,313.29998779296875,308.95184326171875
train,461,819.0999755859375,797.98388671875
train,7941,627.2999877929688,596.0942993164062
train,7235,491.79998779296875,474.323974609375
train,8459,315.3999938964844,320.6539001464844
train,7496,246.69998168945312,244.88836669921875
train,2463,255.89999389648438,266.71771240234375
train,5636,268.1000061035156,260.97918701171875
train,5214,417.29998779296875,428.098388671875
train,4972,304.79998779296875,273.473388671875
train,7500,528.0,546.0721435546875
train,4281,264.79998779296875,258.10284423828125
train,7289,433.79998779296875,427.7045593261719
train,267,362.3999938964844,358.15869140625
train,7706,454.70001220703125,417.3647766113281
train,5548,312.1000061035156,302.1089782714844
train,6060,312.0,307.9169921875
train,1323,314.3999938964844,316.6449279785156
train,1691,554.5999755859375,551.4522705078125
train,2086,278.3999938964844,262.8023681640625
train,4938,492.5,512.5324096679688
train,7653,272.70001220703125,270.723388671875
train,1431,259.29998779296875,255.0466766357422
train,7402,514.0,487.80169677734375
train,7370,361.79998779296875,345.1326599121094
train,3166,283.0,276.6109313964844
train,7944,310.70001220703125,296.69195556640625
train,8503,363.8999938964844,357.8701171875
train,892,809.4000244140625,807.43310546875
train,2527,361.6000061035156,348.1099548339844
train,7983,758.800048828125,736.3009033203125
train,3039,341.1000061035156,334.08477783203125
train,1702,472.6000061035156,453.261474609375
train,1785,479.6000061035156,515.6392822265625
train,7502,353.6000061035156,345.11474609375
train,8218,648.9000244140625,664.2977294921875
train,4688,659.7999877929688,655.2015991210938
train,594,582.0,571.0682373046875
train,3394,286.0,285.8083801269531
train,4621,645.0,659.9410400390625
train,6431,297.3999938964844,303.4347839355469
train,7354,395.29998779296875,385.17486572265625
train,7380,264.8999938964844,247.20465087890625
train,2566,374.79998779296875,380.42840576171875
train,4666,310.79998779296875,299.2836608886719
train,1666,325.1000061035156,331.3569030761719
train,1362,613.7999877929688,614.603515625
train,655,566.2999877929688,598.7522583007812
train,5765,316.20001220703125,332.7744140625
train,4369,378.5,349.0982666015625
train,6334,246.00001525878906,242.29042053222656
train,6125,263.20001220703125,280.0669250488281
train,7146,468.3999938964844,461.7633056640625
train,6715,295.70001220703125,309.1406555175781
train,7346,295.3999938964844,285.8388977050781
train,7712,604.5999755859375,576.00146484375
train,3763,326.5,305.7552795410156
train,4419,660.7999877929688,631.3848876953125
train,5664,290.1000061035156,277.5676574707031
train,8546,335.8999938964844,340.3184509277344
train,4926,590.0,593.332275390625
train,2602,467.5,452.0336608886719
train,2517,582.4000244140625,570.2685546875
train,6522,372.0,365.66693115234375
train,1107,417.70001220703125,396.86602783203125
train,2690,440.29998779296875,403.5804138183594
train,5865,389.29998779296875,349.58697509765625
train,615,585.2999877929688,600.7467651367188
train,5332,253.60000610351562,258.4237976074219
train,4947,339.0,339.704833984375
train,4179,400.6000061035156,400.1587829589844
train,5679,261.1000061035156,235.90576171875
train,7175,420.79998779296875,398.0478210449219
train,6838,459.5,469.57781982421875
train,3315,345.5,346.004150390625
train,4146,294.1000061035156,307.86273193359375
train,4868,359.8999938964844,336.0366516113281
train,4253,258.70001220703125,233.8994598388672
train,1357,631.0,623.5191650390625
train,6211,383.0,379.0426330566406
train,7096,414.1000061035156,399.9051818847656
train,1307,397.3999938964844,376.8478088378906
train,5371,423.8999938964844,401.3848571777344
train,444,484.29998779296875,450.6561279296875
train,2885,481.6000061035156,472.7577819824219
train,1231,376.79998779296875,375.54254150390625
train,5733,391.29998779296875,396.7555847167969
train,7684,262.6000061035156,241.76416015625
train,6919,342.6000061035156,343.9960021972656
train,2745,528.0999755859375,532.93603515625
train,4536,437.1000061035156,431.76922607421875
train,8006,468.1000061035156,475.75115966796875
train,343,711.2999877929688,723.2041015625
train,45,267.29998779296875,267.909912109375
train,786,343.79998779296875,357.4940185546875
train,3005,427.29998779296875,422.5157775878906
train,3243,507.3999938964844,488.5008239746094
train,7308,584.9000244140625,597.4041137695312
train,8321,738.300048828125,728.4779052734375
train,5880,318.70001220703125,306.85028076171875
train,536,497.3999938964844,502.2056884765625
train,7078,341.79998779296875,313.0787658691406
train,1515,329.1000061035156,314.1814880371094
train,6908,339.79998779296875,320.41302490234375
train,516,524.2999877929688,517.1043090820312
train,3021,251.0,239.96200561523438
train,4417,282.3999938964844,293.88818359375
train,6239,775.5999755859375,779.2415771484375
train,6984,834.2000122070312,816.88623046875
train,7687,250.09999084472656,230.90252685546875
train,5057,735.0999755859375,721.73193359375
train,8668,733.7999877929688,727.41796875
train,8036,530.7999877929688,525.199462890625
train,788,287.79998779296875,268.412841796875
train,804,666.5999755859375,669.372314453125
train,1461,264.79998779296875,239.49143981933594
train,1725,835.0999755859375,794.7235107421875
train,7838,300.70001220703125,294.341796875
train,4005,389.5,404.69482421875
train,6995,700.5999755859375,696.3756103515625
train,2368,270.1000061035156,260.05352783203125
train,8201,739.0999755859375,740.1282958984375
train,3930,292.20001220703125,303.53778076171875
train,3940,239.6999969482422,247.83319091796875
train,3332,348.5,351.8944091796875
train,5242,647.5999755859375,648.85107421875
train,6977,287.1000061035156,283.773193359375
train,5031,797.5,829.406005859375
train,5238,289.6000061035156,275.63299560546875
train,7389,278.0,269.85986328125
train,8134,802.9000244140625,792.6986083984375
train,8266,410.70001220703125,421.9261779785156
train,132,942.2000732421875,936.8514404296875
train,915,382.8999938964844,382.34063720703125
train,4029,321.20001220703125,342.15167236328125
train,1542,438.20001220703125,423.72216796875
train,7444,359.6000061035156,338.8869323730469
train,1777,408.5,409.0302734375
train,4076,262.79998779296875,249.2958984375
train,3360,261.0,263.38983154296875
train,5943,327.29998779296875,305.5616149902344
train,4602,287.5,289.1754150390625
train,5579,380.20001220703125,401.37188720703125
train,2624,389.3999938964844,368.1383056640625
train,3173,330.79998779296875,324.7667541503906
train,2262,379.29998779296875,373.709716796875
train,6811,677.5,684.6398315429688
train,6880,664.7999877929688,669.157958984375
train,4718,415.70001220703125,389.76300048828125
train,5713,383.20001220703125,382.2886657714844
train,4798,246.60000610351562,232.45645141601562
train,6408,508.5,498.3467712402344
train,1701,349.29998779296875,337.23065185546875
train,220,262.3999938964844,254.1508026123047
train,1215,466.79998779296875,426.5410461425781
train,7870,370.5,364.0513610839844
train,3729,448.1000061035156,434.2752990722656
train,8524,229.3000030517578,213.75408935546875
train,7668,415.3999938964844,383.5686340332031
train,3245,393.1000061035156,363.7335205078125
train,1030,459.5,460.297119140625
train,1880,301.6000061035156,294.10052490234375
train,3582,266.1000061035156,262.3323974609375
train,5410,404.1000061035156,439.83721923828125
train,3707,695.2000122070312,697.0296020507812
train,4690,673.4000244140625,664.0230102539062
train,4845,332.29998779296875,328.6564636230469
train,5586,385.8999938964844,374.4534606933594
train,6794,299.29998779296875,298.9703369140625
train,1743,708.2000122070312,695.2027587890625
train,1799,594.0,592.4439086914062
train,2301,781.0,761.6422119140625
train,2930,343.79998779296875,327.9991455078125
train,3224,489.8999938964844,477.96630859375
train,1557,341.29998779296875,346.17413330078125
train,6641,275.79998779296875,277.50921630859375
train,5666,352.6000061035156,338.5491638183594
train,7461,330.20001220703125,300.2191162109375
train,3073,302.0,313.6897888183594
train,6073,726.5,700.985107421875
train,2853,611.9000244140625,613.593994140625
train,6324,700.0,670.4820556640625
train,3106,307.5,297.0586242675781
train,3259,712.2999877929688,696.89404296875
train,7127,366.0,350.9587707519531
train,7951,366.29998779296875,383.583251953125
train,7439,455.5,396.486328125
train,5248,466.6000061035156,473.3821716308594
train,264,388.0,365.7897033691406
train,2100,289.0,287.8818359375
train,6911,321.3999938964844,335.05511474609375
train,4859,249.3000030517578,259.0291748046875
train,3284,361.6000061035156,365.8021545410156
train,8103,670.7000122070312,662.2445068359375
train,2417,505.70001220703125,492.995361328125
train,4625,420.0,427.6003723144531
train,463,340.3999938964844,332.88653564453125
train,4545,451.79998779296875,415.0136413574219
train,1342,278.20001220703125,250.85716247558594
train,2480,521.0,526.0533447265625
train,3814,373.20001220703125,374.0191650390625
train,421,437.5,424.2162780761719
train,1027,276.3999938964844,256.9334716796875
train,6029,269.70001220703125,278.4818420410156
train,7968,519.7999877929688,531.2318725585938
train,5857,448.8999938964844,438.8966064453125
train,8555,269.29998779296875,286.75146484375
train,6467,382.0,361.32818603515625
train,7690,503.70001220703125,507.1127624511719
train,8195,279.6000061035156,271.82659912109375
train,7334,799.7999267578125,773.1644897460938
train,6862,323.5,318.9107360839844
train,7274,348.1000061035156,343.8816833496094
train,6695,617.2000122070312,615.987548828125
train,4215,301.0,301.0263671875
train,4377,422.29998779296875,407.1269836425781
train,1877,665.5,652.7696533203125
train,5545,463.3999938964844,449.0758972167969
train,6955,432.29998779296875,463.10833740234375
train,1445,711.5,690.537109375
train,5075,383.70001220703125,390.074951171875
train,4151,465.29998779296875,473.35931396484375
train,7809,411.3999938964844,447.4109802246094
train,7929,299.8999938964844,265.3687438964844
train,15,731.4000244140625,724.367919921875
train,6341,363.5,343.9933776855469
train,4,430.3999938964844,411.5749206542969
train,114,249.19998168945312,253.2241668701172
train,2238,652.0,631.1923828125
train,6685,413.20001220703125,425.5538635253906
train,3924,389.8999938964844,401.9007873535156
train,3132,623.4000244140625,624.771484375
train,6634,733.0,732.5748901367188
train,2531,349.8999938964844,353.223388671875
train,4164,479.70001220703125,476.8197326660156
train,2721,270.70001220703125,251.10922241210938
train,6344,681.0999755859375,674.7608642578125
train,2976,318.79998779296875,316.7422180175781
train,3671,727.0999755859375,747.2892456054688
train,8066,652.2000122070312,658.2052001953125
train,4489,294.6000061035156,305.1422424316406
train,5617,581.2999877929688,582.1990966796875
train,1449,375.70001220703125,348.9430236816406
train,3041,820.5999755859375,800.2610473632812
train,8159,287.5,266.787841796875
train,7529,434.0,436.2535400390625
train,3342,450.29998779296875,422.2853698730469
train,3126,744.7000122070312,733.6529541015625
train,8696,547.2999877929688,557.7974853515625
train,6490,293.1000061035156,287.88238525390625
train,2486,484.0,479.5950622558594
train,3086,272.1000061035156,289.49664306640625
train,7179,266.1000061035156,266.507080078125
train,5222,565.7999877929688,564.2791748046875
train,1967,686.0999755859375,665.467041015625
train,5454,405.79998779296875,399.26324462890625
train,1297,361.0,374.5735778808594
train,6356,678.7999877929688,640.2775268554688
train,5023,713.5999755859375,681.0932006835938
train,1088,300.1000061035156,285.2913818359375
train,7269,389.1000061035156,379.5906066894531
train,7498,443.20001220703125,459.1083984375
train,2029,341.5,332.46343994140625
train,7205,475.5,488.1966247558594
train,7757,361.20001220703125,321.9315185546875
train,78,507.5,511.116455078125
train,2181,415.20001220703125,397.35931396484375
train,7861,718.9000244140625,687.81591796875
train,3203,377.29998779296875,370.1802062988281
train,4394,487.79998779296875,453.960693359375
train,3065,377.1000061035156,354.2495422363281
train,7725,504.6000061035156,494.62054443359375
train,3805,330.5,323.0324401855469
train,5974,207.0,220.57044982910156
train,2945,296.3999938964844,308.55230712890625
train,821,606.4000244140625,608.1630859375
train,412,283.79998779296875,279.7054748535156
train,5339,437.6000061035156,409.7174072265625
train,2382,345.70001220703125,340.4582824707031
train,937,299.1000061035156,297.38995361328125
train,3016,398.79998779296875,364.09295654296875
train,5041,893.0999755859375,856.38525390625
train,4503,613.5999755859375,611.0223388671875
train,3856,389.79998779296875,348.3365783691406
train,8424,483.3999938964844,495.23565673828125
train,5052,426.70001220703125,425.0070495605469
train,4207,313.79998779296875,307.86566162109375
train,4406,364.3999938964844,350.96630859375
train,1190,434.8999938964844,432.2702941894531
train,4212,301.20001220703125,297.7833251953125
train,8463,433.0,415.47607421875
train,5869,397.8999938964844,380.2979736328125
train,5791,240.10000610351562,246.91165161132812
train,7366,232.6999969482422,229.58750915527344
train,4346,387.70001220703125,404.8376159667969
train,8278,430.1000061035156,415.8149108886719
train,706,581.5999755859375,563.5297241210938
train,6807,209.0,207.19163513183594
train,7232,361.0,345.5789794921875
train,8717,394.70001220703125,451.9849853515625
train,5425,386.1000061035156,360.74676513671875
train,4876,290.29998779296875,296.267333984375
train,439,298.3999938964844,293.275146484375
train,3719,278.20001220703125,262.2340087890625
train,2339,382.3999938964844,391.2355041503906
train,7967,441.0,474.73614501953125
train,2261,350.70001220703125,345.0137939453125
train,8265,356.5,357.41436767578125
train,481,456.8999938964844,442.64129638671875
train,3604,433.0,434.8504943847656
train,8235,338.3999938964844,321.29400634765625
train,5994,267.5,268.98419189453125
train,6377,304.3999938964844,295.03411865234375
train,2766,242.6999969482422,241.58364868164062
train,8510,621.2999877929688,609.6582641601562
train,3784,333.1000061035156,299.81219482421875
train,1643,362.8999938964844,360.832275390625
train,1113,382.3999938964844,382.7080993652344
train,1469,407.20001220703125,402.8530578613281
train,3112,486.6000061035156,481.57879638671875
train,1428,420.0,402.52935791015625
train,4435,476.6000061035156,468.5497131347656
train,8456,301.1000061035156,308.8016662597656
train,7204,300.3999938964844,297.9217529296875
train,465,398.20001220703125,393.11181640625
train,6496,323.29998779296875,317.5965270996094
train,1460,366.79998779296875,374.08453369140625
train,632,350.8999938964844,350.8248596191406
train,5895,344.70001220703125,342.9175109863281
train,5641,503.29998779296875,528.5730590820312
train,2337,609.0,568.2390747070312
train,994,803.0999755859375,825.2737426757812
train,1067,504.1000061035156,503.0745544433594
train,2408,529.5,518.8050537109375
train,6109,411.79998779296875,392.75714111328125
train,1957,454.1000061035156,460.1632080078125
train,6064,261.1000061035156,249.11325073242188
train,3979,719.5999755859375,745.1300048828125
train,5102,453.29998779296875,440.7620544433594
train,1304,321.3999938964844,283.29150390625
train,312,300.8999938964844,299.41766357421875
train,3235,265.79998779296875,250.0590057373047
train,3552,431.79998779296875,425.5765686035156
train,3013,284.5,304.88739013671875
train,8624,503.5,493.1481628417969
train,4136,677.2999877929688,699.8291015625
train,5764,298.0,284.55621337890625
train,8224,326.5,310.15521240234375
train,6988,283.0,287.0085754394531
train,2679,418.3999938964844,421.3287658691406
train,5556,630.7999877929688,625.5450439453125
train,1335,302.6000061035156,298.994873046875
train,2515,462.20001220703125,436.38214111328125
train,3268,379.0,372.04833984375
train,8751,624.2000122070312,643.930908203125
train,3665,277.6000061035156,280.49041748046875
train,4579,321.20001220703125,320.5675048828125
train,8028,284.20001220703125,268.607177734375
train,4976,440.5,397.36358642578125
train,5105,353.1000061035156,328.40289306640625
train,787,371.29998779296875,345.8418273925781
train,7139,375.5,396.9475402832031
train,5798,294.8999938964844,304.56011962890625
train,4267,252.89999389648438,245.23577880859375
train,1942,234.10000610351562,233.24203491210938
train,4856,398.29998779296875,395.1042175292969
train,5834,404.6000061035156,383.56463623046875
train,7121,281.20001220703125,294.907470703125
train,7984,220.8000030517578,224.3043670654297
train,7129,425.6000061035156,359.83660888671875
train,7057,408.1000061035156,394.863037109375
train,3288,464.0,461.45245361328125
train,3995,355.1000061035156,339.75482177734375
train,8158,559.0999755859375,578.04443359375
train,2234,271.8999938964844,275.4670715332031
train,7914,825.5999755859375,834.470458984375
train,3734,522.9000244140625,498.5667724609375
train,8339,551.7999877929688,535.7630615234375
train,5711,444.1000061035156,438.5864562988281
train,4857,528.0,506.6145935058594
train,6612,427.20001220703125,409.635986328125
train,12,541.4000244140625,524.4910278320312
train,177,279.3999938964844,255.4254150390625
train,6971,314.5,290.77252197265625
train,3680,641.9000244140625,651.4110717773438
train,8299,517.9000244140625,494.20843505859375
train,3319,398.8999938964844,392.9639892578125
train,4829,273.79998779296875,277.18853759765625
train,4931,290.8999938964844,290.38238525390625
train,175,383.0,376.95208740234375
train,5372,822.2999877929688,798.1312255859375
train,7240,355.29998779296875,332.0946960449219
train,8256,430.0,435.8692321777344
train,4530,297.79998779296875,278.0938415527344
train,2232,527.4000244140625,522.8236083984375
train,5048,295.5,305.2552490234375
train,5759,573.7000122070312,569.4303588867188
train,5432,273.79998779296875,294.70025634765625
train,137,533.2999877929688,521.0985717773438
train,637,367.1000061035156,341.8870849609375
train,6438,261.79998779296875,260.6260986328125
train,6367,793.7000122070312,771.7972412109375
train,5117,394.20001220703125,383.83050537109375
train,6137,324.5,328.934326171875
train,5526,257.29998779296875,254.9409942626953
train,2532,302.20001220703125,308.5296325683594
train,1065,427.8999938964844,404.638916015625
train,8641,248.0,263.31988525390625
train,5296,645.5,660.8560791015625
train,8128,791.2000122070312,751.7680053710938
train,8025,346.79998779296875,344.33831787109375
train,2406,331.1000061035156,328.8621826171875
train,7713,267.79998779296875,261.230712890625
train,8152,547.0999755859375,550.476318359375
train,6235,378.6000061035156,366.24224853515625
train,2193,815.5,813.1458740234375
train,3887,253.10000610351562,272.34442138671875
train,5921,311.6000061035156,310.6438903808594
train,5309,552.9000244140625,523.2579956054688
train,3850,333.3999938964844,324.3753356933594
train,6257,395.3999938964844,396.3271484375
train,6154,744.7000122070312,720.5830078125
train,2786,389.5,409.4305114746094
train,7693,486.70001220703125,492.4707946777344
train,7892,254.60000610351562,240.3762969970703
train,3868,307.8999938964844,294.23480224609375
train,1353,489.3999938964844,487.9526672363281
train,1477,344.5,351.7665710449219
train,1866,583.7999877929688,565.709716796875
train,5965,341.5,325.0823669433594
train,510,294.20001220703125,264.8837585449219
train,1746,341.70001220703125,321.78472900390625
train,7326,515.2999877929688,523.2083740234375
train,5109,660.7000122070312,657.1975708007812
train,1935,297.20001220703125,300.4117431640625
train,8082,324.5,325.36553955078125
train,6445,373.0,382.1904296875
train,6311,481.6000061035156,488.4648132324219
train,5984,588.2000122070312,590.5484619140625
train,1379,384.0,364.889404296875
train,7592,482.8999938964844,481.92388916015625
train,3521,793.0,791.3619995117188
train,480,280.20001220703125,288.473876953125
train,6206,439.3999938964844,444.7825012207031
train,5367,568.7000122070312,576.3970336914062
train,5474,288.29998779296875,278.9656982421875
train,3829,760.2000122070312,737.5696411132812
train,7379,277.3999938964844,291.70257568359375
train,7322,361.6000061035156,372.8394470214844
train,2789,322.20001220703125,297.12689208984375
train,8729,366.8999938964844,373.05841064453125
train,7610,453.3999938964844,447.0694580078125
train,8585,377.6000061035156,384.6605529785156
train,5871,493.20001220703125,467.34320068359375
train,4746,380.6000061035156,368.6061706542969
train,7136,523.5,518.306396484375
train,1618,506.5,484.6166687011719
train,7155,408.1000061035156,404.8472900390625
train,5111,485.3999938964844,473.75860595703125
train,8626,268.29998779296875,262.84259033203125
train,6022,390.3999938964844,395.25592041015625
train,6006,360.29998779296875,371.8961181640625
train,2145,442.6000061035156,430.377685546875
train,5808,423.6000061035156,398.58074951171875
train,2242,490.6000061035156,482.4977722167969
train,4326,289.20001220703125,274.27459716796875
train,772,549.9000244140625,570.6166381835938
train,4173,347.1000061035156,355.03399658203125
train,7965,244.39999389648438,243.2367706298828
train,1664,303.29998779296875,330.6306457519531
train,991,531.9000244140625,510.8653869628906
train,732,564.2999877929688,586.6346435546875
train,3686,270.70001220703125,269.99615478515625
train,2755,267.20001220703125,276.63214111328125
train,3675,263.0,250.59437561035156
train,3617,298.5,287.283203125
train,8470,657.7000122070312,655.4279174804688
train,4575,456.79998779296875,456.1165771484375
train,2251,290.3999938964844,285.8272705078125
train,7394,353.0,336.34320068359375
train,5800,324.0,315.8453674316406
train,5745,763.0,782.79541015625
train,4520,382.79998779296875,369.08331298828125
train,575,412.79998779296875,391.2586669921875
train,3824,297.1000061035156,292.0657958984375
train,8286,445.0,457.5104675292969
train,2692,498.8999938964844,476.3728332519531
train,919,280.6000061035156,276.6654052734375
train,6567,425.3999938964844,402.76702880859375
train,2744,558.2999877929688,539.3795776367188
train,1045,525.4000244140625,503.88702392578125
train,8273,422.1000061035156,408.3524169921875
train,8489,570.2000122070312,546.9757080078125
train,215,357.1000061035156,362.31988525390625
train,4327,297.3999938964844,284.4639892578125
train,511,415.5,425.3244323730469
train,3286,261.29998779296875,254.6633758544922
train,799,273.6000061035156,265.85247802734375
train,723,567.5999755859375,566.2687377929688
train,3943,341.20001220703125,342.7204895019531
train,8412,777.7000122070312,779.6348876953125
train,6845,602.7000122070312,609.7977294921875
train,7753,534.2999877929688,567.0419921875
train,7167,422.20001220703125,406.735595703125
train,7011,297.8999938964844,321.4930725097656
train,4988,285.29998779296875,272.1488952636719
train,5462,296.6000061035156,292.15545654296875
train,5220,416.0,411.1957092285156
train,7715,393.20001220703125,411.6153259277344
train,5227,733.0999755859375,709.9613647460938
train,4405,600.7999877929688,584.3162841796875
train,6850,400.20001220703125,401.66265869140625
train,3513,459.5,442.1492004394531
train,1327,292.1000061035156,264.6492919921875
train,1572,404.6000061035156,373.0185546875
train,203,549.5,529.577880859375
train,859,304.79998779296875,314.0931091308594
train,8516,498.1000061035156,486.89898681640625
train,5771,369.0,356.6788635253906
train,8501,313.29998779296875,309.21820068359375
train,4354,327.5,316.3410949707031
train,6025,464.70001220703125,479.9831848144531
train,8222,458.29998779296875,447.0703430175781
train,7472,746.7999877929688,698.380126953125
train,5882,367.5,368.9523620605469
train,1993,310.6000061035156,290.01202392578125
train,2511,377.3999938964844,368.75933837890625
train,8298,483.29998779296875,471.8343505859375
train,4550,272.89996337890625,260.90386962890625
train,7180,333.1000061035156,341.2209777832031
train,4765,704.9000244140625,697.6387939453125
train,5550,941.4000244140625,895.8165893554688
train,4844,462.79998779296875,469.6298828125
train,2509,489.5,491.5613098144531
train,1906,291.29998779296875,302.01605224609375
train,8592,527.2999877929688,514.6741333007812
train,6946,261.29998779296875,278.98223876953125
train,4981,394.5,394.69134521484375
train,1026,275.79998779296875,278.9481201171875
train,3883,428.79998779296875,440.39483642578125
train,7774,501.70001220703125,507.4913024902344
train,8591,814.0999755859375,823.5589599609375
train,7893,320.70001220703125,320.7740783691406
train,5014,615.0,618.86669921875
train,2548,299.5,270.19781494140625
train,1415,254.60000610351562,252.14254760742188
train,4499,410.70001220703125,406.1087951660156
train,4909,748.9000244140625,759.9180908203125
train,8126,331.79998779296875,340.8948974609375
train,4468,450.3999938964844,442.3798828125
train,1842,504.0,494.9344177246094
train,138,377.6000061035156,377.74163818359375
train,5245,397.6000061035156,369.08563232421875
train,1143,325.20001220703125,324.78863525390625
train,2615,444.29998779296875,443.9951171875
train,572,659.4000244140625,658.2988891601562
train,7358,509.1000061035156,486.0791931152344
train,7619,622.0,589.1654663085938
train,1589,291.3999938964844,299.6212463378906
train,5234,361.6000061035156,359.6119689941406
train,2307,319.70001220703125,308.4497375488281
train,3068,332.3999938964844,359.4520263671875
train,8506,608.7999877929688,593.8011474609375
train,7462,298.8999938964844,283.7947692871094
train,601,448.29998779296875,401.27203369140625
train,4561,413.6000061035156,435.9183654785156
train,373,366.5,384.4042053222656
train,5205,315.70001220703125,317.8209533691406
train,8347,300.70001220703125,293.6504211425781
train,2519,557.0999755859375,560.8997802734375
train,4292,247.59999084472656,247.75843811035156
train,7574,455.20001220703125,471.5687561035156
train,5380,328.29998779296875,321.48699951171875
train,6268,245.0,263.29486083984375
train,4316,570.2000122070312,533.4766845703125
train,4325,328.6000061035156,330.4033203125
train,5944,667.5,654.6427612304688
train,8288,403.29998779296875,384.9461975097656
train,4811,216.60000610351562,226.13626098632812
train,4806,460.79998779296875,461.9013366699219
train,527,271.3999938964844,252.86558532714844
train,4032,279.6000061035156,294.1512451171875
train,8386,277.20001220703125,269.69537353515625
train,1679,404.6000061035156,370.705078125
train,5607,274.3999938964844,284.0546875
train,5512,278.10003662109375,289.766357421875
train,1390,625.2999877929688,616.817138671875
train,6625,757.7999877929688,761.03857421875
train,2537,295.70001220703125,286.42919921875
train,7657,664.7999877929688,648.9462890625
train,6713,448.20001220703125,470.78076171875
train,8730,322.20001220703125,305.4313049316406
train,2620,260.8999938964844,257.0586853027344
train,6728,409.70001220703125,393.52301025390625
train,18,384.3999938964844,376.49853515625
train,6737,276.70001220703125,250.91409301757812
train,607,440.5,443.6085205078125
train,7192,774.9000244140625,741.3828125
train,5383,546.7999877929688,542.9345703125
train,6042,240.10000610351562,236.48927307128906
train,3275,334.8999938964844,300.669677734375
train,2389,518.0999755859375,495.2041320800781
train,4770,482.3999938964844,484.05743408203125
train,3081,278.6000061035156,273.1414794921875
train,4492,369.1000061035156,344.92523193359375
train,3832,524.7000122070312,505.1927490234375
train,4205,398.3999938964844,374.0767517089844
train,7881,517.2999877929688,520.07470703125
train,3764,314.0,297.3779602050781
train,4125,632.4000244140625,604.3201293945312
train,28,365.0,379.3946228027344
train,4046,306.5,291.23968505859375
train,5401,307.0,317.8424072265625
train,5836,331.0,319.1727294921875
train,6267,562.7000122070312,560.5304565429688
train,2524,332.29998779296875,305.88067626953125
train,5156,525.2000122070312,509.7194519042969
train,7521,632.4000244140625,649.80029296875
train,6973,278.79998779296875,274.51556396484375
train,6771,418.0,436.5804748535156
train,1860,348.6000061035156,341.8568115234375
train,1467,313.5,312.0291442871094
train,2820,241.1999969482422,237.69578552246094
train,3897,470.79998779296875,487.74871826171875
train,1073,294.5,282.02423095703125
train,8561,583.9000244140625,598.4364013671875
train,230,471.29998779296875,451.4255676269531
train,5223,408.3999938964844,387.97979736328125
train,549,866.9000244140625,862.1138305664062
train,347,439.79998779296875,449.6249084472656
train,8319,321.6000061035156,335.65313720703125
train,6274,479.0,458.1070556640625
train,3033,410.5,395.5720520019531
train,1749,497.8999938964844,494.4788818359375
train,7081,502.5,495.66339111328125
train,1617,439.3999938964844,426.1126403808594
train,6620,449.5,435.8580627441406
train,5179,384.8999938964844,404.1126403808594
train,6823,311.5,306.8163757324219
train,1798,289.6000061035156,286.2142028808594
train,5590,308.6000061035156,294.941162109375
train,6874,309.29998779296875,299.37139892578125
train,2171,369.79998779296875,346.47369384765625
train,3102,571.0999755859375,558.4190673828125
train,918,293.1000061035156,308.2531433105469
train,8110,316.5,309.33953857421875
train,8477,331.3999938964844,321.1430358886719
train,4650,458.20001220703125,479.40313720703125
train,2543,359.70001220703125,372.22906494140625
train,6382,475.5,445.2864074707031
train,7873,494.70001220703125,505.677734375
train,415,474.6000061035156,475.4178771972656
train,5054,586.4000244140625,582.6663818359375
train,4418,268.6000061035156,276.57305908203125
train,2555,322.3999938964844,320.8857116699219
train,4766,352.79998779296875,328.5576477050781
train,4421,321.3999938964844,311.4259033203125
train,4495,293.1000061035156,299.78546142578125
train,5829,399.3999938964844,389.2972412109375
train,2975,326.20001220703125,309.2341613769531
train,5237,295.8999938964844,282.6116943359375
train,6767,543.5,518.7227172851562
train,2595,440.29998779296875,443.0377197265625
train,5563,682.4000244140625,680.5515747070312
train,8484,427.79998779296875,434.2919006347656
train,1966,808.4000244140625,787.6146240234375
train,1338,273.20001220703125,267.7340087890625
train,479,271.20001220703125,258.89501953125
train,342,370.70001220703125,383.7192687988281
train,6743,714.9000244140625,710.2257690429688
train,6247,333.79998779296875,315.38916015625
train,6546,305.20001220703125,290.985107421875
train,7692,377.5,389.11090087890625
train,7314,443.70001220703125,406.69451904296875
train,8678,258.20001220703125,240.654052734375
train,7023,556.9000244140625,528.9082641601562
train,6595,402.0,388.8515930175781
train,8533,236.90000915527344,236.5963592529297
train,8325,309.6000061035156,328.7903747558594
train,4266,408.3999938964844,403.1716003417969
train,67,513.2999877929688,525.3601684570312
train,3223,326.0,326.7563171386719
train,125,317.1000061035156,305.8837890625
train,22,441.29998779296875,434.2185974121094
train,2915,362.0,357.42083740234375
train,5110,788.0,792.1416015625
train,4409,279.3999938964844,264.760498046875
train,5202,287.6000061035156,267.79052734375
train,6558,299.70001220703125,326.722412109375
train,4546,455.8999938964844,446.1415100097656
train,6875,292.0,250.09912109375
train,2816,341.6000061035156,347.0672302246094
train,1101,261.79998779296875,273.22900390625
train,3860,672.7999877929688,646.5236206054688
train,3702,751.0999755859375,746.9964599609375
train,6187,300.0,317.44354248046875
train,6217,329.3999938964844,350.73199462890625
train,1757,515.9000244140625,518.7900390625
train,1924,570.5999755859375,575.932861328125
train,1373,389.20001220703125,398.7750549316406
train,691,825.300048828125,824.43212890625
train,8550,291.70001220703125,327.2496032714844
train,839,272.70001220703125,253.96109008789062
train,2925,269.8999938964844,265.8135070800781
train,7449,310.1000061035156,300.8436279296875
train,1004,364.29998779296875,359.75396728515625
train,5058,410.29998779296875,408.2084655761719
train,225,322.70001220703125,325.1040954589844
train,7061,657.4000244140625,676.281982421875
train,6376,211.1999969482422,225.18406677246094
train,7488,483.0,468.99774169921875
train,3818,777.0999755859375,794.37060546875
train,5985,428.20001220703125,399.8909606933594
train,5570,676.7000122070312,674.2914428710938
train,3422,347.79998779296875,352.56427001953125
train,902,454.3999938964844,460.0097351074219
train,431,460.79998779296875,449.5280456542969
train,8024,321.1000061035156,328.65826416015625
train,7949,403.20001220703125,423.5309143066406
train,747,386.0,372.9606628417969
train,1520,741.7000122070312,722.134033203125
train,6269,323.29998779296875,304.9564208984375
train,3201,420.20001220703125,364.03125
train,8354,225.60000610351562,217.87220764160156
train,4243,712.2999877929688,721.8343505859375
train,873,388.0,370.9486389160156
train,8407,324.29998779296875,325.8342590332031
train,7671,467.70001220703125,441.0827331542969
train,93,446.0,414.9838562011719
train,284,433.70001220703125,426.77587890625
train,6134,388.3999938964844,368.5880432128906
train,6817,463.5,441.73077392578125
train,3274,380.5,343.6968994140625
train,6106,228.0,226.02963256835938
train,357,410.70001220703125,376.4239501953125
train,993,317.8999938964844,326.1733093261719
train,1348,470.29998779296875,437.0540466308594
train,1825,333.6000061035156,336.53460693359375
train,5321,331.20001220703125,336.897216796875
train,6972,568.4000244140625,564.0833129882812
train,4498,275.39996337890625,264.27825927734375
train,2058,882.0999755859375,870.5830078125
train,395,312.1000061035156,305.98028564453125
train,2235,338.3999938964844,336.76348876953125
train,7679,342.5,359.921142578125
train,4416,406.6000061035156,377.13946533203125
train,3777,711.7999877929688,679.8662719726562
train,1655,298.6000061035156,270.69256591796875
train,3152,412.8999938964844,392.93267822265625
train,8304,336.0,331.2606506347656
train,2530,422.0,414.5419006347656
train,196,284.1000061035156,282.13409423828125
train,7485,410.6000061035156,417.07562255859375
train,5602,405.1000061035156,400.1925354003906
train,6681,480.5,473.6570129394531
train,6289,341.70001220703125,327.7781982421875
train,1011,417.79998779296875,399.5771789550781
train,984,339.5,346.54833984375
train,7928,338.79998779296875,338.29388427734375
train,4655,314.20001220703125,311.12579345703125
train,5648,524.9000244140625,531.1060180664062
train,5879,657.7999877929688,677.8189697265625
train,3519,328.6000061035156,326.77056884765625
train,8428,444.6000061035156,407.60235595703125
train,7197,303.6000061035156,291.14532470703125
train,5042,400.6000061035156,374.7401123046875
train,7580,369.70001220703125,359.7843322753906
train,8345,312.3999938964844,306.400390625
train,3569,406.1000061035156,385.3625793457031
train,4098,410.29998779296875,370.54937744140625
train,3827,261.29998779296875,262.04681396484375
train,6152,675.2999877929688,673.9622192382812
train,2185,406.1000061035156,374.3400573730469
train,3504,591.0999755859375,613.7642822265625
train,3419,522.2999877929688,500.0028076171875
train,1903,341.3999938964844,323.33001708984375
train,7974,366.6000061035156,320.3475036621094
train,6302,423.6000061035156,440.6678161621094
train,4415,474.29998779296875,466.5146789550781
train,525,448.3999938964844,432.0276794433594
train,737,254.6999969482422,257.208740234375
train,1326,359.29998779296875,345.1756896972656
train,6435,320.8999938964844,285.60906982421875
train,6171,325.20001220703125,305.8238830566406
train,5877,744.7000122070312,727.844482421875
train,6788,221.39999389648438,230.88388061523438
train,1978,456.29998779296875,424.0438232421875
train,7665,300.79998779296875,313.6152648925781
train,8376,342.8999938964844,329.3572082519531
train,6621,337.79998779296875,326.6771545410156
train,8636,636.0,659.2385864257812
train,4275,300.5,278.2735290527344
train,443,300.8999938964844,289.84246826171875
train,759,751.7000122070312,721.1026611328125
train,713,338.29998779296875,321.38446044921875
train,2394,698.2000122070312,701.9664306640625
train,3849,401.3999938964844,405.504638671875
train,5440,533.2999877929688,521.5616455078125
train,1018,298.8999938964844,301.961669921875
train,4264,273.29998779296875,270.37091064453125
train,7720,317.3999938964844,311.57470703125
train,7122,305.3999938964844,313.9914855957031
train,2067,242.0,231.64393615722656
train,5996,509.29998779296875,500.0438537597656
train,2466,318.8999938964844,310.74859619140625
train,5779,385.20001220703125,383.9454650878906
train,5146,789.9000244140625,789.1583251953125
train,7292,414.20001220703125,407.566650390625
train,3559,403.79998779296875,407.0789489746094
train,693,501.6000061035156,504.745361328125
train,1404,683.0,735.2841796875
train,2586,756.2000122070312,742.0286865234375
train,8088,324.70001220703125,317.5921630859375
train,3401,431.79998779296875,434.5599060058594
train,4459,405.70001220703125,422.8914489746094
train,2107,797.4000244140625,750.511474609375
train,7726,457.0,440.87896728515625
train,1637,292.79998779296875,277.9284973144531
train,1767,354.1000061035156,351.8777160644531
train,153,557.5,554.8253784179688
train,4518,259.6000061035156,243.74203491210938
train,4043,372.5,358.69366455078125
train,4940,211.6999969482422,204.3594512939453
train,2659,547.7000122070312,558.4114379882812
train,1028,475.1000061035156,478.8367004394531
train,216,469.79998779296875,441.5278015136719
train,6733,337.8999938964844,310.5672912597656
train,7745,503.6000061035156,474.36859130859375
train,4637,441.5,433.086669921875
train,3862,282.20001220703125,300.2558898925781
train,1864,391.3999938964844,385.3088073730469
train,7403,285.8999938964844,281.70745849609375
train,5420,575.4000244140625,544.014404296875
train,7793,271.29998779296875,282.85052490234375
train,7243,518.2000122070312,486.5380859375
train,8232,398.0,369.8215637207031
train,6562,487.20001220703125,466.38037109375
train,7423,770.2999877929688,755.1942138671875
train,2626,284.8999938964844,278.37579345703125
train,8612,340.20001220703125,330.7961730957031
train,1248,274.8999938964844,275.03924560546875
train,8177,541.4000244140625,555.319091796875
train,7562,362.5,367.84246826171875
train,1762,319.0,302.36041259765625
train,3136,274.1000061035156,275.34002685546875
train,8090,592.0,597.7356567382812
train,4097,665.2999877929688,660.2550659179688
train,7450,279.8999938964844,269.18994140625
train,268,297.79998779296875,312.714599609375
train,1110,527.9000244140625,525.7088012695312
train,6538,404.6000061035156,381.2801513671875
train,3621,544.5999755859375,552.6140747070312
train,3438,393.0,405.0170593261719
train,2084,589.7999877929688,574.55126953125
train,8263,583.7999877929688,586.2940063476562
train,6132,452.79998779296875,439.360107421875
train,3018,396.3999938964844,380.73284912109375
train,1340,244.39999389648438,247.8736572265625
train,3257,299.79998779296875,295.47198486328125
train,4822,418.3999938964844,370.8489990234375
train,7035,488.1000061035156,504.43243408203125
train,1035,316.3999938964844,325.85009765625
train,2993,298.3999938964844,292.814453125
train,7153,314.8999938964844,317.99627685546875
train,7196,319.79998779296875,303.66082763671875
train,1237,856.0999755859375,853.111328125
train,5173,335.70001220703125,335.8983154296875
train,4165,365.3999938964844,342.697998046875
train,5637,527.0999755859375,527.4846801757812
train,4788,601.2000122070312,597.3313598632812
train,6357,323.6000061035156,297.7628173828125
train,1420,549.4000244140625,527.6763916015625
train,7831,304.79998779296875,302.87042236328125
train,8289,836.7999877929688,799.5433349609375
train,202,485.79998779296875,494.8746032714844
train,4538,333.5,329.93603515625
train,8202,358.6000061035156,347.97674560546875
train,6960,314.5,306.12933349609375
train,1251,391.8999938964844,384.0928955078125
train,1440,420.70001220703125,423.7486572265625
train,8445,347.6000061035156,336.83013916015625
train,2533,359.8999938964844,342.2349853515625
train,6318,352.20001220703125,373.8138732910156
train,2808,358.6000061035156,329.84619140625
train,5817,303.70001220703125,281.3531494140625
train,7430,397.29998779296875,387.30950927734375
train,5165,830.7999877929688,822.128173828125
train,7137,467.3999938964844,470.65618896484375
train,6889,301.5,271.0125427246094
train,3491,289.8999938964844,285.90338134765625
train,4709,465.1000061035156,439.5514221191406
train,5660,524.9000244140625,515.8919677734375
train,1873,587.9000244140625,607.61181640625
train,4760,308.5,300.98992919921875
train,1869,295.6000061035156,285.2806396484375
train,1913,700.4000244140625,707.5718994140625
train,8401,405.1000061035156,393.46905517578125
train,3,254.6999969482422,250.7528076171875
train,5370,284.20001220703125,311.8660888671875
train,7626,283.20001220703125,273.170166015625
train,1698,262.3999938964844,257.06304931640625
train,7068,319.6000061035156,301.69256591796875
train,4745,393.70001220703125,391.71588134765625
train,2072,580.0,564.5894775390625
train,5349,266.70001220703125,276.8475341796875
train,552,429.6000061035156,405.9079895019531
train,6937,281.29998779296875,278.142333984375
train,5445,391.70001220703125,400.092529296875
train,5444,407.8999938964844,382.1095275878906
train,1940,346.3999938964844,350.7912292480469
train,3820,367.3999938964844,358.46685791015625
train,5785,706.5999755859375,709.3126220703125
train,3473,496.29998779296875,495.01812744140625
train,1283,399.20001220703125,387.89892578125
train,8364,522.2999877929688,543.4873657226562
train,3757,263.70001220703125,257.864501953125
train,3183,482.79998779296875,494.2906494140625
train,978,293.29998779296875,313.3687744140625
train,7033,307.3999938964844,296.5758972167969
train,7352,571.0,550.8460693359375
train,3488,441.6000061035156,438.7407531738281
train,3371,303.20001220703125,288.11077880859375
train,1773,404.6000061035156,418.09698486328125
train,4767,274.6000061035156,297.16326904296875
train,3959,718.4000244140625,721.6985473632812
train,2860,400.3999938964844,376.1214599609375
train,2390,437.1000061035156,428.14202880859375
train,6603,262.6000061035156,273.86016845703125
train,5451,407.5,362.39178466796875
train,3831,315.1000061035156,316.56610107421875
train,7286,516.7999877929688,526.6454467773438
train,4378,368.70001220703125,359.716552734375
train,2573,432.5,444.8888854980469
train,6263,267.6000061035156,279.9620361328125
train,2269,337.8999938964844,341.9049072265625
train,3138,289.20001220703125,284.37420654296875
train,7632,257.79998779296875,244.0692138671875
train,5596,444.0,443.4421081542969
train,5901,775.0999755859375,768.409912109375
train,2776,318.79998779296875,304.6862487792969
train,2918,519.0999755859375,515.074951171875
train,4927,524.7999877929688,490.26263427734375
train,2298,370.1000061035156,364.3151550292969
train,7340,413.29998779296875,393.5807189941406
train,5911,436.70001220703125,437.2289123535156
train,2981,300.8999938964844,328.67132568359375
train,2214,741.2999877929688,743.274169921875
train,1128,379.70001220703125,365.7636413574219
train,7194,417.79998779296875,415.4249267578125
train,5291,256.6000061035156,259.1133728027344
train,5766,364.1000061035156,366.3825988769531
train,1064,477.29998779296875,471.3174133300781
train,1763,262.0,273.9033508300781
train,2631,371.6000061035156,354.5865783691406
train,4574,429.0,439.8052673339844
train,305,383.5,378.4649658203125
train,209,459.8999938964844,472.6229553222656
train,8084,371.8999938964844,369.43780517578125
train,8391,316.5,303.86602783203125
train,7548,292.3999938964844,279.6962890625
train,113,594.4000244140625,596.39697265625
train,4315,560.9000244140625,566.1315307617188
train,155,361.70001220703125,352.7208251953125
train,3746,380.1000061035156,377.2913818359375
train,1709,440.0,467.51226806640625
train,2833,299.1000061035156,283.10784912109375
train,2080,390.0,400.37640380859375
train,6494,572.9000244140625,563.0906982421875
train,1904,391.8999938964844,369.8689270019531
train,5922,246.39999389648438,229.70252990722656
train,1598,414.5,397.8937683105469
train,2493,578.2999877929688,571.6886596679688
train,8492,661.4000244140625,644.3779296875
train,4581,244.89999389648438,273.9858093261719
train,1078,718.2999877929688,724.67724609375
train,239,538.0999755859375,529.4723510742188
train,6903,308.6000061035156,301.42840576171875
train,5088,395.0,375.0822448730469
train,1874,374.1000061035156,372.7662048339844
train,3823,664.5999755859375,634.33642578125
train,1689,285.6000061035156,272.2745666503906
train,7937,554.7999877929688,550.6639404296875
train,4508,414.1000061035156,410.8927917480469
train,5858,291.20001220703125,298.2493591308594
train,5981,410.6000061035156,410.94061279296875
train,5081,458.6000061035156,428.6918640136719
train,6028,338.20001220703125,333.7637023925781
train,1161,372.70001220703125,383.4900207519531
train,3271,466.8999938964844,479.391845703125
train,6386,499.20001220703125,497.9229736328125
train,4568,455.6000061035156,445.06243896484375
train,3500,454.8999938964844,434.2821960449219
train,7560,281.20001220703125,305.2952880859375
train,7943,542.0,541.9327392578125
train,5389,252.3000030517578,266.97503662109375
train,5991,372.1000061035156,366.92193603515625
train,7184,367.0,345.6387939453125
train,2488,519.2999877929688,531.2425537109375
train,6539,740.7000122070312,730.8030395507812
train,1314,481.8999938964844,474.8447570800781
train,8260,339.79998779296875,347.9383239746094
train,8233,382.79998779296875,349.7728576660156
train,6674,497.70001220703125,485.7232971191406
train,1290,323.20001220703125,327.8134765625
train,7814,332.1000061035156,297.85284423828125
train,1075,318.8999938964844,323.0907287597656
train,4775,766.2000122070312,745.2063598632812
train,7591,500.70001220703125,484.6250915527344
train,577,347.29998779296875,358.97314453125
train,1761,404.20001220703125,394.3505859375
train,1272,269.20001220703125,276.44036865234375
train,837,752.4000244140625,755.7487182617188
train,6163,338.70001220703125,314.6817932128906
train,6606,550.7000122070312,550.8733520507812
train,263,456.1000061035156,437.7637939453125
train,4563,424.79998779296875,414.606689453125
train,2934,309.0,316.20849609375
train,1529,325.8999938964844,299.0771789550781
train,8336,349.0,331.4263916015625
train,3348,276.3999938964844,265.801513671875
train,304,294.20001220703125,291.28204345703125
train,7854,261.8999938964844,251.78965759277344
train,6260,612.4000244140625,606.247802734375
train,4609,340.79998779296875,302.705810546875
train,7348,311.5,303.440673828125
train,972,259.1000061035156,278.0241394042969
train,3469,503.8999938964844,482.7181701660156
train,8121,541.9000244140625,548.01123046875
train,974,430.6000061035156,397.00146484375
train,405,437.3999938964844,429.6238098144531
train,3370,312.3999938964844,325.1002502441406
train,3508,490.20001220703125,482.8534851074219
train,6156,324.1000061035156,300.7492980957031
train,6934,436.0,428.05633544921875
train,5658,383.8999938964844,380.39373779296875
train,7566,467.29998779296875,463.4988708496094
train,7960,524.0,510.72802734375
train,4937,608.0,594.8984375
train,1239,734.5999755859375,699.6134033203125
train,4837,558.0,540.6182861328125
train,4648,560.0999755859375,502.3553466796875
train,6216,336.6000061035156,333.9100036621094
train,2443,749.0,758.8399658203125
train,5504,357.8999938964844,352.19976806640625
train,3457,373.0,347.4903564453125
train,2342,599.9000244140625,591.49560546875
train,5788,393.3999938964844,385.1394348144531
train,1994,293.20001220703125,288.9955139160156
train,2033,283.79998779296875,263.91064453125
train,4403,244.6999969482422,239.18646240234375
train,1421,391.8999938964844,345.4453125
train,4698,590.7999877929688,581.3092651367188
train,4970,372.79998779296875,352.6112060546875
train,4682,753.5,755.2933959960938
train,2172,422.5,399.1349792480469
train,6654,379.70001220703125,366.32415771484375
train,776,288.6000061035156,295.6352233886719
train,1922,304.3999938964844,324.8960876464844
train,7229,585.5,592.0001220703125
train,3439,348.70001220703125,355.794189453125
train,7857,256.20001220703125,246.5807647705078
train,3591,477.79998779296875,497.3480529785156
train,893,523.0,487.02252197265625
train,5966,599.7000122070312,576.1836547851562
train,2057,346.0,332.15869140625
train,7353,441.29998779296875,489.25347900390625
train,8601,288.70001220703125,288.654296875
train,5546,417.20001220703125,433.8543701171875
train,6291,379.3999938964844,368.9091796875
train,1708,344.1000061035156,330.5921936035156
train,3385,442.5,439.7699279785156
train,8549,290.6000061035156,291.82489013671875
train,236,729.5,738.5669555664062
train,3715,459.6000061035156,447.3884582519531
train,1057,418.5,402.51116943359375
train,3668,301.8999938964844,296.9438171386719
train,64,530.2000122070312,521.58349609375
train,43,810.4000244140625,805.4716796875
train,4337,352.70001220703125,332.4048767089844
train,1870,436.29998779296875,437.1142883300781
train,6825,303.3999938964844,317.9678649902344
train,1279,456.79998779296875,442.25152587890625
train,8738,603.0999755859375,588.3872680664062
train,8725,312.79998779296875,306.9022216796875
train,5652,324.0,310.7825927734375
train,3722,287.8999938964844,297.8646240234375
train,3461,340.3999938964844,371.61248779296875
train,6716,286.29998779296875,276.5756530761719
train,7455,495.20001220703125,492.2596740722656
train,8056,408.70001220703125,408.8103332519531
train,2272,657.7000122070312,649.2158203125
train,2707,337.79998779296875,304.50946044921875
train,1511,660.0999755859375,616.9613037109375
train,5568,543.4000244140625,511.84942626953125
train,8525,546.9000244140625,554.2432861328125
train,119,298.5,304.31072998046875
train,4532,393.5,385.4729919433594
train,6373,348.79998779296875,316.853759765625
train,1706,724.0999755859375,663.6490478515625
train,4148,260.70001220703125,247.0051727294922
train,823,527.2999877929688,531.7490234375
train,8728,439.0,430.2872619628906
train,5920,244.3000030517578,233.7666015625
train,7588,267.5,261.18829345703125
train,6204,555.2000122070312,553.4883422851562
train,6242,411.1000061035156,405.97265625
train,6058,443.6000061035156,401.28900146484375
train,1828,338.20001220703125,328.06781005859375
train,8210,295.79998779296875,277.64459228515625
train,87,331.20001220703125,318.71417236328125
train,4619,353.0,356.83551025390625
train,6287,289.6000061035156,289.93145751953125
train,3874,446.29998779296875,429.9205322265625
train,6819,380.79998779296875,365.22882080078125
train,7055,211.6000213623047,227.5646209716797
train,5308,304.0,313.6282958984375
train,6077,318.0,323.7694396972656
train,3452,296.8999938964844,297.4150390625
train,4466,347.3999938964844,327.9796447753906
train,2619,283.1000061035156,261.9072265625
train,2186,431.8999938964844,440.70660400390625
train,3919,348.79998779296875,358.6645202636719
train,8291,721.0999755859375,727.3214111328125
train,7835,252.3000030517578,259.09613037109375
train,3157,647.2999877929688,640.49462890625
train,5821,412.8999938964844,400.689453125
train,961,417.70001220703125,402.0577392578125
train,8627,425.70001220703125,435.5043640136719
train,7206,264.5,244.1498260498047
train,8740,292.5,257.1174011230469
train,4582,262.29998779296875,267.71881103515625
train,413,284.5,270.4371643066406
train,7203,538.4000244140625,551.5845947265625
train,338,325.1000061035156,317.04010009765625
train,1350,272.6000061035156,267.242919921875
train,53,606.2999877929688,601.572509765625
train,1646,321.8999938964844,329.10235595703125
train,2280,207.0,211.83355712890625
train,4284,578.7999877929688,583.4654541015625
train,1613,786.0,780.6912841796875
train,2256,356.6000061035156,340.4112548828125
train,4701,325.0,326.9248046875
train,1964,359.5,335.2420959472656
train,3512,392.0,430.5364074707031
train,3928,524.2000122070312,499.8924560546875
train,946,254.5,241.15440368652344
train,3535,439.5,434.29461669921875
train,5429,324.5,325.82281494140625
train,2030,383.6000061035156,368.4540710449219
train,1167,394.79998779296875,375.4541931152344
train,3986,279.6000061035156,288.9974670410156
train,843,815.5999755859375,794.734130859375
train,826,339.1000061035156,352.1312255859375
train,2360,540.0999755859375,538.3524169921875
train,103,803.5,813.4134521484375
train,841,827.2999877929688,824.108642578125
train,7918,612.2000122070312,598.9285888671875
train,4163,638.4000244140625,626.7921142578125
train,2317,480.5,469.362060546875
train,5657,262.79998779296875,247.7227325439453
train,8387,320.1000061035156,286.59417724609375
train,1673,515.5,525.9872436523438
train,2474,293.8999938964844,283.035400390625
train,7463,468.70001220703125,432.760986328125
train,1487,350.3999938964844,346.34454345703125
train,1014,400.3999938964844,370.32098388671875
train,2154,477.3999938964844,459.01904296875
train,3244,317.8999938964844,310.54052734375
train,568,353.20001220703125,343.0404357910156
train,8673,534.2000122070312,512.0562133789062
train,8607,545.7000122070312,547.117919921875
train,8143,650.2000122070312,630.7775268554688
train,2404,355.3999938964844,338.4161376953125
train,4328,274.0,264.7709045410156
train,4943,495.1000061035156,417.2296142578125
train,5503,459.29998779296875,462.87799072265625
train,4639,268.1000061035156,267.6337890625
train,2138,317.20001220703125,334.7425537109375
train,4955,233.10000610351562,243.79554748535156
train,5007,338.3999938964844,323.8669128417969
train,2497,433.79998779296875,429.0328063964844
train,5182,500.1000061035156,466.9909362792969
train,3265,814.2999877929688,792.1151123046875
train,8716,319.79998779296875,319.2620849609375
train,4880,224.89999389648438,235.68487548828125
train,6727,372.70001220703125,369.5328674316406
train,3616,286.5,276.20355224609375
train,949,341.8999938964844,336.793701171875
train,5358,285.5,295.0641784667969
train,4232,337.6000061035156,336.86602783203125
train,6842,299.8999938964844,313.76605224609375
train,1385,297.0,297.86895751953125
train,3790,284.3999938964844,286.35955810546875
train,7868,287.0,295.22344970703125
train,8072,268.29998779296875,271.61737060546875
train,469,472.79998779296875,458.4525146484375
train,5100,662.9000244140625,628.8145141601562
train,2073,586.7999877929688,571.1231689453125
train,3246,283.20001220703125,276.61273193359375
train,6465,443.29998779296875,443.405029296875
train,4838,415.70001220703125,420.9061584472656
train,5116,291.3999938964844,300.71331787109375
train,6507,503.8999938964844,483.4173583984375
train,3678,319.5,320.05023193359375
train,947,317.70001220703125,325.2268371582031
train,2131,293.0,293.0506896972656
train,6237,463.3999938964844,446.17816162109375
train,4578,832.0,804.5670166015625
train,789,429.70001220703125,399.705810546875
train,3030,309.6000061035156,270.30242919921875
train,4219,690.2999877929688,668.8920288085938
train,1776,252.3999786376953,252.4665985107422
train,5114,696.9000244140625,706.8603515625
train,8483,307.1000061035156,299.7241516113281
train,7100,240.30001831054688,242.0811309814453
train,8695,423.29998779296875,371.6400451660156
train,8609,413.70001220703125,416.1286315917969
train,6429,353.8999938964844,356.52886962890625
train,4812,396.20001220703125,399.9145812988281
train,5784,288.0,305.8509521484375
train,942,277.89996337890625,300.4691162109375
train,5870,270.3999938964844,256.51177978515625
train,120,636.2000122070312,629.4083862304688
train,2469,542.0999755859375,524.7111206054688
train,2953,399.79998779296875,388.5745544433594
train,780,279.6000061035156,271.77783203125
train,7134,447.5,426.48809814453125
train,3398,753.5999755859375,765.2210693359375
train,1194,492.29998779296875,485.3043212890625
train,2217,515.7999877929688,495.5413818359375
train,41,325.70001220703125,332.89910888671875
train,2986,352.5,333.8959045410156
train,4427,356.79998779296875,318.8563232421875
train,4111,394.3999938964844,380.1826477050781
train,4379,398.8999938964844,356.0853576660156
train,1611,259.29998779296875,256.334228515625
train,1504,317.3999938964844,305.9235534667969
train,5397,331.79998779296875,333.41607666015625
train,5390,354.5,347.076416015625
train,6019,304.3999938964844,287.8351135253906
train,1632,512.5999755859375,537.1531372070312
train,6196,254.8000030517578,259.85076904296875
train,2447,260.5,247.84918212890625
train,6751,313.20001220703125,289.0089111328125
train,5521,557.5,546.4508056640625
train,936,292.6000061035156,286.1903076171875
train,6922,559.0999755859375,505.4252014160156
train,7731,383.6000061035156,357.4555358886719
train,288,282.70001220703125,252.72750854492188
train,3434,426.0,398.6693115234375
train,4259,499.0,480.50201416015625
train,496,496.5,490.09869384765625
train,803,296.3999938964844,320.5040588378906
train,7839,400.1000061035156,394.962890625
train,94,337.79998779296875,354.66937255859375
train,2285,404.70001220703125,388.6133728027344
train,2672,373.6000061035156,373.0668029785156
train,5158,227.39999389648438,224.82432556152344
train,83,383.29998779296875,381.2834167480469
train,5644,386.79998779296875,381.9426574707031
train,7655,407.20001220703125,377.1741638183594
train,1696,378.70001220703125,399.0585021972656
train,344,485.6000061035156,470.36712646484375
train,271,624.7000122070312,627.7171630859375
train,7391,550.0,535.3602294921875
train,5301,584.5,570.5205078125
train,5123,490.6000061035156,486.0904235839844
train,1968,798.7000122070312,766.89892578125
train,8046,330.70001220703125,338.78057861328125
train,2347,347.29998779296875,326.59521484375
train,8085,511.1000061035156,515.49267578125
train,4201,239.60000610351562,258.5325927734375
train,7094,623.7999877929688,635.3832397460938
train,8313,429.5,450.6304016113281
train,3376,776.7999877929688,782.6224365234375
train,3431,632.2000122070312,632.6339721679688
train,7343,376.8999938964844,371.5619812011719
train,3099,329.6000061035156,336.33367919921875
train,6719,417.0,377.6298522949219
train,6071,318.70001220703125,310.4471435546875
train,8153,721.2000122070312,744.203857421875
train,5090,336.29998779296875,332.5950622558594
train,6696,352.20001220703125,356.0421142578125
train,3337,572.4000244140625,578.3807983398438
train,796,313.79998779296875,317.18780517578125
train,2681,605.0999755859375,602.4852294921875
train,7213,712.4000244140625,706.554931640625
train,6477,267.8999938964844,251.6005401611328
train,4903,304.1000061035156,284.0617980957031
train,5717,233.8000030517578,220.33839416503906
train,8662,436.1000061035156,431.4652099609375
train,7355,521.5999755859375,486.85467529296875
train,7310,663.2999877929688,648.6410522460938
train,4502,798.0999755859375,791.6214599609375
train,7102,324.1000061035156,328.98712158203125
train,199,378.5,385.33203125
train,7822,533.7000122070312,480.1313171386719
train,7067,374.3999938964844,350.46417236328125
train,4370,589.0999755859375,570.3614501953125
train,2205,275.8999938964844,305.31396484375
train,1722,323.3999938964844,324.9705505371094
train,4583,267.20001220703125,253.29013061523438
train,4034,388.20001220703125,386.2062683105469
train,2701,360.1000061035156,369.7910461425781
train,3996,388.70001220703125,386.5721740722656
train,7045,236.10000610351562,236.1131134033203
train,7775,708.0,714.8655395507812
train,2111,290.8999938964844,267.8895568847656
train,5016,578.4000244140625,566.6984252929688
train,7157,337.6000061035156,317.41290283203125
train,379,258.29998779296875,249.5042266845703
train,2331,490.70001220703125,462.45562744140625
train,4030,381.29998779296875,404.71502685546875
train,4921,293.20001220703125,290.30731201171875
train,8486,567.2999877929688,575.9835815429688
train,977,449.3999938964844,436.3017578125
train,4343,242.6999969482422,243.28640747070312
train,213,582.2999877929688,561.0006713867188
train,8495,635.2000122070312,620.311767578125
train,1187,353.6000061035156,318.35467529296875
train,5743,404.1000061035156,416.6773681640625
train,702,347.79998779296875,356.8603515625
train,3045,526.2999877929688,533.0428466796875
train,7752,526.4000244140625,512.90869140625
train,7185,786.7999877929688,801.2703857421875
train,4889,496.79998779296875,496.6212463378906
train,5707,403.70001220703125,430.672607421875
train,3692,701.2999877929688,710.7767333984375
train,5519,291.70001220703125,290.18621826171875
train,8140,313.6000061035156,312.8266296386719
train,4255,258.8999938964844,254.5888214111328
train,5216,384.8999938964844,396.8091125488281
train,2843,460.8999938964844,460.0313720703125
train,6258,258.5,259.7381286621094
train,1339,314.6000061035156,309.2506408691406
train,1628,271.70001220703125,266.9907531738281
train,3884,341.20001220703125,330.03759765625
train,7320,394.8999938964844,356.55316162109375
train,2216,544.4000244140625,553.3103637695312
train,556,234.0,235.6160888671875
train,5864,416.79998779296875,425.71746826171875
train,4224,357.0,352.6562805175781
train,6411,337.6000061035156,363.75927734375
train,5377,438.79998779296875,445.95404052734375
train,1003,364.29998779296875,355.8922119140625
train,3495,321.70001220703125,313.22955322265625
train,2054,517.2000122070312,520.6585693359375
train,2835,322.1000061035156,311.6451110839844
train,997,504.29998779296875,499.7632751464844
train,3888,452.3999938964844,458.2819519042969
train,473,432.70001220703125,387.3639221191406
train,5549,400.5,388.5
train,4482,253.39999389648438,246.4015350341797
train,369,572.5999755859375,531.9767456054688
train,8571,315.29998779296875,320.44537353515625
train,1833,248.10000610351562,252.0776824951172
train,168,723.5999755859375,721.868408203125
train,6164,304.5,290.22900390625
train,4814,356.0,360.9932861328125
train,5941,323.6000061035156,326.3486633300781
train,701,290.6000061035156,272.8890686035156
train,7541,380.79998779296875,372.5458068847656
train,7553,398.1000061035156,382.4854736328125
train,5124,388.3999938964844,364.27874755859375
train,2345,208.8999786376953,227.4534912109375
train,1331,349.8999938964844,322.97467041015625
train,2355,291.3999938964844,284.9232177734375
train,2589,283.0,274.9847412109375
train,5792,481.29998779296875,484.4535217285156
train,4941,541.2999877929688,510.52081298828125
train,2194,261.1000061035156,252.71917724609375
train,1723,367.79998779296875,381.5477600097656
train,6460,363.1000061035156,383.4576721191406
train,1377,425.5,435.112060546875
train,8067,439.0,437.01239013671875
train,3316,336.5,333.6788330078125
train,5575,379.70001220703125,358.56207275390625
train,658,270.79998779296875,274.2225341796875
train,1936,319.3999938964844,309.63323974609375
train,2441,400.6000061035156,414.9530334472656
train,3547,383.1000061035156,375.6838073730469
train,5846,560.0999755859375,547.9063720703125
train,6346,339.5,331.0133056640625
train,6379,300.3999938964844,305.93072509765625
train,8560,428.20001220703125,399.3138122558594
train,4753,394.1000061035156,401.02178955078125
train,509,452.0,424.73870849609375
train,2045,502.70001220703125,493.2525634765625
train,8385,612.2999877929688,598.7291870117188
train,7187,227.0,218.00819396972656
train,2806,379.8999938964844,392.45941162109375
train,2127,708.7000122070312,683.4766235351562
train,4622,425.79998779296875,420.818359375
train,4867,394.6000061035156,392.2442626953125
train,4278,405.1000061035156,405.8735046386719
train,6078,288.0,264.1591796875
train,3031,650.2999877929688,655.1409912109375
train,1925,833.2999877929688,829.3453979492188
train,3432,621.2000122070312,613.6104736328125
train,985,355.3999938964844,345.731689453125
train,5143,369.0,349.56585693359375
train,3458,401.29998779296875,407.3302001953125
train,7360,300.8999938964844,295.41217041015625
train,3775,814.0,850.97802734375
train,6800,726.9000244140625,712.343994140625
train,26,346.8999938964844,347.05859375
train,784,440.3999938964844,425.2734680175781
train,6916,473.29998779296875,469.4393615722656
train,269,362.3999938964844,367.3921203613281
train,3120,368.8999938964844,364.6506042480469
train,5360,325.20001220703125,312.38641357421875
train,459,308.6000061035156,295.80841064453125
train,5361,425.8999938964844,421.1593017578125
train,4024,248.50001525878906,266.575439453125
train,5134,438.79998779296875,408.5451354980469
train,3485,312.0,312.5674133300781
train,5604,253.39999389648438,242.97593688964844
train,4261,406.79998779296875,415.6896667480469
train,7409,726.7999877929688,685.6739501953125
train,4392,635.5,615.2981567382812
train,2579,274.6000061035156,266.620361328125
train,1517,395.20001220703125,400.9381103515625
train,7103,464.70001220703125,493.1340637207031
train,6220,446.20001220703125,432.63079833984375
train,3088,359.70001220703125,336.9886169433594
train,5661,582.2999877929688,574.6126708984375
train,6560,250.60000610351562,260.461181640625
train,4634,353.79998779296875,339.6043701171875
train,7739,397.6000061035156,393.95281982421875
train,109,301.8999938964844,303.0030212402344
train,8295,601.9000244140625,584.6373291015625
train,6240,423.1000061035156,417.7751770019531
train,872,387.5,356.1917419433594
train,7765,308.8999938964844,298.56005859375
train,3560,326.6000061035156,328.0113525390625
train,4978,672.4000244140625,660.5158081054688
train,2581,323.6000061035156,311.4596862792969
train,3598,523.5,592.656494140625
train,8660,411.8999938964844,404.78985595703125
train,4440,427.3999938964844,423.31500244140625
train,8008,658.0,665.6060791015625
train,7810,416.3999938964844,410.3871765136719
train,7082,346.20001220703125,343.56256103515625
train,548,363.3999938964844,365.958740234375
train,8346,567.7999877929688,562.3317260742188
train,5971,422.0,409.0429382324219
train,7617,486.0,507.7684631347656
train,5633,395.70001220703125,382.8782653808594
train,3410,376.5,391.3530578613281
train,1086,368.0,371.3851013183594
train,3999,474.8999938964844,459.9039306640625
train,1731,327.8999938964844,341.17816162109375
train,266,549.5,550.7227783203125
train,7516,291.8999938964844,292.20916748046875
train,2473,482.70001220703125,470.49957275390625
train,4003,314.70001220703125,299.32269287109375
train,6342,270.8999938964844,274.4681396484375
train,4556,290.1000061035156,279.34979248046875
train,6815,334.8999938964844,324.9078369140625
train,1337,321.70001220703125,294.45465087890625
train,4262,337.0,311.7838134765625
train,6485,523.2000122070312,528.4027709960938
train,7997,395.0,413.8578796386719
train,8692,428.29998779296875,432.5439147949219
train,7419,268.6000061035156,276.09619140625
train,4488,397.29998779296875,373.2116394042969
train,766,272.3999938964844,279.83123779296875
train,3383,390.5,370.1344909667969
train,253,321.3999938964844,286.29510498046875
train,4008,370.20001220703125,354.8597717285156
train,3700,293.8999938964844,320.33074951171875
train,6867,413.3999938964844,393.6189880371094
train,4145,402.70001220703125,394.0066223144531
train,2641,286.70001220703125,289.04058837890625
train,7801,620.9000244140625,621.4215698242188
train,944,446.5,432.84735107421875
train,4881,281.70001220703125,262.7283630371094
train,6265,315.5,310.7606201171875
train,2395,299.6000061035156,284.8207702636719
train,5848,500.20001220703125,506.2720947265625
train,4725,327.5,291.4881591796875
train,6332,367.3999938964844,347.2979736328125
train,7834,527.7999877929688,523.8438720703125
train,532,503.1000061035156,477.130859375
train,7437,438.20001220703125,418.1038513183594
train,8075,294.29998779296875,305.9397888183594
train,6040,449.8999938964844,440.4114990234375
train,3025,361.8999938964844,393.1952209472656
train,6428,466.5,456.2350769042969
train,6301,469.8999938964844,429.3748779296875
train,8363,278.70001220703125,260.97113037109375
train,897,612.2999877929688,574.867431640625
train,2637,597.5,626.8416137695312
train,5333,907.2999267578125,888.5973510742188
train,5927,279.79998779296875,273.7791748046875
train,6191,410.79998779296875,414.8675231933594
train,7922,452.70001220703125,405.0710754394531
train,848,399.79998779296875,415.90521240234375
train,4872,767.5999755859375,776.2149047851562
train,3613,725.4000244140625,731.0181274414062
train,5303,504.29998779296875,474.4638366699219
train,6168,465.1000061035156,495.5474548339844
train,2848,336.79998779296875,329.40386962890625
train,5385,314.3999938964844,293.9071350097656
train,5502,439.1000061035156,447.4942626953125
train,1823,420.70001220703125,410.1743469238281
train,2188,261.8999938964844,264.8570556640625
train,4544,371.1000061035156,357.51226806640625
train,6608,364.0,361.93328857421875
train,6676,642.5,618.626953125
train,6070,319.5,302.0601501464844
train,6182,369.79998779296875,387.633056640625
train,2377,331.3999938964844,335.06219482421875
train,4604,583.0999755859375,568.5177001953125
train,1396,639.9000244140625,605.31396484375
train,5319,358.8999938964844,354.15399169921875
train,5236,368.8999938964844,354.28375244140625
train,7128,275.39996337890625,286.57452392578125
train,5557,261.20001220703125,258.4282531738281
train,2436,378.70001220703125,389.3111267089844
train,5274,605.0,603.822021484375
train,818,755.0,752.7176513671875
train,4894,296.8999938964844,299.279296875
train,2435,396.5,371.0874328613281
train,3596,301.6000061035156,320.7137451171875
train,3847,331.1000061035156,358.20111083984375
train,8468,754.0999755859375,767.7950439453125
train,5414,461.70001220703125,462.43145751953125
train,55,590.0,573.3779296875
train,6968,647.9000244140625,635.5517578125
train,222,549.9000244140625,578.9197998046875
train,6559,476.5,472.66375732421875
train,4236,503.5,503.2076110839844
train,7750,350.79998779296875,339.7104187011719
train,7667,407.1000061035156,414.2973327636719
train,4244,543.0,538.8228149414062
train,4863,245.0,243.12635803222656
train,5320,679.7000122070312,668.7928466796875
train,2946,213.39999389648438,206.5634765625
train,3866,465.79998779296875,438.23516845703125
train,8246,311.3999938964844,306.3281555175781
train,2781,382.3999938964844,389.2787170410156
train,2243,498.3999938964844,467.98260498046875
train,7491,387.0,368.2386779785156
train,4138,293.5,309.00677490234375
train,3555,457.29998779296875,449.3138732910156
train,5463,453.0,483.1158752441406
train,5780,285.6000061035156,299.03533935546875
train,2703,334.6000061035156,317.35137939453125
train,1303,476.6000061035156,473.8475341796875
train,544,239.60000610351562,225.1708984375
train,3990,360.20001220703125,379.9736022949219
train,2182,444.70001220703125,446.0459899902344
train,4140,601.2999877929688,620.919921875
train,4250,331.8999938964844,330.218017578125
train,5059,339.1000061035156,327.8150939941406
train,6453,886.2000122070312,825.557373046875
train,8149,416.6000061035156,405.9132995605469
train,1980,295.3999938964844,300.9783020019531
train,3406,392.29998779296875,391.2954406738281
train,1434,342.6000061035156,347.64398193359375
train,4854,360.3999938964844,381.7303466796875
train,2758,405.1000061035156,419.56781005859375
train,4002,590.7000122070312,584.51904296875
train,8635,656.2000122070312,641.0465087890625
train,376,522.9000244140625,509.24945068359375
train,1665,522.7999877929688,497.2636413574219
train,6626,385.20001220703125,372.2545471191406
train,5970,417.8999938964844,402.30194091796875
train,390,560.4000244140625,532.8887939453125
train,8248,759.5,759.5152587890625
train,5471,207.6999969482422,202.35752868652344
train,1667,379.5,358.8248291015625
train,7442,412.8999938964844,393.9259338378906
train,7115,383.3999938964844,365.85882568359375
train,564,490.0,486.8504638671875
train,5491,660.9000244140625,644.7288208007812
train,7195,394.0,389.3736877441406
train,1395,317.0,325.490966796875
train,3857,386.8999938964844,370.8367004394531
train,315,531.4000244140625,494.0882568359375
train,3447,560.5999755859375,573.6618041992188
train,8529,314.3999938964844,320.5605773925781
train,6074,293.6000061035156,278.46258544921875
train,6227,527.5999755859375,517.8674926757812
train,4934,281.0,268.9849548339844
train,8502,378.20001220703125,378.7356262207031
train,987,424.6000061035156,405.3243713378906
train,58,496.1000061035156,499.1662292480469
train,8454,375.79998779296875,342.25079345703125
train,7316,481.6000061035156,469.7311706542969
train,5696,362.6000061035156,349.3499755859375
train,744,473.8999938964844,423.5455322265625
train,2747,320.79998779296875,340.57244873046875
train,5069,277.0,269.18170166015625
train,8420,532.2999877929688,514.5300903320312
train,7700,595.0,614.547607421875
train,7552,469.6000061035156,476.20343017578125
train,7499,405.70001220703125,394.5664978027344
train,5034,406.79998779296875,409.9200439453125
train,7254,299.70001220703125,315.71502685546875
train,1794,332.8999938964844,343.00042724609375
train,4121,394.6000061035156,374.2293701171875
train,2592,436.3999938964844,421.6820983886719
train,5931,374.29998779296875,399.2731628417969
train,8642,417.70001220703125,436.7503967285156
train,3682,339.6000061035156,306.8163146972656
train,6671,383.8999938964844,377.9486999511719
train,5335,210.89999389648438,230.16265869140625
train,4400,610.0,595.7618408203125
train,5988,329.3999938964844,317.12396240234375
train,4294,309.3999938964844,290.2281799316406
train,3313,309.8999938964844,286.3504333496094
train,8200,298.8999938964844,290.91973876953125
train,1040,239.3000030517578,233.6437530517578
train,4656,467.29998779296875,438.9622802734375
train,7474,410.1000061035156,412.244873046875
train,5983,270.70001220703125,276.85772705078125
train,2621,341.29998779296875,362.8547668457031
train,1140,277.1000061035156,279.05389404296875
train,2554,298.3999938964844,299.2806091308594
train,587,353.5,342.16162109375
train,4150,387.70001220703125,361.6748046875
train,1321,518.2999877929688,486.83251953125
train,2332,494.6000061035156,476.8865661621094
train,7864,725.0,705.2471923828125
train,4533,429.6000061035156,404.68011474609375
train,7019,309.6000061035156,299.4952392578125
train,8437,319.29998779296875,321.60107421875
train,1246,522.0999755859375,512.4092407226562
train,7670,610.2000122070312,617.6443481445312
train,3233,740.7000122070312,747.6926879882812
train,5136,577.2000122070312,591.3621826171875
train,7105,257.20001220703125,259.01324462890625
train,2779,315.0,309.7344055175781
train,252,508.3999938964844,497.7414855957031
train,912,272.20001220703125,264.23699951171875
train,1172,279.29998779296875,273.20648193359375
train,2580,335.0,324.61114501953125
train,8199,742.2999877929688,732.148681640625
train,8004,287.3999938964844,297.4322814941406
train,7785,475.20001220703125,461.5824279785156
train,8180,401.5,401.3212585449219
train,2087,295.79998779296875,305.955810546875
train,3769,293.6000061035156,295.60809326171875
train,8268,305.6000061035156,306.356201171875
train,5783,283.29998779296875,235.45571899414062
train,8384,297.29998779296875,298.1290283203125
train,2081,417.79998779296875,396.3160400390625
train,7392,250.8000030517578,250.22653198242188
train,2763,809.7000122070312,765.5977783203125
train,1468,327.20001220703125,333.1185302734375
train,5045,330.3999938964844,314.1748962402344
train,4239,305.29998779296875,300.49298095703125
train,6993,483.0,463.0937194824219
train,3536,565.2000122070312,562.822021484375
train,4901,405.29998779296875,386.7870178222656
train,3197,562.2999877929688,533.9912109375
train,4081,382.20001220703125,369.16961669921875
train,6165,411.5,374.3283386230469
train,3655,289.1000061035156,302.9718933105469
train,7043,387.8999938964844,371.2162170410156
train,60,392.79998779296875,378.13507080078125
train,2230,294.20001220703125,285.60699462890625
train,7234,317.20001220703125,305.57366943359375
train,4735,256.20001220703125,247.7998504638672
train,4716,310.20001220703125,312.8445739746094
train,4085,615.2000122070312,587.4833984375
train,2060,290.3999938964844,307.1125183105469
train,3020,370.3999938964844,382.64312744140625
train,5273,375.20001220703125,389.03021240234375
train,246,405.0,398.6513671875
train,7613,270.20001220703125,242.5631561279297
train,1029,281.79998779296875,288.04052734375
train,180,541.7999877929688,542.4965209960938
train,184,571.0,603.3964233398438
train,2643,348.70001220703125,379.74847412109375
train,3568,354.8999938964844,369.7970275878906
train,2513,304.20001220703125,293.2541809082031
train,3864,265.20001220703125,259.8916015625
train,2009,276.6000061035156,295.35906982421875
train,228,424.6000061035156,474.0723876953125
train,6930,518.4000244140625,515.3946533203125
train,851,458.1000061035156,447.42315673828125
train,49,378.8999938964844,393.92413330078125
train,141,410.0,394.1560974121094
train,3055,339.79998779296875,321.97125244140625
train,3881,381.3999938964844,382.78240966796875
train,8606,410.3999938964844,426.19061279296875
train,1313,508.3999938964844,463.6701965332031
train,3594,273.29998779296875,257.307861328125
train,4280,503.29998779296875,499.4140319824219
train,7867,475.1000061035156,455.30615234375
train,4197,496.5,497.2010498046875
train,2739,284.29998779296875,274.3654479980469
train,254,764.2999877929688,738.4969482421875
train,6545,382.20001220703125,334.34710693359375
train,4071,388.6000061035156,410.41229248046875
train,7288,735.7999877929688,763.619140625
train,878,441.79998779296875,423.6884460449219
train,7400,265.5,301.1041259765625
train,602,315.20001220703125,314.7858581542969
train,7637,332.1000061035156,327.9924011230469
train,5255,329.5,320.9853210449219
train,5499,324.20001220703125,341.58880615234375
train,6270,311.70001220703125,327.52862548828125
train,4953,764.0999755859375,769.4173583984375
train,5077,342.20001220703125,330.2265625
train,1678,373.20001220703125,355.6803283691406
train,8215,392.29998779296875,443.4694519042969
train,7746,559.5999755859375,578.6568603515625
train,6781,739.5999755859375,743.5084838867188
train,4699,470.20001220703125,454.4418640136719
train,2688,309.1000061035156,295.901123046875
train,3098,765.4000244140625,762.2711181640625
train,3078,415.0,404.6948547363281
train,3767,504.6000061035156,508.5383605957031
train,7680,534.2000122070312,530.8970336914062
train,1933,458.3999938964844,449.9527282714844
train,5073,380.3999938964844,394.0610656738281
train,6441,398.20001220703125,364.7858581542969
train,5393,265.79998779296875,254.34693908691406
train,909,297.8999938964844,292.65771484375
train,953,406.5,388.2464599609375
train,5482,755.7000122070312,746.7503051757812
train,6375,715.2000122070312,705.4041748046875
train,5289,488.79998779296875,474.89794921875
train,3553,473.6000061035156,436.4866638183594
train,7926,389.1000061035156,369.6905517578125
train,7925,259.79998779296875,250.38990783691406
train,6808,312.79998779296875,309.2409973144531
train,7132,282.29998779296875,294.60870361328125
train,7156,346.1000061035156,357.0714416503906
train,8293,345.79998779296875,308.3281555175781
train,164,257.60003662109375,260.62554931640625
train,6126,264.6000061035156,292.42706298828125
train,8294,346.5,347.99835205078125
train,2523,840.7999267578125,838.8357543945312
train,1588,401.20001220703125,362.623291015625
train,8651,359.79998779296875,344.6405029296875
train,3821,218.10000610351562,203.0248260498047
train,3107,411.5,428.1618347167969
train,7298,547.0,548.669189453125
train,932,293.0,284.69140625
train,8262,521.0,509.7076110839844
train,5067,571.7000122070312,565.8916015625
train,6391,452.20001220703125,459.84197998046875
train,6661,564.4000244140625,561.9525756835938
train,2854,399.6000061035156,376.10107421875
train,4412,376.8999938964844,356.618896484375
train,679,390.3999938964844,373.30499267578125
train,6200,394.5,380.9971923828125
train,6023,868.5,839.4901123046875
train,6142,384.79998779296875,371.9327697753906
train,2636,373.3999938964844,343.65496826171875
train,4754,381.70001220703125,378.4563293457031
train,2861,410.6000061035156,408.2332458496094
train,6865,567.2000122070312,560.164794921875
train,5552,506.1000061035156,519.9503784179688
train,7543,313.3999938964844,314.86700439453125
train,1688,515.2000122070312,516.71337890625
train,505,274.29998779296875,256.9217529296875
train,830,408.8999938964844,406.5657043457031
train,4047,583.9000244140625,592.839111328125
train,1462,396.8999938964844,373.3732604980469
train,3014,622.5,621.5698852539062
train,1609,672.2000122070312,658.3795166015625
train,3787,453.29998779296875,413.544677734375
train,4442,252.6999969482422,237.8973388671875
train,1419,813.2000122070312,810.353759765625
train,4948,350.29998779296875,353.6291809082031
train,6475,392.29998779296875,375.0179138183594
train,4238,722.5,734.8483276367188
train,6146,476.3999938964844,491.9436340332031
train,1203,295.3999938964844,314.56341552734375
train,7923,368.70001220703125,349.4184265136719
train,4704,326.20001220703125,326.32513427734375
train,6683,296.8999938964844,297.3614196777344
train,6336,284.0,279.0587463378906
train,1659,698.2999877929688,703.5555419921875
train,7452,567.5,572.9722290039062
train,399,387.1000061035156,371.7790832519531
train,4996,303.70001220703125,259.564208984375
train,3531,307.20001220703125,309.0218200683594
train,2547,811.7000122070312,828.4630737304688
train,726,492.0,502.5107116699219
train,2790,377.3999938964844,391.7657165527344
train,4217,415.5,392.93255615234375
train,2868,441.5,446.7085876464844
train,6892,413.79998779296875,415.586669921875
train,4573,421.0,409.58575439453125
train,3125,403.6000061035156,395.489013671875
train,3335,373.5,373.8031005859375
train,6730,388.1000061035156,373.0899658203125
train,8565,447.29998779296875,444.68450927734375
train,791,374.5,370.19830322265625
train,7375,609.4000244140625,599.30419921875
train,1602,478.0,471.480712890625
train,8225,532.4000244140625,517.5462646484375
train,3024,447.70001220703125,406.8158874511719
train,2418,584.5,610.151123046875
train,3713,306.79998779296875,322.5445556640625
train,6841,499.70001220703125,497.7232360839844
train,8567,322.79998779296875,283.7138977050781
train,5697,455.79998779296875,462.235107421875
train,8198,345.3999938964844,341.8097229003906
train,5040,417.6000061035156,406.34326171875
train,7207,315.8999938964844,300.3870849609375
train,1458,436.0,420.727783203125
train,2288,319.5,318.4824523925781
train,2656,578.0999755859375,588.2891845703125
train,5132,291.0,317.4981384277344
train,1733,596.5,562.653564453125
train,1459,843.9000244140625,845.39990234375
train,8464,306.3999938964844,316.04364013671875
train,4633,538.4000244140625,517.89794921875
train,2028,405.8999938964844,393.20196533203125
train,5431,435.1000061035156,434.98388671875
train,3428,275.20001220703125,248.49664306640625
train,7265,392.3999938964844,392.025634765625
train,1195,377.1000061035156,356.575439453125
train,4240,279.20001220703125,274.2542724609375
train,7585,668.5999755859375,670.9119262695312
train,7515,479.1000061035156,451.1423034667969
train,5909,362.20001220703125,350.87603759765625
train,5709,367.1000061035156,367.60882568359375
train,2709,423.1000061035156,419.18841552734375
train,4089,536.4000244140625,510.6369323730469
train,3218,402.8999938964844,389.06787109375
train,2906,330.29998779296875,343.4437255859375
train,152,265.70001220703125,262.0959777832031
train,964,468.0,455.21588134765625
train,2927,233.5,238.05335998535156
train,464,553.5,579.5490112304688
train,5695,385.5,390.5805969238281
train,5218,263.1000061035156,252.74240112304688
train,8534,406.79998779296875,390.7789611816406
train,4493,262.70001220703125,231.0399932861328
train,2174,426.70001220703125,419.12017822265625
train,1213,388.70001220703125,424.2530517578125
train,4364,600.0,599.7816162109375
train,945,356.70001220703125,369.74749755859375
train,8513,394.79998779296875,391.5259094238281
train,2503,454.1000061035156,433.7988586425781
train,5892,282.5,291.66845703125
train,1737,481.29998779296875,478.0004577636719
train,5693,380.20001220703125,335.79833984375
train,6748,802.7999877929688,783.205078125
train,3186,330.0,316.790771484375
train,300,704.4000244140625,692.0931396484375
train,6167,383.20001220703125,340.34991455078125
train,7959,810.5999755859375,810.9449462890625
train,8216,293.0,303.54937744140625
train,7321,580.7999877929688,591.421630859375
train,7251,352.8999938964844,348.91326904296875
train,1605,466.8999938964844,471.45782470703125
train,3543,383.0,393.2747802734375
train,2990,351.0,374.53582763671875
train,6785,335.8999938964844,317.96917724609375
train,6449,473.8999938964844,427.19085693359375
train,258,490.20001220703125,476.7461853027344
train,8009,498.1000061035156,500.51422119140625
train,4638,484.29998779296875,478.6039733886719
train,5305,280.5,271.28216552734375
train,3347,294.70001220703125,287.60626220703125
train,1898,388.5,374.19744873046875
train,1844,308.29998779296875,353.8570251464844
train,6964,289.8999938964844,290.34423828125
train,6079,561.5999755859375,571.3148193359375
train,356,533.5999755859375,529.4541625976562
train,2037,450.3999938964844,450.17681884765625
train,5962,389.5,379.4312744140625
train,598,555.5,541.4181518554688
train,563,461.5,470.34796142578125
train,3933,352.1000061035156,309.89373779296875
train,2582,425.3999938964844,424.14776611328125
train,5904,268.5,261.8862609863281
train,916,957.5,930.78662109375
train,553,411.3999938964844,408.5733947753906
train,6849,424.8999938964844,459.613525390625
train,3413,296.6000061035156,284.93402099609375
train,3267,543.7000122070312,535.4042358398438
train,7038,558.4000244140625,566.7302856445312
train,6791,292.1000061035156,284.23681640625
train,5392,304.8999938964844,295.24407958984375
train,3241,514.5,520.141845703125
train,2962,278.10003662109375,259.7838439941406
train,5828,532.5999755859375,527.9078979492188
train,8710,333.29998779296875,334.3042907714844
train,569,274.20001220703125,266.3929443359375
train,1471,667.0999755859375,651.9107666015625
train,4158,391.6000061035156,389.2546691894531
train,1254,407.20001220703125,382.0712585449219
train,4265,797.9000244140625,784.034912109375
train,4376,424.0,445.0928039550781
train,2784,658.4000244140625,639.0178833007812
train,4395,633.0999755859375,626.307861328125
train,2150,487.20001220703125,490.310791015625
train,7517,466.6000061035156,497.94122314453125
train,4855,475.6000061035156,460.1488342285156
train,1408,488.79998779296875,500.91510009765625
train,914,533.9000244140625,519.9916381835938
train,6659,304.0,300.5606994628906
train,3277,272.79998779296875,295.02740478515625
train,7306,264.20001220703125,260.23748779296875
train,3880,529.7999877929688,512.1386108398438
train,7028,535.4000244140625,528.918701171875
train,1872,307.3999938964844,308.84234619140625
train,4825,403.0,391.9559326171875
train,3546,283.79998779296875,291.0263366699219
train,260,606.5999755859375,590.8651123046875
train,4787,388.8999938964844,394.4494323730469
train,666,453.79998779296875,438.28021240234375
train,211,408.20001220703125,426.1654968261719
train,3541,485.79998779296875,464.6109313964844
train,1450,780.7000122070312,754.9217529296875
train,7158,614.4000244140625,614.7266845703125
train,8675,368.70001220703125,349.258056640625
train,1275,365.20001220703125,343.75714111328125
train,3554,283.3999938964844,269.0564270019531
train,7209,303.3999938964844,310.7271728515625
train,921,389.5,384.6141662597656
train,8528,823.5,817.140380859375
train,2646,770.9000244140625,762.8763427734375
train,2209,302.5,306.312744140625
train,5191,377.1000061035156,393.883056640625
train,4902,418.29998779296875,415.0928039550781
train,1780,330.29998779296875,307.99151611328125
train,4923,310.6000061035156,290.88055419921875
train,7091,360.1000061035156,359.2602233886719
train,2794,434.0,394.138916015625
train,8243,249.60000610351562,248.6590118408203
train,939,477.3999938964844,454.1826477050781
train,1752,738.2000122070312,745.4385986328125
train,318,371.8999938964844,362.4862060546875
train,4849,293.3999938964844,296.9930114746094
train,3312,420.1000061035156,389.57135009765625
train,7912,355.3999938964844,351.07623291015625
train,8410,334.1000061035156,322.42706298828125
train,1278,465.8999938964844,423.7782287597656
train,3971,354.0,349.5744934082031
train,2316,565.7999877929688,558.6678466796875
train,7527,746.4000244140625,718.8084106445312
train,4134,260.70001220703125,260.9269714355469
train,5932,260.70001220703125,252.298095703125
train,1299,355.29998779296875,323.3403625488281
train,134,339.0,331.28594970703125
train,5912,279.8999938964844,260.9302673339844
train,657,295.8999938964844,299.61016845703125
train,1952,471.8999938964844,448.79180908203125
train,6020,383.0,371.70745849609375
train,2751,249.19998168945312,263.7452087402344
train,6915,376.29998779296875,363.17364501953125
train,3064,451.3999938964844,461.1108093261719
train,6702,284.29998779296875,268.4207763671875
train,6037,581.4000244140625,562.8065185546875
train,6000,367.6000061035156,351.8582763671875
train,6286,453.1000061035156,446.0564270019531
train,2718,702.9000244140625,712.8500366210938
train,6618,379.3999938964844,380.1805419921875
train,3091,672.2000122070312,666.1912841796875
train,5381,556.2999877929688,548.0255126953125
train,6992,219.1999969482422,233.21786499023438
train,7275,434.1000061035156,473.79791259765625
train,4182,762.5999755859375,753.239501953125
train,7228,368.70001220703125,341.1214904785156
train,4297,705.9000244140625,686.9716796875
train,3661,313.0,298.91387939453125
train,5076,564.4000244140625,558.7368774414062
train,4733,445.6000061035156,432.8418273925781
train,5886,460.6000061035156,463.8362121582031
train,4784,577.7999877929688,565.6068115234375
train,2357,510.1000061035156,513.1984252929688
train,4846,454.79998779296875,441.1837463378906
train,4523,446.3999938964844,433.80029296875
train,5565,382.29998779296875,375.1098327636719
train,894,463.0,424.1849670410156
train,6605,268.29998779296875,278.4488525390625
train,504,601.7999877929688,632.27197265625
train,546,518.5,533.0755615234375
train,8223,354.79998779296875,351.9994201660156
train,66,632.7999877929688,624.816650390625
train,2606,416.8999938964844,392.707763671875
train,8116,669.9000244140625,664.8386840820312
train,1566,769.2000122070312,777.096923828125
train,407,482.70001220703125,485.72296142578125
train,5861,326.79998779296875,331.53680419921875
train,3642,350.79998779296875,362.9334716796875
train,3618,294.8999938964844,284.67181396484375
train,3637,504.0,516.497802734375
train,8700,325.3999938964844,330.68707275390625
train,6650,364.6000061035156,375.81268310546875
train,6797,308.1000061035156,294.191162109375
train,2458,325.29998779296875,306.0843505859375
train,6298,394.5,404.57879638671875
train,645,291.70001220703125,286.47235107421875
train,5307,440.8999938964844,446.37109375
train,754,401.70001220703125,406.12017822265625
train,4206,406.5,391.46026611328125
train,5963,327.20001220703125,282.9399719238281
train,1654,604.9000244140625,608.4188232421875
train,449,286.6000061035156,286.02423095703125
train,4299,302.29998779296875,274.3202819824219
train,4668,324.5,294.78424072265625
train,6554,290.70001220703125,283.83917236328125
train,6951,409.1000061035156,407.47760009765625
train,734,483.8999938964844,492.5254821777344
train,3156,609.9000244140625,599.0792846679688
train,7519,444.3999938964844,494.7261962890625
train,4731,343.1000061035156,327.1593017578125
train,834,491.29998779296875,479.73089599609375
train,3392,276.29998779296875,270.96331787109375
train,6352,652.2000122070312,626.8313598632812
train,547,456.70001220703125,455.80712890625
train,2282,464.0,454.6353454589844
train,600,327.1000061035156,327.42840576171875
train,2442,555.4000244140625,547.4031372070312
train,7577,430.79998779296875,419.5294494628906
train,7602,305.5,302.3023681640625
train,5936,370.1000061035156,352.2203369140625
train,6587,851.2999877929688,838.6121826171875
train,2343,356.8999938964844,352.87579345703125
train,6481,342.5,329.318115234375
train,6432,345.6000061035156,334.8075866699219
train,3456,370.29998779296875,396.3794860839844
train,7427,526.0999755859375,507.22711181640625
train,2712,560.2000122070312,515.2614135742188
train,4194,634.0,636.9974975585938
train,371,345.8999938964844,332.600830078125
train,10,253.6999969482422,233.47288513183594
train,5642,346.20001220703125,369.4787292480469
train,3802,743.0999755859375,745.6680908203125
train,7020,254.10000610351562,279.05853271484375
train,674,392.6000061035156,365.92193603515625
train,2829,395.79998779296875,386.34222412109375
train,6896,353.29998779296875,362.703857421875
train,1049,664.7999877929688,667.38525390625
train,5809,487.1000061035156,455.4955139160156
train,5446,379.8999938964844,364.2296142578125
train,8548,287.5,258.67498779296875
train,1133,283.8999938964844,294.37457275390625
train,4458,305.1000061035156,314.4717102050781
train,2777,631.9000244140625,640.8915405273438
train,5654,624.4000244140625,622.1571655273438
train,8172,487.8999938964844,483.9656066894531
train,7627,558.7000122070312,563.7935180664062
train,7116,316.8999938964844,308.31640625
train,1959,649.7999877929688,652.037109375
train,539,317.0,315.99383544921875
train,6572,469.6000061035156,477.98260498046875
train,8052,477.5,473.3277893066406
train,4276,508.8999938964844,501.40960693359375
train,659,299.0,286.0452575683594
train,690,277.6000061035156,282.7171630859375
train,6515,431.5,419.25469970703125
train,1150,453.3999938964844,421.99725341796875
train,6725,415.20001220703125,412.10699462890625
train,2569,268.0,262.5677490234375
train,1788,464.79998779296875,433.9991760253906
train,3237,464.29998779296875,475.2855224609375
train,1587,378.5,385.0223388671875
train,5176,406.29998779296875,377.4270935058594
train,3973,249.39999389648438,244.1060791015625
train,378,536.5,537.5364379882812
train,3575,851.0,861.9151000976562
train,4751,298.29998779296875,281.65679931640625
train,2571,486.0,449.48883056640625
train,7852,319.8999938964844,319.4517822265625
train,7124,714.0999755859375,748.4237060546875
train,8473,253.29998779296875,231.90560913085938
train,1502,387.79998779296875,350.25750732421875
train,6954,312.0,311.8192443847656
train,4211,481.8999938964844,474.4627685546875
train,7589,347.8999938964844,332.50225830078125
train,7744,539.9000244140625,541.3881225585938
train,7284,311.29998779296875,291.2159423828125
train,5280,363.20001220703125,355.8832092285156
train,2405,313.3999938964844,310.13592529296875
train,4486,255.6999969482422,279.07684326171875
train,1374,252.0,234.57864379882812
train,7347,487.29998779296875,491.6070251464844
train,51,467.70001220703125,467.8445739746094
train,2328,259.79998779296875,269.6068420410156
train,2141,265.29998779296875,257.29583740234375
train,6306,530.0,540.3495483398438
train,1778,335.5,321.504150390625
train,4711,262.20001220703125,284.57135009765625
train,4729,548.4000244140625,539.08056640625
train,5350,470.0,480.6049499511719
train,3440,457.5,460.8160400390625
train,8068,333.5,323.095703125
train,7975,317.79998779296875,319.79705810546875
train,7149,468.8999938964844,483.3135986328125
train,7620,270.70001220703125,268.72418212890625
train,4452,382.5,389.60894775390625
train,1201,334.29998779296875,337.02056884765625
train,1736,801.7000122070312,828.1337890625
train,1492,480.6000061035156,480.990478515625
train,1126,408.5,388.09619140625
train,7117,241.89999389648438,261.348876953125
train,7324,384.8999938964844,372.5640869140625
train,6059,656.0999755859375,653.5269775390625
train,4597,440.29998779296875,448.453857421875
train,1608,386.1000061035156,365.6182861328125
train,981,305.6000061035156,278.37481689453125
train,7669,426.3999938964844,421.8590393066406
train,5896,612.4000244140625,601.0961303710938
train,8644,391.29998779296875,390.24395751953125
train,4818,244.10000610351562,238.34689331054688
train,2814,846.4000244140625,805.197509765625
train,8556,673.2000122070312,660.3921508789062
train,831,341.0,341.801513671875
train,6215,363.8999938964844,351.392578125
train,2909,351.5,332.1986999511719
train,6271,599.0999755859375,620.38232421875
train,1322,569.5,556.4774780273438
train,2024,287.70001220703125,284.91943359375
train,7658,341.29998779296875,345.0887145996094
train,4119,429.8999938964844,436.2436828613281
train,8055,361.70001220703125,372.6381530761719
train,2680,309.0,312.7143249511719
train,6387,562.5,551.527099609375
train,8559,390.6000061035156,378.32318115234375
train,6732,725.5,738.0379638671875
train,4411,472.70001220703125,444.1727294921875
train,7016,245.39999389648438,238.83343505859375
train,1676,248.8000030517578,261.0294189453125
train,3292,413.1000061035156,439.80810546875
train,8658,280.29998779296875,277.21734619140625
train,4645,503.3999938964844,490.37322998046875
train,4313,343.20001220703125,344.7479248046875
train,2628,594.4000244140625,601.0943603515625
train,3285,580.2999877929688,587.0454711914062
train,5757,400.6000061035156,416.3009948730469
train,3273,484.79998779296875,467.8878173828125
train,307,363.79998779296875,326.642578125
train,5094,458.29998779296875,438.4543762207031
train,6679,740.7000122070312,731.4615478515625
train,3701,540.2999877929688,540.302734375
train,8519,304.5,295.36151123046875
train,7736,614.9000244140625,638.2910766601562
train,6234,340.8999938964844,347.4155578613281
train,8724,378.79998779296875,378.2129211425781
train,6288,471.29998779296875,442.6247863769531
train,235,416.79998779296875,430.9485168457031
train,107,382.6000061035156,383.8717956542969
train,2724,843.7999877929688,814.94677734375
train,534,559.4000244140625,560.42529296875
train,6009,872.4000244140625,830.05517578125
train,5008,817.9000244140625,811.5901489257812
train,979,363.20001220703125,372.3190612792969
train,8059,630.2999877929688,627.4575805664062
train,6450,289.8999938964844,283.79522705078125
train,908,491.70001220703125,451.6346130371094
train,2520,323.29998779296875,341.16253662109375
train,7216,574.5,575.6951293945312
train,1505,762.2999877929688,718.1000366210938
train,8169,351.0,375.1616516113281
train,8518,316.29998779296875,307.7357482910156
train,4851,544.4000244140625,544.5610961914062
train,6361,412.29998779296875,400.96331787109375
train,3029,317.79998779296875,310.3908386230469
train,2875,521.4000244140625,496.95074462890625
train,2219,323.6000061035156,297.5387268066406
train,5727,270.20001220703125,279.53369140625
train,40,374.1000061035156,379.9493408203125
train,7633,310.6000061035156,331.8912353515625
train,5423,374.1000061035156,343.5307312011719
train,1480,338.0,368.4496765136719
train,725,318.8999938964844,294.09442138671875
train,1790,380.3999938964844,393.59783935546875
train,5461,502.79998779296875,467.6023254394531
train,6420,321.3999938964844,333.1044921875
train,822,859.5,851.5125122070312
train,2983,267.1000061035156,285.39849853515625
train,4086,297.8999938964844,296.4526062011719
train,4850,296.70001220703125,271.59442138671875
train,7845,574.2999877929688,595.1428833007812
train,5459,330.0,328.13336181640625
train,4425,420.3999938964844,398.19439697265625
train,3840,207.89999389648438,212.54429626464844
train,8137,214.1000213623047,229.35000610351562
train,2536,404.5,378.6353759765625
train,1288,198.0,205.0329132080078
train,5670,649.2000122070312,632.798583984375
train,967,789.4000244140625,737.5577392578125
train,599,625.0,627.853271484375
train,8587,284.1000061035156,300.0173034667969
train,2043,291.70001220703125,283.64532470703125
train,5063,517.5999755859375,535.28125
train,1285,292.6000061035156,284.01470947265625
train,4298,544.2999877929688,556.4122314453125
train,346,447.0,437.19244384765625
train,1882,337.20001220703125,334.97064208984375
train,2464,457.6000061035156,460.6689758300781
train,4380,411.79998779296875,411.31878662109375
train,3154,286.8999938964844,288.80963134765625
train,8145,314.8999938964844,307.04888916015625
train,1098,223.89999389648438,206.47824096679688
train,7542,566.4000244140625,562.8553466796875
train,6694,470.0,516.42529296875
train,3514,322.79998779296875,303.4670104980469
train,976,291.5,281.70745849609375
train,6075,803.0,778.831298828125
train,4302,280.20001220703125,285.4452819824219
train,3969,345.3999938964844,329.6341552734375
train,5177,256.3999938964844,266.93963623046875
train,4649,315.29998779296875,317.4693603515625
train,1671,448.8999938964844,440.56201171875
train,1550,544.9000244140625,501.60748291015625
train,1729,361.5,369.17559814453125
train,1807,510.8999938964844,487.01611328125
train,6427,305.0,295.4874267578125
train,3810,416.8999938964844,405.8941650390625
train,8733,385.5,373.0324401855469
train,36,476.3999938964844,462.1710205078125
train,7955,284.79998779296875,258.53436279296875
train,3975,374.20001220703125,387.05865478515625
train,3689,478.1000061035156,477.20269775390625
train,302,434.3999938964844,429.20147705078125
train,7902,523.0999755859375,504.4800109863281
train,2501,306.79998779296875,319.7532958984375
train,4706,277.79998779296875,310.867919921875
train,3566,284.6000061035156,306.1527099609375
train,1115,366.0,337.8773193359375
train,1111,398.1000061035156,375.50140380859375
train,5230,339.3999938964844,340.9698486328125
train,717,563.5999755859375,557.3674926757812
train,5655,383.5,393.00628662109375
train,3397,800.9000244140625,788.0684204101562
train,2303,364.3999938964844,354.1669921875
train,882,846.7999877929688,830.1427001953125
train,8221,314.79998779296875,300.3472900390625
train,7794,401.8999938964844,366.8597412109375
train,8515,415.5,419.7406311035156
train,2866,513.9000244140625,479.91595458984375
train,7586,348.1000061035156,353.47271728515625
train,297,723.5999755859375,731.35009765625
train,5103,465.29998779296875,440.71142578125
train,6001,314.70001220703125,306.31463623046875
train,8045,580.2999877929688,573.5685424804688
train,7547,453.1000061035156,453.63818359375
train,1886,381.79998779296875,366.5428771972656
train,8161,355.3999938964844,370.7153625488281
train,7484,270.70001220703125,274.12835693359375
train,5470,615.2999877929688,631.0277099609375
train,111,491.70001220703125,514.6563110351562
train,358,349.70001220703125,371.8056335449219
train,3731,767.5,746.106201171875
train,2585,508.29998779296875,495.79986572265625
train,1347,443.20001220703125,406.8619079589844
train,3217,436.3999938964844,437.05194091796875
train,1831,383.79998779296875,369.49725341796875
train,1710,284.8999938964844,272.59112548828125
train,1090,584.5999755859375,592.854248046875
train,6034,318.1000061035156,299.81500244140625
train,4644,727.5,712.1655883789062
train,5287,271.5,267.09075927734375
train,5494,264.79998779296875,260.8221130371094
train,7818,285.29998779296875,270.819091796875
train,5849,585.7999877929688,563.3030395507812
train,5369,364.3999938964844,358.8722229003906
train,4199,322.5,314.0638732910156
train,8240,459.6000061035156,471.6833801269531
train,8123,741.7000122070312,738.196044921875
train,6186,509.6000061035156,520.821533203125
train,3987,300.0,319.457763671875
train,8687,329.1000061035156,347.51934814453125
train,7198,725.7999877929688,685.832763671875
train,4826,450.20001220703125,459.4513244628906
train,5447,366.79998779296875,367.5286865234375
train,833,350.1000061035156,323.6709289550781
train,2803,533.4000244140625,559.3230590820312
train,2191,280.29998779296875,273.48126220703125
train,5768,475.3999938964844,470.78704833984375
train,2919,273.79998779296875,281.2919921875
train,7718,305.70001220703125,283.5370788574219
train,4480,458.8999938964844,448.2999572753906
train,1320,407.20001220703125,371.8258972167969
train,579,523.2999877929688,487.72479248046875
train,6451,432.8999938964844,408.95208740234375
train,4246,392.20001220703125,366.7999267578125
train,1928,325.0,322.57489013671875
train,218,402.8999938964844,379.0375061035156
train,8099,413.5,371.42822265625
train,2490,405.5,402.429931640625
train,3254,268.6000061035156,258.2767639160156
train,2117,496.20001220703125,502.9552917480469
train,5484,291.1000061035156,286.87786865234375
train,1829,408.29998779296875,378.2300109863281
train,4200,365.1000061035156,349.3037109375
train,2364,295.3999938964844,281.78839111328125
train,5295,562.2000122070312,535.7925415039062
train,8676,535.5999755859375,520.1214599609375
train,3141,295.79998779296875,295.6775817871094
train,2792,259.5,245.1725311279297
train,1076,416.3999938964844,405.9045104980469
train,3662,650.7000122070312,671.9401245117188
train,2623,369.3999938964844,383.4847106933594
train,6758,424.29998779296875,422.4225769042969
train,5450,347.8999938964844,382.86968994140625
train,4915,479.5,478.2218322753906
train,7166,395.20001220703125,353.7022705078125
train,6320,381.3999938964844,383.1866455078125
train,1741,288.1000061035156,293.59619140625
train,1016,308.5,294.74749755859375
train,2830,425.0,414.3482971191406
train,6148,301.29998779296875,296.6582336425781
train,5986,344.3999938964844,341.17657470703125
train,334,333.0,327.45306396484375
train,1130,340.1000061035156,315.7290344238281
train,4965,463.5,418.09100341796875
train,6013,309.5,304.3503723144531
train,2038,319.20001220703125,351.50103759765625
train,4695,369.0,351.9508056640625
train,2279,463.3999938964844,467.13177490234375
train,3113,254.0,256.55218505859375
train,3696,390.1000061035156,388.07562255859375
train,7328,550.4000244140625,519.6764526367188
train,887,564.2999877929688,550.1428833007812
train,1619,327.20001220703125,324.4445495605469
train,3322,394.79998779296875,361.374267578125
train,7646,469.3999938964844,467.40411376953125
train,2025,294.8999938964844,290.3505554199219
train,2078,298.0,272.73114013671875
train,1814,284.79998779296875,280.072021484375
train,3770,681.5999755859375,654.9686279296875
train,5338,520.2000122070312,509.52972412109375
train,4128,407.79998779296875,429.0571594238281
train,861,370.5,351.9288024902344
train,6723,504.0,462.9993896484375
train,5260,410.1000061035156,372.2389221191406
train,4434,338.1000061035156,324.34954833984375
train,5949,256.5,242.15489196777344
train,3549,425.70001220703125,420.4393615722656
train,2192,417.29998779296875,425.4458923339844
train,7407,296.79998779296875,266.3348693847656
train,664,471.3999938964844,463.9290771484375
train,394,278.0,266.50994873046875
train,1845,406.3999938964844,400.54522705078125
train,4605,337.3999938964844,371.8063659667969
train,8754,339.6000061035156,330.32879638671875
train,2958,708.5999755859375,680.1240844726562
train,2839,643.2000122070312,651.2009887695312
train,3997,272.20001220703125,284.37188720703125
train,5475,319.70001220703125,288.1536560058594
train,794,851.699951171875,846.01416015625
train,7966,418.29998779296875,405.29522705078125
train,1846,417.20001220703125,419.8358459472656
train,5351,322.29998779296875,323.65045166015625
train,4957,547.0999755859375,500.8942565917969
train,6894,335.0,307.4364318847656
train,5017,298.0,282.36273193359375
train,6588,299.20001220703125,289.02764892578125
train,3688,537.7999877929688,540.4761962890625
train,2846,364.1000061035156,344.71905517578125
train,3351,400.1000061035156,422.8916320800781
train,3918,595.9000244140625,629.8455810546875
train,3846,375.6000061035156,359.1771240234375
train,3378,394.1000061035156,353.13360595703125
train,3936,277.79998779296875,268.3970642089844
train,1610,551.9000244140625,541.328857421875
train,6711,382.20001220703125,376.00653076171875
train,7615,347.79998779296875,344.65679931640625
train,1369,303.3999938964844,280.918701171875
train,7279,333.6000061035156,334.90374755859375
train,2495,720.7999877929688,722.41162109375
train,6633,603.2000122070312,592.5238037109375
train,8590,276.3999938964844,266.6414794921875
train,1482,367.0,351.4480895996094
train,1893,420.29998779296875,429.28472900390625
train,8043,306.1000061035156,281.56842041015625
train,6901,465.6000061035156,483.49169921875
train,3172,246.1999969482422,241.54127502441406
train,4335,254.8000030517578,231.01210021972656
train,1301,258.70001220703125,234.17823791503906
train,7042,728.0,748.0050048828125
train,3396,546.7000122070312,536.46728515625
train,7843,377.6000061035156,370.5884704589844
train,8261,410.6000061035156,376.02252197265625
train,4693,398.6000061035156,407.87969970703125
train,2130,821.7000122070312,831.4229736328125
train,5832,474.8999938964844,463.7259521484375
train,4424,367.8999938964844,363.79681396484375
train,7070,401.0,387.9666442871094
train,4027,504.0,473.5636291503906
train,3276,726.5,701.047607421875
train,5276,299.0,296.9393310546875
train,2496,576.2999877929688,585.0357666015625
train,2921,286.8999938964844,295.228759765625
train,5562,287.8999938964844,276.1359558105469
train,5399,559.2000122070312,542.0426025390625
train,7451,344.70001220703125,383.3229675292969
train,4686,706.7999877929688,686.9990844726562
train,8234,396.6000061035156,405.1553039550781
train,8037,321.1000061035156,294.70025634765625
train,7649,498.6000061035156,490.70574951171875
train,1683,636.2999877929688,646.596435546875
train,3670,631.7999877929688,641.9176635742188
train,489,669.9000244140625,651.654296875
train,4843,335.5,362.2835998535156
train,5343,304.70001220703125,295.8009338378906
train,521,304.79998779296875,310.2040100097656
train,7806,363.0,363.3460693359375
train,4869,845.800048828125,842.0875854492188
train,3236,355.5,325.9830017089844
train,4258,322.1000061035156,318.7355041503906
train,7737,403.20001220703125,363.13623046875
train,8471,369.79998779296875,378.8099060058594
train,1516,710.5999755859375,686.021240234375
train,2336,674.2000122070312,688.8544921875
train,7734,349.70001220703125,352.15118408203125
train,2971,431.3999938964844,442.81256103515625
train,3573,312.0,327.6171875
train,5673,389.79998779296875,401.0833740234375
train,8070,348.5,357.3978271484375
train,7457,488.8999938964844,463.9132080078125
train,460,404.70001220703125,402.4681396484375
train,2414,324.3999938964844,325.92724609375
train,6816,624.2000122070312,638.6436157226562
train,3882,359.8999938964844,374.12274169921875
train,7567,395.6000061035156,393.0672912597656
train,6601,400.70001220703125,397.1643981933594
train,1721,439.20001220703125,424.1873474121094
train,0,509.5,489.2953186035156
train,4507,294.20001220703125,289.36322021484375
train,4664,515.4000244140625,525.0587158203125
train,3482,463.8999938964844,461.0321960449219
train,8655,213.60000610351562,216.8612823486328
train,3871,552.9000244140625,564.1728515625
train,5422,596.7999877929688,577.48779296875
train,6005,298.8999938964844,312.8688049316406
train,5738,355.6000061035156,328.5679016113281
train,6530,518.2000122070312,489.6957702636719
train,3053,481.3999938964844,471.82635498046875
train,3913,281.8999938964844,294.01910400390625
train,3046,502.1000061035156,500.6642150878906
train,7876,322.5,324.3312683105469
train,5801,355.0,359.83038330078125
train,1184,274.8999938964844,265.3800354003906
train,7994,401.3999938964844,352.85595703125
train,2334,437.79998779296875,430.823974609375
train,8532,400.5,427.1477355957031
train,7041,755.5,748.6105346679688
train,3660,391.20001220703125,392.409423828125
train,721,546.7999877929688,555.792236328125
train,4580,591.5,619.495361328125
train,1768,455.0,439.81268310546875
train,4339,688.0,703.044921875
train,6418,441.70001220703125,442.9397277832031
train,4665,389.5,372.7966613769531
train,7614,793.2999877929688,817.206298828125
train,8390,257.0,241.7121124267578
test,2208,357.0,374.66278076171875
test,588,820.7000732421875,780.8327026367188
test,5352,449.29998779296875,440.82489013671875
test,7065,320.6000061035156,347.13262939453125
test,6956,282.29998779296875,277.75726318359375
test,4213,610.9000244140625,576.0294189453125
test,20,460.0,456.7750549316406
test,7844,415.29998779296875,363.0453186035156
test,3095,308.70001220703125,332.2173156738281
test,5030,521.2000122070312,500.0636901855469
test,5201,382.0,405.7814025878906
test,6456,375.6000061035156,431.3427429199219
test,4895,428.5,440.7007141113281
test,8723,809.4000244140625,621.6633911132812
test,6638,232.39999389648438,228.53646850585938
test,6805,342.79998779296875,286.08868408203125
test,2020,320.79998779296875,330.847412109375
test,3808,364.1000061035156,348.0832214355469
test,7938,488.3999938964844,489.0133056640625
test,6489,287.0,284.11224365234375
test,1006,690.4000244140625,678.1780395507812
test,179,845.7000122070312,789.2080078125
test,189,816.2000122070312,826.7735595703125
test,3318,327.3999938964844,294.75439453125
test,1851,372.70001220703125,387.3733215332031
test,7696,414.6000061035156,391.1361083984375
test,5458,370.6000061035156,348.7484130859375
test,5460,398.0,346.42413330078125
test,7388,386.1000061035156,347.7287902832031
test,4898,410.20001220703125,440.93853759765625
test,2912,308.20001220703125,307.6984558105469
test,7039,304.70001220703125,301.6960754394531
test,8332,526.5999755859375,601.4976806640625
test,4062,436.3999938964844,454.00018310546875
test,6790,297.70001220703125,287.5521545410156
test,6914,306.29998779296875,303.98297119140625
test,6348,288.8999938964844,319.747802734375
test,6848,288.1000061035156,270.168212890625
test,852,531.2000122070312,526.1165161132812
test,2695,226.0,245.7559814453125
test,8634,739.9000244140625,732.810302734375
test,44,570.5,571.5026245117188
test,7058,373.79998779296875,339.5599060058594
test,4479,376.0,384.0835266113281
test,25,590.0,597.3836669921875
test,1061,421.1000061035156,464.31219482421875
test,4156,429.70001220703125,448.4520263671875
test,1056,445.79998779296875,441.9747009277344
test,3497,290.3999938964844,296.5366516113281
test,2653,241.3000030517578,272.53509521484375
test,4824,576.5999755859375,503.9355773925781
test,391,615.5999755859375,632.7725830078125
test,4730,517.5,490.9369201660156
test,6775,282.0,283.3116455078125
test,1739,520.7000122070312,479.7479248046875
test,7805,454.0,418.67864990234375
test,7357,445.5,404.1643371582031
test,3663,260.3999938964844,249.09878540039062
test,8671,588.5,586.6669921875
test,3146,431.0,387.0739440917969
test,340,650.4000244140625,698.6409912109375
test,7847,450.1000061035156,431.4233703613281
test,6135,263.1000061035156,271.98492431640625
test,3195,312.29998779296875,341.5003967285156
test,4445,353.70001220703125,349.44915771484375
test,5750,280.79998779296875,278.36700439453125
test,7855,409.6000061035156,409.583251953125
test,3658,291.8999938964844,272.8062744140625
test,875,522.0,461.89532470703125
test,7317,312.0,310.7781982421875
test,7044,357.1000061035156,418.1820068359375
test,2268,261.0,275.12506103515625
test,5844,249.5,239.57275390625
test,7009,387.20001220703125,334.1808776855469
test,1426,387.3999938964844,459.0252685546875
test,2152,304.1000061035156,337.03314208984375
test,3651,289.20001220703125,284.1251220703125
test,5748,278.20001220703125,284.0418701171875
test,3640,233.5,222.9766387939453
test,2689,319.5,278.7694091796875
test,7823,458.8999938964844,428.31732177734375
test,5263,333.1000061035156,332.28131103515625
test,5776,282.1000061035156,265.505859375
test,727,381.0,387.39617919921875
test,2099,395.1000061035156,413.5848388671875
test,590,738.4000244140625,688.347900390625
test,4157,418.8999938964844,433.0479431152344
test,2062,376.70001220703125,360.2021484375
test,6053,290.0,287.128662109375
test,7556,524.0,494.29254150390625
test,3828,390.5,365.943359375
test,595,602.2000122070312,597.3480834960938
test,7621,398.8999938964844,400.5386962890625
test,6740,411.20001220703125,365.53228759765625
test,6687,301.79998779296875,288.18939208984375
test,3213,407.70001220703125,384.9957275390625
test,7628,469.70001220703125,432.7116394042969
test,2416,326.8999938964844,360.81732177734375
test,4534,624.5,634.4782104492188
test,790,527.7000122070312,458.1725769042969
test,4372,407.29998779296875,395.856201171875
test,136,884.5999755859375,871.35107421875
test,931,477.3999938964844,490.04339599609375
test,1500,503.20001220703125,462.8609313964844
test,2948,507.3999938964844,515.328369140625
test,4762,447.1000061035156,434.93450927734375
test,4449,294.70001220703125,294.16778564453125
test,6092,325.1000061035156,293.172607421875
test,1555,451.79998779296875,463.53326416015625
test,3588,351.20001220703125,345.65411376953125
test,3529,315.5,314.3314208984375
test,5217,346.1000061035156,363.139892578125
test,3623,286.8999938964844,306.4481201171875
test,1908,384.6000061035156,424.1463623046875
test,6144,328.70001220703125,317.3602294921875
test,5126,313.5,282.0755310058594
test,7544,401.79998779296875,405.05755615234375
test,1687,358.1000061035156,342.7510986328125
test,5614,358.3999938964844,380.0802001953125
test,6488,288.6000061035156,280.6231994628906
test,6325,324.70001220703125,298.48095703125
test,2807,330.0,313.36468505859375
test,1153,518.5,550.6067504882812
test,4350,509.0,441.8128967285156
test,2119,316.5,301.93927001953125
test,5681,482.5,457.7101745605469
test,471,682.7000122070312,691.18017578125
test,3478,295.29998779296875,278.8863525390625
test,1931,440.0,401.1572265625
test,1108,571.2999877929688,544.2823486328125
test,7477,269.0,291.5897216796875
test,2510,259.5,257.5555419921875
test,1871,377.79998779296875,399.42041015625
test,171,802.2999877929688,782.3355102539062
test,2869,339.1000061035156,289.6325988769531
test,7796,432.1000061035156,443.78680419921875
test,3863,520.5999755859375,545.3012084960938
test,6455,395.3999938964844,421.3262939453125
test,1216,658.4000244140625,639.2811279296875
test,2957,368.1000061035156,348.2140808105469
test,1614,529.7999877929688,517.1519775390625
test,899,364.1000061035156,348.1654968261719
test,6940,294.79998779296875,317.6983642578125
test,6928,245.89999389648438,247.58726501464844
test,8413,703.2999877929688,754.0113525390625
test,6746,355.70001220703125,323.699462890625
test,8138,697.7999877929688,685.9251708984375
test,694,369.3999938964844,356.65496826171875
test,7913,423.0,433.3312683105469
test,2315,293.5,317.5142517089844
test,4234,441.6000061035156,462.11822509765625
test,1553,414.29998779296875,390.8294982910156
test,7008,390.5,357.0981140136719
test,618,548.2999877929688,541.4921875
test,8237,772.2000122070312,715.20947265625
test,1581,353.29998779296875,356.9613037109375
test,6175,300.20001220703125,297.7534484863281
test,7362,480.79998779296875,498.4412536621094
test,3343,332.5,302.73138427734375
test,5065,655.0,607.9155883789062
test,8133,704.4000244140625,751.7651977539062
test,2294,278.6000061035156,278.6188049316406
test,6833,384.1000061035156,408.4094543457031
test,4671,489.1000061035156,484.3758850097656
test,6978,258.6000061035156,250.83685302734375
test,8220,839.4000244140625,819.5625
test,8032,364.6000061035156,334.6692810058594
test,3420,286.20001220703125,279.7592468261719
test,8306,688.4000244140625,664.125244140625
test,7606,443.8999938964844,394.93939208984375
test,566,650.4000244140625,714.0863037109375
test,858,454.79998779296875,456.1737365722656
test,2568,265.5,295.89007568359375
test,2666,274.1000061035156,284.5882263183594
test,5539,345.1000061035156,349.6991882324219
test,6155,269.79998779296875,266.4292297363281
test,7688,378.0,367.7478942871094
test,4324,477.1000061035156,438.29229736328125
test,1861,352.70001220703125,359.7041015625
test,1510,390.8999938964844,395.34613037109375
test,673,611.0,602.4450073242188
test,6170,334.29998779296875,334.4400939941406
test,1577,337.1000061035156,332.12286376953125
test,753,335.1000061035156,350.40802001953125
test,6645,338.70001220703125,382.86358642578125
test,1425,388.0,401.9812316894531
test,6230,318.1000061035156,323.37811279296875
test,2591,282.79998779296875,293.20843505859375
test,7988,486.29998779296875,418.4433288574219
test,5777,289.6000061035156,275.6806335449219
test,1603,442.29998779296875,460.64129638671875
test,3443,258.3999938964844,266.09375
test,7812,367.79998779296875,381.1024475097656
test,493,764.0,773.939208984375
test,5868,281.3999938964844,270.5797119140625
test,4332,408.1000061035156,412.73809814453125
test,824,399.1000061035156,382.746337890625
test,8272,425.8999938964844,448.59539794921875
test,5687,441.29998779296875,455.48480224609375
test,3290,352.70001220703125,352.93896484375
test,4726,621.5999755859375,664.9105224609375
test,8290,599.9000244140625,588.2088623046875
test,5804,271.79998779296875,244.6386260986328
test,8758,821.2000122070312,762.5485229492188
test,1360,349.6000061035156,337.12213134765625
test,4117,365.1000061035156,356.6447448730469
test,2598,234.1999969482422,245.03408813476562
test,3198,283.79998779296875,288.87689208984375
test,5093,461.70001220703125,441.7719421386719
test,6677,305.20001220703125,304.66571044921875
test,4365,488.6000061035156,497.16741943359375
test,4366,445.29998779296875,474.39691162109375
test,4777,456.1000061035156,430.4698486328125
test,7920,446.70001220703125,428.28338623046875
test,3891,355.70001220703125,365.45111083984375
test,1091,524.2000122070312,557.905517578125
test,2252,286.6000061035156,299.24755859375
test,4643,408.3999938964844,431.9512634277344
test,4388,446.1000061035156,482.1600646972656
test,1754,532.2999877929688,483.9198913574219
test,1530,415.70001220703125,407.9037170410156
test,1370,494.20001220703125,442.4444580078125
test,5478,388.1000061035156,369.2752990722656
test,2994,345.6000061035156,369.8551025390625
test,6266,340.6000061035156,344.6080017089844
test,2455,279.3999938964844,279.54364013671875
test,2552,258.8999938964844,246.96121215820312
test,4600,422.6000061035156,419.46002197265625
test,2877,465.6000061035156,416.9305419921875
test,1571,441.0,473.1159362792969
test,1454,372.3999938964844,320.15325927734375
test,3711,312.1000061035156,297.8857421875
test,7123,336.5,314.5524597167969
test,7853,438.5,392.17987060546875
test,741,443.1000061035156,450.26666259765625
test,4841,456.6000061035156,466.8089599609375
test,959,465.79998779296875,493.7557678222656
test,2540,244.8000030517578,236.54074096679688
test,8507,522.7000122070312,495.2989196777344
test,5862,257.20001220703125,249.04495239257812
test,7741,411.29998779296875,455.7419128417969
test,2944,371.8999938964844,376.5860595703125
test,698,383.3999938964844,404.6502380371094
test,5113,371.6000061035156,354.97979736328125
test,6151,274.5,281.98175048828125
test,7618,473.1000061035156,466.1548156738281
test,4103,500.20001220703125,512.110595703125
test,4177,564.9000244140625,563.0431518554688
test,5269,335.6000061035156,328.3636474609375
test,6532,354.8999938964844,331.190185546875
test,4222,623.0999755859375,635.3652954101562
test,306,713.2999877929688,759.53125
test,259,688.5999755859375,685.8309326171875
test,3902,332.79998779296875,342.7728576660156
test,5851,292.3999938964844,276.11376953125
test,3900,319.0,350.3294982910156
test,3593,465.29998779296875,434.9754638671875
test,561,860.2999877929688,786.8489990234375
test,3735,346.8999938964844,359.7111511230469
test,2832,363.8999938964844,350.8253173828125
test,2101,344.6000061035156,365.68109130859375
test,8747,769.2000122070312,725.626953125
test,4680,440.70001220703125,438.647216796875
test,5384,377.0,350.0779724121094
test,2494,301.1000061035156,312.4356689453125
test,7677,441.0,409.0264892578125
test,2462,254.60000610351562,263.6078796386719
test,4460,400.0,395.7071533203125
test,2281,335.3999938964844,321.8265380859375
test,6403,454.70001220703125,452.04986572265625
test,197,785.4000244140625,763.58056640625
test,6843,340.6000061035156,358.6292724609375
test,7245,476.29998779296875,410.29766845703125
test,335,643.2000122070312,669.2051391601562
test,7335,311.20001220703125,307.1960754394531
test,8508,509.1000061035156,504.4248352050781
test,380,791.0999755859375,772.9178466796875
test,200,723.2999877929688,719.8036499023438
test,4799,429.1000061035156,433.37701416015625
test,187,808.7999877929688,799.8477783203125
test,3037,262.70001220703125,284.48138427734375
test,4528,644.7000122070312,626.8001098632812
test,5015,520.2999877929688,518.6471557617188
test,1544,381.70001220703125,376.1778869628906
test,4743,561.7999877929688,514.0203857421875
test,4252,450.1000061035156,421.1617126464844
test,3657,285.1000061035156,256.765625
test,5131,383.5,384.30242919921875
test,5327,465.1000061035156,478.16876220703125
test,3524,365.29998779296875,327.0968322753906
test,5170,348.6000061035156,358.1548156738281
test,3611,250.3000030517578,255.3285369873047
test,4108,410.5,393.8289794921875
test,648,662.5999755859375,656.0098266601562
test,5026,449.29998779296875,442.2335205078125
test,8579,489.0,533.1585693359375
test,375,860.2999877929688,872.0330810546875
test,1162,534.7999877929688,603.0322265625
test,4318,577.7999877929688,581.834228515625
test,1883,395.79998779296875,422.94744873046875
test,934,557.5,538.6200561523438
test,1453,403.1000061035156,370.66009521484375
test,3728,275.5,268.63720703125
test,7956,461.6000061035156,454.0520324707031
test,6787,320.29998779296875,298.22698974609375
test,2387,292.8999938964844,273.4482421875
test,6568,275.0,276.29595947265625
test,542,810.7999877929688,742.9747924804688
test,7004,359.0,331.4111022949219
test,4669,496.6000061035156,488.3055725097656
test,2369,252.10000610351562,267.24871826171875
test,4714,436.5,468.663330078125
test,2426,275.8999938964844,297.7461853027344
test,4951,437.0,396.7530822753906
test,1848,377.1000061035156,363.0101318359375
test,1501,439.3999938964844,468.195556640625
test,8000,565.5999755859375,599.306640625
test,3782,366.0,393.2061767578125
test,3509,275.1000061035156,275.0784912109375
test,1541,386.70001220703125,374.1972961425781
test,3377,392.70001220703125,358.0956726074219
test,5676,431.1000061035156,383.3450622558594
test,4155,433.1000061035156,450.2804260253906
test,7171,380.6000061035156,382.2266845703125
test,2122,347.0,317.2840576171875
test,1755,503.5,477.7789001464844
test,4162,460.1000061035156,474.2320556640625
test,7242,453.1000061035156,484.35601806640625
test,5406,386.20001220703125,364.7494201660156
test,2306,275.5,273.73455810546875
test,5918,293.8999938964844,302.78363037109375
test,7454,379.70001220703125,383.6665954589844
test,8752,696.7000122070312,754.4534912109375
test,4268,363.29998779296875,376.04095458984375
test,2753,236.39999389648438,259.3746337890625
test,1442,372.79998779296875,356.7685546875
test,1169,463.70001220703125,451.203369140625
test,8047,527.5999755859375,522.233642578125
test,7773,527.5999755859375,439.49005126953125
test,606,698.7000122070312,658.528076171875
test,5247,348.8999938964844,324.9318542480469
test,3776,310.1000061035156,291.63067626953125
test,7162,326.6000061035156,324.4012451171875
test,1497,507.3999938964844,464.7919616699219
test,5345,421.1000061035156,461.5707092285156
test,533,859.5,769.8052978515625
test,1316,395.29998779296875,449.54974365234375
test,4092,325.5,325.49847412109375
test,7666,348.20001220703125,374.9230041503906
test,4115,309.8999938964844,311.15765380859375
test,4055,510.0,496.52880859375
test,363,883.9000244140625,887.9388427734375
test,8427,693.7000122070312,618.251220703125
test,8280,563.5999755859375,531.8915405273438
test,7673,327.20001220703125,347.1393127441406
test,7889,397.0,421.8648376464844
test,6948,361.5,337.2734375
test,524,760.0999755859375,714.052001953125
test,7283,365.6000061035156,452.1337890625
test,1154,549.7999877929688,569.3887939453125
test,5062,755.2999877929688,756.7607421875
test,3600,407.79998779296875,373.1474609375
test,6499,468.79998779296875,471.4581298828125
test,3625,285.70001220703125,283.1842041015625
test,2088,421.8999938964844,427.8781433105469
test,1536,359.5,396.5866394042969
test,5331,341.0,353.357177734375
test,3070,539.9000244140625,518.0140380859375
test,5433,402.70001220703125,379.5453796386719
test,5021,441.6000061035156,442.67401123046875
test,613,616.9000244140625,670.7920532226562
test,3228,445.1000061035156,375.1635437011719
test,2612,257.5,260.4469909667969
test,1787,365.8999938964844,349.44537353515625
test,5357,374.79998779296875,392.303955078125
test,811,456.20001220703125,454.3893737792969
test,23,562.0,591.0589599609375
test,410,839.7999877929688,840.3916625976562
test,6213,311.20001220703125,290.70745849609375
test,3914,410.5,448.8472900390625
test,5740,296.3999938964844,288.31256103515625
test,1724,398.79998779296875,402.40216064453125
test,1398,357.8999938964844,357.7166442871094
test,3694,382.3999938964844,375.9431457519531
test,7772,473.6000061035156,389.79119873046875
test,4374,381.3999938964844,350.7103271484375
test,6904,245.3000030517578,249.4321746826172
test,193,877.0,858.9144287109375
test,8327,553.4000244140625,593.7173461914062
test,2891,312.1000061035156,297.2126159667969
test,6923,312.29998779296875,318.084716796875
test,5612,357.20001220703125,397.57830810546875
test,7266,388.20001220703125,382.9158935546875
test,5703,300.3999938964844,291.46722412109375
test,5629,300.8999938964844,301.9876708984375
test,7059,332.29998779296875,338.83587646484375
test,4670,480.3999938964844,461.232177734375
test,1344,406.6000061035156,406.2730407714844
test,7112,301.29998779296875,287.95269775390625
test,1977,335.20001220703125,395.2908935546875
test,4068,436.0,441.8766174316406
test,8011,591.5999755859375,605.4468994140625
test,8584,416.70001220703125,420.7732849121094
test,716,345.5,338.1298522949219
test,4334,457.6000061035156,459.0098876953125
test,5476,475.3999938964844,449.53802490234375
test,2055,303.5,322.61663818359375
test,3698,331.3999938964844,358.4222717285156
test,4429,317.8999938964844,326.8824157714844
test,4208,537.7000122070312,540.7679443359375
test,295,729.2000122070312,738.263427734375
test,8078,518.9000244140625,465.1629638671875
test,2756,303.20001220703125,324.21221923828125
test,6929,248.89999389648438,252.93994140625
test,6821,356.3999938964844,357.57568359375
test,4139,320.79998779296875,369.5340576171875
test,5763,278.8999938964844,271.64349365234375
test,5211,354.3999938964844,391.7158508300781
test,4420,399.5,363.6759338378906
test,6555,359.0,334.3460998535156
test,4413,503.70001220703125,501.5502624511719
test,1387,566.4000244140625,531.0576171875
test,397,761.2000122070312,667.44677734375
test,14,382.8999938964844,398.69598388671875
test,8021,417.6000061035156,403.3299560546875
test,7048,305.3999938964844,297.7584533691406
test,445,563.5999755859375,533.5858154296875
test,3426,294.79998779296875,285.78533935546875
test,1192,657.2999877929688,688.600341796875
test,4293,540.9000244140625,531.2360229492188
test,6986,319.6000061035156,331.84405517578125
test,6969,358.1000061035156,326.14373779296875
test,5346,441.1000061035156,405.6239318847656
test,3303,278.79998779296875,270.6294860839844
test,8287,538.4000244140625,538.0404663085938
test,5976,362.0,314.9033203125
test,7258,349.79998779296875,355.84918212890625
test,4911,400.1000061035156,424.6789245605469
test,5262,338.20001220703125,326.1788330078125
test,2478,280.5,282.1612548828125
test,5511,369.29998779296875,374.9114685058594
test,3912,459.6000061035156,467.12701416015625
test,5213,372.70001220703125,350.5457763671875
test,4401,379.79998779296875,382.4665832519531
test,7557,532.7000122070312,514.9981079101562
test,5376,495.3999938964844,482.1806335449219
test,2356,276.0,250.2340545654297
test,8647,542.0,478.89837646484375
test,4187,579.7000122070312,550.9554443359375
test,5496,515.5,474.3039245605469
test,7694,388.1000061035156,337.2212219238281
test,6604,295.8999938964844,298.92205810546875
test,5752,285.8999938964844,288.35076904296875
test,6087,326.3999938964844,300.58306884765625
test,1368,474.70001220703125,427.6445007324219
test,1210,701.7999877929688,700.9727783203125
test,1424,402.3999938964844,423.5536193847656
test,7074,325.20001220703125,354.57501220703125
test,1319,511.70001220703125,527.1307983398438
test,1600,368.1000061035156,400.9972839355469
test,467,739.0,730.7666625976562
test,2812,290.79998779296875,299.43804931640625
test,508,738.5,725.8665771484375
test,2358,301.8999938964844,279.81878662109375
test,1197,793.5999755859375,794.42822265625
test,5365,404.6000061035156,389.86669921875
test,4074,589.2999877929688,609.8109130859375
test,2804,252.5,265.8201904296875
test,3984,298.8999938964844,316.85833740234375
test,7090,307.79998779296875,337.04803466796875
test,76,726.5,760.5355224609375
test,4527,610.0,622.7445068359375
test,520,770.0999755859375,789.798095703125
test,2908,351.8999938964844,343.2442932128906
test,4149,519.5,538.5340576171875
test,62,726.5999755859375,735.173583984375
test,33,485.3999938964844,456.9685363769531
test,6203,322.70001220703125,327.15240478515625
test,1474,633.0999755859375,629.9404907226562
test,2662,355.20001220703125,358.9297180175781
test,1317,434.20001220703125,434.902099609375
test,3641,227.39999389648438,220.199951171875
test,1295,469.1000061035156,469.198974609375
test,2604,204.5,225.39297485351562
test,4309,420.3999938964844,372.0419006347656
test,4050,416.6000061035156,425.3201599121094
test,1159,549.7000122070312,556.292724609375
test,6585,291.3999938964844,268.0650634765625
test,2,425.79998779296875,484.89385986328125
test,3587,333.6000061035156,321.449951171875
test,5181,506.79998779296875,464.5362854003906
test,1080,555.5,642.40234375
test,2380,275.60003662109375,262.22113037109375
test,5924,411.3999938964844,401.05865478515625
test,2075,450.70001220703125,435.7365417480469
test,8269,457.70001220703125,444.5566101074219
test,8057,580.2999877929688,498.708740234375
test,5916,278.10003662109375,296.79254150390625
test,6434,394.70001220703125,369.7690124511719
test,474,764.9000244140625,772.9107666015625
test,7154,351.8999938964844,325.9170837402344
test,8509,483.3999938964844,517.1412963867188
test,6244,316.20001220703125,317.4976501464844
test,4060,484.8999938964844,501.9764099121094
test,4090,347.0,353.57958984375
test,5157,420.6000061035156,410.4654541015625
test,3229,438.70001220703125,372.293212890625
test,3279,435.79998779296875,441.9365234375
test,1990,437.3999938964844,411.2335205078125
test,8600,417.70001220703125,412.191650390625
test,6966,360.5,324.015869140625
test,1336,417.70001220703125,395.2156066894531
test,6292,353.3999938964844,336.162353515625
test,4153,465.8999938964844,468.9508361816406
test,924,546.7000122070312,525.2415161132812
test,5616,351.5,356.29937744140625
test,5573,336.6000061035156,356.40557861328125
test,4135,367.20001220703125,347.70843505859375
test,4696,448.3999938964844,475.0498046875
test,5698,293.1000061035156,281.0682373046875
test,5852,299.70001220703125,286.62823486328125
test,7702,503.1000061035156,472.10296630859375
test,4601,450.1000061035156,452.83526611328125
test,6824,316.0,302.76837158203125
test,7758,419.70001220703125,404.2173156738281
test,160,789.0999755859375,802.9833984375
test,4624,467.8999938964844,487.452880859375
test,647,631.2999877929688,741.1593017578125
test,1432,294.8999938964844,281.32818603515625
test,5906,309.6000061035156,353.9532165527344
test,8064,557.4000244140625,555.3626708984375
test,1817,357.5,355.3919982910156
test,2320,362.20001220703125,341.5008239746094
test,4685,394.3999938964844,377.9745178222656
test,1479,383.20001220703125,360.6922607421875
test,7147,283.20001220703125,303.7681884765625
test,6199,278.10003662109375,281.201416015625
test,4191,596.7000122070312,739.7979736328125
test,5480,346.79998779296875,342.9283752441406
test,5887,252.89999389648438,262.67559814453125
test,2737,269.79998779296875,271.89501953125
test,5650,309.8999938964844,328.5301513671875
test,5855,290.70001220703125,274.50909423828125
test,5665,425.0,506.6549987792969
test,7133,299.6000061035156,330.5208740234375
test,8147,618.0999755859375,618.2905883789062
test,2267,248.39999389648438,267.61981201171875
test,3523,357.79998779296875,337.2353515625
test,2245,280.8999938964844,277.8623046875
test,5937,319.0,298.13922119140625
test,5336,319.29998779296875,321.9857177734375
test,605,726.0999755859375,702.746337890625
test,8165,555.5999755859375,526.0872192382812
test,6129,287.79998779296875,297.7853698730469
test,182,685.0999755859375,702.8602294921875
test,711,416.0,373.61236572265625
test,5845,251.0,234.60940551757812
test,5721,299.0,277.6916198730469
test,1797,429.3999938964844,381.2602233886719
test,7441,470.29998779296875,423.5409240722656
test,4571,455.29998779296875,450.79339599609375
test,8709,508.5,652.5733032226562
test,2335,253.1999969482422,260.0678405761719
test,2856,427.6000061035156,382.3267822265625
test,1423,418.5,413.0756530761719
test,3603,336.29998779296875,318.1953430175781
test,868,394.1000061035156,375.5623779296875
test,3783,363.0,383.1698303222656
test,243,750.7999877929688,708.887939453125
test,4920,452.6000061035156,469.97845458984375
test,5243,362.5,350.5203857421875
test,6708,326.20001220703125,345.8265380859375
test,4603,513.2000122070312,488.80450439453125
test,110,643.5999755859375,589.5115966796875
test,1629,539.2000122070312,458.5175476074219
test,923,559.2000122070312,556.0634155273438
test,3364,298.70001220703125,302.18975830078125
test,6384,469.20001220703125,445.9001159667969
test,46,690.0,681.068603515625
test,5028,477.6000061035156,453.4593200683594
test,8274,439.29998779296875,496.48907470703125
test,4722,575.0,571.9127197265625
test,8258,570.7000122070312,503.8902893066406
test,6131,286.20001220703125,288.9119873046875
test,2785,326.70001220703125,340.2842712402344
test,8745,790.199951171875,766.1705322265625
test,1488,625.0999755859375,604.3619995117188
test,571,763.2999877929688,734.4793701171875
test,3325,303.70001220703125,315.45684814453125
test,2050,520.2999877929688,504.1676330566406
test,8547,690.2999877929688,619.15478515625
test,4321,500.1000061035156,450.38232421875
test,7163,336.20001220703125,340.7618408203125
test,3908,493.79998779296875,440.48919677734375
test,2960,311.20001220703125,286.2099914550781
test,636,677.5999755859375,668.3232421875
test,8323,469.8999938964844,527.3270263671875
test,2793,251.5,278.35650634765625
test,2570,287.5,292.13922119140625
test,4553,530.2999877929688,536.4205932617188
test,999,574.0999755859375,571.9736938476562
test,1523,443.29998779296875,472.7801208496094
test,750,366.1000061035156,366.8240966796875
test,6564,346.3999938964844,360.5185241699219
test,8281,560.2000122070312,522.5631713867188
test,2313,290.6000061035156,269.82244873046875
test,1971,450.70001220703125,437.56024169921875
test,8659,523.5999755859375,487.0665283203125
test,1156,504.3999938964844,543.2750244140625
test,1800,362.6000061035156,336.75054931640625
test,8324,493.29998779296875,544.219482421875
test,6613,259.5,235.5948486328125
test,8488,593.0,535.06494140625
test,5890,261.0,261.4573059082031
test,3946,332.6000061035156,332.2780456542969
test,1832,411.70001220703125,408.0466003417969
test,6323,309.29998779296875,281.72003173828125
test,2929,451.0,458.55999755859375
test,5553,314.0,337.926025390625
test,3001,319.5,295.22906494140625
test,5593,317.8999938964844,326.5606689453125
test,5315,288.1000061035156,290.406982421875
test,2541,246.10000610351562,249.05149841308594
test,8377,709.5,696.1469116210938
test,3562,309.20001220703125,304.71337890625
test,8292,615.7000122070312,622.8148803710938
test,2801,223.89999389648438,215.458984375
test,5825,257.1000061035156,236.84857177734375
test,6717,505.20001220703125,475.5747375488281
test,3699,305.29998779296875,319.05426025390625
test,1838,354.8999938964844,335.5133361816406
test,2103,278.70001220703125,291.5099792480469
test,6241,297.70001220703125,310.6108093261719
test,7953,458.8999938964844,450.49847412109375
test,7682,459.8999938964844,500.4063720703125
test,8118,527.0,526.4024047851562
test,4181,536.9000244140625,520.7757568359375
test,4780,410.20001220703125,403.045166015625
test,7261,380.29998779296875,352.3914794921875
test,2910,326.3999938964844,294.659912109375
test,7458,397.0,454.89691162109375
test,2549,256.3999938964844,237.6588134765625
test,6635,310.5,289.0774230957031
test,4516,615.0999755859375,563.4397583007812
test,6232,289.5,289.2005615234375
test,5003,413.79998779296875,416.46966552734375
test,7707,492.6000061035156,510.0518493652344
test,5427,453.5,414.4424133300781
test,7569,483.70001220703125,418.9319152832031
test,7131,339.1000061035156,323.848388671875
test,5035,573.7000122070312,555.7114868164062
test,6277,315.8999938964844,309.3348388671875
test,4383,368.29998779296875,354.1637878417969
test,817,586.7999877929688,498.9437255859375
test,6466,339.70001220703125,347.16668701171875
test,3622,287.70001220703125,282.36273193359375
test,7445,465.29998779296875,456.75628662109375
test,6773,290.1000061035156,282.5282897949219
test,1079,529.4000244140625,604.433837890625
test,8504,509.5,538.3699340820312
test,3691,352.5,390.50555419921875
test,3090,384.79998779296875,387.974609375
test,3609,243.60000610351562,256.26922607421875
test,1024,651.2999877929688,602.461669921875
test,4192,568.9000244140625,689.1091918945312
test,2697,234.10000610351562,233.2696533203125
test,7947,500.8999938964844,486.55096435546875
test,8460,407.20001220703125,456.6214294433594
test,1294,417.8999938964844,426.89410400390625
test,1139,518.4000244140625,494.2948303222656
test,905,319.70001220703125,344.1094665527344
test,3739,449.79998779296875,440.32611083984375
test,7748,390.70001220703125,355.7669677734375
test,3898,315.3999938964844,324.60565185546875
test,2104,282.1000061035156,302.79888916015625
test,7977,539.0999755859375,494.12744140625
test,6712,373.1000061035156,431.44366455078125
test,5039,565.0,575.9735717773438
test,3006,276.20001220703125,272.71697998046875
test,1125,472.8999938964844,575.200927734375
test,808,526.2999877929688,481.7926940917969
test,118,803.9000244140625,820.49267578125
test,1887,294.79998779296875,321.0116882324219
test,1189,579.5999755859375,603.3348999023438
test,4269,371.70001220703125,422.3658142089844
test,3786,412.70001220703125,410.35565185546875
test,4929,358.5,367.5295104980469
test,6888,354.29998779296875,391.1097412109375
test,6829,396.20001220703125,373.57415771484375
test,6043,277.89996337890625,293.1231689453125
test,3816,403.3999938964844,439.9792175292969
test,7972,472.70001220703125,486.7764892578125
test,2010,290.29998779296875,287.1319885253906
test,5018,467.8999938964844,463.4156494140625
test,3074,408.29998779296875,364.94134521484375
test,6667,341.3999938964844,286.33642578125
test,4925,394.0,423.74407958984375
test,2522,245.39999389648438,260.7348937988281
test,97,758.5999755859375,777.2389526367188
test,112,564.5999755859375,559.3460693359375
test,2401,293.70001220703125,298.86468505859375
test,5686,539.7999877929688,536.0172729492188
test,4517,582.9000244140625,542.5714721679688
test,6759,255.6999969482422,246.513916015625
test,7476,277.20001220703125,307.98992919921875
test,4801,420.29998779296875,432.44927978515625
test,5691,344.6000061035156,299.55596923828125
test,3737,394.8999938964844,418.19580078125
test,4791,399.79998779296875,401.3041687011719
test,3083,347.8999938964844,342.7463684082031
test,484,791.4000244140625,789.40771484375
test,3725,300.5,305.3081359863281
test,6854,333.6000061035156,316.8416748046875
test,7300,334.70001220703125,346.3284912109375
test,5628,299.70001220703125,317.4251403808594
test,3496,292.3999938964844,287.749755859375
test,226,728.4000244140625,791.946533203125
test,3161,371.29998779296875,365.0666198730469
test,7656,472.29998779296875,462.75616455078125
test,2241,265.70001220703125,258.0579833984375
test,1640,460.70001220703125,404.604248046875
test,6885,319.20001220703125,338.0790710449219
test,4728,550.5,528.5081787109375
test,3977,315.1000061035156,296.46417236328125
test,4107,440.3999938964844,436.0816955566406
test,1315,372.20001220703125,380.1799621582031
test,2403,268.29998779296875,302.3251953125
test,5635,339.29998779296875,360.6302795410156
test,5947,467.8999938964844,431.16375732421875
test,6531,360.8999938964844,347.2531433105469
test,3742,470.29998779296875,433.2923583984375
test,2201,274.6000061035156,309.34100341796875
test,5796,243.3000030517578,252.05682373046875
test,688,428.79998779296875,499.3992614746094
test,3007,273.20001220703125,265.062744140625
test,2116,367.8999938964844,359.04254150390625
test,7007,412.5,358.7434997558594
test,3308,322.5,331.4429931640625
test,7995,625.2999877929688,609.2678833007812
test,2012,334.6000061035156,322.9681396484375
test,2923,459.79998779296875,430.4315185546875
test,5998,312.1000061035156,303.77423095703125
test,389,637.9000244140625,696.058837890625
test,1740,544.0999755859375,483.6365051269531
test,3114,253.1999969482422,248.25839233398438
test,61,799.7000122070312,770.7103271484375
test,6792,304.3999938964844,319.37628173828125
test,988,472.70001220703125,441.9916687011719
test,5753,294.5,293.16558837890625
test,5033,548.5999755859375,535.11376953125
test,4672,501.20001220703125,512.0640869140625
test,3836,538.2000122070312,509.5496826171875
test,128,713.2000122070312,698.7681884765625
test,6492,332.6000061035156,344.4447326660156
test,3101,280.20001220703125,274.773193359375
test,3423,309.20001220703125,284.72418212890625
test,1954,451.3999938964844,402.54888916015625
test,5162,348.8999938964844,361.89312744140625
test,3187,332.5,334.1884460449219
test,7856,413.5,412.0682067871094
test,2562,242.60000610351562,250.7068328857422
test,2805,276.29998779296875,302.59039306640625
test,2577,298.29998779296875,282.82696533203125
test,6030,273.79998779296875,268.87445068359375
test,8474,512.2999877929688,517.9671630859375
test,8433,648.7000122070312,574.2411499023438
test,4017,301.70001220703125,301.2137451171875
test,6300,267.1000061035156,308.7037048339844
test,8405,749.4000244140625,729.4613037109375
test,6,394.20001220703125,408.0335693359375
test,1995,368.8999938964844,352.11865234375
test,8526,554.2000122070312,562.6904296875
test,1292,395.6000061035156,358.8945007324219
test,4539,528.9000244140625,490.65692138671875
test,5099,396.20001220703125,406.5495910644531
test,1955,453.0,412.389404296875
test,6963,404.70001220703125,342.66802978515625
test,1506,303.20001220703125,287.71307373046875
test,7113,304.6000061035156,309.87744140625
test,4279,357.29998779296875,359.17852783203125
test,5055,559.2000122070312,655.3242797851562
test,7497,364.0,348.2575378417969
test,71,787.7000122070312,764.7088623046875
test,364,880.2000122070312,876.0613403320312
test,2649,258.6000061035156,275.822265625
test,5489,503.79998779296875,463.5495300292969
test,8551,540.9000244140625,522.1277465820312
test,5246,338.79998779296875,353.0184326171875
test,2224,318.8999938964844,295.59716796875
test,2525,265.0,259.6983642578125
test,229,711.4000244140625,756.715087890625
test,2913,316.0,319.7162170410156
test,382,747.0999755859375,747.857666015625
test,2556,282.3999938964844,246.83189392089844
test,3931,447.0,459.61669921875
test,850,471.6000061035156,440.6584167480469
test,881,631.7000122070312,643.2799682617188
test,4935,556.2999877929688,465.4443664550781
test,1234,652.4000244140625,610.3076782226562
test,6684,313.5,331.9752197265625
test,8597,426.0,450.3414001464844
test,4407,404.79998779296875,374.48992919921875
test,3533,278.70001220703125,272.56500244140625
test,6327,294.1000061035156,278.7220764160156
test,3403,350.1000061035156,326.7108459472656
test,4979,377.70001220703125,368.9068908691406
test,4084,392.3999938964844,401.4425964355469
test,8438,583.4000244140625,570.5792846679688
test,3159,322.1000061035156,338.9866638183594
test,7530,385.1000061035156,336.95086669921875
test,4053,509.20001220703125,523.26025390625
test,5523,363.8999938964844,342.43768310546875
test,2788,293.79998779296875,299.26318359375
test,7374,328.1000061035156,352.20855712890625
test,8038,449.29998779296875,479.3064880371094
test,2329,289.70001220703125,324.4902038574219
test,6011,266.8999938964844,313.82501220703125
test,6926,264.0,247.8511505126953
test,5516,373.79998779296875,386.10107421875
test,5252,418.1000061035156,420.38330078125
test,388,750.5,746.7530517578125
test,6744,370.20001220703125,334.41436767578125
test,4464,392.3999938964844,438.82513427734375
test,7888,365.8999938964844,344.7872314453125
test,426,700.4000244140625,718.0888671875
test,6321,278.70001220703125,265.8427734375
test,8217,774.2000122070312,780.5303344726562
test,3551,334.3999938964844,307.9119873046875
test,583,870.0,843.3050537109375
test,308,678.0,658.1170654296875
test,2168,245.10000610351562,253.6096649169922
test,4093,318.0,323.8895263671875
test,7573,480.5,443.5149230957031
test,4349,544.5999755859375,490.9669494628906
test,2312,267.0,259.2696838378906
test,5898,315.1000061035156,342.90460205078125
test,2199,247.5,295.58416748046875
test,2810,333.29998779296875,324.919921875
test,7905,419.29998779296875,413.9114074707031
test,8497,715.5,673.3048706054688
test,1932,406.29998779296875,385.6540222167969
test,5571,355.29998779296875,345.0115966796875
test,7241,456.5,460.7879333496094
test,4778,456.79998779296875,425.2481689453125
test,3028,288.79998779296875,309.86260986328125
test,2696,225.6999969482422,249.47412109375
test,2526,264.20001220703125,270.236083984375
test,7373,334.20001220703125,358.22802734375
test,1907,439.29998779296875,461.1842956542969
test,1764,546.2999877929688,510.7294921875
test,6103,294.5,297.0423583984375
test,1311,441.0,408.978271484375
test,6657,278.0,270.72137451171875
test,2965,334.29998779296875,334.5021057128906
test,6495,361.1000061035156,361.8487854003906
test,1560,424.6000061035156,435.6869812011719
test,2142,322.29998779296875,308.6755065917969
test,5659,520.5999755859375,382.05670166015625
test,5363,400.29998779296875,441.0341491699219
test,4235,458.79998779296875,470.67681884765625
test,4707,445.0,486.846923828125
test,2319,368.1000061035156,330.5695495605469
test,5631,314.8999938964844,324.48577880859375
test,8229,853.2000122070312,539.68310546875
test,1242,513.0999755859375,535.4730224609375
test,35,585.9000244140625,549.2340087890625
test,6259,357.29998779296875,328.1990966796875
test,4341,553.0999755859375,589.4647216796875
test,736,444.3999938964844,460.17962646484375
test,1202,693.9000244140625,669.9845581054688
test,2673,224.3000030517578,221.89402770996094
test,7108,293.6000061035156,310.07501220703125
test,6770,293.79998779296875,338.4559020996094
test,3894,307.8999938964844,320.504638671875
test,6510,311.70001220703125,290.76373291015625
test,550,828.0,784.89404296875
test,5542,340.70001220703125,363.3812255859375
test,2752,229.3999786376953,234.70858764648438
test,1102,651.5,635.8817138671875
test,3331,312.70001220703125,314.0639953613281
test,6718,494.20001220703125,460.29705810546875
test,3219,353.1000061035156,348.974853515625
test,3057,336.20001220703125,314.5196533203125
test,4465,376.70001220703125,442.6204528808594
test,3538,283.20001220703125,275.97698974609375
test,6335,294.3999938964844,341.3854675292969
test,1697,281.3999938964844,278.23162841796875
test,7906,436.5,373.89373779296875
test,3567,312.29998779296875,316.5645751953125
test,4892,428.79998779296875,427.2190856933594
test,950,528.2999877929688,504.76239013671875
test,5387,445.79998779296875,464.3224792480469
test,4871,450.79998779296875,477.32684326171875
test,3000,339.29998779296875,315.77386474609375
test,5972,496.0,519.8950805664062
test,5279,407.3999938964844,412.1966552734375
test,1522,423.6000061035156,424.2806701660156
test,1974,370.70001220703125,389.76275634765625
test,2371,248.39999389648438,256.1962890625
test,7464,386.29998779296875,365.05035400390625
test,3047,404.8999938964844,413.9433288574219
test,968,430.20001220703125,411.97576904296875
test,4391,444.5,475.771484375
test,970,441.79998779296875,400.75042724609375
test,4749,807.4000244140625,765.85400390625
test,6933,290.5,300.56378173828125
test,7899,506.6000061035156,472.658935546875
test,1809,319.0,270.62261962890625
test,6506,409.79998779296875,343.1517639160156
test,4340,593.7999877929688,602.417724609375
test,7894,440.70001220703125,429.11865234375
test,1521,383.5,373.06982421875
test,558,788.5999755859375,805.18994140625
test,5558,344.79998779296875,354.460693359375
test,4035,330.1000061035156,349.5337219238281
test,4454,306.8999938964844,315.272216796875
test,678,567.0,585.91650390625
test,7866,317.1000061035156,359.4104309082031
test,7643,431.3999938964844,442.563232421875
test,3345,337.70001220703125,311.72332763671875
test,8703,632.5,724.9959716796875
test,1281,519.0999755859375,567.9913940429688
test,6480,315.6000061035156,322.1470642089844
test,3334,442.0,398.51177978515625
test,4684,418.8999938964844,354.6147766113281
test,7779,435.6000061035156,428.7464904785156
test,4120,466.0,433.6816101074219
test,3527,339.6000061035156,318.0965576171875
test,1987,455.1000061035156,422.1841125488281
test,6668,375.6000061035156,302.3443603515625
test,8741,824.7000122070312,805.5408325195312
test,1591,468.0,449.092529296875
test,6178,338.70001220703125,331.92926025390625
test,891,580.4000244140625,558.6063842773438
test,570,724.0,719.9890747070312
test,7514,374.0,367.38720703125
test,574,834.5999755859375,854.519287109375
test,7,397.8999938964844,409.5716857910156
test,8182,627.0,620.9036865234375
test,7877,383.20001220703125,359.575439453125
test,5749,279.1000061035156,276.87347412109375
test,7294,360.0,345.8840026855469
test,4861,358.1000061035156,367.05657958984375
test,8005,618.0,667.84912109375
test,1562,405.5,402.4695739746094
test,2070,380.70001220703125,357.88299560546875
test,5730,303.8999938964844,292.7524719238281
test,6179,335.29998779296875,331.8411865234375
test,952,528.7999877929688,487.554931640625
test,4051,456.3999938964844,485.3736267089844
test,4023,319.0,326.09539794921875
test,7107,300.1000061035156,323.34674072265625
test,3901,326.79998779296875,366.92352294921875
test,7538,419.20001220703125,375.0487365722656
test,7489,351.5,342.67742919921875
test,4513,564.0999755859375,520.8516235351562
test,6747,317.20001220703125,293.94970703125
test,7151,346.70001220703125,350.51593017578125
test,8645,590.5,460.1265563964844
test,3384,329.0,337.0152587890625
test,3038,267.29998779296875,292.96868896484375
test,3834,489.20001220703125,530.2149658203125
test,5725,293.3999938964844,268.8981018066406
test,707,458.20001220703125,514.8267822265625
test,7478,253.39999389648438,266.73760986328125
test,3063,367.3999938964844,387.5273132324219
test,3506,318.29998779296875,280.19354248046875
test,328,592.5999755859375,710.59619140625
test,4393,412.79998779296875,425.732421875
test,7935,418.29998779296875,402.9031982421875
test,5084,521.7000122070312,569.3422241210938
test,7142,273.70001220703125,288.2994384765625
test,7393,469.20001220703125,437.73321533203125
test,6114,306.5,316.3750305175781
test,5820,238.1999969482422,237.3877716064453
test,5374,559.5,555.4204711914062
test,8663,653.7999877929688,632.6826171875
test,3289,356.6000061035156,371.81549072265625
test,2961,306.29998779296875,290.7380065917969
test,7719,407.6000061035156,430.54583740234375
test,6551,344.70001220703125,320.8543395996094
test,4873,421.5,453.7451171875
test,4422,382.70001220703125,360.87335205078125
test,8156,587.2000122070312,610.8538208007812
test,8705,566.2999877929688,549.8917846679688
test,6421,451.0,441.3775634765625
test,700,372.8999938964844,372.57379150390625
test,6159,301.70001220703125,275.3276062011719
test,2992,319.3999938964844,302.0640563964844
test,671,561.2999877929688,617.8516845703125
test,374,862.9000244140625,883.7064208984375
test,2412,282.20001220703125,295.8354797363281
test,3954,374.79998779296875,318.8187255859375
test,5925,411.29998779296875,446.0281066894531
test,3844,404.6000061035156,369.6642761230469
test,1245,581.5,552.7979125976562
test,5842,253.10000610351562,237.9639892578125
test,447,643.9000244140625,714.85791015625
test,5221,412.70001220703125,401.7850646972656
test,1037,511.0,530.5064697265625
test,3226,382.79998779296875,398.5208435058594
test,6476,359.20001220703125,387.10284423828125
test,201,738.5,730.052490234375
test,5737,299.20001220703125,320.2542419433594
test,2991,316.20001220703125,308.860595703125
test,2528,264.3999938964844,249.84632873535156
test,8432,624.0,533.5489501953125
test,3632,220.49998474121094,223.24215698242188
test,1631,469.70001220703125,426.5435791015625
test,5734,316.0,305.6876220703125
test,2634,284.0,276.4626770019531
test,4991,433.70001220703125,439.5184326171875
test,7447,484.5,447.15301513671875
test,8283,523.4000244140625,544.6040649414062
test,8750,753.7000122070312,691.8919677734375
test,8335,475.0,498.2391357421875
test,224,709.4000244140625,782.4002075195312
test,2449,293.6000061035156,279.57586669921875
test,2941,314.6000061035156,333.97320556640625
test,2720,208.8000030517578,207.03233337402344
test,1123,541.9000244140625,563.742919921875
test,973,457.29998779296875,388.5207214355469
test,27,532.0999755859375,523.2396240234375
test,8393,751.7999877929688,762.5256958007812
test,7244,494.0,450.2744140625
test,5674,381.8999938964844,377.3780212402344
test,5719,284.6000061035156,274.1502685546875
test,7436,372.5,373.41217041015625
test,5518,371.0,400.9356384277344
test,4022,312.0,339.1073303222656
test,256,724.9000244140625,713.33203125
test,3576,349.5,327.3557434082031
test,6035,284.6000061035156,330.4063415527344
test,403,639.2000122070312,586.0841064453125
test,7435,349.8999938964844,342.32373046875
test,3023,349.8999938964844,327.9732666015625
test,689,427.0,459.583251953125
test,1258,743.5,785.4801025390625
test,7367,386.0,382.1245422363281
test,8254,636.5999755859375,678.909423828125
test,1567,436.20001220703125,405.1864013671875
test,3876,358.3999938964844,361.3997802734375
test,3947,347.1000061035156,318.55328369140625
test,3505,326.70001220703125,307.4430236816406
test,2250,253.39999389648438,230.76625061035156
test,360,937.0999755859375,932.3375244140625
test,7733,409.0,384.1330261230469
test,5622,285.20001220703125,297.59515380859375
test,7098,316.29998779296875,291.6204833984375
test,1835,526.2000122070312,458.5060729980469
test,7126,332.70001220703125,342.16754150390625
test,5002,391.20001220703125,383.26092529296875
test,731,403.3999938964844,445.5445251464844
test,3238,413.70001220703125,391.11883544921875
test,4636,406.20001220703125,390.3624572753906
test,4853,408.79998779296875,399.8244323730469
test,1863,284.29998779296875,300.14739990234375
test,7593,446.1000061035156,434.8469543457031
test,327,604.5,702.781005859375
test,704,374.79998779296875,364.61883544921875
test,1937,286.1000061035156,286.7217712402344
test,5627,295.29998779296875,317.6317443847656
test,7891,411.8999938964844,399.6518249511719
test,2698,238.0,249.94313049316406
test,7828,467.6000061035156,444.87127685546875
test,2546,256.0,251.9199676513672
test,4910,372.20001220703125,401.65240478515625
test,3710,294.1000061035156,269.3754577636719
test,842,436.5,434.9488830566406
test,6762,250.89999389648438,230.27647399902344
test,627,606.4000244140625,590.1763916015625
test,7064,313.79998779296875,326.4173889160156
test,7264,419.79998779296875,424.21417236328125
test,2800,222.60000610351562,212.80714416503906
test,79,744.7000122070312,743.5755004882812
test,5490,525.2000122070312,481.48223876953125
test,5359,342.70001220703125,354.04412841796875
test,8708,518.7000122070312,636.001708984375
test,7222,399.5,386.8049011230469
test,5961,322.70001220703125,301.0967102050781
test,3357,322.3999938964844,330.051513671875
test,6570,303.20001220703125,302.30255126953125
test,7766,425.1000061035156,416.41973876953125
test,4613,400.3999938964844,436.072509765625
test,5928,317.8999938964844,350.0087890625
test,8135,698.2999877929688,718.3133544921875
test,3185,352.8999938964844,359.4191589355469
test,1923,447.0,414.29937744140625
test,3851,421.29998779296875,381.84649658203125
test,1310,502.0,403.9969177246094
test,1300,544.7999877929688,518.2398071289062
test,3690,341.29998779296875,359.13226318359375
test,7729,434.29998779296875,425.30615234375
test,7768,418.1000061035156,441.59619140625
test,4678,459.5,488.6825866699219
test,5544,349.79998779296875,355.3553161621094
test,6337,289.0,372.81182861328125
test,4160,409.0,404.8963928222656
test,1094,493.79998779296875,517.696533203125
test,3634,227.39999389648438,230.30943298339844
test,2430,254.60000610351562,248.3720703125
test,7428,297.3999938964844,291.9774169921875
test,4958,458.20001220703125,443.66290283203125
test,827,440.6000061035156,410.32183837890625
test,3537,272.89996337890625,264.92816162109375
test,6594,243.8000030517578,250.2653045654297
test,8476,539.7999877929688,641.622802734375
test,4105,488.70001220703125,497.3813171386719
test,5464,403.20001220703125,436.16986083984375
test,8425,674.5999755859375,689.00927734375
test,5010,495.1000061035156,481.9971618652344
test,5467,441.1000061035156,470.81854248046875
test,299,786.0,768.7828369140625
test,5438,424.6000061035156,404.00006103515625
test,2677,233.39999389648438,257.3824768066406
test,1858,481.70001220703125,420.2406921386719
test,958,477.6000061035156,499.90765380859375
test,2007,278.0,286.24725341796875
test,4188,610.0999755859375,621.8440551757812
test,6886,350.0,372.0924072265625
test,8727,668.0,786.0599365234375
test,3260,498.3999938964844,464.6233825683594
test,7990,575.2000122070312,569.0003051757812
test,3601,362.8999938964844,389.91900634765625
test,1142,457.0,417.0548400878906
test,6665,288.70001220703125,267.37103271484375
test,8170,618.9000244140625,613.3316040039062
test,8279,529.0,530.0711669921875
test,6225,296.1000061035156,305.29364013671875
test,6868,268.70001220703125,266.33056640625
test,3087,436.79998779296875,376.0934753417969
test,2366,270.5,276.30792236328125
test,4748,715.7000122070312,705.6648559570312
test,7174,385.20001220703125,324.10595703125
test,8670,584.7000122070312,577.67333984375
test,6529,380.1000061035156,387.47210693359375
test,4295,538.5999755859375,534.4818725585938
test,7957,444.70001220703125,507.471923828125
test,468,731.4000244140625,755.281494140625
test,7467,397.8999938964844,348.4449462890625
test,856,459.70001220703125,440.8133850097656
test,4836,463.0,417.89483642578125
test,2187,402.3999938964844,391.1485290527344
test,5953,381.29998779296875,395.64752197265625
test,8646,555.4000244140625,461.029541015625
test,5538,352.0,352.3305358886719
test,5411,466.6000061035156,475.5873718261719
test,3402,345.8999938964844,319.13623046875
test,121,818.2000122070312,810.9114990234375
test,5608,314.8999938964844,306.17364501953125
test,1366,443.29998779296875,397.385009765625
test,5778,289.3999938964844,271.49591064453125
test,5645,339.5,361.33599853515625
test,6413,400.3999938964844,380.87200927734375
test,1656,472.5,441.9470520019531
test,3761,436.8999938964844,392.5624084472656
test,5396,605.5999755859375,654.2113647460938
test,1447,384.5,365.6296691894531
test,8040,509.8999938964844,507.80413818359375
test,8521,542.2999877929688,520.4757080078125
test,4455,324.5,340.48980712890625
test,5022,428.79998779296875,432.6678771972656
test,5510,366.79998779296875,368.68280029296875
test,8368,823.9000244140625,831.46484375
test,262,734.4000244140625,764.2882690429688
test,5024,401.6000061035156,412.581298828125
test,3929,416.20001220703125,376.5452880859375
test,3781,356.0,391.99517822265625
test,1136,523.5999755859375,487.33709716796875
test,1547,410.1000061035156,393.24493408203125
test,4469,368.20001220703125,378.30340576171875
test,6906,242.1999969482422,248.17135620117188
test,8505,506.29998779296875,490.1207275390625
test,1751,483.3999938964844,473.0987854003906
test,1343,396.20001220703125,382.4591979980469
test,1019,681.0999755859375,665.3788452148438
test,6521,330.6000061035156,345.1668701171875
test,4832,411.5,389.9573974609375
test,206,745.7999877929688,746.2645263671875
test,1394,394.1000061035156,446.73797607421875
test,6264,354.0,356.4623718261719
test,2163,294.20001220703125,315.1700439453125
test,1565,420.5,423.31878662109375
test,4437,400.79998779296875,404.84326171875
test,814,577.5999755859375,544.7268676757812
test,1486,511.1000061035156,495.08538818359375
test,4617,358.3999938964844,377.8509521484375
test,6307,289.79998779296875,262.8846740722656
test,2489,254.3000030517578,240.56295776367188
test,8027,463.79998779296875,540.7825927734375
test,6912,333.70001220703125,321.0170593261719
test,3454,289.79998779296875,279.90167236328125
test,8264,456.0,479.839111328125
test,1805,314.79998779296875,281.38958740234375
test,7708,469.5,479.90228271484375
test,6116,322.5,306.025146484375
test,758,401.5,363.91497802734375
test,4368,406.20001220703125,406.34759521484375
test,1579,338.20001220703125,349.67120361328125
test,6983,321.8999938964844,329.45751953125
test,5860,282.79998779296875,273.35791015625
test,634,648.0999755859375,593.2766723632812
test,7523,350.5,316.9505615234375
test,5407,385.3999938964844,383.9728088378906
test,6897,276.79998779296875,246.01666259765625
test,7676,436.29998779296875,412.7283935546875
test,7249,383.1000061035156,381.12103271484375
test,6021,315.29998779296875,274.5240783691406
test,3584,313.29998779296875,296.06988525390625
test,2258,348.3999938964844,323.59613037109375
test,3580,300.8999938964844,280.3249206542969
test,316,682.5999755859375,765.3538818359375
test,6557,341.70001220703125,293.5521240234375
test,4535,552.5999755859375,536.5286865234375
test,4317,591.7999877929688,604.3834838867188
test,1193,735.0,741.161865234375
test,7468,358.29998779296875,334.444091796875
test,3036,275.29998779296875,292.2513427734375
test,8230,782.7999877929688,770.9017333984375
test,7672,320.1000061035156,300.2969970703125
test,7287,344.1000061035156,290.0436096191406
test,4168,603.0999755859375,601.5924682617188
test,2378,261.5,269.0701904296875
test,5138,353.29998779296875,378.008544921875
test,4387,434.1000061035156,425.8412170410156
test,2897,376.1000061035156,361.6170654296875
test,5933,316.3999938964844,310.2529296875
test,3751,291.8999938964844,293.1178894042969
test,4922,437.5,444.96588134765625
test,5726,284.6000061035156,262.25628662109375
test,3249,322.29998779296875,342.7225646972656
test,1674,342.8999938964844,375.6347351074219
test,2560,254.0,232.38446044921875
test,7927,401.6000061035156,397.4896545410156
test,6812,364.79998779296875,313.15130615234375
test,2588,248.60000610351562,239.27943420410156
test,5096,403.79998779296875,373.6647644042969
test,4336,529.5999755859375,517.3609619140625
test,6736,436.3999938964844,451.6236572265625
test,1410,371.6000061035156,396.7193908691406
test,1298,534.5,566.0128173828125
test,2066,403.6000061035156,389.2857971191406
test,6757,266.20001220703125,270.1412353515625
test,2450,283.20001220703125,281.43804931640625
test,589,760.0,678.7652587890625
test,1002,626.0999755859375,631.468505859375
test,5000,366.8999938964844,348.93707275390625
test,6105,320.70001220703125,303.141357421875
test,8380,725.5999755859375,714.2936401367188
test,204,795.0999755859375,790.77001953125
test,1484,413.5,386.22308349609375
test,646,612.7000122070312,641.7283935546875
test,8615,530.2999877929688,536.9390869140625
test,1596,388.5,392.4690246582031
test,3528,332.8999938964844,307.4286193847656
test,1795,403.5,373.82354736328125
test,3076,417.70001220703125,362.48187255859375
test,4260,379.1000061035156,390.2633361816406
test,6589,258.5,261.98199462890625
test,7924,398.0,416.75390625
test,8214,726.9000244140625,676.127685546875
test,8632,775.4000244140625,761.9114379882812
test,8238,733.0,741.9415283203125
test,2608,223.60000610351562,227.1317596435547
test,7985,387.79998779296875,403.66839599609375
test,2276,282.9000244140625,289.41473388671875
test,3134,303.29998779296875,280.3419189453125
test,6399,432.29998779296875,435.0113220214844
test,2964,313.29998779296875,308.6784973144531
test,2762,304.8999938964844,338.9799499511719
test,2457,289.29998779296875,306.0191955566406
test,1068,481.70001220703125,562.3630981445312
test,2671,212.8000030517578,206.26278686523438
test,8322,465.70001220703125,494.7685852050781
test,417,621.5999755859375,629.6719970703125
test,1902,315.6000061035156,333.02197265625
test,4013,300.29998779296875,303.61041259765625
test,2207,373.8999938964844,392.994140625
test,3910,549.4000244140625,472.7566223144531
test,8545,702.0999755859375,712.5706787109375
test,7456,375.6000061035156,373.05401611328125
test,6982,315.8999938964844,338.3514404296875
test,8083,463.5,470.6628112792969
test,1956,389.79998779296875,406.74774169921875
test,7208,338.29998779296875,342.739013671875
test,7979,547.4000244140625,461.6932067871094
test,386,735.0,778.7460327148438
test,2754,248.10000610351562,273.2840576171875
test,4210,548.2000122070312,549.15576171875
test,8630,705.7999877929688,713.1549072265625
test,7054,373.79998779296875,352.0484924316406
test,2966,386.1000061035156,381.44268798828125
test,2534,253.39999389648438,246.8090362548828
test,3044,344.70001220703125,313.6842956542969
test,1753,482.79998779296875,468.752685546875
test,7789,464.6000061035156,441.53314208984375
test,6640,242.10000610351562,244.65130615234375
test,7915,375.3999938964844,406.1022033691406
test,6918,259.70001220703125,251.24966430664062
test,7425,271.6000061035156,278.0289306640625
test,7969,459.6000061035156,460.02215576171875
test,2863,293.3999938964844,293.7689208984375
test,5805,273.70001220703125,249.16897583007812
test,85,660.5999755859375,634.4951171875
test,7338,333.29998779296875,323.3361511230469
test,159,784.0999755859375,770.68798828125
test,7073,316.79998779296875,313.2923583984375
test,3122,387.3999938964844,386.05291748046875
test,6139,319.20001220703125,303.221923828125
test,989,489.8999938964844,479.67669677734375
test,6528,376.0,404.5900573730469
test,5418,551.2999877929688,536.3507690429688
test,5692,345.1000061035156,312.6314697265625
test,1897,333.8999938964844,342.52947998046875
test,801,533.0,489.2427978515625
test,620,536.7999877929688,490.1318664550781
test,901,321.8999938964844,351.2702941894531
test,5348,489.8999938964844,487.26611328125
test,749,383.79998779296875,379.3140563964844
test,8092,589.7000122070312,586.897216796875
test,4154,446.29998779296875,499.68170166015625
test,6096,325.5,305.865234375
test,1556,497.20001220703125,433.1901550292969
test,4251,445.3999938964844,498.7462463378906
test,5086,504.20001220703125,524.3073120117188
test,4367,418.6000061035156,419.7261047363281
test,3961,382.0,352.4380798339844
test,6831,410.29998779296875,383.0691223144531
test,1042,536.7999877929688,542.5106811523438
test,7069,314.8999938964844,294.63690185546875
test,183,733.2000122070312,730.0532836914062
test,2700,240.8000030517578,246.59323120117188
test,478,876.0,804.1405029296875
test,1448,398.0,392.2279968261719
test,8734,791.5,751.6146850585938
test,8316,700.2999877929688,730.0921630859375
test,7440,469.79998779296875,478.24072265625
test,2046,378.3999938964844,355.46337890625
test,7150,348.0,339.67657470703125
test,4804,380.5,366.3435363769531
test,1233,690.9000244140625,684.9571533203125
test,576,909.4000244140625,875.2865600585938
test,746,437.8999938964844,437.5058898925781
test,4999,369.70001220703125,347.5268859863281
test,597,622.9000244140625,615.5242919921875
test,1576,330.79998779296875,342.6394958496094
test,8739,758.0999755859375,812.5303344726562
test,4928,354.20001220703125,355.819091796875
test,6902,245.10000610351562,269.55657958984375
test,7342,402.0,367.31768798828125
test,2153,342.29998779296875,346.5791320800781
test,584,888.9000244140625,848.599609375
test,6777,278.0,295.39581298828125
test,6190,314.8999938964844,316.313720703125
test,5178,400.20001220703125,378.0677795410156
test,4661,421.20001220703125,429.7860412597656
test,5813,256.0,240.1234588623047
test,1569,416.29998779296875,410.9149475097656
test,7875,418.8999938964844,447.8798522949219
test,3487,270.29998779296875,258.9131774902344
test,8691,689.7999877929688,655.16357421875
test,3240,426.20001220703125,436.0379638671875
test,3778,318.5,296.71539306640625
test,6856,315.5,310.0879821777344
test,3330,315.3999938964844,285.03228759765625
test,1827,454.29998779296875,492.69268798828125
test,3721,372.29998779296875,397.02947998046875
test,6556,391.3999938964844,306.31915283203125
test,2236,250.8000030517578,252.49070739746094
test,4233,427.79998779296875,452.647705078125
test,4712,383.0,403.17218017578125
test,5841,255.0,245.46676635742188
test,1015,620.2999877929688,569.4655151367188
test,6370,324.70001220703125,365.2559814453125
test,6409,437.5,415.5111999511719
test,7238,457.6000061035156,431.5594482421875
test,4623,426.1000061035156,489.864501953125
test,205,764.2999877929688,717.0241088867188
test,3390,268.6000061035156,288.0684814453125
test,5690,372.70001220703125,333.59649658203125
test,3221,336.20001220703125,346.4349670410156
test,3472,252.6999969482422,234.33921813964844
test,3681,303.79998779296875,311.54595947265625
test,6768,294.5,324.2987365722656
test,2314,297.70001220703125,281.6662292480469
test,6147,318.6000061035156,308.3740234375
test,6038,275.39996337890625,284.4144592285156
test,5215,333.3999938964844,299.466064453125
test,7075,334.20001220703125,362.858154296875
test,6582,286.79998779296875,278.91864013671875
test,3494,293.6000061035156,285.777587890625
test,2873,342.6000061035156,317.457275390625
test,7359,476.3999938964844,419.7044982910156
test,345,676.0,673.0267333984375
test,1950,366.6000061035156,370.09271240234375
test,4883,418.0,391.09716796875
test,145,779.7000732421875,759.970947265625
test,6395,395.0,400.0826721191406
test,562,833.5999755859375,810.8531494140625
test,1114,555.5,535.9149169921875
test,5561,355.70001220703125,359.35498046875
test,5889,256.70001220703125,273.7335205078125
test,2632,271.0,264.941162109375
test,2452,274.29998779296875,258.82861328125
test,4347,482.1000061035156,494.0149841308594
test,8050,504.70001220703125,492.4107666015625
test,667,493.6000061035156,457.7534484863281
test,7890,397.0,397.7263488769531
test,287,838.5,815.218505859375
test,2215,338.79998779296875,306.6247253417969
test,8352,663.4000244140625,694.8160400390625
test,6755,287.70001220703125,332.119384765625
test,8541,611.9000244140625,554.3098754882812
test,6333,290.79998779296875,353.9851989746094
test,8250,655.5999755859375,701.1238403320312
test,4558,568.5999755859375,567.0684814453125
test,3796,395.8999938964844,365.3307800292969
test,7066,362.1000061035156,378.71514892578125
test,261,697.7999877929688,691.004638671875
test,8382,724.9000244140625,705.7527465820312
test,764,385.3999938964844,348.9662780761719
test,6705,290.70001220703125,281.96734619140625
test,7378,343.6000061035156,387.27032470703125
test,3797,368.0,334.3267822265625
test,2685,435.1000061035156,398.83087158203125
test,503,691.2999877929688,719.2113647460938
test,1259,762.2999877929688,764.4781494140625
test,1023,645.5999755859375,674.7374877929688
test,6424,468.79998779296875,458.69927978515625
test,7210,377.5,415.2807312011719
test,6243,304.79998779296875,308.7959289550781
test,314,707.0999755859375,799.17822265625
test,5413,500.0,470.83526611328125
test,886,539.7000122070312,518.0357666015625
test,3610,242.5,251.2630615234375
test,2903,484.29998779296875,510.05438232421875
test,2226,281.79998779296875,271.34979248046875
test,1540,410.70001220703125,398.67718505859375
test,5905,314.29998779296875,317.69281005859375
test,4462,424.79998779296875,479.49835205078125
test,1732,530.2999877929688,503.6402893066406
test,1836,451.79998779296875,353.0901794433594
test,7759,412.8999938964844,405.5593566894531
test,8053,558.7000122070312,518.634765625
test,2607,223.00001525878906,232.09715270996094
test,2407,256.70001220703125,255.689453125
test,7784,392.20001220703125,392.5543212890625
test,8578,473.1000061035156,503.17291259765625
test,7482,266.5,277.99151611328125
test,2248,258.5,235.58468627929688
test,4054,486.20001220703125,497.1559143066406
test,805,683.9000244140625,620.8240356445312
test,4842,489.5,459.4279479980469
test,7883,440.70001220703125,413.6533203125
test,8310,721.7000122070312,697.6844482421875
test,7505,356.70001220703125,367.5133056640625
test,5649,305.3999938964844,327.075439453125
test,3129,288.20001220703125,269.9163818359375
test,3750,305.70001220703125,297.6770324707031
test,2263,241.39999389648438,247.53248596191406
test,1885,339.3999938964844,373.1979064941406
test,3502,366.8999938964844,315.72601318359375
test,6157,282.3999938964844,266.59234619140625
test,3949,360.1000061035156,355.4212646484375
test,446,588.9000244140625,600.9757080078125
test,781,545.9000244140625,463.32366943359375
test,2423,334.8999938964844,295.826416015625
test,2686,405.1000061035156,366.90985107421875
test,6107,332.3999938964844,334.4591979980469
test,7191,337.70001220703125,313.0318298339844
test,2239,241.3000030517578,246.66796875
test,3577,325.29998779296875,312.3209228515625
test,8654,604.9000244140625,618.4407958984375
test,277,762.7000122070312,699.9742431640625
test,7422,292.5,278.8670959472656
test,2743,202.39999389648438,195.0762939453125
test,5640,350.1000061035156,364.12823486328125
test,8155,589.5999755859375,599.0626220703125
test,7604,399.3999938964844,334.46466064453125
test,5382,402.79998779296875,375.13519287109375
test,7104,338.79998779296875,370.52789306640625
test,2290,250.3000030517578,265.0099792480469
test,1669,441.6000061035156,458.6603088378906
test,6950,302.8999938964844,252.35443115234375
test,2645,279.20001220703125,268.48162841796875
test,1775,401.20001220703125,422.52001953125
test,515,790.5,768.133544921875
test,6738,394.70001220703125,397.033447265625
test,1041,505.79998779296875,527.1943969726562
test,1810,314.0,289.2459716796875
test,6138,298.70001220703125,298.39715576171875
test,7272,351.29998779296875,360.4725036621094
test,485,786.2999877929688,827.2251586914062
test,4042,368.6000061035156,351.7130126953125
test,8665,632.0,562.544677734375
test,2491,263.0,246.7056427001953
test,6354,295.8999938964844,299.51495361328125
test,7199,378.79998779296875,386.2047424316406
test,2275,283.70001220703125,278.960693359375
test,4982,389.3999938964844,391.1939697265625
test,5137,362.3999938964844,342.63555908203125
test,3003,298.1000061035156,295.06658935546875
test,6045,283.8999938964844,292.8475036621094
test,3595,520.4000244140625,507.17633056640625
test,836,330.70001220703125,319.0657043457031
test,2616,320.0,289.60723876953125
test,6853,348.6000061035156,344.6876525878906
test,6160,309.0,278.24078369140625
test,7663,362.1000061035156,373.75927734375
test,5195,402.3999938964844,365.428466796875
test,7683,427.5,480.37408447265625
test,52,692.9000244140625,726.1276245117188
test,3649,315.5,327.1283264160156
test,8563,540.5999755859375,534.3782348632812
test,6877,329.20001220703125,286.82623291015625
test,7030,381.8999938964844,361.78125
test,3807,363.0,340.33074951171875
test,2942,328.0,339.25927734375
test,5793,260.8999938964844,253.01730346679688
test,2545,263.79998779296875,255.98504638671875
test,7807,390.5,364.1739501953125
test,6610,312.70001220703125,305.67828369140625
test,2706,249.60000610351562,229.71751403808594
test,1173,485.8999938964844,448.05908203125
test,5147,287.0,287.29205322265625
test,2297,297.8999938964844,276.7054138183594
test,4874,412.6000061035156,464.4818115234375
test,5412,502.5,427.1764831542969
test,7645,451.70001220703125,418.869384765625
test,7433,332.1000061035156,335.6585693359375
test,227,722.9000244140625,774.3414306640625
test,247,676.0,677.633056640625
test,8010,606.7000122070312,619.2962646484375
test,2769,246.00001525878906,240.58099365234375
test,1252,690.4000244140625,694.2913818359375
test,3139,410.1000061035156,376.7504577636719
test,8002,607.4000244140625,598.7796630859375
test,1824,414.79998779296875,393.5892639160156
test,4390,466.79998779296875,472.8638610839844
test,3869,370.1000061035156,356.41119384765625
test,3282,445.29998779296875,451.8547668457031
test,2798,221.0,211.4043426513672
test,4185,503.8999938964844,495.6052551269531
test,4757,528.7000122070312,490.1470947265625
test,1911,373.29998779296875,321.14630126953125
test,3557,298.5,284.62127685546875
test,7364,451.20001220703125,362.2003173828125
test,7850,476.79998779296875,447.0772399902344
test,6813,372.70001220703125,321.5147399902344
test,2572,289.3999938964844,260.2900390625
test,2157,482.20001220703125,432.1865539550781
test,3948,351.8999938964844,331.6654968261719
test,6996,315.0,321.290771484375
test,8674,625.5999755859375,592.2516479492188
test,7909,458.79998779296875,436.2181091308594
test,2648,261.29998779296875,261.44525146484375
test,1649,382.29998779296875,374.63861083984375
test,7305,337.8999938964844,312.095947265625
test,4700,521.5999755859375,607.8551025390625
test,4912,424.79998779296875,453.4648742675781
test,6502,462.1000061035156,444.5284729003906
test,1371,470.5,437.5284423828125
test,1513,440.1000061035156,439.82757568359375
test,809,471.5,394.53009033203125
test,3368,286.29998779296875,271.5528259277344
test,867,432.1000061035156,436.8160095214844
test,2229,293.6000061035156,276.1112060546875
test,5992,348.20001220703125,325.7049560546875
test,2635,293.20001220703125,291.2706298828125
test,948,514.0999755859375,487.8696594238281
test,3477,291.0,277.14202880859375
test,4487,552.2999877929688,488.19281005859375
test,2213,341.70001220703125,330.9919128417969
test,6593,234.3000030517578,237.6884307861328
test,838,369.79998779296875,423.04266357421875
test,3281,423.6000061035156,459.47613525390625
test,4026,331.29998779296875,324.8265686035156
test,401,663.2000122070312,676.990234375
test,7817,409.1000061035156,398.7398681640625
test,6140,328.20001220703125,315.69219970703125
test,3545,321.0,312.08306884765625
test,1901,318.5,342.6720275878906
test,149,749.4000244140625,759.303955078125
test,3142,462.3999938964844,429.5689697265625
test,5375,516.7999877929688,485.9849853515625
test,4524,641.7000122070312,630.9586181640625
test,2817,275.8999938964844,310.1978759765625
test,7849,444.79998779296875,435.4134521484375
test,4109,402.6000061035156,424.12152099609375
test,8160,573.0999755859375,551.29443359375
test,7490,357.6000061035156,336.2147216796875
test,2775,316.0,298.46435546875
test,7723,429.5,450.3820495605469
test,7703,516.2999877929688,545.823974609375
test,1182,642.2000122070312,694.4530029296875
test,7816,410.0,376.9761962890625
test,6943,336.8999938964844,335.4521789550781
test,95,729.2000122070312,746.8443603515625
test,2894,317.0,282.972900390625
test,2396,281.3999938964844,267.04473876953125
test,1117,563.9000244140625,543.4403076171875
test,6644,305.5,335.889892578125
test,3056,321.5,300.69842529296875
test,1287,351.20001220703125,319.3361511230469
test,2459,299.6000061035156,279.693603515625
test,2299,304.20001220703125,299.2317199707031
test,2836,301.29998779296875,292.3629150390625
test,5626,288.20001220703125,315.7581481933594
test,7246,436.8999938964844,421.5069885253906
test,6097,337.5,307.8013916015625
test,6050,290.1000061035156,303.8724670410156
test,5082,603.7999877929688,586.6884765625
test,8171,659.5,588.7656860351562
test,7660,427.3999938964844,431.92901611328125
test,2440,277.6000061035156,258.0706787109375
test,1240,507.6000061035156,564.5440063476562
test,2255,363.70001220703125,354.05902099609375
test,1630,524.7999877929688,449.65997314453125
test,7280,330.0,320.0995178222656
test,6809,320.6000061035156,289.22705078125
test,6349,274.5,302.5234680175781
test,4075,576.5,623.6276245117188
test,4172,651.9000244140625,610.1329345703125
test,5630,309.79998779296875,313.05804443359375
test,1595,419.5,451.89239501953125
test,8713,677.7999877929688,656.9982299804688
test,7537,448.0,450.2445983886719
test,6704,275.20001220703125,278.33514404296875
test,5601,298.3999938964844,303.20721435546875
test,323,627.2000122070312,699.031982421875
test,8285,543.2999877929688,580.4332275390625
test,5118,341.6000061035156,328.50262451171875
test,8060,535.2999877929688,555.1895141601562
test,840,425.79998779296875,440.9721984863281
test,6907,244.89999389648438,243.89547729492188
test,5509,365.20001220703125,354.3243103027344
test,7565,473.20001220703125,469.5068054199219
test,4660,411.8999938964844,411.318359375
test,7554,511.1000061035156,506.6402282714844
test,2715,265.1000061035156,261.75482177734375
test,3525,373.5,304.38323974609375
test,4088,342.70001220703125,330.3374938964844
test,440,512.4000244140625,478.9969482421875
test,8061,586.2999877929688,518.2962036132812
test,1393,402.20001220703125,416.90472412109375
test,1900,312.1000061035156,333.8584899902344
test,81,748.2999877929688,727.7996826171875
test,432,610.0,598.1905517578125
test,2359,309.70001220703125,277.046875
test,7017,271.79998779296875,276.5979309082031
test,450,783.5999755859375,762.8341674804688
test,3124,327.1000061035156,316.5046081542969
test,5706,347.8999938964844,322.3100280761719
test,3414,260.29998779296875,260.384033203125
test,1564,416.6000061035156,420.37921142578125
test,7032,388.3999938964844,398.1666564941406
test,5646,327.8999938964844,349.7840576171875
test,4629,493.20001220703125,546.1621704101562
test,2778,361.70001220703125,324.5469665527344
test,8297,553.4000244140625,545.349853515625
test,8125,665.0999755859375,668.8884887695312
test,6183,321.3999938964844,311.9714050292969
test,7356,436.8999938964844,460.7376708984375
test,3475,257.4000244140625,274.98291015625
test,7255,323.1000061035156,326.7984619140625
test,5,376.3999938964844,412.84576416015625
test,1621,505.70001220703125,448.5078125
test,442,486.29998779296875,444.4816589355469
test,8113,463.0,467.9967346191406
test,5505,378.3999938964844,401.15362548828125
test,5452,425.0,416.6585388183594
test,7958,427.29998779296875,354.261474609375
test,1383,516.2000122070312,484.5018615722656
test,7022,298.29998779296875,277.31683349609375
test,7291,367.8999938964844,386.1872863769531
test,8493,634.2000122070312,607.9801025390625
test,3687,294.0,280.62109375
test,1735,508.20001220703125,484.3970642089844
test,2035,354.1000061035156,325.5273742675781
test,4159,403.1000061035156,421.45166015625
test,1532,398.3999938964844,397.7160949707031
test,718,413.0,449.58746337890625
test,998,573.9000244140625,513.0928344726562
test,6088,320.70001220703125,280.2314147949219
test,6798,290.5,260.0096435546875
test,1499,513.5999755859375,512.787353515625
test,1508,313.0,303.7174072265625
test,279,601.0,631.2149658203125
test,8469,432.70001220703125,478.4928283691406
test,7063,312.29998779296875,325.4714660644531
test,8151,587.5999755859375,571.5013427734375
test,8257,570.7999877929688,589.9637451171875
test,8241,742.5,768.6948852539062
test,7751,440.6000061035156,462.15509033203125
test,4506,548.0999755859375,533.8644409179688
test,4785,376.6000061035156,380.73651123046875
test,1661,550.2999877929688,498.4391174316406
test,7904,419.5,398.7986755371094
test,4630,469.1000061035156,500.6604309082031
test,2165,260.70001220703125,259.660400390625
test,7754,467.8999938964844,433.9809875488281
test,2420,347.1000061035156,352.42852783203125
test,7178,440.70001220703125,413.2740173339844
test,669,491.8999938964844,504.26373291015625
test,6207,320.20001220703125,310.4441833496094
test,4831,427.5,382.2748107910156
test,7169,370.1000061035156,365.6717529296875
test,4263,372.5,366.24053955078125
test,3148,413.1000061035156,348.53289794921875
test,2361,314.70001220703125,324.97833251953125
test,2344,268.3999938964844,246.04249572753906
test,1526,444.5,359.1368408203125
test,3909,541.4000244140625,475.19976806640625
test,2665,300.5,312.3792419433594
test,2827,275.1000061035156,259.67266845703125
test,2260,277.3999938964844,266.1451416015625
test,3027,278.6000061035156,298.312255859375
test,1058,441.70001220703125,480.68487548828125
test,1081,584.9000244140625,652.8367309570312
test,1815,354.20001220703125,360.479248046875
test,6052,298.20001220703125,297.41119384765625
test,1296,518.2999877929688,546.34375
test,6576,339.70001220703125,338.1875915527344
test,5623,283.3999938964844,284.69000244140625
test,4924,429.5,442.4725646972656
test,2499,279.70001220703125,264.01385498046875
test,528,905.0,866.337890625
test,5091,501.20001220703125,434.96734619140625
test,1219,790.5999755859375,803.4952392578125
test,4382,377.5,371.6493835449219
test,4410,418.79998779296875,441.63702392578125
test,6090,303.1000061035156,287.28179931640625
test,333,706.5,711.321533203125
test,8374,738.7999877929688,709.923828125
test,6193,299.70001220703125,332.45501708984375
test,3590,375.8999938964844,366.7952575683594
test,4783,383.5,369.3074645996094
test,7819,419.20001220703125,398.2862548828125
test,4137,345.29998779296875,355.10089111328125
test,3606,260.70001220703125,267.37298583984375
test,4371,362.20001220703125,406.8725891113281
test,675,628.7000122070312,571.3156127929688
test,5952,396.70001220703125,368.3699035644531
test,3375,370.29998779296875,340.1085205078125
test,1137,528.5,510.068359375
test,5004,437.0,407.5495910644531
test,437,533.7000122070312,534.92041015625
test,491,815.2000122070312,803.2116088867188
test,2189,386.29998779296875,360.88262939453125
test,4802,429.20001220703125,395.781005859375
test,5668,405.3999938964844,373.8653564453125
test,5729,306.20001220703125,289.6796875
