split,row_index,y_true,y_pred
train,3296,533.0,569.2420043945312
train,3049,319.1000061035156,297.371337890625
train,8400,354.70001220703125,365.723388671875
train,3135,343.6000061035156,341.38482666015625
train,4241,484.3999938964844,477.2379455566406
train,8014,282.6000061035156,272.9146423339844
train,1095,250.89999389648438,266.67413330078125
train,4006,314.20001220703125,303.38848876953125
train,2094,328.8999938964844,315.88751220703125
train,286,531.0999755859375,531.4462280273438
train,7333,435.79998779296875,410.5523986816406
train,16,325.0,328.030029296875
train,4312,401.5,380.445556640625
train,5477,604.5999755859375,596.3162231445312
train,5939,284.0,294.28497314453125
train,3341,393.29998779296875,425.8680114746094
train,8536,443.8999938964844,413.3970642089844
train,8131,293.0,284.4022521972656
train,7318,558.2000122070312,543.364013671875
train,783,558.2000122070312,550.1490478515625
train,3685,506.70001220703125,501.8808288574219
train,3749,397.6000061035156,325.26239013671875
train,7973,476.3999938964844,473.01092529296875
train,5152,253.60000610351562,274.79315185546875
train,4362,477.0,452.4857482910156
train,8076,362.79998779296875,380.72607421875
train,6369,305.5,324.7994079589844
train,4721,321.3999938964844,322.9769287109375
train,7332,318.3999938964844,292.23638916015625
train,1650,383.29998779296875,367.1380310058594
train,6396,471.6000061035156,458.2792053222656
train,5799,385.79998779296875,372.9090881347656
train,6436,681.0999755859375,669.0084838867188
train,4592,303.3999938964844,299.59893798828125
train,828,425.3999938964844,417.58538818359375
train,4756,276.29998779296875,272.9747009277344
train,5270,369.79998779296875,356.956298828125
train,2770,347.1000061035156,322.3497009277344
train,2772,798.0999755859375,781.779541015625
train,8564,396.3999938964844,410.72625732421875
train,3561,356.5,355.0540466308594
train,8164,404.6000061035156,362.1053771972656
train,6283,389.79998779296875,352.16534423828125
train,7728,377.6000061035156,376.29852294921875
train,7331,612.2999877929688,537.010498046875
train,2633,590.0,572.571533203125
train,6577,320.8999938964844,309.60101318359375
train,6094,360.0,353.0993957519531
train,5038,380.79998779296875,378.08319091796875
train,1174,407.20001220703125,399.9165954589844
train,4755,278.20001220703125,268.39593505859375
train,5416,250.09999084472656,255.77798461914062
train,3247,471.0,472.2600402832031
train,2831,313.70001220703125,337.69390869140625
train,194,407.20001220703125,333.1031494140625
train,6177,765.9000244140625,750.1204833984375
train,3391,290.20001220703125,311.76507568359375
train,3158,421.8999938964844,412.7243347167969
train,7730,398.1000061035156,391.42401123046875
train,7885,597.5,630.4813232421875
train,5837,385.1000061035156,377.07916259765625
train,3411,765.9000244140625,756.79248046875
train,2504,786.0999755859375,801.683837890625
train,5231,413.3999938964844,364.2606201171875
train,4626,271.0,282.4417724609375
train,8633,289.8999938964844,298.03326416015625
train,7685,384.8999938964844,405.1788024902344
train,8500,371.29998779296875,369.77032470703125
train,4061,260.8999938964844,263.080810546875
train,7223,498.3999938964844,516.0621948242188
train,3631,740.9000244140625,695.5197143554688
train,5153,411.8999938964844,397.2160949707031
train,5341,355.6000061035156,349.1328430175781
train,425,426.29998779296875,395.6152038574219
train,6753,498.8999938964844,488.9530334472656
train,6692,790.7000122070312,804.330810546875
train,7607,325.20001220703125,313.936767578125
train,146,414.70001220703125,420.6827087402344
train,2749,282.70001220703125,296.5203857421875
train,5929,621.5,589.9390869140625
train,4082,355.3999938964844,335.65960693359375
train,372,416.6000061035156,399.8006896972656
train,6120,328.6000061035156,313.49688720703125
train,7659,490.1000061035156,491.30096435546875
train,8422,598.5,566.8443603515625
train,1494,729.5999755859375,757.3650512695312
train,1384,424.0,418.3581848144531
train,7859,279.29998779296875,280.6275329589844
train,529,327.1000061035156,327.6478271484375
train,5866,285.8999938964844,270.35308837890625
train,7749,836.9000244140625,845.9158935546875
train,4862,361.29998779296875,366.160400390625
train,2825,330.20001220703125,312.96234130859375
train,1684,377.1000061035156,381.4092102050781
train,3599,269.79998779296875,272.4679260253906
train,6891,308.20001220703125,301.7822570800781
train,2937,307.20001220703125,301.4311218261719
train,7697,679.7000122070312,668.1770629882812
train,6647,291.70001220703125,288.389892578125
train,8711,807.5,784.4749755859375
train,1286,433.1000061035156,439.98876953125
train,5770,766.2000122070312,797.1680297851562
train,7954,522.2999877929688,526.2573852539062
train,3022,325.70001220703125,328.11578369140625
train,5249,296.70001220703125,281.6080322265625
train,8661,290.70001220703125,307.2829284667969
train,8338,380.0,350.47430419921875
train,433,401.29998779296875,414.3642883300781
train,5772,319.5,336.340087890625
train,6990,561.7000122070312,534.099853515625
train,2210,413.6000061035156,417.33074951171875
train,6599,492.8999938964844,523.8983154296875
train,6003,310.0,324.90484619140625
train,72,377.3999938964844,355.6867370605469
train,4631,288.79998779296875,264.8609313964844
train,4028,315.0,320.662353515625
train,6533,340.6000061035156,333.5798645019531
train,5485,511.1000061035156,446.9127197265625
train,8570,518.4000244140625,520.130859375
train,535,567.5999755859375,536.8679809570312
train,6416,488.29998779296875,468.0640563964844
train,7168,323.8999938964844,327.1800231933594
train,2521,882.0999755859375,914.8970947265625
train,2822,886.7000122070312,883.6025390625
train,8355,627.4000244140625,617.637939453125
train,4306,579.7999877929688,573.1984252929688
train,1399,315.5,310.2878112792969
train,400,571.0999755859375,564.5054321289062
train,4352,351.8999938964844,353.6297302246094
train,8408,328.0,345.6392822265625
train,6514,378.0,397.44268798828125
train,5027,292.1000061035156,291.3591003417969
train,6899,803.0999755859375,841.3590698242188
train,1170,544.5,549.1350708007812
train,1054,691.4000244140625,701.27294921875
train,5574,304.8999938964844,303.8567199707031
train,2890,265.79998779296875,274.68731689453125
train,2286,369.79998779296875,369.98870849609375
train,1144,532.0999755859375,542.45703125
train,7424,814.2999877929688,789.8441772460938
train,1947,529.0999755859375,518.235595703125
train,2032,345.8999938964844,353.80126953125
train,665,398.1000061035156,351.9061279296875
train,6855,772.4000244140625,765.0797729492188
train,8596,278.5,288.62677001953125
train,1853,341.29998779296875,362.69012451171875
train,8418,328.6000061035156,333.9306945800781
train,2354,483.0,477.27880859375
train,862,542.2999877929688,565.9647216796875
train,5560,518.7999877929688,525.5792846679688
train,2376,386.6000061035156,383.92034912109375
train,2492,381.5,361.0638732910156
train,5591,241.8000030517578,276.5638427734375
train,762,415.0,413.2494201660156
train,1152,323.29998779296875,326.6010437011719
train,6754,356.0,349.87420654296875
train,4438,680.5999755859375,661.5215454101562
train,4441,819.7000122070312,810.1923217773438
train,1948,612.4000244140625,587.6597900390625
train,6985,659.7999877929688,673.13818359375
train,1727,359.20001220703125,358.06329345703125
train,7309,295.79998779296875,299.292724609375
train,4914,643.5,637.55419921875
train,1084,294.3999938964844,303.2308349609375
train,1243,398.29998779296875,412.9739074707031
train,910,547.7999877929688,551.828369140625
train,2386,396.5,388.2149963378906
train,582,505.8999938964844,532.1614990234375
train,1220,422.8999938964844,372.5226135253906
train,2097,296.8999938964844,314.1451416015625
train,1325,708.2000122070312,691.4454345703125
train,7551,287.6000061035156,277.63226318359375
train,5225,353.29998779296875,352.5101318359375
train,4640,372.20001220703125,379.8404541015625
train,1597,523.5,564.22998046875
train,2823,341.29998779296875,362.09454345703125
train,5232,274.3999938964844,291.7674560546875
train,7060,282.79998779296875,326.29876708984375
train,982,365.1000061035156,381.0852355957031
train,5049,381.20001220703125,406.2904357910156
train,5108,693.7000122070312,675.12109375
train,7161,378.5,353.3764953613281
train,2399,360.3999938964844,349.3092956542969
train,3956,479.1000061035156,483.2762451171875
train,4470,342.79998779296875,325.141845703125
train,5119,441.29998779296875,409.3382568359375
train,6931,396.0,401.0704650878906
train,6840,323.29998779296875,306.2876281738281
train,5632,325.1000061035156,307.97747802734375
train,8490,315.20001220703125,328.62689208984375
train,8735,321.20001220703125,333.7882080078125
train,644,351.0,364.6609191894531
train,7106,252.0,247.5771484375
train,8439,802.9000244140625,809.6898193359375
train,7226,454.70001220703125,423.2077941894531
train,1083,296.5,303.05511474609375
train,6197,316.0,317.0140380859375
train,8736,355.3999938964844,388.5007629394531
train,4593,754.9000244140625,732.5697631835938
train,2367,413.29998779296875,390.84710693359375
train,2558,298.70001220703125,294.0555419921875
train,2011,321.5,307.6023254394531
train,2411,529.5999755859375,507.22161865234375
train,5300,318.70001220703125,308.1083679199219
train,5647,435.6000061035156,416.5785217285156
train,4323,714.2000122070312,731.2815551757812
train,8074,339.20001220703125,336.3191223144531
train,1062,414.3999938964844,403.9365539550781
train,68,309.5,302.95697021484375
train,4361,298.8999938964844,297.4974365234375
train,1878,416.0,435.6297607421875
train,6371,364.29998779296875,350.6683044433594
train,5029,515.2000122070312,518.281005859375
train,1533,242.6999969482422,239.0607452392578
train,6980,726.5,703.343017578125
train,3206,395.8999938964844,378.7200012207031
train,8450,660.0,701.2940673828125
train,2375,410.6000061035156,408.3169860839844
train,7901,416.0,424.06707763671875
train,6810,491.29998779296875,447.0632019042969
train,6726,368.1000061035156,375.08526611328125
train,2204,533.2999877929688,524.2271118164062
train,6355,492.0,477.9577331542969
train,4237,277.0,270.9395751953125
train,8107,385.0,388.96319580078125
train,5582,326.5,315.7771911621094
train,6328,226.19998168945312,233.61769104003906
train,5761,437.29998779296875,420.0858459472656
train,5159,729.2000122070312,690.32373046875
train,6574,307.6000061035156,305.09490966796875
train,7296,384.79998779296875,377.578125
train,5951,613.5999755859375,611.2241821289062
train,6192,424.20001220703125,444.211669921875
train,8749,413.70001220703125,379.5824279785156
train,8350,749.0,750.0592041015625
train,1699,518.2999877929688,504.378662109375
train,3964,565.0,574.4257202148438
train,5398,299.8999938964844,296.14141845703125
train,6400,570.2000122070312,539.8695678710938
train,2828,630.0,616.7494506835938
train,6374,343.3999938964844,337.9622802734375
train,178,333.79998779296875,326.184814453125
train,8672,286.8999938964844,291.23388671875
train,4747,367.0,385.90093994140625
train,8757,382.1000061035156,398.67572021484375
train,638,258.8999938964844,268.284423828125
train,2651,555.2999877929688,561.8124389648438
train,7865,363.29998779296875,385.75830078125
train,8652,624.7000122070312,595.4711303710938
train,7227,473.8999938964844,513.17626953125
train,5769,289.8999938964844,280.65142822265625
train,6093,716.4000244140625,698.607421875
train,5595,487.29998779296875,434.6468811035156
train,4133,419.79998779296875,450.998779296875
train,1082,326.79998779296875,310.4591979980469
train,1668,336.5,367.9657897949219
train,2731,467.29998779296875,404.4350280761719
train,4423,469.29998779296875,496.70953369140625
train,248,424.1000061035156,421.786865234375
train,8593,591.0,538.9931640625
train,3193,258.70001220703125,247.73983764648438
train,652,538.2999877929688,508.3934020996094
train,4052,405.70001220703125,410.29937744140625
train,2841,285.29998779296875,279.235107421875
train,1247,296.3999938964844,294.35906982421875
train,5923,419.29998779296875,413.51171875
train,5543,360.3999938964844,376.0111999511719
train,8227,407.29998779296875,387.7508239746094
train,6709,525.2000122070312,532.1863403320312
train,3760,318.1000061035156,318.275390625
train,8168,301.0,291.27398681640625
train,367,348.5,344.0567626953125
train,2203,481.6000061035156,453.12701416015625
train,960,322.6000061035156,346.52789306640625
train,3925,625.2999877929688,615.4039306640625
train,7237,617.2000122070312,634.2147827148438
train,4796,374.3999938964844,360.2399597167969
train,4543,388.6000061035156,378.2638244628906
train,6513,852.5,860.03271484375
train,8535,224.89999389648438,232.2062225341797
train,5051,718.4000244140625,730.7115478515625
train,7919,600.9000244140625,600.92724609375
train,5254,314.1000061035156,335.09857177734375
train,1211,615.0999755859375,652.3289794921875
train,573,346.79998779296875,362.9245910644531
train,3727,438.5,425.2747802734375
train,6141,278.3999938964844,293.38043212890625
train,3436,610.4000244140625,620.800537109375
train,108,254.8999786376953,255.56307983398438
train,2134,346.5,345.0686340332031
train,1135,460.79998779296875,443.8766174316406
train,1207,370.5,391.30816650390625
train,4985,614.9000244140625,606.600830078125
train,7259,560.7999877929688,578.9822998046875
train,926,484.29998779296875,464.3737487792969
train,969,291.20001220703125,298.0982666015625
train,1821,422.20001220703125,417.2712707519531
train,5473,421.3999938964844,413.1679992675781
train,2759,622.5,614.8701171875
train,2809,398.29998779296875,395.13067626953125
train,4893,388.0,374.5023498535156
train,8193,250.6999969482422,266.0463562011719
train,1200,417.70001220703125,391.3053283691406
train,7647,297.79998779296875,296.23382568359375
train,879,338.70001220703125,325.95501708984375
train,5790,318.8999938964844,326.27288818359375
train,4975,816.0999755859375,807.8551635742188
train,4525,724.5,711.0919189453125
train,5704,404.6000061035156,395.9374694824219
train,3733,306.1000061035156,270.30963134765625
train,1717,315.3999938964844,311.9709167480469
train,1191,342.3999938964844,335.650146484375
train,4063,269.1000061035156,283.22857666015625
train,649,327.8999938964844,344.2435302734375
train,5009,610.0,595.5396728515625
train,8648,312.1000061035156,327.918701171875
train,1361,260.70001220703125,249.11500549316406
train,4171,315.5,327.9681396484375
train,2422,501.20001220703125,491.9209289550781
train,5437,341.3999938964844,335.5848083496094
train,6205,487.20001220703125,469.1826171875
train,147,251.0,263.4388732910156
train,5840,530.5999755859375,516.8197631835938
train,7085,427.29998779296875,428.93743896484375
train,5330,443.6000061035156,415.40179443359375
train,4797,322.79998779296875,318.0841064453125
train,6949,469.5,425.3096618652344
train,127,589.0999755859375,578.0955810546875
train,1730,307.3999938964844,314.13592529296875
train,2567,407.20001220703125,379.64337158203125
train,3489,389.8999938964844,386.244384765625
train,2650,727.5,729.8671264648438
train,2565,496.79998779296875,492.70458984375
train,4113,321.8999938964844,323.4952697753906
train,555,524.5,550.3058471679688
train,6663,487.8999938964844,461.6816711425781
train,3650,240.39999389648438,238.23390197753906
train,5337,260.20001220703125,279.9329833984375
train,8440,357.0,334.5058898925781
train,3207,258.79998779296875,277.6106262207031
train,4620,390.1000061035156,379.6442565917969
train,904,753.5,762.4697265625
train,4039,340.1000061035156,328.24169921875
train,8694,425.6000061035156,355.73736572265625
train,1695,594.0,559.6085205078125
train,2726,351.29998779296875,354.88128662109375
train,3110,411.5,423.8042297363281
train,7830,403.79998779296875,428.2519836425781
train,6772,556.2999877929688,582.2380981445312
train,8487,560.0999755859375,557.661865234375
train,1163,327.0,326.0920715332031
train,6497,645.5,684.3483276367188
train,3826,399.79998779296875,385.5614013671875
train,2254,310.20001220703125,321.3665771484375
train,7788,379.0,384.9450988769531
train,3034,574.2999877929688,580.6058349609375
train,8478,475.20001220703125,472.6435546875
train,2231,432.70001220703125,409.2950744628906
train,77,253.89999389648438,252.2041015625
train,2233,277.20001220703125,295.3641357421875
train,4992,281.70001220703125,291.3153076171875
train,3479,746.7000122070312,710.6153564453125
train,7143,653.5999755859375,639.1689453125
train,631,270.5999755859375,268.19390869140625
train,5977,405.70001220703125,436.1600646972656
train,2124,316.0,302.1930236816406
train,5180,369.79998779296875,386.0755310058594
train,7595,781.0,782.2069091796875
train,348,458.3999938964844,456.6442565917969
train,24,503.29998779296875,483.7212219238281
train,5047,347.79998779296875,367.3897705078125
train,1854,788.0,726.8132934570312
train,1166,884.0,862.482177734375
train,1575,409.20001220703125,356.7806396484375
train,793,522.2000122070312,553.3002319335938
train,2013,278.6000061035156,283.15533447265625
train,4585,404.20001220703125,411.58282470703125
train,1938,295.79998779296875,302.1167297363281
train,6091,454.29998779296875,445.4188537597656
train,3602,347.79998779296875,332.5869445800781
train,2514,475.5,422.6885986328125
train,2977,483.1000061035156,487.3067321777344
train,6317,284.3999938964844,278.10858154296875
train,92,388.5,393.65673828125
train,518,286.6000061035156,288.0810241699219
train,3726,797.9000244140625,741.1939086914062
train,6121,248.50001525878906,269.29388427734375
train,5827,449.5,433.38861083984375
train,8522,474.20001220703125,478.4459228515625
train,5193,274.20001220703125,278.3292236328125
train,2959,475.3999938964844,463.6700134277344
train,3446,304.1000061035156,291.2926025390625
train,6861,457.1000061035156,453.1104736328125
train,5127,361.6000061035156,353.0581970214844
train,32,298.8999938964844,284.01287841796875
train,5968,268.0,289.670166015625
train,7160,277.79998779296875,283.7850341796875
train,3803,739.0999755859375,740.1207885742188
train,7390,570.0999755859375,532.10302734375
train,3192,410.1000061035156,354.1790466308594
train,6520,369.1000061035156,373.8948974609375
train,3067,736.0999755859375,752.498291015625
train,5515,418.0,385.71771240234375
train,6863,385.6000061035156,371.24432373046875
train,6181,292.1000061035156,321.1846923828125
train,6942,464.70001220703125,499.9698181152344
train,3530,425.20001220703125,427.1614685058594
train,6518,269.8999938964844,265.39208984375
train,74,437.6000061035156,430.1271667480469
train,90,283.79998779296875,263.99932861328125
train,1470,821.7000122070312,826.4750366210938
train,1177,416.20001220703125,435.7265930175781
train,281,449.3999938964844,443.04376220703125
train,2071,417.70001220703125,407.2950134277344
train,3515,513.9000244140625,525.5422973632812
train,7760,394.20001220703125,379.9446716308594
train,1218,387.20001220703125,355.8301086425781
train,3985,474.20001220703125,462.94940185546875
train,2576,538.0999755859375,516.4385986328125
train,8573,307.20001220703125,289.646484375
train,6469,436.3999938964844,450.5378723144531
train,7396,463.5,465.420166015625
train,6866,312.1000061035156,310.094970703125
train,6590,360.79998779296875,348.1992492675781
train,6439,469.1000061035156,506.3448486328125
train,2352,536.7000122070312,538.0433349609375
train,5634,384.3999938964844,353.5687255859375
train,3188,338.5,325.8451843261719
train,2379,789.9000244140625,798.510009765625
train,650,369.20001220703125,358.98828125
train,7304,506.5,496.54168701171875
train,1031,403.20001220703125,342.4521179199219
train,2008,306.79998779296875,306.33892822265625
train,6643,333.20001220703125,347.400146484375
train,3150,296.70001220703125,312.82757568359375
train,5716,302.0,326.0050354003906
train,8058,463.3999938964844,445.2426452636719
train,1713,264.6000061035156,301.09844970703125
train,5488,324.5,343.120361328125
train,4919,292.3999938964844,268.8599853515625
train,3982,554.5999755859375,535.3489379882812
train,8023,637.7000122070312,591.9641723632812
train,8226,450.8999938964844,448.9062194824219
train,7651,309.3999938964844,307.0657043457031
train,217,278.3999938964844,274.9193115234375
train,1282,277.3999938964844,293.9259033203125
train,2471,551.9000244140625,520.5552978515625
train,5620,327.1000061035156,311.01123046875
train,4933,318.8999938964844,268.5194091796875
train,3854,506.1000061035156,521.1015625
train,1010,260.20001220703125,257.53985595703125
train,2951,373.5,365.9226989746094
train,5773,339.5,313.7931823730469
train,4968,485.3999938964844,486.2953796386719
train,2730,309.70001220703125,335.18292236328125
train,4952,459.8999938964844,447.1861267089844
train,6648,260.6000061035156,259.7191162109375
train,6750,583.7999877929688,566.547607421875
train,7138,364.70001220703125,354.355712890625
train,2550,453.0,501.34625244140625
train,5324,508.1000061035156,511.5665588378906
train,7319,376.8999938964844,373.973388671875
train,2872,375.6000061035156,344.62884521484375
train,6310,447.70001220703125,398.6715393066406
train,6910,307.29998779296875,298.08453369140625
train,2102,315.79998779296875,310.65692138671875
train,5449,299.8999938964844,312.9187316894531
train,2227,341.29998779296875,358.73504638671875
train,3061,384.6000061035156,340.449951171875
train,3608,245.8000030517578,254.86180114746094
train,4840,293.6000061035156,286.97369384765625
train,3062,265.5,279.87371826171875
train,2041,250.3000030517578,284.83685302734375
train,6658,398.0,426.07232666015625
train,5391,284.5,257.79132080078125
train,7575,387.70001220703125,400.895751953125
train,1264,377.20001220703125,361.7906188964844
train,384,401.1000061035156,364.6383056640625
train,1594,495.3999938964844,473.0586242675781
train,4221,331.0,273.123046875
train,1212,307.3999938964844,306.101806640625
train,2926,477.3999938964844,459.062744140625
train,5675,288.1000061035156,328.56060791015625
train,4229,292.20001220703125,293.5543212890625
train,2393,456.29998779296875,452.81329345703125
train,2553,508.79998779296875,502.1088562011719
train,6682,610.7999877929688,624.4419555664062
train,7535,323.20001220703125,317.91717529296875
train,7471,364.6000061035156,358.2820129394531
train,928,751.0999755859375,782.2518310546875
train,6280,586.5,565.8639526367188
train,2162,389.1000061035156,369.344482421875
train,5267,405.1000061035156,403.92034912109375
train,7825,327.29998779296875,325.756103515625
train,903,608.2000122070312,588.70458984375
train,5572,405.8999938964844,393.9302062988281
train,774,318.0,315.5728759765625
train,5266,307.3999938964844,306.25469970703125
train,1574,460.29998779296875,474.3644714355469
train,1261,404.6000061035156,389.2353820800781
train,1916,403.70001220703125,374.1693115234375
train,3714,773.7000122070312,783.1766357421875
train,7301,447.0,473.7480163574219
train,7598,364.3999938964844,354.2626953125
train,7609,307.20001220703125,324.2193298339844
train,6214,411.79998779296875,426.8971862792969
train,8435,408.20001220703125,398.4276428222656
train,980,518.2000122070312,468.75164794921875
train,2027,589.0999755859375,595.0689697265625
train,8112,313.29998779296875,300.5048828125
train,986,317.0,318.2769775390625
train,3352,373.5,369.8379211425781
train,2978,288.3999938964844,293.4587707519531
train,7829,319.79998779296875,319.3993225097656
train,158,519.2999877929688,510.43682861328125
train,5107,291.3999938964844,308.22747802734375
train,1413,290.79998779296875,286.39215087890625
train,3652,568.9000244140625,555.9482421875
train,8086,285.6000061035156,298.0448303222656
train,8466,406.79998779296875,384.24981689453125
train,5122,660.0,665.3134765625
train,8397,588.9000244140625,571.991943359375
train,5405,543.5999755859375,531.732177734375
train,2956,443.1000061035156,448.21624755859375
train,1032,251.8000030517578,277.6867370605469
train,1590,417.6000061035156,412.5882873535156
train,6228,400.5,390.7002868652344
train,2068,601.2000122070312,612.2501220703125
train,6054,363.0,366.18328857421875
train,5368,393.20001220703125,366.24908447265625
train,6365,372.20001220703125,390.68353271484375
train,8602,510.8999938964844,493.6871337890625
train,3264,575.4000244140625,566.2127075195312
train,819,468.29998779296875,440.28961181640625
train,5803,397.8999938964844,400.2834167480469
train,6296,332.1000061035156,308.84222412109375
train,1979,339.70001220703125,323.9749755859375
train,6072,359.29998779296875,346.3227844238281
train,7971,380.20001220703125,338.346435546875
train,3338,318.79998779296875,324.3468322753906
train,4590,285.5,287.0506286621094
train,4100,396.70001220703125,420.2288818359375
train,578,458.79998779296875,436.9375
train,428,445.79998779296875,433.68414306640625
train,4834,421.3999938964844,418.1921081542969
train,585,389.29998779296875,376.7215881347656
train,7652,318.70001220703125,323.8022766113281
train,1388,389.79998779296875,379.84722900390625
train,3278,465.29998779296875,484.24395751953125
train,7327,301.1000061035156,290.029541015625
train,4196,225.60000610351562,228.64703369140625
train,4607,369.70001220703125,368.9544372558594
train,4676,266.8999938964844,282.96832275390625
train,705,439.6000061035156,430.5064697265625
train,4216,466.8999938964844,423.3869934082031
train,4653,335.1000061035156,357.3179931640625
train,5344,447.29998779296875,405.7315368652344
train,8414,294.8999938964844,293.018310546875
train,2618,308.6000061035156,296.48126220703125
train,6063,544.2999877929688,576.312255859375
train,7896,540.9000244140625,539.80126953125
train,8431,587.9000244140625,581.03759765625
train,470,693.2000122070312,701.8922729492188
train,7738,272.79998779296875,290.0029296875
train,385,512.9000244140625,532.8125610351562
train,3200,779.7999877929688,800.6527709960938
train,4986,258.0,258.156005859375
train,7642,273.3999938964844,262.0240478515625
train,5313,256.1000061035156,261.98370361328125
train,2601,698.7999877929688,768.7124633789062
train,5995,558.4000244140625,580.7985229492188
train,1507,472.70001220703125,457.38470458984375
train,192,672.7999877929688,639.8397216796875
train,7740,362.5,359.6029968261719
train,4020,262.70001220703125,237.739501953125
train,6233,270.20001220703125,307.46575927734375
train,2691,318.29998779296875,326.4171142578125
train,526,274.3999938964844,288.3741760253906
train,4942,415.20001220703125,408.143310546875
train,4703,331.29998779296875,339.84832763671875
train,715,431.5,423.97467041015625
train,2105,312.29998779296875,328.335205078125
train,6305,414.6000061035156,408.34210205078125
train,1593,413.29998779296875,388.9920959472656
train,2702,308.1000061035156,297.41436767578125
train,6486,284.20001220703125,313.015625
train,7341,571.7000122070312,561.346435546875
train,3298,806.4000244140625,788.9931030273438
train,1146,526.4000244140625,526.5362548828125
train,2400,560.4000244140625,514.758056640625
train,8308,425.3999938964844,421.16107177734375
train,8119,283.79998779296875,298.8114013671875
train,1329,443.0,450.43402099609375
train,6818,562.5,566.4778442382812
train,63,905.7999877929688,901.50390625
train,5812,417.79998779296875,416.0796203613281
train,3800,486.0,489.23980712890625
train,1895,367.6000061035156,379.5064392089844
train,5613,297.1000061035156,290.50439453125
train,4559,291.20001220703125,287.7978210449219
train,8317,413.8999938964844,424.70794677734375
train,7076,352.70001220703125,330.09466552734375
train,990,263.5,253.771484375
train,2652,304.29998779296875,303.9680480957031
train,4044,567.2000122070312,568.6919555664062
train,4478,744.2999877929688,746.2572631835938
train,7887,355.29998779296875,347.4859619140625
train,5663,375.5,364.06756591796875
train,5298,563.4000244140625,553.9766235351562
train,3704,404.1000061035156,402.71673583984375
train,6675,416.20001220703125,436.7494812011719
train,8001,581.2000122070312,553.2406005859375
train,3889,494.8999938964844,509.4912109375
train,2750,291.70001220703125,301.5540466308594
train,7434,314.79998779296875,324.96343994140625
train,167,454.8999938964844,441.2261962890625
train,7494,487.3999938964844,474.1573486328125
train,3788,338.5,305.09710693359375
train,7372,566.0999755859375,564.1925048828125
train,4289,508.3999938964844,491.8848876953125
train,3421,283.0,274.93878173828125
train,933,520.0999755859375,463.63226318359375
train,8461,528.7000122070312,531.4788208007812
train,1405,408.3999938964844,387.4374694824219
train,7193,247.8000030517578,260.5468444824219
train,5306,689.0999755859375,705.5068969726562
train,1909,502.29998779296875,507.4732360839844
train,4228,564.9000244140625,545.57421875
train,6201,290.29998779296875,301.0719299316406
train,2467,390.0,400.1881103515625
train,2506,389.3999938964844,352.3370666503906
train,1624,590.5999755859375,583.244873046875
train,143,526.4000244140625,495.1958923339844
train,6049,665.5,625.7821655273438
train,7638,719.7000122070312,684.856689453125
train,1563,734.9000244140625,708.5247192382812
train,6752,339.3999938964844,330.7640686035156
train,7217,427.0,382.69219970703125
train,2768,592.2999877929688,556.7596435546875
train,559,437.8999938964844,434.8225402832031
train,3340,802.7999877929688,732.44677734375
train,895,538.7999877929688,544.3562622070312
train,2383,406.1000061035156,392.71258544921875
train,7689,480.6000061035156,483.0970764160156
train,4007,479.0,461.3390808105469
train,6760,411.5,404.08721923828125
train,5794,248.60000610351562,275.08563232421875
train,4569,420.79998779296875,383.17291259765625
train,2410,371.8999938964844,386.03973388671875
train,7361,301.20001220703125,312.93853759765625
train,6380,771.7999877929688,739.8656005859375
train,4772,481.1000061035156,472.57696533203125
train,7371,272.20001220703125,294.0937805175781
train,3222,371.0,355.96612548828125
train,5672,321.8999938964844,301.96148681640625
train,8544,310.0,277.2735595703125
train,5907,311.6000061035156,319.0350036621094
train,802,305.3999938964844,302.12371826171875
train,3873,427.3999938964844,419.9819030761719
train,6136,382.29998779296875,382.0283203125
train,8358,412.79998779296875,401.2957458496094
train,1796,603.0,606.8064575195312
train,4504,248.6999969482422,265.4290771484375
train,3225,423.1000061035156,450.9955749511719
train,285,435.1000061035156,438.4773864746094
train,7339,580.2999877929688,587.2308349609375
train,5046,525.0999755859375,507.66510009765625
train,1638,284.5,297.17138671875
train,2295,382.20001220703125,369.4984130859375
train,633,346.3999938964844,355.30059814453125
train,6363,389.6000061035156,385.26953125
train,4331,293.3999938964844,275.08880615234375
train,3980,507.3999938964844,480.9476318359375
train,6101,833.5999755859375,817.0012817382812
train,7036,404.5,407.5639953613281
train,3085,382.3999938964844,410.850830078125
train,221,336.6000061035156,342.7401428222656
train,8271,436.3999938964844,428.623291015625
train,765,802.5999755859375,831.3408203125
train,7699,426.1000061035156,424.12152099609375
train,5435,335.29998779296875,320.35784912109375
train,3121,250.5,260.2176208496094
train,5638,355.1000061035156,343.97406005859375
train,1960,368.29998779296875,356.4981689453125
train,3684,702.7999877929688,644.4525756835938
train,7000,391.8999938964844,393.9798583984375
train,697,754.9000244140625,740.4910888671875
train,624,599.0999755859375,616.89453125
train,6338,352.1000061035156,366.30426025390625
train,2735,324.79998779296875,319.9627380371094
train,5955,287.5,293.37249755859375
train,6686,311.70001220703125,321.8919982910156
train,276,410.6000061035156,428.29730224609375
train,6426,404.6000061035156,354.628173828125
train,2144,758.800048828125,753.1480102539062
train,7524,264.3999938964844,265.25341796875
train,8179,488.1000061035156,474.2497253417969
train,1918,739.0,741.0928955078125
train,8664,495.5,525.0021362304688
train,6067,247.6999969482422,274.45367431640625
train,2818,389.8999938964844,362.7221984863281
train,6765,554.0999755859375,591.1094360351562
train,2018,335.3999938964844,342.1923522949219
train,3234,379.6000061035156,372.6449279785156
train,2014,656.0999755859375,667.2420654296875
train,6761,405.79998779296875,419.2687072753906
train,2202,660.7000122070312,646.0535278320312
train,3116,339.1000061035156,336.6739196777344
train,7701,349.29998779296875,350.507080078125
train,3416,381.29998779296875,392.135986328125
train,2270,508.5,492.367919921875
train,8719,468.1000061035156,476.7759704589844
train,8392,308.70001220703125,284.4234619140625
train,7791,342.79998779296875,316.25518798828125
train,6688,477.29998779296875,475.44342041015625
train,1427,319.8999938964844,325.2894592285156
train,2453,377.1000061035156,374.4250793457031
train,8449,465.1000061035156,451.6485900878906
train,1626,585.9000244140625,606.5150146484375
train,7512,543.7000122070312,541.044189453125
train,5957,856.5999755859375,842.207275390625
train,4887,442.1000061035156,449.51300048828125
train,7503,538.4000244140625,524.0535888671875
train,142,438.8999938964844,420.6121826171875
train,2460,301.29998779296875,283.29119873046875
train,392,764.2999877929688,696.078369140625
train,4426,439.79998779296875,444.3825988769531
train,6927,383.3999938964844,393.1165771484375
train,4463,449.6000061035156,439.955322265625
train,5522,274.0,300.7817077636719
train,3718,292.5,284.37799072265625
train,3305,736.4000244140625,744.786865234375
train,591,620.7000122070312,602.707275390625
train,6297,349.8999938964844,304.84100341796875
train,2484,327.20001220703125,322.6106262207031
train,3220,350.79998779296875,347.9815673828125
train,5169,387.1000061035156,374.9588928222656
train,1769,397.6000061035156,364.8400573730469
train,1446,745.9000244140625,724.67626953125
train,361,293.29998779296875,330.4227600097656
train,4443,313.8999938964844,294.06268310546875
train,37,571.0,568.6881103515625
train,4307,378.29998779296875,347.02398681640625
train,7313,498.8999938964844,519.805419921875
train,4658,707.0999755859375,727.841064453125
train,4705,385.5,427.57940673828125
train,7382,390.3999938964844,399.8804016113281
train,3945,671.2000122070312,689.276123046875
train,3084,279.29998779296875,266.52685546875
train,1806,697.9000244140625,713.1956176757812
train,1970,389.70001220703125,363.7773742675781
train,176,374.1000061035156,374.21142578125
train,7426,350.79998779296875,341.6064453125
train,174,366.6000061035156,326.5838623046875
train,57,317.8999938964844,332.27264404296875
train,4015,312.1000061035156,319.03802490234375
train,5566,554.7999877929688,538.6213989257812
train,8342,289.0,303.9511413574219
train,322,267.29998779296875,275.2020263671875
train,3052,538.2000122070312,540.0453491210938
train,6721,329.29998779296875,332.8878173828125
train,1227,671.4000244140625,672.920654296875
train,6756,318.1000061035156,331.52288818359375
train,6415,412.8999938964844,435.9367370605469
train,6566,664.7999877929688,678.2227783203125
train,2899,356.5,354.2579345703125
train,5603,261.1000061035156,250.42823791503906
train,4048,498.1000061035156,526.1909790039062
train,2710,357.5,350.7394104003906
train,5950,417.79998779296875,388.71954345703125
train,1939,272.6000061035156,273.61651611328125
train,5694,284.6000061035156,276.3668518066406
train,7412,448.79998779296875,413.8459167480469
train,975,734.4000244140625,682.2977294921875
train,2764,530.2999877929688,543.61083984375
train,4865,257.20001220703125,267.2619323730469
train,1206,270.20001220703125,276.4267578125
train,7183,346.6000061035156,329.23956298828125
train,2432,355.3999938964844,352.46405029296875
train,541,726.5999755859375,731.7786865234375
train,8013,545.0999755859375,541.6451416015625
train,5885,344.5,339.59326171875
train,8388,295.8999938964844,287.4248046875
train,1309,733.0999755859375,715.477294921875
train,1561,329.8999938964844,332.36419677734375
train,2949,458.70001220703125,527.88232421875
train,3877,303.5,303.8096923828125
train,1658,706.2000122070312,713.1141357421875
train,6516,893.0999755859375,859.4642333984375
train,2852,274.8999938964844,295.4721374511719
train,2349,326.1000061035156,305.60626220703125
train,7568,357.0,335.4188232421875
train,8649,394.29998779296875,413.7247314453125
train,6231,316.3999938964844,316.79779052734375
train,5095,238.10000610351562,240.5249481201172
train,6172,478.5,443.2312316894531
train,1981,767.4000244140625,731.86376953125
train,4457,331.29998779296875,340.96173095703125
train,8543,289.20001220703125,270.1075439453125
train,6706,469.6000061035156,440.18646240234375
train,7109,602.0999755859375,567.7359619140625
train,4214,564.5,554.2247924804688
train,7027,408.0,388.873291015625
train,8303,301.79998779296875,285.91668701171875
train,8690,408.3999938964844,400.2885437011719
train,2015,285.29998779296875,273.5711669921875
train,2575,414.20001220703125,404.8231506347656
train,1097,462.20001220703125,460.1519470214844
train,2859,386.1000061035156,377.9600524902344
train,6628,280.29998779296875,285.1297302246094
train,8270,804.2999877929688,816.3739013671875
train,8141,265.70001220703125,254.93927001953125
train,810,354.79998779296875,340.6391296386719
train,8017,472.79998779296875,418.0470275878906
train,3957,354.3999938964844,344.24169921875
train,4540,374.0,370.0481262207031
train,6847,715.7000122070312,696.372802734375
train,869,725.4000244140625,704.7185668945312
train,8742,277.79998779296875,277.1591796875
train,5256,342.3999938964844,315.8658752441406
train,6383,404.6000061035156,410.3254699707031
train,1662,341.20001220703125,338.1148986816406
train,1280,346.79998779296875,340.9521789550781
train,4473,412.79998779296875,404.4184875488281
train,1582,415.1000061035156,399.90167236328125
train,1250,496.1000061035156,512.7208251953125
train,3263,446.6000061035156,445.646728515625
train,6512,291.3999938964844,296.564208984375
train,3191,431.3999938964844,425.0059814453125
train,7144,364.0,356.6186218261719
train,4932,358.0,366.442626953125
train,1985,302.20001220703125,289.96539306640625
train,551,436.8999938964844,418.880615234375
train,1271,394.29998779296875,377.2064514160156
train,8087,454.1000061035156,449.42022705078125
train,4761,608.5,587.996826171875
train,486,354.0,346.87542724609375
train,1512,358.29998779296875,357.2157287597656
train,3079,355.6000061035156,331.16455078125
train,7299,314.5,303.3369140625
train,3747,339.79998779296875,327.4736022949219
train,289,360.20001220703125,341.9143371582031
train,423,383.5,388.15179443359375
train,4610,461.8999938964844,427.0297546386719
train,8681,451.6000061035156,425.792236328125
train,6470,491.70001220703125,463.7149658203125
train,2683,398.1000061035156,414.361083984375
train,4069,332.20001220703125,339.59075927734375
train,5013,382.6000061035156,391.37310791015625
train,4697,603.2000122070312,572.0160522460938
train,4287,328.29998779296875,322.12652587890625
train,157,342.6000061035156,312.8967590332031
train,2535,295.8999938964844,285.994384765625
train,2178,255.79998779296875,277.393798828125
train,6425,244.3000030517578,238.71238708496094
train,7212,385.79998779296875,364.48004150390625
train,8595,335.20001220703125,314.8199462890625
train,4065,567.7000122070312,511.3173522949219
train,3741,449.1000061035156,438.7899169921875
train,4322,376.6000061035156,403.3480224609375
train,8330,581.4000244140625,561.6610717773438
train,7747,775.7000122070312,761.315673828125
train,1244,473.8999938964844,387.74664306640625
train,3708,288.1000061035156,288.08892822265625
train,5814,250.8000030517578,274.0500793457031
train,5960,430.6000061035156,396.1527099609375
train,7934,537.0,551.3326416015625
train,2098,409.8999938964844,388.5008850097656
train,7099,368.70001220703125,368.32342529296875
train,7991,304.5,305.27337646484375
train,1892,436.1000061035156,403.86041259765625
train,1554,343.20001220703125,341.4751281738281
train,4357,417.79998779296875,447.87310791015625
train,2629,403.20001220703125,372.2523193359375
train,2840,296.6000061035156,296.618408203125
train,3695,337.29998779296875,308.1066589355469
train,1781,421.8999938964844,416.0685119628906
train,724,264.20001220703125,265.8797912597656
train,4877,469.3999938964844,436.5552062988281
train,2989,340.79998779296875,336.4859619140625
train,5290,549.2000122070312,532.1380615234375
train,3815,308.6000061035156,334.98291015625
train,5378,613.2999877929688,634.2421875
train,8375,410.8999938964844,383.0794677734375
train,3942,421.5,435.759033203125
train,434,325.3999938964844,326.93133544921875
train,317,433.8999938964844,424.8052978515625
train,5618,333.3999938964844,325.8328552246094
train,1435,508.5,517.467041015625
train,3483,436.6000061035156,432.59722900390625
train,6505,591.0,577.521240234375
train,1093,359.0,366.0426330566406
train,6069,516.7999877929688,521.8338623046875
train,7603,531.4000244140625,509.23748779296875
train,8637,314.6000061035156,293.61370849609375
train,2125,738.2000122070312,761.0135498046875
train,8743,797.5,809.7595825195312
train,6735,389.5,393.8711242675781
train,8166,259.6000061035156,295.83203125
train,6261,467.8999938964844,435.0489501953125
train,6385,453.70001220703125,460.9656677246094
train,4363,704.4000244140625,713.6058349609375
train,3304,284.6000061035156,297.13604736328125
train,2675,738.300048828125,707.724609375
train,5272,406.6000061035156,388.442138671875
train,6330,261.8999938964844,272.24169921875
train,1584,395.3999938964844,388.0494079589844
train,8383,523.7999877929688,523.7205200195312
train,1451,336.29998779296875,314.0694274902344
train,619,346.8999938964844,355.67559814453125
train,4189,340.70001220703125,342.04833984375
train,6583,352.29998779296875,339.8533630371094
train,722,364.3999938964844,348.82281494140625
train,3585,279.8999938964844,280.8833312988281
train,2974,276.8999938964844,277.16168212890625
train,3058,591.5999755859375,563.9522094726562
train,2594,474.8999938964844,480.7181396484375
train,6920,468.8999938964844,458.2828369140625
train,6339,279.20001220703125,276.37457275390625
train,8430,735.7999877929688,778.615478515625
train,7531,306.3999938964844,315.5986022949219
train,455,685.4000244140625,709.6019287109375
train,2774,410.70001220703125,427.4900817871094
train,5926,450.3999938964844,412.666015625
train,8398,496.5,495.51800537109375
train,5196,567.0999755859375,575.7718505859375
train,2551,624.2000122070312,630.459228515625
train,8348,319.5,299.5657043457031
train,8309,309.8999938964844,297.087646484375
train,6153,814.0999755859375,779.6266479492188
train,7429,355.3999938964844,335.46466064453125
train,2711,369.79998779296875,362.2008361816406
train,1476,366.79998779296875,426.1044006347656
train,4577,851.0,828.3602294921875
train,5580,322.8999938964844,301.0730285644531
train,4186,378.6000061035156,363.68994140625
train,1364,341.8999938964844,339.34979248046875
train,6944,376.6000061035156,367.4614562988281
train,1352,276.0,291.3941650390625
train,5605,286.70001220703125,306.4535827636719
train,8583,610.5999755859375,632.1332397460938
train,2502,259.3999938964844,268.06500244140625
train,1783,483.29998779296875,470.3804931640625
train,5999,288.6000061035156,283.80908203125
train,429,253.0,248.06838989257812
train,3470,431.79998779296875,404.6936950683594
train,231,290.70001220703125,303.8523864746094
train,7219,278.10003662109375,305.2232666015625
train,5732,334.6000061035156,307.6659240722656
train,8150,308.5,307.1627502441406
train,7872,289.20001220703125,285.796142578125
train,2077,389.29998779296875,410.9501953125
train,6953,376.79998779296875,387.5043640136719
train,3167,245.60000610351562,219.14651489257812
train,3994,663.2999877929688,662.4951171875
train,5304,391.8999938964844,375.65753173828125
train,4305,836.5,860.734375
train,5198,310.1000061035156,318.2181091308594
train,3771,304.1000061035156,318.9741516113281
train,7824,378.3999938964844,365.5804748535156
train,4204,325.20001220703125,319.48944091796875
train,7293,331.20001220703125,295.94769287109375
train,6511,373.8999938964844,340.4598693847656
train,4396,537.2000122070312,532.9459228515625
train,3408,405.70001220703125,407.22821044921875
train,7200,530.4000244140625,502.8586120605469
train,5187,385.20001220703125,382.7535705566406
train,5261,496.1000061035156,469.593505859375
train,6133,314.8999938964844,318.548095703125
train,635,442.3999938964844,398.8404235839844
train,4223,279.3999938964844,269.57354736328125
train,4963,417.29998779296875,424.94989013671875
train,7276,259.1000061035156,288.95941162109375
train,5199,566.2999877929688,567.04541015625
train,3499,417.6000061035156,411.963134765625
train,3801,586.7000122070312,589.097900390625
train,855,800.9000244140625,776.9173583984375
train,3855,526.0999755859375,513.479248046875
train,7459,578.9000244140625,613.5253295898438
train,1982,290.79998779296875,283.24127197265625
train,7777,322.8999938964844,330.5452880859375
train,2855,361.70001220703125,386.63787841796875
train,3998,219.1999969482422,246.35586547851562
train,5019,363.20001220703125,331.8685302734375
train,1961,411.1000061035156,404.335693359375
train,8465,404.1000061035156,386.6994934082031
train,8033,516.0,510.86517333984375
train,6392,439.1000061035156,424.4385986328125
train,8120,375.70001220703125,379.4178771972656
train,5299,330.1000061035156,322.60687255859375
train,8312,335.0,318.01568603515625
train,7851,317.3999938964844,334.9450988769531
train,8049,369.5,358.9600524902344
train,101,552.0,539.8836669921875
train,6607,304.79998779296875,295.5292053222656
train,4779,373.1000061035156,379.04779052734375
train,4570,303.79998779296875,299.20489501953125
train,2063,387.5,383.7943115234375
train,6250,418.20001220703125,415.28363037109375
train,427,254.3000030517578,258.0723876953125
train,8421,348.20001220703125,365.88165283203125
train,1946,610.7999877929688,601.6322021484375
train,2409,530.9000244140625,543.6881103515625
train,6913,394.5,378.3033447265625
train,4759,822.5,831.85791015625
train,3160,245.39999389648438,239.82818603515625
train,4057,324.0,318.87994384765625
train,4095,352.6000061035156,356.60650634765625
train,623,389.3999938964844,425.2594299316406
train,6609,451.20001220703125,424.2628479003906
train,3677,311.29998779296875,305.7908935546875
train,3890,519.7999877929688,511.2075500488281
train,104,278.8999938964844,287.1317443847656
train,5258,261.3999938964844,276.19097900390625
train,4124,294.8999938964844,313.95965576171875
train,1274,714.0999755859375,800.8450927734375
train,4689,442.5,455.0856628417969
train,5555,509.5,499.703125
train,2278,380.3999938964844,388.5172424316406
train,3950,411.8999938964844,415.6588439941406
train,8041,504.1000061035156,465.41009521484375
train,1069,708.7000122070312,704.686767578125
train,6766,428.20001220703125,433.8398132324219
train,3381,282.1000061035156,279.7884521484375
train,7363,311.1000061035156,315.959716796875
train,5465,431.79998779296875,407.8409729003906
train,4916,345.3999938964844,350.99993896484375
train,8176,616.7999877929688,621.330322265625
train,3326,363.5,361.86865234375
train,4170,343.29998779296875,322.1257019042969
train,1397,492.0,524.791259765625
train,3123,469.5,429.31781005859375
train,5264,456.8999938964844,416.2981262207031
train,1478,344.20001220703125,338.2491455078125
train,5973,330.0,328.9441833496094
train,6699,531.0999755859375,514.3253784179688
train,8314,337.6000061035156,339.6761779785156
train,2850,793.9000244140625,766.6318969726562
train,6057,314.70001220703125,305.61322021484375
train,3346,436.0,422.35833740234375
train,5938,407.6000061035156,377.40728759765625
train,1386,358.6000061035156,350.5718078613281
train,3813,286.3999938964844,292.2355041503906
train,687,551.5999755859375,546.73828125
train,1229,492.3999938964844,516.1583251953125
train,1543,554.4000244140625,553.4088134765625
train,6630,343.0,329.81494140625
train,5789,376.6000061035156,390.1447448730469
train,2590,274.20001220703125,289.4146423339844
train,4450,452.6000061035156,468.0485534667969
train,7089,304.79998779296875,322.948486328125
train,383,540.0,525.1839599609375
train,742,488.20001220703125,494.2249755859375
train,1792,409.29998779296875,392.3420715332031
train,4129,393.20001220703125,402.2887878417969
train,1884,376.0,360.5565490722656
train,6303,278.0,273.535888671875
train,2096,276.0,268.80029296875
train,6457,714.9000244140625,677.96533203125
train,6827,267.1000061035156,302.36737060546875
train,5585,325.8999938964844,324.0760498046875
train,56,406.5,383.3494567871094
train,7211,292.3999938964844,286.69549560546875
train,3624,393.5,415.5135803222656
train,2723,365.8999938964844,345.57080078125
train,2970,306.70001220703125,320.1932373046875
train,303,403.0,371.61859130859375
train,3861,484.5,492.1586608886719
train,2003,326.0,343.62261962890625
train,6016,394.1000061035156,405.5035400390625
train,7721,319.1000061035156,307.8095397949219
train,4485,308.5,316.3706970214844
train,8574,527.2999877929688,515.9447631835938
train,7769,449.70001220703125,433.865478515625
train,3255,331.79998779296875,334.6162414550781
train,1436,535.5999755859375,533.015625
train,8552,317.29998779296875,310.84527587890625
train,4864,391.3999938964844,381.18743896484375
train,8139,396.1000061035156,376.2944641113281
train,2482,283.20001220703125,296.1943359375
train,4618,333.5,334.212890625
train,6195,272.89996337890625,265.241455078125
train,275,941.4000244140625,843.443603515625
train,3453,383.79998779296875,368.2168884277344
train,2821,398.3999938964844,381.73333740234375
train,1122,591.5999755859375,515.4764404296875
train,5594,663.2000122070312,669.0612182617188
train,4353,430.1000061035156,459.8735046386719
train,3369,515.7999877929688,490.0985107421875
train,223,657.7000122070312,682.7726440429688
train,7475,287.5,265.58447265625
train,4384,345.0,339.115966796875
train,2167,376.1000061035156,353.7312927246094
train,1356,405.70001220703125,450.2396240234375
train,2746,386.29998779296875,401.2392578125
train,6858,410.0,427.484619140625
train,3879,731.4000244140625,708.8798217773438
train,7386,267.5,285.586181640625
train,2023,367.8999938964844,337.4996032714844
train,115,271.6000061035156,259.44134521484375
train,2584,434.3999938964844,431.3080139160156
train,641,441.0,473.6133728027344
train,2292,584.5999755859375,575.9749145507812
train,1012,293.70001220703125,281.5038757324219
train,1910,428.20001220703125,389.961181640625
train,1414,582.2000122070312,563.9100341796875
train,2693,365.29998779296875,362.1546325683594
train,6655,310.1000061035156,316.7644958496094
train,1782,404.6000061035156,391.3990173339844
train,3510,221.39999389648438,233.79025268554688
train,513,276.29998779296875,277.66351318359375
train,3906,492.79998779296875,495.5250549316406
train,2091,516.2000122070312,524.0655517578125
train,2053,476.8999938964844,467.0970458984375
train,6368,288.0,320.6846923828125
train,1382,627.2999877929688,587.156005859375
train,2943,458.1000061035156,450.2977600097656
train,4476,562.7000122070312,571.2921752929688
train,2997,489.5,484.13262939453125
train,6468,506.29998779296875,503.5490417480469
train,5744,300.0,325.6263122558594
train,1401,466.6000061035156,475.4858093261719
train,5188,276.8999938964844,297.4028015136719
train,7148,508.3999938964844,549.6085815429688
train,5786,261.0,271.7403869628906
train,8071,527.7999877929688,520.5142211914062
train,5379,375.5,331.3493347167969
train,3327,474.5,466.5905456542969
train,5288,272.70001220703125,283.16265869140625
train,6774,448.79998779296875,439.0683898925781
train,2596,326.0,326.4963073730469
train,2362,420.3999938964844,402.6659851074219
train,337,260.20001220703125,245.5639190673828
train,6690,583.4000244140625,582.893310546875
train,3703,742.0,733.3798828125
train,2587,284.70001220703125,292.7230224609375
train,69,590.5,597.2986450195312
train,1965,326.70001220703125,317.1228942871094
train,8527,405.5,420.0041198730469
train,6707,709.2000122070312,713.7967529296875
train,2826,459.20001220703125,432.2511901855469
train,8181,726.5,689.8280029296875
train,163,633.0,638.1649780273438
train,8162,227.0,213.12005615234375
train,4858,447.79998779296875,425.8094787597656
train,3878,778.5,760.4166259765625
train,5239,322.70001220703125,332.0964050292969
train,2660,448.29998779296875,418.7017822265625
train,1022,593.5,581.9727783203125
train,660,300.8999938964844,311.5975646972656
train,3050,731.0,733.9808349609375
train,1017,429.20001220703125,431.0801696777344
train,8209,267.20001220703125,282.03643798828125
train,1217,377.0,367.2043151855469
train,4286,632.4000244140625,624.413330078125
train,3542,479.70001220703125,486.7823486328125
train,3442,275.39996337890625,293.63726806640625
train,4282,355.0,342.64447021484375
train,5609,338.5,311.33233642578125
train,2940,479.0,457.46099853515625
train,1926,291.1000061035156,274.0594482421875
train,4565,752.5,742.348876953125
train,2413,277.5,283.6973876953125
train,4190,419.70001220703125,406.92730712890625
train,1181,313.3999938964844,309.63250732421875
train,1641,340.29998779296875,336.1514892578125
train,3097,271.8999938964844,263.98406982421875
train,6012,643.0999755859375,638.8306884765625
train,6417,273.79998779296875,260.0238037109375
train,3732,485.3999938964844,478.7647399902344
train,8715,338.3999938964844,327.1021423339844
train,1230,364.6000061035156,365.50457763671875
train,6832,330.70001220703125,328.657958984375
train,324,289.6000061035156,280.2728271484375
train,3215,681.5,666.085693359375
train,7678,300.3999938964844,295.420166015625
train,3349,486.0,457.44390869140625
train,7302,304.29998779296875,297.026123046875
train,4913,683.7999877929688,657.2265014648438
train,2911,472.29998779296875,466.580322265625
train,1718,370.20001220703125,340.3466796875
train,3484,440.5,402.4413146972656
train,5347,399.6000061035156,380.797119140625
train,6272,328.1000061035156,330.16412353515625
train,6394,422.0,408.2058410644531
train,5894,281.20001220703125,316.0404052734375
train,8192,448.3999938964844,422.7239990234375
train,8581,316.1000061035156,298.96649169921875
train,3178,396.6000061035156,359.1007385253906
train,123,449.70001220703125,452.4566650390625
train,739,463.8999938964844,476.65576171875
train,773,634.7000122070312,606.1109619140625
train,6962,592.0,561.583740234375
train,2732,323.70001220703125,319.2138671875
train,2333,320.1000061035156,317.2596435546875
train,5662,322.79998779296875,332.83343505859375
train,181,292.8999938964844,290.7839660644531
train,3905,287.3999938964844,276.82977294921875
train,4917,424.29998779296875,418.0264587402344
train,1549,496.5,487.2525939941406
train,1145,291.20001220703125,295.8785400390625
train,8305,262.79998779296875,271.295166015625
train,1707,321.3999938964844,341.87744140625
train,2542,334.6000061035156,321.5218505859375
train,3008,822.5999755859375,789.0881958007812
train,8089,347.29998779296875,331.5752258300781
train,2655,334.1000061035156,319.5688781738281
train,7907,312.3999938964844,322.75006103515625
train,4768,327.79998779296875,318.7618408203125
train,6219,338.1000061035156,352.53704833984375
train,4079,404.6000061035156,396.66107177734375
train,5735,525.9000244140625,519.189453125
train,8091,789.5999755859375,771.2706298828125
train,6279,417.20001220703125,412.3982849121094
train,3899,235.5,258.3335876464844
train,8111,479.0,470.8086242675781
train,7034,442.29998779296875,467.4255065917969
train,6857,718.9000244140625,707.6231689453125
train,3190,485.79998779296875,487.1136474609375
train,6994,293.20001220703125,291.2009582519531
train,4599,317.0,305.89044189453125
train,3358,422.3999938964844,422.43011474609375
train,7582,789.9000244140625,806.413330078125
train,6636,438.79998779296875,419.2550964355469
train,8731,472.70001220703125,503.5423583984375
train,1690,410.20001220703125,404.7087097167969
train,6883,248.60000610351562,253.6522979736328
train,5493,325.70001220703125,304.406005859375
train,6015,405.8999938964844,392.6115417480469
train,3498,571.0,589.21337890625
train,7786,298.6000061035156,296.5780334472656
train,4481,400.1000061035156,407.521484375
train,3872,508.0,501.157958984375
train,6806,273.79998779296875,283.57958984375
train,3793,348.1000061035156,338.1575927734375
train,2183,207.6999969482422,224.86839294433594
train,6281,410.1000061035156,392.5939636230469
train,2164,263.20001220703125,269.6996765136719
train,424,308.79998779296875,327.6684875488281
train,1444,427.8999938964844,411.27716064453125
train,2040,343.29998779296875,325.0838623046875
train,1225,501.70001220703125,477.3116149902344
train,4220,493.20001220703125,487.7956848144531
train,1238,394.6000061035156,389.92755126953125
train,4248,400.20001220703125,384.75537109375
train,2849,404.20001220703125,386.2137145996094
train,5818,295.79998779296875,291.996337890625
train,7886,402.79998779296875,374.2170104980469
train,3934,390.3999938964844,379.5999450683594
train,48,304.3999938964844,289.04681396484375
train,5867,525.0,520.7653198242188
train,4123,608.0,588.415771484375
train,3155,277.6000061035156,297.89532470703125
train,3921,406.0,397.7530212402344
train,1033,328.6000061035156,292.5545654296875
train,6764,408.1000061035156,383.57037353515625
train,5050,351.0,376.92486572265625
train,4821,444.6000061035156,409.939453125
train,2578,296.6000061035156,293.15911865234375
train,3409,476.0,461.84765625
train,771,325.79998779296875,311.01861572265625
train,4983,319.8999938964844,312.3198547363281
train,4555,319.29998779296875,309.64312744140625
train,6981,307.20001220703125,283.1207580566406
train,1270,259.9000244140625,272.59600830078125
train,3212,401.20001220703125,376.7622375488281
train,3812,563.7999877929688,560.8017578125
train,7797,541.4000244140625,543.0133666992188
train,1896,333.20001220703125,343.74224853515625
train,1819,395.79998779296875,390.80633544921875
train,436,652.0,669.4127807617188
train,4303,337.79998779296875,316.6044616699219
train,4830,558.2999877929688,552.8358764648438
train,311,412.3999938964844,427.076904296875
train,3716,363.5,376.9455871582031
train,2034,489.79998779296875,461.0486755371094
train,752,641.9000244140625,663.5360107421875
train,4428,509.1000061035156,476.9867858886719
train,8114,425.1000061035156,390.0601806640625
train,5584,411.3999938964844,399.781494140625
train,7509,264.3999938964844,289.8750915527344
train,1606,331.6000061035156,339.26318359375
train,6169,563.9000244140625,540.0528564453125
train,6637,514.5,515.1744995117188
train,4359,394.1000061035156,404.95416259765625
train,2158,860.2999877929688,849.510498046875
train,6799,601.9000244140625,580.7503662109375
train,6472,310.29998779296875,312.36798095703125
train,8189,441.0,444.34930419921875
train,888,468.0,421.83453369140625
train,3626,486.0,480.7537841796875
train,4589,248.39999389648438,255.96530151367188
train,1005,327.5,338.6632080078125
train,7053,303.20001220703125,303.124267578125
train,6208,270.70001220703125,282.3883972167969
train,720,284.8999938964844,261.0606994628906
train,2900,484.79998779296875,475.7698059082031
train,3179,570.2000122070312,570.3282470703125
train,684,367.29998779296875,371.5669860839844
train,6519,738.300048828125,736.522705078125
train,7724,443.79998779296875,434.0205078125
train,8706,376.79998779296875,362.6715393066406
train,3387,253.60000610351562,260.40673828125
train,330,449.79998779296875,427.8167724609375
train,7869,464.0,454.5622253417969
train,1178,271.6000061035156,293.14971923828125
train,3306,275.8999938964844,305.77557373046875
train,1403,790.7999877929688,812.9197998046875
train,7630,470.29998779296875,406.3820495605469
train,7256,256.3999938964844,274.3631591796875
train,3976,351.20001220703125,355.90460205078125
train,6660,315.0,314.0787658691406
train,2516,578.7999877929688,563.95654296875
train,3654,350.5,318.76318359375
train,8569,733.0999755859375,688.3919067382812
train,703,832.0,785.08642578125
train,7978,386.70001220703125,391.78814697265625
train,4773,466.79998779296875,418.74139404296875
train,7705,354.20001220703125,345.8466796875
train,5967,546.7000122070312,559.2498779296875
train,5715,395.20001220703125,409.6031188964844
train,4588,735.9000244140625,757.4942626953125
train,2642,342.70001220703125,343.4405517578125
train,1235,494.8999938964844,497.2554626464844
train,3100,374.5,370.84783935546875
train,748,198.0,232.73068237304688
train,8605,728.0,708.7672119140625
train,39,286.5,283.09246826171875
train,5328,394.79998779296875,370.78472900390625
train,6027,499.5,533.3751220703125
train,6584,369.0,412.9739074707031
train,1168,403.6000061035156,419.50848388671875
train,6542,352.6000061035156,342.57623291015625
train,165,351.0,383.05950927734375
train,6031,384.1000061035156,365.6755676269531
train,7950,291.20001220703125,272.8235778808594
train,8030,469.0,454.39190673828125
train,4984,303.6000061035156,301.2648010253906
train,885,384.0,370.67193603515625
train,7247,339.8999938964844,344.3907470703125
train,91,508.70001220703125,549.2215576171875
train,5592,327.29998779296875,284.81622314453125
train,5741,635.5,629.21435546875
train,190,322.5,327.0030212402344
train,7770,322.29998779296875,313.2873229980469
train,130,339.1000061035156,335.4998474121094
train,1334,423.5,414.3311462402344
train,8331,820.5999755859375,825.7127685546875
train,8599,280.1000061035156,285.624267578125
train,8720,370.20001220703125,412.6899719238281
train,5946,514.7999877929688,488.56402587890625
train,2969,401.5,374.8891906738281
train,4989,405.1000061035156,409.76055908203125
train,1466,472.5,481.46673583984375
train,4080,497.3999938964844,510.4432067871094
train,2444,448.20001220703125,441.40802001953125
train,7781,365.29998779296875,346.56854248046875
train,8097,351.5,348.42376708984375
train,1277,255.6999969482422,285.74517822265625
train,813,290.3999938964844,288.37225341796875
train,1992,481.0,464.5628662109375
train,8349,412.3999938964844,380.1385803222656
train,3968,474.70001220703125,470.10113525390625
train,5959,348.3999938964844,325.4972229003906
train,8753,259.3999938964844,266.8609924316406
train,610,668.2999877929688,660.4869995117188
train,6693,312.6000061035156,311.8211364746094
train,2293,458.20001220703125,464.3919982910156
train,5325,361.6000061035156,341.43170166015625
train,860,274.8999938964844,292.53619384765625
train,6742,558.5999755859375,507.370849609375
train,291,393.5,406.5426025390625
train,7518,480.6000061035156,476.23614501953125
train,5913,375.6000061035156,366.5043029785156
train,5145,466.8999938964844,467.4106750488281
train,7732,368.0,360.6381530761719
train,5559,839.0999755859375,799.5101318359375
train,7594,300.5,304.04083251953125
train,1745,274.6000061035156,290.5506591796875
train,5071,266.20001220703125,268.86279296875
train,7095,706.0999755859375,687.3892211914062
train,7782,835.9000244140625,825.06103515625
train,8475,264.8999938964844,262.69390869140625
train,3867,338.29998779296875,342.0990295410156
train,6108,521.0999755859375,514.943359375
train,3445,769.2000122070312,681.3251953125
train,1120,555.5,574.1043090820312
train,4908,503.8999938964844,476.9305725097656
train,4710,301.5,298.2052917480469
train,6673,515.4000244140625,508.3500671386719
train,3944,473.8999938964844,475.7879333496094
train,5128,286.79998779296875,282.9386291503906
train,7037,491.29998779296875,479.5559387207031
train,2922,442.3999938964844,402.3804931640625
train,1919,296.1000061035156,292.02459716796875
train,4386,257.0,258.68292236328125
train,7600,512.5999755859375,530.01904296875
train,1411,304.0,306.274169921875
train,8356,408.29998779296875,420.3686828613281
train,4990,400.6000061035156,403.89068603515625
train,2446,712.0999755859375,692.24951171875
train,1748,465.20001220703125,471.5207824707031
train,3706,269.8999938964844,266.79986572265625
train,5229,365.79998779296875,351.588623046875
train,1616,633.2000122070312,646.2635498046875
train,2583,349.3999938964844,345.6295166015625
train,2451,386.1000061035156,371.84674072265625
train,7675,379.70001220703125,381.0723571777344
train,7164,564.4000244140625,558.3572387695312
train,7550,402.29998779296875,385.26910400390625
train,2708,436.3999938964844,437.4443664550781
train,4314,423.29998779296875,392.3589172363281
train,2658,583.9000244140625,611.7481079101562
train,2190,400.1000061035156,411.15423583984375
train,2819,475.29998779296875,453.14483642578125
train,1568,361.70001220703125,359.0863037109375
train,2811,656.4000244140625,582.6576538085938
train,3754,362.8999938964844,349.7419128417969
train,3886,426.70001220703125,430.31707763671875
train,2434,544.4000244140625,507.9444580078125
train,2437,375.8999938964844,347.7838134765625
train,4763,608.5999755859375,597.3793334960938
train,1066,382.29998779296875,370.469970703125
train,133,292.20001220703125,282.3054504394531
train,6976,341.70001220703125,321.8021240234375
train,7051,371.6000061035156,366.22076416015625
train,8682,383.0,339.83978271484375
train,6879,298.70001220703125,299.12750244140625
train,7479,427.3999938964844,415.64788818359375
train,3955,449.20001220703125,421.0252380371094
train,1268,314.20001220703125,297.4810485839844
train,7231,363.70001220703125,331.942626953125
train,611,245.1999969482422,280.7097473144531
train,2123,547.7000122070312,506.0205078125
train,2851,324.70001220703125,311.189697265625
train,6189,321.3999938964844,303.6141357421875
train,2741,290.79998779296875,287.26556396484375
train,6046,344.6000061035156,329.34356689453125
train,6113,331.8999938964844,341.1653747558594
train,5302,286.8999938964844,299.5377197265625
train,7383,412.0,393.3857727050781
train,4897,490.20001220703125,473.295654296875
train,4847,317.20001220703125,341.3310546875
train,6188,531.5999755859375,544.7138671875
train,454,271.1000061035156,275.83709716796875
train,3258,313.6000061035156,317.1460266113281
train,186,362.29998779296875,377.4410705566406
train,757,391.0,393.84442138671875
train,5577,462.79998779296875,480.19744873046875
train,2148,288.5,282.5753173828125
train,2433,285.79998779296875,273.1601867675781
train,2600,419.3999938964844,447.61761474609375
train,2799,315.1000061035156,325.3106384277344
train,4091,481.8999938964844,499.740478515625
train,2617,516.7000122070312,538.0689086914062
train,3953,379.29998779296875,401.8563537597656
train,8697,263.1000061035156,284.58367919921875
train,7325,365.5,376.68463134765625
train,274,268.1000061035156,290.72991943359375
train,4890,690.0999755859375,719.86328125
train,6536,274.29998779296875,264.6841125488281
train,3415,444.3999938964844,461.2783203125
train,2218,410.5,385.02667236328125
train,719,313.6000061035156,341.7361755371094
train,8079,484.29998779296875,490.07257080078125
train,4296,207.0,235.82864379882812
train,3359,294.6000061035156,290.3136291503906
train,6316,451.8999938964844,448.3389892578125
train,6122,283.70001220703125,321.57073974609375
train,2287,605.2999877929688,618.98583984375
train,8051,508.3999938964844,483.9881896972656
train,6055,294.8999938964844,293.16619873046875
train,4348,262.29998779296875,249.7573699951172
train,3779,794.7000122070312,804.337646484375
train,7406,355.0,345.6865234375
train,2980,398.0,388.9270324707031
train,1728,235.60000610351562,254.50169372558594
train,6887,575.0999755859375,590.29052734375
train,2177,275.79998779296875,284.6729736328125
train,963,489.20001220703125,474.1687316894531
train,8098,383.20001220703125,370.9881591796875
train,2310,305.20001220703125,281.99224853515625
train,2112,451.3999938964844,467.9132995605469
train,351,367.5,370.97467041015625
train,8531,343.79998779296875,338.2950134277344
train,4375,318.79998779296875,347.9186096191406
train,5758,299.29998779296875,310.28875732421875
train,1813,328.20001220703125,293.4022216796875
train,7062,494.1000061035156,538.9814453125
train,7285,601.7000122070312,613.1798095703125
train,3333,377.29998779296875,407.6613464355469
train,3295,410.29998779296875,406.2305908203125
train,6666,366.70001220703125,364.6632080078125
train,6229,351.6000061035156,337.7335205078125
train,7006,325.1000061035156,290.5706787109375
train,7986,505.3999938964844,507.48272705078125
train,2428,468.6000061035156,412.23809814453125
train,89,519.7999877929688,492.31109619140625
train,4031,331.20001220703125,320.4124755859375
train,6299,339.6000061035156,310.04962158203125
train,4256,658.4000244140625,622.2141723632812
train,7214,369.29998779296875,353.40966796875
train,907,528.0999755859375,510.68072509765625
train,7879,800.5,799.0574951171875
train,5850,500.70001220703125,527.61865234375
train,4087,565.2000122070312,562.6423950195312
train,411,754.9000244140625,737.56103515625
train,7780,657.2999877929688,605.037109375
train,135,454.3999938964844,477.77777099609375
train,3896,274.8999938964844,267.0262145996094
train,2914,375.6000061035156,364.0552673339844
train,565,289.20001220703125,286.57159423828125
train,7088,608.2999877929688,628.4249267578125
train,2783,330.29998779296875,311.8485107421875
train,140,738.0999755859375,690.2281494140625
train,7981,755.0,699.5203857421875
train,779,322.3999938964844,315.0077209472656
train,6104,207.10000610351562,233.7965850830078
train,6646,305.70001220703125,298.75457763671875
train,4358,287.3999938964844,290.41046142578125
train,2857,321.8999938964844,295.6293640136719
train,7248,519.0999755859375,500.2513732910156
train,7709,550.0,539.4884643554688
train,7629,286.20001220703125,299.5147705078125
train,210,320.5,337.0882263183594
train,1804,573.7999877929688,548.1030883789062
train,4304,957.5,874.6129150390625
train,621,425.6000061035156,443.8626708984375
train,6769,370.1000061035156,353.2047424316406
train,96,441.29998779296875,415.3591003417969
train,930,513.0999755859375,524.5370483398438
train,8212,337.29998779296875,308.052001953125
train,6795,526.5,527.5560913085938
train,251,388.70001220703125,441.7720642089844
train,3965,429.0,445.410400390625
train,5078,599.9000244140625,608.923583984375
train,7420,467.70001220703125,453.22125244140625
train,7408,469.6000061035156,507.4264221191406
train,6602,434.70001220703125,402.7790222167969
train,6462,451.1000061035156,409.7923583984375
train,2933,360.29998779296875,363.4859619140625
train,8538,461.29998779296875,438.5792541503906
train,7001,276.79998779296875,277.38787841796875
train,1551,316.1000061035156,317.1405334472656
train,3586,327.6000061035156,335.8862609863281
train,233,258.70001220703125,255.35716247558594
train,7837,280.5,300.0953674316406
train,835,365.29998779296875,346.5456237792969
train,4104,317.20001220703125,292.8310852050781
train,7303,298.0,328.01910400390625
train,3026,211.6000213623047,243.77366638183594
train,2979,611.2000122070312,601.2246704101562
train,1456,421.5,394.7886962890625
train,3794,344.8999938964844,325.1462707519531
train,8173,738.0,723.1741943359375
train,3092,383.5,369.4537658691406
train,70,459.5,465.02325439453125
train,6878,304.3999938964844,313.69207763671875
train,4397,696.7000122070312,719.7901611328125
train,5731,619.2000122070312,599.156494140625
train,4430,392.0,375.8458251953125
train,8586,604.0999755859375,603.1272583007812
train,5456,439.70001220703125,398.1223449707031
train,7448,397.29998779296875,383.87957763671875
train,519,746.4000244140625,743.2159423828125
train,3395,283.29998779296875,265.06890869140625
train,2346,295.70001220703125,323.647705078125
train,6184,378.5,355.43701171875
train,1692,313.79998779296875,332.2519836425781
train,296,599.5999755859375,584.74560546875
train,8351,367.79998779296875,382.71746826171875
train,1983,303.5,313.4680480957031
train,4944,293.8999938964844,283.4970703125
train,4351,340.1000061035156,345.4320068359375
train,310,267.3999938964844,277.5692138671875
train,5133,286.8999938964844,290.1321105957031
train,4037,274.20001220703125,271.7239990234375
train,8003,277.29998779296875,286.555419921875
train,4900,327.20001220703125,341.486572265625
train,5718,601.7999877929688,589.1500244140625
train,1899,549.5999755859375,562.8106079101562
train,2330,697.5999755859375,661.7611083984375
train,3848,417.79998779296875,428.1615905761719
train,8623,377.3999938964844,384.0751953125
train,844,501.5,498.8271179199219
train,7654,305.3999938964844,293.93890380859375
train,8540,446.0,406.9351806640625
train,4176,427.5,406.5321044921875
train,406,369.5,379.3638916015625
train,1998,723.2999877929688,752.176513671875
train,354,408.29998779296875,410.17449951171875
train,6898,470.0,490.3094482421875
train,1891,537.9000244140625,553.3306884765625
train,1771,252.0,242.15721130371094
train,6580,356.6000061035156,310.23419189453125
train,5149,501.0,495.93804931640625
train,3717,557.7999877929688,615.9944458007812
train,8604,439.5,423.9628601074219
train,150,328.79998779296875,324.8661193847656
train,5990,562.2999877929688,541.1217041015625
train,651,473.79998779296875,459.7208557128906
train,7932,332.29998779296875,313.185302734375
train,387,673.4000244140625,673.5948486328125
train,6222,431.5,451.2413330078125
train,8019,634.0,628.262451171875
train,5441,582.4000244140625,579.5375366210938
train,2425,317.0,343.7296142578125
train,7634,424.79998779296875,443.5125732421875
train,1642,517.2999877929688,504.9472961425781
train,8657,208.8999786376953,250.50543212890625
train,355,373.6000061035156,360.6630859375
train,3140,410.5,401.3279113769531
train,1991,382.3999938964844,378.77886962890625
train,6789,268.6000061035156,301.477783203125
train,4101,397.8999938964844,387.65875244140625
train,7940,304.79998779296875,306.08819580078125
train,3382,370.6000061035156,370.10064697265625
train,8562,279.70001220703125,277.5865478515625
train,643,804.2000122070312,768.5011596679688
train,2765,533.0,496.66650390625
train,8419,335.5,350.1398010253906
train,4484,742.2999877929688,692.4676513671875
train,1651,555.2000122070312,563.3714599609375
train,2128,272.6000061035156,304.20697021484375
train,6535,338.6000061035156,342.3993835449219
train,1186,868.5,846.7114868164062
train,1855,416.3999938964844,411.3609313964844
train,5189,464.8999938964844,457.5378112792969
train,8686,484.29998779296875,458.26220703125
train,172,432.20001220703125,440.35809326171875
train,2211,296.8999938964844,300.9133605957031
train,6828,367.0,382.9814453125
train,6802,700.0,731.7551879882812
train,5739,627.2999877929688,614.8090209960938
train,124,291.70001220703125,299.9809265136719
train,7268,360.29998779296875,358.9093933105469
train,5581,364.5,389.4781188964844
train,1160,384.6000061035156,374.58868408203125
train,6143,455.20001220703125,448.34332275390625
train,5317,490.70001220703125,469.8586120605469
train,4058,299.0,297.94476318359375
train,767,297.79998779296875,322.4161071777344
train,3103,384.79998779296875,361.31494140625
train,1490,714.0999755859375,712.543212890625
train,1812,441.5,441.75531005859375
train,8276,540.0999755859375,518.2604370117188
train,8558,287.79998779296875,274.73834228515625
train,6124,332.70001220703125,316.26751708984375
train,6714,272.3999938964844,282.42718505859375
train,4651,270.70001220703125,286.3974609375
train,6651,303.6000061035156,303.15447998046875
train,2454,331.1000061035156,363.4122009277344
train,7942,615.9000244140625,583.2353515625
train,8184,856.0999755859375,821.71240234375
train,4021,393.3999938964844,364.197265625
train,3540,473.8999938964844,433.70379638671875
train,7795,661.9000244140625,656.7349243164062
train,2257,281.3999938964844,291.8382568359375
train,6478,484.29998779296875,465.2488708496094
train,1742,376.29998779296875,357.55023193359375
train,8617,288.3999938964844,286.30908203125
train,102,253.39999389648438,272.929443359375
train,8436,354.8999938964844,348.0334167480469
train,8307,292.29998779296875,312.70782470703125
train,487,307.0,316.1426696777344
train,5567,330.79998779296875,323.84515380859375
train,8539,317.3999938964844,304.2584533691406
train,728,478.70001220703125,473.60943603515625
train,5250,513.2999877929688,496.5653991699219
train,5682,428.29998779296875,423.5563659667969
train,6662,679.9000244140625,690.9921264648438
train,7239,309.6000061035156,301.5817565917969
train,502,317.3999938964844,317.62158203125
train,6082,326.5,328.8933410644531
train,7820,696.2999877929688,712.6227416992188
train,5135,349.5,329.8304443359375
train,965,396.3999938964844,378.0126953125
train,2895,327.70001220703125,312.4972229003906
train,6905,297.3999938964844,297.07354736328125
train,5373,643.2000122070312,606.294189453125
train,5551,744.5999755859375,698.3975830078125
train,5915,766.2999877929688,774.6156005859375
train,8755,755.2000122070312,707.5347900390625
train,2614,548.2999877929688,511.99127197265625
train,883,329.8999938964844,341.7422790527344
train,6061,345.70001220703125,331.8446350097656
train,3991,614.4000244140625,596.4505004882812
train,4687,318.6000061035156,300.958984375
train,7571,554.0,540.1494140625
train,4453,362.6000061035156,363.9667663574219
train,4283,642.2000122070312,638.5222778320312
train,795,308.20001220703125,301.5769348144531
train,5166,413.70001220703125,423.33038330078125
train,8340,242.0,241.26341247558594
train,5917,248.1999969482422,252.82687377929688
train,8369,771.4000244140625,758.7044067382812
train,2896,400.5,431.08746337890625
train,8109,562.2000122070312,506.77301025390625
train,1059,467.70001220703125,447.7383117675781
train,3270,613.7999877929688,611.1521606445312
train,5610,349.3999938964844,370.89862060546875
train,2657,354.29998779296875,333.06884765625
train,350,291.5,284.6722412109375
train,2563,523.0,528.7548828125
train,7365,456.70001220703125,469.91162109375
train,7130,453.1000061035156,488.8137512207031
train,2740,567.5999755859375,533.1637573242188
train,3467,619.7999877929688,619.50390625
train,3147,417.5,431.85943603515625
train,3104,345.5,319.41259765625
train,7964,456.29998779296875,427.84796142578125
train,864,802.5999755859375,832.138427734375
train,7661,381.5,398.36187744140625
train,8381,374.29998779296875,376.8114318847656
train,3666,603.0999755859375,608.0518798828125
train,1720,456.20001220703125,408.1904296875
train,6710,405.79998779296875,410.7955322265625
train,2398,786.7999877929688,821.2416381835938
train,4398,788.2999877929688,774.8912353515625
train,1693,537.4000244140625,515.4617309570312
train,8394,373.5,375.22998046875
train,5702,415.3999938964844,389.6285705566406
train,812,303.0,325.5865478515625
train,7093,477.3999938964844,462.53057861328125
train,6776,399.70001220703125,384.6402893066406
train,98,740.2000122070312,693.288330078125
train,3015,572.2000122070312,557.8377685546875
train,2022,465.6000061035156,507.5709228515625
train,6498,297.8999938964844,290.6074523925781
train,5318,310.6000061035156,329.0496826171875
train,7763,255.79998779296875,237.42823791503906
train,6039,417.29998779296875,404.693603515625
train,5011,281.5,292.55316162109375
train,6672,899.0,908.7969360351562
train,1997,493.29998779296875,472.1060791015625
train,8625,498.0,507.3386535644531
train,6540,404.20001220703125,355.4732666015625
train,8530,809.4000244140625,772.0049438476562
train,900,336.8999938964844,333.6224060058594
train,661,401.6000061035156,388.3000183105469
train,7597,343.70001220703125,352.8395690917969
train,3492,400.3999938964844,439.0470886230469
train,4587,258.5,250.83963012695312
train,3974,378.20001220703125,375.9510192871094
train,8653,464.79998779296875,399.43072509765625
train,712,326.6000061035156,321.4277648925781
train,5754,273.70001220703125,296.48651123046875
train,8689,432.5,449.6630859375
train,5439,490.6000061035156,479.36968994140625
train,4505,413.5,368.4817199707031
train,2559,315.6000061035156,296.6673278808594
train,6056,424.79998779296875,405.8710021972656
train,5884,367.3999938964844,359.235595703125
train,2136,440.20001220703125,423.5382080078125
train,1612,606.7999877929688,572.9189453125
train,4663,429.70001220703125,404.1245422363281
train,7417,419.0,409.86114501953125
train,2838,268.5,282.8656921386719
train,3648,361.3999938964844,356.0148620605469
train,8669,563.5999755859375,511.84613037109375
train,3261,377.6000061035156,359.3802490234375
train,2748,475.1000061035156,459.9898681640625
train,2324,360.1000061035156,364.4193115234375
train,3978,358.29998779296875,330.89227294921875
train,4439,403.70001220703125,404.4987487792969
train,5598,430.0,460.8619079589844
train,5286,410.29998779296875,342.7283935546875
train,7811,346.79998779296875,342.4325256347656
train,8081,533.4000244140625,543.647705078125
train,4995,577.9000244140625,556.609130859375
train,148,540.5,572.0695190429688
train,31,429.6000061035156,385.0240783691406
train,4218,236.10000610351562,249.81591796875
train,7546,554.0999755859375,576.3875122070312
train,1483,447.0,428.2441101074219
train,7871,341.79998779296875,303.1593017578125
train,3009,768.7000122070312,760.4570922851562
train,2198,488.79998779296875,459.4497985839844
train,4652,346.3999938964844,346.99200439453125
train,3822,295.5,313.9149169921875
train,6076,388.29998779296875,381.332275390625
train,1943,585.9000244140625,559.7880859375
train,2240,260.70001220703125,280.45208740234375
train,3283,346.8999938964844,363.7156066894531
train,435,380.70001220703125,337.8504638671875
train,7015,719.5999755859375,781.5547485351562
train,5902,354.5,379.83123779296875
train,7640,320.3999938964844,325.71466064453125
train,2963,669.9000244140625,700.1747436523438
train,7092,610.4000244140625,587.068359375
train,462,418.8999938964844,392.3055114746094
train,5400,466.6000061035156,480.7568664550781
train,7173,340.5,334.4587707519531
train,1953,414.1000061035156,407.83001708984375
train,6285,675.5,662.0950317382812
train,1837,296.70001220703125,295.6629638671875
train,6389,266.20001220703125,266.86376953125
train,5956,261.6000061035156,277.269287109375
train,2047,254.3000030517578,261.173828125
train,8566,415.8999938964844,417.4361877441406
train,806,279.6000061035156,272.32025146484375
train,244,474.79998779296875,463.362060546875
train,6909,283.0,302.40972900390625
train,3462,354.3999938964844,315.6759033203125
train,1416,377.5,393.8013000488281
train,3564,271.79998779296875,278.31927490234375
train,2845,322.1000061035156,284.347412109375
train,6571,517.9000244140625,524.8953857421875
train,3311,468.20001220703125,426.3708190917969
train,1758,390.29998779296875,392.2222900390625
train,7862,264.5,250.98643493652344
train,5899,371.8999938964844,383.6820373535156
train,5914,370.70001220703125,381.3880615234375
train,7952,246.3000030517578,260.9261474609375
train,4529,384.8999938964844,394.5081787109375
train,8320,293.20001220703125,297.9090576171875
train,5830,360.5,358.5944519042969
train,8447,785.7000122070312,811.4036865234375
train,5184,471.3999938964844,471.55767822265625
train,6925,194.89999389648438,234.31591796875
train,6442,367.0,365.6640319824219
train,6048,272.5,273.07293701171875
train,2259,547.2999877929688,552.2151489257812
train,2639,302.79998779296875,294.0271911621094
train,2973,347.20001220703125,401.6595153808594
train,8650,396.6000061035156,373.93939208984375
train,6458,321.79998779296875,356.41668701171875
train,6561,810.4000244140625,816.3433227539062
train,6483,503.8999938964844,480.24017333984375
train,2676,485.20001220703125,483.2076110839844
train,8300,333.3999938964844,359.2856140136719
train,7900,603.5999755859375,621.9808349609375
train,7596,393.5,422.89080810546875
train,898,417.70001220703125,439.2213439941406
train,82,427.29998779296875,451.2149963378906
train,2470,704.9000244140625,703.1680297851562
train,5747,469.1000061035156,481.2867736816406
train,8207,268.29998779296875,277.98492431640625
train,4939,696.9000244140625,703.28076171875
train,3963,365.20001220703125,369.2762145996094
train,3429,791.5999755859375,772.2644653320312
train,3773,339.3999938964844,347.3741455078125
train,3367,313.5,341.89129638671875
train,6405,295.3999938964844,293.3310546875
train,8095,431.6000061035156,382.2152099609375
train,1802,367.5,329.6829833984375
train,3563,369.0,362.03802490234375
train,7307,284.20001220703125,261.43701171875
train,5228,363.6000061035156,344.21966552734375
train,2176,667.5,639.0390625
train,4738,304.79998779296875,314.853271484375
train,6974,541.0999755859375,518.3841552734375
train,889,637.7000122070312,641.899658203125
train,5530,446.20001220703125,429.5849914550781
train,3532,375.79998779296875,382.09075927734375
train,7263,573.7000122070312,590.833740234375
train,2388,284.1000061035156,277.8612060546875
train,1675,346.20001220703125,345.9422912597656
train,1077,554.7000122070312,505.6871337890625
train,6600,510.8999938964844,488.78094482421875
train,8688,485.3999938964844,497.42108154296875
train,1962,341.8999938964844,355.5513000488281
train,2888,326.5,323.49749755859375
train,8206,425.79998779296875,409.2912292480469
train,2052,562.7000122070312,559.51708984375
train,5251,465.1000061035156,477.96356201171875
train,4245,757.5999755859375,745.5128784179688
train,7260,470.70001220703125,460.9959411621094
train,8301,326.6000061035156,309.7338562011719
train,7803,250.5,278.54010009765625
train,6123,234.5,248.6558074951172
train,6720,304.79998779296875,314.3162536621094
train,6836,494.70001220703125,487.99908447265625
train,3845,330.20001220703125,324.5141296386719
train,1255,296.6000061035156,300.7662353515625
train,8245,718.7999877929688,718.7906494140625
train,1046,362.3999938964844,341.9599914550781
train,2373,297.79998779296875,292.577880859375
train,7992,236.10000610351562,254.48475646972656
train,156,404.70001220703125,406.1445617675781
train,596,314.8999938964844,307.9760437011719
train,8069,695.2000122070312,691.3369140625
train,6783,371.1000061035156,367.7681884765625
train,8311,439.8999938964844,425.1142272949219
train,1538,319.5,319.4742126464844
train,5807,401.1000061035156,382.4596862792969
train,7177,259.1000061035156,244.4085235595703
train,7536,341.0,340.4950256347656
train,2429,378.5,373.41705322265625
train,5978,431.79998779296875,396.1531982421875
train,6026,224.1999969482422,232.1947784423828
train,3405,295.70001220703125,309.39312744140625
train,5097,352.29998779296875,353.51776123046875
train,4270,344.70001220703125,366.25506591796875
train,3571,357.1000061035156,352.7816162109375
train,8721,328.3999938964844,331.93548583984375
train,4793,355.0,380.3227233886719
train,3194,250.3000030517578,266.6544189453125
train,8629,357.6000061035156,350.9060974121094
train,494,309.29998779296875,287.32928466796875
train,2622,285.5,294.409912109375
train,4490,256.3999938964844,280.97979736328125
train,7644,280.20001220703125,272.562744140625
train,6309,350.29998779296875,368.7336730957031
train,935,457.0,442.1322021484375
train,922,271.3999938964844,246.45843505859375
train,1481,306.79998779296875,328.75994873046875
train,2529,489.70001220703125,493.5451965332031
train,545,348.3999938964844,352.06402587890625
train,5822,361.1000061035156,373.78948974609375
train,7903,398.3999938964844,377.41107177734375
train,7492,633.0999755859375,633.7075805664062
train,1789,418.70001220703125,423.95611572265625
train,3612,273.5,307.49993896484375
train,3511,445.70001220703125,444.29827880859375
train,2904,407.70001220703125,408.4781494140625
train,7622,384.8999938964844,357.44403076171875
train,5838,284.5,313.5894775390625
train,7315,302.29998779296875,294.76123046875
train,6473,262.29998779296875,268.6817626953125
train,5293,477.70001220703125,421.1390380859375
train,2110,393.0,380.78167724609375
train,3766,408.29998779296875,399.4208984375
train,1363,350.79998779296875,326.85687255859375
train,4691,384.8999938964844,385.4106750488281
train,6393,750.4000244140625,700.4322509765625
train,8557,347.0,358.0868835449219
train,185,498.1000061035156,491.0169372558594
train,3002,416.79998779296875,404.68701171875
train,4679,605.0999755859375,603.4847412109375
train,4330,740.7000122070312,759.6676025390625
train,7623,387.1000061035156,394.5230712890625
train,7704,336.6000061035156,331.4966735839844
train,1984,718.4000244140625,721.5035400390625
train,3449,283.20001220703125,277.17523193359375
train,1914,272.20001220703125,270.68182373046875
train,219,611.5,625.7791748046875
train,2076,392.79998779296875,392.9478759765625
train,8429,323.6000061035156,318.819580078125
train,5453,663.2000122070312,651.6983032226562
train,1260,742.2000122070312,747.8236083984375
train,8239,396.79998779296875,382.2109375
train,2999,249.19998168945312,281.179443359375
train,2415,305.8999938964844,282.5320129394531
train,676,272.20001220703125,258.1028747558594
train,6503,246.69998168945312,251.1255645751953
train,4040,256.8999938964844,262.75921630859375
train,341,311.1000061035156,315.3538818359375
train,5268,322.70001220703125,292.26861572265625
train,54,296.8999938964844,293.19146728515625
train,6198,420.29998779296875,407.02325439453125
train,7989,286.70001220703125,286.21923828125
train,4977,455.0,431.86968994140625
train,8496,339.3999938964844,341.9592590332031
train,6430,259.20001220703125,264.5311584472656
train,6294,523.0999755859375,534.98681640625
train,3059,800.5999755859375,813.59716796875
train,6454,442.79998779296875,427.4423828125
train,5853,291.1000061035156,329.1999816894531
train,4744,304.5,318.0494079589844
train,4329,300.6000061035156,311.03765869140625
train,3676,291.79998779296875,302.809326171875
train,2876,561.5999755859375,552.8984985351562
train,1099,441.6000061035156,441.51190185546875
train,1096,400.20001220703125,373.5050354003906
train,6212,336.79998779296875,339.40570068359375
train,4247,424.1000061035156,404.4100036621094
train,8395,546.7999877929688,550.227783203125
train,7438,307.3999938964844,332.5339660644531
train,1417,523.0,510.5921936035156
train,366,605.0,628.5967407226562
train,1050,375.0,371.7058410644531
train,6932,576.5999755859375,541.2686767578125
train,4945,744.7000122070312,743.5196533203125
train,7443,410.29998779296875,407.2757873535156
train,6884,477.79998779296875,456.7362976074219
train,2308,470.0,454.20751953125
train,6837,370.79998779296875,345.1644592285156
train,3938,489.29998779296875,491.80572509765625
train,4143,270.70001220703125,257.01409912109375
train,917,416.8999938964844,419.7376403808594
train,5074,396.6000061035156,388.9742431640625
train,352,508.3999938964844,542.169921875
train,7578,325.5,319.01458740234375
train,5847,470.1000061035156,411.74322509765625
train,8022,561.5999755859375,551.433349609375
train,4436,511.29998779296875,480.700439453125
train,7018,392.8999938964844,394.19512939453125
train,5001,280.29998779296875,292.84503173828125
train,7295,506.8999938964844,443.39080810546875
train,2036,295.20001220703125,280.24871826171875
train,4310,261.29998779296875,286.154052734375
train,1620,770.9000244140625,738.690185546875
train,6388,741.4000244140625,748.643798828125
train,7466,517.5999755859375,508.0198974609375
train,5588,481.29998779296875,469.3431396484375
train,4509,348.70001220703125,386.3153076171875
train,6276,460.29998779296875,455.8115539550781
train,5148,444.29998779296875,399.5386047363281
train,2126,362.20001220703125,378.32958984375
train,5908,508.8999938964844,488.17767333984375
train,677,290.70001220703125,330.52734375
train,740,403.70001220703125,410.2898254394531
train,8,442.5,448.88592529296875
train,1025,406.3999938964844,390.109130859375
train,6086,244.10000610351562,255.87583923339844
train,4483,254.8000030517578,269.7658996582031
train,3548,696.9000244140625,697.678955078125
train,208,807.4000244140625,764.8908081054688
train,5455,554.0999755859375,535.8637084960938
train,7470,726.2000122070312,719.075927734375
train,3466,738.5999755859375,767.1702270507812
train,3209,312.3999938964844,330.0200500488281
train,7224,378.0,387.0279235839844
train,6998,721.0999755859375,726.0924682617188
train,6065,334.70001220703125,354.013427734375
train,2019,239.3000030517578,249.4382781982422
train,6796,298.79998779296875,294.3117980957031
train,6517,746.4000244140625,792.4725341796875
train,7962,477.5,446.3694152832031
train,2161,345.3999938964844,328.4248046875
train,5532,781.4000244140625,732.849853515625
train,966,374.29998779296875,345.7347717285156
train,5775,596.7999877929688,568.5337524414062
train,1496,291.3999938964844,300.16937255859375
train,906,363.1000061035156,361.2073974609375
train,4414,773.0999755859375,792.4520263671875
train,5443,591.5999755859375,610.3939208984375
train,4178,362.0,355.46392822265625
train,4961,426.29998779296875,398.34625244140625
train,5310,720.7999877929688,719.135986328125
train,6484,361.8999938964844,356.7602233886719
train,7013,342.8999938964844,340.92218017578125
train,4122,316.8999938964844,305.7605285644531
train,7282,300.20001220703125,292.9188232421875
train,8167,415.8999938964844,385.61688232421875
train,4521,362.3999938964844,373.9331970214844
train,4461,473.29998779296875,476.5152282714844
train,696,469.6000061035156,520.61572265625
train,2197,347.5,339.7742919921875
train,4994,545.0,547.7424926757812
train,144,498.79998779296875,476.0440368652344
train,476,268.6000061035156,272.4219970703125
train,80,502.5,497.6523742675781
train,6173,403.29998779296875,376.39410400390625
train,4180,428.6000061035156,414.02294921875
train,321,307.20001220703125,297.48272705078125
train,4274,322.8999938964844,323.92828369140625
train,483,341.1000061035156,340.1766357421875
train,3066,402.1000061035156,402.6846923828125
train,7135,425.79998779296875,395.4774475097656
train,957,321.8999938964844,313.892578125
train,5421,323.29998779296875,337.1488037109375
train,2476,547.7000122070312,509.5357360839844
train,1750,756.9000244140625,795.5250244140625
train,3791,437.79998779296875,404.6969299316406
train,4308,528.4000244140625,549.9258422851562
train,4713,341.20001220703125,341.2906494140625
train,5677,641.9000244140625,655.5238037109375
train,5903,379.8999938964844,368.53717041015625
train,5144,624.2000122070312,627.0814208984375
train,1333,292.1000061035156,290.183349609375
train,416,441.0,430.05291748046875
train,8329,733.7999877929688,721.7230224609375
train,1879,314.5,314.2041015625
train,8370,429.8999938964844,452.189697265625
train,7384,401.79998779296875,362.3371276855469
train,2195,315.70001220703125,300.702880859375
train,8178,335.0,298.15753173828125
train,7727,305.5,312.0126953125
train,1604,384.3999938964844,384.50103759765625
train,2874,303.1000061035156,299.3984375
train,2421,447.0,415.6975402832031
train,3119,584.5,572.12939453125
train,2574,536.5,552.5088500976562
train,419,312.79998779296875,288.85540771484375
train,5528,460.79998779296875,456.5050354003906
train,1715,298.6000061035156,287.5682678222656
train,4596,498.5,511.5010681152344
train,3389,599.0999755859375,580.492919921875
train,8259,279.3999938964844,293.2080078125
train,1438,552.9000244140625,558.5816040039062
train,4083,670.7000122070312,643.388427734375
train,2021,257.29998779296875,248.69866943359375
train,6245,249.3000030517578,235.5826873779297
train,6739,517.7999877929688,469.5396423339844
train,5056,409.1000061035156,410.680419921875
train,4719,763.5,751.4821166992188
train,1131,567.4000244140625,602.7166137695312
train,7421,307.8999938964844,286.073486328125
train,2727,441.29998779296875,441.0623779296875
train,84,299.0,298.35638427734375
train,3753,861.5999755859375,819.840576171875
train,4673,275.20001220703125,296.673583984375
train,1969,344.6000061035156,375.3938903808594
train,106,377.3999938964844,385.2235107421875
train,6282,373.5,367.255859375
train,7792,501.70001220703125,474.9200439453125
train,628,742.7999877929688,702.8482055664062
train,3837,533.9000244140625,486.41839599609375
train,8656,694.5999755859375,690.1844482421875
train,880,831.9000244140625,832.279052734375
train,3643,586.5999755859375,539.1107788085938
train,6440,370.70001220703125,374.72320556640625
train,7664,237.89999389648438,250.4796600341797
train,6062,262.6000061035156,274.61724853515625
train,3309,579.2000122070312,562.819580078125
train,6573,427.0,400.77777099609375
train,7401,539.5999755859375,506.3493957519531
train,6102,447.6000061035156,416.78839111328125
train,2372,319.1000061035156,304.343994140625
train,7858,340.8999938964844,320.9189453125
train,3745,258.6000061035156,241.4705047607422
train,3895,393.0,372.5302429199219
train,4833,559.4000244140625,593.8989868164062
train,7840,546.9000244140625,548.9596557617188
train,2719,298.8999938964844,295.678466796875
train,2121,346.29998779296875,339.2701721191406
train,3054,341.6000061035156,327.1185302734375
train,2341,329.79998779296875,344.5456237792969
train,4038,507.5,529.542724609375
train,4809,348.5,343.4681396484375
train,3615,364.6000061035156,391.1858215332031
train,2064,473.79998779296875,460.75787353515625
train,1527,496.8999938964844,438.8272399902344
train,3196,302.3999938964844,313.05181884765625
train,6989,379.3999938964844,373.82244873046875
train,1429,491.1000061035156,480.3166809082031
train,1535,441.0,435.67535400390625
train,5224,297.29998779296875,287.6037292480469
train,2090,714.9000244140625,706.89404296875
train,5787,363.20001220703125,370.70159912109375
train,7473,457.29998779296875,444.2938232421875
train,2678,348.8999938964844,330.6189880371094
train,1573,281.20001220703125,295.66180419921875
train,2738,329.0,327.4859619140625
train,232,358.6000061035156,373.2403564453125
train,3412,254.60000610351562,256.981201171875
train,3355,424.3999938964844,430.1441650390625
train,1072,427.8999938964844,425.7234802246094
train,792,612.7000122070312,582.4359741210938
train,5587,354.8999938964844,362.923828125
train,1157,402.3999938964844,361.668701171875
train,3242,288.29998779296875,291.2998046875
train,8104,479.6000061035156,529.3959350585938
train,7860,299.20001220703125,304.1312255859375
train,3051,288.0,300.6981201171875
train,4496,399.79998779296875,359.1403503417969
train,3835,319.79998779296875,314.94537353515625
train,5168,417.70001220703125,442.1585388183594
train,4338,412.1000061035156,422.4095153808594
train,2196,702.5,699.57470703125
train,212,787.0999755859375,742.25732421875
train,3175,404.70001220703125,427.71246337890625
train,5356,290.79998779296875,295.7284240722656
train,7507,455.20001220703125,441.8723449707031
train,1289,319.29998779296875,328.9936828613281
train,1039,331.3999938964844,327.9585876464844
train,3118,375.79998779296875,354.7847595214844
train,3809,346.1000061035156,359.0950012207031
train,5192,261.1000061035156,262.5546875
train,929,399.29998779296875,400.83013916015625
train,2716,343.1000061035156,322.273681640625
train,2427,291.0,302.2978515625
train,5669,318.0,340.236572265625
train,6624,846.4000244140625,822.4638671875
train,5535,356.79998779296875,356.1912536621094
train,708,561.2999877929688,549.1788940429688
train,3907,504.0,512.441162109375
train,6210,340.29998779296875,306.3650207519531
train,3635,364.8999938964844,370.4206237792969
train,5061,612.5,654.4697875976562
train,169,269.29998779296875,293.6466064453125
train,5155,259.20001220703125,252.3197784423828
train,6010,503.3999938964844,536.6883544921875
train,7079,285.29998779296875,301.8577575683594
train,4576,307.29998779296875,290.493408203125
train,7010,490.6000061035156,435.5084533691406
train,2669,367.1000061035156,356.949951171875
train,6364,370.29998779296875,382.7692565917969
train,7533,342.8999938964844,325.83734130859375
train,8096,523.4000244140625,521.899658203125
train,5835,304.0,279.3132629394531
train,4742,460.79998779296875,462.7794189453125
train,5419,367.20001220703125,386.58905029296875
train,5874,664.5,636.223388671875
train,3441,275.20001220703125,286.7763671875
train,8106,843.9000244140625,834.2916259765625
train,870,509.5,464.39141845703125
train,7453,377.6000061035156,353.0604248046875
train,847,483.0,482.14111328125
train,4918,358.1000061035156,336.7443542480469
train,7398,563.2999877929688,552.394775390625
train,1437,392.20001220703125,372.15692138671875
train,6253,377.1000061035156,344.2669982910156
train,195,412.8999938964844,421.2311096191406
train,6223,555.2999877929688,524.070556640625
train,5430,534.2999877929688,586.8155517578125
train,8267,291.29998779296875,289.99163818359375
train,3724,405.1000061035156,420.96826171875
train,7878,492.6000061035156,525.99951171875
train,5203,348.79998779296875,348.8335266113281
train,4774,273.79998779296875,279.85626220703125
train,8007,308.29998779296875,326.4281921386719
train,2935,281.8999938964844,283.8525390625
train,7526,324.29998779296875,326.4860534667969
train,7087,527.5999755859375,540.2301635742188
train,1801,442.79998779296875,428.4685363769531
train,3400,285.79998779296875,293.58294677734375
train,2815,565.2000122070312,561.8802490234375
train,4960,275.29998779296875,262.70703125
train,2714,412.79998779296875,404.0664367675781
train,4807,675.0,656.4976806640625
train,4795,426.70001220703125,402.4402770996094
train,492,341.6000061035156,321.04437255859375
train,7056,211.1999969482422,214.99891662597656
train,5164,681.2999877929688,707.0179443359375
train,1354,484.0,470.1312561035156
train,5930,442.1000061035156,428.24127197265625
train,7522,365.20001220703125,374.51165771484375
train,557,678.5999755859375,594.5098876953125
train,6360,354.8999938964844,325.2986145019531
train,7525,342.6000061035156,345.28533935546875
train,6839,332.79998779296875,297.6531982421875
train,3858,654.2999877929688,611.4407958984375
train,849,258.1000061035156,249.3358917236328
train,1509,207.0,241.69400024414062
train,1464,509.29998779296875,475.4947509765625
train,1183,381.20001220703125,351.7336730957031
train,4311,773.5,737.105712890625
train,8722,755.7000122070312,702.5927124023438
train,7002,332.5,308.6499328613281
train,6851,218.8000030517578,254.33770751953125
train,7846,537.9000244140625,531.0375366210938
train,5140,416.79998779296875,438.4477844238281
train,3916,437.5,400.8240051269531
train,6474,304.79998779296875,313.067138671875
train,1351,317.79998779296875,308.0227966308594
train,2445,275.60003662109375,307.13189697265625
train,4936,523.2000122070312,513.0855102539062
train,4803,295.29998779296875,306.188232421875
train,6312,743.0999755859375,753.6005249023438
train,4451,472.5,440.3448791503906
train,500,460.20001220703125,494.2752685546875
train,956,276.70001220703125,269.9429931640625
train,7998,476.20001220703125,470.7298889160156
train,1647,314.70001220703125,338.0295104980469
train,7841,650.2999877929688,695.048828125
train,8614,365.0,353.4941711425781
train,6293,234.0,236.33338928222656
train,7662,813.2000122070312,763.8101196289062
train,1276,396.20001220703125,373.1955871582031
train,3589,304.3999938964844,288.4580383300781
train,1972,370.5,371.9444580078125
train,6397,280.29998779296875,277.25921630859375
train,6680,314.5,295.4281921386719
train,3354,503.70001220703125,459.7193603515625
train,2661,412.8999938964844,390.9834899902344
train,4611,546.7999877929688,565.6640014648438
train,8219,281.1000061035156,299.25421142578125
train,7072,464.3999938964844,446.6942138671875
train,2266,331.1000061035156,354.70843505859375
train,3917,448.5,435.2331848144531
train,438,385.0,386.84075927734375
train,1112,358.3999938964844,357.1265869140625
train,5878,295.1000061035156,272.3819885253906
train,4399,379.8999938964844,366.66290283203125
train,3071,382.3999938964844,371.3720397949219
train,5209,289.79998779296875,288.50494384765625
train,3544,474.6000061035156,486.91033935546875
train,4356,302.1000061035156,287.9511413574219
train,5501,279.5,267.35894775390625
train,3435,582.7000122070312,583.7115478515625
train,3592,389.70001220703125,390.0430603027344
train,7579,236.10000610351562,232.227783203125
train,3811,770.2999877929688,740.8741455078125
train,592,423.5,447.2659912109375
train,5569,376.8999938964844,344.4092102050781
train,4551,319.1000061035156,311.2292785644531
train,5172,621.9000244140625,581.0567626953125
train,2561,568.4000244140625,564.5260009765625
train,4056,489.70001220703125,470.889892578125
train,8610,282.70001220703125,275.9990234375
train,5495,632.2000122070312,654.8788452148438
train,7880,313.5,292.9308166503906
train,1648,317.70001220703125,332.63885498046875
train,3922,356.29998779296875,355.4684143066406
train,5810,256.79998779296875,297.8677978515625
train,5723,443.20001220703125,443.51171875
train,5424,328.20001220703125,319.25299072265625
train,7963,443.0,456.9119873046875
train,1134,401.70001220703125,388.5967102050781
train,785,293.1000061035156,287.88067626953125
train,1759,606.7999877929688,582.70703125
train,1104,835.5999755859375,803.3262329101562
train,3605,405.5,377.1712951660156
train,756,317.8999938964844,337.0687255859375
train,845,382.8999938964844,386.607421875
train,1375,552.9000244140625,569.9879150390625
train,1716,283.1000061035156,282.66400146484375
train,1036,300.70001220703125,310.11102294921875
train,1841,318.8999938964844,332.5098876953125
train,6014,326.1000061035156,315.9949951171875
train,8063,257.4000244140625,290.9877624511719
train,3427,274.29998779296875,267.0147705078125
train,6689,462.20001220703125,437.4850769042969
train,1677,433.3999938964844,405.2209167480469
train,3772,322.20001220703125,310.0045166015625
train,1791,581.5999755859375,536.0709838867188
train,3669,346.6000061035156,363.93096923828125
train,5537,244.8000030517578,265.5947265625
train,8015,691.9000244140625,649.973876953125
train,5312,715.7999877929688,741.6063232421875
train,4132,275.60003662109375,260.12738037109375
train,6423,541.9000244140625,533.6323852539062
train,4118,489.3999938964844,463.42169189453125
train,6443,284.29998779296875,262.7908935546875
train,2564,252.6999969482422,236.34121704101562
train,5689,480.29998779296875,493.81195068359375
train,7049,270.20001220703125,242.41119384765625
train,6273,417.8999938964844,397.94036865234375
train,2880,251.70001220703125,275.4383544921875
train,797,389.6000061035156,380.02191162109375
train,2605,249.5,263.394287109375
train,8481,690.2000122070312,678.3802490234375
train,1881,731.0,799.9154052734375
train,2916,285.1000061035156,297.2462158203125
train,3875,406.29998779296875,358.2991027832031
train,6221,368.70001220703125,373.2911376953125
train,490,249.39999389648438,263.6214904785156
train,2026,808.7999877929688,802.1373291015625
train,7641,465.20001220703125,453.4553527832031
train,326,297.8999938964844,335.76300048828125
train,8679,284.5,298.08154296875
train,6002,380.1000061035156,384.6792297363281
train,3362,560.0999755859375,466.2264709472656
train,7110,363.8999938964844,355.3382263183594
train,6452,675.2999877929688,680.4407958984375
train,4724,259.0,279.4339599609375
train,3301,316.29998779296875,320.7638854980469
train,5175,336.8999938964844,334.7574462890625
train,616,341.29998779296875,362.0762634277344
train,517,349.8999938964844,363.12890625
train,5092,486.6000061035156,481.867431640625
train,4144,364.3999938964844,357.47576904296875
train,1209,507.70001220703125,516.8909912109375
train,2947,377.5,362.5619812011719
train,1439,547.5,542.7860717773438
train,2237,526.2999877929688,498.310791015625
train,6166,260.1000061035156,249.248291015625
train,7218,393.5,388.8695373535156
train,5685,460.8999938964844,431.7131042480469
train,1592,434.0,426.5283508300781
train,2277,479.29998779296875,469.7499084472656
train,6900,553.5,547.0863647460938
train,925,422.5,425.8080139160156
train,8479,487.8999938964844,485.4979248046875
train,4823,851.699951171875,849.4307861328125
train,8136,422.1000061035156,429.3310241699219
train,2146,594.5,586.019287109375
train,662,305.5,344.57305908203125
train,5756,352.6000061035156,325.9806213378906
train,7257,265.20001220703125,283.57342529296875
train,8242,373.3999938964844,359.7225341796875
train,6749,478.1000061035156,493.6615295410156
train,8039,344.1000061035156,351.9946594238281
train,7911,356.6000061035156,350.30731201171875
train,2795,275.79998779296875,284.1129150390625
train,3785,397.79998779296875,412.89422607421875
train,2865,405.6000061035156,379.88739013671875
train,4456,308.79998779296875,325.6348876953125
train,7230,583.7999877929688,581.081787109375
train,6110,352.1000061035156,336.8666076660156
train,3407,503.5,471.7760314941406
train,7742,345.20001220703125,307.67083740234375
train,2640,308.0,321.0284423828125
train,2002,683.0999755859375,684.7130126953125
train,1934,504.0,529.9594116210938
train,6952,388.3999938964844,365.7961120605469
train,1155,282.20001220703125,290.27935791015625
train,2439,375.5,354.5953369140625
train,7368,442.5,471.7215576171875
train,829,341.20001220703125,350.78924560546875
train,1452,372.6000061035156,367.1977233886719
train,4112,602.7000122070312,615.6299438476562
train,3214,397.3999938964844,399.4322814941406
train,5468,373.79998779296875,346.44403076171875
train,4720,771.2999877929688,758.7056884765625
train,4033,318.0,312.90032958984375
train,5997,325.0,305.81292724609375
train,4014,572.2000122070312,579.5498657226562
train,2169,287.6000061035156,273.59161376953125
train,5712,320.8999938964844,290.14093017578125
train,3679,498.6000061035156,473.9293518066406
train,4147,399.79998779296875,399.2855529785156
train,4175,340.79998779296875,327.9294128417969
train,4067,583.9000244140625,549.0819702148438
train,6236,378.8999938964844,372.67193603515625
train,2967,326.3999938964844,307.24835205078125
train,1539,369.0,366.7428283691406
train,4654,323.29998779296875,342.7920227050781
train,8343,331.8999938964844,322.6739807128906
train,4511,287.1000061035156,292.4456787109375
train,7501,649.4000244140625,663.4554443359375
train,729,383.8999938964844,385.6559753417969
train,3534,646.5,659.1317138671875
train,3048,755.5,731.4373779296875
train,21,407.1000061035156,384.82257080078125
train,1493,819.0999755859375,803.5576171875
train,6095,559.5999755859375,592.2433471679688
train,65,448.79998779296875,446.1952819824219
train,5241,399.8999938964844,390.03399658203125
train,7172,438.20001220703125,425.0938720703125
train,4752,417.6000061035156,408.3095397949219
train,2304,289.5,296.50390625
train,4381,376.29998779296875,371.1607971191406
train,6882,535.5999755859375,522.9154052734375
train,938,400.6000061035156,425.1055908203125
train,8467,367.1000061035156,347.2080078125
train,4226,582.5,573.4852294921875
train,1305,492.29998779296875,484.78887939453125
train,4860,428.1000061035156,437.66595458984375
train,466,292.1000061035156,276.90631103515625
train,1473,282.79998779296875,273.2598876953125
train,8277,347.29998779296875,350.63848876953125
train,6066,373.3999938964844,384.66070556640625
train,5355,255.1999969482422,280.8959045410156
train,2837,246.00001525878906,272.1289978027344
train,1332,422.29998779296875,407.00439453125
train,3105,355.3999938964844,321.8724365234375
train,1241,313.29998779296875,305.71954345703125
train,6581,313.29998779296875,318.19610595703125
train,8018,322.6000061035156,315.73797607421875
train,3080,591.0999755859375,624.9957885742188
train,8191,359.1000061035156,341.1624450683594
train,6939,583.4000244140625,610.9459228515625
train,920,430.5,413.5971374511719
train,3232,435.3999938964844,412.5057373046875
train,6596,285.29998779296875,279.97357177734375
train,7111,547.0,537.146484375
train,3418,225.0,252.30401611328125
train,2374,314.1000061035156,298.059326171875
train,5207,267.70001220703125,292.3992919921875
train,7921,321.1000061035156,307.35797119140625
train,8542,448.20001220703125,432.2238464355469
train,4494,533.5,523.7822265625
train,6350,267.1000061035156,265.32391357421875
train,6852,560.5,593.7828369140625
train,5129,802.0999755859375,780.1775512695312
train,1826,283.79998779296875,283.4109802246094
train,8598,396.3999938964844,408.07232666015625
train,1109,814.0,773.336181640625
train,6390,246.00001525878906,255.20082092285156
train,5919,341.5,359.6438903808594
train,7050,389.0,385.31365966796875
train,530,439.1000061035156,448.79736328125
train,2682,337.6000061035156,331.79547119140625
train,6347,391.5,371.4178771972656
train,3450,305.5,301.4884338378906
train,3659,270.79998779296875,283.1441650390625
train,3583,503.29998779296875,536.4793701171875
train,6080,349.0,343.2813720703125
train,3550,285.70001220703125,285.4486083984375
train,8366,362.8999938964844,357.33770751953125
train,7874,356.70001220703125,354.7032165527344
train,2200,379.29998779296875,367.0965270996094
train,7311,594.4000244140625,592.830810546875
train,4896,302.70001220703125,288.4571228027344
train,7145,339.8999938964844,313.2923583984375
train,8203,418.3999938964844,336.6332702636719
train,4018,322.70001220703125,320.22698974609375
train,2114,502.8999938964844,537.0899658203125
train,2465,287.0,277.52447509765625
train,3239,698.2000122070312,712.950927734375
train,3404,369.0,353.1884460449219
train,1328,260.8999938964844,278.70513916015625
train,6579,339.8999938964844,316.74407958984375
train,6326,424.8999938964844,445.5556640625
train,3256,527.2999877929688,499.7166442871094
train,6501,700.7999877929688,705.9415893554688
train,5680,325.3999938964844,371.4449157714844
train,3839,556.2000122070312,556.455810546875
train,1876,421.29998779296875,405.15869140625
train,477,411.3999938964844,403.266357421875
train,6100,271.5,271.3714904785156
train,2630,331.6000061035156,317.970458984375
train,5531,425.0,412.9948425292969
train,488,596.5,623.9036865234375
train,2253,458.1000061035156,466.66229248046875
train,7549,500.20001220703125,508.13916015625
train,3072,294.6000061035156,311.2548828125
train,1849,314.8999938964844,310.8668212890625
train,8514,546.9000244140625,566.2330322265625
train,2249,742.4000244140625,716.5962524414062
train,7898,346.1000061035156,358.2944641113281
train,2694,605.7000122070312,576.2745971679688
train,7120,343.20001220703125,377.66497802734375
train,2166,260.5,257.9689636230469
train,1103,361.5,363.18463134765625
train,2384,586.4000244140625,569.3313598632812
train,3937,238.6999969482422,265.724365234375
train,4615,312.5,314.7467346191406
train,7996,793.7000122070312,760.81591796875
train,6353,315.6000061035156,310.97601318359375
train,3012,300.6000061035156,273.19390869140625
train,4810,371.5,369.30328369140625
train,2936,337.79998779296875,321.9866943359375
train,1622,214.1000213623047,242.54852294921875
train,8204,507.20001220703125,515.0647583007812
train,7188,457.1000061035156,407.29290771484375
train,1430,421.70001220703125,425.23980712890625
train,1175,456.1000061035156,458.8307800292969
train,2149,593.2000122070312,596.9412841796875
train,3089,327.20001220703125,295.3170166015625
train,2879,412.0,367.1022644042969
train,8452,363.6000061035156,382.8467102050781
train,1927,392.29998779296875,410.4098205566406
train,6111,267.20001220703125,289.1653747558594
train,656,392.1000061035156,377.1418762207031
train,2870,404.3999938964844,408.5113830566406
train,6793,428.8999938964844,394.2351989746094
train,4141,716.7000122070312,692.2839965820312
train,7783,411.79998779296875,417.48065185546875
train,6629,248.89999389648438,274.6134033203125
train,3892,358.29998779296875,365.4765625
train,4514,465.79998779296875,433.00482177734375
train,2687,380.79998779296875,361.7435302734375
train,2323,732.4000244140625,705.4053955078125
train,1894,365.1000061035156,355.2864074707031
train,5619,570.2000122070312,554.6508178710938
train,4562,291.8999938964844,284.8040466308594
train,8228,452.70001220703125,453.1932678222656
train,5442,872.4000244140625,815.3985595703125
train,5354,289.8999938964844,288.70355224609375
train,4769,272.6000061035156,310.3200378417969
train,4152,309.1000061035156,291.288818359375
train,7262,610.2999877929688,592.148193359375
train,8360,322.0,302.9789123535156
train,6459,334.0,303.4481506347656
train,7413,753.5999755859375,751.9850463867188
train,983,322.6000061035156,320.2593688964844
train,927,398.79998779296875,346.973876953125
train,7821,363.70001220703125,352.2944641113281
train,4549,320.70001220703125,338.44036865234375
train,301,505.20001220703125,503.1788635253906
train,4389,382.5,374.330322265625
train,7071,421.79998779296875,387.9437255859375
train,714,468.70001220703125,441.7991638183594
train,2350,455.5,433.06427001953125
train,4285,688.5,711.0654296875
train,3507,249.19998168945312,259.3498229980469
train,8142,314.1000061035156,306.9134521484375
train,6569,480.3999938964844,497.29443359375
train,6246,409.3999938964844,387.1764221191406
train,890,325.29998779296875,332.71697998046875
train,8631,339.79998779296875,343.35089111328125
train,3841,379.6000061035156,389.3012390136719
train,6947,601.5999755859375,604.590087890625
train,1204,364.29998779296875,401.24847412109375
train,4225,382.6000061035156,384.93548583984375
train,5684,434.1000061035156,506.81768798828125
train,5597,284.1000061035156,295.55548095703125
train,6407,283.20001220703125,285.8929443359375
train,3379,347.6000061035156,330.9049072265625
train,1263,341.8999938964844,345.1636657714844
train,1381,372.29998779296875,355.703369140625
train,191,443.6000061035156,434.4450378417969
train,8619,264.1000061035156,282.80560302734375
train,7487,380.20001220703125,380.802490234375
train,2611,385.8999938964844,350.28607177734375
train,3464,586.2000122070312,574.3848876953125
train,8698,347.5,360.6219787597656
train,4905,369.20001220703125,375.67529296875
train,4110,706.4000244140625,703.1235961914062
train,3388,384.3999938964844,379.9703674316406
train,6032,740.7000122070312,714.63232421875
train,3967,521.2000122070312,524.0039672851562
train,962,378.20001220703125,382.6815490722656
train,1318,416.6000061035156,436.2803955078125
train,250,522.0,542.98876953125
train,4077,383.8999938964844,358.4228210449219
train,3574,267.6000061035156,288.11474609375
train,293,725.5,735.2018432617188
train,7895,377.3999938964844,365.82073974609375
train,3920,713.5,695.7421875
train,7084,439.0,475.06475830078125
train,7270,285.6000061035156,274.69573974609375
train,6085,305.1000061035156,325.52008056640625
train,7716,449.0,466.6066589355469
train,5831,672.4000244140625,650.848388671875
train,404,324.1000061035156,312.529296875
train,2160,502.79998779296875,474.6283264160156
train,4432,476.6000061035156,459.72979736328125
train,6119,291.0,298.7646179199219
train,3774,643.2999877929688,623.1782836914062
train,2609,381.29998779296875,367.7268981933594
train,2902,360.1000061035156,367.09100341796875
train,1548,741.2999877929688,751.0574951171875
train,34,348.20001220703125,329.82891845703125
train,5083,425.29998779296875,443.3343200683594
train,4277,523.2000122070312,494.3226318359375
train,6779,370.6000061035156,318.5011901855469
train,863,397.5,403.10400390625
train,1000,730.5,662.3016357421875
train,4852,344.79998779296875,358.90313720703125
train,8102,341.20001220703125,371.7660827636719
train,6669,481.0,450.9211120605469
train,7802,354.79998779296875,332.3352355957031
train,6991,523.5,523.9807739257812
train,4646,461.5,434.5693054199219
train,7278,490.79998779296875,502.97711181640625
train,151,297.0,311.7378845214844
train,1158,715.7000122070312,701.8436279296875
train,1138,548.2999877929688,523.7813110351562
train,1222,383.8999938964844,368.09295654296875
train,653,322.79998779296875,324.8391418457031
train,6523,333.5,312.3836669921875
train,3253,486.1000061035156,451.72882080078125
train,278,736.5,745.5032958984375
train,3768,392.0,438.1665344238281
train,770,534.2000122070312,501.1656799316406
train,1857,331.20001220703125,330.6635437011719
train,709,355.3999938964844,374.0160217285156
train,8572,420.79998779296875,445.5029296875
train,161,430.3999938964844,393.70263671875
train,4817,272.29998779296875,292.7223815917969
train,3817,592.9000244140625,578.64013671875
train,5599,413.29998779296875,397.7546081542969
train,2939,464.0,472.66253662109375
train,5006,586.7999877929688,586.3992309570312
train,3674,444.1000061035156,449.744873046875
train,6938,385.8999938964844,390.9065246582031
train,3578,375.70001220703125,352.4298400878906
train,3231,346.29998779296875,349.1551513671875
train,3744,298.70001220703125,283.01904296875
train,3638,372.0,364.5047607421875
train,245,344.70001220703125,322.71856689453125
train,6872,399.3999938964844,388.090576171875
train,5265,301.1000061035156,315.12939453125
train,4815,647.2000122070312,585.2714233398438
train,162,806.5999755859375,823.3243408203125
train,3262,504.79998779296875,502.6866760253906
train,6578,542.0999755859375,509.2187194824219
train,4116,458.0,450.5600891113281
train,1601,421.6000061035156,428.6813659667969
train,131,340.70001220703125,370.2296142578125
train,2129,319.5,333.756591796875
train,4820,372.79998779296875,369.9593505859375
train,2603,408.70001220703125,411.5020446777344
train,3656,455.3999938964844,434.6577453613281
train,4734,331.70001220703125,326.1087646484375
train,3522,353.29998779296875,350.8416442871094
train,4491,265.8999938964844,268.47576904296875
train,1127,325.1000061035156,286.26971435546875
train,1818,368.70001220703125,361.4889221191406
train,5106,459.3999938964844,445.54986572265625
train,745,580.7999877929688,582.3011474609375
train,5534,631.4000244140625,587.5931396484375
train,3962,601.5,567.408935546875
train,6437,412.8999938964844,429.8822937011719
train,8744,700.9000244140625,724.07958984375
train,7608,269.8999938964844,273.4132080078125
train,7083,298.5,325.68865966796875
train,4169,585.7999877929688,567.5692749023438
train,3672,272.70001220703125,270.79522705078125
train,7349,450.5,428.99560546875
train,3825,469.79998779296875,469.3500671386719
train,1816,799.0,802.1923828125
train,475,325.79998779296875,317.7395324707031
train,7916,311.6000061035156,282.96807861328125
train,4408,409.6000061035156,418.57421875
train,5678,768.800048828125,759.2945556640625
train,4078,593.0,603.254150390625
train,4554,415.20001220703125,403.50506591796875
train,1633,368.8999938964844,366.646728515625
train,242,254.0,270.6502685546875
train,5816,805.2000122070312,809.5250244140625
train,6145,401.20001220703125,390.5369873046875
train,2761,489.8999938964844,453.500244140625
train,4564,403.79998779296875,422.9885559082031
train,6534,523.5999755859375,514.3854370117188
train,5527,439.3999938964844,411.4075012207031
train,1607,248.0,272.3890380859375
train,4166,325.3999938964844,325.9383850097656
train,2905,571.0,549.4332275390625
train,5656,388.3999938964844,379.1934814453125
train,8302,333.20001220703125,344.2682800292969
train,7411,426.3999938964844,428.0777587890625
train,1986,460.6000061035156,445.55548095703125
train,586,559.2000122070312,534.806640625
train,1963,307.6000061035156,303.330322265625
train,4819,284.6000061035156,280.3185119628906
train,4127,394.5,395.7394714355469
train,4472,394.5,408.5087890625
train,2221,405.0,393.2652893066406
train,4320,469.5,447.4992980957031
train,8701,463.70001220703125,461.8477783203125
train,630,276.5,272.8428955078125
train,7808,653.4000244140625,636.1925659179688
train,3988,373.20001220703125,319.6490478515625
train,7722,813.2000122070312,795.8172607421875
train,1534,431.6000061035156,428.5800476074219
train,7931,403.6000061035156,410.9098205566406
train,6412,386.1000061035156,394.6068115234375
train,1865,403.20001220703125,424.3794860839844
train,8093,503.29998779296875,545.4915161132812
train,5448,408.5,388.6396789550781
train,6623,491.70001220703125,506.1372985839844
train,8403,313.5,298.6062316894531
train,5025,281.1000061035156,293.78240966796875
train,2883,341.29998779296875,346.3876953125
train,8616,335.8999938964844,322.5217590332031
train,7764,391.6000061035156,370.0577087402344
train,7277,301.6000061035156,311.94805908203125
train,6358,359.79998779296875,363.1421813964844
train,5893,515.2000122070312,524.9200439453125
train,7756,338.79998779296875,327.5343933105469
train,4950,697.0,693.5211181640625
train,1912,295.6000061035156,298.44647216796875
train,3636,254.3000030517578,291.4263916015625
train,8404,349.70001220703125,337.9468994140625
train,6024,348.6000061035156,346.25274658203125
train,3646,383.6000061035156,353.6871337890625
train,6406,557.0999755859375,517.4240112304688
train,1291,431.20001220703125,428.063720703125
train,6018,299.0,312.3208312988281
train,370,583.0999755859375,607.665283203125
train,5722,221.6999969482422,229.46331787109375
train,1074,376.79998779296875,352.2989807128906
train,7369,359.6000061035156,357.6102294921875
train,4009,684.7000122070312,687.521728515625
train,8462,348.20001220703125,389.06719970703125
train,3972,543.5,521.1972045898438
train,3251,456.5,457.73468017578125
train,4066,517.2000122070312,521.1380615234375
train,1051,902.5,883.6367797851562
train,4249,383.79998779296875,377.94769287109375
train,941,242.60000610351562,261.5485534667969
train,5714,727.2000122070312,733.5746459960938
train,4161,707.7000122070312,688.7061767578125
train,4012,508.70001220703125,484.8004455566406
train,6959,520.4000244140625,493.02587890625
train,1257,331.29998779296875,329.60406494140625
train,1820,525.4000244140625,520.9785766601562
train,5529,646.2000122070312,613.3865966796875
train,1680,395.8999938964844,384.03375244140625
train,5497,607.2000122070312,618.5957641601562
train,3216,712.7999877929688,733.8480224609375
train,3111,461.70001220703125,480.35504150390625
train,7046,410.6000061035156,397.8187255859375
train,1627,392.29998779296875,354.696044921875
train,280,324.0,315.9596252441406
train,871,259.5,263.53857421875
train,1917,611.2999877929688,563.8328247070312
train,6921,827.0999755859375,808.9163818359375
train,6846,309.0,317.20196533203125
train,1085,362.8999938964844,325.21624755859375
train,6099,319.29998779296875,325.68914794921875
train,2085,272.20001220703125,274.20611572265625
train,4702,367.79998779296875,393.4522705078125
train,8453,318.1000061035156,315.7183532714844
train,1119,366.79998779296875,380.7524719238281
train,5875,336.8999938964844,311.4276428222656
train,2468,441.79998779296875,446.1094055175781
train,319,347.29998779296875,330.74688720703125
train,5292,446.0,439.0440673828125
train,5036,380.6000061035156,378.8024597167969
train,1164,312.29998779296875,306.56671142578125
train,2109,422.3999938964844,420.28143310546875
train,6611,290.6000061035156,265.41259765625
train,6649,363.5,350.88751220703125
train,2351,453.3999938964844,420.94384765625
train,4242,340.3999938964844,304.1515197753906
train,5643,292.20001220703125,310.81378173828125
train,8554,383.8999938964844,344.1041564941406
train,6731,441.1000061035156,432.9407043457031
train,5125,323.5,297.9440002441406
train,13,410.8999938964844,394.8056640625
train,3417,254.39999389648438,261.33648681640625
train,2771,692.2000122070312,672.3417358398438
train,1552,398.20001220703125,372.4849548339844
train,2321,338.3999938964844,326.31622314453125
train,2907,302.29998779296875,297.29010009765625
train,609,244.6999969482422,248.92835998535156
train,3572,387.6000061035156,412.169189453125
train,6047,309.29998779296875,320.8476257324219
train,7405,353.3999938964844,331.0035400390625
train,2083,378.20001220703125,370.2750244140625
train,5736,469.8999938964844,434.9522399902344
train,4537,270.29998779296875,287.35406494140625
train,8451,363.20001220703125,338.8955078125
train,6149,315.0,307.99462890625
train,8334,287.20001220703125,279.8234558105469
train,2289,380.3999938964844,326.1922607421875
train,971,439.5,420.262451171875
train,8117,499.3999938964844,486.25030517578125
train,3870,379.3999938964844,394.55633544921875
train,4647,458.3999938964844,416.7667541503906
train,1465,612.4000244140625,603.2233276367188
train,4888,608.0999755859375,607.847412109375
train,122,399.5,419.314208984375
train,4878,474.8999938964844,465.6756591796875
train,7273,319.70001220703125,289.544189453125
train,4635,389.5,394.5553894042969
train,5897,609.0,588.552978515625
train,3372,269.1000061035156,263.39605712890625
train,3042,471.8999938964844,454.9913024902344
train,7583,527.0999755859375,520.4718017578125
train,2867,402.5,418.6666564941406
train,1129,536.2000122070312,508.8966064453125
train,5257,312.79998779296875,320.5063781738281
train,1358,279.79998779296875,286.5531005859375
train,8639,637.7000122070312,625.0173950195312
train,866,452.79998779296875,455.0392150878906
train,7140,409.70001220703125,393.9385681152344
train,8748,397.29998779296875,390.97296142578125
train,2431,318.1000061035156,345.54766845703125
train,3459,290.1000061035156,285.22222900390625
train,4879,304.70001220703125,324.2806091308594
train,1803,307.6000061035156,314.27130126953125
train,3164,448.29998779296875,455.5867614746094
train,3361,723.5999755859375,693.1172485351562
train,1269,261.1000061035156,263.61480712890625
train,6652,452.70001220703125,435.1969909667969
train,4548,225.39999389648438,233.8609619140625
train,7563,710.5999755859375,720.6153564453125
train,1324,269.1000061035156,280.7093200683594
train,4431,299.0,304.7318115234375
train,7506,388.29998779296875,401.91046142578125
train,7221,364.3999938964844,369.92303466796875
train,3614,318.0,292.2774658203125
train,1341,304.1000061035156,329.7380676269531
train,5854,369.6000061035156,324.60174560546875
train,2222,570.0,587.9229125976562
train,5240,701.2999877929688,729.028564453125
train,8175,615.2000122070312,568.8004150390625
train,1463,338.20001220703125,329.40313720703125
train,2089,843.7999877929688,808.1249389648438
train,5415,240.10000610351562,245.6051483154297
train,6422,350.1000061035156,328.6063537597656
train,154,416.1000061035156,383.8983459472656
train,2950,270.3999938964844,261.5989685058594
train,6402,269.3999938964844,258.89312744140625
train,3108,811.7000122070312,844.4630737304688
train,5900,372.6000061035156,372.1328125
train,8359,405.8999938964844,428.2846984863281
train,3780,406.5,405.19927978515625
train,1528,768.4000244140625,762.4447021484375
train,8417,421.29998779296875,425.55511474609375
train,7884,281.1000061035156,283.25927734375
train,4584,432.79998779296875,427.93780517578125
train,1141,646.5999755859375,636.912841796875
train,5235,266.5,266.03424072265625
train,6252,544.2999877929688,546.495849609375
train,273,317.8999938964844,342.1800537109375
train,8337,322.5,319.82568359375
train,2625,308.20001220703125,316.69671630859375
train,995,350.0,344.4269104003906
train,3859,768.5,817.699951171875
train,4627,375.6000061035156,347.4816589355469
train,3759,569.2999877929688,585.3629150390625
train,368,374.70001220703125,321.15667724609375
train,5323,347.5,320.6737060546875
train,1944,482.79998779296875,483.8224792480469
train,6033,474.79998779296875,478.8568115234375
train,7504,288.0,295.3203125
train,349,764.2000122070312,724.84765625
train,7114,313.8999938964844,315.97528076171875
train,5408,274.8999938964844,279.208984375
train,456,254.0,283.7883605957031
train,913,380.8999938964844,374.8968811035156
train,1890,322.79998779296875,307.4875183105469
train,832,349.8999938964844,307.3930358886719
train,2283,334.8999938964844,303.2410888671875
train,1038,285.8999938964844,277.0917053222656
train,4827,793.4000244140625,788.5636596679688
train,7271,624.4000244140625,588.8587646484375
train,6509,458.29998779296875,461.9430236816406
train,4355,345.8999938964844,378.7138977050781
train,4677,349.20001220703125,362.1999206542969
train,5366,505.3999938964844,425.9455261230469
train,6398,318.70001220703125,327.88372802734375
train,2044,744.7000122070312,720.43603515625
train,1760,423.20001220703125,412.9985046386719
train,5536,442.0,443.4075012207031
train,6890,590.7999877929688,589.725341796875
train,3448,488.8999938964844,474.0234375
train,7528,561.2999877929688,534.4637451171875
train,2483,542.2000122070312,531.81591796875
train,3705,333.6000061035156,298.7179260253906
train,3291,367.5,365.47650146484375
train,8031,557.5999755859375,558.9515991210938
train,2663,298.8999938964844,276.0926208496094
train,663,549.5,517.947509765625
train,4041,702.9000244140625,685.9818115234375
train,7387,325.79998779296875,307.6060791015625
train,8065,339.0,334.61651611328125
train,2988,294.20001220703125,274.5250244140625
train,668,441.79998779296875,447.19708251953125
train,3019,765.2999877929688,798.796630859375
train,7827,579.0999755859375,594.8644409179688
train,1546,423.6000061035156,387.9206237792969
train,2247,529.0,531.9028930664062
train,8415,440.8999938964844,459.29376220703125
train,2610,582.2999877929688,549.86669921875
train,4907,345.3999938964844,351.7509460449219
train,5891,517.5999755859375,486.5227355957031
train,4273,417.1000061035156,393.9059143066406
train,5402,532.4000244140625,522.4962158203125
train,1951,391.8999938964844,391.037841796875
train,42,278.3999938964844,290.74053955078125
train,1830,318.79998779296875,313.57354736328125
train,1636,268.29998779296875,283.19244384765625
train,8714,371.6000061035156,354.5137939453125
train,6331,566.5999755859375,557.728271484375
train,2265,527.4000244140625,522.6649780273438
train,4659,295.79998779296875,285.11676025390625
train,3752,344.3999938964844,344.6408386230469
train,4016,448.70001220703125,458.1067199707031
train,5386,399.8999938964844,402.7174987792969
train,5340,287.0,301.61212158203125
train,6614,322.6000061035156,329.517578125
train,8389,604.9000244140625,632.2963256835938
train,1989,254.5,230.48553466796875
train,19,369.3999938964844,380.36279296875
train,769,470.79998779296875,427.4122619628906
train,393,385.6000061035156,376.45770263671875
train,3287,469.3999938964844,468.07598876953125
train,1700,706.7999877929688,724.1810302734375
train,816,243.89999389648438,235.746337890625
train,6194,436.0,429.03369140625
train,1007,496.79998779296875,492.4837951660156
train,8643,265.29998779296875,285.258056640625
train,4049,424.5,413.8131408691406
train,5700,340.20001220703125,327.5014953613281
train,3756,384.29998779296875,378.49822998046875
train,6961,394.5,384.5328674316406
train,238,406.20001220703125,376.82952880859375
train,3293,299.3999938964844,330.9620361328125
train,3182,518.9000244140625,511.6038818359375
train,1345,742.7999877929688,692.3226318359375
train,4906,335.1000061035156,326.23321533203125
train,6007,473.3999938964844,485.0614318847656
train,7252,365.1000061035156,331.2773132324219
train,3117,558.4000244140625,547.0228881835938
train,6487,634.4000244140625,653.0955200195312
train,3647,284.0,247.2351531982422
train,3373,291.79998779296875,309.0802307128906
train,1645,346.20001220703125,370.48968505859375
train,695,263.8999938964844,276.2362976074219
train,198,828.4000244140625,805.5767822265625
train,943,521.0,508.6365051269531
train,3581,353.8999938964844,364.54205322265625
train,2954,415.20001220703125,434.6996765136719
train,4552,730.7000122070312,712.38037109375
train,7970,469.79998779296875,458.77764892578125
train,8249,301.6000061035156,315.517333984375
train,778,522.7999877929688,490.01849365234375
train,4808,430.79998779296875,427.45477294921875
train,4675,464.3999938964844,419.16668701171875
train,1273,408.6000061035156,395.3697204589844
train,1391,393.0,376.28631591796875
train,1653,485.79998779296875,453.8323059082031
train,3486,330.29998779296875,315.488037109375
train,2448,389.5,381.45062255859375
train,3317,429.20001220703125,412.73968505859375
train,4557,268.6000061035156,286.384765625
train,6254,400.6000061035156,382.9971923828125
train,3094,329.5,333.2904052734375
train,6275,417.0,407.5834045410156
train,7201,368.3999938964844,365.079345703125
train,6632,251.5,238.74691772460938
train,3365,746.0999755859375,733.3285522460938
train,7189,731.5,687.4609375
train,7778,303.29998779296875,294.9479675292969
train,2419,635.0999755859375,588.8224487304688
train,5259,364.20001220703125,355.4453430175781
train,1116,264.6000061035156,294.0743103027344
train,5826,402.0,404.8805236816406
train,3935,346.29998779296875,348.8882751464844
train,877,328.6000061035156,326.5729064941406
train,4835,404.70001220703125,413.80133056640625
train,4591,313.20001220703125,338.7145690917969
train,8275,313.79998779296875,322.0710754394531
train,5621,263.6000061035156,285.95916748046875
train,7225,540.0,516.1040649414062
train,5806,590.2999877929688,599.9662475585938
train,681,237.0,238.09576416015625
train,2797,418.20001220703125,416.3627014160156
train,3344,521.2000122070312,523.3233642578125
train,3176,558.2000122070312,550.7069091796875
train,5194,479.1000061035156,469.6978759765625
train,4962,606.7999877929688,595.0462646484375
train,5554,724.7999877929688,761.9410400390625
train,3336,403.0,388.16485595703125
train,117,376.79998779296875,383.1693115234375
train,6703,356.8999938964844,364.6242370605469
train,1570,382.5,367.5057067871094
train,5873,262.8999938964844,279.06939697265625
train,5104,448.29998779296875,416.37054443359375
train,6616,439.0,442.8911437988281
train,453,524.2999877929688,527.5108642578125
train,5208,362.20001220703125,367.7339782714844
train,4739,544.2999877929688,536.6502685546875
train,5987,372.8999938964844,356.1615295410156
train,6970,450.79998779296875,430.232421875
train,7460,693.0,723.6329345703125
train,3189,373.20001220703125,369.9403076171875
train,5881,548.4000244140625,525.9248657226562
train,290,587.5999755859375,626.3896484375
train,6098,474.29998779296875,463.97967529296875
train,1920,354.79998779296875,374.11480712890625
train,672,463.3999938964844,479.1324462890625
train,4142,300.8999938964844,296.8175048828125
train,3904,368.6000061035156,351.6017150878906
train,4904,375.0,372.4706726074219
train,1719,358.6000061035156,344.39508056640625
train,6372,314.8999938964844,287.19598388671875
train,8367,555.4000244140625,544.6510620117188
train,6526,330.1000061035156,340.001220703125
train,5653,401.3999938964844,366.0335388183594
train,2175,572.4000244140625,559.820068359375
train,7029,463.0,438.6797180175781
train,3299,364.29998779296875,368.12371826171875
train,3833,355.5,351.8671569824219
train,6664,469.20001220703125,468.47320556640625
train,7483,291.1000061035156,303.38128662109375
train,5311,372.5,366.9186096191406
train,6185,271.79998779296875,290.67572021484375
train,7842,335.20001220703125,365.8792419433594
train,2987,627.4000244140625,627.0023193359375
train,3004,504.0,543.3409423828125
train,4174,293.3999938964844,294.8099365234375
train,2397,444.8999938964844,455.350341796875
train,4608,774.0999755859375,774.25439453125
train,1847,818.2000122070312,831.1345825195312
train,6447,210.89999389648438,243.1643829345703
train,6345,407.1000061035156,397.68768310546875
train,4839,289.8999938964844,287.7293701171875
train,6553,433.0,443.49420166015625
train,3960,368.20001220703125,316.23297119140625
train,7587,290.3999938964844,299.225830078125
train,4072,791.0999755859375,747.8419799804688
train,3765,682.4000244140625,688.743408203125
train,2920,454.29998779296875,421.23895263671875
train,4694,394.3999938964844,375.5729675292969
train,5982,841.0,878.0665283203125
train,1915,647.4000244140625,590.682861328125
train,2878,274.70001220703125,296.76666259765625
train,6314,531.7000122070312,533.4889526367188
train,2370,327.3999938964844,318.82891845703125
train,1389,560.7000122070312,548.8101806640625
train,8693,337.0,315.9779052734375
train,4106,508.70001220703125,509.85198974609375
train,7599,359.70001220703125,360.4656982421875
train,5802,346.1000061035156,340.2255554199219
train,2284,373.0,392.2377624511719
train,8759,292.6000061035156,297.89361572265625
train,8455,516.9000244140625,533.9611206054688
train,4886,274.5,260.7796630859375
train,2928,310.0,303.08502197265625
train,8485,336.0,330.9482116699219
train,5142,302.20001220703125,300.0255126953125
train,763,594.4000244140625,597.1710815429688
train,7465,432.79998779296875,459.85589599609375
train,6597,446.79998779296875,451.4417724609375
train,8154,775.5999755859375,777.223388671875
train,6414,445.20001220703125,428.95050048828125
train,3939,290.6000061035156,294.86328125
train,5958,361.20001220703125,341.0262451171875
train,8187,395.5,367.6289978027344
train,1092,630.7999877929688,580.9667358398438
train,4070,420.20001220703125,383.22991943359375
train,3720,335.8999938964844,325.45928955078125
train,7933,341.29998779296875,337.283935546875
train,8105,488.1000061035156,506.0653991699219
train,1306,332.3999938964844,367.2286376953125
train,2599,449.1000061035156,469.7278747558594
train,7141,280.6000061035156,290.89361572265625
train,3644,503.5,505.5252685546875
train,6161,381.70001220703125,357.5810546875
train,686,550.0999755859375,516.4959716796875
train,8255,498.8999938964844,426.316162109375
train,3740,309.1000061035156,291.9320983886719
train,3762,333.1000061035156,325.66180419921875
train,2017,440.8999938964844,419.9190368652344
train,4997,404.0,384.76910400390625
train,5863,734.5999755859375,683.510986328125
train,7848,251.0,250.96780395507812
train,4444,639.9000244140625,647.4768676757812
train,3693,552.2000122070312,549.1141357421875
train,3297,496.29998779296875,491.610107421875
train,4692,367.3999938964844,333.8548583984375
train,1284,440.3999938964844,412.3016357421875
train,457,256.0,269.5618591308594
train,1973,344.0,319.0557556152344
train,3393,517.2999877929688,528.8148803710938
train,6575,293.3999938964844,289.56549072265625
train,6524,598.2999877929688,598.640380859375
train,4333,596.2999877929688,579.9500122070312
train,8523,439.0,450.0340576171875
train,4183,320.79998779296875,344.4996337890625
train,522,251.39999389648438,235.44757080078125
train,6500,486.6000061035156,483.1280517578125
train,1409,438.70001220703125,428.04473876953125
train,8568,583.7999877929688,611.5726318359375
train,5624,370.20001220703125,373.06304931640625
train,418,454.1000061035156,439.9029541015625
train,452,481.5,467.54266357421875
train,6876,309.29998779296875,308.93914794921875
train,4899,384.79998779296875,382.7589416503906
train,2654,348.79998779296875,353.8446350097656
train,996,572.5999755859375,525.8394775390625
train,6691,712.2999877929688,687.16943359375
train,1406,419.20001220703125,403.07952880859375
train,5724,278.10003662109375,272.2219543457031
train,612,307.8999938964844,306.3385925292969
train,17,448.8999938964844,433.71990966796875
train,3911,304.6000061035156,319.04852294921875
train,8253,723.0,723.6441650390625
train,7080,510.79998779296875,500.5704345703125
train,3799,363.6000061035156,355.35186767578125
train,7005,278.20001220703125,286.2912292480469
train,2742,402.70001220703125,373.73626708984375
train,3280,472.79998779296875,485.79815673828125
train,1047,470.20001220703125,452.21124267578125
train,8353,359.29998779296875,340.23291015625
train,3517,287.5,286.05987548828125
train,8588,446.1000061035156,419.38555908203125
train,7351,355.20001220703125,378.7483215332031
train,8012,313.6000061035156,300.88848876953125
train,4813,342.6000061035156,334.2633361816406
train,2834,600.0,572.2606201171875
train,8618,293.70001220703125,282.00335693359375
train,5070,515.5,540.719482421875
train,2982,304.5,295.97509765625
train,1585,558.0,532.8008422851562
train,1672,378.20001220703125,355.1016540527344
train,1043,422.29998779296875,395.0409240722656
train,1180,325.3999938964844,332.07257080078125
train,1009,345.3999938964844,333.73248291015625
train,8073,504.6000061035156,515.5442504882812
train,1312,326.79998779296875,333.1650695800781
train,2353,320.1000061035156,310.5058898925781
train,5171,316.8999938964844,307.57830810546875
train,8589,475.5,481.28076171875
train,7152,423.6000061035156,445.9949035644531
train,4433,377.3999938964844,375.74822998046875
train,3162,453.1000061035156,426.52294921875
train,1558,277.89996337890625,297.3614501953125
train,3145,409.70001220703125,388.8095397949219
train,6004,825.5999755859375,832.9749755859375
train,7576,484.0,518.3289794921875
train,4073,458.29998779296875,438.9384460449219
train,2824,367.8999938964844,343.9049072265625
train,5120,291.0,255.7346649169922
train,507,220.49998474121094,248.0838165283203
train,7762,326.29998779296875,314.68035888671875
train,8680,815.5,782.7666015625
train,5514,256.6000061035156,276.486572265625
train,5060,851.699951171875,856.8939208984375
train,537,793.0,794.3106689453125
train,5701,467.29998779296875,497.8580322265625
train,4385,518.9000244140625,490.54779052734375
train,4501,317.20001220703125,305.8448181152344
train,1151,801.7000122070312,857.743896484375
train,2886,533.5999755859375,536.5849609375
train,5742,324.5,329.2336120605469
train,7982,355.70001220703125,368.0491943359375
train,4616,514.5,519.9863891601562
train,3738,305.6000061035156,313.3977966308594
train,1071,776.9000244140625,747.8284912109375
train,5843,642.2000122070312,646.7833251953125
train,7601,713.7000122070312,720.745361328125
train,1308,414.8999938964844,418.2265930175781
train,775,303.29998779296875,279.3645935058594
train,3915,224.0,226.76837158203125
train,7681,405.79998779296875,368.7323913574219
train,5708,636.0,672.7847900390625
train,3425,622.0,580.9804077148438
train,4131,375.0,354.6214294433594
train,3082,599.7000122070312,605.0426025390625
train,7397,283.79998779296875,271.5561218261719
train,1055,431.5,406.0865783691406
train,6249,335.8999938964844,337.14874267578125
train,2271,718.0,753.5357666015625
train,3320,306.0,312.9831237792969
train,409,487.1000061035156,409.0084228515625
train,3272,309.70001220703125,274.50164794921875
train,7539,261.20001220703125,249.35317993164062
train,2184,855.2999877929688,840.089111328125
train,5112,291.8999938964844,300.3128662109375
train,2325,720.5999755859375,727.45849609375
train,6404,278.10003662109375,286.1869201660156
train,3170,582.7999877929688,583.0711669921875
train,3151,398.3999938964844,418.610595703125
train,8318,473.5,483.48980712890625
train,3069,313.6000061035156,313.0823669433594
train,2291,302.5,309.1189880371094
train,362,397.70001220703125,406.1999206542969
train,7480,466.29998779296875,475.2215881347656
train,1,285.3999938964844,289.22265625
train,2391,521.0,516.6604614257812
train,8667,525.9000244140625,518.12548828125
train,8482,294.20001220703125,297.36669921875
train,282,382.20001220703125,382.466064453125
train,7735,381.3999938964844,374.8487548828125
train,514,306.20001220703125,293.47039794921875
train,3144,223.89999389648438,229.73782348632812
train,234,561.2999877929688,513.2244873046875
train,6698,274.20001220703125,298.055419921875
train,1644,303.70001220703125,301.27947998046875
train,4628,256.20001220703125,256.83160400390625
train,7267,558.2999877929688,557.1878662109375
train,4964,442.1000061035156,426.1633605957031
train,4099,317.20001220703125,296.49932861328125
train,6945,388.5,377.1943054199219
train,8707,456.79998779296875,447.9975891113281
train,5611,297.0,296.06256103515625
train,1053,314.3999938964844,308.5107727050781
train,7031,402.8999938964844,361.36651611328125
train,497,824.7999877929688,806.3828125
train,6359,335.6000061035156,328.5022888183594
train,7798,774.0999755859375,778.6719360351562
train,6917,320.0,324.4714660644531
train,6586,651.0999755859375,644.9500732421875
train,6068,260.8999938964844,274.59515380859375
train,8446,338.20001220703125,352.54913330078125
train,3032,341.3999938964844,319.2487487792969
train,1021,365.8999938964844,364.0501708984375
train,6547,454.3999938964844,438.085205078125
train,4230,458.6000061035156,401.849609375
train,8622,265.5,280.508056640625
train,865,472.5,490.4803771972656
train,1958,361.1000061035156,353.6211853027344
train,940,353.5,347.1126403808594
train,8100,290.20001220703125,291.841552734375
train,7648,739.5999755859375,742.6661376953125
train,5139,297.79998779296875,296.8337097167969
train,8594,663.2000122070312,669.2197265625
train,6008,264.6000061035156,295.699462890625
train,1867,433.3999938964844,447.9048767089844
train,6083,276.1000061035156,298.1829528808594
train,332,310.79998779296875,306.87322998046875
train,8684,429.70001220703125,437.66650390625
train,5185,424.5,437.6248474121094
train,1495,444.3999938964844,408.1906433105469
train,6830,582.2999877929688,572.2229614257812
train,4971,326.1000061035156,334.7090759277344
train,5353,754.0999755859375,764.451171875
train,1063,418.20001220703125,438.3572082519531
train,6128,534.7000122070312,537.6140747070312
train,2802,375.8999938964844,388.5069580078125
train,543,393.1000061035156,404.5078430175781
train,2881,293.0,294.9892272949219
train,1578,518.5999755859375,484.94683837890625
train,3989,438.0,417.69281005859375
train,8048,756.7000122070312,728.6812744140625
train,8444,285.1000061035156,309.6137390136719
train,2477,351.1000061035156,354.0001220703125
train,1149,589.7999877929688,573.45947265625
train,3843,365.0,371.1789245605469
train,3926,315.5,324.33831787109375
train,8577,338.6000061035156,328.95330810546875
train,1635,487.0,470.28045654296875
train,6957,424.6000061035156,421.5113830566406
train,3645,293.5,321.9251708984375
train,8042,574.2999877929688,567.2345581054688
train,7281,374.29998779296875,378.57769775390625
train,3983,444.8999938964844,445.25201416015625
train,6044,446.20001220703125,449.1832275390625
train,1407,695.0999755859375,714.463623046875
train,6639,382.20001220703125,378.9973449707031
train,2438,317.79998779296875,323.1117858886719
train,6130,393.70001220703125,394.2703857421875
train,3673,412.8999938964844,412.4566650390625
train,5068,297.20001220703125,295.9449462890625
train,3951,315.79998779296875,298.2010803222656
train,1774,424.6000061035156,458.90277099609375
train,8282,329.20001220703125,321.4872741699219
train,6804,349.5,311.4250183105469
train,1811,325.20001220703125,329.1860656738281
train,8101,471.8999938964844,464.469970703125
train,5513,672.2000122070312,636.7225952148438
train,5578,265.79998779296875,258.62841796875
train,2220,634.5,671.5751953125
train,604,305.1000061035156,303.7099609375
train,7939,313.0,296.03076171875
train,1726,263.0,251.28102111816406
train,5428,741.7000122070312,714.7194213867188
train,4993,292.5,292.71136474609375
train,777,274.0,281.873779296875
train,47,446.79998779296875,472.2618408203125
train,5979,412.20001220703125,419.3570251464844
train,4474,567.5,587.61279296875
train,3520,318.1000061035156,303.85369873046875
train,4515,343.5,313.56494140625
train,6218,432.29998779296875,453.42327880859375
train,6803,266.1000061035156,269.55377197265625
train,2093,418.5,403.2861022949219
train,4011,499.3999938964844,497.0267333984375
train,5819,653.5,668.2254638671875
train,8183,295.6000061035156,289.06024169921875
train,1400,229.3000030517578,248.18923950195312
train,2001,356.79998779296875,356.18646240234375
train,6860,765.4000244140625,786.614990234375
train,6051,473.8999938964844,450.3235168457031
train,7584,479.0,512.048095703125
train,4300,312.5,345.16705322265625
train,6822,376.5,404.23492431640625
train,4740,323.70001220703125,314.93194580078125
train,3321,280.79998779296875,257.48046875
train,5141,614.2000122070312,635.0482177734375
train,1418,604.7999877929688,602.555419921875
train,2704,352.20001220703125,348.6329650878906
train,2273,472.6000061035156,429.7584533691406
train,7165,305.0,330.0246887207031
train,4974,591.5,608.8697509765625
train,294,538.4000244140625,543.8532104492188
train,2296,324.1000061035156,319.03009033203125
train,751,752.9000244140625,729.3167114257812
train,8194,632.5,625.8555297851562
train,876,337.3999938964844,340.0682067871094
train,8062,368.5,355.4236145019531
train,1267,309.20001220703125,304.75897216796875
train,7695,425.70001220703125,427.2142028808594
train,3579,363.3999938964844,367.3221130371094
train,2892,382.3999938964844,390.7779846191406
train,3399,495.1000061035156,422.00250244140625
train,6226,339.1000061035156,342.2856140136719
train,6319,381.1000061035156,358.35101318359375
train,540,269.8999938964844,260.45849609375
train,8442,470.29998779296875,479.18426513671875
train,6115,361.79998779296875,347.0788879394531
train,8498,401.70001220703125,361.48870849609375
train,6329,406.79998779296875,404.57476806640625
train,2326,283.3999938964844,281.82305908203125
train,126,281.29998779296875,303.6757507324219
train,5954,544.4000244140625,555.0790405273438
train,4209,429.3999938964844,401.1233215332031
train,4402,321.70001220703125,294.0052490234375
train,441,553.2999877929688,503.1364440917969
train,3474,361.6000061035156,364.4822998046875
train,884,535.5,549.5108642578125
train,5277,647.5999755859375,643.482177734375
train,5782,500.0,517.4150390625
train,1941,390.0,368.5663757324219
train,3501,380.70001220703125,364.0730285644531
train,760,458.70001220703125,453.6669921875
train,2048,574.5,578.4249877929688
train,7572,379.5,366.5178527832031
train,4782,481.3999938964844,478.08709716796875
train,3040,457.29998779296875,491.20428466796875
train,1199,277.3999938964844,252.15130615234375
train,3730,278.10003662109375,301.905029296875
train,730,522.0999755859375,490.34576416015625
train,2302,454.5,473.217041015625
train,3697,536.4000244140625,517.7515869140625
train,420,350.79998779296875,306.4415588378906
train,7414,340.3999938964844,384.1084899902344
train,4732,401.20001220703125,394.82464599609375
train,6491,331.5,313.2105712890625
train,8362,833.2999877929688,819.8680419921875
train,7993,740.7000122070312,764.358154296875
train,1793,604.0999755859375,591.281494140625
train,6381,445.6000061035156,425.2131652832031
train,8146,333.0,350.0281982421875
train,2274,558.4000244140625,564.916748046875
train,1670,375.0,349.1176452636719
train,8094,418.20001220703125,417.7391052246094
train,4526,466.3999938964844,439.8939208984375
train,6780,457.70001220703125,471.31829833984375
train,4683,240.10000610351562,248.22731018066406
train,3630,722.5,763.96875
train,3885,467.70001220703125,456.18115234375
train,3314,691.7000122070312,684.9427490234375
train,1772,663.5999755859375,661.0316772460938
train,166,632.4000244140625,605.2760620117188
train,1485,371.1000061035156,382.1307678222656
train,8284,372.5,373.1098937988281
train,6864,257.79998779296875,236.05633544921875
train,3966,404.5,380.6058654785156
train,7159,336.6000061035156,322.8507080078125
train,8208,361.6000061035156,330.7659912109375
train,5839,424.20001220703125,420.67822265625
train,506,411.3999938964844,387.92523193359375
train,4254,715.4000244140625,703.9317626953125
train,8472,326.20001220703125,317.31280517578125
train,3269,466.5,463.94384765625
train,1524,757.7999877929688,736.7293701171875
train,5174,309.5,306.21490478515625
train,272,408.29998779296875,394.1381530761719
train,4946,308.29998779296875,296.6698303222656
train,3628,347.70001220703125,340.6551513671875
train,4522,426.0,431.6377868652344
train,4614,334.79998779296875,306.4514465332031
train,6844,488.0,486.22271728515625
train,2901,301.8999938964844,318.4499206542969
train,7980,279.6000061035156,289.10906982421875
train,4019,259.9000244140625,285.1423034667969
train,309,293.20001220703125,284.00732421875
train,5329,643.2000122070312,595.96533203125
train,2392,358.5,390.5694580078125
train,4642,341.1000061035156,355.2397155761719
train,8512,353.6000061035156,322.1134338378906
train,1634,797.4000244140625,808.2274169921875
train,2512,705.7999877929688,715.333251953125
train,3830,389.1000061035156,378.13702392578125
train,7908,337.79998779296875,303.41973876953125
train,1703,451.0,418.7840576171875
train,4885,408.79998779296875,380.7037048339844
train,5219,413.5,403.90557861328125
train,3607,410.20001220703125,426.2058410644531
train,7432,439.20001220703125,429.86578369140625
train,2968,374.70001220703125,354.307861328125
train,173,642.5,619.6802978515625
train,5032,381.79998779296875,353.1085205078125
train,5486,542.5999755859375,540.32470703125
train,30,460.79998779296875,528.8880615234375
train,7625,321.79998779296875,309.028564453125
train,1378,265.79998779296875,262.1845703125
train,4344,777.7000122070312,742.455322265625
train,3143,436.29998779296875,409.1239318847656
train,8511,568.0,535.5064086914062
train,7003,348.5,331.7594299316406
train,381,458.5,444.180908203125
train,6482,609.5999755859375,588.4022216796875
train,1623,353.8999938964844,364.0970458984375
train,629,662.7999877929688,594.609130859375
train,2004,370.3999938964844,333.786865234375
train,5210,502.70001220703125,494.5606994628906
train,4987,534.5999755859375,567.229248046875
train,8205,317.8999938964844,306.2472229003906
train,5342,244.39999389648438,270.9364013671875
train,1293,443.20001220703125,451.1739196777344
train,292,540.2999877929688,527.8771362304688
train,3324,557.9000244140625,551.5208129882812
train,3468,523.7000122070312,522.8026123046875
train,6563,260.3999938964844,271.45489501953125
train,6366,770.9000244140625,788.1930541992188
train,331,450.5,459.29071044921875
train,5910,466.6000061035156,473.2837829589844
train,2796,798.7000122070312,772.4473876953125
train,8190,412.79998779296875,380.69580078125
train,8712,473.5,448.0994567871094
train,2508,355.79998779296875,341.50238037109375
train,6180,340.6000061035156,339.7182922363281
train,4059,371.79998779296875,360.3924560546875
train,4045,330.79998779296875,334.60980224609375
train,755,312.6000061035156,298.94476318359375
train,5472,712.2999877929688,726.7969970703125
train,5688,420.3999938964844,407.3761901855469
train,6081,292.1000061035156,282.9542541503906
train,1185,400.70001220703125,376.3150634765625
train,170,690.2999877929688,665.5244140625
train,2133,258.70001220703125,266.11126708984375
train,7945,468.0,439.0149841308594
train,4195,250.09999084472656,264.2882995605469
train,265,418.29998779296875,401.7566833496094
train,710,412.1000061035156,316.3282470703125
train,501,591.7999877929688,583.0221557617188
train,896,278.20001220703125,282.14227294921875
train,6871,518.0999755859375,535.5607299804688
train,4667,584.4000244140625,621.4780883789062
train,8127,425.70001220703125,437.7126770019531
train,4448,377.5,388.4562683105469
train,4257,315.5,294.9793395996094
train,2159,516.4000244140625,510.5970764160156
train,761,293.1000061035156,305.30023193359375
train,3350,433.0,449.3758544921875
train,4202,272.20001220703125,286.6595764160156
train,2082,791.2000122070312,737.7603759765625
train,2056,329.8999938964844,336.11187744140625
train,6924,381.29998779296875,386.3266906738281
train,4271,316.3999938964844,323.338623046875
train,1682,458.20001220703125,457.8708190917969
train,339,293.6000061035156,293.1403503417969
train,5130,628.2999877929688,605.740966796875
train,1262,762.2000122070312,713.1114501953125
train,5275,321.3999938964844,308.6708068847656
train,617,425.20001220703125,435.3828430175781
train,7558,463.5,420.2774658203125
train,7513,319.29998779296875,322.3511962890625
train,2728,481.6000061035156,473.7403564453125
train,139,350.8999938964844,363.3798522949219
train,2223,318.79998779296875,320.9823303222656
train,2069,553.4000244140625,543.0040893554688
train,7014,882.5,887.4888916015625
train,2212,496.5,471.185791015625
train,782,418.29998779296875,402.72589111328125
train,3163,505.8999938964844,485.42742919921875
train,3932,640.0999755859375,618.6082153320312
train,8378,279.3999938964844,322.732177734375
train,329,511.79998779296875,496.81658935546875
train,5314,574.4000244140625,576.2818603515625
train,6724,554.5,555.2567138671875
train,1859,306.5,302.21575927734375
train,6036,335.29998779296875,316.3060607910156
train,4500,509.29998779296875,509.79833984375
train,642,337.6000061035156,324.3724365234375
train,1376,732.0,725.164306640625
train,5150,478.0,452.6469421386719
train,398,306.8999938964844,294.58355712890625
train,3300,400.6000061035156,373.170166015625
train,5404,385.20001220703125,382.9659423828125
train,4884,450.20001220703125,448.8329772949219
train,2787,388.70001220703125,375.6943359375
train,8520,325.70001220703125,308.2086181640625
train,5283,293.3999938964844,297.7423095703125
train,5969,284.8999938964844,271.8964538574219
train,6814,264.20001220703125,273.70562744140625
train,5395,340.79998779296875,352.55181884765625
train,8409,576.2999877929688,559.6900634765625
train,3465,315.29998779296875,311.54437255859375
train,8683,331.70001220703125,330.91162109375
train,1905,349.1000061035156,348.0609130859375
train,7186,435.70001220703125,423.5046691894531
train,846,620.2000122070312,581.0430297851562
train,4373,324.3999938964844,337.8145751953125
train,7570,589.0,593.9351806640625
train,1639,404.6000061035156,388.0773010253906
train,1766,523.0999755859375,501.22039794921875
train,580,420.0,402.669677734375
train,3664,286.6000061035156,290.44091796875
train,622,456.79998779296875,467.26361083984375
train,5767,283.70001220703125,288.56317138671875
train,1583,276.79998779296875,305.13409423828125
train,5285,248.8000030517578,280.8106384277344
train,2668,497.70001220703125,482.759765625
train,6784,387.0,376.0818786621094
train,3169,481.29998779296875,486.1807556152344
train,6313,518.2000122070312,506.9682312011719
train,6869,433.70001220703125,441.08502197265625
train,3374,351.20001220703125,352.2471923828125
train,6999,339.0,325.056396484375
train,5940,670.9000244140625,664.3094482421875
train,6527,334.79998779296875,326.6551513671875
train,5066,464.3999938964844,445.7247314453125
train,5533,482.6000061035156,482.6344909667969
train,5098,400.0,347.8390197753906
train,6433,300.5,294.74432373046875
train,4025,278.29998779296875,277.70001220703125
train,4681,739.199951171875,705.8050537109375
train,5823,617.2000122070312,610.872802734375
train,6697,271.8999938964844,291.056640625
train,6786,346.8999938964844,354.1095275878906
train,2699,280.4000244140625,291.7147216796875
train,743,392.29998779296875,379.935791015625
train,7290,394.20001220703125,395.35382080078125
train,6174,284.79998779296875,301.3782958984375
train,4512,715.2000122070312,709.240478515625
train,951,284.5,285.93206787109375
train,8163,499.70001220703125,482.92071533203125
train,6778,508.29998779296875,480.120361328125
train,8580,800.0999755859375,784.6027221679688
train,1537,284.3999938964844,305.3020935058594
train,5167,443.79998779296875,416.3032531738281
train,7755,357.0,337.46728515625
train,3455,275.39996337890625,272.9610595703125
train,2898,331.29998779296875,347.68621826171875
train,2998,391.70001220703125,407.74176025390625
train,5564,537.7000122070312,530.028076171875
train,6591,377.6000061035156,366.0640563964844
train,3558,261.29998779296875,254.92916870117188
train,5520,330.29998779296875,326.91473388671875
train,7650,448.3999938964844,442.8761291503906
train,4674,419.0,412.3169860839844
train,640,275.1000061035156,253.3761749267578
train,5160,317.20001220703125,323.79815673828125
train,3307,541.7999877929688,568.6495361328125
train,2505,354.79998779296875,352.877197265625
train,4750,307.0,316.91156005859375
train,1705,502.5,495.69329833984375
train,6763,451.8999938964844,455.4555358886719
train,7559,321.1000061035156,306.73516845703125
train,7495,253.6999969482422,253.55075073242188
train,7948,286.79998779296875,291.677490234375
train,6401,255.89999389648438,275.9786376953125
train,1930,380.5,316.44744873046875
train,5281,669.9000244140625,672.1900024414062
train,1949,369.0,344.41290283203125
train,4776,414.1000061035156,371.2033996582031
train,955,259.29998779296875,276.3255615234375
train,3437,496.20001220703125,468.4344482421875
train,608,234.0,234.22357177734375
train,2889,428.70001220703125,411.8922424316406
train,1359,286.20001220703125,296.2745056152344
train,6552,298.0,292.3045654296875
train,6859,344.5,335.3998718261719
train,3366,284.3999938964844,295.38092041015625
train,1208,299.3999938964844,282.7386169433594
train,8129,332.1000061035156,335.0302734375
train,7717,312.29998779296875,338.3335876464844
train,7910,519.7999877929688,562.732421875
train,8148,354.1000061035156,353.1302490234375
train,4708,240.30001831054688,258.8081970214844
train,3060,333.29998779296875,364.3768310546875
train,1441,642.9000244140625,617.3072509765625
train,7337,426.0,377.49652099609375
train,3667,271.70001220703125,290.20404052734375
train,2479,425.8999938964844,389.90057373046875
train,11,634.7999877929688,625.812255859375
train,5980,432.79998779296875,428.3849182128906
train,3133,797.4000244140625,755.7122802734375
train,6362,365.70001220703125,381.6925048828125
train,4727,445.29998779296875,435.4873962402344
train,1545,386.5,350.88592529296875
train,7077,394.0,374.97900390625
train,6873,283.3999938964844,316.3624572753906
train,4566,296.70001220703125,283.1958923339844
train,1087,367.1000061035156,354.04669189453125
train,1784,316.70001220703125,330.9706115722656
train,8132,410.20001220703125,401.4540710449219
train,2725,711.7999877929688,691.24267578125
train,3266,346.3999938964844,345.59814453125
train,2931,649.0,605.2066040039062
train,5639,294.29998779296875,301.373046875
train,6256,431.3999938964844,416.9233703613281
train,7581,394.6000061035156,392.8701477050781
train,3709,648.9000244140625,647.1255493164062
train,1945,298.3999938964844,313.4852294921875
train,2137,285.1000061035156,297.5964660644531
train,4198,304.5,284.95086669921875
train,2544,259.29998779296875,275.686279296875
train,3923,660.9000244140625,638.3765258789062
train,5161,317.1000061035156,314.6400451660156
train,3430,476.79998779296875,450.05242919921875
train,1367,277.1000061035156,299.73187255859375
train,2638,279.20001220703125,287.2757873535156
train,3329,456.79998779296875,444.71514892578125
train,3210,598.7999877929688,595.0979614257812
train,3736,285.8999938964844,285.9990234375
train,99,476.1000061035156,491.16973876953125
train,3149,368.29998779296875,381.0038146972656
train,3174,445.29998779296875,497.7853088378906
train,3444,442.6000061035156,447.9295654296875
train,3128,372.0,376.8927917480469
train,7026,513.2999877929688,534.5106201171875
train,414,719.5999755859375,775.2998657226562
train,8020,664.5999755859375,619.2581787109375
train,4291,308.20001220703125,289.5302734375
train,3252,315.8999938964844,316.87445068359375
train,7836,764.0,793.9545288085938
train,1205,350.1000061035156,359.3353576660156
train,2424,463.3999938964844,453.6071472167969
train,7253,513.9000244140625,510.1042785644531
train,4167,515.9000244140625,502.0715026855469
train,7446,398.8999938964844,380.9314880371094
train,6835,538.9000244140625,496.85626220703125
train,5989,604.7000122070312,583.3814697265625
train,6881,288.5,284.5000305175781
train,1132,392.29998779296875,396.7810363769531
train,1089,429.5,408.792236328125
train,1747,331.3999938964844,328.25885009765625
train,7202,429.1000061035156,431.5663757324219
train,4102,558.2000122070312,559.218505859375
train,1843,429.79998779296875,407.6223449707031
train,1681,477.3999938964844,476.8090515136719
train,2858,301.29998779296875,288.1080322265625
train,6446,471.20001220703125,463.42388916015625
train,5087,476.6000061035156,423.5690002441406
train,1266,435.5,425.1518859863281
train,6308,289.1000061035156,297.51458740234375
train,1188,273.3999938964844,277.33489990234375
train,8638,381.3999938964844,394.5252990722656
train,4446,261.79998779296875,252.7854461669922
train,6893,290.5,293.6444091796875
train,5625,547.0999755859375,498.2698974609375
train,2647,727.0999755859375,779.3385009765625
train,2206,392.6000061035156,367.1177978515625
train,4870,285.70001220703125,275.47503662109375
train,1839,357.5,340.9296875
train,8333,794.5,794.510986328125
train,116,394.70001220703125,430.2059020996094
train,2538,486.0,457.0182189941406
train,2736,412.29998779296875,414.003662109375
train,8611,390.3999938964844,357.8914794921875
train,5481,616.7999877929688,604.7257080078125
train,3503,429.79998779296875,422.0155334472656
train,2108,256.20001220703125,232.3468017578125
train,2246,564.4000244140625,568.669189453125
train,1457,524.2000122070312,506.09747314453125
train,7930,214.1000213623047,242.17913818359375
train,1559,471.29998779296875,444.8276672363281
train,3627,333.20001220703125,313.509765625
train,7416,547.2000122070312,543.4828491210938
train,2381,451.3999938964844,490.3728942871094
train,4467,389.79998779296875,361.9660949707031
train,5322,324.1000061035156,326.3302307128906
train,7800,321.20001220703125,322.733154296875
train,6162,390.0,375.760986328125
train,2095,269.5,270.3930358886719
train,6493,731.4000244140625,736.4532470703125
train,430,248.8000030517578,284.9344787597656
train,7508,300.3999938964844,290.24188232421875
train,3819,451.79998779296875,439.8440856933594
train,3743,406.20001220703125,377.2603454589844
train,7714,779.5999755859375,801.3607177734375
train,6209,336.29998779296875,373.65228271484375
train,5409,398.1000061035156,394.5382385253906
train,2305,285.29998779296875,295.4171447753906
train,7674,299.70001220703125,324.14276123046875
train,422,683.4000244140625,644.896484375
train,298,581.2999877929688,589.7222900390625
train,4595,314.8999938964844,340.4781188964844
train,8411,423.8999938964844,399.0984191894531
train,1249,278.79998779296875,289.2009582519531
train,2507,286.6000061035156,269.27325439453125
train,3168,549.9000244140625,582.9189453125
train,3202,608.7999877929688,569.03662109375
train,3481,329.5,308.81658935546875
train,6278,879.5,844.9739379882812
train,8197,517.7000122070312,525.1212158203125
train,1422,339.5,325.9250793457031
train,2713,846.7999877929688,836.6373291015625
train,4471,300.70001220703125,318.80987548828125
train,2539,449.70001220703125,487.93426513671875
train,8379,827.5999755859375,796.103759765625
train,6782,300.8999938964844,301.39178466796875
train,3451,420.5,393.8743591308594
train,6615,418.3999938964844,408.55010986328125
train,3620,373.3999938964844,398.5762634277344
train,8553,368.1000061035156,342.1414489746094
train,4114,274.5,284.7126770019531
train,6295,391.29998779296875,370.65399169921875
train,2938,700.0,693.232177734375
train,8575,329.29998779296875,307.2441101074219
train,8704,499.20001220703125,455.0323181152344
train,4967,722.0,757.3167114257812
train,3970,329.3999938964844,294.37030029296875
train,5020,224.10000610351562,235.02206420898438
train,5037,488.79998779296875,500.24163818359375
train,2498,431.20001220703125,407.84039306640625
train,6084,388.5,375.4305114746094
train,7377,774.7000732421875,753.4742431640625
train,2170,328.20001220703125,352.59613037109375
train,5606,368.6000061035156,383.6949462890625
train,6504,359.29998779296875,358.9346923828125
train,7118,393.29998779296875,423.265380859375
train,7863,319.20001220703125,322.5202331542969
train,8244,422.70001220703125,407.80560302734375
train,2156,434.6000061035156,402.15606689453125
train,5151,393.0,393.7534484863281
train,4000,270.8999938964844,271.8908386230469
train,2722,464.79998779296875,477.001953125
train,8016,348.5,366.1249084472656
train,5576,279.6000061035156,289.8576354980469
train,283,417.5,403.2618408203125
train,5044,352.1000061035156,305.3099670410156
train,3248,273.70001220703125,290.4017639160156
train,5186,316.5,336.91729736328125
train,6592,304.20001220703125,299.32373046875
train,8423,282.70001220703125,288.40130615234375
train,2039,631.2000122070312,642.462890625
train,683,280.1000061035156,258.33343505859375
train,699,462.70001220703125,510.5862121582031
train,6471,234.1999969482422,237.4269256591797
train,7125,772.0,760.483642578125
train,4980,726.7999877929688,714.7808837890625
train,7220,326.1000061035156,298.9161376953125
train,6479,499.0,503.49847412109375
train,2664,279.8999938964844,281.611328125
train,7832,353.5,372.4349670410156
train,7815,427.20001220703125,415.5226135253906
train,5774,336.8999938964844,341.04107666015625
train,8726,367.1000061035156,379.2667236328125
train,738,454.6000061035156,418.5863342285156
train,2844,284.3999938964844,287.7356872558594
train,626,327.20001220703125,301.7521667480469
train,1770,338.79998779296875,341.1228332519531
train,3518,807.7000122070312,794.235595703125
train,6870,420.79998779296875,414.176513671875
train,2952,366.0,354.8939514160156
train,4723,585.5,534.3515014648438
train,5824,527.4000244140625,502.2018737792969
train,4064,519.5999755859375,503.13165283203125
train,5728,337.1000061035156,323.5579528808594
train,6461,384.5,365.0609436035156
train,6701,317.20001220703125,317.874267578125
train,2996,295.70001220703125,290.13958740234375
train,2348,300.29998779296875,301.5946350097656
train,2092,409.8999938964844,381.97607421875
train,3597,247.0,230.19915771484375
train,1850,390.3999938964844,379.2033386230469
train,2106,405.29998779296875,414.2113342285156
train,5115,300.6000061035156,289.72711181640625
train,86,533.2999877929688,543.6380004882812
train,5751,406.3999938964844,397.0009765625
train,50,291.20001220703125,277.19744873046875
train,6936,354.1000061035156,332.8575744628906
train,8326,300.1000061035156,299.57928466796875
train,5284,280.70001220703125,281.7486572265625
train,4547,381.3999938964844,348.2384033203125
train,8196,396.79998779296875,372.02618408203125
train,2734,282.9000244140625,298.69415283203125
train,7181,298.3999938964844,286.7647705078125
train,3017,507.0,469.96820068359375
train,4662,297.8999938964844,314.28839111328125
train,4612,524.7000122070312,471.2103576660156
train,4094,235.60000610351562,258.1229553222656
train,7344,471.5,487.3347473144531
train,3723,307.1000061035156,312.1236267089844
train,1975,482.8999938964844,505.3707275390625
train,815,293.6000061035156,317.09869384765625
train,3941,294.5,305.42645263671875
train,3639,281.70001220703125,305.33441162109375
train,5197,390.1000061035156,374.09149169921875
train,2322,359.6000061035156,341.5697937011719
train,353,296.8999938964844,289.5938415527344
train,3653,279.79998779296875,287.711669921875
train,5079,301.20001220703125,282.07012939453125
train,7520,551.9000244140625,566.7232055664062
train,8361,530.2000122070312,502.3299560546875
train,129,310.29998779296875,327.7748718261719
train,954,294.29998779296875,345.66845703125
train,482,468.8999938964844,462.09783935546875
train,3011,363.5,365.817626953125
train,3310,342.20001220703125,315.464599609375
train,6150,467.5,431.5521545410156
train,8174,320.3999938964844,319.6480712890625
train,6112,259.79998779296875,248.24002075195312
train,365,415.6000061035156,445.1567687988281
train,5935,347.5,350.0263366699219
train,2518,762.2999877929688,728.2452392578125
train,1657,724.2999877929688,727.029541015625
train,4891,362.8999938964844,378.4435119628906
train,1224,588.2000122070312,611.8527221679688
train,1822,441.70001220703125,427.16790771484375
train,5334,511.1000061035156,488.41021728515625
train,448,342.20001220703125,345.7183837890625
train,5500,474.0,458.50244140625
train,2481,359.3999938964844,360.13525390625
train,451,278.10003662109375,259.647216796875
train,1808,449.79998779296875,468.3539123535156
train,5434,370.1000061035156,366.1486511230469
train,2557,491.0,477.4959716796875
train,8396,300.5,286.40496826171875
train,820,365.6000061035156,367.19403076171875
train,1744,352.70001220703125,314.96484375
train,4789,391.29998779296875,355.53228759765625
train,6118,277.6000061035156,267.89593505859375
train,1976,329.20001220703125,339.88330078125
train,5154,869.0999755859375,812.1815795898438
train,7176,454.70001220703125,418.8141174316406
train,2179,395.0,385.515380859375
train,2887,523.0999755859375,510.53021240234375
train,1840,455.0,496.3014831542969
train,6820,744.199951171875,733.6673583984375
train,8620,351.3999938964844,311.1335144042969
train,7012,357.8999938964844,336.9169006347656
train,8252,387.0,374.6076965332031
train,249,397.29998779296875,364.3895263671875
train,5833,636.2000122070312,678.0977783203125
train,7021,717.9000244140625,675.5411987304688
train,4288,360.8999938964844,356.8318786621094
train,5746,310.20001220703125,296.3930969238281
train,3842,520.5,512.2374267578125
train,685,560.9000244140625,573.1143188476562
train,3433,345.3999938964844,340.82183837890625
train,8443,522.2999877929688,528.1585693359375
train,2115,314.6000061035156,328.7462158203125
train,7345,303.70001220703125,267.110107421875
train,2318,275.79998779296875,273.91351318359375
train,5483,374.6000061035156,386.2679138183594
train,4531,761.0999755859375,732.4357299804688
train,7534,479.70001220703125,455.3101806640625
train,1625,340.3999938964844,363.5140686035156
train,3806,774.9000244140625,750.1557006835938
train,2847,290.6000061035156,311.410888671875
train,6525,420.5,410.4934997558594
train,2147,307.70001220703125,311.0298767089844
train,5212,523.0,504.6051025390625
train,3633,700.0,663.9439697265625
train,2228,285.0,266.0815124511719
train,214,838.5,839.469970703125
train,4342,400.1000061035156,390.0091552734375
train,8357,401.0,395.05859375
train,4519,329.70001220703125,340.30169677734375
train,4193,611.9000244140625,563.9451904296875
train,8621,711.2999877929688,729.70751953125
train,2079,502.6000061035156,513.3933715820312
train,1048,325.3999938964844,324.72552490234375
train,1455,340.1000061035156,315.0134582519531
train,4001,626.2000122070312,614.8362426757812
train,6617,601.5999755859375,585.873779296875
train,38,567.2999877929688,552.176025390625
train,5121,399.70001220703125,377.1592102050781
train,1921,632.7999877929688,635.898193359375
train,3302,281.1000061035156,294.3855895996094
train,2791,553.5999755859375,540.7232666015625
train,4130,434.20001220703125,431.76507568359375
train,1253,372.1000061035156,367.32098388671875
train,8035,601.2999877929688,578.66552734375
train,8186,286.29998779296875,297.642333984375
train,4301,373.20001220703125,361.6148376464844
train,1660,551.2000122070312,553.3867797851562
train,1615,359.20001220703125,340.8150634765625
train,7545,410.6000061035156,415.20751953125
train,1779,304.70001220703125,298.53131103515625
train,3130,763.0999755859375,711.5552978515625
train,4004,783.5999755859375,768.4003295898438
train,320,504.29998779296875,468.69073486328125
train,4737,517.5999755859375,511.978515625
train,6598,562.4000244140625,532.6260375976562
train,7564,445.8999938964844,461.448486328125
train,7047,674.2000122070312,632.73779296875
train,5945,483.3999938964844,461.01300048828125
train,1106,711.0999755859375,691.849365234375
train,2984,378.8999938964844,388.0221252441406
train,3683,304.6000061035156,282.089599609375
train,5811,785.199951171875,783.1279296875
train,1929,392.3999938964844,397.9836120605469
train,2327,259.79998779296875,264.87353515625
train,2065,370.3999938964844,366.0654296875
train,6127,317.6000061035156,331.4009704589844
train,5710,386.79998779296875,376.97686767578125
train,6378,296.6000061035156,307.8128967285156
train,1580,400.79998779296875,420.5503234863281
train,4715,394.3999938964844,394.3498229980469
train,5720,424.70001220703125,407.487060546875
train,581,491.6000061035156,493.8865051269531
train,5005,401.0,386.9725341796875
train,6543,620.7000122070312,609.7151489257812
train,7636,410.3999938964844,428.2485046386719
train,1586,325.0,310.9638671875
train,2972,446.6000061035156,470.40069580078125
train,4594,287.6000061035156,283.2581787109375
train,8677,887.5999755859375,835.74560546875
train,8371,532.9000244140625,500.1474609375
train,5762,285.6000061035156,302.0951232910156
train,6979,494.8999938964844,466.6166076660156
train,241,603.2000122070312,584.8033447265625
train,4969,499.8999938964844,494.2796936035156
train,8185,239.60000610351562,267.2372741699219
train,4657,332.79998779296875,322.0702819824219
train,1223,779.9000244140625,805.0918579101562
train,5326,459.29998779296875,467.4157409667969
train,1179,279.70001220703125,285.568603515625
train,2000,394.6000061035156,383.1908874511719
train,7999,415.5,394.6750183105469
train,8188,357.1000061035156,324.79266357421875
train,1999,325.0,335.0473937988281
train,4345,358.0,349.46673583984375
train,6622,382.8999938964844,372.38677978515625
train,3227,541.2999877929688,522.6304931640625
train,5200,645.9000244140625,633.6607666015625
train,807,459.6000061035156,407.1383056640625
train,6565,415.8999938964844,437.1985168457031
train,2143,273.5,282.7213134765625
train,1228,425.0,437.3447265625
train,1100,317.6000061035156,276.00714111328125
train,2733,300.5,292.3134460449219
train,5436,280.6000061035156,300.0092468261719
train,1996,348.0,336.2149963378906
train,6941,321.3999938964844,342.5982971191406
train,8231,343.79998779296875,328.36016845703125
train,1498,393.79998779296875,403.6285095214844
train,7799,472.5,484.69866943359375
train,4771,395.6000061035156,385.197021484375
train,8628,331.20001220703125,325.5669860839844
train,1834,254.60000610351562,279.74371337890625
train,5183,443.29998779296875,429.7712707519531
train,336,310.6000061035156,299.6650085449219
train,5547,304.79998779296875,298.4984130859375
train,1734,455.79998779296875,455.8215637207031
train,6463,242.6999969482422,253.1886749267578
train,7097,320.20001220703125,317.57293701171875
train,5204,284.70001220703125,300.79571533203125
train,567,287.8999938964844,281.4285888671875
train,6224,296.6000061035156,307.9723205566406
train,7170,356.5,332.2306823730469
train,2767,477.20001220703125,434.2102966308594
train,6464,398.8999938964844,367.7037353515625
train,2667,244.60000610351562,249.40078735351562
train,495,483.8999938964844,444.11016845703125
train,6729,269.70001220703125,285.1222839355469
train,1433,312.70001220703125,299.4525146484375
train,7399,336.79998779296875,321.11077880859375
train,2006,449.8999938964844,446.0763854980469
train,7323,676.7000122070312,651.2900390625
train,3131,332.3999938964844,327.8139953613281
train,1491,294.20001220703125,294.59454345703125
train,3992,318.1000061035156,319.0033874511719
train,1365,777.5999755859375,720.450927734375
train,6541,325.1000061035156,356.0098876953125
train,7312,738.5999755859375,821.851318359375
train,7540,749.2999877929688,753.002197265625
train,7624,495.5,510.9747314453125
train,325,696.5,668.214111328125
train,7813,404.6000061035156,378.1734924316406
train,3565,394.70001220703125,363.1455993652344
train,2155,228.0,258.07183837890625
train,5466,360.8999938964844,371.4107971191406
train,359,606.4000244140625,614.8433227539062
train,3208,825.4000244140625,811.8800048828125
train,8458,294.6000061035156,310.5705261230469
train,2456,827.2999877929688,799.18408203125
train,1786,658.0,623.8446044921875
train,8426,345.29998779296875,361.15240478515625
train,5964,295.20001220703125,286.0292053222656
train,88,529.5,524.4730834960938
train,105,323.6000061035156,316.17718505859375
train,1988,296.3999938964844,341.5011901855469
train,857,341.20001220703125,357.43505859375
train,1756,473.3999938964844,473.461181640625
train,7404,495.79998779296875,456.6778564453125
train,603,728.0999755859375,692.7032470703125
train,4848,595.0,585.7736206054688
train,6176,391.3999938964844,394.7615051269531
train,531,834.2000122070312,834.8549194335938
train,4036,549.4000244140625,577.0047607421875
train,5583,391.8999938964844,316.1189270019531
train,2760,308.6000061035156,287.217529296875
train,8296,371.5,364.3455505371094
train,4010,390.70001220703125,386.4516906738281
train,1875,387.5,395.0130310058594
train,7826,810.5999755859375,777.224365234375
train,3570,354.29998779296875,368.2538146972656
train,3093,686.0999755859375,690.0870361328125
train,2597,383.20001220703125,371.9804382324219
train,6745,647.2999877929688,616.1704711914062
train,735,544.9000244140625,524.1290283203125
train,8344,571.7999877929688,595.7747192382812
train,6642,450.29998779296875,430.5202331542969
train,3804,322.79998779296875,292.0853271484375
train,8517,942.2000732421875,902.075439453125
train,6627,710.7999877929688,728.3673095703125
train,3629,274.8999938964844,266.88134765625
train,3294,590.7000122070312,599.2427978515625
train,2924,408.29998779296875,429.4629821777344
train,3903,639.0,629.836669921875
train,6895,396.29998779296875,392.15728759765625
train,3952,528.0,514.5745239257812
train,2475,440.8999938964844,445.4813232421875
train,1652,458.8999938964844,426.31719970703125
train,692,760.0,725.783203125
train,1372,274.1000061035156,293.80047607421875
train,6619,288.70001220703125,291.19488525390625
train,2180,391.3999938964844,389.7656555175781
train,1330,520.7000122070312,493.3292236328125
train,6304,423.6000061035156,420.3934020996094
train,4560,319.0,308.0935974121094
train,2813,248.10000610351562,265.3577880859375
train,5426,350.3999938964844,343.0601806640625
train,3137,391.79998779296875,390.9499206542969
train,2363,380.1000061035156,377.8857727050781
train,7119,644.5999755859375,631.7061767578125
train,2757,377.6000061035156,351.85675048828125
train,8315,327.5,301.98284912109375
train,4741,504.79998779296875,492.60015869140625
train,4447,302.6000061035156,293.0620422363281
train,2042,406.0,365.5570373535156
train,2049,323.6000061035156,288.33673095703125
train,7511,315.79998779296875,304.4013671875
train,5080,311.5,294.51873779296875
train,7897,355.79998779296875,353.70361328125
train,6251,457.6000061035156,439.2534484863281
train,5101,416.70001220703125,407.78564453125
train,240,482.79998779296875,488.6520080566406
train,8157,542.7000122070312,508.8533020019531
train,3353,337.6000061035156,313.6752014160156
train,2780,419.79998779296875,416.25897216796875
train,7605,576.2999877929688,543.6006469726562
train,1889,394.79998779296875,339.9000244140625
train,7611,813.9000244140625,724.4803466796875
train,733,259.79998779296875,283.6810607910156
train,5316,612.5999755859375,660.6095581054688
train,2074,402.70001220703125,404.4610595703125
train,7590,323.8999938964844,308.9013671875
train,73,266.0,265.84161376953125
train,3471,347.3999938964844,384.8919982910156
train,7776,802.9000244140625,809.6280517578125
train,560,304.79998779296875,294.30450439453125
train,4998,454.79998779296875,424.65655517578125
train,4736,254.5,241.9462127685547
train,5072,369.3999938964844,373.43359375
train,5403,284.70001220703125,272.9539794921875
train,8457,361.8999938964844,378.1986389160156
train,2059,787.9000244140625,795.4036865234375
train,1171,380.29998779296875,384.4198303222656
train,2717,541.2999877929688,531.0851440429688
train,1868,407.3999938964844,411.9935302734375
train,798,286.6000061035156,286.2726745605469
train,7561,334.3999938964844,336.13018798828125
train,4781,306.3999938964844,319.5319519042969
train,3927,362.20001220703125,333.24420166015625
train,6722,252.59999084472656,256.256591796875
train,5760,464.29998779296875,469.3892822265625
train,6158,508.6000061035156,453.70635986328125
train,3852,590.0,623.5465087890625
train,6343,324.70001220703125,333.9646911621094
train,1531,461.3999938964844,449.2069396972656
train,1214,491.29998779296875,476.2304992675781
train,1052,263.70001220703125,266.68115234375
train,1060,494.1000061035156,465.02813720703125
train,3958,313.3999938964844,316.357666015625
train,5043,343.79998779296875,354.0623474121094
train,7936,402.8999938964844,382.0058898925781
train,6741,723.4000244140625,681.340576171875
train,5278,388.1000061035156,377.1212158203125
train,2173,587.7000122070312,615.065185546875
train,100,344.20001220703125,328.40631103515625
train,3177,468.70001220703125,433.3689880371094
train,2670,557.5999755859375,544.783447265625
train,3460,233.5,233.55661010742188
train,8341,376.8999938964844,362.44964599609375
train,6448,299.1000061035156,290.1932067871094
train,2140,408.5,434.6070251464844
train,7698,342.3999938964844,337.3854064941406
train,5244,355.29998779296875,338.0896911621094
train,5797,338.20001220703125,351.9416198730469
train,1599,391.79998779296875,384.18231201171875
train,7833,740.4000244140625,706.8155517578125
train,5615,512.7000122070312,525.373046875
train,8608,508.0,467.4949951171875
train,5479,631.5999755859375,642.5018310546875
train,6834,472.1000061035156,483.6168212890625
train,2135,726.0999755859375,717.9945068359375
train,1349,295.0,292.30145263671875
train,4641,543.4000244140625,519.6409301757812
train,7101,427.8999938964844,418.2618103027344
train,4786,249.10000610351562,263.7425537109375
train,6653,331.3999938964844,302.9144287109375
train,3165,293.8999938964844,295.2527160644531
train,4764,706.4000244140625,705.5946655273438
train,3328,391.29998779296875,407.3858642578125
train,6315,317.0,302.87347412109375
train,1198,574.2000122070312,556.016357421875
train,6935,554.5999755859375,527.9266357421875
train,4586,498.5,478.981689453125
train,2864,415.1000061035156,388.9091796875
train,8144,250.60000610351562,259.0379638671875
train,7686,306.3999938964844,286.1677551269531
train,5364,366.79998779296875,359.63482666015625
train,4096,482.5,468.1883239746094
train,3865,266.70001220703125,267.70452880859375
train,3181,451.1000061035156,429.4308166503906
train,1221,497.1000061035156,497.307861328125
train,8603,450.79998779296875,426.6688537597656
train,4792,677.5,652.6939697265625
train,5888,501.0,492.1148986816406
train,1765,248.39999389648438,258.31854248046875
train,2120,351.0,368.9962158203125
train,402,461.70001220703125,479.45086669921875
train,7882,309.6000061035156,336.07122802734375
train,8448,394.5,373.492431640625
train,1346,330.20001220703125,307.5308837890625
train,5883,851.2999877929688,837.6015014648438
train,6975,299.1000061035156,318.1087646484375
train,2500,405.5,396.02825927734375
train,5282,295.20001220703125,298.5972595214844
train,7804,315.1000061035156,292.4967346191406
train,1402,310.1000061035156,333.4117736816406
train,854,401.3999938964844,409.5921630859375
train,1176,427.70001220703125,382.6036682128906
train,3993,282.5,300.93414306640625
train,5253,729.4000244140625,684.5587768554688
train,2684,368.70001220703125,367.3766174316406
train,2593,300.3999938964844,286.29205322265625
train,4800,261.5,270.80157470703125
train,4319,519.2999877929688,553.552734375
train,8054,348.70001220703125,367.72015380859375
train,1236,362.0,383.95159912109375
train,3476,437.20001220703125,412.7472839355469
train,4758,596.5,578.2498168945312
train,3463,446.29998779296875,437.77191162109375
train,6340,412.8999938964844,407.2740783691406
train,1013,488.1000061035156,490.90234375
train,7767,790.7000122070312,751.8306884765625
train,3230,517.2000122070312,498.1412658691406
train,1355,503.1000061035156,471.458984375
train,2340,358.29998779296875,351.25006103515625
train,5517,286.70001220703125,306.6967468261719
train,4477,468.70001220703125,479.92218017578125
train,4475,284.1000061035156,280.513916015625
train,554,519.7999877929688,525.5296020507812
train,3127,261.29998779296875,272.6844787597656
train,7976,368.8999938964844,358.3625793457031
train,1412,381.1000061035156,376.5109558105469
train,2151,381.20001220703125,375.30413818359375
train,5651,363.79998779296875,328.0986328125
train,7635,262.6000061035156,237.95712280273438
train,3211,383.6000061035156,365.9259033203125
train,4882,420.0,390.54144287109375
train,5975,349.70001220703125,368.573486328125
train,6419,413.1000061035156,401.3739929199219
train,5271,273.29998779296875,287.64111328125
train,8044,297.8999938964844,310.3371276855469
train,7946,541.4000244140625,563.879638671875
train,1489,372.70001220703125,367.3840026855469
train,2113,322.5,298.474365234375
train,1165,519.5999755859375,516.3614501953125
train,3035,882.0999755859375,898.3107299804688
train,5859,340.8999938964844,315.54656982421875
train,6631,440.29998779296875,456.2373962402344
train,3893,480.6000061035156,465.0870361328125
train,3424,642.0999755859375,581.1288452148438
train,682,468.3999938964844,478.0788879394531
train,4231,251.60000610351562,283.24749755859375
train,1856,333.6000061035156,343.36260986328125
train,8211,404.1000061035156,459.2854309082031
train,3480,439.3999938964844,400.9139709472656
train,4949,552.7999877929688,529.701904296875
train,2627,404.6000061035156,415.2901306152344
train,270,264.5,259.50701904296875
train,7025,348.79998779296875,332.3150329589844
train,5053,416.79998779296875,416.28900146484375
train,7350,306.5,316.4094543457031
train,207,298.8999938964844,287.7718505859375
train,7250,372.70001220703125,378.9041442871094
train,313,524.7999877929688,522.347900390625
train,7493,293.29998779296875,317.3998107910156
train,1226,359.8999938964844,342.52490234375
train,4805,628.2000122070312,617.0908813476562
train,2402,580.2999877929688,600.7356567382812
train,8115,246.1999969482422,264.44488525390625
train,3758,545.7000122070312,523.56787109375
train,8328,326.20001220703125,316.3407287597656
train,4828,334.0,318.76080322265625
train,3171,550.7999877929688,538.0759887695312
train,1034,287.1000061035156,303.2838134765625
train,5012,432.1000061035156,400.94024658203125
train,8077,305.29998779296875,309.3936462402344
train,8702,534.7999877929688,531.8397216796875
train,6548,258.29998779296875,258.84454345703125
train,2842,472.70001220703125,440.33758544921875
train,1256,347.3999938964844,338.2272033691406
train,3115,352.5,356.7408447265625
train,4126,258.1000061035156,282.2042541503906
train,4184,364.1000061035156,366.5146179199219
train,2955,296.5,284.5848388671875
train,8108,264.79998779296875,271.3792724609375
train,5394,273.79998779296875,302.0947570800781
train,5294,319.3999938964844,326.6789245605469
train,6041,345.29998779296875,340.05047607421875
train,8732,845.800048828125,843.854248046875
train,5876,524.9000244140625,519.354736328125
train,5589,375.79998779296875,362.030517578125
train,1044,557.2000122070312,522.72119140625
train,7486,475.6000061035156,455.0773620605469
train,7510,277.20001220703125,272.74169921875
train,2773,578.2000122070312,574.6019287109375
train,7182,335.1000061035156,314.1392822265625
train,7330,706.4000244140625,719.7736206054688
train,680,569.5,565.7239379882812
train,7395,273.8999938964844,270.93060302734375
train,472,254.10000610351562,277.80108642578125
train,1148,393.1000061035156,404.8436279296875
train,4866,287.79998779296875,289.46533203125
train,5506,534.4000244140625,495.3599853515625
train,4542,346.0,323.98760986328125
train,2782,435.29998779296875,458.3664855957031
train,3619,820.2000122070312,795.9183959960938
train,237,573.5,590.0288696289062
train,8746,402.5,377.983154296875
train,2225,473.3999938964844,467.0647277832031
train,2729,391.3999938964844,377.100830078125
train,4510,433.79998779296875,421.6142272949219
train,5498,314.3999938964844,319.6943054199219
train,7336,379.0,396.09881591796875
train,8373,335.8999938964844,313.59124755859375
train,654,353.20001220703125,341.5841064453125
train,5297,382.20001220703125,353.9940185546875
train,2472,432.29998779296875,406.88519287109375
train,7236,543.0,501.8450927734375
train,499,422.70001220703125,397.6285095214844
train,7052,401.8999938964844,384.85345458984375
train,1888,324.29998779296875,342.1880798339844
train,8034,653.2999877929688,657.49267578125
train,2061,735.5,714.9110107421875
train,6322,301.20001220703125,292.3687744140625
train,7381,373.1000061035156,384.7679443359375
train,2385,251.39999389648438,251.1882781982422
train,5683,346.20001220703125,358.6384582519531
train,1686,286.70001220703125,297.238525390625
train,5163,286.5,277.6663513183594
train,7024,676.4000244140625,694.816650390625
train,7639,482.70001220703125,502.7718811035156
train,6089,301.20001220703125,302.52032470703125
train,6290,764.0999755859375,726.8955078125
train,6826,537.7999877929688,535.1925048828125
train,1265,309.5,311.20721435546875
train,2705,652.5999755859375,647.189697265625
train,670,479.8999938964844,437.29449462890625
train,6678,757.5,769.77294921875
train,4227,435.1000061035156,404.135986328125
train,6965,443.70001220703125,397.35870361328125
train,3748,510.1000061035156,532.758056640625
train,8124,381.29998779296875,381.5565490722656
train,6987,488.8999938964844,467.0543518066406
train,6550,721.9000244140625,702.6453247070312
train,5226,247.0,273.9177551269531
train,5667,335.3999938964844,342.7021484375
train,5540,504.1000061035156,483.6463928222656
train,8416,294.8999938964844,320.0188293457031
train,4497,338.70001220703125,301.845458984375
train,6508,288.1000061035156,294.1919860839844
train,1124,267.3999938964844,279.90185546875
train,8685,292.0,286.12408447265625
train,3184,381.6000061035156,403.8116455078125
train,3526,764.2999877929688,702.99609375
train,3490,436.29998779296875,430.0683288574219
train,2485,557.5,523.2185668945312
train,4572,647.9000244140625,617.9005126953125
train,1302,288.6000061035156,299.99432373046875
train,2893,666.5999755859375,654.480224609375
train,5507,400.70001220703125,375.2178039550781
train,768,276.3999938964844,275.738037109375
train,4272,400.5,372.6410827636719
train,9,429.6000061035156,421.2586975097656
train,1121,401.3999938964844,359.88262939453125
train,3755,597.0,566.0948486328125
train,874,295.5,315.80926513671875
train,3205,346.5,339.8854064941406
train,4930,358.3999938964844,349.7139892578125
train,1663,301.5,307.2047119140625
train,1472,288.29998779296875,302.87994384765625
train,7415,475.3999938964844,487.4619445800781
train,5508,712.9000244140625,769.3740234375
train,8365,387.8999938964844,374.4053649902344
train,8576,343.79998779296875,355.85565185546875
train,2016,308.5,300.0341796875
train,1001,634.0,616.6884155273438
train,5233,558.5,524.2554931640625
train,3516,859.5,876.3220825195312
train,8402,408.5,415.3729248046875
train,5487,515.5,517.650390625
train,4966,318.0,314.479248046875
train,1105,367.20001220703125,349.68206787109375
train,8236,465.8999938964844,441.2851867675781
train,5492,406.79998779296875,429.53472900390625
train,7385,309.79998779296875,309.3782958984375
train,7761,641.5999755859375,641.425537109375
train,8537,331.20001220703125,321.1939392089844
train,3077,350.8999938964844,378.3710021972656
train,1503,285.8999938964844,281.00341796875
train,7233,415.8999938964844,387.66009521484375
train,7040,370.5,366.1169128417969
train,2862,315.1000061035156,314.39996337890625
train,1738,378.79998779296875,392.77825927734375
train,8499,313.3999938964844,313.5354309082031
train,6117,289.29998779296875,324.433349609375
train,2917,475.1000061035156,469.8999328613281
train,8122,549.5,546.24365234375
train,2118,376.5,371.2880859375
train,3096,394.79998779296875,395.84991455078125
train,6700,463.5,451.3982849121094
train,458,577.2000122070312,569.07080078125
train,8251,356.5,343.9411315917969
train,8441,407.70001220703125,391.003173828125
train,8699,345.8999938964844,351.58465576171875
train,2995,262.20001220703125,291.10601806640625
train,6410,395.1000061035156,379.941650390625
train,2300,272.3999938964844,279.6611328125
train,7431,366.70001220703125,388.515380859375
train,3075,362.5,389.00592041015625
train,4360,570.9000244140625,522.2951049804688
train,2613,349.3999938964844,393.5046081542969
train,7329,435.8999938964844,439.7252502441406
train,3798,380.6000061035156,367.9521789550781
train,377,292.1000061035156,281.03106689453125
train,3199,326.3999938964844,307.9708251953125
train,1380,495.70001220703125,507.1383361816406
train,1711,379.29998779296875,379.9489440917969
train,3363,295.8999938964844,288.35400390625
train,5781,313.79998779296875,331.00677490234375
train,6958,311.6000061035156,308.776123046875
train,7297,371.79998779296875,363.18511962890625
train,6284,420.3999938964844,391.9574279785156
train,3043,351.20001220703125,340.6942138671875
train,5362,585.0,598.0134887695312
train,1008,262.3999938964844,253.8492431640625
train,1714,693.2999877929688,701.328857421875
train,5872,396.6000061035156,386.5391540527344
train,7469,308.6000061035156,302.5191955566406
train,29,258.29998779296875,245.09181213378906
train,3010,335.5,316.8140563964844
train,5190,313.3999938964844,305.4010009765625
train,6734,422.70001220703125,445.467529296875
train,4959,708.0,699.76220703125
train,1519,413.79998779296875,404.0622863769531
train,8372,499.3999938964844,489.69097900390625
train,992,268.1000061035156,259.5863037109375
train,1852,234.10000610351562,234.3325958251953
train,2051,506.1000061035156,523.7633666992188
train,4717,313.29998779296875,307.65496826171875
train,5469,454.3999938964844,452.99365234375
train,7771,479.8999938964844,466.18994140625
train,3180,295.6000061035156,296.28436279296875
train,1020,418.3999938964844,441.37786865234375
train,3356,476.70001220703125,457.1711120605469
train,8613,376.79998779296875,345.07257080078125
train,4794,441.5,414.29730224609375
train,853,303.3999938964844,288.5604553222656
train,7691,458.8999938964844,431.3127136230469
train,2461,325.5,275.9884033203125
train,75,889.0,857.730224609375
train,8026,383.70001220703125,376.1233825683594
train,5942,242.60000610351562,236.05653381347656
train,7612,283.6000061035156,298.578857421875
train,8582,672.2000122070312,639.9096069335938
train,59,431.70001220703125,428.29656982421875
train,512,583.4000244140625,602.9830322265625
train,4956,394.0,364.0807189941406
train,2871,317.20001220703125,320.4249267578125
train,5417,350.8999938964844,341.9903869628906
train,7215,330.0,321.83953857421875
train,2309,310.8999938964844,325.3253173828125
train,911,398.8999938964844,388.8797912597656
train,2884,501.8999938964844,462.43994140625
train,7917,585.2999877929688,580.136474609375
train,3853,530.0,572.6702880859375
train,4404,599.7000122070312,560.5453491210938
train,2264,313.20001220703125,305.5693359375
train,5600,334.1000061035156,316.7378234863281
train,3153,408.1000061035156,437.5135803222656
train,6202,311.29998779296875,315.3179931640625
train,6255,419.0,417.15301513671875
train,408,495.20001220703125,469.6871032714844
train,5064,465.1000061035156,432.4751892089844
train,1694,338.8999938964844,338.8190002441406
train,4541,395.79998779296875,378.72943115234375
train,6537,309.79998779296875,330.22381591796875
train,7790,624.2000122070312,626.397216796875
train,8480,369.5,322.4881286621094
train,2487,479.5,469.2442626953125
train,3539,382.20001220703125,390.9488220214844
train,4606,359.5,320.4035949707031
train,6670,753.4000244140625,718.279541015625
train,8080,322.3999938964844,312.0066223144531
train,3981,288.29998779296875,310.1278076171875
train,5705,522.7000122070312,524.8206787109375
train,4816,429.29998779296875,397.6313781738281
train,593,567.5999755859375,541.9266967773438
train,6017,278.79998779296875,284.7983093261719
train,3339,612.2000122070312,593.1005859375
train,1514,389.5,375.9823303222656
train,2338,334.29998779296875,359.96624755859375
train,4203,326.20001220703125,319.0942077636719
train,7532,376.6000061035156,378.9854431152344
train,5085,264.79998779296875,292.03717041015625
train,1518,386.29998779296875,386.0130310058594
train,2932,302.20001220703125,308.0167541503906
train,639,463.8999938964844,446.320556640625
train,8666,260.29998779296875,274.0847473144531
train,7555,634.2999877929688,544.1800537109375
train,8737,297.3999938964844,303.337646484375
train,4790,352.8999938964844,341.0455017089844
train,1118,656.2000122070312,598.3082275390625
train,3792,650.2000122070312,630.0374755859375
train,3789,495.5,452.1607360839844
train,8406,301.8999938964844,308.97271728515625
train,4954,367.8999938964844,386.500732421875
train,2311,324.1000061035156,326.7325134277344
train,8399,373.0,383.53314208984375
train,4632,432.29998779296875,425.6024475097656
train,7616,463.8999938964844,464.2272033691406
train,8640,306.6000061035156,300.97705078125
train,7418,525.5,528.0595703125
train,8130,538.2999877929688,543.1536865234375
train,4875,268.29998779296875,302.6638488769531
train,8491,413.3999938964844,365.45184326171875
train,825,391.6000061035156,386.22369384765625
train,6544,353.29998779296875,329.26470947265625
train,6549,286.3999938964844,295.6634521484375
train,8718,575.5999755859375,552.2378540039062
train,5755,308.1000061035156,319.7596130371094
train,7787,539.4000244140625,547.7034301757812
train,7711,685.4000244140625,679.8784790039062
train,6801,420.70001220703125,411.4632263183594
train,3386,524.7999877929688,501.4460144042969
train,7631,333.1000061035156,304.14447021484375
train,5541,353.1000061035156,325.338134765625
train,5206,581.2999877929688,613.2574462890625
train,7190,752.9000244140625,745.8616333007812
train,7743,314.20001220703125,335.3564147949219
train,1392,534.9000244140625,535.0668334960938
train,1862,413.8999938964844,402.8424072265625
train,1070,287.3999938964844,287.95257568359375
train,7961,344.3999938964844,335.19482421875
train,538,266.1000061035156,269.3216247558594
train,3795,335.70001220703125,306.2009582519531
train,5856,336.29998779296875,335.26336669921875
train,8756,436.79998779296875,470.1497497558594
train,3109,479.70001220703125,479.7958679199219
train,7086,763.0,736.1556396484375
train,1704,373.20001220703125,373.6498718261719
train,3493,369.70001220703125,369.70050048828125
train,4567,388.8999938964844,374.71502685546875
train,2031,259.5,250.15036010742188
train,2674,398.8999938964844,393.92352294921875
train,2005,745.4000244140625,733.4849853515625
train,5671,321.1000061035156,321.48175048828125
train,2132,377.6000061035156,366.3870849609375
train,5934,446.3999938964844,417.4515380859375
train,3712,288.5,298.74951171875
train,6238,497.8999938964844,504.30804443359375
train,5525,429.3999938964844,406.7855529785156
train,5815,776.7000122070312,741.591552734375
train,6262,492.8999938964844,511.1455078125
train,2365,386.29998779296875,374.1350402832031
train,7710,406.1000061035156,397.5634460449219
train,255,259.6000061035156,242.6629180908203
train,188,516.2000122070312,506.83477783203125
train,8494,300.0,303.100341796875
train,1196,463.3999938964844,472.493408203125
train,8247,272.1000061035156,296.2218933105469
train,1475,316.70001220703125,304.8948059082031
train,6997,360.5,371.9780578613281
train,7987,376.3999938964844,387.23455810546875
train,2985,521.4000244140625,474.4967956542969
train,3323,268.5,256.833740234375
train,1525,362.3999938964844,354.9432067871094
train,3250,310.6000061035156,315.8121337890625
train,3380,405.3999938964844,388.5415344238281
train,625,281.79998779296875,281.6927490234375
train,1147,299.20001220703125,325.82891845703125
train,5699,410.5,396.840576171875
train,6444,781.2999877929688,813.2706909179688
train,8213,522.9000244140625,527.7581787109375
train,2882,331.8999938964844,335.67376708984375
train,7481,489.1000061035156,486.57379150390625
train,614,441.5,425.8961181640625
train,6967,252.10000610351562,254.1505126953125
train,523,290.8999938964844,294.20440673828125
train,2244,271.20001220703125,267.7882080078125
train,4290,542.7000122070312,539.4658813476562
train,5795,345.0,344.796142578125
train,5993,711.5,698.31201171875
train,800,329.29998779296875,314.7568054199219
train,7410,352.79998779296875,336.2018127441406
train,5089,370.29998779296875,399.33624267578125
train,5948,317.5,329.3214416503906
train,5524,322.3999938964844,316.4536437988281
train,1443,245.0,235.93499755859375
train,396,454.5,419.01641845703125
train,2139,314.70001220703125,311.93084716796875
train,3838,504.29998779296875,499.02471923828125
train,7376,324.5,326.2370300292969
train,3556,280.29998779296875,265.1360168457031
train,6351,817.9000244140625,819.7393798828125
train,8434,523.2999877929688,518.048095703125
train,5388,372.0,373.0118408203125
train,8029,375.79998779296875,348.1280822753906
train,3204,376.1000061035156,373.8974609375
train,4598,293.1000061035156,292.311279296875
train,5457,793.0,831.040771484375
train,2644,451.8999938964844,457.2139892578125
train,4973,263.1000061035156,268.32977294921875
train,498,421.0,395.05596923828125
train,257,407.3999938964844,381.1805419921875
train,6248,280.1000061035156,306.466552734375
train,1232,468.3999938964844,455.4172668457031
train,1685,362.79998779296875,353.6783752441406
train,6656,325.6000061035156,337.0794677734375
train,1712,528.0,528.7554931640625
train,461,293.8999938964844,305.56231689453125
train,7941,231.5,239.6016082763672
train,7235,586.4000244140625,572.2293090820312
train,8459,283.3999938964844,280.858642578125
train,7496,538.4000244140625,528.5335693359375
train,2463,504.6000061035156,500.8555908203125
train,5636,415.20001220703125,396.7842712402344
train,5214,265.5,289.53143310546875
train,4972,340.8999938964844,361.36395263671875
train,7500,374.1000061035156,387.443115234375
train,4281,487.29998779296875,490.2508239746094
train,7289,361.6000061035156,363.60467529296875
train,267,367.3999938964844,381.3619689941406
train,7706,279.6000061035156,293.6711730957031
train,5548,521.5999755859375,483.3603820800781
train,6060,216.60000610351562,239.99928283691406
train,1323,454.6000061035156,421.8381042480469
train,1691,550.5999755859375,540.8327026367188
train,2086,831.4000244140625,857.7220458984375
train,4938,580.0,550.8428344726562
train,7653,321.1000061035156,328.4691162109375
train,1431,360.70001220703125,329.7235107421875
train,7402,306.3999938964844,319.41876220703125
train,7370,385.0,388.0726318359375
train,3166,392.70001220703125,369.6359558105469
train,7944,453.6000061035156,447.1746520996094
train,8503,406.8999938964844,389.8974304199219
train,892,256.79998779296875,297.9995422363281
train,2527,363.79998779296875,379.49957275390625
train,7983,468.0,458.2381896972656
train,3039,341.5,356.8583984375
train,1702,276.1000061035156,279.8045349121094
train,1785,350.1000061035156,359.96563720703125
train,7502,288.1000061035156,284.8771057128906
train,8218,822.2000122070312,845.8994140625
train,4688,349.5,355.82135009765625
train,594,341.70001220703125,326.4382019042969
train,3394,321.20001220703125,337.92828369140625
train,4621,274.1000061035156,298.488037109375
train,6431,475.29998779296875,460.3516540527344
train,7354,341.5,321.24456787109375
train,7380,390.5,382.2962646484375
train,2566,620.9000244140625,636.7103881835938
train,4666,322.20001220703125,312.8050842285156
train,1666,502.8999938964844,496.9851379394531
train,1362,605.0,608.0407104492188
train,655,351.1000061035156,330.2048645019531
train,5765,424.1000061035156,401.3001708984375
train,4369,300.6000061035156,291.13720703125
train,6334,239.60000610351562,249.6095428466797
train,6125,300.79998779296875,308.6688232421875
train,7146,431.8999938964844,436.74395751953125
train,6715,281.29998779296875,275.85821533203125
train,7346,306.8999938964844,309.0994567871094
train,7712,417.20001220703125,420.58642578125
train,3763,565.7999877929688,576.5929565429688
train,4419,369.3999938964844,351.3602294921875
train,5664,370.20001220703125,349.260498046875
train,8546,373.29998779296875,348.2199401855469
train,4926,547.2999877929688,517.05224609375
train,2602,355.1000061035156,354.2692565917969
train,2517,391.8999938964844,398.3291931152344
train,6522,538.5999755859375,506.65130615234375
train,1107,625.0999755859375,626.6551513671875
train,2690,591.4000244140625,547.2545776367188
train,5865,288.79998779296875,306.1869812011719
train,615,413.70001220703125,422.2114562988281
train,5332,257.20001220703125,266.0600280761719
train,4947,519.5,538.361328125
train,4179,855.7000122070312,848.6522216796875
train,5679,267.79998779296875,274.00433349609375
train,7175,384.29998779296875,367.7671813964844
train,6838,381.29998779296875,381.4080505371094
train,3315,284.79998779296875,280.113037109375
train,4146,303.5,319.86376953125
train,4868,452.20001220703125,419.51519775390625
train,4253,612.2999877929688,610.9371337890625
train,1357,399.8999938964844,366.9051513671875
train,6211,293.0,280.7641296386719
train,7096,417.79998779296875,352.03173828125
train,1307,413.79998779296875,436.5594177246094
train,5371,381.70001220703125,377.0514831542969
train,444,551.7999877929688,546.0870361328125
train,2885,630.0,622.1328735351562
train,1231,389.5,377.371337890625
train,5733,440.5,427.1027526855469
train,7684,283.6000061035156,278.1047058105469
train,6919,395.1000061035156,388.1819152832031
train,2745,702.2999877929688,713.4693603515625
train,4536,525.9000244140625,512.0242309570312
train,8006,414.0,402.9994201660156
train,343,268.1000061035156,280.37744140625
train,45,374.79998779296875,357.32830810546875
train,786,457.1000061035156,465.8586730957031
train,3005,339.8999938964844,362.28125
train,3243,276.79998779296875,312.4608459472656
train,7308,549.9000244140625,579.8198852539062
train,8321,315.0,301.2768249511719
train,5880,510.29998779296875,525.180419921875
train,536,250.1999969482422,273.9134216308594
train,7078,404.79998779296875,404.94989013671875
train,1515,292.6000061035156,285.19573974609375
train,6908,769.9000244140625,723.934814453125
train,516,244.39999389648438,254.29153442382812
train,3021,260.20001220703125,272.62799072265625
train,4417,441.29998779296875,460.9750061035156
train,6239,411.5,408.9089660644531
train,6984,339.6000061035156,327.74359130859375
train,7687,594.2999877929688,576.4935302734375
train,5057,403.79998779296875,397.38385009765625
train,8668,631.9000244140625,617.3384399414062
train,8036,254.8999786376953,285.0755615234375
train,788,531.9000244140625,531.494140625
train,804,332.79998779296875,341.927490234375
train,1461,387.6000061035156,360.59002685546875
train,1725,275.0,281.32513427734375
train,7838,619.5,654.1780395507812
train,4005,544.5999755859375,543.6458129882812
train,6995,337.29998779296875,373.51971435546875
train,2368,625.7999877929688,632.3294677734375
train,8201,492.1000061035156,495.4964599609375
train,3930,322.5,330.0069274902344
train,3940,333.29998779296875,343.9907531738281
train,3332,301.5,287.0636901855469
train,5242,304.79998779296875,333.6935729980469
train,6977,298.0,296.37158203125
train,5031,543.0,508.42608642578125
train,5238,281.6000061035156,309.1626281738281
train,7389,373.5,367.34735107421875
train,8134,470.29998779296875,432.5079040527344
train,8266,416.79998779296875,402.9043273925781
train,132,299.5,268.39215087890625
train,915,542.0999755859375,542.7359619140625
train,4029,416.8999938964844,413.88031005859375
train,1542,427.8999938964844,416.46429443359375
train,7444,324.79998779296875,319.33331298828125
train,1777,353.79998779296875,337.31439208984375
train,4076,401.0,390.68524169921875
train,3360,410.6000061035156,334.87078857421875
train,5943,590.7000122070312,583.1124267578125
train,4602,473.6000061035156,442.7652587890625
train,5579,332.20001220703125,336.686767578125
train,2624,665.0,687.23828125
train,3173,331.0,326.7385559082031
train,2262,352.6000061035156,327.6856384277344
train,6811,356.70001220703125,350.1654357910156
train,6880,440.5,446.8260803222656
train,4718,279.29998779296875,273.15631103515625
train,5713,367.29998779296875,395.1297912597656
train,4798,533.2999877929688,510.4812927246094
train,6408,490.5,463.98272705078125
train,1701,247.6999969482422,252.95187377929688
train,220,331.0,332.61279296875
train,1215,676.0,671.029541015625
train,7870,547.0999755859375,505.2217712402344
train,3729,547.2999877929688,556.9623413085938
train,8524,786.4000244140625,784.047119140625
train,7668,276.3999938964844,263.8786926269531
train,3245,490.79998779296875,498.0325012207031
train,1030,383.0,388.2333679199219
train,1880,373.3999938964844,357.3102111816406
train,3582,347.79998779296875,357.1444091796875
train,5410,545.0999755859375,536.5846557617188
train,3707,382.5,415.03851318359375
train,4690,454.79998779296875,429.5211181640625
train,4845,280.29998779296875,288.24102783203125
train,5586,345.5,341.4374084472656
train,6794,278.20001220703125,265.9013977050781
train,1743,276.79998779296875,278.9306640625
train,1799,418.0,410.6689453125
train,2301,830.7999877929688,785.1121826171875
train,2930,458.3999938964844,436.8029479980469
train,3224,343.3999938964844,325.9241943359375
train,1557,250.8000030517578,261.1291198730469
train,6641,454.29998779296875,445.5841979980469
train,5666,338.70001220703125,315.7507019042969
train,7461,384.3999938964844,372.41693115234375
train,3073,653.9000244140625,696.0574951171875
train,6073,369.79998779296875,366.2909851074219
train,2853,388.8999938964844,397.7442321777344
train,6324,286.0,284.54388427734375
train,3106,236.90000915527344,242.0531005859375
train,3259,256.20001220703125,268.1235656738281
train,7127,362.70001220703125,353.961669921875
train,7951,464.1000061035156,459.0612487792969
train,7439,427.20001220703125,436.41864013671875
train,5248,358.3999938964844,358.5277404785156
train,264,463.5,490.1158142089844
train,2100,516.0999755859375,528.1727294921875
train,6911,249.89999389648438,250.86001586914062
train,4859,401.0,403.7458801269531
train,3284,366.3999938964844,360.41033935546875
train,8103,316.5,310.0685729980469
train,2417,448.1000061035156,432.42266845703125
train,4625,279.79998779296875,326.92047119140625
train,463,361.5,359.5855712890625
train,4545,660.0999755859375,624.2551879882812
train,1342,473.79998779296875,469.2409362792969
train,2480,412.3999938964844,405.7176208496094
train,3814,425.3999938964844,442.1192932128906
train,421,278.20001220703125,248.5096435546875
train,1027,681.5,734.755859375
train,6029,510.8999938964844,529.114501953125
train,7968,401.0,405.19140625
train,5857,339.5,309.8663635253906
train,8555,482.3999938964844,420.0614013671875
train,6467,360.1000061035156,369.59881591796875
train,7690,738.0999755859375,692.4635009765625
train,8195,303.29998779296875,320.8336486816406
train,7334,426.29998779296875,398.1502990722656
train,6862,379.6000061035156,386.99725341796875
train,7274,321.0,332.70819091796875
train,6695,280.0,284.3966369628906
train,4215,477.5,469.2470397949219
train,4377,622.5,607.461669921875
train,1877,277.6000061035156,282.4256286621094
train,5545,298.70001220703125,280.09698486328125
train,6955,307.0,315.8564147949219
train,1445,488.6000061035156,492.061767578125
train,5075,405.1000061035156,365.44921875
train,4151,218.10000610351562,229.58543395996094
train,7809,525.4000244140625,505.6053466796875
train,7929,314.79998779296875,341.11492919921875
train,15,290.8999938964844,275.369140625
train,6341,759.5,747.0208740234375
train,4,318.3999938964844,313.0283203125
train,114,298.1000061035156,301.327880859375
train,2238,789.2000122070312,776.628173828125
train,6685,394.3999938964844,398.1999206542969
train,3924,451.3999938964844,447.8848876953125
train,3132,363.0,362.8561096191406
train,6634,444.0,422.8277282714844
train,2531,533.7999877929688,481.5806884765625
train,4164,233.8000030517578,228.17234802246094
train,2721,448.8999938964844,428.3467102050781
train,6344,542.0,532.4730834960938
train,2976,590.7000122070312,555.6357421875
train,3671,678.4000244140625,684.476806640625
train,8066,375.20001220703125,391.31634521484375
train,4489,359.3999938964844,374.7962341308594
train,5617,518.5,506.6528015136719
train,1449,408.1000061035156,413.8177795410156
train,3041,353.8999938964844,352.5840759277344
train,8159,457.5,468.94769287109375
train,7529,429.3999938964844,452.6690979003906
train,3342,376.79998779296875,335.8426208496094
train,3126,514.4000244140625,530.4204711914062
train,8696,489.5,488.46246337890625
train,6490,418.6000061035156,409.7418518066406
train,2486,248.0,277.38360595703125
train,3086,444.29998779296875,439.03912353515625
train,7179,762.5999755859375,772.41357421875
train,5222,581.2999877929688,571.51416015625
train,1967,477.3999938964844,457.0174560546875
train,5454,444.70001220703125,447.7042541503906
train,1297,415.29998779296875,382.6589660644531
train,6356,313.79998779296875,301.9383544921875
train,5023,257.60003662109375,255.8997344970703
train,1088,507.6000061035156,476.0729675292969
train,7269,289.79998779296875,292.795166015625
train,7498,327.8999938964844,331.041259765625
train,2029,476.3999938964844,453.34368896484375
train,7205,353.29998779296875,350.4975280761719
train,7757,470.0,483.2952880859375
train,78,381.5,362.2941589355469
train,2181,432.8999938964844,428.4757080078125
train,7861,278.10003662109375,295.9693603515625
train,3203,414.20001220703125,399.22332763671875
train,4394,330.0,326.4224853515625
train,3065,333.6000061035156,322.2691955566406
train,7725,533.7999877929688,533.9957275390625
train,3805,416.0,379.5499572753906
train,5974,244.6999969482422,269.21795654296875
train,2945,378.6000061035156,382.14373779296875
train,821,542.4000244140625,553.4127197265625
train,412,455.5,442.8324279785156
train,5339,379.70001220703125,377.5890197753906
train,2382,809.5999755859375,769.211669921875
train,937,781.0,787.4182739257812
train,3016,280.70001220703125,315.7388610839844
train,5041,334.3999938964844,341.130615234375
train,4503,308.8999938964844,308.378173828125
train,3856,391.3999938964844,375.01934814453125
train,8424,286.6000061035156,283.4516296386719
train,5052,387.8999938964844,395.8693542480469
train,4207,283.79998779296875,261.7868957519531
train,4406,511.29998779296875,513.1633911132812
train,1190,618.7999877929688,641.0709228515625
train,4212,318.8999938964844,306.75836181640625
train,8463,328.5,299.32745361328125
train,5869,446.79998779296875,424.5342102050781
train,5791,312.0,350.393798828125
train,7366,313.3999938964844,279.33062744140625
train,4346,228.89999389648438,256.68927001953125
train,8278,359.70001220703125,321.3880615234375
train,706,321.70001220703125,341.4286804199219
train,6807,436.79998779296875,448.1180725097656
train,7232,299.6000061035156,292.55120849609375
train,8717,352.8999938964844,319.6022033691406
train,5425,293.79998779296875,299.6436462402344
train,4876,725.2000122070312,737.8798828125
train,439,475.6000061035156,460.6953430175781
train,3719,305.1000061035156,297.1910400390625
train,2339,610.2000122070312,618.6400146484375
train,7967,579.5999755859375,535.4215698242188
train,2261,797.9000244140625,778.89111328125
train,8265,631.5999755859375,653.666259765625
train,481,401.79998779296875,399.4960021972656
train,3604,707.9000244140625,677.028564453125
train,8235,323.70001220703125,334.340576171875
train,5994,339.3999938964844,338.712890625
train,6377,446.3999938964844,451.81793212890625
train,2766,312.5,332.79534912109375
train,8510,564.7000122070312,559.5
train,3784,334.20001220703125,325.01739501953125
train,1643,261.1000061035156,263.005859375
train,1113,319.1000061035156,324.3526306152344
train,1469,450.70001220703125,471.6720275878906
train,3112,526.5999755859375,534.2936401367188
train,1428,323.6000061035156,310.5498962402344
train,4435,308.70001220703125,316.48626708984375
train,8456,371.8999938964844,371.6148986816406
train,7204,379.79998779296875,359.8348388671875
train,465,408.3999938964844,384.4081115722656
train,6496,375.0,387.4571533203125
train,1460,836.7999877929688,833.1776123046875
train,632,377.0,379.58441162109375
train,5895,366.70001220703125,335.48065185546875
train,5641,396.3999938964844,395.08905029296875
train,2337,273.79998779296875,303.5042724609375
train,994,282.6000061035156,292.9455871582031
train,1067,385.8999938964844,400.28204345703125
train,2408,516.7000122070312,504.5035705566406
train,6109,723.5999755859375,691.3685302734375
train,1957,361.29998779296875,338.9119873046875
train,6064,483.3999938964844,478.0988464355469
train,3979,469.6000061035156,496.0960998535156
train,5102,275.1000061035156,263.83905029296875
train,1304,470.70001220703125,479.3256530761719
train,312,302.5,311.6418151855469
train,3235,267.70001220703125,248.36846923828125
train,3552,295.8999938964844,300.848876953125
train,3013,333.3999938964844,328.19183349609375
train,8624,275.1000061035156,273.39654541015625
train,4136,555.7999877929688,548.2061157226562
train,5764,330.3999938964844,350.771728515625
train,8224,501.5,451.76776123046875
train,6988,421.5,407.3336486816406
train,2679,299.8999938964844,283.3087158203125
train,5556,337.5,350.340087890625
train,1335,422.79998779296875,429.4079284667969
train,2515,544.4000244140625,567.2337646484375
train,3268,377.70001220703125,380.5941162109375
train,8751,385.20001220703125,362.4285888671875
train,3665,700.9000244140625,702.5565185546875
train,4579,297.29998779296875,303.5244140625
train,8028,739.199951171875,769.4754638671875
train,4976,287.6000061035156,320.5890197753906
train,5105,368.8999938964844,383.8116149902344
train,787,258.0,284.97210693359375
train,7139,458.29998779296875,439.4820556640625
train,5798,259.1000061035156,252.10987854003906
train,4267,461.5,449.2977600097656
train,1942,302.3999938964844,303.29962158203125
train,4856,280.0,297.6136169433594
train,5834,347.1000061035156,343.77783203125
train,7121,307.5,293.7261962890625
train,7984,718.2999877929688,680.51513671875
train,7129,348.5,332.1121520996094
train,7057,394.1000061035156,394.61773681640625
train,3288,708.0999755859375,704.5054931640625
train,3995,777.0999755859375,753.3619384765625
train,8158,497.79998779296875,484.17181396484375
train,2234,390.1000061035156,367.8096923828125
train,7914,584.5,542.8633422851562
train,3734,833.5,838.3695678710938
train,8339,394.79998779296875,413.34295654296875
train,5711,321.1000061035156,322.8002624511719
train,4857,595.9000244140625,630.916259765625
train,6612,246.39999389648438,264.61871337890625
train,12,291.1000061035156,312.0502014160156
train,177,270.1000061035156,254.19189453125
train,6971,734.2000122070312,731.6943359375
train,3680,283.3999938964844,279.3740234375
train,8299,386.6000061035156,360.8870849609375
train,3319,296.70001220703125,309.023681640625
train,4829,527.5999755859375,543.827392578125
train,4931,664.0,691.1044311523438
train,175,220.8000030517578,248.9891357421875
train,5372,409.1000061035156,409.2061462402344
train,7240,415.79998779296875,354.75457763671875
train,8256,565.5999755859375,530.1829833984375
train,4530,570.5999755859375,567.7971801757812
train,2232,318.5,347.0965576171875
train,5048,465.0,451.2810363769531
train,5759,300.5,287.88446044921875
train,5432,548.5999755859375,545.1124877929688
train,137,313.1000061035156,299.83734130859375
train,637,361.5,366.4941711425781
train,6438,609.0999755859375,617.1353759765625
train,6367,529.7999877929688,536.520263671875
train,5117,254.3000030517578,262.00787353515625
train,6137,280.79998779296875,284.2863464355469
train,5526,373.29998779296875,377.58660888671875
train,2532,309.0,320.0283508300781
train,1065,282.3999938964844,294.49346923828125
train,8641,408.3999938964844,386.94415283203125
train,5296,295.6000061035156,287.00042724609375
train,8128,432.3999938964844,458.7371520996094
train,8025,788.4000244140625,773.5140991210938
train,2406,775.0999755859375,796.2666015625
train,7713,353.5,350.7457580566406
train,8152,631.0999755859375,606.3062133789062
train,6235,434.8999938964844,454.05303955078125
train,2193,708.5999755859375,662.844482421875
train,3887,609.9000244140625,595.25048828125
train,5921,509.29998779296875,512.3651123046875
train,5309,354.29998779296875,342.8366394042969
train,3850,317.29998779296875,332.97509765625
train,6257,324.5,273.0736999511719
train,6154,431.8999938964844,436.2146911621094
train,2786,422.1000061035156,380.4348449707031
train,7693,630.7000122070312,611.7994995117188
train,7892,452.5,436.40594482421875
train,3868,359.5,355.07977294921875
train,1353,347.6000061035156,312.22900390625
train,1477,458.70001220703125,407.2184143066406
train,1866,408.70001220703125,418.80572509765625
train,5965,535.5999755859375,497.1756286621094
train,510,377.29998779296875,372.4137268066406
train,1746,353.20001220703125,351.0596008300781
train,7326,446.5,447.3594665527344
train,5109,586.2999877929688,557.8687744140625
train,1935,361.6000061035156,377.08917236328125
train,8082,662.7999877929688,656.9818115234375
train,6445,454.6000061035156,452.11187744140625
train,6311,420.29998779296875,412.8319396972656
train,5984,411.3999938964844,392.28375244140625
train,1379,377.8999938964844,412.9739074707031
train,7592,478.20001220703125,474.798095703125
train,3521,346.20001220703125,346.82501220703125
train,480,584.0,573.6707763671875
train,6206,294.1000061035156,322.87359619140625
train,5367,286.3999938964844,259.74700927734375
train,5474,368.79998779296875,362.95465087890625
train,3829,561.0,565.7591552734375
train,7379,780.7000122070312,791.1051025390625
train,7322,259.70001220703125,270.50335693359375
train,2789,432.3999938964844,417.5846252441406
train,8729,411.3999938964844,422.6842956542969
train,7610,425.5,451.357666015625
train,8585,309.6000061035156,315.17657470703125
train,5871,428.70001220703125,402.1307373046875
train,4746,399.3999938964844,406.5166931152344
train,7136,386.29998779296875,374.60894775390625
train,1618,340.6000061035156,365.9967346191406
train,7155,487.79998779296875,455.52960205078125
train,5111,460.0,453.682373046875
train,8626,253.29998779296875,232.99940490722656
train,6022,285.3999938964844,291.2724609375
train,6006,298.70001220703125,313.4716491699219
train,2145,450.3999938964844,459.62066650390625
train,5808,303.3999938964844,312.9860534667969
train,2242,364.5,356.86602783203125
train,4326,304.3999938964844,320.228515625
train,772,494.29998779296875,504.45660400390625
train,4173,346.6000061035156,348.2514343261719
train,7965,643.2000122070312,650.1329345703125
train,1664,447.5,454.5668029785156
train,991,390.6000061035156,364.0401306152344
train,732,279.3999938964844,286.05340576171875
train,3686,789.4000244140625,769.5205688476562
train,2755,293.79998779296875,293.05706787109375
train,3675,551.2999877929688,577.9088134765625
train,3617,388.29998779296875,367.0780029296875
train,8470,276.0,298.3714599609375
train,4575,363.5,340.44171142578125
train,2251,380.5,347.6337890625
train,7394,596.7999877929688,545.8710327148438
train,5800,403.0,365.0890197753906
train,5745,276.3999938964844,281.5008544921875
train,4520,275.79998779296875,264.7737731933594
train,575,374.1000061035156,368.0129089355469
train,3824,621.2999877929688,616.4508056640625
train,8286,561.0999755859375,524.6298828125
train,2692,348.6000061035156,336.8879699707031
train,919,504.3999938964844,500.1274719238281
train,6567,825.300048828125,813.225830078125
train,2744,550.4000244140625,548.797119140625
train,1045,706.5999755859375,702.8314208984375
train,8273,480.70001220703125,476.6402587890625
train,8489,297.1000061035156,299.54620361328125
train,215,306.70001220703125,292.6064453125
train,4327,746.7999877929688,741.0047607421875
train,511,557.0999755859375,562.8300170898438
train,3286,434.3999938964844,417.868408203125
train,799,294.70001220703125,300.701416015625
train,723,502.3999938964844,479.7375183105469
train,3943,331.8999938964844,295.81793212890625
train,8412,421.29998779296875,447.5086364746094
train,6845,425.8999938964844,396.3915100097656
train,7753,631.7999877929688,639.6905517578125
train,7167,425.20001220703125,388.1238708496094
train,7011,394.8999938964844,402.3713684082031
train,4988,453.29998779296875,435.31134033203125
train,5462,457.0,440.565673828125
train,5220,332.29998779296875,317.55120849609375
train,7715,688.0999755859375,664.7755126953125
train,5227,232.6999969482422,234.53524780273438
train,4405,401.70001220703125,398.021484375
train,6850,454.6000061035156,461.16082763671875
train,3513,289.5,290.7552795410156
train,1327,662.9000244140625,659.3963623046875
train,1572,297.0,299.7452392578125
train,203,361.3999938964844,362.51141357421875
train,859,695.9000244140625,688.7119140625
train,8516,381.3999938964844,388.1953125
train,5771,308.5,295.017822265625
train,8501,638.5999755859375,616.6033935546875
train,4354,561.7999877929688,554.80419921875
train,6025,577.5999755859375,571.9845581054688
train,8222,351.29998779296875,317.07379150390625
train,7472,377.3999938964844,383.9760437011719
train,5882,649.2000122070312,622.0169677734375
train,1993,437.20001220703125,398.1263732910156
train,2511,463.5,395.893310546875
train,8298,329.1000061035156,311.78955078125
train,4550,367.79998779296875,360.90802001953125
train,7180,463.5,436.93902587890625
train,4765,543.5999755859375,553.0162963867188
train,5550,469.6000061035156,456.8774719238281
train,4844,433.29998779296875,428.6505126953125
train,2509,565.7999877929688,555.2899169921875
train,1906,388.20001220703125,370.7100524902344
train,8592,485.0,485.3376770019531
train,6946,274.6000061035156,296.2532653808594
train,4981,299.79998779296875,302.9776916503906
train,1026,774.5999755859375,743.0742797851562
train,3883,565.0,550.4840087890625
train,7774,413.29998779296875,438.515869140625
train,8591,494.70001220703125,487.1964416503906
train,7893,366.70001220703125,343.88446044921875
train,5014,371.3999938964844,399.66033935546875
train,2548,330.8999938964844,315.62542724609375
train,1415,253.10000610351562,240.44464111328125
train,4499,264.0,295.9505615234375
train,4909,436.8999938964844,430.9898681640625
train,8126,418.3999938964844,424.0739440917969
train,4468,478.3999938964844,438.6966552734375
train,1842,361.20001220703125,363.3436279296875
train,138,321.6000061035156,332.6568908691406
train,5245,371.70001220703125,408.301025390625
train,1143,790.9000244140625,803.6907958984375
train,2615,338.8999938964844,326.22930908203125
train,572,490.0,465.9830322265625
train,7358,600.0,592.6390380859375
train,7619,334.3999938964844,310.6688537597656
train,1589,566.4000244140625,595.998291015625
train,5234,481.79998779296875,537.2132568359375
train,2307,436.70001220703125,440.7486267089844
train,3068,601.2999877929688,592.5213012695312
train,8506,331.79998779296875,370.1120910644531
train,7462,661.4000244140625,647.91064453125
train,601,426.0,394.5650329589844
train,4561,440.29998779296875,393.8446960449219
train,373,350.79998779296875,353.48431396484375
train,5205,295.3999938964844,292.5999755859375
train,8347,660.0,648.9100952148438
train,2519,381.3999938964844,380.4949951171875
train,4292,313.5,298.2478942871094
train,7574,751.7000122070312,726.1246337890625
train,5380,247.89999389648438,263.5673828125
train,6268,298.5,286.73419189453125
train,4316,439.20001220703125,447.9499816894531
train,4325,485.70001220703125,514.7080688476562
train,5944,793.2999877929688,823.8951416015625
train,8288,400.3999938964844,402.935791015625
train,4811,467.29998779296875,446.871826171875
train,4806,433.5,405.3754577636719
train,527,535.4000244140625,547.4208374023438
train,4032,267.8999938964844,281.571533203125
train,8386,435.20001220703125,425.97576904296875
train,1679,421.20001220703125,414.73626708984375
train,5607,701.7999877929688,635.4656982421875
train,5512,333.79998779296875,320.8291015625
train,1390,278.0,295.17498779296875
train,6625,333.3999938964844,346.67529296875
train,2537,551.9000244140625,539.3623046875
train,7657,311.8999938964844,299.4337463378906
train,6713,548.5999755859375,560.3218383789062
train,8730,407.5,392.1086120605469
train,2620,357.8999938964844,346.96826171875
train,6728,359.8999938964844,397.60992431640625
train,18,674.5,654.2410888671875
train,6737,298.29998779296875,296.7510986328125
train,607,463.3999938964844,475.5498046875
train,7192,456.0,478.0790710449219
train,5383,265.20001220703125,271.3792419433594
train,6042,471.0,451.5657043457031
train,3275,449.1000061035156,415.1937561035156
train,2389,568.4000244140625,576.5736083984375
train,4770,269.5,269.56976318359375
train,3081,270.3999938964844,279.1527099609375
train,4492,350.70001220703125,373.24822998046875
train,3832,257.5,249.6776885986328
train,4205,388.20001220703125,383.5918273925781
train,7881,335.70001220703125,326.1578063964844
train,3764,367.70001220703125,359.6103515625
train,4125,461.29998779296875,449.5709228515625
train,28,445.6000061035156,468.7804260253906
train,4046,473.3999938964844,466.18048095703125
train,5401,312.0,301.6448059082031
train,5836,621.2000122070312,616.0618286132812
train,6267,312.6000061035156,331.53778076171875
train,2524,311.5,302.482421875
train,5156,355.1000061035156,364.62774658203125
train,7521,440.3999938964844,400.8298034667969
train,6973,696.0,699.4735717773438
train,6771,426.0,386.2826232910156
train,1860,317.6000061035156,327.63739013671875
train,1467,395.0,413.0883483886719
train,2820,418.29998779296875,431.1540222167969
train,3897,490.79998779296875,492.77398681640625
train,1073,398.5,399.3362121582031
train,8561,507.29998779296875,502.0521240234375
train,230,405.79998779296875,385.3030700683594
train,5223,436.0,457.15740966796875
train,549,378.1000061035156,389.68170166015625
train,347,314.0,298.33984375
train,8319,418.79998779296875,421.9632568359375
train,6274,732.0999755859375,724.5526123046875
train,3033,290.29998779296875,286.70477294921875
train,1749,508.8999938964844,491.97955322265625
train,7081,391.79998779296875,373.049072265625
train,1617,292.79998779296875,294.08648681640625
train,6620,302.70001220703125,286.60711669921875
train,5179,276.3999938964844,277.76104736328125
train,6823,425.1000061035156,401.9267883300781
train,1798,439.5,429.7484130859375
train,5590,432.29998779296875,418.1009521484375
train,6874,448.20001220703125,462.8930969238281
train,2171,274.0,268.61968994140625
train,3102,856.0999755859375,856.6375732421875
train,918,421.8999938964844,408.2261962890625
train,8110,466.79998779296875,437.43450927734375
train,8477,310.70001220703125,295.30963134765625
train,4650,449.70001220703125,434.32965087890625
train,2543,322.3999938964844,336.29022216796875
train,6382,782.4000244140625,793.1018676757812
train,7873,466.1000061035156,475.35211181640625
train,415,496.8999938964844,476.57037353515625
train,5054,725.0,741.7646484375
train,4418,580.7000122070312,560.9913330078125
train,2555,340.3999938964844,350.0259094238281
train,4766,366.8999938964844,400.0616455078125
train,4421,521.4000244140625,511.87506103515625
train,4495,356.79998779296875,326.5399169921875
train,5829,665.2999877929688,625.4086303710938
train,2975,696.0999755859375,701.5250244140625
train,5237,353.6000061035156,327.93341064453125
train,6767,343.70001220703125,351.4447937011719
train,2595,473.0,462.60443115234375
train,5563,279.70001220703125,288.521484375
train,8484,648.4000244140625,620.7825927734375
train,1966,333.6000061035156,335.682861328125
train,1338,329.0,317.09912109375
train,479,350.1000061035156,352.1919250488281
train,342,766.4000244140625,774.8623046875
train,6743,690.7999877929688,716.2205200195312
train,6247,465.29998779296875,445.7601318359375
train,6546,535.2999877929688,533.9481811523438
train,7692,715.0999755859375,690.7758178710938
train,7314,417.0,388.5011291503906
train,8678,254.6999969482422,254.10494995117188
train,7023,421.70001220703125,376.7407531738281
train,6595,518.2999877929688,492.61212158203125
train,8533,845.2999877929688,843.357177734375
train,8325,360.1000061035156,345.5094299316406
train,4266,325.3999938964844,347.683837890625
train,67,291.79998779296875,295.7005615234375
train,3223,694.2000122070312,669.5760498046875
train,125,411.3999938964844,434.5877380371094
train,22,372.6000061035156,381.57745361328125
train,2915,775.2000122070312,831.052490234375
train,5110,487.79998779296875,455.4944763183594
train,4409,299.70001220703125,294.39129638671875
train,5202,341.3999938964844,357.3541259765625
train,6558,336.29998779296875,318.2515563964844
train,4546,808.4000244140625,792.57861328125
train,6875,625.0,622.622802734375
train,2816,278.10003662109375,275.5265808105469
train,1101,459.1000061035156,442.0448303222656
train,3860,373.20001220703125,355.95599365234375
train,3702,410.29998779296875,375.7148742675781
train,6187,209.0,223.3489990234375
train,6217,379.8999938964844,364.4817810058594
train,1757,427.1000061035156,410.18670654296875
train,1924,333.29998779296875,321.9107971191406
train,1373,299.20001220703125,294.90478515625
train,691,833.5999755859375,825.9886474609375
train,8550,440.0,441.8002014160156
train,839,300.8999938964844,334.3923034667969
train,2925,247.8000030517578,253.12132263183594
train,7449,462.70001220703125,418.8768615722656
train,1004,306.1000061035156,308.8345031738281
train,5058,527.4000244140625,531.9462280273438
train,225,473.29998779296875,476.596435546875
train,7061,398.29998779296875,422.5325012207031
train,6376,490.79998779296875,455.57427978515625
train,7488,271.5,277.4142761230469
train,3818,250.1999969482422,261.837646484375
train,5985,529.2000122070312,507.8847351074219
train,5570,755.7000122070312,696.403076171875
train,3422,418.70001220703125,396.9365234375
train,902,502.1000061035156,551.2973022460938
train,431,378.70001220703125,366.05682373046875
train,8024,380.5,337.8968200683594
train,7949,809.7000122070312,760.9193115234375
train,747,328.6000061035156,319.7769470214844
train,1520,726.9000244140625,712.3480834960938
train,6269,384.0,366.1439514160156
train,3201,337.3999938964844,344.907470703125
train,8354,337.20001220703125,336.3312683105469
train,4243,386.8999938964844,367.3106384277344
train,873,343.20001220703125,329.40869140625
train,8407,389.5,365.4266662597656
train,7671,358.20001220703125,339.4132385253906
train,93,373.6000061035156,364.3121337890625
train,284,371.20001220703125,369.8338928222656
train,6134,385.8999938964844,367.2568054199219
train,6817,501.8999938964844,520.435791015625
train,3274,293.1000061035156,300.35919189453125
train,6106,556.9000244140625,531.8046875
train,357,611.0,592.326904296875
train,993,397.20001220703125,400.3193664550781
train,1348,338.20001220703125,345.90496826171875
train,1825,328.3999938964844,327.650634765625
train,5321,493.79998779296875,505.1556701660156
train,6972,274.29998779296875,287.60614013671875
train,4498,797.7999877929688,767.638916015625
train,2058,325.1000061035156,335.1195373535156
train,395,323.70001220703125,327.3135986328125
train,2235,286.3999938964844,276.7296142578125
train,7679,293.8999938964844,334.0994873046875
train,4416,412.1000061035156,375.8926696777344
train,3777,394.6000061035156,404.639404296875
train,1655,374.29998779296875,385.5182800292969
train,3152,265.70001220703125,249.87081909179688
train,8304,460.70001220703125,451.1968078613281
train,2530,327.70001220703125,319.0418701171875
train,196,401.79998779296875,374.432861328125
train,7485,387.79998779296875,373.87982177734375
train,5602,784.0999755859375,752.2070922851562
train,6681,364.70001220703125,371.83685302734375
train,6289,826.7999877929688,837.0906982421875
train,1011,408.70001220703125,417.0376281738281
train,984,630.7000122070312,633.157470703125
train,7928,561.7000122070312,539.413330078125
train,4655,398.6000061035156,409.5311584472656
train,5648,312.0,305.7528076171875
train,5879,335.79998779296875,327.2596435546875
train,3519,284.1000061035156,291.1900634765625
train,8428,803.5,808.3343505859375
train,7197,401.8999938964844,367.989990234375
train,5042,830.0999755859375,822.79248046875
train,7580,387.5,365.4073791503906
train,8345,444.6000061035156,413.5528259277344
train,3569,737.9000244140625,724.572021484375
train,4098,578.4000244140625,567.1419677734375
train,3827,283.0,273.8895568847656
train,6152,726.2999877929688,738.7283935546875
train,2185,330.0,313.5130615234375
train,3504,352.20001220703125,351.7463684082031
train,3419,664.7999877929688,679.7589111328125
train,1903,391.20001220703125,385.066650390625
train,7974,752.5,745.764404296875
train,6302,469.5,462.6390075683594
train,4415,376.3999938964844,405.9844970703125
train,525,297.8999938964844,304.109375
train,737,379.79998779296875,370.0817565917969
train,1326,273.8999938964844,286.9879150390625
train,6435,299.70001220703125,311.67230224609375
train,6171,830.4000244140625,792.3538208007812
train,5877,325.0,321.95037841796875
train,6788,604.0,607.3157958984375
train,1978,340.8999938964844,339.6304626464844
train,7665,362.5,331.2134704589844
train,8376,306.5,287.68902587890625
train,6621,427.20001220703125,406.1595153808594
train,8636,376.29998779296875,375.3490905761719
train,4275,417.5,390.7553405761719
train,443,297.70001220703125,294.6903076171875
train,759,458.29998779296875,467.9115905761719
train,713,383.1000061035156,397.2725524902344
train,2394,674.2000122070312,680.2619018554688
train,3849,752.4000244140625,734.67041015625
train,5440,334.3999938964844,337.97393798828125
train,1018,319.8999938964844,336.4497985839844
train,4264,527.0999755859375,514.8084716796875
train,7720,325.0,301.91058349609375
train,7122,457.5,440.285400390625
train,2067,256.6000061035156,266.47979736328125
train,5996,289.29998779296875,301.6539611816406
train,2466,316.0,341.0492858886719
train,5779,341.5,338.9693908691406
train,5146,463.3999938964844,454.29052734375
train,7292,817.0,774.8593139648438
train,3559,657.9000244140625,614.8899536132812
train,693,378.70001220703125,341.95458984375
train,1404,366.8999938964844,346.2337951660156
train,2586,278.79998779296875,284.37835693359375
train,8088,341.1000061035156,339.6026916503906
train,3401,274.3999938964844,276.8473205566406
train,4459,634.2999877929688,646.852294921875
train,2107,279.6000061035156,281.70355224609375
train,7726,367.0,353.8905944824219
train,1637,383.8999938964844,370.601318359375
train,1767,217.99998474121094,247.85997009277344
train,153,349.6000061035156,344.1444091796875
train,4518,394.8999938964844,370.8754577636719
train,4043,420.70001220703125,414.8414306640625
train,4940,812.2999877929688,812.6925048828125
train,2659,589.0999755859375,593.1023559570312
train,1028,652.0,641.9290771484375
train,216,329.6000061035156,308.8623962402344
train,6733,520.5,499.10736083984375
train,7745,380.8999938964844,363.6279296875
train,4637,577.2000122070312,548.5450439453125
train,3862,373.0,366.3919372558594
train,1864,277.1000061035156,279.9130859375
train,7403,237.6999969482422,234.9028778076172
train,5420,440.70001220703125,413.1888732910156
train,7793,298.0,276.47845458984375
train,7243,319.79998779296875,307.5512390136719
train,8232,729.5,736.408935546875
train,6562,301.20001220703125,319.4874572753906
train,7423,578.2999877929688,572.3800048828125
train,2626,371.70001220703125,380.79315185546875
train,8612,386.20001220703125,380.1929016113281
train,1248,315.79998779296875,297.4722900390625
train,8177,683.2000122070312,659.919189453125
train,7562,325.0,310.5426940917969
train,1762,352.3999938964844,334.62451171875
train,3136,615.2999877929688,607.2033081054688
train,8090,269.70001220703125,270.59014892578125
train,4097,353.20001220703125,349.54486083984375
train,7450,741.7000122070312,707.8026123046875
train,268,284.6000061035156,303.7637939453125
train,1110,617.0,598.570068359375
train,6538,305.8999938964844,320.6046447753906
train,3621,718.4000244140625,722.3856201171875
train,3438,346.6000061035156,337.93341064453125
train,2084,522.2000122070312,503.34808349609375
train,8263,274.0,276.83953857421875
train,6132,305.1000061035156,297.75946044921875
train,3018,630.2999877929688,619.243408203125
train,1340,317.29998779296875,305.03985595703125
train,3257,406.5,393.25384521484375
train,4822,793.7000122070312,789.6085205078125
train,7035,525.0,516.7630004882812
train,1035,330.3999938964844,302.5213623046875
train,2993,442.5,436.4424133300781
train,7153,323.8999938964844,343.553955078125
train,7196,246.39999389648438,251.7609405517578
train,1237,549.2000122070312,550.37939453125
train,5173,315.70001220703125,300.3963317871094
train,4165,432.1000061035156,399.6652526855469
train,5637,356.29998779296875,342.9877624511719
train,4788,419.1000061035156,394.668701171875
train,6357,470.8999938964844,467.7119140625
train,1420,550.7000122070312,533.6517944335938
train,7831,298.3999938964844,297.1219482421875
train,8289,433.70001220703125,388.0790710449219
train,202,295.1000061035156,306.67218017578125
train,4538,576.2000122070312,525.1715087890625
train,8202,327.1000061035156,307.8435363769531
train,6960,696.4000244140625,732.4172973632812
train,1251,299.5,316.3126525878906
train,1440,471.8999938964844,461.3588562011719
train,8445,761.7999877929688,766.517333984375
train,2533,380.3999938964844,392.6902160644531
train,6318,435.8999938964844,422.3175048828125
train,2808,476.6000061035156,472.1247253417969
train,5817,762.5,711.763916015625
train,7430,567.2999877929688,536.720703125
train,5165,379.29998779296875,362.74298095703125
train,7137,310.3999938964844,329.73565673828125
train,6889,382.3999938964844,412.9739074707031
train,3491,623.7999877929688,632.54833984375
train,4709,329.1000061035156,350.4564208984375
train,5660,349.29998779296875,371.82806396484375
train,1873,274.20001220703125,271.5931701660156
train,4760,405.0,368.499267578125
train,1869,322.5,323.9454650878906
train,1913,353.79998779296875,352.54559326171875
train,8401,319.79998779296875,306.6967468261719
train,3,758.5,689.9814453125
train,5370,354.3999938964844,340.7445068359375
train,7626,558.7000122070312,563.201171875
train,1698,274.0,299.15106201171875
train,7068,423.3999938964844,403.4012451171875
train,4745,494.0,495.24810791015625
train,2072,319.6000061035156,326.4537048339844
train,5349,223.69998168945312,222.0727081298828
train,552,675.7000122070312,717.181884765625
train,6937,478.20001220703125,458.29779052734375
train,5445,306.6000061035156,312.7414245605469
train,5444,343.29998779296875,345.9730529785156
train,1940,487.0,453.5967102050781
train,3820,651.2999877929688,626.1254272460938
train,5785,817.4000244140625,807.2174072265625
train,3473,362.29998779296875,344.26678466796875
train,1283,826.5,823.0328369140625
train,8364,307.8999938964844,300.85467529296875
train,3757,252.3000030517578,259.302490234375
train,3183,354.29998779296875,369.41302490234375
train,978,315.29998779296875,298.8118896484375
train,7033,444.5,455.581298828125
train,7352,310.0,313.2442626953125
train,3488,506.79998779296875,544.1148681640625
train,3371,582.2000122070312,575.6265869140625
train,1773,399.20001220703125,391.69744873046875
train,4767,447.3999938964844,403.1746520996094
train,3959,530.7999877929688,522.5128173828125
train,2860,829.9000244140625,802.91943359375
train,2390,437.3999938964844,429.0185852050781
train,6603,340.79998779296875,344.773681640625
train,5451,454.5,449.48260498046875
train,3831,437.8999938964844,436.46099853515625
train,7286,413.5,370.354248046875
train,4378,541.5,563.2545776367188
train,2573,398.0,400.72650146484375
train,6263,443.3999938964844,443.0901794433594
train,2269,388.29998779296875,415.8426513671875
train,3138,631.0999755859375,621.16015625
train,7632,699.2000122070312,753.133544921875
train,5596,820.2000122070312,808.4381103515625
train,5901,297.79998779296875,292.45123291015625
train,2776,690.2999877929688,670.5267333984375
train,2918,795.0,771.0068969726562
train,4927,515.2999877929688,514.0182495117188
train,2298,388.29998779296875,373.4603576660156
train,7340,307.3999938964844,320.16204833984375
train,5911,551.7999877929688,507.385986328125
train,2981,491.79998779296875,467.4728088378906
train,2214,365.79998779296875,367.1125793457031
train,1128,589.2999877929688,552.488037109375
train,7194,673.4000244140625,670.560791015625
train,5291,488.5,488.1479797363281
train,5766,361.0,315.6222839355469
train,1064,405.20001220703125,375.29864501953125
train,1763,524.0,530.9361572265625
train,2631,477.29998779296875,437.6138916015625
train,4574,653.4000244140625,698.2996826171875
train,305,380.70001220703125,363.81488037109375
train,209,406.20001220703125,409.5050964355469
train,8084,462.8999938964844,449.6860656738281
train,8391,254.8000030517578,239.9869842529297
train,7548,439.3999938964844,458.2762451171875
train,113,468.3999938964844,471.60809326171875
train,4315,249.60000610351562,265.97698974609375
train,155,599.9000244140625,589.188232421875
train,3746,249.5,276.809326171875
train,1709,785.2999877929688,784.3467407226562
train,2833,524.9000244140625,503.4790954589844
train,2080,670.7000122070312,651.8492431640625
train,6494,471.29998779296875,458.3724670410156
train,1904,437.1000061035156,442.3660888671875
train,5922,769.2000122070312,742.5319213867188
train,1598,594.5,590.4173583984375
train,2493,453.79998779296875,452.4419860839844
train,8492,382.5,366.0181884765625
train,4581,494.3999938964844,487.09649658203125
train,1078,823.5,811.1727905273438
train,239,442.79998779296875,455.83050537109375
train,6903,454.20001220703125,456.1010437011719
train,5088,316.3999938964844,312.26513671875
train,1874,420.1000061035156,384.58929443359375
train,3823,309.29998779296875,306.0287170410156
train,1689,511.1000061035156,482.6805114746094
train,7937,355.3999938964844,343.1578674316406
train,4508,350.3999938964844,376.3639831542969
train,5858,410.79998779296875,380.0577087402344
train,5981,481.8999938964844,455.34771728515625
train,5081,497.5,501.1356201171875
train,6028,392.20001220703125,390.3442077636719
train,1161,333.70001220703125,346.7915344238281
train,3271,259.9000244140625,212.89881896972656
train,6386,400.8999938964844,392.95977783203125
train,4568,339.79998779296875,337.578369140625
train,3500,263.70001220703125,265.2049865722656
train,7560,323.70001220703125,309.22607421875
train,7943,338.0,320.5364990234375
train,5389,261.29998779296875,256.91485595703125
train,5991,523.4000244140625,507.06976318359375
train,7184,280.1000061035156,279.7991027832031
train,2488,245.6999969482422,257.12237548828125
train,6539,330.6000061035156,336.7923278808594
train,1314,436.6000061035156,441.2966003417969
train,8260,288.0,283.9518737792969
train,8233,404.0,399.7440185546875
train,6674,467.5,453.4925231933594
train,1290,390.6000061035156,377.42999267578125
train,7814,786.7999877929688,771.4813232421875
train,1075,476.3999938964844,469.52130126953125
train,4775,667.0999755859375,687.1497192382812
train,7591,273.29998779296875,275.0213623046875
train,577,422.1000061035156,431.3531799316406
train,1761,818.0,837.2843017578125
train,1272,439.70001220703125,412.9739074707031
train,837,354.70001220703125,375.307861328125
train,6163,252.6999969482422,266.8564147949219
train,6606,266.3999938964844,270.2162780761719
train,263,242.80001831054688,256.6771240234375
train,4563,490.1000061035156,518.9147338867188
train,2934,333.29998779296875,314.8405456542969
train,1529,366.29998779296875,390.7807922363281
train,8336,479.20001220703125,475.768798828125
train,3348,670.0,655.7611083984375
train,304,815.5999755859375,823.9288940429688
train,7854,804.5999755859375,810.64013671875
train,6260,416.6000061035156,387.5167541503906
train,4609,262.0,284.9254150390625
train,7348,385.29998779296875,400.16888427734375
train,972,380.20001220703125,372.03094482421875
train,3469,464.6000061035156,474.6180114746094
train,8121,388.6000061035156,402.93017578125
train,974,253.8000030517578,277.411376953125
train,405,727.0999755859375,746.3219604492188
train,3370,286.29998779296875,290.4796447753906
train,3508,278.70001220703125,286.95281982421875
train,6156,302.6000061035156,302.00567626953125
train,6934,650.7000122070312,678.9869384765625
train,5658,350.1000061035156,312.0411682128906
train,7566,327.20001220703125,311.7208251953125
train,7960,389.29998779296875,358.45318603515625
train,4937,503.6000061035156,444.8169250488281
train,1239,390.5,345.82513427734375
train,4837,378.70001220703125,371.8065490722656
train,4648,476.6000061035156,516.2871704101562
train,6216,754.0999755859375,735.1536254882812
train,2443,407.8999938964844,412.0514221191406
train,5504,303.6000061035156,298.111328125
train,3457,497.70001220703125,492.43731689453125
train,2342,705.9000244140625,700.4024658203125
train,5788,329.3999938964844,338.6888427734375
train,1994,291.70001220703125,331.5296630859375
train,2033,400.20001220703125,409.28216552734375
train,4403,522.4000244140625,510.84979248046875
train,1421,486.70001220703125,493.36407470703125
train,4698,477.1000061035156,463.3090515136719
train,4970,600.7999877929688,614.5731201171875
train,4682,445.3999938964844,440.03497314453125
train,2172,333.20001220703125,331.89447021484375
train,6654,746.7000122070312,785.6027221679688
train,776,748.9000244140625,742.8406982421875
train,1922,626.2000122070312,637.6591186523438
train,7229,429.3999938964844,399.7776794433594
train,3439,505.70001220703125,489.50860595703125
train,7857,455.8999938964844,422.56829833984375
train,3591,486.79998779296875,459.62359619140625
train,893,470.79998779296875,448.9971618652344
train,5966,575.2000122070312,562.9048461914062
train,2057,557.5,559.276611328125
train,7353,465.79998779296875,456.1087341308594
train,8601,825.300048828125,780.59619140625
train,5546,320.20001220703125,310.58746337890625
train,6291,304.3999938964844,311.71636962890625
train,1708,358.0,350.57659912109375
train,3385,449.79998779296875,432.5905456542969
train,8549,673.2000122070312,693.2042236328125
train,236,367.79998779296875,362.5509033203125
train,3715,758.800048828125,751.9258422851562
train,1057,265.79998779296875,268.6170349121094
train,3668,252.3000030517578,273.04803466796875
train,64,390.6000061035156,371.48590087890625
train,43,432.79998779296875,426.22869873046875
train,4337,347.6000061035156,365.51763916015625
train,1870,560.2000122070312,525.8547973632812
train,6825,291.0,299.7994384765625
train,1279,254.6999969482422,253.6787109375
train,8738,584.9000244140625,570.7704467773438
train,8725,455.20001220703125,441.1813049316406
train,5652,404.6000061035156,409.3497314453125
train,3722,456.70001220703125,466.7184753417969
train,3461,703.5,689.669677734375
train,6716,617.0,643.985107421875
train,7455,269.6000061035156,270.2200927734375
train,8056,458.3999938964844,451.12152099609375
train,2272,528.0,519.3295288085938
train,2707,468.1000061035156,443.4629211425781
train,1511,426.8999938964844,418.71466064453125
train,5568,301.70001220703125,289.0355224609375
train,8525,361.70001220703125,345.6185607910156
train,119,305.5,296.7972412109375
train,4532,410.1000061035156,415.07171630859375
train,6373,409.70001220703125,404.9857482910156
train,1706,369.79998779296875,341.0028076171875
train,4148,410.3999938964844,386.4349365234375
train,823,383.3999938964844,374.9317321777344
train,8728,455.5,432.0598449707031
train,5920,282.29998779296875,287.0502624511719
train,7588,426.1000061035156,410.2850646972656
train,6204,335.20001220703125,316.6414794921875
train,6242,501.8999938964844,501.4622802734375
train,6058,577.0,587.4675903320312
train,1828,335.5,322.0387878417969
train,8210,482.79998779296875,476.88018798828125
train,87,609.4000244140625,604.5650634765625
train,4619,431.8999938964844,429.2541198730469
train,6287,389.5,378.3046569824219
train,3874,317.20001220703125,313.7393493652344
train,6819,536.4000244140625,517.6751708984375
train,7055,371.70001220703125,385.805908203125
train,5308,399.0,388.3840026855469
train,6077,267.29998779296875,257.15582275390625
train,3452,572.9000244140625,544.3452758789062
train,4466,509.5,486.41668701171875
train,2619,385.5,383.2318115234375
train,2186,533.7000122070312,491.38739013671875
train,3919,389.70001220703125,370.4267883300781
train,8291,487.20001220703125,506.65936279296875
train,7835,300.3999938964844,319.83184814453125
train,3157,437.20001220703125,418.70208740234375
train,5821,292.79998779296875,275.3514404296875
train,961,440.3999938964844,418.025146484375
train,8627,339.79998779296875,315.80096435546875
train,7206,378.70001220703125,430.7001953125
train,8740,485.29998779296875,500.38946533203125
train,4582,370.70001220703125,372.8274841308594
train,413,422.20001220703125,392.719482421875
train,7203,461.79998779296875,516.93359375
train,338,627.7999877929688,627.4393310546875
train,1350,760.2000122070312,737.914794921875
train,53,338.29998779296875,349.0426940917969
train,1646,434.1000061035156,444.8692932128906
train,2280,352.8999938964844,338.6497497558594
train,4284,390.5,387.7518615722656
train,1613,265.70001220703125,266.85540771484375
train,2256,348.20001220703125,361.888916015625
train,4701,367.20001220703125,353.30340576171875
train,1964,509.3999938964844,505.9324035644531
train,3512,740.5999755859375,715.3292236328125
train,3928,545.9000244140625,560.06884765625
train,946,341.3999938964844,343.9971008300781
train,3535,559.0999755859375,518.6414184570312
train,5429,380.5,380.0615539550781
train,2030,401.70001220703125,404.72967529296875
train,1167,560.5999755859375,527.1002197265625
train,3986,292.29998779296875,290.1684265136719
train,843,435.5,466.14019775390625
train,826,288.1000061035156,281.93060302734375
train,2360,406.79998779296875,416.3095397949219
train,103,295.3999938964844,301.36865234375
train,841,358.8999938964844,331.83929443359375
train,7918,426.5,410.4911193847656
train,4163,401.70001220703125,414.9059143066406
train,2317,480.0,492.6416015625
train,5657,365.3999938964844,362.9384765625
train,8387,293.5,287.9888000488281
train,1673,372.5,359.09991455078125
train,2474,464.70001220703125,471.41265869140625
train,7463,492.29998779296875,473.2757873535156
train,1487,325.29998779296875,320.9854431152344
train,1014,678.7999877929688,655.9910888671875
train,2154,492.79998779296875,490.1790771484375
train,3244,306.79998779296875,321.82379150390625
train,568,609.2000122070312,595.8624267578125
train,8673,310.3999938964844,304.47576904296875
train,8607,254.20001220703125,249.27780151367188
train,8143,407.79998779296875,430.6474914550781
train,2404,256.0,269.123046875
train,4328,329.79998779296875,307.4594421386719
train,4943,261.8999938964844,264.923583984375
train,5503,508.79998779296875,501.9211120605469
train,4639,461.79998779296875,437.6295471191406
train,2138,264.70001220703125,274.3146057128906
train,4955,298.5,297.9075622558594
train,5007,245.8000030517578,235.03797912597656
train,2497,350.29998779296875,375.57720947265625
train,5182,345.6000061035156,343.922607421875
train,3265,353.0,334.7582702636719
train,8716,415.70001220703125,402.6318359375
train,4880,548.4000244140625,559.7913208007812
train,6727,398.8999938964844,411.397705078125
train,3616,763.2999877929688,737.4892578125
train,949,452.3999938964844,445.2515869140625
train,5358,307.3999938964844,296.99609375
train,4232,570.0,555.5037231445312
train,6842,342.8999938964844,345.82745361328125
train,1385,532.7000122070312,499.68719482421875
train,3790,463.0,490.1846923828125
train,7868,749.5,755.98974609375
train,8072,584.5999755859375,565.6436767578125
train,469,345.5,334.22314453125
train,5100,577.7999877929688,585.095947265625
train,2073,428.20001220703125,413.00732421875
train,3246,815.5999755859375,839.316650390625
train,6465,657.9000244140625,680.181640625
train,4838,519.0,532.4600219726562
train,5116,302.1000061035156,331.1332092285156
train,6507,272.29998779296875,268.17333984375
train,3678,299.1000061035156,303.96478271484375
train,947,353.8999938964844,346.532958984375
train,2131,323.29998779296875,302.2631530761719
train,6237,340.3999938964844,325.0559387207031
train,4578,548.0999755859375,539.2723388671875
train,789,387.5,373.80859375
train,3030,481.29998779296875,457.4753723144531
train,4219,292.70001220703125,267.1273498535156
train,1776,570.5999755859375,522.379150390625
train,5114,221.3000030517578,226.08250427246094
train,8483,370.1000061035156,353.5411376953125
train,7100,449.79998779296875,418.1033020019531
train,8695,520.2000122070312,508.7328796386719
train,8609,293.29998779296875,352.83721923828125
train,6429,556.0999755859375,508.0906982421875
train,4812,325.5,338.18658447265625
train,5784,322.20001220703125,331.7645263671875
train,942,502.20001220703125,506.4593811035156
train,5870,417.3999938964844,404.55157470703125
train,120,546.2000122070312,532.0831909179688
train,2469,767.5,756.3087158203125
train,2953,326.20001220703125,341.9547119140625
train,780,348.79998779296875,329.8255920410156
train,7134,380.3999938964844,380.6430969238281
train,3398,423.20001220703125,419.21673583984375
train,1194,358.8999938964844,370.9959716796875
train,2217,457.0,434.8636474609375
train,41,351.3999938964844,353.1977233886719
train,2986,284.0,286.51519775390625
train,4427,274.1000061035156,289.40850830078125
train,4111,538.5999755859375,530.4298706054688
train,4379,428.20001220703125,417.4371643066406
train,1611,402.20001220703125,369.12750244140625
train,1504,407.5,390.05902099609375
train,5397,442.0,403.9765625
train,5390,337.29998779296875,315.4295349121094
train,6019,407.20001220703125,405.9170837402344
train,1632,492.8999938964844,507.612060546875
train,6196,301.20001220703125,305.18060302734375
train,2447,277.70001220703125,289.8527526855469
train,6751,327.6000061035156,335.5171203613281
train,5521,776.7999877929688,810.3987426757812
train,936,564.2999877929688,557.490234375
train,6922,480.6000061035156,514.8262939453125
train,7731,426.20001220703125,435.0648498535156
train,288,279.6000061035156,274.05438232421875
train,3434,365.20001220703125,340.023193359375
train,4259,395.20001220703125,389.7658386230469
train,496,414.3999938964844,405.6067199707031
train,803,398.1000061035156,376.0659484863281
train,7839,444.0,418.31964111328125
train,94,360.70001220703125,383.31317138671875
train,2285,299.6000061035156,314.2113037109375
train,2672,363.8999938964844,350.3829040527344
train,5158,366.8999938964844,338.26947021484375
train,83,683.4000244140625,706.8924560546875
train,5644,502.6000061035156,472.1559753417969
train,7655,495.20001220703125,489.1256103515625
train,1696,406.79998779296875,402.14898681640625
train,344,472.0,449.90985107421875
train,271,342.5,356.4586181640625
train,7391,449.29998779296875,421.250244140625
train,5301,405.0,368.4078369140625
train,5123,305.1000061035156,319.9048767089844
train,1968,414.79998779296875,398.2227783203125
train,8046,546.9000244140625,525.8597412109375
train,2347,251.89999389648438,247.74234008789062
train,8085,327.6000061035156,355.6246643066406
train,4201,399.79998779296875,409.1099548339844
train,7094,303.79998779296875,325.4705505371094
train,8313,350.79998779296875,319.78887939453125
train,3376,348.5,330.6835632324219
train,3431,819.7999877929688,777.2675170898438
train,7343,261.5,285.59228515625
train,3099,333.0,348.2710876464844
train,6719,554.0,541.49267578125
train,6071,336.6000061035156,327.98345947265625
train,8153,718.9000244140625,724.9088134765625
train,5090,317.20001220703125,312.79022216796875
train,6696,483.0,437.5797424316406
train,3337,645.0,666.2801513671875
train,796,378.70001220703125,407.98577880859375
train,2681,331.3999938964844,340.5535583496094
train,7213,367.6000061035156,357.0220031738281
train,6477,290.0,303.74591064453125
train,4903,288.29998779296875,291.75347900390625
train,5717,390.8999938964844,401.1029357910156
train,8662,278.79998779296875,285.2069091796875
train,7355,347.8999938964844,365.1775207519531
train,7310,339.6000061035156,362.9543151855469
train,4502,371.70001220703125,396.15313720703125
train,7102,213.60000610351562,232.45773315429688
train,199,503.70001220703125,483.0731201171875
train,7822,421.20001220703125,373.5916442871094
train,7067,378.79998779296875,362.880126953125
train,4370,352.0,336.62493896484375
train,2205,374.70001220703125,310.9505920410156
train,1722,325.8999938964844,326.3355712890625
train,4583,405.6000061035156,371.81231689453125
train,4034,835.0999755859375,769.1173706054688
train,2701,454.8999938964844,447.6636657714844
train,3996,302.3999938964844,305.5454406738281
train,7045,261.79998779296875,272.83172607421875
train,7775,735.0999755859375,721.092041015625
train,2111,296.79998779296875,287.16375732421875
train,5016,818.9000244140625,749.19189453125
train,7157,721.2000122070312,686.5894775390625
train,379,504.0,500.17584228515625
train,2331,422.0,400.2580261230469
train,4030,454.1000061035156,452.79046630859375
train,4921,499.70001220703125,487.24334716796875
train,8486,412.20001220703125,403.8915710449219
train,977,833.9000244140625,819.5321655273438
train,4343,240.6999969482422,225.1212615966797
train,213,310.79998779296875,304.94329833984375
train,8495,822.2999877929688,783.100830078125
train,1187,244.60000610351562,258.18255615234375
train,5743,317.8999938964844,304.15618896484375
train,702,537.5999755859375,570.02587890625
train,3045,312.8999938964844,277.36932373046875
train,7752,397.0,398.29547119140625
train,7185,321.5,300.014892578125
train,4889,751.9000244140625,726.8873291015625
train,5707,268.79998779296875,299.19818115234375
train,3692,254.60000610351562,252.6891326904297
train,5519,449.29998779296875,435.8061218261719
train,8140,459.6000061035156,457.03729248046875
train,4255,320.70001220703125,323.35137939453125
train,5216,316.5,307.9498596191406
train,2843,340.5,351.7348937988281
train,6258,312.79998779296875,314.23138427734375
train,1339,463.1000061035156,467.470947265625
train,1628,407.0,372.713623046875
train,3884,300.70001220703125,312.42987060546875
train,7320,435.1000061035156,476.39056396484375
train,2216,311.3999938964844,309.8907470703125
train,556,299.70001220703125,302.3476257324219
train,5864,473.3999938964844,457.28729248046875
train,4224,274.8999938964844,280.7216796875
train,6411,413.20001220703125,452.88116455078125
train,5377,343.79998779296875,370.6361389160156
train,1003,626.9000244140625,621.8721313476562
train,3495,301.5,326.0650634765625
train,2054,518.5999755859375,495.84088134765625
train,2835,443.0,407.48486328125
train,997,504.20001220703125,470.80084228515625
train,3888,678.7999877929688,675.9232788085938
train,473,415.6000061035156,438.3892822265625
train,5549,362.8999938964844,369.04302978515625
train,4482,265.6000061035156,229.69569396972656
train,369,333.6000061035156,326.390625
train,8571,750.9000244140625,792.1744995117188
train,1833,300.70001220703125,302.9013671875
train,168,415.0,441.62506103515625
train,6164,372.6000061035156,360.460693359375
train,4814,270.5999755859375,270.86737060546875
train,5941,522.0,526.2438354492188
train,701,297.3999938964844,296.6636962890625
train,7541,328.79998779296875,326.5055236816406
train,7553,245.0,261.1523132324219
train,5124,426.3999938964844,400.9731750488281
train,2345,757.7000122070312,771.0172119140625
train,1331,379.1000061035156,386.96185302734375
train,2355,256.79998779296875,235.40097045898438
train,2589,395.70001220703125,415.7873840332031
train,5792,559.2999877929688,517.1356811523438
train,4941,886.2000122070312,866.3101196289062
train,2194,550.4000244140625,523.9219360351562
train,1723,418.79998779296875,396.7052307128906
train,6460,375.6000061035156,383.7066955566406
train,1377,314.20001220703125,296.097900390625
train,8067,252.89999389648438,263.389404296875
train,3316,369.20001220703125,382.6097717285156
train,5575,383.0,383.8384704589844
train,658,292.8999938964844,297.19708251953125
train,1936,353.0,359.927490234375
train,2441,295.79998779296875,285.1654052734375
train,3547,374.29998779296875,359.90447998046875
train,5846,484.29998779296875,489.6919860839844
train,6346,701.2000122070312,693.1428833007812
train,6379,756.2000122070312,731.3814697265625
train,8560,294.3999938964844,265.9893493652344
train,4753,293.1000061035156,316.7214660644531
train,509,379.70001220703125,362.8553466796875
train,2045,283.8999938964844,310.1056213378906
train,8385,683.7000122070312,651.9771728515625
train,7187,504.6000061035156,488.9172668457031
train,2806,786.0,737.6138916015625
train,2127,263.6000061035156,249.92413330078125
train,4622,512.2999877929688,476.2307434082031
train,4867,379.3999938964844,355.46337890625
train,4278,332.8999938964844,345.2924499511719
train,6078,799.0999755859375,731.5067749023438
train,3031,302.8999938964844,312.49688720703125
train,1925,588.2000122070312,631.6199340820312
train,3432,310.79998779296875,304.24188232421875
train,985,472.29998779296875,458.6163024902344
train,5143,517.2000122070312,501.6217346191406
train,3458,539.9000244140625,521.3538208007812
train,7360,384.20001220703125,382.13665771484375
train,3775,349.0,336.7499084472656
train,6800,296.3999938964844,320.2685546875
train,26,462.79998779296875,428.28851318359375
train,784,361.0,378.11102294921875
train,6916,368.70001220703125,359.37335205078125
train,269,389.70001220703125,374.8802185058594
train,3120,453.3999938964844,423.0190124511719
train,5360,423.29998779296875,409.03826904296875
train,459,439.1000061035156,422.45758056640625
train,5361,475.3999938964844,429.9699401855469
train,4024,828.0,862.86865234375
train,5134,590.4000244140625,565.9058837890625
train,3485,398.20001220703125,390.70947265625
train,5604,408.79998779296875,386.0022888183594
train,4261,287.8999938964844,290.1441650390625
train,7409,260.5,269.97222900390625
train,4392,659.4000244140625,681.7981567382812
train,2579,477.5,473.9615173339844
train,1517,312.79998779296875,309.69439697265625
train,7103,391.1000061035156,360.8945007324219
train,6220,387.0,374.62457275390625
train,3088,466.3999938964844,415.50531005859375
train,5661,355.20001220703125,353.8968200683594
train,6560,369.79998779296875,368.8136291503906
train,4634,370.1000061035156,349.2380676269531
train,7739,341.29998779296875,346.1617736816406
train,109,505.70001220703125,505.6032409667969
train,8295,624.2999877929688,664.8142700195312
train,6240,688.5,695.613037109375
train,872,566.2999877929688,572.6168212890625
train,7765,814.0,807.519775390625
train,3560,415.5,403.3068542480469
train,4978,418.1000061035156,404.1910400390625
train,2581,335.29998779296875,308.4383544921875
train,3598,677.2999877929688,713.4722900390625
train,8660,254.20001220703125,269.1959228515625
train,4440,599.2000122070312,598.4257202148438
train,8008,564.4000244140625,566.2374877929688
train,7810,305.20001220703125,302.8410339355469
train,7082,455.1000061035156,464.4600524902344
train,548,267.20001220703125,288.1214904785156
train,8346,268.29998779296875,303.58892822265625
train,5971,357.70001220703125,326.5009765625
train,7617,567.7999877929688,594.775634765625
train,5633,369.20001220703125,338.67425537109375
train,3410,331.79998779296875,330.25384521484375
train,1086,623.4000244140625,630.5423583984375
train,3999,380.70001220703125,369.82232666015625
train,1731,330.29998779296875,323.0384521484375
train,266,334.8999938964844,314.10308837890625
train,7516,330.20001220703125,316.9287414550781
train,2473,253.39999389648438,248.25279235839844
train,4003,419.29998779296875,387.20843505859375
train,6342,811.2000122070312,809.8395385742188
train,4556,554.2999877929688,587.8343505859375
train,6815,722.0,693.1300048828125
train,1337,323.8999938964844,325.0872802734375
train,4262,368.70001220703125,372.4991760253906
train,6485,534.2000122070312,554.9756469726562
train,7997,438.29998779296875,382.6424255371094
train,8692,402.20001220703125,384.9715576171875
train,7419,366.6000061035156,357.67132568359375
train,4488,296.8999938964844,294.93072509765625
train,766,293.0,273.666748046875
train,3383,365.1000061035156,347.28125
train,253,358.8999938964844,336.61639404296875
train,4008,569.5,513.4876708984375
train,3700,707.2999877929688,747.6610717773438
train,6867,405.6000061035156,355.31915283203125
train,4145,296.79998779296875,304.9718017578125
train,2641,404.0,414.3480529785156
train,7801,400.1000061035156,375.9154357910156
train,944,269.29998779296875,308.0615539550781
train,4881,423.0,407.1901550292969
train,6265,579.7999877929688,568.0418090820312
train,2395,482.1000061035156,479.522216796875
train,5848,388.3999938964844,369.314453125
train,4725,359.1000061035156,375.2639465332031
train,6332,355.79998779296875,344.9561462402344
train,7834,610.0,609.126708984375
train,532,279.1000061035156,293.48797607421875
train,7437,489.5,464.4165344238281
train,8075,415.0,415.4328308105469
train,6040,341.8999938964844,345.31488037109375
train,3025,267.29998779296875,266.0208740234375
train,6428,370.3999938964844,345.0297546386719
train,6301,520.2000122070312,540.8326416015625
train,8363,343.79998779296875,296.50201416015625
train,897,258.20001220703125,251.7464599609375
train,2637,353.20001220703125,325.04656982421875
train,5333,425.70001220703125,427.00408935546875
train,5927,273.0999755859375,272.39111328125
train,6191,324.79998779296875,295.6197509765625
train,7922,350.8999938964844,363.8630676269531
train,848,340.3999938964844,344.8597717285156
train,4872,415.5,447.3131103515625
train,3613,301.0,324.31500244140625
train,5303,325.0,308.33270263671875
train,6168,277.1000061035156,279.14349365234375
train,2848,356.5,363.9837951660156
train,5385,315.29998779296875,311.65716552734375
train,5502,284.1000061035156,304.4007873535156
train,1823,342.5,342.94012451171875
train,2188,292.5,278.4349365234375
train,4544,508.8999938964844,488.1363220214844
train,6608,802.2000122070312,797.4412841796875
train,6676,293.3999938964844,288.8659973144531
train,6070,313.8999938964844,320.6258850097656
train,6182,668.5999755859375,720.34912109375
train,2377,392.0,371.71966552734375
train,4604,498.1000061035156,518.77001953125
train,1396,217.1999969482422,234.56185913085938
train,5319,432.5,434.7109375
train,5236,529.7000122070312,535.01806640625
train,7128,391.79998779296875,403.0544738769531
train,5557,511.3999938964844,489.55120849609375
train,2436,385.5,375.94952392578125
train,5274,445.0,439.0548095703125
train,818,309.5,302.2008972167969
train,4894,522.7000122070312,538.1305541992188
train,2435,255.60000610351562,258.20245361328125
train,3596,251.60000610351562,249.10165405273438
train,3847,368.79998779296875,371.62603759765625
train,8468,364.1000061035156,345.94390869140625
train,5414,483.1000061035156,494.20660400390625
train,55,345.70001220703125,335.6451416015625
train,6968,328.3999938964844,302.9317932128906
train,222,457.20001220703125,460.9432067871094
train,6559,633.2000122070312,626.5531616210938
train,4236,815.5999755859375,804.4351806640625
train,7750,907.2999267578125,867.0994262695312
train,7667,325.1000061035156,315.81243896484375
train,4244,438.8999938964844,424.6794128417969
train,4863,503.0,482.4054870605469
train,5320,420.29998779296875,416.71954345703125
train,2946,381.79998779296875,333.3035583496094
train,3866,258.5,267.35430908203125
train,8246,636.2999877929688,667.2605590820312
train,2781,452.0,432.6370544433594
train,2243,207.89999389648438,233.0303955078125
train,7491,437.70001220703125,404.04119873046875
train,4138,352.79998779296875,352.0048828125
train,3555,636.5,651.83251953125
train,5463,352.5,325.9931945800781
train,5780,438.8999938964844,403.0810546875
train,2703,406.8999938964844,402.4786682128906
train,1303,382.1000061035156,360.14501953125
train,544,712.4000244140625,699.0211791992188
train,3990,328.3999938964844,332.947021484375
train,2182,529.7999877929688,519.60400390625
train,4140,415.20001220703125,417.974609375
train,4250,511.70001220703125,493.1470642089844
train,5059,398.79998779296875,390.4670715332031
train,6453,250.8000030517578,245.3199005126953
train,8149,537.7000122070312,510.09942626953125
train,1980,803.0,772.7718505859375
train,3406,509.29998779296875,521.9246826171875
train,1434,381.6000061035156,393.5077819824219
train,4854,728.5999755859375,730.05322265625
train,2758,305.6000061035156,291.17333984375
train,4002,395.6000061035156,390.279296875
train,8635,343.0,356.2872314453125
train,376,567.2000122070312,558.4135131835938
train,1665,411.1000061035156,423.9749755859375
train,6626,823.9000244140625,813.05712890625
train,5970,543.7000122070312,537.6386108398438
train,390,650.7000122070312,658.5743408203125
train,8248,308.6000061035156,295.83544921875
train,5471,415.8999938964844,389.40484619140625
train,1667,344.70001220703125,347.96112060546875
train,7442,314.3999938964844,286.9949951171875
train,7115,575.2999877929688,570.944580078125
train,564,400.3999938964844,397.19403076171875
train,5491,460.79998779296875,477.38714599609375
train,7195,262.79998779296875,237.6225128173828
train,1395,340.70001220703125,358.63751220703125
train,3857,485.6000061035156,473.8414001464844
train,315,603.0999755859375,597.0840454101562
train,3447,378.6000061035156,312.7635803222656
train,8529,359.8999938964844,333.5303955078125
train,6074,298.6000061035156,297.82916259765625
train,6227,700.4000244140625,712.2279052734375
train,4934,252.59999084472656,254.3422088623047
train,8502,490.0,481.00457763671875
train,987,309.70001220703125,321.8819580078125
train,58,448.8999938964844,440.4412841796875
train,8454,866.9000244140625,849.22021484375
train,7316,292.79998779296875,323.3668212890625
train,5696,603.5999755859375,569.9043579101562
train,744,300.3999938964844,280.2812805175781
train,2747,283.0,298.2605285644531
train,5069,345.6000061035156,308.60247802734375
train,8420,653.7999877929688,625.649658203125
train,7700,252.3000030517578,277.4468078613281
train,7552,708.9000244140625,649.1692504882812
train,7499,325.20001220703125,299.1485595703125
train,5034,253.10000610351562,283.4947509765625
train,7254,785.199951171875,782.8037109375
train,1794,324.0,318.51934814453125
train,4121,334.70001220703125,339.85516357421875
train,2592,390.8999938964844,372.6996154785156
train,5931,327.6000061035156,326.31781005859375
train,8642,343.6000061035156,330.9391784667969
train,3682,645.5,611.988525390625
train,6671,653.2999877929688,651.7557373046875
train,5335,382.79998779296875,375.9606018066406
train,4400,262.0,271.8560485839844
train,5988,314.20001220703125,294.74798583984375
train,4294,305.70001220703125,294.91815185546875
train,3313,382.8999938964844,359.4110412597656
train,8200,440.29998779296875,464.2286376953125
train,1040,442.5,443.93017578125
train,4656,286.5,268.876220703125
train,7474,436.0,442.07379150390625
train,5983,447.29998779296875,426.2253723144531
train,2621,670.7000122070312,651.7623291015625
train,1140,337.6000061035156,320.4322204589844
train,2554,302.79998779296875,297.4637756347656
train,587,333.29998779296875,341.801513671875
train,4150,667.5,668.5296020507812
train,1321,372.8999938964844,378.98370361328125
train,2332,255.0,276.640869140625
train,7864,397.29998779296875,381.3310241699219
train,4533,429.70001220703125,430.88958740234375
train,7019,328.20001220703125,310.8514709472656
train,8437,465.1000061035156,432.4093017578125
train,1246,696.7999877929688,643.0435791015625
train,7670,246.00001525878906,246.304931640625
train,3233,391.70001220703125,382.8890075683594
train,5136,289.8999938964844,307.689697265625
train,7105,290.70001220703125,273.6168212890625
train,2779,467.5,445.56549072265625
train,252,349.0,327.04449462890625
train,912,392.79998779296875,369.21435546875
train,1172,308.8999938964844,320.1844787597656
train,2580,458.5,454.62884521484375
train,8199,452.70001220703125,408.0524597167969
train,8004,524.7000122070312,514.1165161132812
train,7785,456.79998779296875,447.6492919921875
train,8180,698.2999877929688,697.593505859375
train,2087,821.2999877929688,842.39111328125
train,3769,395.29998779296875,391.44677734375
train,8268,410.70001220703125,368.9429931640625
train,5783,465.70001220703125,449.904296875
train,8384,282.20001220703125,312.4436340332031
train,2081,445.6000061035156,449.9897766113281
train,7392,436.29998779296875,412.8375244140625
train,2763,573.5,555.8804931640625
train,1468,627.0999755859375,611.5302734375
train,5045,513.4000244140625,498.50518798828125
train,4239,652.2000122070312,633.8382568359375
train,6993,396.20001220703125,410.6602478027344
train,3536,388.0,356.72802734375
train,4901,380.79998779296875,405.8403015136719
train,3197,378.1000061035156,368.05419921875
train,4081,227.39999389648438,229.54638671875
train,6165,514.0,522.6336059570312
train,3655,606.2999877929688,594.879638671875
train,7043,346.1000061035156,364.9410095214844
train,60,793.9000244140625,781.110107421875
train,2230,432.70001220703125,371.620849609375
train,7234,376.3999938964844,366.1717529296875
train,4735,447.6000061035156,443.12725830078125
train,4716,213.39999389648438,221.98313903808594
train,4085,449.79998779296875,433.0028076171875
train,2060,262.79998779296875,273.6462707519531
train,3020,383.6000061035156,353.0041198730469
train,5273,404.70001220703125,420.6961669921875
train,246,320.8999938964844,300.54931640625
train,7613,578.2999877929688,572.6983032226562
train,1029,240.10000610351562,253.66053771972656
train,180,416.3999938964844,406.4045715332031
train,184,749.5,762.203857421875
train,2643,480.5,476.18939208984375
train,3568,267.5,279.57806396484375
train,2513,233.10000610351562,243.18313598632812
train,3864,471.3999938964844,446.6341857910156
train,2009,631.0,603.814697265625
train,228,364.0,346.765625
train,6930,254.8999786376953,261.64593505859375
train,851,364.29998779296875,372.647705078125
train,49,376.0,360.85235595703125
train,141,827.0,799.1994018554688
train,3055,596.2999877929688,569.1328125
train,3881,701.5,688.262939453125
train,8606,309.29998779296875,353.6412353515625
train,1313,490.20001220703125,476.4493103027344
train,3594,358.70001220703125,366.20245361328125
train,4280,324.29998779296875,334.5663146972656
train,7867,509.3999938964844,491.3431701660156
train,4197,424.5,389.6846618652344
train,2739,443.5,426.30126953125
train,254,393.70001220703125,385.1258544921875
train,6545,434.1000061035156,432.086181640625
train,4071,415.70001220703125,436.3059387207031
train,7288,434.8999938964844,416.2972106933594
train,878,641.5,637.2369995117188
train,7400,315.3999938964844,331.9864807128906
train,602,261.79998779296875,287.89227294921875
train,7637,322.6000061035156,302.1475524902344
train,5255,383.0,385.2991943359375
train,5499,408.1000061035156,397.6701354980469
train,6270,294.29998779296875,271.97662353515625
train,4953,385.29998779296875,394.5033264160156
train,5077,346.70001220703125,328.55438232421875
train,1678,254.60000610351562,278.2537841796875
train,8215,437.1000061035156,437.96575927734375
train,7746,241.89999389648438,277.4905700683594
train,6781,246.00001525878906,283.45574951171875
train,4699,652.2000122070312,589.663330078125
train,2688,284.79998779296875,312.706298828125
train,3098,314.79998779296875,296.07177734375
train,3078,410.0,416.57867431640625
train,3767,288.1000061035156,267.10003662109375
train,7680,416.20001220703125,389.36578369140625
train,1933,590.5999755859375,553.1592407226562
train,5073,367.29998779296875,381.32977294921875
train,6441,497.1000061035156,503.8344421386719
train,5393,321.20001220703125,301.92034912109375
train,909,435.0,440.82501220703125
train,953,345.3999938964844,360.97296142578125
train,5482,372.29998779296875,329.2088623046875
train,6375,419.0,406.11480712890625
train,5289,473.20001220703125,492.9008483886719
train,3553,316.1000061035156,301.5920715332031
train,7926,319.20001220703125,325.8714294433594
train,7925,376.3999938964844,354.3118896484375
train,6808,337.0,314.6576843261719
train,7132,564.2999877929688,545.2998046875
train,7156,276.6000061035156,290.8353271484375
train,8293,484.20001220703125,447.7454528808594
train,164,325.20001220703125,333.43096923828125
train,6126,415.79998779296875,371.4809875488281
train,8294,508.0,517.9113159179688
train,2523,483.8999938964844,490.5243225097656
train,1588,397.3999938964844,366.4013977050781
train,8651,301.79998779296875,333.568115234375
train,3821,402.79998779296875,415.623291015625
train,3107,382.0,367.41656494140625
train,7298,283.6000061035156,287.0567932128906
train,932,472.3999938964844,446.440673828125
train,8262,289.6000061035156,295.42816162109375
train,5067,326.6000061035156,341.5978088378906
train,6391,282.29998779296875,306.6657409667969
train,6661,385.6000061035156,392.59814453125
train,2854,332.29998779296875,343.6075439453125
train,4412,345.29998779296875,312.3421630859375
train,679,598.2000122070312,622.5737915039062
train,6200,289.6000061035156,296.552490234375
train,6023,459.1000061035156,459.37042236328125
train,6142,637.0,597.6359252929688
train,2636,339.79998779296875,319.55279541015625
train,4754,532.4000244140625,513.4205322265625
train,2861,479.8999938964844,429.02886962890625
train,6865,658.7999877929688,717.940185546875
train,5552,361.70001220703125,342.1226806640625
train,7543,342.20001220703125,317.529296875
train,1688,295.8999938964844,294.4292297363281
train,505,778.0999755859375,766.6156005859375
train,830,539.4000244140625,511.9617919921875
train,4047,431.5,400.7281494140625
train,1462,339.1000061035156,344.8734130859375
train,3014,861.7000732421875,773.4819946289062
train,1609,301.20001220703125,288.5921936035156
train,3787,291.5,299.9468688964844
train,4442,295.70001220703125,288.6408996582031
train,1419,396.1000061035156,387.1815490722656
train,4948,334.1000061035156,343.3076477050781
train,6475,660.7999877929688,644.0047607421875
train,4238,319.70001220703125,309.94073486328125
train,6146,300.70001220703125,313.83575439453125
train,1203,415.29998779296875,420.73541259765625
train,7923,337.6000061035156,333.3463134765625
train,4704,397.6000061035156,365.3603820800781
train,6683,470.79998779296875,460.49462890625
train,6336,340.5,311.91949462890625
train,1659,532.5999755859375,540.6536865234375
train,7452,304.5,293.85296630859375
train,399,292.3999938964844,294.16668701171875
train,4996,361.0,334.2117614746094
train,3531,430.5,445.56878662109375
train,2547,386.3999938964844,407.30120849609375
train,726,480.5,467.89849853515625
train,2790,374.5,380.6158142089844
train,4217,567.0999755859375,596.8969116210938
train,2868,243.39999389648438,273.6150817871094
train,6892,382.8999938964844,403.2430419921875
train,4573,729.4000244140625,733.1412963867188
train,3125,466.79998779296875,463.8521423339844
train,3335,375.1000061035156,409.19287109375
train,6730,427.20001220703125,435.45452880859375
train,8565,462.6000061035156,439.8501892089844
train,791,315.70001220703125,339.226806640625
train,7375,383.70001220703125,387.45538330078125
train,1602,318.3999938964844,319.8854675292969
train,8225,442.5,444.1685485839844
train,3024,557.7999877929688,525.8933715820312
train,2418,330.5,312.65960693359375
train,3713,579.0999755859375,590.3832397460938
train,6841,865.7000122070312,832.8367919921875
train,8567,292.0,282.2637939453125
train,5697,270.5,264.83587646484375
train,8198,468.1000061035156,455.2791748046875
train,5040,460.6000061035156,459.1860656738281
train,7207,349.6000061035156,338.0596008300781
train,1458,358.8999938964844,346.0919494628906
train,2288,394.1000061035156,394.5509338378906
train,2656,467.3999938964844,483.63128662109375
train,5132,311.70001220703125,331.48126220703125
train,1733,485.3999938964844,425.3506164550781
train,1459,284.8999938964844,286.210205078125
train,8464,518.0999755859375,470.6187438964844
train,4633,314.3999938964844,315.87005615234375
train,2028,276.6000061035156,304.85626220703125
train,5431,419.0,374.2470703125
train,3428,309.0,306.30682373046875
train,7265,330.5,338.91357421875
train,1195,310.20001220703125,324.76898193359375
train,4240,285.0,281.53302001953125
train,7585,247.1999969482422,234.81851196289062
train,7515,487.29998779296875,400.44903564453125
train,5909,419.20001220703125,400.5740966796875
train,5709,405.0,400.89697265625
train,2709,343.5,353.9999084472656
train,4089,494.5,483.7711486816406
train,3218,723.5999755859375,722.801513671875
train,2906,363.29998779296875,357.4400329589844
train,152,266.20001220703125,302.9456787109375
train,964,398.0,389.5635070800781
train,2927,306.29998779296875,295.5206298828125
train,464,627.2000122070312,615.1837158203125
train,5695,319.70001220703125,309.1885986328125
train,5218,247.59999084472656,261.38385009765625
train,8534,312.6000061035156,317.05194091796875
train,4493,316.8999938964844,328.9169616699219
train,2174,459.20001220703125,424.4223937988281
train,1213,520.2000122070312,522.6925048828125
train,4364,367.70001220703125,351.1596984863281
train,945,488.8999938964844,462.0302734375
train,8513,708.4000244140625,689.94677734375
train,2503,216.60000610351562,232.0775604248047
train,5892,341.8999938964844,346.62701416015625
train,1737,471.20001220703125,473.5716247558594
train,5693,292.20001220703125,300.76507568359375
train,6748,503.70001220703125,504.32806396484375
train,3186,479.6000061035156,447.9607849121094
train,300,268.3999938964844,260.4851989746094
train,6167,678.5,687.812744140625
train,7959,520.4000244140625,525.9887084960938
train,8216,377.5,384.72308349609375
train,7321,504.6000061035156,471.6064758300781
train,7251,347.3999938964844,328.7147216796875
train,1605,338.3999938964844,341.5959167480469
train,3543,547.0999755859375,544.1424560546875
train,2990,293.0,298.7080078125
train,6785,340.8999938964844,321.50872802734375
train,6449,657.4000244140625,627.3238525390625
train,258,479.1000061035156,478.365234375
train,8009,527.9000244140625,522.84375
train,4638,657.7999877929688,673.8280639648438
train,5305,383.3999938964844,352.1744384765625
train,3347,343.79998779296875,319.46343994140625
train,1898,362.5,360.73162841796875
train,1844,315.8999938964844,312.3876953125
train,6964,281.20001220703125,278.9526672363281
train,6079,544.9000244140625,482.0113525390625
train,356,688.0,692.3834228515625
train,2037,347.0,388.6240539550781
train,5962,353.1000061035156,309.2236328125
train,598,268.8999938964844,289.29345703125
train,563,290.1000061035156,295.6295166015625
train,3933,487.20001220703125,503.18359375
train,2582,799.7999267578125,758.089111328125
train,5904,363.20001220703125,368.4456787109375
train,916,521.0999755859375,512.2281494140625
train,553,568.7000122070312,594.6921997070312
train,6849,481.29998779296875,507.43902587890625
train,3413,664.7999877929688,635.2349853515625
train,3267,334.3999938964844,328.51849365234375
train,7038,410.79998779296875,424.45587158203125
train,6791,482.70001220703125,471.7607421875
train,5392,317.5,317.86627197265625
train,3241,270.70001220703125,270.408935546875
train,2962,358.20001220703125,359.7085266113281
train,5828,307.0,294.3778991699219
train,8710,315.29998779296875,298.0865478515625
train,569,379.70001220703125,387.204345703125
train,1471,361.70001220703125,325.525390625
train,4158,266.1000061035156,259.7335205078125
train,1254,266.20001220703125,287.88665771484375
train,4265,239.6999969482422,243.2762908935547
train,4376,478.0,462.4280090332031
train,2784,362.0,371.7173767089844
train,4395,385.70001220703125,331.23944091796875
train,2150,386.0,396.1340026855469
train,7517,478.29998779296875,484.104248046875
train,4855,305.0,316.36724853515625
train,1408,283.20001220703125,268.079345703125
train,914,822.2999877929688,829.63818359375
train,6659,753.5999755859375,775.6785888671875
train,3277,544.5,535.4409790039062
train,7306,286.1000061035156,292.99029541015625
train,3880,475.20001220703125,482.6829833984375
train,7028,210.60000610351562,226.58810424804688
train,1872,382.70001220703125,421.1815490722656
train,4825,386.79998779296875,401.84326171875
train,3546,285.79998779296875,304.1709899902344
train,260,252.8000030517578,254.99932861328125
train,4787,321.79998779296875,334.8761901855469
train,666,345.20001220703125,318.337646484375
train,211,414.20001220703125,413.7811584472656
train,3541,243.0,253.03570556640625
train,1450,477.3999938964844,455.6590270996094
train,7158,460.5,436.3232421875
train,8675,329.8999938964844,336.88775634765625
train,1275,276.79998779296875,309.75042724609375
train,3554,419.0,434.0442810058594
train,7209,337.8999938964844,313.01483154296875
train,921,737.7000122070312,724.037841796875
train,8528,455.5,425.4551696777344
train,2646,545.7999877929688,556.922607421875
train,2209,253.39999389648438,240.29185485839844
train,5191,294.6000061035156,287.23370361328125
train,4902,373.1000061035156,369.1327209472656
train,1780,611.5999755859375,620.52685546875
train,4923,326.0,331.3314208984375
train,7091,347.5,309.9688720703125
train,2794,278.10003662109375,306.775390625
train,8243,288.29998779296875,310.8896484375
train,939,390.1000061035156,388.27093505859375
train,1752,478.29998779296875,528.0961303710938
train,318,407.20001220703125,389.8778991699219
train,4849,344.1000061035156,342.67657470703125
train,3312,490.6000061035156,493.69915771484375
train,7912,335.70001220703125,335.5295104980469
train,8410,325.29998779296875,311.40460205078125
train,1278,724.0999755859375,640.95849609375
train,3971,810.0,830.0509643554688
train,2316,413.0,420.50140380859375
train,7527,414.6000061035156,419.6778564453125
train,4134,589.9000244140625,582.40576171875
train,5932,792.4000244140625,777.7369384765625
train,1299,436.1000061035156,471.71661376953125
train,134,269.20001220703125,278.58599853515625
train,5912,401.29998779296875,413.06683349609375
train,657,486.6000061035156,485.3167419433594
train,1952,299.6000061035156,298.7488098144531
train,6020,638.4000244140625,611.9808959960938
train,2751,374.20001220703125,380.3657531738281
train,6915,492.29998779296875,479.8446044921875
train,3064,423.6000061035156,377.59893798828125
train,6702,565.0999755859375,599.0121459960938
train,6037,556.0999755859375,531.4862060546875
train,6000,382.0,363.8424987792969
train,6286,524.5,503.5156555175781
train,2718,212.89999389648438,234.9178924560547
train,6618,270.20001220703125,281.7975158691406
train,3091,257.20001220703125,261.3518981933594
train,5381,273.6000061035156,277.59136962890625
train,6992,347.79998779296875,347.952392578125
train,7275,435.3999938964844,424.7093811035156
train,4182,281.5,287.6766052246094
train,7228,597.2000122070312,586.92333984375
train,4297,399.20001220703125,370.9390869140625
train,3661,324.20001220703125,354.6985778808594
train,5076,304.5,314.951904296875
train,4733,235.5,254.95269775390625
train,5886,303.6000061035156,293.33935546875
train,4784,400.3999938964844,385.5572814941406
train,2357,938.4000244140625,856.8331298828125
train,4846,356.3999938964844,366.0508728027344
train,4523,387.1000061035156,346.9082946777344
train,5565,253.6999969482422,269.46343994140625
train,894,474.8999938964844,486.4526062011719
train,6605,379.3999938964844,367.65985107421875
train,504,715.0,687.4722900390625
train,546,423.1000061035156,423.71966552734375
train,8223,256.5,238.9677276611328
train,66,532.2999877929688,503.4256286621094
train,2606,578.0999755859375,570.1214599609375
train,8116,384.5,386.759033203125
train,1566,420.0,424.4545593261719
train,407,437.79998779296875,452.2810363769531
train,5861,384.8999938964844,391.4879150390625
train,3642,433.0,418.99993896484375
train,3618,776.7999877929688,777.813232421875
train,3637,389.5,388.44677734375
train,8700,350.6000061035156,362.1451721191406
train,6650,393.79998779296875,405.4696350097656
train,6797,397.20001220703125,339.70416259765625
train,2458,323.3999938964844,330.3204040527344
train,6298,420.5,399.9265441894531
train,645,343.70001220703125,325.1871337890625
train,5307,645.4000244140625,600.4447631835938
train,754,366.1000061035156,371.9533996582031
train,4206,273.70001220703125,287.84844970703125
train,5963,258.70001220703125,247.47244262695312
train,1654,266.70001220703125,299.4835205078125
train,449,316.20001220703125,322.8628234863281
train,4299,392.5,395.6145324707031
train,4668,454.1000061035156,434.14013671875
train,6554,271.29998779296875,288.0746765136719
train,6951,510.79998779296875,481.2902526855469
train,734,338.0,384.26190185546875
train,3156,389.20001220703125,391.63470458984375
train,7519,388.5,360.2100830078125
train,4731,363.79998779296875,334.2112121582031
train,834,409.79998779296875,396.5695495605469
train,3392,767.5999755859375,780.1650390625
train,6352,485.79998779296875,464.50726318359375
train,547,320.70001220703125,313.7853088378906
train,2282,316.5,313.64447021484375
train,600,253.89999389648438,274.67083740234375
train,2442,484.29998779296875,501.7496643066406
train,7577,366.5,362.0166015625
train,7602,352.70001220703125,341.93304443359375
train,5936,411.3999938964844,396.9822692871094
train,6587,627.2999877929688,646.9822387695312
train,2343,288.6000061035156,279.8624572753906
train,6481,410.0,368.4986877441406
train,6432,299.20001220703125,297.81146240234375
train,3456,287.5,289.44476318359375
train,7427,390.79998779296875,374.33026123046875
train,2712,840.7999267578125,855.1136474609375
train,4194,403.6000061035156,364.4647216796875
train,371,508.70001220703125,485.84173583984375
train,10,353.6000061035156,377.7279052734375
train,5642,366.29998779296875,385.6048889160156
train,3802,323.1000061035156,307.76715087890625
train,7020,346.79998779296875,349.3253479003906
train,674,296.0,287.7702331542969
train,2829,473.29998779296875,485.87799072265625
train,6896,459.5,399.21923828125
train,1049,451.1000061035156,447.7674560546875
train,5809,715.0999755859375,718.530029296875
train,5446,332.0,314.70428466796875
train,8548,382.79998779296875,356.9908142089844
train,1133,455.6000061035156,464.24932861328125
train,4458,406.5,377.7454833984375
train,2777,284.29998779296875,288.9774169921875
train,5654,386.79998779296875,384.2657470703125
train,8172,562.2000122070312,548.4407958984375
train,7627,347.3999938964844,344.14483642578125
train,7116,415.70001220703125,410.0754089355469
train,1959,490.20001220703125,471.9911804199219
train,539,310.6000061035156,301.06787109375
train,6572,509.5,505.1640930175781
train,8052,343.79998779296875,352.0611572265625
train,4276,624.7000122070312,633.235595703125
train,659,370.70001220703125,342.00421142578125
train,690,270.0,264.420166015625
train,6515,286.0,290.30389404296875
train,1150,241.1999969482422,236.52047729492188
train,6725,476.5,463.01123046875
train,2569,437.3999938964844,433.6942138671875
train,1788,681.5999755859375,676.2400512695312
train,3237,598.2999877929688,613.1824951171875
train,1587,522.0999755859375,509.40179443359375
train,5176,446.5,427.2647705078125
train,3973,546.5999755859375,543.9882202148438
train,378,244.89999389648438,288.1825256347656
train,3575,281.0,275.267333984375
train,4751,594.4000244140625,593.0219116210938
train,2571,367.5,335.1768798828125
train,7852,394.1000061035156,403.62371826171875
train,7124,343.20001220703125,329.47137451171875
train,8473,348.29998779296875,332.5842590332031
train,1502,403.70001220703125,420.7098083496094
train,6954,387.20001220703125,355.88739013671875
train,4211,716.0999755859375,743.54296875
train,7589,361.29998779296875,368.8149108886719
train,7744,540.2999877929688,550.201416015625
train,7284,494.6000061035156,499.35528564453125
train,5280,366.5,357.98052978515625
train,2405,346.20001220703125,325.8244934082031
train,4486,264.79998779296875,260.7076721191406
train,1374,366.0,360.70355224609375
train,7347,414.5,391.3184509277344
train,51,787.5,817.5172729492188
train,2328,275.5,281.5030517578125
train,2141,273.5,282.451171875
train,6306,323.20001220703125,314.49603271484375
train,1778,641.2999877929688,626.5048217773438
train,4711,810.5,764.644775390625
train,4729,644.7999877929688,651.3619995117188
train,5350,352.6000061035156,344.0198669433594
train,3440,450.5,441.2277526855469
train,8068,453.6000061035156,481.6430358886719
train,7975,410.70001220703125,415.6315612792969
train,7149,413.20001220703125,367.2972412109375
train,7620,326.6000061035156,329.8260498046875
train,4452,581.4000244140625,564.7491455078125
train,1201,306.70001220703125,311.41558837890625
train,1736,378.5,367.74432373046875
train,1492,363.6000061035156,363.1438903808594
train,1126,348.1000061035156,347.3360595703125
train,7117,402.8999938964844,405.25653076171875
train,7324,632.4000244140625,620.6585083007812
train,6059,426.0,422.382568359375
train,4597,501.6000061035156,483.513916015625
train,1608,311.5,325.13775634765625
train,981,361.70001220703125,339.95355224609375
train,7669,345.79998779296875,331.9908447265625
train,5896,282.6000061035156,295.39007568359375
train,8644,304.1000061035156,305.3909912109375
train,4818,346.70001220703125,311.4652404785156
train,2814,335.0,325.5638122558594
train,8556,283.3999938964844,276.38067626953125
train,831,483.70001220703125,494.14654541015625
train,6215,294.1000061035156,302.7765808105469
train,2909,323.6000061035156,310.393798828125
train,6271,218.1999969482422,240.55101013183594
train,1322,302.1000061035156,300.19256591796875
train,2024,258.29998779296875,239.56211853027344
train,7658,368.20001220703125,326.0189514160156
train,4119,258.8999938964844,240.70361328125
train,8055,824.7000122070312,827.6605224609375
train,2680,610.9000244140625,617.0796508789062
train,6387,397.3999938964844,355.257080078125
train,8559,326.79998779296875,332.8236083984375
train,6732,299.1000061035156,305.9335632324219
train,4411,319.79998779296875,314.81939697265625
train,7016,572.0,608.189697265625
train,1676,428.70001220703125,446.852294921875
train,3292,735.5,699.4309692382812
train,8658,509.6000061035156,530.550048828125
train,4645,594.9000244140625,568.2958984375
train,4313,432.0,448.86224365234375
train,2628,385.0,384.5699768066406
train,3285,321.5,307.05322265625
train,5757,522.9000244140625,537.4927978515625
train,3273,488.70001220703125,453.9093322753906
train,307,377.3999938964844,401.7032470703125
train,5094,422.1000061035156,386.6800231933594
train,6679,272.70001220703125,298.57196044921875
train,3701,396.29998779296875,380.0379638671875
train,8519,521.0,516.8516845703125
train,7736,212.10000610351562,247.86424255371094
train,6234,396.8999938964844,365.7394714355469
train,8724,634.0,626.9237670898438
train,6288,299.0,287.56396484375
train,235,387.70001220703125,373.06451416015625
train,107,282.6000061035156,276.7783203125
train,2724,577.7999877929688,587.3910522460938
train,534,401.20001220703125,341.0846862792969
train,6009,618.2000122070312,668.9488525390625
train,5008,399.29998779296875,400.7565002441406
train,979,306.8999938964844,309.39556884765625
train,8059,365.3999938964844,330.52655029296875
train,6450,365.1000061035156,351.42864990234375
train,908,361.0,379.754638671875
train,2520,329.1000061035156,340.0679931640625
train,7216,351.29998779296875,336.06292724609375
train,1505,621.9000244140625,632.1743774414062
train,8169,307.70001220703125,308.1085510253906
train,8518,400.20001220703125,381.0206604003906
train,4851,370.3999938964844,375.3102111816406
train,6361,286.0,286.381591796875
train,3029,416.79998779296875,394.123291015625
train,2875,509.0,514.1878662109375
train,2219,595.7000122070312,551.941162109375
train,5727,482.70001220703125,442.2284240722656
train,40,704.9000244140625,696.6448364257812
train,7633,378.20001220703125,356.8946533203125
train,5423,652.9000244140625,662.7130126953125
train,1480,703.7000122070312,662.4527587890625
train,725,713.5999755859375,695.89013671875
train,1790,350.1000061035156,347.14947509765625
train,5461,553.0,557.6146240234375
train,6420,411.3999938964844,397.88665771484375
train,822,582.9000244140625,593.9690551757812
train,2983,339.6000061035156,330.5752258300781
train,4086,455.0,456.69573974609375
train,4850,532.5999755859375,522.0682983398438
train,7845,483.8999938964844,472.2119140625
train,5459,309.20001220703125,275.5421142578125
train,4425,310.8999938964844,294.137451171875
train,3840,559.0999755859375,572.8671875
train,8137,408.8999938964844,408.1812744140625
train,2536,348.1000061035156,367.2693786621094
train,1288,704.4000244140625,671.3541259765625
train,5670,463.0,430.3477478027344
train,967,382.79998779296875,425.7353820800781
train,599,286.29998779296875,312.12939453125
train,8587,487.20001220703125,461.1370544433594
train,2043,381.1000061035156,350.80670166015625
train,5063,592.2000122070312,564.2601318359375
train,1285,460.5,439.201171875
train,4298,813.9000244140625,790.3370361328125
train,346,725.7999877929688,659.33203125
train,1882,570.7999877929688,556.143310546875
train,2464,379.8999938964844,359.0525207519531
train,4380,560.0,555.0502319335938
train,3154,417.79998779296875,395.994140625
train,8145,670.7000122070312,656.1509399414062
train,1098,350.3999938964844,356.1856689453125
train,7542,463.3999938964844,448.2220153808594
train,6694,277.79998779296875,313.6258544921875
train,3514,205.60000610351562,238.37295532226562
train,976,441.3999938964844,440.1053466796875
train,6075,341.0,332.14056396484375
train,4302,430.6000061035156,404.05743408203125
train,3969,374.1000061035156,391.6864318847656
train,5177,247.3000030517578,240.95010375976562
train,4649,370.1000061035156,361.48138427734375
train,1671,241.89999389648438,274.52978515625
train,1550,235.10000610351562,233.34820556640625
train,1729,602.4000244140625,594.9129638671875
train,1807,393.5,389.313232421875
train,6427,647.7999877929688,630.177001953125
train,3810,347.29998779296875,362.6087646484375
train,8733,422.5,401.82550048828125
train,36,337.6000061035156,336.00018310546875
train,7955,270.1000061035156,279.07769775390625
train,3975,312.0,295.01416015625
train,3689,290.1000061035156,295.3128662109375
train,302,517.7000122070312,554.8013305664062
train,7902,525.9000244140625,514.07861328125
train,2501,262.3999938964844,258.85821533203125
train,4706,398.6000061035156,378.7886047363281
train,3566,315.5,270.8172607421875
train,1115,337.20001220703125,322.3298645019531
train,1111,598.5,630.31982421875
train,5230,615.0,597.6055297851562
train,717,276.1000061035156,256.26007080078125
train,5655,736.2999877929688,727.009521484375
train,3397,252.3999786376953,256.72381591796875
train,2303,492.79998779296875,466.90777587890625
train,882,276.6000061035156,294.9991455078125
train,8221,358.3999938964844,371.3350830078125
train,7794,583.2000122070312,592.10595703125
train,8515,337.8999938964844,343.58453369140625
train,2866,552.0,532.2401123046875
train,7586,276.5,278.69818115234375
train,297,322.6000061035156,307.1850280761719
train,5103,275.1000061035156,303.6582336425781
train,6001,262.29998779296875,287.51629638671875
train,8045,556.2999877929688,556.2354125976562
train,7547,733.2999267578125,729.3193359375
train,1886,453.29998779296875,414.2601623535156
train,8161,374.5,371.4877624511719
train,7484,357.8999938964844,346.4626770019531
train,5470,675.9000244140625,701.4318237304688
train,111,408.5,375.0458679199219
train,358,854.5999755859375,846.7547607421875
train,3731,448.1000061035156,418.06964111328125
train,2585,400.6000061035156,393.3147277832031
train,1347,673.7000122070312,714.4539794921875
train,3217,345.1000061035156,338.7114562988281
train,1831,345.3999938964844,312.3559265136719
train,1710,323.5,328.8364562988281
train,1090,336.0,320.0864562988281
train,6034,397.8999938964844,379.406005859375
train,4644,564.0,561.1236572265625
train,5287,526.0,484.75592041015625
train,5494,325.20001220703125,331.6917724609375
train,7818,349.3999938964844,366.8293762207031
train,5849,251.3000030517578,249.45753479003906
train,5369,304.70001220703125,286.41839599609375
train,4199,598.7999877929688,573.209716796875
train,8240,438.79998779296875,431.6584167480469
train,8123,389.6000061035156,381.1966857910156
train,6186,312.1000061035156,312.09228515625
train,3987,322.1000061035156,336.2195739746094
train,8687,404.6000061035156,428.8285827636719
train,7198,585.5,569.5922241210938
train,4826,588.7999877929688,562.368896484375
train,5447,283.79998779296875,285.89837646484375
train,833,358.6000061035156,360.1427917480469
train,2803,319.70001220703125,301.7249755859375
train,2191,443.8999938964844,407.0185546875
train,5768,489.20001220703125,454.15472412109375
train,2919,331.6000061035156,311.1240539550781
train,7718,649.7999877929688,652.0127563476562
train,4480,617.2000122070312,635.6259765625
train,1320,305.29998779296875,311.0284423828125
train,579,310.70001220703125,300.88861083984375
train,6451,460.0,458.55841064453125
train,4246,555.2999877929688,556.0289306640625
train,1928,404.6000061035156,406.0179138183594
train,218,384.5,341.1014404296875
train,8099,300.79998779296875,304.2747497558594
train,2490,586.0999755859375,578.3875732421875
train,3254,307.79998779296875,329.674072265625
train,2117,369.8999938964844,367.23077392578125
train,5484,391.0,376.041259765625
train,1829,275.5,263.6624755859375
train,4200,418.1000061035156,374.78863525390625
train,2364,440.5,460.091552734375
train,5295,447.70001220703125,409.8846740722656
train,8676,403.79998779296875,396.96728515625
train,3141,363.20001220703125,364.79827880859375
train,2792,311.5,323.64483642578125
train,1076,262.6000061035156,267.9056396484375
train,3662,455.0,431.1300354003906
train,2623,331.6000061035156,325.3394775390625
train,6758,249.3000030517578,256.03033447265625
train,5450,761.0,724.878662109375
train,4915,482.29998779296875,463.07562255859375
train,7166,289.8999938964844,290.21429443359375
train,6320,881.9000244140625,877.3959350585938
train,1741,319.20001220703125,324.53106689453125
train,1016,261.79998779296875,278.9509582519531
train,2830,614.7999877929688,591.5941162109375
train,6148,280.5,278.82281494140625
train,5986,565.0999755859375,559.9913330078125
train,334,211.6999969482422,221.42916870117188
train,1130,293.8999938964844,316.1083679199219
train,4965,280.20001220703125,310.33905029296875
train,6013,516.4000244140625,466.7630310058594
train,2038,360.20001220703125,389.1083984375
train,4695,350.20001220703125,382.6944274902344
train,2279,273.6000061035156,278.2313232421875
train,3113,434.0,435.9266357421875
train,3696,317.79998779296875,298.36029052734375
train,7328,329.3999938964844,376.44805908203125
train,887,394.6000061035156,379.46051025390625
train,1619,365.29998779296875,325.455322265625
train,3322,412.3999938964844,372.0489807128906
train,7646,379.6000061035156,361.86810302734375
train,2025,467.1000061035156,471.02484130859375
train,2078,733.0,700.1343994140625
train,1814,603.7999877929688,550.0872192382812
train,3770,503.8999938964844,501.8871765136719
train,5338,269.29998779296875,310.53192138671875
train,4128,260.70001220703125,279.001220703125
train,861,311.8999938964844,310.5802917480469
train,6723,485.3999938964844,470.1419677734375
train,5260,374.29998779296875,361.9339599609375
train,4434,481.6000061035156,457.0526123046875
train,5949,287.70001220703125,307.431640625
train,3549,335.3999938964844,329.2166748046875
train,2192,233.5,224.27606201171875
train,7407,377.29998779296875,354.7212219238281
train,664,822.5999755859375,818.5234985351562
train,394,344.5,329.47869873046875
train,1845,480.5,473.9177551269531
train,4605,485.3999938964844,474.1407775878906
train,8754,290.3999938964844,293.0658264160156
train,2958,657.7000122070312,610.486083984375
train,2839,315.1000061035156,327.29962158203125
train,3997,438.20001220703125,423.0639953613281
train,5475,433.79998779296875,412.9739074707031
train,794,716.2000122070312,714.7388916015625
train,7966,290.20001220703125,286.7115478515625
train,1846,600.0999755859375,568.8680419921875
train,5351,278.6000061035156,292.0525817871094
train,4957,582.0,566.8409423828125
train,6894,414.20001220703125,389.56719970703125
train,5017,292.1000061035156,262.7961120605469
train,6588,273.8999938964844,273.525390625
train,3688,700.5999755859375,680.1112670898438
train,2846,384.5,387.29296875
train,3351,284.79998779296875,271.44012451171875
train,3918,606.5999755859375,596.2449951171875
train,3846,347.3999938964844,354.7591552734375
train,3378,817.5,824.955078125
train,3936,507.0,481.3522644042969
train,1610,744.7000122070312,741.952880859375
train,6711,346.70001220703125,314.9443359375
train,7615,406.1000061035156,389.80206298828125
train,1369,738.0999755859375,725.0402221679688
train,7279,295.3999938964844,310.8175354003906
train,2495,318.79998779296875,311.0240173339844
train,6633,268.1000061035156,274.4160461425781
train,8590,281.70001220703125,274.3092346191406
train,1482,374.79998779296875,370.3379211425781
train,1893,358.3999938964844,356.5417785644531
train,8043,421.29998779296875,401.80712890625
train,6901,377.29998779296875,336.7010498046875
train,3172,259.6000061035156,265.4715881347656
train,4335,838.0,828.8284912109375
train,1301,503.5,494.61322021484375
train,7042,521.7999877929688,447.55401611328125
train,3396,534.5999755859375,518.1454467773438
train,7843,385.1000061035156,349.46002197265625
train,8261,333.5,334.6807861328125
train,4693,363.8999938964844,379.3795166015625
train,2130,363.70001220703125,354.5587463378906
train,5832,500.1000061035156,532.152587890625
train,4424,247.5,244.55276489257812
train,7070,392.3999938964844,362.8985595703125
train,4027,278.79998779296875,284.01837158203125
train,3276,294.20001220703125,290.61041259765625
train,5276,334.29998779296875,322.14874267578125
train,2496,306.6000061035156,285.53399658203125
train,2921,641.2999877929688,628.0753173828125
train,5562,536.0999755859375,572.2296142578125
train,5399,431.20001220703125,423.6038818359375
train,7451,254.0,242.67881774902344
train,4686,414.70001220703125,399.3519287109375
train,8234,244.6999969482422,279.97015380859375
train,8037,571.9000244140625,616.8720703125
train,7649,349.6000061035156,328.3676452636719
train,1683,387.79998779296875,342.35943603515625
train,3670,428.79998779296875,417.6888732910156
train,489,725.0,708.1048583984375
train,4843,492.29998779296875,505.49737548828125
train,5343,292.70001220703125,330.1422119140625
train,521,347.8999938964844,336.861083984375
train,7806,344.70001220703125,336.9222106933594
train,4869,314.29998779296875,304.66748046875
train,3236,371.6000061035156,348.2366943359375
train,4258,322.79998779296875,313.31939697265625
train,7737,246.60000610351562,254.77447509765625
train,8471,629.5999755859375,612.6092529296875
train,1516,497.5,501.72344970703125
train,2336,350.29998779296875,335.93792724609375
train,7734,741.2999877929688,743.0457763671875
train,2971,317.3999938964844,305.8968811035156
train,3573,372.29998779296875,400.6756286621094
train,5673,683.0,756.755859375
train,8070,285.20001220703125,297.92864990234375
train,7457,303.0,310.0721130371094
train,460,315.70001220703125,311.8877258300781
train,2414,469.79998779296875,479.4263916015625
train,6816,659.0999755859375,645.0486450195312
train,3882,337.20001220703125,326.55291748046875
train,7567,771.7000122070312,720.7545166015625
train,6601,344.0,324.41229248046875
train,1721,526.7000122070312,485.1837463378906
train,0,556.9000244140625,507.6612243652344
train,4507,289.1000061035156,307.8132629394531
train,4664,249.3000030517578,263.163330078125
train,3482,290.8999938964844,288.4315185546875
train,8655,382.5,383.42572021484375
train,3871,347.6000061035156,348.2323913574219
train,5422,340.1000061035156,354.3476257324219
train,6005,273.20001220703125,289.33612060546875
train,5738,339.1000061035156,328.16705322265625
train,6530,533.2000122070312,539.46533203125
train,3053,434.0,414.5945739746094
train,3913,406.6000061035156,446.00054931640625
train,3046,215.1999969482422,235.59295654296875
train,7876,422.70001220703125,398.7824401855469
train,5801,407.5,406.6112060546875
train,1184,463.8999938964844,462.619384765625
train,7994,270.70001220703125,284.1399230957031
train,2334,459.5,466.21160888671875
train,8532,723.2999877929688,727.4369506835938
train,7041,494.1000061035156,475.235107421875
train,3660,754.5,724.0770263671875
train,721,338.79998779296875,322.54229736328125
train,4580,427.79998779296875,445.3313293457031
train,1768,492.5,500.980224609375
train,4339,543.7000122070312,516.4207153320312
train,6418,255.5,248.93087768554688
train,4665,351.79998779296875,364.1629943847656
train,7614,764.0999755859375,788.6992797851562
train,8390,635.2000122070312,627.0003662109375
test,2208,357.0,383.6640319824219
test,588,820.7000732421875,802.4755859375
test,5352,449.29998779296875,449.7276916503906
test,7065,320.6000061035156,320.54034423828125
test,6956,282.29998779296875,290.73687744140625
test,4213,610.9000244140625,562.0897216796875
test,20,460.0,429.4688415527344
test,7844,415.29998779296875,370.434326171875
test,3095,308.70001220703125,341.301025390625
test,5030,521.2000122070312,495.5167236328125
test,5201,382.0,371.55694580078125
test,6456,375.6000061035156,400.9840393066406
test,4895,428.5,412.8133850097656
test,8723,809.4000244140625,698.3956298828125
test,6638,232.39999389648438,248.1210479736328
test,6805,342.79998779296875,296.8948974609375
test,2020,320.79998779296875,316.1773376464844
test,3808,364.1000061035156,381.181884765625
test,7938,488.3999938964844,475.9093322753906
test,6489,287.0,295.80560302734375
test,1006,690.4000244140625,704.90087890625
test,179,845.7000122070312,814.4400634765625
test,189,816.2000122070312,832.92138671875
test,3318,327.3999938964844,300.2852783203125
test,1851,372.70001220703125,419.32501220703125
test,7696,414.6000061035156,392.52972412109375
test,5458,370.6000061035156,340.152099609375
test,5460,398.0,346.3463439941406
test,7388,386.1000061035156,394.8823547363281
test,4898,410.20001220703125,453.6260681152344
test,2912,308.20001220703125,301.6145324707031
test,7039,304.70001220703125,301.7740478515625
test,8332,526.5999755859375,564.9497680664062
test,4062,436.3999938964844,429.0148010253906
test,6790,297.70001220703125,299.988525390625
test,6914,306.29998779296875,314.6248779296875
test,6348,288.8999938964844,326.77362060546875
test,6848,288.1000061035156,262.72259521484375
test,852,531.2000122070312,489.09735107421875
test,2695,226.0,253.70709228515625
test,8634,739.9000244140625,690.962158203125
test,44,570.5,576.8792724609375
test,7058,373.79998779296875,353.1197204589844
test,4479,376.0,367.16766357421875
test,25,590.0,547.0120849609375
test,1061,421.1000061035156,474.3537292480469
test,4156,429.70001220703125,506.0428771972656
test,1056,445.79998779296875,458.3523864746094
test,3497,290.3999938964844,280.5779113769531
test,2653,241.3000030517578,281.08087158203125
test,4824,576.5999755859375,485.0237121582031
test,391,615.5999755859375,627.4224853515625
test,4730,517.5,482.0629577636719
test,6775,282.0,276.85552978515625
test,1739,520.7000122070312,475.8292236328125
test,7805,454.0,394.233154296875
test,7357,445.5,356.4898376464844
test,3663,260.3999938964844,257.25299072265625
test,8671,588.5,575.918701171875
test,3146,431.0,359.3529968261719
test,340,650.4000244140625,678.671875
test,7847,450.1000061035156,432.6012268066406
test,6135,263.1000061035156,275.67987060546875
test,3195,312.29998779296875,331.80584716796875
test,4445,353.70001220703125,341.02374267578125
test,5750,280.79998779296875,267.3642272949219
test,7855,409.6000061035156,400.85601806640625
test,3658,291.8999938964844,312.7231750488281
test,875,522.0,517.3394775390625
test,7317,312.0,300.2650146484375
test,7044,357.1000061035156,384.591064453125
test,2268,261.0,274.4156188964844
test,5844,249.5,229.59373474121094
test,7009,387.20001220703125,324.4222412109375
test,1426,387.3999938964844,398.185302734375
test,2152,304.1000061035156,317.6122131347656
test,3651,289.20001220703125,280.16387939453125
test,5748,278.20001220703125,278.88818359375
test,3640,233.5,228.28933715820312
test,2689,319.5,301.71966552734375
test,7823,458.8999938964844,461.3554382324219
test,5263,333.1000061035156,323.4293518066406
test,5776,282.1000061035156,291.3003234863281
test,727,381.0,393.4263000488281
test,2099,395.1000061035156,385.26788330078125
test,590,738.4000244140625,761.7998657226562
test,4157,418.8999938964844,455.74688720703125
test,2062,376.70001220703125,406.7395935058594
test,6053,290.0,289.4378967285156
test,7556,524.0,599.6812133789062
test,3828,390.5,376.9989013671875
test,595,602.2000122070312,595.939453125
test,7621,398.8999938964844,349.7217712402344
test,6740,411.20001220703125,345.9437255859375
test,6687,301.79998779296875,273.4960021972656
test,3213,407.70001220703125,399.6224060058594
test,7628,469.70001220703125,437.3314208984375
test,2416,326.8999938964844,332.54705810546875
test,4534,624.5,590.156494140625
test,790,527.7000122070312,423.0198059082031
test,4372,407.29998779296875,395.16015625
test,136,884.5999755859375,877.2633056640625
test,931,477.3999938964844,503.23516845703125
test,1500,503.20001220703125,435.86370849609375
test,2948,507.3999938964844,493.1199951171875
test,4762,447.1000061035156,463.3705139160156
test,4449,294.70001220703125,321.9309997558594
test,6092,325.1000061035156,301.1688232421875
test,1555,451.79998779296875,461.6000671386719
test,3588,351.20001220703125,344.0630187988281
test,3529,315.5,316.4114074707031
test,5217,346.1000061035156,379.7857971191406
test,3623,286.8999938964844,291.51007080078125
test,1908,384.6000061035156,392.4519348144531
test,6144,328.70001220703125,314.95562744140625
test,5126,313.5,305.9080810546875
test,7544,401.79998779296875,433.7397766113281
test,1687,358.1000061035156,340.94189453125
test,5614,358.3999938964844,380.4789123535156
test,6488,288.6000061035156,295.8200988769531
test,6325,324.70001220703125,288.9739685058594
test,2807,330.0,333.2869873046875
test,1153,518.5,509.0963439941406
test,4350,509.0,460.85809326171875
test,2119,316.5,329.9862060546875
test,5681,482.5,447.4707946777344
test,471,682.7000122070312,699.09228515625
test,3478,295.29998779296875,285.543701171875
test,1931,440.0,385.1866455078125
test,1108,571.2999877929688,537.885498046875
test,7477,269.0,320.53033447265625
test,2510,259.5,277.1894836425781
test,1871,377.79998779296875,402.5937194824219
test,171,802.2999877929688,782.21044921875
test,2869,339.1000061035156,320.621826171875
test,7796,432.1000061035156,462.8751525878906
test,3863,520.5999755859375,536.8192749023438
test,6455,395.3999938964844,444.7535095214844
test,1216,658.4000244140625,716.7684326171875
test,2957,368.1000061035156,337.70135498046875
test,1614,529.7999877929688,491.53094482421875
test,899,364.1000061035156,385.10638427734375
test,6940,294.79998779296875,325.41998291015625
test,6928,245.89999389648438,266.5422058105469
test,8413,703.2999877929688,665.9674072265625
test,6746,355.70001220703125,320.9185791015625
test,8138,697.7999877929688,719.4885864257812
test,694,369.3999938964844,362.3406677246094
test,7913,423.0,423.4052429199219
test,2315,293.5,292.7607421875
test,4234,441.6000061035156,440.79351806640625
test,1553,414.29998779296875,403.9227294921875
test,7008,390.5,321.2809753417969
test,618,548.2999877929688,548.5690307617188
test,8237,772.2000122070312,752.91943359375
test,1581,353.29998779296875,384.842529296875
test,6175,300.20001220703125,283.3787841796875
test,7362,480.79998779296875,449.42376708984375
test,3343,332.5,312.0545654296875
test,5065,655.0,592.898681640625
test,8133,704.4000244140625,723.97802734375
test,2294,278.6000061035156,270.044189453125
test,6833,384.1000061035156,379.8814697265625
test,4671,489.1000061035156,429.206787109375
test,6978,258.6000061035156,254.4590606689453
test,8220,839.4000244140625,750.75390625
test,8032,364.6000061035156,370.1048583984375
test,3420,286.20001220703125,297.7081298828125
test,8306,688.4000244140625,690.6385498046875
test,7606,443.8999938964844,374.1250305175781
test,566,650.4000244140625,597.4349975585938
test,858,454.79998779296875,431.56365966796875
test,2568,265.5,307.02630615234375
test,2666,274.1000061035156,290.65509033203125
test,5539,345.1000061035156,371.4244079589844
test,6155,269.79998779296875,266.1737976074219
test,7688,378.0,378.6852111816406
test,4324,477.1000061035156,433.8048095703125
test,1861,352.70001220703125,385.9361572265625
test,1510,390.8999938964844,410.78717041015625
test,673,611.0,636.6235961914062
test,6170,334.29998779296875,308.94927978515625
test,1577,337.1000061035156,359.34698486328125
test,753,335.1000061035156,354.033935546875
test,6645,338.70001220703125,397.2537841796875
test,1425,388.0,390.4654846191406
test,6230,318.1000061035156,316.20513916015625
test,2591,282.79998779296875,308.8102722167969
test,7988,486.29998779296875,411.755126953125
test,5777,289.6000061035156,292.841552734375
test,1603,442.29998779296875,410.5441589355469
test,3443,258.3999938964844,266.1264343261719
test,7812,367.79998779296875,380.41851806640625
test,493,764.0,737.6812744140625
test,5868,281.3999938964844,282.09173583984375
test,4332,408.1000061035156,389.3700866699219
test,824,399.1000061035156,388.98626708984375
test,8272,425.8999938964844,460.67718505859375
test,5687,441.29998779296875,414.4457702636719
test,3290,352.70001220703125,359.79278564453125
test,4726,621.5999755859375,626.2835083007812
test,8290,599.9000244140625,603.1394653320312
test,5804,271.79998779296875,266.3948974609375
test,8758,821.2000122070312,795.1984252929688
test,1360,349.6000061035156,372.8808288574219
test,4117,365.1000061035156,358.06182861328125
test,2598,234.1999969482422,266.371826171875
test,3198,283.79998779296875,279.8031921386719
test,5093,461.70001220703125,443.262939453125
test,6677,305.20001220703125,298.2634582519531
test,4365,488.6000061035156,507.33416748046875
test,4366,445.29998779296875,475.85272216796875
test,4777,456.1000061035156,433.6060485839844
test,7920,446.70001220703125,447.5486145019531
test,3891,355.70001220703125,368.2138671875
test,1091,524.2000122070312,546.5537109375
test,2252,286.6000061035156,298.7264709472656
test,4643,408.3999938964844,439.55035400390625
test,4388,446.1000061035156,440.5025634765625
test,1754,532.2999877929688,484.47686767578125
test,1530,415.70001220703125,399.4508361816406
test,1370,494.20001220703125,495.7573547363281
test,5478,388.1000061035156,357.1266784667969
test,2994,345.6000061035156,370.8026123046875
test,6266,340.6000061035156,386.3908386230469
test,2455,279.3999938964844,284.30322265625
test,2552,258.8999938964844,285.6121826171875
test,4600,422.6000061035156,457.7405090332031
test,2877,465.6000061035156,417.4388732910156
test,1571,441.0,474.450439453125
test,1454,372.3999938964844,331.4410400390625
test,3711,312.1000061035156,298.88323974609375
test,7123,336.5,318.85455322265625
test,7853,438.5,384.92626953125
test,741,443.1000061035156,442.0704040527344
test,4841,456.6000061035156,439.32720947265625
test,959,465.79998779296875,443.93218994140625
test,2540,244.8000030517578,216.55862426757812
test,8507,522.7000122070312,590.31201171875
test,5862,257.20001220703125,254.91683959960938
test,7741,411.29998779296875,453.33050537109375
test,2944,371.8999938964844,381.89105224609375
test,698,383.3999938964844,366.7944641113281
test,5113,371.6000061035156,392.08453369140625
test,6151,274.5,280.93096923828125
test,7618,473.1000061035156,468.54791259765625
test,4103,500.20001220703125,490.9679870605469
test,4177,564.9000244140625,551.8345947265625
test,5269,335.6000061035156,358.27935791015625
test,6532,354.8999938964844,349.31689453125
test,4222,623.0999755859375,598.3222045898438
test,306,713.2999877929688,711.2110595703125
test,259,688.5999755859375,693.8883056640625
test,3902,332.79998779296875,380.13006591796875
test,5851,292.3999938964844,291.00201416015625
test,3900,319.0,339.47540283203125
test,3593,465.29998779296875,426.794677734375
test,561,860.2999877929688,766.3013916015625
test,3735,346.8999938964844,342.4371337890625
test,2832,363.8999938964844,366.5011901855469
test,2101,344.6000061035156,370.42608642578125
test,8747,769.2000122070312,718.500732421875
test,4680,440.70001220703125,411.4846496582031
test,5384,377.0,360.2227478027344
test,2494,301.1000061035156,329.883544921875
test,7677,441.0,398.2012939453125
test,2462,254.60000610351562,264.6221923828125
test,4460,400.0,393.1683349609375
test,2281,335.3999938964844,307.4580383300781
test,6403,454.70001220703125,461.96746826171875
test,197,785.4000244140625,781.6030883789062
test,6843,340.6000061035156,342.6575622558594
test,7245,476.29998779296875,428.93072509765625
test,335,643.2000122070312,706.28173828125
test,7335,311.20001220703125,313.4998779296875
test,8508,509.1000061035156,525.4254760742188
test,380,791.0999755859375,749.0289306640625
test,200,723.2999877929688,767.741943359375
test,4799,429.1000061035156,389.11004638671875
test,187,808.7999877929688,777.8483276367188
test,3037,262.70001220703125,283.5904541015625
test,4528,644.7000122070312,604.1630859375
test,5015,520.2999877929688,550.4124755859375
test,1544,381.70001220703125,375.19061279296875
test,4743,561.7999877929688,520.7380981445312
test,4252,450.1000061035156,436.1650085449219
test,3657,285.1000061035156,315.70562744140625
test,5131,383.5,368.24066162109375
test,5327,465.1000061035156,438.766845703125
test,3524,365.29998779296875,330.07940673828125
test,5170,348.6000061035156,344.0834655761719
test,3611,250.3000030517578,281.23699951171875
test,4108,410.5,485.81329345703125
test,648,662.5999755859375,685.3324584960938
test,5026,449.29998779296875,410.9622497558594
test,8579,489.0,513.665771484375
test,375,860.2999877929688,858.9046630859375
test,1162,534.7999877929688,531.7360229492188
test,4318,577.7999877929688,533.884521484375
test,1883,395.79998779296875,432.26611328125
test,934,557.5,544.0552368164062
test,1453,403.1000061035156,367.074462890625
test,3728,275.5,282.6458435058594
test,7956,461.6000061035156,489.5914611816406
test,6787,320.29998779296875,298.5880126953125
test,2387,292.8999938964844,280.7386169433594
test,6568,275.0,273.27960205078125
test,542,810.7999877929688,699.6089477539062
test,7004,359.0,318.33929443359375
test,4669,496.6000061035156,468.8167419433594
test,2369,252.10000610351562,267.79986572265625
test,4714,436.5,467.2444152832031
test,2426,275.8999938964844,295.55657958984375
test,4951,437.0,401.80706787109375
test,1848,377.1000061035156,371.8472595214844
test,1501,439.3999938964844,397.2864685058594
test,8000,565.5999755859375,580.4630126953125
test,3782,366.0,350.99945068359375
test,3509,275.1000061035156,273.2525634765625
test,1541,386.70001220703125,406.2204895019531
test,3377,392.70001220703125,385.97576904296875
test,5676,431.1000061035156,387.2602844238281
test,4155,433.1000061035156,493.7276611328125
test,7171,380.6000061035156,362.52618408203125
test,2122,347.0,344.58258056640625
test,1755,503.5,470.35882568359375
test,4162,460.1000061035156,451.88201904296875
test,7242,453.1000061035156,471.5262451171875
test,5406,386.20001220703125,390.239013671875
test,2306,275.5,293.82135009765625
test,5918,293.8999938964844,301.0694580078125
test,7454,379.70001220703125,392.8431396484375
test,8752,696.7000122070312,775.3449096679688
test,4268,363.29998779296875,360.8813171386719
test,2753,236.39999389648438,272.0284423828125
test,1442,372.79998779296875,364.68243408203125
test,1169,463.70001220703125,455.2676696777344
test,8047,527.5999755859375,538.4228515625
test,7773,527.5999755859375,447.9267578125
test,606,698.7000122070312,655.1349487304688
test,5247,348.8999938964844,316.8847351074219
test,3776,310.1000061035156,306.54632568359375
test,7162,326.6000061035156,324.3253479003906
test,1497,507.3999938964844,471.46295166015625
test,5345,421.1000061035156,441.7275390625
test,533,859.5,791.4119873046875
test,1316,395.29998779296875,432.0621337890625
test,4092,325.5,339.2978820800781
test,7666,348.20001220703125,364.636474609375
test,4115,309.8999938964844,334.8221435546875
test,4055,510.0,491.9920349121094
test,363,883.9000244140625,869.5011596679688
test,8427,693.7000122070312,670.733642578125
test,8280,563.5999755859375,576.3358764648438
test,7673,327.20001220703125,357.28814697265625
test,7889,397.0,421.8398742675781
test,6948,361.5,353.17449951171875
test,524,760.0999755859375,766.1065673828125
test,7283,365.6000061035156,397.1178283691406
test,1154,549.7999877929688,549.9860229492188
test,5062,755.2999877929688,745.8743896484375
test,3600,407.79998779296875,350.3658447265625
test,6499,468.79998779296875,459.841064453125
test,3625,285.70001220703125,287.052734375
test,2088,421.8999938964844,408.14892578125
test,1536,359.5,376.8382568359375
test,5331,341.0,359.0832824707031
test,3070,539.9000244140625,487.0055236816406
test,5433,402.70001220703125,376.77947998046875
test,5021,441.6000061035156,435.77740478515625
test,613,616.9000244140625,658.0184326171875
test,3228,445.1000061035156,362.9532165527344
test,2612,257.5,265.1114501953125
test,1787,365.8999938964844,370.48333740234375
test,5357,374.79998779296875,377.7288818359375
test,811,456.20001220703125,435.3847351074219
test,23,562.0,573.9969482421875
test,410,839.7999877929688,821.3094482421875
test,6213,311.20001220703125,306.2912902832031
test,3914,410.5,443.628173828125
test,5740,296.3999938964844,287.2332458496094
test,1724,398.79998779296875,357.57049560546875
test,1398,357.8999938964844,395.6430358886719
test,3694,382.3999938964844,373.3787841796875
test,7772,473.6000061035156,400.494384765625
test,4374,381.3999938964844,345.4399719238281
test,6904,245.3000030517578,281.7456359863281
test,193,877.0,856.8963623046875
test,8327,553.4000244140625,606.764404296875
test,2891,312.1000061035156,328.06280517578125
test,6923,312.29998779296875,347.67431640625
test,5612,357.20001220703125,361.05633544921875
test,7266,388.20001220703125,389.3238830566406
test,5703,300.3999938964844,289.03466796875
test,5629,300.8999938964844,327.2831115722656
test,7059,332.29998779296875,356.30340576171875
test,4670,480.3999938964844,445.8459777832031
test,1344,406.6000061035156,431.7423400878906
test,7112,301.29998779296875,296.23590087890625
test,1977,335.20001220703125,385.6002502441406
test,4068,436.0,466.4372863769531
test,8011,591.5999755859375,496.0106201171875
test,8584,416.70001220703125,416.3458251953125
test,716,345.5,371.9892272949219
test,4334,457.6000061035156,448.8902587890625
test,5476,475.3999938964844,468.8504333496094
test,2055,303.5,294.12322998046875
test,3698,331.3999938964844,370.4598693847656
test,4429,317.8999938964844,327.3269958496094
test,4208,537.7000122070312,517.447998046875
test,295,729.2000122070312,712.4318237304688
test,8078,518.9000244140625,563.8176879882812
test,2756,303.20001220703125,338.32611083984375
test,6929,248.89999389648438,270.405029296875
test,6821,356.3999938964844,347.7037048339844
test,4139,320.79998779296875,342.38165283203125
test,5763,278.8999938964844,282.62481689453125
test,5211,354.3999938964844,359.0712890625
test,4420,399.5,375.7784729003906
test,6555,359.0,344.2773132324219
test,4413,503.70001220703125,523.2175903320312
test,1387,566.4000244140625,537.3298950195312
test,397,761.2000122070312,681.1187744140625
test,14,382.8999938964844,409.0818786621094
test,8021,417.6000061035156,379.68292236328125
test,7048,305.3999938964844,291.67041015625
test,445,563.5999755859375,580.80224609375
test,3426,294.79998779296875,291.1298828125
test,1192,657.2999877929688,709.5877075195312
test,4293,540.9000244140625,504.5537109375
test,6986,319.6000061035156,304.4948425292969
test,6969,358.1000061035156,324.8410949707031
test,5346,441.1000061035156,439.7958068847656
test,3303,278.79998779296875,268.21905517578125
test,8287,538.4000244140625,527.809326171875
test,5976,362.0,337.6480712890625
test,7258,349.79998779296875,356.0575866699219
test,4911,400.1000061035156,412.228759765625
test,5262,338.20001220703125,320.26922607421875
test,2478,280.5,281.9529113769531
test,5511,369.29998779296875,361.5094299316406
test,3912,459.6000061035156,445.0199279785156
test,5213,372.70001220703125,350.22576904296875
test,4401,379.79998779296875,350.8143310546875
test,7557,532.7000122070312,570.2250366210938
test,5376,495.3999938964844,481.93896484375
test,2356,276.0,275.2694396972656
test,8647,542.0,478.24066162109375
test,4187,579.7000122070312,516.9494018554688
test,5496,515.5,482.55963134765625
test,7694,388.1000061035156,362.1332092285156
test,6604,295.8999938964844,286.09539794921875
test,5752,285.8999938964844,282.7298583984375
test,6087,326.3999938964844,304.80096435546875
test,1368,474.70001220703125,443.2008361816406
test,1210,701.7999877929688,670.2667236328125
test,1424,402.3999938964844,398.5985412597656
test,7074,325.20001220703125,356.53021240234375
test,1319,511.70001220703125,522.083984375
test,1600,368.1000061035156,420.6000061035156
test,467,739.0,808.3390502929688
test,2812,290.79998779296875,298.4527893066406
test,508,738.5,751.543212890625
test,2358,301.8999938964844,291.31658935546875
test,1197,793.5999755859375,802.9561767578125
test,5365,404.6000061035156,393.9936828613281
test,4074,589.2999877929688,600.8822021484375
test,2804,252.5,246.22933959960938
test,3984,298.8999938964844,316.08624267578125
test,7090,307.79998779296875,352.8304138183594
test,76,726.5,774.030029296875
test,4527,610.0,661.700927734375
test,520,770.0999755859375,815.302978515625
test,2908,351.8999938964844,349.11322021484375
test,4149,519.5,540.7610473632812
test,62,726.5999755859375,721.8658447265625
test,33,485.3999938964844,465.9954528808594
test,6203,322.70001220703125,349.2381591796875
test,1474,633.0999755859375,558.3676147460938
test,2662,355.20001220703125,360.74560546875
test,1317,434.20001220703125,438.7505798339844
test,3641,227.39999389648438,221.46240234375
test,1295,469.1000061035156,422.93133544921875
test,2604,204.5,239.64920043945312
test,4309,420.3999938964844,390.5062255859375
test,4050,416.6000061035156,411.7569580078125
test,1159,549.7000122070312,548.8334350585938
test,6585,291.3999938964844,280.4737548828125
test,2,425.79998779296875,430.23150634765625
test,3587,333.6000061035156,313.10760498046875
test,5181,506.79998779296875,475.8830871582031
test,1080,555.5,621.075927734375
test,2380,275.60003662109375,276.2671813964844
test,5924,411.3999938964844,402.9183044433594
test,2075,450.70001220703125,433.8391418457031
test,8269,457.70001220703125,391.7746887207031
test,8057,580.2999877929688,548.9248657226562
test,5916,278.10003662109375,303.0935363769531
test,6434,394.70001220703125,396.7922058105469
test,474,764.9000244140625,812.8480834960938
test,7154,351.8999938964844,331.070556640625
test,8509,483.3999938964844,518.013916015625
test,6244,316.20001220703125,307.7034912109375
test,4060,484.8999938964844,466.60137939453125
test,4090,347.0,359.0066223144531
test,5157,420.6000061035156,385.4965515136719
test,3229,438.70001220703125,353.8343200683594
test,3279,435.79998779296875,419.4734191894531
test,1990,437.3999938964844,396.8504638671875
test,8600,417.70001220703125,438.08892822265625
test,6966,360.5,325.2297058105469
test,1336,417.70001220703125,374.7864074707031
test,6292,353.3999938964844,358.0316162109375
test,4153,465.8999938964844,472.1434631347656
test,924,546.7000122070312,549.468017578125
test,5616,351.5,356.6531066894531
test,5573,336.6000061035156,346.7699890136719
test,4135,367.20001220703125,355.14703369140625
test,4696,448.3999938964844,459.16070556640625
test,5698,293.1000061035156,289.61236572265625
test,5852,299.70001220703125,302.98394775390625
test,7702,503.1000061035156,436.8483581542969
test,4601,450.1000061035156,451.36199951171875
test,6824,316.0,316.239501953125
test,7758,419.70001220703125,401.8462219238281
test,160,789.0999755859375,788.015625
test,4624,467.8999938964844,497.1959533691406
test,647,631.2999877929688,709.779052734375
test,1432,294.8999938964844,326.98822021484375
test,5906,309.6000061035156,313.293212890625
test,8064,557.4000244140625,559.5150146484375
test,1817,357.5,340.7750244140625
test,2320,362.20001220703125,318.7724914550781
test,4685,394.3999938964844,377.60009765625
test,1479,383.20001220703125,393.2829284667969
test,7147,283.20001220703125,292.3023681640625
test,6199,278.10003662109375,295.3009948730469
test,4191,596.7000122070312,631.3311767578125
test,5480,346.79998779296875,326.218994140625
test,5887,252.89999389648438,264.3468322753906
test,2737,269.79998779296875,293.1055908203125
test,5650,309.8999938964844,303.5721130371094
test,5855,290.70001220703125,323.5561218261719
test,5665,425.0,399.2960205078125
test,7133,299.6000061035156,337.7257080078125
test,8147,618.0999755859375,616.1414794921875
test,2267,248.39999389648438,276.60406494140625
test,3523,357.79998779296875,343.614990234375
test,2245,280.8999938964844,279.3485412597656
test,5937,319.0,322.64691162109375
test,5336,319.29998779296875,330.82708740234375
test,605,726.0999755859375,700.8510131835938
test,8165,555.5999755859375,581.6600341796875
test,6129,287.79998779296875,287.29705810546875
test,182,685.0999755859375,715.2530517578125
test,711,416.0,397.8065490722656
test,5845,251.0,227.2525177001953
test,5721,299.0,289.7516784667969
test,1797,429.3999938964844,419.4756774902344
test,7441,470.29998779296875,476.74908447265625
test,4571,455.29998779296875,453.8181457519531
test,8709,508.5,618.198486328125
test,2335,253.1999969482422,264.88043212890625
test,2856,427.6000061035156,423.20208740234375
test,1423,418.5,403.79351806640625
test,3603,336.29998779296875,299.32672119140625
test,868,394.1000061035156,424.248291015625
test,3783,363.0,356.17498779296875
test,243,750.7999877929688,742.6304321289062
test,4920,452.6000061035156,463.5594787597656
test,5243,362.5,367.86529541015625
test,6708,326.20001220703125,333.02667236328125
test,4603,513.2000122070312,505.93096923828125
test,110,643.5999755859375,635.5478515625
test,1629,539.2000122070312,459.3026123046875
test,923,559.2000122070312,552.1573486328125
test,3364,298.70001220703125,298.2257080078125
test,6384,469.20001220703125,447.9535827636719
test,46,690.0,601.0790405273438
test,5028,477.6000061035156,434.0598449707031
test,8274,439.29998779296875,468.79058837890625
test,4722,575.0,589.778564453125
test,8258,570.7000122070312,555.7784423828125
test,6131,286.20001220703125,287.2693176269531
test,2785,326.70001220703125,308.5388488769531
test,8745,790.199951171875,775.2901000976562
test,1488,625.0999755859375,534.3985595703125
test,571,763.2999877929688,745.1029052734375
test,3325,303.70001220703125,308.4485168457031
test,2050,520.2999877929688,501.14422607421875
test,8547,690.2999877929688,613.9083251953125
test,4321,500.1000061035156,416.5082092285156
test,7163,336.20001220703125,363.1787109375
test,3908,493.79998779296875,514.9633178710938
test,2960,311.20001220703125,297.98431396484375
test,636,677.5999755859375,676.026123046875
test,8323,469.8999938964844,524.8746337890625
test,2793,251.5,259.3450012207031
test,2570,287.5,305.91851806640625
test,4553,530.2999877929688,525.0604858398438
test,999,574.0999755859375,578.765869140625
test,1523,443.29998779296875,513.5231323242188
test,750,366.1000061035156,362.71722412109375
test,6564,346.3999938964844,330.4320983886719
test,8281,560.2000122070312,563.68603515625
test,2313,290.6000061035156,284.517333984375
test,1971,450.70001220703125,427.3985595703125
test,8659,523.5999755859375,483.6866760253906
test,1156,504.3999938964844,517.92236328125
test,1800,362.6000061035156,349.56927490234375
test,8324,493.29998779296875,582.3312377929688
test,6613,259.5,259.3471374511719
test,8488,593.0,513.7823486328125
test,5890,261.0,293.93096923828125
test,3946,332.6000061035156,337.8888854980469
test,1832,411.70001220703125,429.8771057128906
test,6323,309.29998779296875,291.3005676269531
test,2929,451.0,433.540283203125
test,5553,314.0,336.43841552734375
test,3001,319.5,331.8539733886719
test,5593,317.8999938964844,327.62139892578125
test,5315,288.1000061035156,307.39385986328125
test,2541,246.10000610351562,223.47579956054688
test,8377,709.5,704.8662109375
test,3562,309.20001220703125,309.9638366699219
test,8292,615.7000122070312,636.89599609375
test,2801,223.89999389648438,226.8024444580078
test,5825,257.1000061035156,258.6195068359375
test,6717,505.20001220703125,479.8387451171875
test,3699,305.29998779296875,335.4754333496094
test,1838,354.8999938964844,333.9018859863281
test,2103,278.70001220703125,289.2213439941406
test,6241,297.70001220703125,315.01727294921875
test,7953,458.8999938964844,423.3545837402344
test,7682,459.8999938964844,497.791259765625
test,8118,527.0,547.26953125
test,4181,536.9000244140625,543.4644165039062
test,4780,410.20001220703125,397.4345397949219
test,7261,380.29998779296875,392.2291259765625
test,2910,326.3999938964844,290.59765625
test,7458,397.0,443.36761474609375
test,2549,256.3999938964844,253.1477813720703
test,6635,310.5,303.4466552734375
test,4516,615.0999755859375,523.258544921875
test,6232,289.5,294.3996887207031
test,5003,413.79998779296875,399.81707763671875
test,7707,492.6000061035156,463.1346130371094
test,5427,453.5,438.7896423339844
test,7569,483.70001220703125,457.2279968261719
test,7131,339.1000061035156,348.87933349609375
test,5035,573.7000122070312,569.630126953125
test,6277,315.8999938964844,324.4237060546875
test,4383,368.29998779296875,378.603759765625
test,817,586.7999877929688,523.0208129882812
test,6466,339.70001220703125,327.04449462890625
test,3622,287.70001220703125,290.712890625
test,7445,465.29998779296875,456.2867736816406
test,6773,290.1000061035156,288.4057922363281
test,1079,529.4000244140625,610.0694580078125
test,8504,509.5,504.7644958496094
test,3691,352.5,333.4625244140625
test,3090,384.79998779296875,346.61883544921875
test,3609,243.60000610351562,287.0078430175781
test,1024,651.2999877929688,618.457763671875
test,4192,568.9000244140625,639.9859008789062
test,2697,234.10000610351562,245.0238800048828
test,7947,500.8999938964844,502.534423828125
test,8460,407.20001220703125,499.5414733886719
test,1294,417.8999938964844,410.527587890625
test,1139,518.4000244140625,444.5750732421875
test,905,319.70001220703125,340.3523864746094
test,3739,449.79998779296875,412.849609375
test,7748,390.70001220703125,370.3482666015625
test,3898,315.3999938964844,321.2007141113281
test,2104,282.1000061035156,288.72052001953125
test,7977,539.0999755859375,501.133056640625
test,6712,373.1000061035156,391.26361083984375
test,5039,565.0,574.5440673828125
test,3006,276.20001220703125,284.0625
test,1125,472.8999938964844,533.1198120117188
test,808,526.2999877929688,532.48681640625
test,118,803.9000244140625,804.2894287109375
test,1887,294.79998779296875,341.4883117675781
test,1189,579.5999755859375,585.2406005859375
test,4269,371.70001220703125,414.3321228027344
test,3786,412.70001220703125,424.9634094238281
test,4929,358.5,396.6821594238281
test,6888,354.29998779296875,365.5730895996094
test,6829,396.20001220703125,351.8342590332031
test,6043,277.89996337890625,283.43994140625
test,3816,403.3999938964844,404.5388488769531
test,7972,472.70001220703125,495.101318359375
test,2010,290.29998779296875,294.548095703125
test,5018,467.8999938964844,467.3359069824219
test,3074,408.29998779296875,392.19720458984375
test,6667,341.3999938964844,290.330322265625
test,4925,394.0,403.749755859375
test,2522,245.39999389648438,278.36383056640625
test,97,758.5999755859375,737.2754516601562
test,112,564.5999755859375,604.68359375
test,2401,293.70001220703125,303.93096923828125
test,5686,539.7999877929688,484.6015319824219
test,4517,582.9000244140625,531.3047485351562
test,6759,255.6999969482422,253.69119262695312
test,7476,277.20001220703125,311.6961669921875
test,4801,420.29998779296875,408.5351257324219
test,5691,344.6000061035156,315.02960205078125
test,3737,394.8999938964844,419.85198974609375
test,4791,399.79998779296875,409.560791015625
test,3083,347.8999938964844,361.156494140625
test,484,791.4000244140625,816.7609252929688
test,3725,300.5,310.22186279296875
test,6854,333.6000061035156,303.0496826171875
test,7300,334.70001220703125,303.309814453125
test,5628,299.70001220703125,338.6735534667969
test,3496,292.3999938964844,276.3224182128906
test,226,728.4000244140625,805.091064453125
test,3161,371.29998779296875,370.48291015625
test,7656,472.29998779296875,495.6648864746094
test,2241,265.70001220703125,283.4942626953125
test,1640,460.70001220703125,420.68927001953125
test,6885,319.20001220703125,305.83203125
test,4728,550.5,492.7886962890625
test,3977,315.1000061035156,322.01300048828125
test,4107,440.3999938964844,491.2320861816406
test,1315,372.20001220703125,385.1194152832031
test,2403,268.29998779296875,296.317626953125
test,5635,339.29998779296875,355.85247802734375
test,5947,467.8999938964844,512.5885009765625
test,6531,360.8999938964844,340.5427551269531
test,3742,470.29998779296875,419.64984130859375
test,2201,274.6000061035156,295.38604736328125
test,5796,243.3000030517578,247.79006958007812
test,688,428.79998779296875,418.1903076171875
test,3007,273.20001220703125,283.39276123046875
test,2116,367.8999938964844,354.4726867675781
test,7007,412.5,315.8136901855469
test,3308,322.5,310.62896728515625
test,7995,625.2999877929688,603.315185546875
test,2012,334.6000061035156,315.6548156738281
test,2923,459.79998779296875,418.9399719238281
test,5998,312.1000061035156,315.84906005859375
test,389,637.9000244140625,722.3544921875
test,1740,544.0999755859375,475.190185546875
test,3114,253.1999969482422,257.150390625
test,61,799.7000122070312,770.094970703125
test,6792,304.3999938964844,313.0396423339844
test,988,472.70001220703125,473.2685546875
test,5753,294.5,288.2701110839844
test,5033,548.5999755859375,555.7393798828125
test,4672,501.20001220703125,473.585693359375
test,3836,538.2000122070312,516.3929443359375
test,128,713.2000122070312,686.961669921875
test,6492,332.6000061035156,316.9483642578125
test,3101,280.20001220703125,285.64691162109375
test,3423,309.20001220703125,289.98468017578125
test,1954,451.3999938964844,404.17034912109375
test,5162,348.8999938964844,357.2557678222656
test,3187,332.5,348.9582824707031
test,7856,413.5,412.44384765625
test,2562,242.60000610351562,239.2589569091797
test,2805,276.29998779296875,277.51397705078125
test,2577,298.29998779296875,305.282470703125
test,6030,273.79998779296875,270.947998046875
test,8474,512.2999877929688,561.752197265625
test,8433,648.7000122070312,596.15771484375
test,4017,301.70001220703125,294.0423278808594
test,6300,267.1000061035156,299.7690734863281
test,8405,749.4000244140625,703.1536865234375
test,6,394.20001220703125,399.03228759765625
test,1995,368.8999938964844,369.37884521484375
test,8526,554.2000122070312,562.4476928710938
test,1292,395.6000061035156,368.52276611328125
test,4539,528.9000244140625,486.52545166015625
test,5099,396.20001220703125,408.81488037109375
test,1955,453.0,391.1933898925781
test,6963,404.70001220703125,339.8778991699219
test,1506,303.20001220703125,315.81573486328125
test,7113,304.6000061035156,323.18780517578125
test,4279,357.29998779296875,342.6320495605469
test,5055,559.2000122070312,569.2974853515625
test,7497,364.0,325.157470703125
test,71,787.7000122070312,800.977783203125
test,364,880.2000122070312,863.7708740234375
test,2649,258.6000061035156,286.03887939453125
test,5489,503.79998779296875,444.478759765625
test,8551,540.9000244140625,548.064453125
test,5246,338.79998779296875,344.76336669921875
test,2224,318.8999938964844,300.37799072265625
test,2525,265.0,257.6216735839844
test,229,711.4000244140625,734.41259765625
test,2913,316.0,325.42205810546875
test,382,747.0999755859375,750.36279296875
test,2556,282.3999938964844,251.50038146972656
test,3931,447.0,451.6214294433594
test,850,471.6000061035156,430.7757263183594
test,881,631.7000122070312,603.1317138671875
test,4935,556.2999877929688,517.993408203125
test,1234,652.4000244140625,641.2311401367188
test,6684,313.5,347.5543518066406
test,8597,426.0,438.5909118652344
test,4407,404.79998779296875,407.3908386230469
test,3533,278.70001220703125,286.47418212890625
test,6327,294.1000061035156,289.2003173828125
test,3403,350.1000061035156,312.9061584472656
test,4979,377.70001220703125,371.67535400390625
test,4084,392.3999938964844,389.2746276855469
test,8438,583.4000244140625,611.517822265625
test,3159,322.1000061035156,289.5989990234375
test,7530,385.1000061035156,371.2236022949219
test,4053,509.20001220703125,505.0960998535156
test,5523,363.8999938964844,362.12091064453125
test,2788,293.79998779296875,280.28619384765625
test,7374,328.1000061035156,343.9068298339844
test,8038,449.29998779296875,487.7292785644531
test,2329,289.70001220703125,320.30841064453125
test,6011,266.8999938964844,280.6390380859375
test,6926,264.0,257.0821533203125
test,5516,373.79998779296875,397.811767578125
test,5252,418.1000061035156,381.7411193847656
test,388,750.5,731.8804931640625
test,6744,370.20001220703125,343.1128234863281
test,4464,392.3999938964844,379.1795654296875
test,7888,365.8999938964844,346.3527526855469
test,426,700.4000244140625,701.97412109375
test,6321,278.70001220703125,282.9654541015625
test,8217,774.2000122070312,753.747802734375
test,3551,334.3999938964844,326.82806396484375
test,583,870.0,842.66845703125
test,308,678.0,668.7920532226562
test,2168,245.10000610351562,276.96954345703125
test,4093,318.0,310.4141845703125
test,7573,480.5,469.20404052734375
test,4349,544.5999755859375,468.04571533203125
test,2312,267.0,269.35198974609375
test,5898,315.1000061035156,327.460693359375
test,2199,247.5,290.6523742675781
test,2810,333.29998779296875,345.9609680175781
test,7905,419.29998779296875,378.9963684082031
test,8497,715.5,649.4135131835938
test,1932,406.29998779296875,398.17303466796875
test,5571,355.29998779296875,359.2713623046875
test,7241,456.5,457.226318359375
test,4778,456.79998779296875,440.8334655761719
test,3028,288.79998779296875,305.30438232421875
test,2696,225.6999969482422,256.0269470214844
test,2526,264.20001220703125,260.90771484375
test,7373,334.20001220703125,343.408447265625
test,1907,439.29998779296875,462.51971435546875
test,1764,546.2999877929688,509.6873779296875
test,6103,294.5,289.10272216796875
test,1311,441.0,438.1978454589844
test,6657,278.0,273.0997314453125
test,2965,334.29998779296875,325.1293640136719
test,6495,361.1000061035156,366.4727783203125
test,1560,424.6000061035156,452.3821105957031
test,2142,322.29998779296875,341.63116455078125
test,5659,520.5999755859375,406.1060485839844
test,5363,400.29998779296875,398.5728454589844
test,4235,458.79998779296875,466.9263916015625
test,4707,445.0,438.34820556640625
test,2319,368.1000061035156,311.44036865234375
test,5631,314.8999938964844,351.10113525390625
test,8229,853.2000122070312,611.5626831054688
test,1242,513.0999755859375,544.9317016601562
test,35,585.9000244140625,561.2125854492188
test,6259,357.29998779296875,355.33673095703125
test,4341,553.0999755859375,540.6759033203125
test,736,444.3999938964844,466.5433349609375
test,1202,693.9000244140625,632.306396484375
test,2673,224.3000030517578,241.7945556640625
test,7108,293.6000061035156,307.6187438964844
test,6770,293.79998779296875,322.9368591308594
test,3894,307.8999938964844,330.22955322265625
test,6510,311.70001220703125,302.76629638671875
test,550,828.0,824.6068725585938
test,5542,340.70001220703125,351.617919921875
test,2752,229.3999786376953,248.3364715576172
test,1102,651.5,652.5933837890625
test,3331,312.70001220703125,328.3091125488281
test,6718,494.20001220703125,470.7189636230469
test,3219,353.1000061035156,356.38873291015625
test,3057,336.20001220703125,310.5241394042969
test,4465,376.70001220703125,387.4146728515625
test,3538,283.20001220703125,286.974853515625
test,6335,294.3999938964844,340.74700927734375
test,1697,281.3999938964844,268.68194580078125
test,7906,436.5,384.96502685546875
test,3567,312.29998779296875,316.2464294433594
test,4892,428.79998779296875,385.29315185546875
test,950,528.2999877929688,508.4775085449219
test,5387,445.79998779296875,398.1509704589844
test,4871,450.79998779296875,457.1749267578125
test,3000,339.29998779296875,352.1814880371094
test,5972,496.0,507.7398681640625
test,5279,407.3999938964844,378.4397888183594
test,1522,423.6000061035156,466.3422546386719
test,1974,370.70001220703125,384.2062683105469
test,2371,248.39999389648438,277.54766845703125
test,7464,386.29998779296875,434.1632995605469
test,3047,404.8999938964844,415.53143310546875
test,968,430.20001220703125,412.05316162109375
test,4391,444.5,417.8707275390625
test,970,441.79998779296875,436.4498291015625
test,4749,807.4000244140625,735.1165771484375
test,6933,290.5,302.375
test,7899,506.6000061035156,468.0650939941406
test,1809,319.0,295.30169677734375
test,6506,409.79998779296875,357.57049560546875
test,4340,593.7999877929688,553.6712036132812
test,7894,440.70001220703125,441.177490234375
test,1521,383.5,379.3975524902344
test,558,788.5999755859375,767.2308959960938
test,5558,344.79998779296875,343.6905212402344
test,4035,330.1000061035156,325.4194641113281
test,4454,306.8999938964844,315.78704833984375
test,678,567.0,566.2861328125
test,7866,317.1000061035156,347.876953125
test,7643,431.3999938964844,414.34442138671875
test,3345,337.70001220703125,320.4962158203125
test,8703,632.5,612.4920654296875
test,1281,519.0999755859375,557.3366088867188
test,6480,315.6000061035156,342.8564453125
test,3334,442.0,399.9974365234375
test,4684,418.8999938964844,369.70574951171875
test,7779,435.6000061035156,445.8357238769531
test,4120,466.0,453.4050598144531
test,3527,339.6000061035156,327.4286804199219
test,1987,455.1000061035156,420.18951416015625
test,6668,375.6000061035156,332.9586486816406
test,8741,824.7000122070312,822.702392578125
test,1591,468.0,465.0346984863281
test,6178,338.70001220703125,325.51104736328125
test,891,580.4000244140625,553.96337890625
test,570,724.0,707.71728515625
test,7514,374.0,412.18218994140625
test,574,834.5999755859375,849.60107421875
test,7,397.8999938964844,399.9869689941406
test,8182,627.0,602.4117431640625
test,7877,383.20001220703125,349.44500732421875
test,5749,279.1000061035156,270.44488525390625
test,7294,360.0,387.49755859375
test,4861,358.1000061035156,354.1107177734375
test,8005,618.0,622.995849609375
test,1562,405.5,414.1007385253906
test,2070,380.70001220703125,380.78057861328125
test,5730,303.8999938964844,294.29901123046875
test,6179,335.29998779296875,342.23480224609375
test,952,528.7999877929688,490.9232482910156
test,4051,456.3999938964844,439.6051330566406
test,4023,319.0,314.78924560546875
test,7107,300.1000061035156,318.6556701660156
test,3901,326.79998779296875,358.79833984375
test,7538,419.20001220703125,394.8155822753906
test,7489,351.5,364.8677978515625
test,4513,564.0999755859375,527.7007446289062
test,6747,317.20001220703125,292.94989013671875
test,7151,346.70001220703125,331.423095703125
test,8645,590.5,481.42620849609375
test,3384,329.0,362.66217041015625
test,3038,267.29998779296875,288.298583984375
test,3834,489.20001220703125,511.2237243652344
test,5725,293.3999938964844,266.21539306640625
test,707,458.20001220703125,484.1709899902344
test,7478,253.39999389648438,280.15863037109375
test,3063,367.3999938964844,356.9549560546875
test,3506,318.29998779296875,301.35888671875
test,328,592.5999755859375,665.6636352539062
test,4393,412.79998779296875,387.6766357421875
test,7935,418.29998779296875,428.200439453125
test,5084,521.7000122070312,528.8294677734375
test,7142,273.70001220703125,296.8720397949219
test,7393,469.20001220703125,432.1689758300781
test,6114,306.5,309.3533630371094
test,5820,238.1999969482422,237.1049346923828
test,5374,559.5,553.7896728515625
test,8663,653.7999877929688,640.9754638671875
test,3289,356.6000061035156,367.8080139160156
test,2961,306.29998779296875,291.0089111328125
test,7719,407.6000061035156,378.5987548828125
test,6551,344.70001220703125,356.9675598144531
test,4873,421.5,426.90655517578125
test,4422,382.70001220703125,348.71844482421875
test,8156,587.2000122070312,595.5209350585938
test,8705,566.2999877929688,546.8743896484375
test,6421,451.0,397.2812805175781
test,700,372.8999938964844,344.27294921875
test,6159,301.70001220703125,283.90997314453125
test,2992,319.3999938964844,343.47686767578125
test,671,561.2999877929688,624.2557983398438
test,374,862.9000244140625,851.4943237304688
test,2412,282.20001220703125,302.14593505859375
test,3954,374.79998779296875,344.2350158691406
test,5925,411.29998779296875,430.3397521972656
test,3844,404.6000061035156,393.6529235839844
test,1245,581.5,559.13037109375
test,5842,253.10000610351562,233.44329833984375
test,447,643.9000244140625,704.4640502929688
test,5221,412.70001220703125,393.2144470214844
test,1037,511.0,511.9915771484375
test,3226,382.79998779296875,351.7611083984375
test,6476,359.20001220703125,398.2367858886719
test,201,738.5,781.8419189453125
test,5737,299.20001220703125,310.11358642578125
test,2991,316.20001220703125,325.2706298828125
test,2528,264.3999938964844,242.5923614501953
test,8432,624.0,577.032958984375
test,3632,220.49998474121094,245.62164306640625
test,1631,469.70001220703125,460.5858459472656
test,5734,316.0,315.3135986328125
test,2634,284.0,256.06103515625
test,4991,433.70001220703125,417.08355712890625
test,7447,484.5,475.4011535644531
test,8283,523.4000244140625,553.0552368164062
test,8750,753.7000122070312,672.550048828125
test,8335,475.0,475.833251953125
test,224,709.4000244140625,757.2724609375
test,2449,293.6000061035156,289.667236328125
test,2941,314.6000061035156,320.6543273925781
test,2720,208.8000030517578,214.68682861328125
test,1123,541.9000244140625,520.4828491210938
test,973,457.29998779296875,462.49365234375
test,27,532.0999755859375,523.1842041015625
test,8393,751.7999877929688,720.9970092773438
test,7244,494.0,455.2917175292969
test,5674,381.8999938964844,372.2640686035156
test,5719,284.6000061035156,269.96234130859375
test,7436,372.5,397.1942443847656
test,5518,371.0,372.6031799316406
test,4022,312.0,335.986083984375
test,256,724.9000244140625,753.21875
test,3576,349.5,307.4741516113281
test,6035,284.6000061035156,305.855712890625
test,403,639.2000122070312,593.18115234375
test,7435,349.8999938964844,309.0408020019531
test,3023,349.8999938964844,360.5555419921875
test,689,427.0,413.51055908203125
test,1258,743.5,768.4949340820312
test,7367,386.0,354.1224365234375
test,8254,636.5999755859375,638.4388427734375
test,1567,436.20001220703125,407.1148681640625
test,3876,358.3999938964844,333.0706481933594
test,3947,347.1000061035156,351.70745849609375
test,3505,326.70001220703125,310.6379699707031
test,2250,253.39999389648438,258.58233642578125
test,360,937.0999755859375,885.702392578125
test,7733,409.0,415.3908996582031
test,5622,285.20001220703125,292.8106689453125
test,7098,316.29998779296875,308.0532531738281
test,1835,526.2000122070312,456.8381042480469
test,7126,332.70001220703125,321.7919921875
test,5002,391.20001220703125,376.08123779296875
test,731,403.3999938964844,431.2810974121094
test,3238,413.70001220703125,454.2551574707031
test,4636,406.20001220703125,365.5014343261719
test,4853,408.79998779296875,373.12298583984375
test,1863,284.29998779296875,331.4111022949219
test,7593,446.1000061035156,446.23345947265625
test,327,604.5,666.7567138671875
test,704,374.79998779296875,348.31402587890625
test,1937,286.1000061035156,308.5060119628906
test,5627,295.29998779296875,320.36376953125
test,7891,411.8999938964844,414.2611999511719
test,2698,238.0,262.5553894042969
test,7828,467.6000061035156,454.75921630859375
test,2546,256.0,285.1466369628906
test,4910,372.20001220703125,382.0035095214844
test,3710,294.1000061035156,281.56878662109375
test,842,436.5,440.3949279785156
test,6762,250.89999389648438,254.81773376464844
test,627,606.4000244140625,590.8435668945312
test,7064,313.79998779296875,312.3902282714844
test,7264,419.79998779296875,439.5091247558594
test,2800,222.60000610351562,226.83544921875
test,79,744.7000122070312,722.185546875
test,5490,525.2000122070312,483.6817932128906
test,5359,342.70001220703125,357.7711181640625
test,8708,518.7000122070312,563.7531127929688
test,7222,399.5,364.1250915527344
test,5961,322.70001220703125,298.9082336425781
test,3357,322.3999938964844,326.68121337890625
test,6570,303.20001220703125,301.32879638671875
test,7766,425.1000061035156,398.0606994628906
test,4613,400.3999938964844,432.6795959472656
test,5928,317.8999938964844,326.0542907714844
test,8135,698.2999877929688,669.359619140625
test,3185,352.8999938964844,351.97210693359375
test,1923,447.0,413.7066955566406
test,3851,421.29998779296875,405.5133361816406
test,1310,502.0,468.32440185546875
test,1300,544.7999877929688,524.7908935546875
test,3690,341.29998779296875,328.60980224609375
test,7729,434.29998779296875,435.4955139160156
test,7768,418.1000061035156,397.2958984375
test,4678,459.5,453.46868896484375
test,5544,349.79998779296875,363.2957458496094
test,6337,289.0,356.9065246582031
test,4160,409.0,389.24664306640625
test,1094,493.79998779296875,482.8882141113281
test,3634,227.39999389648438,257.7518615722656
test,2430,254.60000610351562,262.45318603515625
test,7428,297.3999938964844,306.295654296875
test,4958,458.20001220703125,448.2915344238281
test,827,440.6000061035156,450.819091796875
test,3537,272.89996337890625,286.01190185546875
test,6594,243.8000030517578,258.2305908203125
test,8476,539.7999877929688,632.19384765625
test,4105,488.70001220703125,468.1236572265625
test,5464,403.20001220703125,434.30987548828125
test,8425,674.5999755859375,741.4822998046875
test,5010,495.1000061035156,504.0869445800781
test,5467,441.1000061035156,463.6089782714844
test,299,786.0,789.9255981445312
test,5438,424.6000061035156,423.1778259277344
test,2677,233.39999389648438,277.179443359375
test,1858,481.70001220703125,412.2535400390625
test,958,477.6000061035156,477.96044921875
test,2007,278.0,296.9687805175781
test,4188,610.0999755859375,556.92919921875
test,6886,350.0,362.20782470703125
test,8727,668.0,772.8416748046875
test,3260,498.3999938964844,417.7953796386719
test,7990,575.2000122070312,552.0040893554688
test,3601,362.8999938964844,317.9055480957031
test,1142,457.0,447.3214416503906
test,6665,288.70001220703125,284.3330078125
test,8170,618.9000244140625,590.4187622070312
test,8279,529.0,586.2711791992188
test,6225,296.1000061035156,285.0271301269531
test,6868,268.70001220703125,255.09669494628906
test,3087,436.79998779296875,364.0002746582031
test,2366,270.5,283.57769775390625
test,4748,715.7000122070312,717.668701171875
test,7174,385.20001220703125,328.11151123046875
test,8670,584.7000122070312,589.097900390625
test,6529,380.1000061035156,393.72698974609375
test,4295,538.5999755859375,500.695068359375
test,7957,444.70001220703125,465.8094482421875
test,468,731.4000244140625,764.0174560546875
test,7467,397.8999938964844,379.2222900390625
test,856,459.70001220703125,433.2437438964844
test,4836,463.0,406.49298095703125
test,2187,402.3999938964844,374.3055725097656
test,5953,381.29998779296875,356.1834716796875
test,8646,555.4000244140625,431.39373779296875
test,5538,352.0,341.95147705078125
test,5411,466.6000061035156,471.58697509765625
test,3402,345.8999938964844,314.3207702636719
test,121,818.2000122070312,834.2337646484375
test,5608,314.8999938964844,299.3548583984375
test,1366,443.29998779296875,420.17694091796875
test,5778,289.3999938964844,291.76434326171875
test,5645,339.5,319.69329833984375
test,6413,400.3999938964844,365.7917785644531
test,1656,472.5,459.0867614746094
test,3761,436.8999938964844,396.841552734375
test,5396,605.5999755859375,561.389892578125
test,1447,384.5,406.3861999511719
test,8040,509.8999938964844,512.8425903320312
test,8521,542.2999877929688,550.4523315429688
test,4455,324.5,320.697509765625
test,5022,428.79998779296875,429.5566101074219
test,5510,366.79998779296875,368.4957275390625
test,8368,823.9000244140625,843.8878173828125
test,262,734.4000244140625,802.9703369140625
test,5024,401.6000061035156,409.40130615234375
test,3929,416.20001220703125,427.1124267578125
test,3781,356.0,315.8467102050781
test,1136,523.5999755859375,507.3096923828125
test,1547,410.1000061035156,437.8992614746094
test,4469,368.20001220703125,379.09918212890625
test,6906,242.1999969482422,267.66455078125
test,8505,506.29998779296875,533.1849975585938
test,1751,483.3999938964844,480.54766845703125
test,1343,396.20001220703125,412.49884033203125
test,1019,681.0999755859375,698.6321411132812
test,6521,330.6000061035156,323.90411376953125
test,4832,411.5,385.9336853027344
test,206,745.7999877929688,817.4938354492188
test,1394,394.1000061035156,469.35711669921875
test,6264,354.0,366.21148681640625
test,2163,294.20001220703125,312.7767639160156
test,1565,420.5,422.4940185546875
test,4437,400.79998779296875,424.4051513671875
test,814,577.5999755859375,509.4249267578125
test,1486,511.1000061035156,506.87445068359375
test,4617,358.3999938964844,390.41156005859375
test,6307,289.79998779296875,303.29400634765625
test,2489,254.3000030517578,257.488525390625
test,8027,463.79998779296875,559.59033203125
test,6912,333.70001220703125,330.026611328125
test,3454,289.79998779296875,291.52813720703125
test,8264,456.0,469.3678283691406
test,1805,314.79998779296875,302.18218994140625
test,7708,469.5,452.8971862792969
test,6116,322.5,314.650146484375
test,758,401.5,373.7715148925781
test,4368,406.20001220703125,394.3656921386719
test,1579,338.20001220703125,378.13189697265625
test,6983,321.8999938964844,305.60455322265625
test,5860,282.79998779296875,278.76312255859375
test,634,648.0999755859375,653.4684448242188
test,7523,350.5,324.7080078125
test,5407,385.3999938964844,387.59014892578125
test,6897,276.79998779296875,248.1895751953125
test,7676,436.29998779296875,380.6636047363281
test,7249,383.1000061035156,373.7096862792969
test,6021,315.29998779296875,291.827392578125
test,3584,313.29998779296875,291.01031494140625
test,2258,348.3999938964844,316.3372802734375
test,3580,300.8999938964844,294.1670227050781
test,316,682.5999755859375,736.1953735351562
test,6557,341.70001220703125,299.1860046386719
test,4535,552.5999755859375,549.8143310546875
test,4317,591.7999877929688,544.0003662109375
test,1193,735.0,769.1764526367188
test,7468,358.29998779296875,356.39593505859375
test,3036,275.29998779296875,301.6314697265625
test,8230,782.7999877929688,726.6373291015625
test,7672,320.1000061035156,326.81671142578125
test,7287,344.1000061035156,290.20068359375
test,4168,603.0999755859375,596.74462890625
test,2378,261.5,286.1790771484375
test,5138,353.29998779296875,351.1974182128906
test,4387,434.1000061035156,403.6005554199219
test,2897,376.1000061035156,379.59783935546875
test,5933,316.3999938964844,333.6553955078125
test,3751,291.8999938964844,295.4247741699219
test,4922,437.5,426.5473937988281
test,5726,284.6000061035156,271.3751220703125
test,3249,322.29998779296875,352.17498779296875
test,1674,342.8999938964844,359.2228088378906
test,2560,254.0,226.53321838378906
test,7927,401.6000061035156,391.62933349609375
test,6812,364.79998779296875,294.60418701171875
test,2588,248.60000610351562,250.93841552734375
test,5096,403.79998779296875,375.599365234375
test,4336,529.5999755859375,515.2760009765625
test,6736,436.3999938964844,431.86688232421875
test,1410,371.6000061035156,389.84613037109375
test,1298,534.5,557.166259765625
test,2066,403.6000061035156,383.94036865234375
test,6757,266.20001220703125,266.828857421875
test,2450,283.20001220703125,296.62420654296875
test,589,760.0,711.50732421875
test,1002,626.0999755859375,616.8795166015625
test,5000,366.8999938964844,381.2290344238281
test,6105,320.70001220703125,291.5240783691406
test,8380,725.5999755859375,693.0322265625
test,204,795.0999755859375,797.8887939453125
test,1484,413.5,371.22601318359375
test,646,612.7000122070312,627.3668212890625
test,8615,530.2999877929688,528.6398315429688
test,1596,388.5,416.66229248046875
test,3528,332.8999938964844,323.75518798828125
test,1795,403.5,391.7271728515625
test,3076,417.70001220703125,352.08038330078125
test,4260,379.1000061035156,355.99072265625
test,6589,258.5,269.42578125
test,7924,398.0,436.1475830078125
test,8214,726.9000244140625,704.732666015625
test,8632,775.4000244140625,707.505126953125
test,8238,733.0,716.4271240234375
test,2608,223.60000610351562,239.81785583496094
test,7985,387.79998779296875,379.14007568359375
test,2276,282.9000244140625,315.8800354003906
test,3134,303.29998779296875,286.5083923339844
test,6399,432.29998779296875,449.7117919921875
test,2964,313.29998779296875,301.0779113769531
test,2762,304.8999938964844,306.27978515625
test,2457,289.29998779296875,295.0440979003906
test,1068,481.70001220703125,455.9084167480469
test,2671,212.8000030517578,230.6970977783203
test,8322,465.70001220703125,534.8944091796875
test,417,621.5999755859375,618.447509765625
test,1902,315.6000061035156,314.9178161621094
test,4013,300.29998779296875,298.85101318359375
test,2207,373.8999938964844,383.8448181152344
test,3910,549.4000244140625,555.4129638671875
test,8545,702.0999755859375,665.7745361328125
test,7456,375.6000061035156,412.66632080078125
test,6982,315.8999938964844,311.6566162109375
test,8083,463.5,501.90972900390625
test,1956,389.79998779296875,403.3712158203125
test,7208,338.29998779296875,331.8006591796875
test,7979,547.4000244140625,511.93804931640625
test,386,735.0,750.39697265625
test,2754,248.10000610351562,260.87445068359375
test,4210,548.2000122070312,526.471923828125
test,8630,705.7999877929688,682.7262573242188
test,7054,373.79998779296875,370.9211730957031
test,2966,386.1000061035156,397.5404052734375
test,2534,253.39999389648438,231.52345275878906
test,3044,344.70001220703125,316.4292907714844
test,1753,482.79998779296875,492.3412170410156
test,7789,464.6000061035156,446.2663879394531
test,6640,242.10000610351562,266.05108642578125
test,7915,375.3999938964844,386.26800537109375
test,6918,259.70001220703125,274.1611328125
test,7425,271.6000061035156,286.1114501953125
test,7969,459.6000061035156,448.3146667480469
test,2863,293.3999938964844,294.70831298828125
test,5805,273.70001220703125,282.4019775390625
test,85,660.5999755859375,636.3602294921875
test,7338,333.29998779296875,308.37689208984375
test,159,784.0999755859375,795.825927734375
test,7073,316.79998779296875,329.5916748046875
test,3122,387.3999938964844,393.70306396484375
test,6139,319.20001220703125,294.209228515625
test,989,489.8999938964844,493.484130859375
test,6528,376.0,395.6922302246094
test,5418,551.2999877929688,551.1264038085938
test,5692,345.1000061035156,314.828369140625
test,1897,333.8999938964844,337.2752990722656
test,801,533.0,513.57373046875
test,620,536.7999877929688,519.0646362304688
test,901,321.8999938964844,364.626220703125
test,5348,489.8999938964844,446.0291442871094
test,749,383.79998779296875,386.0576171875
test,8092,589.7000122070312,569.7371215820312
test,4154,446.29998779296875,510.949951171875
test,6096,325.5,300.71728515625
test,1556,497.20001220703125,466.9507141113281
test,4251,445.3999938964844,453.4706726074219
test,5086,504.20001220703125,490.17529296875
test,4367,418.6000061035156,412.8044738769531
test,3961,382.0,372.5628967285156
test,6831,410.29998779296875,381.81463623046875
test,1042,536.7999877929688,533.3922119140625
test,7069,314.8999938964844,334.25933837890625
test,183,733.2000122070312,759.3431396484375
test,2700,240.8000030517578,260.74163818359375
test,478,876.0,860.2003173828125
test,1448,398.0,425.8849182128906
test,8734,791.5,693.693359375
test,8316,700.2999877929688,724.1236572265625
test,7440,469.79998779296875,515.0672607421875
test,2046,378.3999938964844,356.9842834472656
test,7150,348.0,324.5938720703125
test,4804,380.5,399.92059326171875
test,1233,690.9000244140625,626.2498779296875
test,576,909.4000244140625,891.4796142578125
test,746,437.8999938964844,499.5437316894531
test,4999,369.70001220703125,379.0912780761719
test,597,622.9000244140625,615.1656494140625
test,1576,330.79998779296875,376.29876708984375
test,8739,758.0999755859375,791.346435546875
test,4928,354.20001220703125,384.65765380859375
test,6902,245.10000610351562,277.0995788574219
test,7342,402.0,361.58428955078125
test,2153,342.29998779296875,318.7117004394531
test,584,888.9000244140625,853.2937622070312
test,6777,278.0,279.291748046875
test,6190,314.8999938964844,316.9917297363281
test,5178,400.20001220703125,389.2879638671875
test,4661,421.20001220703125,425.1476745605469
test,5813,256.0,243.31570434570312
test,1569,416.29998779296875,404.5279846191406
test,7875,418.8999938964844,415.6028137207031
test,3487,270.29998779296875,259.97100830078125
test,8691,689.7999877929688,632.4125366210938
test,3240,426.20001220703125,467.7931213378906
test,3778,318.5,311.9554443359375
test,6856,315.5,292.5479736328125
test,3330,315.3999938964844,310.75067138671875
test,1827,454.29998779296875,476.9430847167969
test,3721,372.29998779296875,379.4997253417969
test,6556,391.3999938964844,312.0755310058594
test,2236,250.8000030517578,268.9122009277344
test,4233,427.79998779296875,430.5013732910156
test,4712,383.0,383.4745178222656
test,5841,255.0,239.35325622558594
test,1015,620.2999877929688,513.34326171875
test,6370,324.70001220703125,324.146728515625
test,6409,437.5,393.18328857421875
test,7238,457.6000061035156,425.9861755371094
test,4623,426.1000061035156,447.0762634277344
test,205,764.2999877929688,779.894287109375
test,3390,268.6000061035156,295.21478271484375
test,5690,372.70001220703125,327.7944030761719
test,3221,336.20001220703125,338.08087158203125
test,3472,252.6999969482422,233.76409912109375
test,3681,303.79998779296875,333.1636047363281
test,6768,294.5,313.3714294433594
test,2314,297.70001220703125,287.29876708984375
test,6147,318.6000061035156,311.058349609375
test,6038,275.39996337890625,274.188232421875
test,5215,333.3999938964844,306.3152160644531
test,7075,334.20001220703125,348.6231384277344
test,6582,286.79998779296875,281.8561706542969
test,3494,293.6000061035156,273.20172119140625
test,2873,342.6000061035156,344.80413818359375
test,7359,476.3999938964844,414.30987548828125
test,345,676.0,734.9264526367188
test,1950,366.6000061035156,352.9654541015625
test,4883,418.0,362.7410888671875
test,145,779.7000732421875,786.4820556640625
test,6395,395.0,365.30413818359375
test,562,833.5999755859375,804.6668701171875
test,1114,555.5,531.6538696289062
test,5561,355.70001220703125,343.9216003417969
test,5889,256.70001220703125,279.1155700683594
test,2632,271.0,238.2607879638672
test,2452,274.29998779296875,271.6417236328125
test,4347,482.1000061035156,538.3109130859375
test,8050,504.70001220703125,554.2744140625
test,667,493.6000061035156,513.5429077148438
test,7890,397.0,425.12249755859375
test,287,838.5,842.9862060546875
test,2215,338.79998779296875,320.9706115722656
test,8352,663.4000244140625,685.2682495117188
test,6755,287.70001220703125,316.7164611816406
test,8541,611.9000244140625,564.093017578125
test,6333,290.79998779296875,354.94342041015625
test,8250,655.5999755859375,699.6593017578125
test,4558,568.5999755859375,546.47705078125
test,3796,395.8999938964844,371.0662536621094
test,7066,362.1000061035156,361.8709716796875
test,261,697.7999877929688,753.6884765625
test,8382,724.9000244140625,721.383056640625
test,764,385.3999938964844,380.82598876953125
test,6705,290.70001220703125,291.8857421875
test,7378,343.6000061035156,378.4578857421875
test,3797,368.0,337.25787353515625
test,2685,435.1000061035156,335.12835693359375
test,503,691.2999877929688,711.0762329101562
test,1259,762.2999877929688,762.2998046875
test,1023,645.5999755859375,645.1707763671875
test,6424,468.79998779296875,473.5902404785156
test,7210,377.5,369.7061767578125
test,6243,304.79998779296875,303.9632263183594
test,314,707.0999755859375,823.3544311523438
test,5413,500.0,531.8136596679688
test,886,539.7000122070312,584.1495361328125
test,3610,242.5,270.69989013671875
test,2903,484.29998779296875,470.1149597167969
test,2226,281.79998779296875,291.21240234375
test,1540,410.70001220703125,467.27874755859375
test,5905,314.29998779296875,317.8538513183594
test,4462,424.79998779296875,461.09503173828125
test,1732,530.2999877929688,509.87353515625
test,1836,451.79998779296875,398.4314880371094
test,7759,412.8999938964844,406.5949401855469
test,8053,558.7000122070312,519.0050659179688
test,2607,223.00001525878906,231.65725708007812
test,2407,256.70001220703125,275.3766784667969
test,7784,392.20001220703125,400.2805480957031
test,8578,473.1000061035156,511.6171875
test,7482,266.5,318.3443603515625
test,2248,258.5,276.11767578125
test,4054,486.20001220703125,485.2851867675781
test,805,683.9000244140625,620.0103759765625
test,4842,489.5,439.9650573730469
test,7883,440.70001220703125,436.3202819824219
test,8310,721.7000122070312,683.4859619140625
test,7505,356.70001220703125,412.9928894042969
test,5649,305.3999938964844,302.88250732421875
test,3129,288.20001220703125,289.05517578125
test,3750,305.70001220703125,296.81341552734375
test,2263,241.39999389648438,257.82476806640625
test,1885,339.3999938964844,353.43829345703125
test,3502,366.8999938964844,313.8353271484375
test,6157,282.3999938964844,262.73236083984375
test,3949,360.1000061035156,373.1986083984375
test,446,588.9000244140625,615.3766479492188
test,781,545.9000244140625,486.9697265625
test,2423,334.8999938964844,320.5773620605469
test,2686,405.1000061035156,330.426513671875
test,6107,332.3999938964844,312.5958251953125
test,7191,337.70001220703125,342.6541748046875
test,2239,241.3000030517578,265.041748046875
test,3577,325.29998779296875,304.3335266113281
test,8654,604.9000244140625,579.2288818359375
test,277,762.7000122070312,715.3668212890625
test,7422,292.5,290.40185546875
test,2743,202.39999389648438,214.4244384765625
test,5640,350.1000061035156,368.18359375
test,8155,589.5999755859375,572.7522583007812
test,7604,399.3999938964844,364.7257995605469
test,5382,402.79998779296875,395.047119140625
test,7104,338.79998779296875,340.9105529785156
test,2290,250.3000030517578,273.86578369140625
test,1669,441.6000061035156,447.0468444824219
test,6950,302.8999938964844,270.1895751953125
test,2645,279.20001220703125,268.40216064453125
test,1775,401.20001220703125,418.9225769042969
test,515,790.5,796.1841430664062
test,6738,394.70001220703125,377.49713134765625
test,1041,505.79998779296875,523.6054077148438
test,1810,314.0,295.8892822265625
test,6138,298.70001220703125,289.4417419433594
test,7272,351.29998779296875,348.17779541015625
test,485,786.2999877929688,790.892578125
test,4042,368.6000061035156,308.45355224609375
test,8665,632.0,591.4990844726562
test,2491,263.0,269.26220703125
test,6354,295.8999938964844,291.833984375
test,7199,378.79998779296875,371.61224365234375
test,2275,283.70001220703125,304.409423828125
test,4982,389.3999938964844,383.9696044921875
test,5137,362.3999938964844,343.5355529785156
test,3003,298.1000061035156,297.5731201171875
test,6045,283.8999938964844,292.20745849609375
test,3595,520.4000244140625,505.3983154296875
test,836,330.70001220703125,343.05322265625
test,2616,320.0,282.79571533203125
test,6853,348.6000061035156,324.24359130859375
test,6160,309.0,263.42230224609375
test,7663,362.1000061035156,369.7059326171875
test,5195,402.3999938964844,342.9763488769531
test,7683,427.5,446.4397888183594
test,52,692.9000244140625,729.5744018554688
test,3649,315.5,300.27935791015625
test,8563,540.5999755859375,503.8542175292969
test,6877,329.20001220703125,326.6282958984375
test,7030,381.8999938964844,332.3983154296875
test,3807,363.0,396.2991943359375
test,2942,328.0,326.2368469238281
test,5793,260.8999938964844,246.84353637695312
test,2545,263.79998779296875,284.5171203613281
test,7807,390.5,384.7722473144531
test,6610,312.70001220703125,305.84967041015625
test,2706,249.60000610351562,237.759521484375
test,1173,485.8999938964844,480.6566162109375
test,5147,287.0,283.6794128417969
test,2297,297.8999938964844,274.7103271484375
test,4874,412.6000061035156,431.08929443359375
test,5412,502.5,488.6480712890625
test,7645,451.70001220703125,431.17913818359375
test,7433,332.1000061035156,343.99468994140625
test,227,722.9000244140625,745.9439086914062
test,247,676.0,670.4157104492188
test,8010,606.7000122070312,618.442626953125
test,2769,246.00001525878906,257.4947509765625
test,1252,690.4000244140625,716.018310546875
test,3139,410.1000061035156,375.3594665527344
test,8002,607.4000244140625,594.1140747070312
test,1824,414.79998779296875,401.2596740722656
test,4390,466.79998779296875,414.0327453613281
test,3869,370.1000061035156,362.972412109375
test,3282,445.29998779296875,478.775634765625
test,2798,221.0,230.2469940185547
test,4185,503.8999938964844,480.58160400390625
test,4757,528.7000122070312,502.6466064453125
test,1911,373.29998779296875,335.2296142578125
test,3557,298.5,292.32403564453125
test,7364,451.20001220703125,381.5901184082031
test,7850,476.79998779296875,448.9132080078125
test,6813,372.70001220703125,327.1837463378906
test,2572,289.3999938964844,273.7008056640625
test,2157,482.20001220703125,439.0480651855469
test,3948,351.8999938964844,357.12445068359375
test,6996,315.0,318.65673828125
test,8674,625.5999755859375,579.0726318359375
test,7909,458.79998779296875,404.3088684082031
test,2648,261.29998779296875,268.8420715332031
test,1649,382.29998779296875,376.783447265625
test,7305,337.8999938964844,307.05877685546875
test,4700,521.5999755859375,573.6951904296875
test,4912,424.79998779296875,430.791748046875
test,6502,462.1000061035156,450.0303649902344
test,1371,470.5,486.31988525390625
test,1513,440.1000061035156,489.60748291015625
test,809,471.5,396.9761047363281
test,3368,286.29998779296875,289.84759521484375
test,867,432.1000061035156,472.6990661621094
test,2229,293.6000061035156,318.7550048828125
test,5992,348.20001220703125,316.8883056640625
test,2635,293.20001220703125,273.1562194824219
test,948,514.0999755859375,524.468505859375
test,3477,291.0,279.3389892578125
test,4487,552.2999877929688,508.1051025390625
test,2213,341.70001220703125,340.71954345703125
test,6593,234.3000030517578,259.3218994140625
test,838,369.79998779296875,412.5351257324219
test,3281,423.6000061035156,444.41845703125
test,4026,331.29998779296875,319.69610595703125
test,401,663.2000122070312,650.629638671875
test,7817,409.1000061035156,373.2998352050781
test,6140,328.20001220703125,300.6508483886719
test,3545,321.0,325.0533447265625
test,1901,318.5,322.0402526855469
test,149,749.4000244140625,744.218994140625
test,3142,462.3999938964844,416.7487487792969
test,5375,516.7999877929688,509.4848327636719
test,4524,641.7000122070312,584.2640380859375
test,2817,275.8999938964844,307.9360046386719
test,7849,444.79998779296875,432.0841064453125
test,4109,402.6000061035156,440.396728515625
test,8160,573.0999755859375,555.4100952148438
test,7490,357.6000061035156,335.1697692871094
test,2775,316.0,309.5582275390625
test,7723,429.5,432.669189453125
test,7703,516.2999877929688,505.80230712890625
test,1182,642.2000122070312,671.83935546875
test,7816,410.0,364.24847412109375
test,6943,336.8999938964844,321.6351013183594
test,95,729.2000122070312,725.484130859375
test,2894,317.0,305.4600830078125
test,2396,281.3999938964844,270.79840087890625
test,1117,563.9000244140625,555.8692626953125
test,6644,305.5,334.7942199707031
test,3056,321.5,296.55657958984375
test,1287,351.20001220703125,343.4547424316406
test,2459,299.6000061035156,276.14483642578125
test,2299,304.20001220703125,304.7244873046875
test,2836,301.29998779296875,311.4591369628906
test,5626,288.20001220703125,306.3692321777344
test,7246,436.8999938964844,426.4691467285156
test,6097,337.5,305.47979736328125
test,6050,290.1000061035156,298.52801513671875
test,5082,603.7999877929688,569.0333251953125
test,8171,659.5,637.637451171875
test,7660,427.3999938964844,435.2544860839844
test,2440,277.6000061035156,289.832275390625
test,1240,507.6000061035156,514.6881713867188
test,2255,363.70001220703125,320.95489501953125
test,1630,524.7999877929688,421.2338562011719
test,7280,330.0,310.992431640625
test,6809,320.6000061035156,274.7171630859375
test,6349,274.5,298.8847961425781
test,4075,576.5,553.4000854492188
test,4172,651.9000244140625,632.9610595703125
test,5630,309.79998779296875,344.10382080078125
test,1595,419.5,429.9714660644531
test,8713,677.7999877929688,668.1378784179688
test,7537,448.0,436.45458984375
test,6704,275.20001220703125,279.48748779296875
test,5601,298.3999938964844,300.45849609375
test,323,627.2000122070312,725.8408813476562
test,8285,543.2999877929688,568.3963623046875
test,5118,341.6000061035156,309.57159423828125
test,8060,535.2999877929688,573.327880859375
test,840,425.79998779296875,433.715087890625
test,6907,244.89999389648438,277.95458984375
test,5509,365.20001220703125,363.0172119140625
test,7565,473.20001220703125,449.7013854980469
test,4660,411.8999938964844,422.5963439941406
test,7554,511.1000061035156,517.9053344726562
test,2715,265.1000061035156,267.2845153808594
test,3525,373.5,315.9263000488281
test,4088,342.70001220703125,348.05218505859375
test,440,512.4000244140625,492.64593505859375
test,8061,586.2999877929688,549.8982543945312
test,1393,402.20001220703125,414.6125793457031
test,1900,312.1000061035156,330.91729736328125
test,81,748.2999877929688,710.5790405273438
test,432,610.0,589.8121337890625
test,2359,309.70001220703125,281.6965637207031
test,7017,271.79998779296875,264.203857421875
test,450,783.5999755859375,775.3905029296875
test,3124,327.1000061035156,311.9600524902344
test,5706,347.8999938964844,315.1419372558594
test,3414,260.29998779296875,281.5789794921875
test,1564,416.6000061035156,411.74652099609375
test,7032,388.3999938964844,365.58331298828125
test,5646,327.8999938964844,313.5332336425781
test,4629,493.20001220703125,529.0113525390625
test,2778,361.70001220703125,338.43804931640625
test,8297,553.4000244140625,542.37109375
test,8125,665.0999755859375,650.101806640625
test,6183,321.3999938964844,297.30322265625
test,7356,436.8999938964844,422.95281982421875
test,3475,257.4000244140625,264.701416015625
test,7255,323.1000061035156,304.21197509765625
test,5,376.3999938964844,388.3551025390625
test,1621,505.70001220703125,417.80322265625
test,442,486.29998779296875,473.2003479003906
test,8113,463.0,432.8865661621094
test,5505,378.3999938964844,354.54669189453125
test,5452,425.0,423.37420654296875
test,7958,427.29998779296875,410.2021179199219
test,1383,516.2000122070312,494.25787353515625
test,7022,298.29998779296875,263.42669677734375
test,7291,367.8999938964844,356.6901550292969
test,8493,634.2000122070312,628.6326904296875
test,3687,294.0,298.5375671386719
test,1735,508.20001220703125,472.7726135253906
test,2035,354.1000061035156,321.9886779785156
test,4159,403.1000061035156,412.3294982910156
test,1532,398.3999938964844,402.4409484863281
test,718,413.0,472.04547119140625
test,998,573.9000244140625,525.0739135742188
test,6088,320.70001220703125,298.04071044921875
test,6798,290.5,268.483642578125
test,1499,513.5999755859375,452.641357421875
test,1508,313.0,301.6953125
test,279,601.0,624.6865234375
test,8469,432.70001220703125,479.7343444824219
test,7063,312.29998779296875,305.97021484375
test,8151,587.5999755859375,592.9479370117188
test,8257,570.7999877929688,630.0575561523438
test,8241,742.5,737.5092163085938
test,7751,440.6000061035156,472.8961486816406
test,4506,548.0999755859375,532.97119140625
test,4785,376.6000061035156,354.25543212890625
test,1661,550.2999877929688,503.6083679199219
test,7904,419.5,382.2537841796875
test,4630,469.1000061035156,502.8995056152344
test,2165,260.70001220703125,280.7059326171875
test,7754,467.8999938964844,426.7968444824219
test,2420,347.1000061035156,303.5381164550781
test,7178,440.70001220703125,390.0118103027344
test,669,491.8999938964844,573.6568603515625
test,6207,320.20001220703125,316.58184814453125
test,4831,427.5,396.22113037109375
test,7169,370.1000061035156,342.9231262207031
test,4263,372.5,350.23980712890625
test,3148,413.1000061035156,339.4356689453125
test,2361,314.70001220703125,296.894775390625
test,2344,268.3999938964844,264.12249755859375
test,1526,444.5,414.56170654296875
test,3909,541.4000244140625,548.9769287109375
test,2665,300.5,323.88580322265625
test,2827,275.1000061035156,279.9031982421875
test,2260,277.3999938964844,266.10430908203125
test,3027,278.6000061035156,313.8503723144531
test,1058,441.70001220703125,442.8455810546875
test,1081,584.9000244140625,639.718505859375
test,1815,354.20001220703125,378.7088317871094
test,6052,298.20001220703125,302.6429748535156
test,1296,518.2999877929688,461.4800720214844
test,6576,339.70001220703125,366.5824279785156
test,5623,283.3999938964844,283.02642822265625
test,4924,429.5,425.449462890625
test,2499,279.70001220703125,295.95355224609375
test,528,905.0,858.558837890625
test,5091,501.20001220703125,415.912353515625
test,1219,790.5999755859375,774.3096313476562
test,4382,377.5,358.7889099121094
test,4410,418.79998779296875,416.0758056640625
test,6090,303.1000061035156,303.59979248046875
test,333,706.5,767.5042724609375
test,8374,738.7999877929688,706.0980224609375
test,6193,299.70001220703125,331.0906677246094
test,3590,375.8999938964844,363.35626220703125
test,4783,383.5,354.17034912109375
test,7819,419.20001220703125,394.3011474609375
test,4137,345.29998779296875,349.162841796875
test,3606,260.70001220703125,271.47784423828125
test,4371,362.20001220703125,407.61468505859375
test,675,628.7000122070312,606.522216796875
test,5952,396.70001220703125,390.9175109863281
test,3375,370.29998779296875,397.3665466308594
test,1137,528.5,507.9252014160156
test,5004,437.0,385.219970703125
test,437,533.7000122070312,546.1846313476562
test,491,815.2000122070312,798.630126953125
test,2189,386.29998779296875,374.7261657714844
test,4802,429.20001220703125,404.6944274902344
test,5668,405.3999938964844,408.06109619140625
test,5729,306.20001220703125,294.72076416015625
