split,row_index,y_true,y_pred
train,1104,-5685.0419921875,-5802.82421875
train,4913,-4718.8330078125,-4841.03125
train,2036,-7470.76708984375,-7529.419921875
train,2989,-3394.5458984375,-3555.14453125
train,3550,-2547.31201171875,-2150.5908203125
train,3571,-5181.8359375,-4895.837890625
train,5200,-1203.177978515625,-1200.997802734375
train,621,-6351.248046875,-6179.52734375
train,4471,742.911865234375,788.422119140625
train,812,-1167.06494140625,-1151.207275390625
train,4891,-4969.990234375,-5162.74609375
train,5642,1222.288818359375,1133.003173828125
train,1206,1061.609130859375,988.165283203125
train,5388,-6480.77783203125,-6296.71484375
train,6248,-98.132080078125,104.12060546875
train,6142,-3246.01708984375,-2905.139892578125
train,1463,-2462.925048828125,-2831.61328125
train,910,-7054.0078125,-6623.4453125
train,1718,-5669.7890625,-5602.310546875
train,4998,-3994.925048828125,-4291.88623046875
train,63,-1519.85498046875,-997.855224609375
train,6446,-856.893798828125,-913.233154296875
train,208,-1274.743896484375,-1113.16015625
train,5557,-2242.0390625,-2265.169677734375
train,1273,-1893.85302734375,-1821.6920166015625
train,1166,-4092.256103515625,-3873.423828125
train,2682,-3967.48291015625,-4226.7216796875
train,767,-5851.009765625,-6067.87109375
train,5818,-10053.88671875,-9942.0595703125
train,5259,-1842.634033203125,-1565.82958984375
train,2505,-4175.173828125,-4126.986328125
train,337,-1169.524169921875,-749.297607421875
train,4632,-3737.529052734375,-3360.744873046875
train,350,-1631.9990234375,-1439.27001953125
train,6135,-1153.120849609375,-857.079345703125
train,6358,-2940.489990234375,-3066.056640625
train,5210,-5981.31396484375,-6225.05224609375
train,517,-2521.014892578125,-2771.30615234375
train,361,-5660.5751953125,-5757.72265625
train,1728,-8122.869140625,-8200.89453125
train,2211,-824.80517578125,-605.666748046875
train,2352,-3100.821044921875,-2696.504150390625
train,5415,-3196.98291015625,-3184.2421875
train,4763,-33.174072265625,13.330078125
train,4585,-3920.886962890625,-3388.69482421875
train,3993,-3452.763916015625,-3116.59765625
train,1010,-4435.65087890625,-4476.50439453125
train,3448,-450.546875,178.2763671875
train,5665,-8660.8251953125,-8680.1064453125
train,5241,-2981.64208984375,-3011.708251953125
train,6473,-3864.756103515625,-3787.839111328125
train,1284,-3244.587890625,-3387.261962890625
train,276,-3506.549072265625,-3128.08544921875
train,6463,-5911.751953125,-5846.009765625
train,2196,-6445.64208984375,-6356.6259765625
train,2381,-3296.1279296875,-2926.40380859375
train,2898,-3484.451904296875,-3731.03564453125
train,3612,-3549.610107421875,-3247.912109375
train,2164,-3756.672119140625,-3823.65966796875
train,4863,1333.123291015625,1092.338134765625
train,4169,-3406.197021484375,-3593.86474609375
train,6091,-3016.4189453125,-3088.21142578125
train,4960,-2781.972900390625,-2575.453857421875
train,4859,-5583.8798828125,-5249.70263671875
train,192,-2626.7958984375,-3019.6181640625
train,181,-4994.47998046875,-4294.8486328125
train,2180,-2042.2220458984375,-1711.468017578125
train,2284,-8284.6865234375,-8118.927734375
train,2004,-1959.8740234375,-1688.9154052734375
train,6295,-2903.93408203125,-2964.775146484375
train,5497,-4562.876953125,-4343.55810546875
train,5587,-4139.63623046875,-4270.1181640625
train,3167,-5699.380859375,-5727.84375
train,3034,-49.6298828125,243.0888671875
train,5008,-3043.805908203125,-3002.396484375
train,4228,-3797.97412109375,-3201.14453125
train,971,944.670166015625,460.948486328125
train,5635,-1009.331298828125,-1435.281005859375
train,4557,-5551.8720703125,-5386.06689453125
train,4797,-3873.077880859375,-3723.30810546875
train,3164,-64.587890625,-284.529541015625
train,4438,-2231.319091796875,-2359.63330078125
train,411,-3649.032958984375,-3454.444580078125
train,1748,-4457.3671875,-4172.6396484375
train,2041,-6611.8271484375,-6895.4638671875
train,3116,-8156.4365234375,-8023.447265625
train,4174,-2192.77880859375,-2067.011474609375
train,6333,-7316.74609375,-7308.51904296875
train,16,-7606.7548828125,-7608.27734375
train,3446,-2855.97412109375,-2446.76806640625
train,4112,-7039.04296875,-7038.892578125
train,2726,1757.404052734375,1251.374267578125
train,2379,-4766.453125,-5008.978515625
train,5772,-815.76904296875,-795.033447265625
train,4029,584.716064453125,115.95751953125
train,4498,-2952.02294921875,-3093.57861328125
train,6454,-7652.958984375,-7628.30224609375
train,6352,-3462.131103515625,-3178.7412109375
train,2053,-8637.0283203125,-8442.6640625
train,5238,-1023.05908203125,-1043.541748046875
train,518,-6473.3828125,-6376.875
train,3149,-669.583251953125,-707.190185546875
train,2557,-1952.43603515625,-1659.678955078125
train,697,-8344.892578125,-8384.6904296875
train,5631,-3222.37109375,-3086.9873046875
train,895,-3802.297119140625,-3912.220947265625
train,5266,-9703.234375,-9483.154296875
train,5977,282.810791015625,176.19580078125
train,2392,-6922.31201171875,-7237.609375
train,1921,-6918.31103515625,-7058.72265625
train,4963,-2254.368896484375,-2280.419921875
train,5755,-3261.722900390625,-3334.00439453125
train,3002,-4479.5478515625,-4625.25439453125
train,4459,-4340.84521484375,-4184.16064453125
train,6367,-4357.1767578125,-4152.484375
train,2076,-8321.2412109375,-8085.2900390625
train,5203,-309.10205078125,-390.112548828125
train,5704,-2467.98095703125,-2496.733642578125
train,2566,-2820.77392578125,-2729.0732421875
train,1416,1440.964111328125,1306.756103515625
train,3051,-6136.26416015625,-6169.99658203125
train,4069,-5333.55712890625,-5102.41796875
train,6415,-2994.366943359375,-2972.26171875
train,4282,-4069.618896484375,-4035.348876953125
train,906,-3915.053955078125,-3914.580322265625
train,3675,-3662.54296875,-3462.41357421875
train,1174,-2494.64892578125,-2143.745361328125
train,3301,-6074.3779296875,-5940.3974609375
train,2350,-3228.68408203125,-2975.955810546875
train,5206,-2106.055908203125,-1773.439208984375
train,1127,-3745.985107421875,-3801.762451171875
train,2768,-1957.27392578125,-1723.2384033203125
train,5702,-3908.1259765625,-3611.493896484375
train,1719,3098.720947265625,3169.218505859375
train,557,-2310.013916015625,-2555.115234375
train,1112,-5295.4658203125,-5032.7041015625
train,1642,-5581.77294921875,-5155.2333984375
train,330,-1546.392822265625,-1226.959716796875
train,925,-1953.574951171875,-1818.94287109375
train,4561,-7668.3271484375,-7701.03515625
train,6361,-4697.4130859375,-4784.28662109375
train,4520,-2467.531005859375,-2383.481689453125
train,3872,-7384.7138671875,-7292.619140625
train,4806,-3338.80908203125,-3056.3564453125
train,2633,-1862.2779541015625,-1649.01806640625
train,4277,-2174.72705078125,-1863.167236328125
train,2083,1045.677978515625,966.421142578125
train,2506,-2694.366943359375,-2759.224365234375
train,3764,-60.2548828125,-14.296630859375
train,1277,-3205.8359375,-2604.001708984375
train,3943,-6039.91796875,-6273.5556640625
train,4394,-458.285888671875,-565.887451171875
train,2605,-1199.97900390625,-1080.775390625
train,5100,602.536865234375,646.709716796875
train,1975,-3445.6650390625,-3361.92431640625
train,2253,-4688.76611328125,-3982.90087890625
train,24,-2276.84716796875,-1990.1259765625
train,4615,-5231.51123046875,-4811.53662109375
train,5707,-8630.1357421875,-8493.5263671875
train,3418,-1414.291015625,-1246.627685546875
train,5169,-3321.948974609375,-3469.2978515625
train,4683,-653.848876953125,-867.184814453125
train,428,-4263.22998046875,-4456.79736328125
train,4148,-7233.22021484375,-6829.5927734375
train,500,-3431.3759765625,-3178.7724609375
train,3209,979.200927734375,758.126220703125
train,6399,-2843.403076171875,-2625.946533203125
train,2002,-4012.965087890625,-3942.543212890625
train,4996,-5786.52685546875,-5774.9453125
train,6053,-6490.705078125,-6508.6943359375
train,1036,-2073.05029296875,-2402.337158203125
train,4978,-4897.81396484375,-4893.654296875
train,1983,510.982177734375,545.662353515625
train,5625,-6088.708984375,-6430.87744140625
train,5546,-8203.9638671875,-8222.2890625
train,2059,-1037.82470703125,-902.89599609375
train,4858,-7986.2939453125,-8469.5517578125
train,5133,-2836.22900390625,-2714.91796875
train,3133,-478.9150390625,-577.45751953125
train,2978,-2554.819091796875,-2331.3935546875
train,3193,-3502.424072265625,-3845.67529296875
train,1051,-7072.435546875,-7553.248046875
train,802,-4618.39404296875,-4600.84619140625
train,5284,-1979.568115234375,-1943.5281982421875
train,4362,-3713.469970703125,-3820.602783203125
train,5798,-3893.2119140625,-4013.3056640625
train,2773,-2987.93798828125,-2658.880126953125
train,4314,-3196.612060546875,-3579.202392578125
train,5599,-6395.3330078125,-6018.798828125
train,5922,-3438.2939453125,-3343.556640625
train,6457,-729.821044921875,-1121.912109375
train,4577,-6110.23291015625,-6158.4111328125
train,2098,265.448974609375,489.500732421875
train,4275,-6750.30419921875,-6920.015625
train,3245,-63.50390625,58.98583984375
train,926,-8623.8662109375,-9231.451171875
train,6005,-1451.1259765625,-1536.296875
train,4202,1999.579833984375,2358.931884765625
train,5408,-610.5390625,-501.32568359375
train,638,-2695.39599609375,-2758.829345703125
train,90,-7707.85888671875,-7348.1123046875
train,4497,-5568.6611328125,-5916.37939453125
train,3188,-5226.84814453125,-4928.9326171875
train,5830,-3590.202880859375,-3411.66650390625
train,5442,-892.052001953125,-624.131591796875
train,156,-5102.85693359375,-5336.5400390625
train,1183,-5624.17578125,-5466.5595703125
train,3744,-7620.64794921875,-7342.1474609375
train,6061,-7109.9111328125,-7003.8359375
train,143,-2030.3360595703125,-1768.260009765625
train,1943,-7462.8408203125,-7470.81494140625
train,1244,-8745.833984375,-8723.8056640625
train,3581,-4983.53076171875,-5145.63623046875
train,6031,367.64306640625,200.949462890625
train,1452,-7586.84716796875,-7428.6904296875
train,1235,-5334.35595703125,-5423.236328125
train,4161,-2420.180908203125,-2081.263671875
train,5610,-8463.9990234375,-8603.0498046875
train,416,-5325.35986328125,-4728.93505859375
train,3889,-1860.093017578125,-1409.539794921875
train,5349,-1679.3719482421875,-1771.0894775390625
train,6018,-778.067138671875,-384.088134765625
train,5108,-2163.48193359375,-2143.29541015625
train,5144,-10284.9921875,-10069.3642578125
train,2240,-5400.18115234375,-5815.15966796875
train,1138,-4551.2490234375,-4500.009765625
train,5308,-6717.1201171875,-6709.9853515625
train,3804,-6764.8662109375,-6383.130859375
train,1435,-4937.97802734375,-5726.77734375
train,6062,-3748.8359375,-3900.538818359375
train,4604,-1579.233154296875,-1502.374267578125
train,4593,-1616.7020263671875,-1291.53564453125
train,917,-2756.14794921875,-2827.422607421875
train,2924,1283.875244140625,1127.276123046875
train,4530,-1210.006103515625,-997.531005859375
train,2935,-6178.34912109375,-6387.9892578125
train,5381,-5622.13818359375,-5817.8369140625
train,5724,1842.195068359375,2087.468017578125
train,6184,-1382.057861328125,-1108.032470703125
train,2819,-4282.2109375,-4841.43212890625
train,1496,-3205.467041015625,-3791.072265625
train,502,-24.302978515625,-420.966796875
train,3530,-2730.06298828125,-3307.0078125
train,1759,-5908.06982421875,-5965.85205078125
train,6387,288.639892578125,-104.520263671875
train,5291,-7702.80078125,-7495.1728515625
train,5310,-1436.198974609375,-1891.984619140625
train,5373,-6942.1640625,-6854.111328125
train,1000,-1409.278076171875,-1136.5478515625
train,4988,-5966.94677734375,-6108.828125
train,2351,-3961.009033203125,-3945.143310546875
train,96,742.864990234375,942.646728515625
train,922,-4867.033203125,-4762.33203125
train,4400,-6505.06298828125,-6328.8916015625
train,3288,-4874.92578125,-4746.7421875
train,2565,-2125.591064453125,-1988.7294921875
train,3976,-2343.388916015625,-2448.32421875
train,1727,-2969.56591796875,-3617.94482421875
train,3433,-2538.864990234375,-2503.017333984375
train,4078,-6948.07080078125,-7011.935546875
train,2000,-2943.492919921875,-3017.467529296875
train,582,-3859.242919921875,-3975.47998046875
train,2828,-2068.74609375,-1998.016845703125
train,6342,-2367.50390625,-2799.611328125
train,4331,-4526.7431640625,-4769.36328125
train,2654,-109.23828125,-131.971435546875
train,828,-355.15087890625,-264.977783203125
train,2651,-6013.60302734375,-6584.1796875
train,3151,-0.635986328125,150.34228515625
train,722,-8067.6005859375,-8144.6376953125
train,1920,-1004.489990234375,-823.325439453125
train,724,-5294.69091796875,-5467.0986328125
train,1358,-7387.47021484375,-7272.2490234375
train,1177,-8634.25390625,-8443.8671875
train,5925,-8672.189453125,-8686.8115234375
train,2228,-4614.80078125,-4510.2138671875
train,1627,-1041.597900390625,-1178.92041015625
train,4939,-5816.60888671875,-5726.0048828125
train,6117,-6219.953125,-6131.0625
train,3247,-5705.30908203125,-5652.54638671875
train,3559,-1952.4110107421875,-1720.2947998046875
train,5437,-926.728759765625,-1352.178466796875
train,5046,-5268.97021484375,-5286.1240234375
train,864,-3572.125,-3417.55810546875
train,5005,-949.52392578125,-767.920166015625
train,3982,-3556.364013671875,-3651.5390625
train,2120,-4649.77685546875,-4427.11474609375
train,2429,-3611.15087890625,-3724.125
train,355,-3125.31689453125,-3357.890625
train,3012,-3609.263916015625,-3382.33642578125
train,6413,-5169.79296875,-5280.9248046875
train,6386,-4860.68701171875,-4740.02734375
train,1934,-2709.118896484375,-2710.53076171875
train,2904,-587.85498046875,-549.983642578125
train,3962,-5422.89208984375,-5245.115234375
train,80,-4924.9189453125,-4964.962890625
train,2886,-4569.35009765625,-4449.56201171875
train,48,-7511.7451171875,-7407.181640625
train,3518,-4949.0380859375,-5124.3701171875
train,5048,-3107.781005859375,-2801.16748046875
train,3659,-5606.36279296875,-5571.7177734375
train,4409,-3374.673095703125,-3515.88134765625
train,2439,-1113.953857421875,-1155.281494140625
train,2397,-2060.635986328125,-2460.572021484375
train,728,-4127.9150390625,-4662.67822265625
train,1119,-1986.5789794921875,-2098.815185546875
train,4657,-4211.93994140625,-4174.87109375
train,4751,-993.8310546875,-795.3447265625
train,860,-1152.829833984375,-1858.82666015625
train,535,-6570.033203125,-6467.0244140625
train,1770,-8755.2568359375,-9079.6767578125
train,4980,-5391.123046875,-5336.5283203125
train,2110,-7350.08984375,-7652.8037109375
train,5456,-3261.068115234375,-3260.826171875
train,3935,-6339.0927734375,-6666.3583984375
train,6290,-109.52099609375,-282.673828125
train,3743,-4171.7021484375,-3947.15087890625
train,3693,-9169.208984375,-8899.2646484375
train,4353,-3615.26904296875,-3805.7685546875
train,4018,-6760.6220703125,-6943.96435546875
train,4173,-5145.15087890625,-5165.134765625
train,1648,-2956.783935546875,-2915.603759765625
train,285,-2336.14306640625,-2259.1015625
train,3726,-6946.02978515625,-7343.72021484375
train,6164,-4002.930908203125,-4682.87353515625
train,1163,-6090.40478515625,-6102.81103515625
train,1401,-3080.928955078125,-3138.915283203125
train,2823,-2913.881103515625,-2807.782470703125
train,3436,-9903.962890625,-10087.0283203125
train,6402,-4905.72802734375,-5013.8173828125
train,4099,-3348.552001953125,-3339.112060546875
train,1976,-1308.884033203125,-1127.89013671875
train,1400,-6427.25390625,-6417.201171875
train,4956,-4612.73095703125,-4450.13427734375
train,3355,460.086181640625,615.856689453125
train,4690,-6419.63720703125,-6259.6494140625
train,3758,-7562.0537109375,-7896.9990234375
train,2730,-7029.84716796875,-6383.12158203125
train,39,-3721.81103515625,-3761.41650390625
train,4207,621.447021484375,416.652587890625
train,5786,-1194.041015625,-708.82666015625
train,4598,512.834228515625,243.01123046875
train,1801,-3388.639892578125,-2929.91943359375
train,324,-4975.13720703125,-4935.701171875
train,5141,-4270.27880859375,-4464.58837890625
train,2521,-1391.2099609375,-1475.784423828125
train,592,-7439.93896484375,-7782.171875
train,1451,-3725.72900390625,-3733.61962890625
train,3212,536.535888671875,421.09521484375
train,3916,-5871.078125,-5932.9912109375
train,3855,-2577.458984375,-2276.86279296875
train,1384,-5254.31787109375,-5215.3759765625
train,1891,-3448.488037109375,-3489.2724609375
train,1473,-3429.443115234375,-3110.401123046875
train,5556,-4563.337890625,-4597.65478515625
train,56,-2115.5849609375,-2167.61865234375
train,5164,-7183.916015625,-6810.5361328125
train,4667,-7552.57421875,-7556.4052734375
train,6055,-1520.680908203125,-1542.8876953125
train,4608,-3822.156982421875,-3413.026611328125
train,2892,-4783.37109375,-4669.9912109375
train,3250,-5182.5869140625,-5031.31884765625
train,2564,-1780.0399169921875,-1666.224365234375
train,5123,-5488.6689453125,-5127.00048828125
train,6273,-7961.2041015625,-7599.015625
train,929,-1706.7760009765625,-1663.935546875
train,757,-872.6220703125,-1270.783935546875
train,5429,910.386962890625,741.642333984375
train,3873,-3721.126953125,-3672.240478515625
train,3511,-2861.39111328125,-2735.85302734375
train,1429,-1556.112060546875,-1476.15380859375
train,3453,-1576.406982421875,-1497.7412109375
train,1495,-2307.783935546875,-2613.59423828125
train,135,-4055.18798828125,-3926.208740234375
train,5093,-4258.35400390625,-4458.27099609375
train,146,-5432.1611328125,-5304.28857421875
train,4499,-5168.39111328125,-4829.04833984375
train,3093,-7537.5068359375,-7525.7294921875
train,5531,-9242.4404296875,-8946.6025390625
train,2998,1151.704833984375,1524.794677734375
train,4255,-1926.614990234375,-1522.677734375
train,2411,-1666.1510009765625,-2024.246826171875
train,5007,-3184.943115234375,-3189.390380859375
train,1622,-1209.092041015625,-1344.896728515625
train,2148,-3560.033935546875,-4088.234619140625
train,2362,-5313.09912109375,-5210.7822265625
train,3356,283.003662109375,265.68017578125
train,3256,-4573.99609375,-4788.69140625
train,4583,-1629.318115234375,-1630.300048828125
train,2097,-5136.01806640625,-4872.2138671875
train,2415,-2774.4150390625,-2981.9677734375
train,2859,-3840.888916015625,-3943.87841796875
train,1961,-2546.889892578125,-2425.642578125
train,4679,-3346.819091796875,-3371.74609375
train,4220,-3814.583984375,-3714.842529296875
train,462,1357.689697265625,1156.299072265625
train,2550,1669.117919921875,1257.063232421875
train,5479,-3252.81591796875,-3371.310546875
train,1535,-6573.2041015625,-6607.271484375
train,387,351.64990234375,596.820556640625
train,6348,993.177978515625,1304.907958984375
train,6078,-10061.9580078125,-9834.552734375
train,1005,-4333.1181640625,-3941.793212890625
train,1818,-7585.2861328125,-7665.93896484375
train,3617,-3198.6259765625,-2917.622314453125
train,2732,-7208.4638671875,-7256.44384765625
train,5682,-6032.591796875,-6585.7861328125
train,2482,-6978.826171875,-7010.4638671875
train,1397,1548.322998046875,1781.488525390625
train,3791,-1992.553955078125,-1707.7596435546875
train,5356,-5900.85009765625,-5534.8017578125
train,1243,2377.533935546875,2218.440185546875
train,3780,1956.306884765625,2082.739501953125
train,5820,-4289.0068359375,-4571.00537109375
train,6325,-290.035888671875,-232.709228515625
train,3016,-2316.26611328125,-2511.765869140625
train,5444,-10563.7861328125,-10540.46875
train,870,-6157.041015625,-5964.03466796875
train,986,-6044.0341796875,-5769.34765625
train,4072,-5041.208984375,-4981.013671875
train,1962,-3232.193115234375,-2742.051025390625
train,6334,-7851.400390625,-7854.7314453125
train,1309,70.729736328125,-367.896728515625
train,4977,-3507.7900390625,-3756.274169921875
train,2959,-2732.39208984375,-2725.321044921875
train,2749,-2349.64794921875,-2717.01416015625
train,4514,-3513.720947265625,-3566.644287109375
train,3231,-8570.28515625,-8514.7470703125
train,941,-2693.0439453125,-2559.29541015625
train,367,-5890.134765625,-6015.71923828125
train,4223,-2719.593994140625,-2503.1494140625
train,4408,-431.5869140625,-300.57373046875
train,5469,-3924.64501953125,-4286.05078125
train,783,-3957.972900390625,-3944.577880859375
train,2841,-2397.157958984375,-2254.71533203125
train,5773,-5737.0,-5750.2041015625
train,2729,-1901.9678955078125,-1872.8052978515625
train,1418,762.802978515625,381.608642578125
train,2514,-3133.181884765625,-3883.62353515625
train,5362,-265.738037109375,-197.461669921875
train,900,-9738.4306640625,-9409.6572265625
train,662,-5276.828125,-5393.04541015625
train,1552,-5213.10107421875,-4835.94384765625
train,3656,1051.967041015625,1052.348876953125
train,5189,-6182.31298828125,-6018.2421875
train,2195,-3124.716064453125,-3130.372314453125
train,3340,-6687.68798828125,-6350.4521484375
train,3842,-3104.794921875,-3266.139892578125
train,3140,-2347.4462890625,-2123.04736328125
train,2518,779.490966796875,666.087646484375
train,2136,-3882.6708984375,-3782.64453125
train,2742,-3668.89208984375,-3991.520263671875
train,3733,-845.360107421875,-828.34814453125
train,2899,-7218.66015625,-7327.1689453125
train,6039,-1583.453857421875,-688.173583984375
train,4247,-6421.68701171875,-6515.53515625
train,2477,-2339.322998046875,-2213.974853515625
train,4846,-1686.91796875,-1534.59619140625
train,5529,-5648.9638671875,-6027.6767578125
train,2071,-6208.18017578125,-6075.44482421875
train,1186,-6124.55810546875,-6180.162109375
train,6063,-5492.6220703125,-5583.78662109375
train,3950,-2859.73291015625,-2970.37060546875
train,2349,-2883.970947265625,-3004.974365234375
train,487,-7465.59765625,-7506.8076171875
train,3771,-1652.7149658203125,-1704.5447998046875
train,1158,-2679.927978515625,-2788.0498046875
train,1927,-2451.7080078125,-2383.9609375
train,3086,-4473.43896484375,-4330.88330078125
train,1145,-8302.337890625,-8076.220703125
train,1332,-9730.9521484375,-9757.7197265625
train,1131,4058.586669921875,4034.689697265625
train,3563,-7415.68359375,-7467.1123046875
train,3207,-7493.2822265625,-7541.5078125
train,6364,-4826.64990234375,-4947.099609375
train,5409,-2987.385986328125,-2917.005615234375
train,2837,-3975.001953125,-4197.736328125
train,1973,-3442.81494140625,-2941.2822265625
train,476,-1503.06103515625,-1422.64453125
train,1684,-2897.10205078125,-3245.550537109375
train,1134,-7115.67578125,-6791.5478515625
train,5968,-883.76806640625,-685.115234375
train,2428,-2933.39208984375,-2745.3037109375
train,3173,-5637.05517578125,-5507.3515625
train,2507,-4617.4560546875,-4562.70263671875
train,2825,-7840.5439453125,-7968.1279296875
train,210,-3181.341064453125,-3443.926513671875
train,3917,520.477783203125,920.945556640625
train,4745,-8028.125,-7971.935546875
train,6027,-8006.234375,-7638.9638671875
train,1033,-4442.43505859375,-4732.8505859375
train,3409,-4378.1728515625,-4783.04443359375
train,1582,-297.25390625,-172.754638671875
train,819,2259.913330078125,2021.811767578125
train,1592,-3814.220947265625,-3837.17431640625
train,6121,-4762.36083984375,-4637.77392578125
train,863,-3417.674072265625,-3359.045654296875
train,2708,47.357177734375,-14.52880859375
train,1812,-4132.6728515625,-4669.9716796875
train,530,-2249.014892578125,-2159.398193359375
train,5696,-9174.5107421875,-8935.72265625
train,5913,-1787.6051025390625,-1978.4793701171875
train,2115,-5682.0791015625,-4677.5341796875
train,3667,-1819.4840087890625,-2107.25341796875
train,5837,-5840.4189453125,-5721.8857421875
train,5097,-3000.571044921875,-3082.80322265625
train,898,-3049.824951171875,-2788.00244140625
train,3620,-8701.8876953125,-8770.6923828125
train,1164,-5619.087890625,-5482.787109375
train,6243,-2290.40087890625,-2010.8365478515625
train,6407,-1020.1279296875,-1310.40234375
train,5493,-4664.85009765625,-4637.92041015625
train,2108,652.151123046875,874.694580078125
train,2346,-1743.907958984375,-1581.74658203125
train,928,-6116.0322265625,-6164.7724609375
train,793,-4221.30322265625,-4089.292724609375
train,4184,426.55908203125,424.294677734375
train,4488,-6985.06298828125,-6868.36328125
train,384,-709.60302734375,-746.104248046875
train,1914,-3285.508056640625,-3271.513916015625
train,5478,-1381.163818359375,-1228.71142578125
train,5468,-3232.27001953125,-3333.60107421875
train,5794,-1715.909912109375,-1086.11962890625
train,889,-3366.47607421875,-3207.910888671875
train,3719,-2545.9208984375,-2727.834716796875
train,5217,-6483.10009765625,-6317.5703125
train,2353,-3860.4560546875,-3612.8486328125
train,1209,-1162.97900390625,-1447.099365234375
train,5532,-2279.64990234375,-1937.0933837890625
train,2202,-6017.8251953125,-5928.341796875
train,4098,-3761.241943359375,-3941.767578125
train,2884,-2697.719970703125,-3202.84619140625
train,5424,-3207.58203125,-3134.900390625
train,477,-7412.01220703125,-7339.12890625
train,98,-3194.743896484375,-3062.25439453125
train,4844,-4272.59423828125,-4102.359375
train,585,-3233.43408203125,-3327.398681640625
train,2375,-8560.8251953125,-8610.4541015625
train,2333,-2213.091064453125,-2765.4189453125
train,1677,-241.4609375,-223.612060546875
train,1334,-7331.0830078125,-7309.72900390625
train,623,-7910.361328125,-7563.41748046875
train,1483,-5147.73388671875,-4903.30859375
train,5174,-2100.802001953125,-1989.3392333984375
train,2767,-1708.2039794921875,-1690.5941162109375
train,6177,-6225.93896484375,-5693.4072265625
train,1386,-1600.66796875,-1736.708984375
train,3759,-1724.531982421875,-1788.30615234375
train,5933,-5935.22314453125,-5880.62890625
train,1257,-7177.86083984375,-7038.0908203125
train,2982,-6073.8271484375,-5764.5947265625
train,3586,-2195.552001953125,-2177.4228515625
train,3745,-7131.40234375,-7924.830078125
train,3049,-2570.677001953125,-2658.28369140625
train,5554,-3902.68505859375,-3862.895263671875
train,2799,-9173.626953125,-9029.318359375
train,3270,976.695068359375,651.745361328125
train,1271,-7502.01708984375,-7299.14794921875
train,6453,-2728.72412109375,-2929.473876953125
train,406,-1017.243896484375,-847.64599609375
train,4288,-2069.7099609375,-2124.83203125
train,2492,1613.624755859375,1805.354248046875
train,4264,2259.205810546875,2514.744384765625
train,4495,-5205.48388671875,-4994.56103515625
train,1670,-3992.680908203125,-3878.31982421875
train,2475,-5526.53076171875,-5359.1630859375
train,3451,-3613.4580078125,-4011.66015625
train,2727,-3982.48291015625,-4078.4794921875
train,1963,-3056.885009765625,-3017.262451171875
train,2444,-1952.968994140625,-2030.9622802734375
train,4000,-596.424072265625,-500.186767578125
train,275,289.847900390625,205.505859375
train,5985,-8015.43359375,-7534.32080078125
train,2001,-3539.743896484375,-3323.24609375
train,5129,-4192.1279296875,-4288.62841796875
train,6354,-1131.6259765625,-1166.4072265625
train,3825,-4759.740234375,-4806.66552734375
train,84,-4122.869140625,-4046.41650390625
train,3883,-7734.11279296875,-7629.7138671875
train,6474,-3699.470947265625,-3769.38037109375
train,4342,-12156.6630859375,-12146.09375
train,3817,-6261.56982421875,-6108.34765625
train,3192,-4800.89892578125,-4932.4453125
train,4118,-3228.470947265625,-3199.9189453125
train,5153,-1099.305908203125,-1112.7275390625
train,1220,-1295.551025390625,-1290.81982421875
train,1641,-5635.99609375,-5631.615234375
train,3953,-1458.182861328125,-1581.072509765625
train,975,-1039.79736328125,-1124.37109375
train,1783,-3124.176025390625,-3284.74365234375
train,4278,-2510.24609375,-2322.44775390625
train,4697,-7774.716796875,-7914.0068359375
train,1155,-4994.93115234375,-5441.19384765625
train,5763,-6274.51318359375,-5899.1796875
train,1352,-4989.13720703125,-4846.79541015625
train,1820,-3512.173095703125,-3599.6748046875
train,2257,-10320.43359375,-10397.560546875
train,4901,-3648.361083984375,-3626.269287109375
train,2178,-5920.373046875,-5938.029296875
train,1781,-9484.5126953125,-9191.7109375
train,2133,-2052.666015625,-2028.97216796875
train,4001,-6887.15283203125,-6557.685546875
train,5052,-1144.130126953125,-891.4033203125
train,6257,885.702880859375,804.955322265625
train,4565,-2399.89208984375,-2451.289794921875
train,3705,-1394.18798828125,-1573.175537109375
train,4747,-10084.6728515625,-9733.392578125
train,1528,-3705.31005859375,-3776.777099609375
train,191,-288.742919921875,-34.483642578125
train,4373,-514.02099609375,-829.01611328125
train,3818,-5728.9501953125,-5852.70849609375
train,2249,-5144.8779296875,-5550.6630859375
train,3831,-3902.14697265625,-3433.33935546875
train,519,-2626.10693359375,-2886.931640625
train,3578,-2926.303955078125,-3008.693603515625
train,2019,-9773.267578125,-9494.22265625
train,6236,-1276.18505859375,-1304.09912109375
train,3765,-8350.5966796875,-8252.267578125
train,3520,28.866943359375,-135.240234375
train,5945,-1324.051025390625,-1335.014892578125
train,4662,-4021.034912109375,-3985.958251953125
train,3261,-1259.9560546875,-1367.318115234375
train,3741,-1183.219970703125,-1194.493896484375
train,1837,-2425.931884765625,-2340.291259765625
train,4025,-3707.886962890625,-4201.853515625
train,2583,-3746.740966796875,-3599.73095703125
train,5862,-4007.16796875,-4006.11376953125
train,3393,-3265.84912109375,-3003.222412109375
train,5229,-4097.9541015625,-4735.2919921875
train,4688,-4198.83984375,-4244.52099609375
train,4271,-1829.8179931640625,-2081.126708984375
train,684,-5141.2001953125,-4660.44677734375
train,2184,-5785.7880859375,-5564.44482421875
train,1217,-2014.4239501953125,-1887.9586181640625
train,102,-6819.13818359375,-6177.71484375
train,5392,495.284912109375,215.085693359375
train,1170,-2258.7890625,-2271.71240234375
train,2448,-4970.70703125,-4959.63916015625
train,6460,-4209.68017578125,-4316.16845703125
train,1692,-2178.541015625,-2183.385498046875
train,3004,218.220947265625,39.984130859375
train,6477,-3935.447021484375,-4178.85986328125
train,5192,-1726.9859619140625,-1576.5830078125
train,1568,-3929.794921875,-3848.141845703125
train,660,-6093.783203125,-5897.60107421875
train,3118,-1745.5689697265625,-1726.58642578125
train,6318,-1800.8919677734375,-1872.7122802734375
train,466,-2542.9208984375,-1968.0838623046875
train,610,-7660.0341796875,-7759.876953125
train,5812,-3276.5048828125,-3262.0224609375
train,3824,317.662841796875,233.0263671875
train,4753,-6690.27490234375,-6418.14599609375
train,151,-4805.54296875,-4892.7197265625
train,4576,22.945068359375,-49.06005859375
train,3978,-3579.681884765625,-4030.37158203125
train,2348,-3471.60302734375,-3576.494873046875
train,1537,-7001.728515625,-7078.5703125
train,5054,-2860.205078125,-3409.94189453125
train,6445,-2936.175048828125,-3227.5869140625
train,653,-2847.446044921875,-2745.1220703125
train,1624,-1700.0689697265625,-1618.4462890625
train,1439,-2681.18310546875,-2363.13037109375
train,6123,-2881.123046875,-2963.438232421875
train,2424,-7803.3427734375,-7706.36279296875
train,5545,-7123.5859375,-7165.8115234375
train,5553,-119.4521484375,-387.34033203125
train,633,-10091.9248046875,-9887.7587890625
train,5847,-2597.031982421875,-2770.044921875
train,938,-4354.65576171875,-4238.9599609375
train,1793,-3600.553955078125,-3941.723388671875
train,4795,-4369.40380859375,-4775.13916015625
train,5912,-4555.06689453125,-4524.36474609375
train,2095,-7649.482421875,-7748.7666015625
train,4537,-1720.501953125,-1418.982177734375
train,2445,-4182.6162109375,-4492.06640625
train,3242,-3230.01611328125,-3152.510986328125
train,2204,-3934.035888671875,-4216.74365234375
train,3762,-2421.618896484375,-2720.518310546875
train,3630,-4790.09912109375,-5054.818359375
train,3449,-2537.37890625,-2562.804931640625
train,4782,-2185.84619140625,-2178.755859375
train,5073,-700.364013671875,-670.622314453125
train,849,2483.125244140625,2483.273193359375
train,1270,705.678955078125,594.679931640625
train,162,-723.443115234375,-83.7880859375
train,1268,-3016.006103515625,-3006.710693359375
train,2809,-3318.091064453125,-2928.83203125
train,4521,-498.009033203125,-589.686767578125
train,3317,-4107.85107421875,-3910.93212890625
train,3147,-2785.912109375,-3114.39990234375
train,3813,-5116.0498046875,-4717.83203125
train,5883,-8709.37890625,-8873.89453125
train,6240,-2232.090087890625,-1799.4749755859375
train,6507,-4258.7587890625,-4030.49755859375
train,352,-6603.60302734375,-6615.3125
train,4492,-1473.286865234375,-1565.091552734375
train,1306,-3635.31591796875,-3640.193359375
train,5155,-2303.387939453125,-2141.885986328125
train,3126,-2487.8359375,-1715.0999755859375
train,2198,-2101.882080078125,-1562.20947265625
train,5136,-4065.262939453125,-4036.57177734375
train,6527,1003.682861328125,1154.531494140625
train,960,-4635.1650390625,-4048.84130859375
train,6085,-6426.2978515625,-6198.93896484375
train,2304,-7814.232421875,-7810.2197265625
train,5482,-8619.833984375,-8792.0576171875
train,1601,-6361.32080078125,-6468.0517578125
train,2878,-4760.86083984375,-5408.7392578125
train,2842,860.167236328125,90.447998046875
train,1032,-2534.135009765625,-3090.26708984375
train,4327,-7128.40576171875,-6769.7373046875
train,5293,-2941.87890625,-2862.89013671875
train,4056,540.343017578125,419.00048828125
train,1539,-6588.2021484375,-6608.4140625
train,5560,-11816.0029296875,-11985.453125
train,2149,-5658.61181640625,-5806.8125
train,242,-7693.97705078125,-7408.10888671875
train,5319,1164.701904296875,999.042724609375
train,4284,-4401.77001953125,-4440.66845703125
train,4170,-1801.303955078125,-1877.5189208984375
train,797,-3393.419921875,-3854.33447265625
train,3852,-2172.986083984375,-1932.8753662109375
train,771,-2380.85009765625,-2337.52294921875
train,4687,-3841.573974609375,-3664.983154296875
train,5980,-2429.381103515625,-2470.60693359375
train,3684,-1307.989990234375,-1206.166015625
train,3075,-8544.501953125,-8527.5732421875
train,3128,-2631.508056640625,-2703.222412109375
train,5465,-1049.911865234375,-1035.784423828125
train,4934,-3353.173095703125,-3839.156494140625
train,3445,-2466.26611328125,-2618.637451171875
train,1180,-1944.22900390625,-1698.167236328125
train,1388,-3090.343994140625,-2614.853515625
train,3430,-5690.744140625,-5503.91455078125
train,1116,-4183.30322265625,-3859.6474609375
train,4787,313.47705078125,210.043701171875
train,630,-8127.4013671875,-7811.361328125
train,4396,-3766.0869140625,-3969.898193359375
train,5173,-5561.43505859375,-5518.923828125
train,3507,-9267.2158203125,-9177.005859375
train,4124,-8034.091796875,-7932.8974609375
train,3441,-7203.6748046875,-7226.7734375
train,5924,-4315.134765625,-4121.5732421875
train,628,-1724.51513671875,-1837.987548828125
train,5808,-6262.64794921875,-5970.20849609375
train,1464,2194.208251953125,2309.725341796875
train,3474,-1389.700927734375,-1412.45947265625
train,6459,-3731.118896484375,-3790.485107421875
train,6395,-3851.7109375,-3082.4248046875
train,3455,-7549.9130859375,-7290.7451171875
train,2797,-4802.36376953125,-4562.88525390625
train,740,-2296.8330078125,-2274.627685546875
train,4880,-5866.74609375,-5484.087890625
train,4033,2794.504150390625,2534.659423828125
train,5835,3442.099853515625,2574.987060546875
train,3945,-9716.791015625,-9387.2958984375
train,2451,1665.736083984375,1339.455322265625
train,2887,-2948.756103515625,-2411.74755859375
train,4344,-7034.2998046875,-6463.7724609375
train,4936,-4643.92919921875,-4756.388671875
train,1705,-7647.89794921875,-7603.392578125
train,1538,-2412.801025390625,-2752.0654296875
train,1926,-5572.462890625,-6039.6279296875
train,2791,-5265.97705078125,-5367.3896484375
train,3708,-1855.676025390625,-2044.9932861328125
train,1494,-6290.2109375,-6481.5439453125
train,2471,-8305.6357421875,-7978.66796875
train,5655,-1545.360107421875,-1591.85693359375
train,2008,-6787.828125,-6581.1513671875
train,5803,-8159.45703125,-8152.5078125
train,1979,-6736.2978515625,-6486.82421875
train,3805,-1949.06396484375,-2100.57763671875
train,4218,-6301.39208984375,-6273.4150390625
train,770,1357.506103515625,1655.808837890625
train,6046,-3153.360107421875,-2972.1396484375
train,795,-7417.8232421875,-7292.078125
train,4574,-3511.7041015625,-3406.130126953125
train,845,-5243.0087890625,-5149.576171875
train,233,-2934.123046875,-2989.45947265625
train,54,-1621.8499755859375,-1932.9151611328125
train,2018,-3527.68310546875,-3591.2998046875
train,3740,-850.096923828125,-873.903076171875
train,6222,-6074.77587890625,-6288.5517578125
train,2266,-1550.93603515625,-1503.4931640625
train,2056,-5657.53076171875,-5771.5546875
train,6309,-2258.443115234375,-2306.68798828125
train,280,-6636.9482421875,-6478.1044921875
train,4526,-4742.02978515625,-4619.0537109375
train,5700,564.663818359375,706.811767578125
train,5795,-851.06689453125,-463.80224609375
train,6389,-10521.8671875,-10453.2978515625
train,4784,-2132.85302734375,-2444.61474609375
train,3896,-9531.228515625,-9193.470703125
train,37,760.148193359375,322.646484375
train,4502,-4080.635009765625,-4118.52001953125
train,1890,-1514.571044921875,-1448.091796875
train,4786,1335.478759765625,1215.905029296875
train,5869,-5316.7998046875,-5429.3427734375
train,2740,-4329.27001953125,-4119.27490234375
train,2126,-5.054931640625,116.5908203125
train,4106,-2643.095947265625,-2679.4697265625
train,3904,-5809.81884765625,-5496.9697265625
train,4110,-7913.20703125,-8038.875
train,3005,-5789.05908203125,-5645.60546875
train,1953,-2834.54296875,-2793.9384765625
train,3626,-2271.3037109375,-2798.50341796875
train,4862,-4886.0849609375,-4965.744140625
train,6084,-4273.57421875,-4328.06103515625
train,4044,-4785.61376953125,-4770.9111328125
train,5383,-3645.968994140625,-3999.625
train,2069,-1757.8929443359375,-2026.6851806640625
train,4330,-2968.449951171875,-3072.10009765625
train,6068,-7483.1708984375,-7431.328125
train,3111,-7024.6513671875,-6891.6435546875
train,4720,-7309.2470703125,-7511.513671875
train,3760,-4311.25390625,-4109.72412109375
train,1782,1383.835205078125,1593.351806640625
train,1715,-3221.720947265625,-3476.868896484375
train,2210,-3132.714111328125,-3483.001953125
train,5351,-7895.986328125,-8007.3427734375
train,1700,980.335205078125,999.174560546875
train,5964,-2912.202880859375,-2588.53173828125
train,5738,-5000.0458984375,-4850.41162109375
train,5302,-5759.5908203125,-6114.36474609375
train,5928,-3069.85302734375,-3278.57958984375
train,609,-5782.19677734375,-5558.9453125
train,1031,-6243.5048828125,-5995.0693359375
train,903,-7179.06201171875,-6910.32421875
train,4038,-2497.781005859375,-2893.97509765625
train,2456,-4243.7939453125,-3562.33154296875
train,6260,-4255.5732421875,-4573.89111328125
train,3144,-2981.571044921875,-2561.3125
train,1606,-2417.882080078125,-2861.890380859375
train,720,-4725.81201171875,-5065.85791015625
train,2363,-4595.14306640625,-4701.07666015625
train,2683,331.675048828125,199.09716796875
train,3208,-3842.916015625,-4115.251953125
train,3372,-3520.444091796875,-4253.208984375
train,2539,-5348.27880859375,-5191.22265625
train,3720,-8419.6728515625,-8310.6787109375
train,1225,-1290.015869140625,-1151.98876953125
train,3032,-6641.56787109375,-6324.03369140625
train,6531,-2982.85009765625,-3316.552001953125
train,1427,-880.79833984375,-1104.963623046875
train,5670,-3043.787109375,-2788.685302734375
train,2296,-1537.282958984375,-1868.46630859375
train,4020,1050.043212890625,732.439208984375
train,115,-1806.5069580078125,-1712.6068115234375
train,3605,-5934.67919921875,-5743.419921875
train,293,-881.984130859375,-997.545654296875
train,130,-2387.56201171875,-2055.27978515625
train,2675,-3585.072998046875,-4497.6201171875
train,1354,-1125.91796875,-751.04052734375
train,5894,-7515.60595703125,-7849.55859375
train,930,-3960.4130859375,-3866.318115234375
train,5915,-1749.720947265625,-1952.2093505859375
train,1806,-6459.09814453125,-6377.5380859375
train,3467,-4365.41015625,-4511.25048828125
train,1430,-4112.4482421875,-4206.39599609375
train,5769,-5610.59814453125,-5430.3291015625
train,3979,-2960.430908203125,-2666.641357421875
train,383,-334.656005859375,-59.628173828125
train,1269,-4584.37109375,-4099.58984375
train,4673,-3062.0,-3097.12890625
train,5917,-4836.080078125,-4870.03759765625
train,1109,-9311.9140625,-9122.619140625
train,6281,-5231.259765625,-5098.0986328125
train,779,-3740.222900390625,-3633.739990234375
train,3243,-7798.451171875,-8144.740234375
train,1534,-3283.260986328125,-3425.3193359375
train,366,-2871.263916015625,-2763.124755859375
train,245,-1578.569091796875,-1590.037109375
train,5445,1469.593994140625,1234.346923828125
train,6439,-2353.98193359375,-2534.595703125
train,652,-4173.65380859375,-3922.617431640625
train,5390,1674.922119140625,1472.339111328125
train,5911,-545.029052734375,-849.71923828125
train,4825,-896.681884765625,-1274.986328125
train,2613,-2392.488037109375,-2173.953369140625
train,3040,-4693.47900390625,-5078.35888671875
train,4143,-4177.53515625,-4411.7158203125
train,6479,-2515.677001953125,-2771.08642578125
train,5767,-5553.81982421875,-5560.98681640625
train,1730,-1887.7239990234375,-1989.45654296875
train,1607,-3883.77099609375,-3008.57421875
train,3679,-6018.9501953125,-6524.94921875
train,174,-4468.69091796875,-4413.8603515625
train,3130,840.716064453125,367.478515625
train,1699,-4927.29296875,-4696.9794921875
train,4436,-3429.3701171875,-3458.828369140625
train,2027,-2012.875,-2027.2578125
train,4230,92.955078125,114.7646484375
train,4850,-5497.216796875,-4989.02734375
train,3542,-2468.077880859375,-2138.911865234375
train,4183,-1882.125,-1753.36962890625
train,5575,-7235.10498046875,-7434.02880859375
train,5277,-3430.820068359375,-3221.295166015625
train,5689,-4362.98291015625,-3950.626953125
train,4281,-394.76708984375,-547.057861328125
train,1227,-1135.083984375,-1239.23974609375
train,4719,-2809.60302734375,-2948.801513671875
train,5151,-2816.12890625,-2638.594482421875
train,2576,-3540.131103515625,-3716.29443359375
train,2092,-3907.43310546875,-3881.2568359375
train,4596,-7463.2431640625,-7733.0
train,1141,-3226.737060546875,-3876.392333984375
train,167,-5399.119140625,-5217.2060546875
train,2728,-6715.88623046875,-6266.80078125
train,5149,626.155029296875,601.814697265625
train,2161,-4662.81494140625,-4793.7734375
train,5329,-8771.2392578125,-8984.9453125
train,5549,-2255.699951171875,-2057.34375
train,4972,-7711.06591796875,-7867.8408203125
train,5078,-4945.56298828125,-4337.80908203125
train,3644,-7552.341796875,-6921.85546875
train,1717,-6243.958984375,-6299.00927734375
train,3272,-7113.1259765625,-6880.48291015625
train,983,-4130.3818359375,-4329.654296875
train,354,-11774.7783203125,-11744.7119140625
train,4962,-3460.655029296875,-2981.568359375
train,5874,-6671.625,-6830.4912109375
train,5695,-5265.880859375,-5167.1279296875
train,368,-6635.8828125,-6409.2490234375
train,2954,-4079.4150390625,-3825.102294921875
train,5234,-3919.943115234375,-3902.670654296875
train,32,-7410.84521484375,-7983.4052734375
train,5613,-3101.449951171875,-2838.403564453125
train,1282,-2023.001953125,-1736.21826171875
train,5205,-4337.85888671875,-4171.27880859375
train,1099,-2753.01904296875,-2640.644775390625
train,3604,-10197.2373046875,-9870.7314453125
train,4764,-5399.046875,-5399.15380859375
train,456,-2155.89404296875,-2235.015625
train,5961,-1404.278076171875,-1343.06103515625
train,866,-6556.4921875,-6380.998046875
train,4418,-1462.412841796875,-1408.770751953125
train,4877,-4159.416015625,-3843.337890625
train,5156,-5901.7978515625,-5737.6826171875
train,3906,-1744.22900390625,-1543.46630859375
train,4473,-5607.30712890625,-5122.3701171875
train,1438,-8292.6591796875,-7807.6376953125
train,3843,-6171.07080078125,-6364.0849609375
train,5591,-5240.94921875,-5552.689453125
train,4582,-8539.19921875,-8354.921875
train,5825,-5425.98486328125,-5452.7783203125
train,2650,-10192.5498046875,-9956.9404296875
train,4144,-5779.7900390625,-5759.150390625
train,455,-3672.056884765625,-3389.80810546875
train,2015,-3113.347900390625,-3542.281494140625
train,2400,-6892.01513671875,-6430.396484375
train,6497,-1501.864990234375,-1197.026123046875
train,4568,-10224.7265625,-10222.8447265625
train,4496,807.505126953125,844.292724609375
train,5965,-6849.68896484375,-6738.67626953125
train,3333,-2971.2919921875,-2677.46728515625
train,5289,-2527.1220703125,-2405.662109375
train,1414,-1124.254150390625,-1378.822509765625
train,3162,-190.848876953125,164.669677734375
train,1840,-6297.470703125,-6349.744140625
train,6353,-4513.98486328125,-4431.6611328125
train,4476,-4254.3662109375,-4963.634765625
train,435,-160.8291015625,-133.17529296875
train,3650,-3629.1298828125,-3486.617431640625
train,5804,-5638.80712890625,-5319.05322265625
train,1745,-3397.110107421875,-4162.54443359375
train,2094,594.512939453125,780.250244140625
train,5941,-3061.469970703125,-2969.868896484375
train,4100,2526.853759765625,2851.756103515625
train,3137,-1157.382080078125,-1024.282958984375
train,4904,-4495.9921875,-4567.75732421875
train,195,-1984.5380859375,-2121.18798828125
train,3986,42.5810546875,-492.3447265625
train,3671,-2629.489013671875,-2985.332275390625
train,3666,392.22607421875,341.8681640625
train,643,-4325.5,-4361.9189453125
train,3042,-2383.3720703125,-2423.41064453125
train,1066,-3355.910888671875,-3687.3154296875
train,5817,-5609.376953125,-5838.99072265625
train,2911,-4344.85693359375,-4715.380859375
train,2880,-181.39599609375,-311.135009765625
train,6416,-6536.625,-6571.90673828125
train,6116,-1592.489013671875,-1403.326416015625
train,5072,-6669.1669921875,-6462.23291015625
train,5586,1664.612060546875,1218.880126953125
train,2385,-952.392822265625,383.34521484375
train,6038,-1667.6490478515625,-1958.4661865234375
train,2710,-5111.73876953125,-5207.513671875
train,150,-10138.2041015625,-10248.501953125
train,1791,-8306.2724609375,-8308.9013671875
train,5166,-7295.6240234375,-7348.4384765625
train,1409,-8212.4541015625,-8178.8671875
train,5047,-2436.986083984375,-2620.592041015625
train,927,-8734.4326171875,-8485.1376953125
train,5290,-1537.711181640625,-1914.26904296875
train,5609,-4127.1171875,-4577.80078125
train,42,-1554.884033203125,-1807.8001708984375
train,806,-7364.119140625,-7755.798828125
train,1324,-8241.7919921875,-8324.1962890625
train,3932,-1895.6070556640625,-1911.0511474609375
train,6159,-4912.005859375,-4282.2001953125
train,5256,-1543.657958984375,-1792.8857421875
train,3938,882.613037109375,1011.979736328125
train,6324,-5928.7001953125,-6118.1630859375
train,5975,-4408.9609375,-4419.052734375
train,5300,-1996.58203125,-1959.6824951171875
train,1456,-257.679931640625,-297.6123046875
train,4261,-2908.863037109375,-2611.08984375
train,3499,-1255.125,-916.377685546875
train,6341,-8880.837890625,-8844.34765625
train,3570,237.001953125,273.27294921875
train,4243,-6204.44921875,-6154.1865234375
train,1984,-811.654052734375,-954.21435546875
train,6452,-4913.23095703125,-5040.81689453125
train,4241,-3156.591064453125,-3390.448974609375
train,965,-2728.658935546875,-2850.13525390625
train,19,-2104.134033203125,-2028.57568359375
train,6043,-3422.611083984375,-3366.98291015625
train,4039,-6800.05908203125,-6530.044921875
train,5512,-6093.0732421875,-6234.7021484375
train,1191,-3167.424072265625,-2862.53125
train,3214,-1104.651123046875,-732.5634765625
train,4096,-2355.64892578125,-1686.745849609375
train,792,-6402.52490234375,-6192.16455078125
train,419,-1570.908935546875,-1632.6773681640625
train,4377,-4987.80322265625,-4507.744140625
train,2446,-8402.3271484375,-8285.662109375
train,6340,-3768.912109375,-3735.684326171875
train,1356,-2557.860107421875,-2073.748779296875
train,4249,-2007.0469970703125,-1844.1058349609375
train,6411,-4824.22900390625,-4976.6611328125
train,238,-5912.97900390625,-6094.02734375
train,1958,582.072998046875,615.460693359375
train,2327,-934.8740234375,-815.2421875
train,5107,-7340.14013671875,-7175.828125
train,1157,-3042.8310546875,-2850.793212890625
train,1230,-8306.986328125,-8739.517578125
train,2437,-6863.615234375,-6818.70654296875
train,2947,-1247.723876953125,-1074.926513671875
train,3766,-10226.630859375,-10239.8642578125
train,1999,-4201.15478515625,-4489.3486328125
train,1168,-4513.8388671875,-4906.3916015625
train,6555,-6676.5927734375,-6774.25390625
train,348,-3862.06689453125,-4078.87060546875
train,3182,-2499.18994140625,-2517.03173828125
train,778,-3867.87109375,-4085.35205078125
train,4872,-4350.2509765625,-4547.36083984375
train,4761,-1203.212158203125,-1454.476318359375
train,6296,-2388.02294921875,-2529.078125
train,400,-3568.0380859375,-3881.39794921875
train,2175,-2043.2349853515625,-1930.6767578125
train,4768,-4349.673828125,-4069.6953125
train,4399,-3187.43505859375,-3377.008056640625
train,5120,-4069.10009765625,-4158.78369140625
train,5855,-4488.244140625,-4147.9267578125
train,5065,-6017.47314453125,-6033.61767578125
train,6157,-5735.31787109375,-5945.7900390625
train,3924,-4477.10205078125,-4441.96240234375
train,3169,-724.3720703125,-628.73046875
train,6512,-6204.6181640625,-6186.8974609375
train,1816,-4726.533203125,-5247.8173828125
train,1747,-6274.564453125,-6281.46337890625
train,877,1815.260009765625,1142.871337890625
train,4333,-5201.77783203125,-4865.71435546875
train,6048,482.300048828125,126.16552734375
train,4216,-2694.64697265625,-2116.668701171875
train,681,-2151.5859375,-2134.88037109375
train,1707,-5905.57421875,-5636.431640625
train,4826,-1454.197998046875,-1444.621826171875
train,1774,-4643.2958984375,-4509.38671875
train,2951,-8020.1123046875,-7489.3232421875
train,1325,-4744.994140625,-4695.15478515625
train,3204,-2100.47314453125,-1784.964599609375
train,425,-6010.09716796875,-5708.828125
train,5676,-3755.43994140625,-3775.546142578125
train,453,-5629.06396484375,-5719.6806640625
train,6096,-4955.0419921875,-4671.5078125
train,4875,-2927.76708984375,-2921.72216796875
train,2916,-5094.85595703125,-4936.3447265625
train,2553,-3556.89892578125,-3634.447509765625
train,4906,-2371.408935546875,-2050.61669921875
train,4698,-2127.152099609375,-2042.0675048828125
train,290,-8361.3583984375,-8695.998046875
train,5958,-123.636962890625,-532.513916015625
train,1636,-5966.73388671875,-6086.9599609375
train,72,-4333.81884765625,-3950.2958984375
train,631,-3691.05908203125,-3731.673095703125
train,1612,-791.010009765625,-781.200439453125
train,1446,-7831.2353515625,-8198.6875
train,1850,-4167.875,-4087.04052734375
train,127,-803.09521484375,-752.124755859375
train,3444,-2192.81201171875,-2343.69580078125
train,2796,-1778.6610107421875,-1825.2711181640625
train,2901,-6399.73486328125,-6136.03955078125
train,5271,-6021.39990234375,-5848.431640625
train,3615,118.090087890625,260.5244140625
train,2300,-3300.68701171875,-3363.88623046875
train,4566,-3903.27001953125,-3726.13623046875
train,956,-2275.924072265625,-2489.3701171875
train,6420,-3154.593994140625,-3241.481201171875
train,349,-721.112060546875,-1099.236083984375
train,2973,-6753.18896484375,-6370.2294921875
train,4713,-6741.59423828125,-6890.2568359375
train,1713,876.366943359375,678.350341796875
train,3629,-4365.47998046875,-4706.6513671875
train,4790,2426.879638671875,2716.745361328125
train,3934,-4503.875,-4714.65478515625
train,5119,-1049.089111328125,-999.882568359375
train,5226,-5109.0078125,-5145.89453125
train,1345,-3712.73291015625,-3529.879150390625
train,982,-3999.074951171875,-4537.7421875
train,5766,-2680.20703125,-2717.16259765625
train,5225,-3573.76806640625,-3507.3505859375
train,6553,-6085.81787109375,-6085.3349609375
train,2013,-4427.4541015625,-4197.93017578125
train,3835,-1841.35205078125,-2003.1788330078125
train,3058,-1069.2138671875,-1163.995361328125
train,2871,-2930.887939453125,-2706.525390625
train,880,-5429.39208984375,-5563.3310546875
train,5292,-6293.69189453125,-5648.3515625
train,763,-5802.9658203125,-6032.611328125
train,729,-4799.9541015625,-4776.392578125
train,5578,-10207.7265625,-10233.697265625
train,3892,-2624.81591796875,-2251.083984375
train,5887,-2306.87890625,-2459.4697265625
train,1693,-819.508056640625,-1013.4921875
train,1092,-3669.260009765625,-3773.905517578125
train,1436,-3986.471923828125,-3325.6748046875
train,3994,-3121.49609375,-3109.36083984375
train,551,-3975.1220703125,-3879.298583984375
train,4325,-4732.14892578125,-4564.8603515625
train,5861,-2152.12109375,-2075.68896484375
train,4417,-708.174072265625,-679.878173828125
train,3534,-6849.33984375,-6977.84033203125
train,5810,-5350.52587890625,-5116.2060546875
train,5281,-1805.6070556640625,-1942.7470703125
train,5629,-3417.2470703125,-3343.42431640625
train,6544,-8051.6201171875,-7838.375
train,1645,-6675.69384765625,-6334.0234375
train,1291,-2613.4189453125,-2699.55615234375
train,5784,-4617.10205078125,-4616.24755859375
train,5171,-2132.943115234375,-2350.61865234375
train,2824,-4130.31787109375,-3730.31591796875
train,1025,-1611.9998779296875,-1418.731689453125
train,2399,-2054.055908203125,-1842.417236328125
train,4950,-4681.72802734375,-4399.0185546875
train,2048,-3213.8701171875,-2950.245361328125
train,522,-1403.659912109375,-981.408203125
train,4057,-2977.14892578125,-2813.724609375
train,418,-6332.7900390625,-6249.08984375
train,452,614.087158203125,620.114013671875
train,1312,-3654.529052734375,-3798.999755859375
train,2144,-2040.7650146484375,-1940.790283203125
train,6466,-101.337890625,231.43505859375
train,996,-4798.87109375,-4658.96142578125
train,4338,-2700.10009765625,-2935.99462890625
train,3972,-5165.94482421875,-5202.1982421875
train,612,-2302.81591796875,-2118.61865234375
train,5312,-1416.678955078125,-1830.81005859375
train,6537,-2338.98291015625,-2111.971923828125
train,1682,-3685.201904296875,-3748.2763671875
train,1144,-4125.76220703125,-3896.142578125
train,2021,-371.72998046875,-114.369384765625
train,2639,-5798.091796875,-5890.42333984375
train,2159,-446.630126953125,-461.01416015625
train,3985,-5058.2548828125,-5190.2890625
train,1047,-1696.3599853515625,-1908.0733642578125
train,3160,-3481.77197265625,-3312.343017578125
train,1493,-6117.6259765625,-6251.4658203125
train,2741,-5609.7978515625,-5756.9921875
train,2160,-2851.156005859375,-2695.959228515625
train,4290,-4654.962890625,-4718.6875
train,3077,-1655.3509521484375,-2150.267578125
train,6239,-3496.419921875,-3223.449951171875
train,2259,-4345.5732421875,-4448.2900390625
train,1009,-3973.72509765625,-4199.375
train,6391,-7136.29296875,-7093.4638671875
train,3411,884.211181640625,917.658935546875
train,3815,321.923095703125,238.424560546875
train,341,-2251.448974609375,-2548.876953125
train,5481,-2550.81103515625,-2228.4306640625
train,6554,-5988.626953125,-5695.6982421875
train,1097,-3944.6298828125,-3421.3681640625
train,3995,-2347.791015625,-2358.886962890625
train,2782,-1365.836181640625,-1730.2633056640625
train,1238,-2365.157958984375,-2062.038818359375
train,2419,765.344970703125,904.042236328125
train,3373,-2999.904052734375,-2729.866943359375
train,3753,-1939.55517578125,-1526.50146484375
train,2277,-3202.385009765625,-3132.906005859375
train,1867,-3112.294921875,-3097.6220703125
train,2047,-2677.4560546875,-2295.46240234375
train,5582,-1807.876953125,-1364.0419921875
train,5698,-7357.7490234375,-7233.1513671875
train,3175,-3437.589111328125,-3845.939453125
train,2370,-4350.2412109375,-4161.474609375
train,4296,-3536.739013671875,-3721.90380859375
train,1695,-4324.4482421875,-4434.21142578125
train,2212,-3887.260009765625,-4195.18603515625
train,5983,-3653.87109375,-3722.81982421875
train,1071,-3213.7099609375,-3222.569580078125
train,1813,-3121.587890625,-3046.484375
train,775,-10998.810546875,-11238.4033203125
train,2544,-6454.1591796875,-6836.0556640625
train,3300,-3727.14404296875,-3469.739990234375
train,2883,-2237.635986328125,-1937.2122802734375
train,3369,3117.699462890625,2941.062255859375
train,3927,-4711.11181640625,-4625.02001953125
train,2434,-3009.4541015625,-2851.0986328125
train,1055,-3008.6650390625,-2512.9755859375
train,2068,-5704.4912109375,-5633.36474609375
train,223,288.478759765625,309.872802734375
train,5699,-2723.466064453125,-2660.388916015625
train,409,-5292.7421875,-5200.865234375
train,6302,-4826.91015625,-4838.79931640625
train,4004,-444.4580078125,-692.66259765625
train,6169,-1699.3289794921875,-1650.850830078125
train,2813,-1999.7459716796875,-2175.9052734375
train,1122,-2528.510009765625,-2812.72021484375
train,1103,-946.4462890625,-1027.6513671875
train,4752,-4855.18408203125,-4766.935546875
train,4021,-6799.251953125,-6814.578125
train,6149,-2246.949951171875,-2268.0712890625
train,362,-5679.14208984375,-5489.8173828125
train,5268,-2022.10595703125,-1941.135986328125
train,6293,-4435.505859375,-4388.6083984375
train,2889,-3711.968017578125,-4038.098388671875
train,5116,-3124.14306640625,-3320.907470703125
train,3877,-2927.344970703125,-2370.73583984375
train,3643,-2691.281005859375,-2845.858642578125
train,1563,-5929.1220703125,-5727.818359375
train,1096,-3231.568115234375,-3017.376708984375
train,234,-3749.490966796875,-3563.441162109375
train,6122,-3623.342041015625,-3807.47607421875
train,2597,-6140.671875,-6010.32470703125
train,3998,910.885009765625,1180.641845703125
train,6242,-3079.7060546875,-2678.16162109375
train,3131,-353.579345703125,-400.378662109375
train,117,-1957.535888671875,-2349.02880859375
train,3812,-5289.34521484375,-5507.85546875
train,2105,-4668.68115234375,-4309.98388671875
train,4839,-2242.4619140625,-2783.017333984375
train,497,-9680.958984375,-9607.443359375
train,3907,-2531.346923828125,-2785.974365234375
train,995,-6804.85986328125,-6570.021484375
train,5947,-1513.2080078125,-1716.9759521484375
train,6125,-727.411865234375,-564.6396484375
train,1021,-5178.81103515625,-5174.787109375
train,907,-2371.35400390625,-2430.3330078125
train,5335,-5846.03515625,-5641.9990234375
train,392,-4071.4541015625,-4256.1435546875
train,1857,-2348.82373046875,-2481.923095703125
train,940,-6152.36279296875,-5967.94091796875
train,186,-6960.6162109375,-6832.6142578125
train,6355,-4890.07177734375,-4642.73388671875
train,769,-3196.0009765625,-2802.746826171875
train,4357,-1873.1920166015625,-1797.986572265625
train,332,-4176.7470703125,-4557.31298828125
train,6037,-2731.679931640625,-2522.38134765625
train,871,-8879.8486328125,-9171.8193359375
train,5525,-7684.02294921875,-7749.775390625
train,1063,-4375.87890625,-3916.169189453125
train,6496,-6886.6513671875,-6791.6474609375
train,5265,-5536.74609375,-5338.48046875
train,2485,-2801.178955078125,-2617.161865234375
train,178,-1677.5430908203125,-1711.9111328125
train,429,-2633.06591796875,-2669.734619140625
train,1149,-1326.221923828125,-1497.97216796875
train,5621,-1964.26904296875,-1813.6951904296875
train,1830,-4483.01611328125,-4379.9716796875
train,2920,-4882.7099609375,-5089.8291015625
train,4897,-4021.760009765625,-4175.29296875
train,5970,-3668.81103515625,-3710.431396484375
train,5125,-5893.64013671875,-6048.166015625
train,5074,-4963.421875,-4972.43359375
train,4214,1282.204833984375,1286.296142578125
train,4076,257.5302734375,547.862060546875
train,4304,-4487.2001953125,-4315.3046875
train,3278,-2371.77099609375,-2640.71728515625
train,1478,-4597.7880859375,-4228.21044921875
train,5880,-1256.755126953125,-1139.513427734375
train,537,-2564.93603515625,-2389.968017578125
train,514,-5248.93798828125,-5101.8134765625
train,3127,-6496.7021484375,-6747.2724609375
train,4796,-2322.011962890625,-2310.765625
train,172,-5393.7177734375,-5193.5703125
train,604,-4771.72509765625,-4710.369140625
train,2985,-2763.552001953125,-2980.53466796875
train,777,-2692.10302734375,-2672.94677734375
train,5950,-6753.3095703125,-6637.76171875
train,3314,698.253173828125,1040.168701171875
train,4579,439.76904296875,453.394775390625
train,3519,-5574.9111328125,-5335.21923828125
train,5694,-8199.0634765625,-8275.3935546875
train,5111,-3881.27490234375,-3610.494384765625
train,4957,-2133.281005859375,-2138.40966796875
train,3296,-2409.56201171875,-2497.419921875
train,5760,-5801.06591796875,-5808.8935546875
train,4827,-4721.2177734375,-4751.9951171875
train,5163,-2603.22412109375,-2471.0380859375
train,3103,-327.562255859375,-287.130859375
train,5652,-4631.4521484375,-4441.306640625
train,6451,-3190.547119140625,-2994.13427734375
train,2134,-8296.78515625,-8075.0927734375
train,656,-1848.47998046875,-1899.3499755859375
train,1821,-2890.85107421875,-2650.236572265625
train,4575,-988.436279296875,-1460.7568359375
train,3602,-4633.73583984375,-4620.4228515625
train,1760,-2719.080078125,-3015.797119140625
train,4788,-1911.447021484375,-1885.503662109375
train,248,-2696.993896484375,-3428.440673828125
train,2143,-5196.06982421875,-5313.06640625
train,4011,-6101.9990234375,-6135.98828125
train,5697,-6057.47509765625,-5806.7490234375
train,3920,-1296.697021484375,-782.142333984375
train,1267,-1920.0009765625,-1883.355224609375
train,2516,-1678.0400390625,-1760.3642578125
train,4311,-2827.81494140625,-2659.426025390625
train,3486,-4725.1201171875,-4438.06396484375
train,3235,-4501.6181640625,-4668.033203125
train,6541,-5443.10400390625,-5820.474609375
train,540,3189.383056640625,2878.616943359375
train,3041,-2953.883056640625,-3111.95703125
train,3336,-6521.3388671875,-6657.2490234375
train,2745,-9205.6640625,-8931.3974609375
train,4446,-902.486083984375,-584.329345703125
train,278,-7807.404296875,-8096.9248046875
train,6472,958.769775390625,1162.537841796875
train,3717,-1026.088134765625,-654.455078125
train,3015,-3570.26806640625,-3313.95849609375
train,2341,-4971.33984375,-4902.26708984375
train,6162,-1109.406005859375,-355.8408203125
train,1884,140.1611328125,-24.95263671875
train,5017,-5523.18310546875,-5250.3447265625
train,1375,-4244.43896484375,-4132.5234375
train,4472,70.962890625,-170.915283203125
train,2907,-2857.55810546875,-2852.531494140625
train,1859,-1857.4759521484375,-1807.691650390625
train,2771,-4595.8681640625,-4880.822265625
train,5288,-1768.0260009765625,-1892.7667236328125
train,1199,-5096.9150390625,-5067.32568359375
train,1653,-3220.7470703125,-3174.970458984375
train,730,-5013.68994140625,-5123.0869140625
train,3177,-5749.8408203125,-6098.02099609375
train,420,-6985.3720703125,-7151.63525390625
train,3806,-2208.669921875,-2433.890869140625
train,6298,-2528.10888671875,-2508.547607421875
train,2834,-7186.8125,-7600.2724609375
train,1803,-5169.9189453125,-5256.296875
train,6212,2168.420654296875,2131.823974609375
train,5732,-4942.06103515625,-5194.4892578125
train,5441,265.65771484375,585.253173828125
train,5974,-4946.5068359375,-4966.9990234375
train,2223,-5440.31689453125,-5768.5576171875
train,4772,-3871.1708984375,-4039.974609375
train,2661,-2197.404052734375,-2173.6416015625
train,5580,-904.654052734375,-1006.642822265625
train,1792,-5916.12109375,-5856.5107421875
train,3795,-1225.010986328125,-1145.8203125
train,166,-2368.097900390625,-2552.59619140625
train,4626,-1681.0389404296875,-1734.8939208984375
train,4829,-5389.7939453125,-5807.13671875
train,1865,-1856.6678466796875,-1223.83154296875
train,6017,-2320.68603515625,-2259.44677734375
train,5132,-3723.257080078125,-4578.1015625
train,2676,-796.58203125,-395.76953125
train,3958,-1212.732177734375,-1346.403564453125
train,6200,-9035.1435546875,-8937.701171875
train,4766,-333.43896484375,-129.847412109375
train,4668,-5417.47509765625,-5158.0947265625
train,6244,-887.339111328125,-1128.835205078125
train,4944,-5522.5517578125,-5221.8642578125
train,5605,-2923.903076171875,-2623.87890625
train,2467,-8817.794921875,-8676.693359375
train,1308,-2688.9208984375,-2667.518310546875
train,2112,-2128.694091796875,-1947.681884765625
train,2049,1312.877197265625,1506.598876953125
train,3215,-2224.87890625,-2201.690673828125
train,2203,915.065185546875,761.485107421875
train,1391,-6158.63818359375,-6142.201171875
train,2270,-3654.467041015625,-3402.6923828125
train,6216,-496.197021484375,-606.869384765625
train,2162,-8268.9140625,-8467.5927734375
train,5758,-4005.77197265625,-3659.89794921875
train,5361,-3831.117919921875,-3867.689697265625
train,289,-6363.4228515625,-6441.20703125
train,4052,-4728.44921875,-4987.31298828125
train,1543,-4988.7509765625,-4592.08251953125
train,920,-4255.93896484375,-4575.56640625
train,6102,-5042.47900390625,-4729.1748046875
train,2844,-5452.86083984375,-5856.9033203125
train,2166,-3416.547119140625,-3549.89111328125
train,3763,-4787.02978515625,-4743.419921875
train,1378,-5126.0341796875,-5073.85888671875
train,70,-8590.83984375,-8699.7744140625
train,1095,-1683.510986328125,-1790.1453857421875
train,3510,-2265.43603515625,-2168.4013671875
train,381,-3541.616943359375,-3622.611328125
train,629,-2575.77294921875,-2925.541015625
train,3856,56.022216796875,55.604248046875
train,1466,-3946.15087890625,-3606.807861328125
train,5230,1730.683349609375,2024.425048828125
train,4378,-5911.4580078125,-5536.94140625
train,3729,-3441.050048828125,-3374.653564453125
train,292,-7810.0068359375,-7645.857421875
train,1276,-2934.531005859375,-3295.768798828125
train,1634,-1150.600830078125,-1545.309814453125
train,4619,-4309.3740234375,-4207.87939453125
train,2125,-101.9619140625,-59.254150390625
train,4061,-7147.0859375,-7015.3515625
train,6210,-3104.632080078125,-3582.23583984375
train,1912,-8173.8779296875,-8305.2587890625
train,1639,-8146.826171875,-7978.4375
train,3960,-2801.14111328125,-2821.92138671875
train,1951,-3039.044921875,-3189.257080078125
train,1939,-3898.64892578125,-3905.090576171875
train,755,-1872.967041015625,-1905.7161865234375
train,5942,-7212.3779296875,-7479.197265625
train,6347,-2745.3759765625,-2852.82861328125
train,4171,-6270.130859375,-5521.25830078125
train,3521,-2580.548095703125,-2591.296875
train,5921,-8915.6787109375,-8969.9443359375
train,6380,-41.10888671875,-151.6884765625
train,5552,-5140.51513671875,-4922.9384765625
train,265,-492.15478515625,-320.62939453125
train,2323,-5007.2548828125,-4833.83154296875
train,501,-3024.718017578125,-2763.219482421875
train,896,-4483.0087890625,-4253.77978515625
train,3861,-2480.794921875,-1969.64404296875
train,2064,-234.130859375,-367.97216796875
train,3966,-3461.0791015625,-3400.39697265625
train,2384,-11429.5380859375,-11123.9306640625
train,2822,-4469.52978515625,-4686.24462890625
train,3437,-8239.3876953125,-8137.435546875
train,4888,-6406.9140625,-6573.0966796875
train,6433,-5345.39599609375,-5486.380859375
train,3669,-8378.5517578125,-8550.373046875
train,34,-3739.931884765625,-4338.7421875
train,8,-3009.364013671875,-3337.758056640625
train,4126,-2426.113037109375,-2327.7119140625
train,5888,-1885.43505859375,-1773.991455078125
train,617,-3378.962890625,-3351.070068359375
train,1960,-6000.716796875,-6170.1103515625
train,5904,-1875.260986328125,-1953.4224853515625
train,4483,-1262.158935546875,-889.26123046875
train,6283,-3779.090087890625,-3935.830322265625
train,21,-2710.674072265625,-2969.9111328125
train,6344,145.82421875,-25.167724609375
train,5244,-2919.656982421875,-3200.202880859375
train,782,-6643.57177734375,-6963.048828125
train,4771,-6891.90185546875,-7133.2060546875
train,4322,-5057.2451171875,-5227.7568359375
train,329,-981.11474609375,-622.570068359375
train,3513,-5371.94287109375,-5967.34912109375
train,6397,-1422.983154296875,-1615.125244140625
train,6071,-4490.59716796875,-4324.47998046875
train,317,-5790.171875,-5565.64404296875
train,6070,-10549.6083984375,-10291.4697265625
train,4468,-6447.0078125,-6301.25830078125
train,488,-3492.180908203125,-3826.140625
train,398,-7707.72900390625,-8010.1484375
train,6254,-4951.68994140625,-5172.93603515625
train,4427,-3904.01611328125,-3822.3984375
train,1413,-3127.14306640625,-3157.6357421875
train,739,-4124.48876953125,-4106.08251953125
train,3194,-1382.346923828125,-1336.32958984375
train,3362,-3952.033935546875,-3892.443115234375
train,1038,-5732.69287109375,-5712.2431640625
train,1946,-181.174072265625,-893.711669921875
train,3517,-3213.304931640625,-3360.29052734375
train,4141,-2676.3740234375,-2648.7080078125
train,1417,-1021.802978515625,-1229.329345703125
train,2461,-7239.75,-7625.369140625
train,5170,-2743.7958984375,-2408.8876953125
train,6103,-4727.873046875,-4854.7861328125
train,580,-3272.735107421875,-3054.097900390625
train,2206,-2423.802001953125,-2181.689453125
train,2006,1747.038330078125,1501.484130859375
train,4204,-4868.77978515625,-4637.56005859375
train,1766,-1282.115966796875,-926.9736328125
train,5115,-6133.02783203125,-6095.708984375
train,2034,-5396.22216796875,-5607.83154296875
train,6126,-7513.81982421875,-7435.9931640625
train,2980,538.083251953125,661.701416015625
train,2774,-1867.85205078125,-1870.98681640625
train,5907,-6297.123046875,-6096.6552734375
train,1590,-1692.9520263671875,-1666.0634765625
train,5237,-5873.51318359375,-5851.3779296875
train,3561,-1630.8709716796875,-2249.5869140625
train,4315,-93.060302734375,-66.631103515625
train,492,-2446.0810546875,-2341.340087890625
train,4522,-6310.2470703125,-6028.56640625
train,1554,-2292.781982421875,-2106.93310546875
train,4718,-2111.511962890625,-2382.3876953125
train,2668,-5313.591796875,-5459.23046875
train,651,-4413.52880859375,-4807.76953125
train,3941,618.597900390625,441.93408203125
train,2895,-2577.802001953125,-2687.552734375
train,5333,-4418.39990234375,-4607.3251953125
train,951,-3284.56005859375,-3789.55615234375
train,3738,-8314.3310546875,-7914.140625
train,2795,-1119.675048828125,-769.02587890625
train,5584,-3502.428955078125,-3126.470458984375
train,5462,-7218.16796875,-7555.38037109375
train,3983,1621.318115234375,2104.377685546875
train,5501,-2491.298095703125,-2290.634521484375
train,5567,-4437.72509765625,-4541.04248046875
train,4637,-390.927001953125,-208.642578125
train,2109,-2574.33203125,-3200.0859375
train,2367,-8047.3291015625,-7852.0302734375
train,5691,-4000.343994140625,-3932.09619140625
train,640,-2952.6201171875,-3105.25732421875
train,2977,-2735.764892578125,-2179.1533203125
train,5261,-5336.76904296875,-5933.4521484375
train,457,-521.2939453125,-424.987060546875
train,3365,-5803.828125,-6064.6474609375
train,4043,-6158.376953125,-6120.2353515625
train,2967,-2706.388916015625,-2615.956787109375
train,4009,-4207.5068359375,-4050.491455078125
train,762,-5851.18017578125,-6441.59765625
train,3360,-8684.9873046875,-8914.0009765625
train,5683,-4562.2587890625,-4460.95849609375
train,955,-5804.01513671875,-5893.521484375
train,1389,-5858.2451171875,-5686.8056640625
train,608,-152.821044921875,-427.932861328125
train,1819,-4086.343994140625,-4026.485107421875
train,1359,-5487.90283203125,-5711.109375
train,4611,-710.173095703125,-446.8916015625
train,1318,-1687.43701171875,-1690.5714111328125
train,1208,-2056.93896484375,-1992.44091796875
train,2876,-4053.948974609375,-3981.62841796875
train,2969,-8728.86328125,-8754.515625
train,6501,-4867.0791015625,-4508.087890625
train,5733,536.275146484375,608.528564453125
train,2691,-6406.73388671875,-6393.1328125
train,1012,-3050.8349609375,-2646.5048828125
train,1441,-6694.505859375,-6899.4970703125
train,2761,353.48388671875,184.91943359375
train,1597,-4489.44384765625,-3933.270263671875
train,2124,-8818.556640625,-8710.4150390625
train,3287,-2335.8466796875,-2040.8687744140625
train,2254,-3912.883056640625,-3807.46484375
train,5547,-5673.5068359375,-5626.90771484375
train,4776,-7124.5458984375,-6731.125
train,3522,-4423.18408203125,-4132.39404296875
train,1329,-3982.60107421875,-3725.681396484375
train,6114,-4701.27392578125,-4750.1845703125
train,1087,552.861083984375,623.599853515625
train,5725,-1912.9100341796875,-1777.447509765625
train,677,-1773.0140380859375,-1582.794677734375
train,1218,-7964.380859375,-8288.8447265625
train,883,-3888.721923828125,-4068.126953125
train,5044,-2867.4990234375,-3473.212158203125
train,6234,-984.7509765625,-778.619384765625
train,5338,-903.219970703125,-621.446533203125
train,1633,-4472.16015625,-3980.2548828125
train,3324,-496.02099609375,-229.48876953125
train,2388,-2928.6259765625,-2767.294189453125
train,4082,-3613.114013671875,-3452.58349609375
train,2271,-5359.2958984375,-5531.04345703125
train,5577,-1759.3580322265625,-1798.54052734375
train,1382,-5101.93408203125,-5110.4501953125
train,1367,-7050.0859375,-6927.919921875
train,4993,-1921.675048828125,-2151.46240234375
train,2851,-5519.40087890625,-5579.0234375
train,3893,-7651.6689453125,-7760.021484375
train,4186,-2501.39892578125,-2632.596435546875
train,3387,-4217.14892578125,-4376.744140625
train,3676,123.578125,580.548095703125
train,2765,-1080.56005859375,-1418.30908203125
train,4262,-4491.35986328125,-4600.30908203125
train,4319,733.119873046875,661.081298828125
train,2398,-5733.2890625,-6118.91845703125
train,1620,-1614.1988525390625,-1697.699462890625
train,6480,-8905.701171875,-8925.0126953125
train,1204,-719.533935546875,-979.866455078125
train,5521,-3180.72509765625,-3115.25732421875
train,3059,654.484130859375,744.855712890625
train,4590,-7003.03515625,-7164.1640625
train,5931,-2591.698974609375,-2507.632568359375
train,2943,-5699.85302734375,-5588.4130859375
train,6002,-4673.1318359375,-4536.25
train,4470,-5892.31884765625,-6386.501953125
train,1512,-5939.06591796875,-5868.16015625
train,3564,-5080.509765625,-4713.4169921875
train,1132,-7827.6884765625,-7831.7275390625
train,1938,-702.43994140625,-905.1533203125
train,1175,-4605.89404296875,-4693.23681640625
train,6014,-4775.4658203125,-4868.1708984375
train,810,-3839.132080078125,-3966.13330078125
train,545,377.66015625,-130.68212890625
train,2151,-7135.22607421875,-7244.6162109375
train,1266,-2889.152099609375,-2634.427001953125
train,2578,-3102.64990234375,-2910.6171875
train,1188,630.702880859375,409.84619140625
train,4104,-1769.171142578125,-1802.1669921875
train,6033,-8333.8583984375,-8209.283203125
train,4852,-5480.77001953125,-5907.9345703125
train,4227,-2911.1298828125,-2585.9326171875
train,5838,-3585.529052734375,-3332.313232421875
train,158,-211.297119140625,-440.23828125
train,2690,-6967.84814453125,-6543.1640625
train,5565,1371.131103515625,1399.792236328125
train,4828,-2835.65087890625,-3287.0390625
train,490,-492.026123046875,-432.0107421875
train,6092,-5464.34619140625,-5483.87890625
train,6335,948.376220703125,978.854736328125
train,6229,-4879.298828125,-4688.310546875
train,2044,-4728.1328125,-4544.48779296875
train,3089,-5461.67578125,-5367.619140625
train,198,-6387.283203125,-6491.31298828125
train,1457,-2998.445068359375,-3430.015380859375
train,6127,-2091.77197265625,-2232.92919921875
train,3084,807.210205078125,660.358642578125
train,5783,-564.39794921875,-351.562744140625
train,4833,-1153.297119140625,-588.3623046875
train,3915,-5768.7587890625,-5276.09912109375
train,1135,-2917.625,-2680.8857421875
train,6213,-5817.7470703125,-5833.984375
train,47,-1367.620849609375,-1261.177490234375
train,5987,-4701.173828125,-4415.04052734375
train,430,-6083.12890625,-6440.1904296875
train,6515,843.685791015625,897.157470703125
train,2425,-3678.50390625,-3502.647705078125
train,4744,2006.527587890625,1883.715576171875
train,5376,-3306.472900390625,-3315.270751953125
train,6152,-3970.071044921875,-3985.0849609375
train,5753,-4921.71484375,-4941.72998046875
train,4691,-677.535888671875,-328.478759765625
train,3784,-5682.55908203125,-5533.3408203125
train,404,-3601.527099609375,-4199.08154296875
train,3777,-1453.64697265625,-1461.955322265625
train,3822,-5768.97314453125,-6002.9765625
train,1120,-3487.260986328125,-3104.217041015625
train,4101,-2571.091064453125,-2535.3291015625
train,4209,-2675.35205078125,-2627.76220703125
train,5233,1948.278076171875,2083.469970703125
train,672,856.912841796875,832.538330078125
train,1422,-555.549072265625,-909.49169921875
train,665,-2439.510009765625,-2146.920654296875
train,4198,-3363.323974609375,-3589.616455078125
train,6549,-1828.137939453125,-1797.169677734375
train,3944,-4737.85205078125,-5006.8134765625
train,4773,-2297.48095703125,-2477.06640625
train,1403,-3185.408935546875,-3219.857177734375
train,4656,-1464.234130859375,-1641.06640625
train,4254,-2930.87109375,-3017.72119140625
train,1509,35.681884765625,98.844970703125
train,2026,94.095947265625,63.197509765625
train,4682,-1295.716064453125,-1184.052734375
train,890,-1753.177978515625,-1553.176513671875
train,4759,-3185.885009765625,-2913.71875
train,2551,-1101.91796875,-946.299560546875
train,3592,-1910.4859619140625,-2042.8154296875
train,3021,-1882.7481689453125,-2002.580810546875
train,5908,-2883.138916015625,-3027.38916015625
train,3492,-884.390625,-506.17724609375
train,3516,-563.39794921875,-319.165283203125
train,3019,-2652.116943359375,-2775.73583984375
train,122,-4423.01904296875,-4239.22314453125
train,6288,-6111.39013671875,-6182.142578125
train,1481,-3093.89111328125,-3130.053466796875
train,4774,-1732.8580322265625,-1652.1363525390625
train,5705,-4593.68798828125,-4323.9462890625
train,108,-5837.43212890625,-5634.21875
train,3184,339.589111328125,472.646240234375
train,1896,-3783.383056640625,-3836.9150390625
train,5703,-3466.452880859375,-3015.83154296875
train,5742,-1368.449951171875,-1056.68505859375
train,3680,-6585.73388671875,-6915.7724609375
train,4063,-4918.4638671875,-4897.2822265625
train,696,-218.361083984375,-399.476318359375
train,5916,-2725.423095703125,-2862.57958984375
train,3258,-3701.846923828125,-3757.6533203125
train,4587,-5062.0,-5104.583984375
train,2502,-5741.77880859375,-5549.5263671875
train,683,-3143.694091796875,-4093.493896484375
train,699,-2201.6689453125,-2798.347412109375
train,2079,-1276.071044921875,-1213.6171875
train,6536,-4592.11376953125,-4780.46484375
train,1894,-890.54296875,-772.033203125
train,161,-6374.0732421875,-6159.4228515625
train,616,-4628.59814453125,-4903.6298828125
train,5656,-6885.59423828125,-7177.775390625
train,846,-3549.27587890625,-3653.89306640625
train,169,-8830.671875,-8728.3349609375
train,6510,-8040.2216796875,-8080.83984375
train,738,-3934.968017578125,-3833.758056640625
train,4111,-5870.9599609375,-5747.36767578125
train,626,-1240.593017578125,-998.88818359375
train,5439,-9054.521484375,-8930.8056640625
train,3050,-2261.35400390625,-1972.336181640625
train,904,-2405.176025390625,-1973.786376953125
train,5715,-1439.1689453125,-1513.659912109375
train,5343,-649.076904296875,-559.47900390625
train,3951,-2810.62109375,-2627.66552734375
train,4547,-6893.408203125,-6408.5029296875
train,2011,-6376.44287109375,-6412.7119140625
train,6299,-3055.7529296875,-3526.48486328125
train,2952,847.872802734375,627.137451171875
train,5708,-7473.85009765625,-7980.07421875
train,5984,-5671.97900390625,-5375.7236328125
train,2155,-4536.01806640625,-4738.845703125
train,6523,-5861.5517578125,-5896.29541015625
train,86,-1995.89404296875,-2003.6895751953125
train,5893,-1205.288818359375,-1198.910400390625
train,3200,-2399.98095703125,-2508.25830078125
train,82,108.265869140625,-341.545166015625
train,5944,-10308.7119140625,-10286.06640625
train,4010,-3144.55810546875,-2999.9619140625
train,596,-5032.9951171875,-4828.0947265625
train,2470,-1704.0360107421875,-1741.829345703125
train,686,-3919.340087890625,-4163.69189453125
train,2246,216.656982421875,-3.1533203125
train,969,-2977.822998046875,-3442.645751953125
train,4431,-6847.32421875,-7186.89453125
train,13,-6054.15576171875,-6226.484375
train,2561,-4187.9931640625,-4001.0107421875
train,2147,-9163.7392578125,-8911.5537109375
train,2865,-4496.1318359375,-4430.0927734375
train,815,-841.072998046875,-1038.1796875
train,5597,848.944091796875,429.32763671875
train,3132,-5444.69677734375,-5689.7578125
train,274,-594.989013671875,-772.15869140625
train,353,-2973.758056640625,-2569.273681640625
train,2733,-5931.2158203125,-5882.65234375
train,1644,-3124.493896484375,-3265.607666015625
train,475,-3873.51708984375,-3710.8203125
train,4345,-1776.801025390625,-1386.27734375
train,129,-1114.427978515625,-884.958740234375
train,954,-5677.89794921875,-5314.50048828125
train,4130,-1304.430908203125,-1048.11083984375
train,963,-432.836181640625,-502.76220703125
train,4225,-5201.72705078125,-5425.5927734375
train,2900,-6706.60693359375,-6673.466796875
train,2032,-2938.943115234375,-2028.0601806640625
train,5986,-4610.505859375,-4688.2392578125
train,365,-6170.43798828125,-6175.1669921875
train,2896,-5940.9658203125,-5801.00439453125
train,2413,-3019.06201171875,-2991.258544921875
train,2140,-7532.2080078125,-7370.91845703125
train,3648,2455.066650390625,2536.193603515625
train,3800,-4562.05615234375,-4523.046875
train,5251,-1041.364013671875,-701.059814453125
train,448,-2269.596923828125,-2406.95263671875
train,933,-6302.466796875,-6351.4853515625
train,433,-6705.5009765625,-6809.99755859375
train,451,-457.705078125,-496.315673828125
train,4770,-6635.626953125,-6793.1220703125
train,4800,-5620.18310546875,-5704.97705078125
train,4193,-533.506103515625,-918.15625
train,1982,-262.555908203125,-83.48681640625
train,1744,-2311.81494140625,-1780.4163818359375
train,5260,-2770.863037109375,-2798.44482421875
train,5539,-75.907958984375,231.564697265625
train,4822,-5330.27099609375,-5465.75537109375
train,2874,-5029.6171875,-4720.1962890625
train,2945,-2127.5068359375,-2381.71484375
train,1185,-2337.988037109375,-2277.19580078125
train,4273,-4398.52099609375,-4387.5751953125
train,6056,-5269.423828125,-4877.4072265625
train,2705,-4841.98583984375,-3561.77880859375
train,249,-4516.6240234375,-4110.814453125
train,4515,-4358.26806640625,-4200.34765625
train,212,-2291.361083984375,-1939.3011474609375
train,2222,-4210.5087890625,-4361.39990234375
train,6267,-4891.876953125,-4972.919921875
train,3826,-1293.968994140625,-623.331298828125
train,4006,-4817.9951171875,-4444.8994140625
train,855,-6274.212890625,-5978.49658203125
train,4175,-152.909912109375,80.34912109375
train,2022,-4635.97802734375,-4080.34375
train,2479,-6015.56201171875,-6524.400390625
train,6259,-1947.177001953125,-1989.29345703125
train,3268,-1518.535888671875,-1360.852783203125
train,2176,2392.318115234375,2005.920654296875
train,3827,-6292.1689453125,-6284.32421875
train,2826,-4963.60400390625,-5227.71875
train,2274,-2520.14208984375,-2259.74267578125
train,99,-1862.2459716796875,-2627.788818359375
train,3022,115.868896484375,13.363037109375
train,1585,-6480.4951171875,-6569.0927734375
train,3829,581.419189453125,700.321533203125
train,214,-5275.14501953125,-5479.35546875
train,869,-46.366943359375,59.355712890625
train,3579,-7751.6904296875,-7550.1611328125
train,2465,-4896.2099609375,-5305.228515625
train,1892,658.960205078125,1256.992919921875
train,31,-8456.732421875,-8494.357421875
train,1843,-537.760009765625,-771.769775390625
train,6543,-7975.1962890625,-7811.0830078125
train,3332,-7144.736328125,-7340.4970703125
train,4995,1415.463134765625,864.251220703125
train,38,-5486.68603515625,-5659.38916015625
train,3143,-4509.56005859375,-4482.62060546875
train,2719,-3515.842041015625,-3689.95849609375
train,743,-7967.599609375,-7956.271484375
train,816,-2827.2119140625,-2741.66650390625
train,3585,-5225.9970703125,-5464.46337890625
train,5240,-3915.116943359375,-3663.0439453125
train,5632,-3246.342041015625,-3137.38330078125
train,2938,-2026.530029296875,-1614.953125
train,1660,-814.90380859375,-630.3837890625
train,1615,-3880.3310546875,-3271.355224609375
train,2129,-2532.089111328125,-2631.9033203125
train,1779,-5139.52490234375,-5173.5146484375
train,1082,-5407.06298828125,-5272.927734375
train,1899,-1861.154052734375,-1596.12109375
train,3382,-7730.0810546875,-7637.27197265625
train,3850,-6852.17919921875,-6840.84765625
train,4113,-6311.7548828125,-6339.8369140625
train,5180,-4404.7822265625,-4146.3349609375
train,5781,-2743.44189453125,-2866.601806640625
train,6158,-2732.1650390625,-2657.793212890625
train,6264,-2207.69091796875,-2229.940185546875
train,3905,-5334.51611328125,-5065.95361328125
train,624,833.625244140625,575.362060546875
train,4040,-1870.711181640625,-2325.024169921875
train,17,-6628.2529296875,-6358.98779296875
train,4755,-2043.453125,-1991.373046875
train,3789,-3603.1259765625,-3593.991455078125
train,2610,-1045.719970703125,-1104.718994140625
train,1580,-5108.5439453125,-5066.61962890625
train,6241,-4993.35205078125,-3939.3857421875
train,3302,-5486.81591796875,-5354.9521484375
train,581,-2134.218994140625,-2112.41748046875
train,2065,-1417.43505859375,-1525.417724609375
train,1570,-6025.98291015625,-6120.3310546875
train,5709,-2779.281005859375,-2901.202392578125
train,2460,-6220.4921875,-6754.8642578125
train,5301,-3260.64697265625,-3422.8740234375
train,2558,-2190.156982421875,-2349.1279296875
train,4114,679.630126953125,771.364501953125
train,2902,-4144.22900390625,-3986.93603515625
train,3176,1038.610107421875,1168.344970703125
train,3823,-8498.607421875,-8466.34765625
train,3841,-3001.260009765625,-3273.807861328125
train,4152,-4868.591796875,-4939.96337890625
train,2627,-7096.55908203125,-7208.12646484375
train,1223,-4738.7568359375,-4135.88818359375
train,3421,-110.2041015625,908.232666015625
train,5677,-3183.2451171875,-3452.829833984375
train,5491,-3461.412109375,-3375.19140625
train,4232,-6133.328125,-6156.517578125
train,1048,-6752.591796875,-6909.357421875
train,980,1134.068115234375,999.231689453125
train,6022,-2753.2470703125,-2716.46923828125
train,4648,-1063.611083984375,-626.040283203125
train,4352,-4492.30810546875,-4457.56884765625
train,4620,-9251.0693359375,-8342.71484375
train,6326,-5833.908203125,-6053.2109375
train,1854,-2824.655029296875,-3017.6904296875
train,2988,-3474.575927734375,-3954.96435546875
train,685,-144.5830078125,-58.217529296875
train,3703,386.3203125,129.469482421875
train,1228,-2980.35595703125,-2914.379638671875
train,3170,-6489.55810546875,-6432.826171875
train,5025,-3771.261962890625,-3918.349609375
train,2305,-6962.98876953125,-6891.6162109375
train,5304,-4626.22021484375,-4506.24365234375
train,1834,-6098.9501953125,-6343.25048828125
train,5112,-4267.73095703125,-3447.985107421875
train,336,-6248.06689453125,-6118.16845703125
train,4503,-6386.39208984375,-6452.7548828125
train,5934,-2810.862060546875,-3595.308837890625
train,1017,-1127.069091796875,-1306.914794921875
train,5124,-1792.9769287109375,-2250.09130859375
train,4834,-6811.341796875,-6351.9443359375
train,567,-2608.43701171875,-2495.83056640625
train,3774,-345.674072265625,-46.73193359375
train,3470,563.871826171875,939.037353515625
train,719,-1109.672119140625,-1286.854736328125
train,1498,-2389.580078125,-2459.4658203125
train,619,-4669.02197265625,-4585.0732421875
train,2433,-5895.716796875,-6136.408203125
train,2017,-1723.2470703125,-1509.662109375
train,1433,-2881.802978515625,-3431.073974609375
train,3309,-4274.2158203125,-4338.36328125
train,6208,-8520.015625,-8722.1884765625
train,1491,-1326.489013671875,-1351.1611328125
train,5484,-4424.7080078125,-4371.86328125
train,1365,-5923.46923828125,-6130.39453125
train,1465,-3277.76708984375,-2687.447265625
train,5245,-4041.533935546875,-4495.6630859375
train,272,-2462.486083984375,-2568.54150390625
train,884,401.843994140625,358.509521484375
train,6012,-8267.9892578125,-8283.1767578125
train,1490,-2262.467041015625,-2194.8330078125
train,4818,315.14892578125,374.376953125
train,2283,-1720.4539794921875,-1655.416015625
train,2409,-6865.21484375,-7314.0205078125
train,359,-7009.55810546875,-7118.537109375
train,1160,-2528.76611328125,-2376.7607421875
train,2354,-5775.98095703125,-6180.861328125
train,4974,-1975.0621337890625,-2132.152099609375
train,6082,-6726.001953125,-7166.54052734375
train,1072,-4703.462890625,-4265.78759765625
train,2750,-779.275146484375,-964.618408203125
train,6422,-6400.662109375,-6004.0498046875
train,857,-5859.14306640625,-6019.275390625
train,1918,-3479.613037109375,-3164.12158203125
train,6482,-2105.16796875,-1806.71728515625
train,3206,1366.162841796875,1594.954833984375
train,5570,779.323974609375,1042.123291015625
train,5222,-1792.7640380859375,-1234.39892578125
train,531,-6079.43994140625,-6082.2158203125
train,1930,-4414.59521484375,-4138.34228515625
train,1991,-4924.43505859375,-5084.2421875
train,712,-5303.55322265625,-5222.88037109375
train,2146,-1122.5400390625,-1445.0732421875
train,1875,-8381.939453125,-8411.515625
train,2538,-4868.9560546875,-5123.62841796875
train,2376,-362.005126953125,-293.88671875
train,3043,438.52001953125,542.336181640625
train,3227,-6663.6728515625,-6759.6494140625
train,5134,-4003.27099609375,-3861.17578125
train,735,-4454.671875,-4595.61376953125
train,1716,-6053.68798828125,-6081.265625
train,6201,-1727.7769775390625,-1594.95166015625
train,6007,-2325.675048828125,-2582.192138671875
train,3970,-2813.075927734375,-2788.69580078125
train,1944,-5990.2509765625,-6163.85400390625
train,5041,-6361.15478515625,-6745.0458984375
train,5581,-2153.7060546875,-2054.2099609375
train,876,-986.419921875,-1027.35693359375
train,5734,-2522.444091796875,-2665.396728515625
train,3342,-5385.47314453125,-5141.798828125
train,3695,-2013.4091796875,-2105.50390625
train,4765,-6853.5,-6496.02783203125
train,1652,-2431.327880859375,-2529.763427734375
train,4415,-3505.85302734375,-3708.57470703125
train,2587,-6288.9248046875,-6455.873046875
train,1527,-2526.761962890625,-2676.1015625
train,4986,-2650.155029296875,-2613.737060546875
train,1330,-6600.51416015625,-6633.841796875
train,3082,-2672.243896484375,-2666.30517578125
train,2504,-1867.89697265625,-2193.84521484375
train,765,-3811.50390625,-3563.35009765625
train,5384,-4104.80615234375,-4156.833984375
train,1089,-1695.239013671875,-1670.855224609375
train,4308,-4858.5517578125,-5148.041015625
train,5731,728.645751953125,216.22509765625
train,709,-3138.958984375,-3198.213623046875
train,2391,-7119.2080078125,-7102.7646484375
train,6294,-1561.9150390625,-1708.91650390625
train,3544,-9407.4951171875,-9491.61328125
train,3203,-2514.761962890625,-2784.38232421875
train,4578,-2918.8740234375,-2434.44384765625
train,3008,-1074.739013671875,-1083.318115234375
train,5474,398.802001953125,718.661865234375
train,1650,-6296.5400390625,-5934.791015625
train,240,-5739.89697265625,-5797.869140625
train,2040,-1978.323974609375,-1901.1749267578125
train,1305,-4022.304931640625,-4142.701171875
train,4274,-3795.055908203125,-4214.27783203125
train,3503,-2143.784912109375,-1696.95849609375
train,1889,-3723.998046875,-3618.10107421875
train,4724,-3427.06591796875,-3452.251220703125
train,2928,295.116943359375,168.35498046875
train,2602,3891.748291015625,3600.575927734375
train,5316,-5083.794921875,-4854.5673828125
train,5346,-5195.68701171875,-5402.8388671875
train,73,-4996.31689453125,-4516.9072265625
train,5330,-4029.52099609375,-3952.577880859375
train,2091,-3401.0439453125,-3262.62744140625
train,2321,-5404.31689453125,-5077.59765625
train,5087,-5541.97900390625,-5220.74853515625
train,3269,-1703.614990234375,-1571.250244140625
train,1574,-2897.94091796875,-2823.42626953125
train,5345,-2380.047119140625,-1941.289306640625
train,5127,-3729.656005859375,-3767.346923828125
train,11,-1152.23095703125,-1120.516357421875
train,1171,-6628.39111328125,-6888.294921875
train,3094,-3617.089111328125,-3554.636474609375
train,2738,-4313.58984375,-4480.4091796875
train,3897,-5164.02685546875,-4834.27978515625
train,4398,-7387.98193359375,-7397.80322265625
train,2770,-2251.722900390625,-2477.023193359375
train,1879,-4209.8017578125,-4212.15771484375
train,6151,-836.263916015625,-357.79541015625
train,2324,-5208.68115234375,-4777.10498046875
train,4286,-6036.9638671875,-6262.9404296875
train,1804,-1029.266845703125,-2039.7666015625
train,820,-2383.843994140625,-3307.594970703125
train,1531,-4207.39892578125,-4432.03515625
train,2603,-3453.327880859375,-3763.415283203125
train,2310,-6663.388671875,-7098.43798828125
train,3210,-2868.093017578125,-3464.32861328125
train,2614,-823.4130859375,-753.445556640625
train,4348,-2503.447998046875,-2738.71728515625
train,2265,-2524.261962890625,-2532.6376953125
train,6106,-1840.427978515625,-1986.340087890625
train,3779,-1253.532958984375,-1497.10546875
train,106,-1227.037841796875,-1176.185791015625
train,5079,-3942.860107421875,-4062.0927734375
train,2600,-701.089111328125,-598.44384765625
train,4741,-4678.0869140625,-4481.64013671875
train,2291,-2084.60009765625,-2305.18212890625
train,5224,-1558.017822265625,-1674.8402099609375
train,751,-2539.48193359375,-2431.569091796875
train,2699,-5223.60205078125,-5318.32666015625
train,4563,-2427.135986328125,-2790.20068359375
train,756,-8955.275390625,-8944.6650390625
train,3266,-6512.0322265625,-6108.416015625
train,5337,-1296.7080078125,-998.7646484375
train,100,-5239.64892578125,-5136.4013671875
train,1129,-4655.72900390625,-5005.2001953125
train,622,-4619.06982421875,-4395.494140625
train,2128,-9053.552734375,-9025.201171875
train,2888,-2796.404052734375,-3160.856201171875
train,3870,-4977.67822265625,-4778.46240234375
train,6481,-5680.88818359375,-6046.51025390625
train,676,-2000.2080078125,-1629.992919921875
train,5960,-7391.466796875,-7281.79296875
train,2200,-1317.416015625,-1225.38916015625
train,4195,-3811.840087890625,-3468.06884765625
train,4931,-3720.18701171875,-4086.22412109375
train,2373,-2230.7470703125,-2580.193359375
train,935,-5451.14599609375,-5495.10205078125
train,4285,-3833.326904296875,-3573.51171875
train,3264,-1320.60498046875,-937.017333984375
train,5643,-5632.42822265625,-5509.09912109375
train,1916,-316.968994140625,-496.33251953125
train,1599,382.76806640625,337.441650390625
train,4361,1003.961181640625,672.572509765625
train,3026,-463.353271484375,194.47265625
train,3819,-3759.197998046875,-4140.8720703125
train,5328,-1594.862060546875,-1983.2681884765625
train,6266,-3622.550048828125,-3355.779296875
train,2678,-574.135986328125,9.014892578125
train,2468,-6963.171875,-6808.650390625
train,2584,-4541.830078125,-4252.67822265625
train,4572,-4247.1162109375,-4211.70556640625
train,4994,-2564.802001953125,-2285.313232421875
train,3013,971.363037109375,1063.395263671875
train,6101,-2160.48095703125,-2280.901611328125
train,2611,-519.615966796875,-1141.273193359375
train,4740,-1512.547119140625,-1469.625
train,4642,-5746.2861328125,-6483.23974609375
train,1093,-2397.299072265625,-2414.637451171875
train,441,-3970.300048828125,-3635.525634765625
train,2508,-4847.69287109375,-4993.01611328125
train,4983,-2825.68701171875,-3083.22900390625
train,5592,-6047.52197265625,-6092.783203125
train,1988,-7610.01220703125,-7226.2802734375
train,1789,-615.931884765625,-806.968017578125
train,3526,-7725.65380859375,-7750.5048828125
train,2746,97.493896484375,280.369873046875
train,1280,-3188.3779296875,-3401.888671875
train,6223,-3503.27294921875,-3009.160888671875
train,3412,-4898.9091796875,-4788.525390625
train,5475,-5902.009765625,-6065.943359375
train,6429,-2110.79296875,-2411.67724609375
train,5948,-5206.658203125,-5252.623046875
train,1198,-4190.93994140625,-4074.24462890625
train,2227,-2619.7939453125,-2527.99072265625
train,2872,-3539.89697265625,-3492.563720703125
train,3471,-6735.56787109375,-6879.28759765625
train,4914,-786.94482421875,-698.09130859375
train,4501,-5566.64794921875,-5805.85400390625
train,133,-3038.243896484375,-3207.920654296875
train,4652,-6560.5888671875,-6016.759765625
train,1847,-5158.56005859375,-5059.828125
train,4548,-949.671142578125,-677.583984375
train,1965,-7408.81884765625,-7294.6513671875
train,3104,-5293.71484375,-5412.3408203125
train,2999,-701.917236328125,-713.815185546875
train,1221,-1838.9300537109375,-1711.977294921875
train,3460,1647.903076171875,1686.606689453125
train,3323,519.008056640625,680.361572265625
train,303,-5266.11279296875,-5352.8662109375
train,1765,-1216.586181640625,-1261.32470703125
train,5711,-2090.623046875,-2638.997314453125
train,4594,-7372.30908203125,-7307.8212890625
train,6110,-7867.1123046875,-7594.59033203125
train,2862,-3312.365966796875,-3875.254638671875
train,6319,-5214.9501953125,-5438.5166015625
train,1346,-6374.10986328125,-5995.4443359375
train,4754,-9281.083984375,-9415.875
train,3653,-3262.77587890625,-2853.06689453125
train,1662,-4968.1728515625,-4194.01416015625
train,4854,-6789.962890625,-6917.421875
train,5857,686.988037109375,793.455810546875
train,2221,-4876.6201171875,-5308.50390625
train,854,-3975.1220703125,-4246.927734375
train,1176,-7975.5654296875,-7940.8154296875
train,5618,-8732.392578125,-8660.1494140625
train,3252,-8755.5439453125,-8306.9033203125
train,807,-3282.412109375,-2787.921875
train,2885,-6363.89501953125,-6374.36328125
train,6430,-1889.9610595703125,-1550.452880859375
train,4965,-6128.4970703125,-6363.0498046875
train,5814,-3367.5,-3209.555419921875
train,1236,-842.47998046875,-841.624755859375
train,5176,-3064.826904296875,-3198.031982421875
train,5360,-6546.10009765625,-6678.3876953125
train,2687,-1067.9658203125,-1707.278076171875
train,5796,-2810.10595703125,-3038.227783203125
train,142,1433.216064453125,1141.807373046875
train,5472,-6069.55908203125,-6092.46484375
train,3190,-8924.529296875,-8818.7412109375
train,3903,-6780.658203125,-6907.798828125
train,4813,-1631.487060546875,-1220.46630859375
train,3879,-1829.6739501953125,-1581.768310546875
train,4474,-5755.14111328125,-5630.3544921875
train,2667,-2916.386962890625,-3109.15869140625
train,2326,-2685.48291015625,-2580.708740234375
train,2427,-2945.321044921875,-2983.22802734375
train,6372,-5836.88623046875,-6254.29443359375
train,3922,-492.672119140625,136.86962890625
train,785,-2674.43603515625,-2733.36181640625
train,3631,-1983.6600341796875,-1865.7623291015625
train,4289,-8455.6943359375,-8566.6513671875
train,4129,-7589.076171875,-7513.306640625
train,1412,-4379.88818359375,-4142.833984375
train,3435,-2870.30810546875,-3028.2490234375
train,4320,-1045.501953125,-813.892578125
train,5776,-2153.032958984375,-1831.9951171875
train,6401,-1533.128173828125,-1627.704345703125
train,4990,-3480.01904296875,-3489.0517578125
train,5042,-6722.76220703125,-6346.40625
train,2273,-2179.9150390625,-2289.24072265625
train,2867,-3705.030029296875,-4171.140625
train,2663,-4083.177978515625,-4053.56494140625
train,5398,-1548.970947265625,-1466.934814453125
train,3344,-2471.22998046875,-2204.193359375
train,5064,-4041.263916015625,-3850.583740234375
train,5602,1624.720458984375,1501.801025390625
train,4016,-6278.5537109375,-6177.07421875
train,2113,-4721.125,-4425.23583984375
train,1165,-586.4990234375,-685.49462890625
train,5012,1324.941162109375,907.686279296875
train,682,-415.257080078125,-156.54443359375
train,4756,-5301.451171875,-5533.8935546875
train,3685,-1371.947021484375,-1365.09521484375
train,4326,-6526.81982421875,-6116.9921875
train,591,-2719.31494140625,-2890.581298828125
train,2970,-4134.17919921875,-3853.75634765625
train,2968,2531.926025390625,2668.270751953125
train,663,-1198.288818359375,-960.880615234375
train,5821,-3167.98388671875,-3105.8896484375
train,1657,-5809.791015625,-5676.00732421875
train,2711,-3529.697998046875,-3433.29248046875
train,4369,-5601.9267578125,-5383.61572265625
train,5745,-7103.626953125,-6703.24169921875
train,207,-6267.22412109375,-6508.2783203125
train,5103,872.695068359375,1069.275146484375
train,3304,-4140.06201171875,-4112.0947265625
train,2093,-1722.900146484375,-1501.703369140625
train,3569,-4910.205078125,-4692.43798828125
train,4287,2582.877197265625,2287.306884765625
train,2772,-2133.28271484375,-1728.9910888671875
train,1226,-4004.7548828125,-3540.057861328125
train,3061,-3772.448974609375,-3933.491455078125
train,2247,-3059.445068359375,-3154.148681640625
train,3283,-6248.751953125,-5827.861328125
train,4769,-4540.751953125,-4601.9716796875
train,2330,-4289.89990234375,-4097.921875
train,1034,-2464.64404296875,-2568.8271484375
train,2764,-6558.7099609375,-6592.138671875
train,3010,-2814.055908203125,-2559.0625
train,4581,-6439.55615234375,-6364.666015625
train,3939,-2440.68408203125,-2470.851318359375
train,4491,-7884.1298828125,-7942.2001953125
train,4767,-355.205078125,-683.1044921875
train,1256,-8343.376953125,-8373.1611328125
train,3702,-3365.139892578125,-3511.8740234375
train,30,-1727.3228759765625,-2157.84716796875
train,88,-4067.386962890625,-3889.267578125
train,3374,-4648.8720703125,-4805.294921875
train,774,-1103.81201171875,-974.811279296875
train,4136,-9709.5302734375,-9568.67578125
train,1489,-2475.402099609375,-2773.1796875
train,2177,-3594.02490234375,-3591.744140625
train,1917,-4902.3232421875,-4574.4716796875
train,5273,-5326.466796875,-5815.90185546875
train,4389,-9723.5654296875,-9411.953125
train,1625,-7143.2451171875,-7226.7021484375
train,1044,278.22802734375,284.700439453125
train,3321,-8320.8857421875,-8286.5283203125
train,680,-6186.173828125,-6174.2470703125
train,5214,671.090087890625,714.859130859375
train,2757,-2826.31201171875,-2481.91748046875
train,990,-8630.458984375,-8459.8486328125
train,3259,-2345.2451171875,-2468.3388671875
train,1148,-4668.97509765625,-4635.3154296875
train,2374,-8346.7744140625,-8330.94921875
train,3674,-6188.10107421875,-5836.58203125
train,5982,-2977.965087890625,-2864.18603515625
train,4201,-5663.79296875,-5560.84375
train,237,-4938.61279296875,-5074.91796875
train,3614,-6726.7841796875,-6516.48046875
train,3664,-5809.11083984375,-5815.1572265625
train,5274,-2787.10498046875,-2978.38330078125
train,2930,-2445.10888671875,-2453.20703125
train,6004,-9956.037109375,-10151.3857421875
train,654,-5662.837890625,-6130.38671875
train,3239,-7511.326171875,-7304.4326171875
train,4894,-5800.97998046875,-5803.57666015625
train,2956,132.52001953125,205.1767578125
train,4031,-5559.98095703125,-5103.67919921875
train,499,-4800.2568359375,-5139.2177734375
train,2658,-3764.757080078125,-3447.910400390625
train,6141,-8015.044921875,-7983.2216796875
train,3964,-3506.866943359375,-3734.239990234375
train,1022,-2784.403076171875,-2735.00927734375
train,2061,-1524.701904296875,-1301.71826171875
train,3959,-5447.67578125,-5406.3740234375
train,3746,476.121826171875,584.618896484375
train,3633,-457.37890625,162.9482421875
train,5313,-4518.244140625,-4102.3154296875
train,6060,-1145.275146484375,-1345.002197265625
train,4945,-5868.09716796875,-6009.0078125
train,6180,-5258.828125,-5255.6025390625
train,4933,-3621.845947265625,-3605.581787109375
train,3468,-4112.60302734375,-4094.16552734375
train,6552,-2611.910888671875,-2808.0185546875
train,2652,-4010.125,-3975.927001953125
train,4456,-1818.281005859375,-1689.0343017578125
train,2722,-1104.197998046875,-1227.696044921875
train,3262,1070.324951171875,1514.950439453125
train,131,-1156.401123046875,-1146.109619140625
train,1402,-122.52783203125,-131.539794921875
train,3255,-2968.623046875,-2991.96337890625
train,4610,-1611.1639404296875,-1890.97509765625
train,3404,-1279.427001953125,-883.557861328125
train,3280,-5863.83203125,-5823.5771484375
train,2302,-5546.9599609375,-5534.30908203125
train,4625,-2190.81396484375,-2069.43310546875
train,3755,-4770.43701171875,-5292.7216796875
train,1945,-2083.2119140625,-1883.0516357421875
train,3305,-4247.2421875,-3985.34033203125
train,5515,-2855.077880859375,-2785.60888671875
train,4984,-1726.5201416015625,-1685.754638671875
train,2926,-6356.0947265625,-6344.2626953125
train,3974,-5051.05712890625,-5490.20263671875
train,2431,-6094.47802734375,-6159.9521484375
train,4421,-4997.9521484375,-4720.09326171875
train,1302,-3873.26904296875,-4032.806884765625
train,4248,-5709.10888671875,-5609.841796875
train,3677,-4348.93505859375,-4458.18896484375
train,2233,-3069.662109375,-3091.718994140625
train,4125,-6346.34765625,-6016.607421875
train,768,1850.710205078125,1869.410400390625
train,4077,-3457.8740234375,-3202.29345703125
train,2039,-2363.2080078125,-2411.07275390625
train,176,-3812.2890625,-3683.6201171875
train,5040,-1077.8388671875,-741.916259765625
train,9,-3669.5849609375,-3911.641357421875
train,1121,1953.191650390625,2126.564208984375
train,2684,-1874.9100341796875,-2174.969482421875
train,3992,-7250.52880859375,-7534.220703125
train,6289,-7676.833984375,-7635.3681640625
train,1663,-4244.033203125,-4528.07373046875
train,3867,-3657.4169921875,-3725.987548828125
train,1085,-627.137939453125,-476.903076171875
train,5993,-3344.9951171875,-3132.461669921875
train,1772,-5161.06103515625,-5130.93701171875
train,2016,13.730224609375,-74.5791015625
train,1001,-4704.0,-4778.18310546875
train,4443,-3309.656005859375,-3369.137451171875
train,1996,-4450.5380859375,-4457.4189453125
train,3291,-3472.72900390625,-3201.12109375
train,6044,-5547.69189453125,-5534.22314453125
train,1888,-8023.5322265625,-7799.2255859375
train,385,-7042.06396484375,-6820.2587890625
train,1105,-2842.85009765625,-3547.751708984375
train,1152,-2278.906005859375,-2296.6298828125
train,4245,-4406.00390625,-4434.47509765625
train,1124,-377.5849609375,-435.59765625
train,5207,-3673.27197265625,-3488.7236328125
train,2850,337.364990234375,531.720947265625
train,3100,2007.328857421875,1943.069580078125
train,1853,-3862.44189453125,-3909.314697265625
train,3937,1078.814697265625,788.417724609375
train,4525,-5324.5380859375,-5353.27099609375
train,5239,-679.237060546875,-417.953857421875
train,4343,-1324.431884765625,-1210.46435546875
train,1503,-4384.18505859375,-4300.3095703125
train,3353,-2557.047119140625,-2628.760009765625
train,2640,-4075.73193359375,-3889.368896484375
train,2840,-7499.28515625,-6612.47705078125
train,578,-9290.216796875,-9227.859375
train,2118,-524.588134765625,-620.498291015625
train,5564,-163.327880859375,-391.077392578125
train,458,-6121.6171875,-6009.67529296875
train,6099,-1933.8809814453125,-1952.6219482421875
train,5845,-1214.509033203125,-1232.341552734375
train,4504,-2726.18994140625,-2522.13134765625
train,5236,-5486.1728515625,-5366.6083984375
train,4705,-1597.5419921875,-1856.5306396484375
train,2293,-4494.40576171875,-4084.22265625
train,2932,487.743896484375,42.5146484375
train,5377,-4594.22802734375,-4598.119140625
train,377,-3955.928955078125,-3711.68408203125
train,1380,-3160.748046875,-3032.4912109375
train,1711,-358.2958984375,-346.36181640625
train,6490,-2766.3779296875,-2596.13818359375
train,5187,-3917.908935546875,-4046.640625
train,6284,-2337.570068359375,-1807.554931640625
train,3153,804.478759765625,349.133056640625
train,2723,-7324.919921875,-7166.7060546875
train,1008,-6100.19677734375,-6462.9619140625
train,6069,-2419.845947265625,-2240.516845703125
train,5827,-3991.676025390625,-3732.314453125
train,1714,-2751.214111328125,-2653.335205078125
train,865,-5337.33984375,-5720.171875
train,6003,-1740.5040283203125,-1941.71826171875
train,3854,-2526.114013671875,-2316.994873046875
train,3352,-4999.162109375,-5284.0244140625
train,4835,-1379.633056640625,-1547.005859375
train,1052,-3540.385986328125,-3345.48876953125
train,4423,-264.923095703125,-132.80224609375
train,879,-5564.55322265625,-5573.1240234375
train,1519,936.620849609375,761.836181640625
train,3707,-3909.659912109375,-4290.77587890625
train,3875,65.397705078125,193.189453125
train,1852,-3776.3720703125,-3865.871337890625
train,4545,-2193.619140625,-2233.3271484375
train,5638,-1986.1009521484375,-1846.768310546875
train,5270,-3502.4150390625,-3352.11669921875
train,1686,1561.537841796875,1365.354248046875
train,560,-5490.61279296875,-5303.150390625
train,3639,-3802.010986328125,-3288.893310546875
train,6379,-4879.666015625,-4817.408203125
train,2596,-6592.05810546875,-6404.30322265625
train,4481,-175.89208984375,-154.096435546875
train,1053,-6069.82080078125,-5722.71044921875
train,4019,-5701.6279296875,-5401.6611328125
train,5255,-2571.633056640625,-2127.237060546875
train,6339,-2483.26806640625,-2470.669189453125
train,2783,-1576.7509765625,-2068.96435546875
train,853,-4171.14892578125,-4199.796875
train,6447,-247.4619140625,-47.212646484375
train,5754,-247.12890625,-269.088134765625
train,75,-3388.7080078125,-3401.574951171875
train,4179,-6606.81591796875,-6957.333984375
train,5364,-4259.19482421875,-3634.148681640625
train,4809,-6481.005859375,-5994.494140625
train,6303,-5281.4990234375,-5369.435546875
train,5106,-7065.09619140625,-7028.2958984375
train,59,-3159.632080078125,-3486.97802734375
train,512,1067.449951171875,617.582275390625
train,2481,-3443.927978515625,-4410.61376953125
train,6286,-3935.761962890625,-4041.107666015625
train,2309,123.998046875,38.18212890625
train,6356,-4671.61279296875,-4643.54638671875
train,573,-3237.10791015625,-3195.99072265625
train,4811,-3709.48193359375,-4141.76123046875
train,244,-3580.69091796875,-3550.718994140625
train,5522,108.190673828125,-24.686279296875
train,2264,-1656.8580322265625,-1722.313232421875
train,3801,-3226.114990234375,-2865.4326171875
train,2594,-4406.5869140625,-4107.4775390625
train,3862,-4180.6171875,-3870.6083984375
train,408,-2226.5009765625,-2246.954833984375
train,3069,-2109.27197265625,-1949.0032958984375
train,6285,-3623.236083984375,-3050.44580078125
train,1694,-3647.033935546875,-3720.606689453125
train,2484,-1908.8489990234375,-1578.7236328125
train,5488,-2933.8291015625,-2987.291015625
train,1054,792.535888671875,376.04736328125
train,6167,-3784.696044921875,-3590.640625
train,2575,-6178.60888671875,-6457.1728515625
train,4694,-2695.34912109375,-2614.949462890625
train,2955,-5589.14013671875,-5865.46826171875
train,3572,-1391.171142578125,-1279.70849609375
train,593,-2534.31591796875,-2653.31591796875
train,6321,-4329.208984375,-4440.9521484375
train,3636,-1281.721923828125,-1815.8155517578125
train,1514,-5650.326171875,-5814.6337890625
train,2338,-3284.110107421875,-3607.288818359375
train,4715,-3435.985107421875,-3918.11083984375
train,5747,-6741.47412109375,-6933.125
train,4485,-2127.988037109375,-1774.416748046875
train,2748,-74.251953125,3.906005859375
train,1518,-4250.0927734375,-4151.1552734375
train,5572,-6818.64404296875,-6678.1875
train,639,-2274.1376953125,-2218.83837890625
train,3539,-1479.7490234375,-1514.171875
train,3749,-6963.81103515625,-7074.10693359375
train,2052,-2823.537109375,-2828.09716796875
train,2780,-7539.0849609375,-7642.88671875
train,286,1354.710205078125,1334.989501953125
train,3645,-7187.89208984375,-7062.8232421875
train,1118,-3706.800048828125,-3621.248291015625
train,6049,-7057.47900390625,-7073.85595703125
train,1444,-2337.01708984375,-2346.22265625
train,5651,-7091.83984375,-7092.0546875
train,2939,-7577.51611328125,-6789.37353515625
train,5276,3153.015869140625,3110.684814453125
train,4953,-2044.9678955078125,-1985.503173828125
train,1074,-2291.382080078125,-1806.9615478515625
train,773,-3980.072998046875,-4076.757080078125
train,2601,-5657.7158203125,-5177.9677734375
train,3548,-1072.182861328125,-1306.384765625
train,2716,-5040.97802734375,-5167.0439453125
train,6067,-899.249267578125,-903.697021484375
train,5940,-7056.599609375,-7022.7373046875
train,6535,-3172.617919921875,-3248.01513671875
train,5340,-2699.0390625,-2853.33251953125
train,5792,-5950.703125,-5863.0361328125
train,1758,-6210.8974609375,-6178.0556640625
train,326,-2336.35498046875,-2211.524169921875
train,2311,-6356.9580078125,-6271.4287109375
train,2857,-1421.214111328125,-1593.047607421875
train,3832,-2497.283935546875,-2644.048828125
train,825,562.164794921875,264.506591796875
train,1895,-5334.966796875,-5317.6875
train,4426,-6774.81689453125,-6683.48779296875
train,6495,-5117.77978515625,-4956.7109375
train,3768,7.294921875,-88.47265625
train,5956,-4534.6201171875,-4268.30029296875
train,5762,1275.193115234375,878.533447265625
train,470,-5788.505859375,-5775.255859375
train,5393,-3303.965087890625,-3266.603271484375
train,6462,-2299.8759765625,-2083.39599609375
train,6504,-5688.1572265625,-5905.9970703125
train,2940,-5516.86376953125,-5702.7939453125
train,3427,903.931884765625,1294.419677734375
train,6077,-2823.95703125,-2719.02099609375
train,5058,-4200.64013671875,-4421.9326171875
train,5454,-3312.25390625,-3245.927490234375
train,2881,-3289.248046875,-3157.57763671875
train,1862,-5885.869140625,-6170.76953125
train,1070,-627.030029296875,-212.265380859375
train,5311,2264.335693359375,2526.119873046875
train,538,-950.840087890625,-907.44677734375
train,2542,-5843.6318359375,-5843.45703125
train,1638,-2914.23388671875,-2751.0380859375
train,2563,-5789.98291015625,-5971.68359375
train,4433,-5570.40576171875,-5844.873046875
train,1704,-7335.77587890625,-7160.58642578125
train,1593,-7752.3818359375,-7970.044921875
train,495,-1446.865966796875,-1463.864990234375
train,5953,-4945.2958984375,-4886.19580078125
train,3222,-11438.7412109375,-11531.7236328125
train,5453,-300.923095703125,-307.713134765625
train,2815,-4765.1708984375,-4613.078125
train,6051,-6155.86083984375,-5799.80859375
train,1822,-3100.719970703125,-2975.93603515625
train,3463,-6943.005859375,-6865.751953125
train,5394,-5314.6728515625,-5247.40576171875
train,3178,1192.566162109375,1047.959716796875
train,3556,527.614990234375,343.334716796875
train,5735,-2452.4580078125,-2072.512451171875
train,2289,-2889.945068359375,-2701.58251953125
train,6089,-3705.7109375,-4080.493408203125
train,3080,-5666.25390625,-6073.98828125
train,3963,-283.3349609375,-127.911376953125
train,3498,-3820.055908203125,-4534.646484375
train,4938,-5374.2470703125,-5058.9638671875
train,255,-6318.755859375,-6085.7705078125
train,3930,653.359130859375,613.180419921875
train,6186,-2771.277099609375,-3206.45263671875
train,1196,-5790.31298828125,-5856.9453125
train,6015,186.884765625,-69.309814453125
train,1849,-3161.489990234375,-3191.56591796875
train,1475,-4325.0419921875,-4627.228515625
train,1224,-2145.95703125,-1823.436767578125
train,1525,-3899.85107421875,-3918.74658203125
train,1586,-5143.01416015625,-4853.3046875
train,4893,-5742.7822265625,-6062.6484375
train,625,-6799.77490234375,-6815.9140625
train,1147,-4473.15576171875,-4676.93701171875
train,4531,786.930908203125,876.501220703125
train,6156,-5823.748046875,-5859.177734375
train,832,-1536.0810546875,-1599.9984130859375
train,614,43.950927734375,417.7705078125
train,2870,-944.89794921875,-927.79296875
train,3887,-3824.362060546875,-3935.71435546875
train,2244,-6019.01513671875,-5624.96728515625
train,5867,-6206.91796875,-5726.224609375
train,5101,-2862.3740234375,-2749.69189453125
train,4070,-707.68896484375,-647.486328125
train,6204,-6268.56787109375,-6123.37158203125
train,800,-4094.489013671875,-3788.90673828125
train,3350,-1965.884033203125,-1975.32568359375
train,1443,-3985.462890625,-3997.350341796875
train,3196,-4381.82421875,-4207.6455078125
train,2139,-6318.1044921875,-6755.7099609375
train,1856,152.070068359375,444.068603515625
train,4354,2062.290283203125,1951.159423828125
train,3565,-4560.1728515625,-4361.7470703125
train,4758,-7597.7470703125,-7374.13623046875
train,6034,-6841.02001953125,-6893.69580078125
train,4267,-3715.488037109375,-3657.450439453125
train,3752,-1891.2269287109375,-2014.8953857421875
train,1485,-4847.19287109375,-4952.11962890625
train,5654,-8691.69140625,-8745.1884765625
train,5868,-5885.1669921875,-5579.48291015625
train,498,-4293.23095703125,-4803.3837890625
train,257,-4055.633056640625,-3748.513671875
train,101,-2005.883056640625,-2025.2462158203125
train,5930,-3708.89599609375,-3528.00341796875
train,1685,-2195.7958984375,-2285.484619140625
train,5379,-3231.364013671875,-3236.03662109375
train,5616,-1365.172119140625,-1380.05517578125
train,3968,-1996.8470458984375,-2078.760986328125
train,3838,-4514.8232421875,-4610.73095703125
train,1712,-1848.2198486328125,-2169.452392578125
train,461,-3267.700927734375,-3174.4208984375
train,5598,-4415.65380859375,-4452.0078125
train,2567,-4556.1171875,-4408.8349609375
train,6132,-4735.72607421875,-5397.40966796875
train,3424,-180.252197265625,-99.179931640625
train,2463,-4332.84521484375,-4707.896484375
train,5495,-4278.26904296875,-4078.10498046875
train,5083,-7975.58984375,-7846.1982421875
train,1084,-2580.05908203125,-2643.914794921875
train,3845,-2517.299072265625,-2303.58056640625
train,2987,-1106.578857421875,-920.148681640625
train,687,-10613.7822265625,-10287.998046875
train,4146,-4699.009765625,-4705.021484375
train,3165,-1243.0849609375,-857.123779296875
train,185,-2666.048095703125,-2562.66748046875
train,6465,-8127.8818359375,-8228.490234375
train,2077,-4747.1201171875,-4837.2666015625
train,1372,-8025.47265625,-7850.0078125
train,5946,-2412.693115234375,-2587.017578125
train,4918,-3017.216064453125,-2969.069580078125
train,267,-5102.259765625,-5333.1044921875
train,5430,354.39306640625,19.654296875
train,4256,-3605.31396484375,-3840.12109375
train,1323,-3433.553955078125,-4017.723388671875
train,5973,-5517.86083984375,-5606.1416015625
train,6192,105.60595703125,289.605224609375
train,695,-6477.94091796875,-6524.2607421875
train,635,-5081.787109375,-5362.39208984375
train,2286,-2653.64794921875,-2886.185546875
train,2086,-84.4619140625,321.2626953125
train,1470,613.830810546875,500.456787109375
train,3115,-5343.97607421875,-5621.044921875
train,4876,-4772.05078125,-4353.59716796875
train,4779,-372.8291015625,-308.656005859375
train,3145,-4209.9169921875,-4331.29296875
train,5081,-4994.51611328125,-4951.43896484375
train,1431,-5958.869140625,-6243.28125
train,3837,-1159.850830078125,-1161.393798828125
train,6329,-6335.27734375,-6163.1669921875
train,5902,-2752.14306640625,-2337.06689453125
train,5600,-3570.201904296875,-3594.522216796875
train,6202,-2446.7958984375,-2883.9296875
train,3065,-1433.196044921875,-1244.005126953125
train,3686,-6807.80810546875,-6951.1142578125
train,5614,-38.8720703125,-76.10888671875
train,4591,-1762.1180419921875,-1280.06298828125
train,2527,-6093.46923828125,-6748.3408203125
train,5414,-1731.321044921875,-1703.0472412109375
train,3483,-7789.275390625,-7843.2578125
train,3809,-2982.2890625,-3143.263671875
train,1702,236.1708984375,255.466552734375
train,1785,-5391.01416015625,-5780.283203125
train,1455,-2962.222900390625,-3074.4384765625
train,5287,-3401.126953125,-3472.880126953125
train,6502,-2527.073974609375,-1999.37060546875
train,1969,-5483.9658203125,-5423.208984375
train,943,-1733.8360595703125,-2016.9345703125
train,2704,-6411.02880859375,-6408.2255859375
train,2590,-1114.614990234375,-813.904296875
train,4392,-6873.15283203125,-7161.302734375
train,3110,-3197.154052734375,-3296.12451171875
train,3540,-4712.7138671875,-4976.095703125
train,6373,-3892.4990234375,-3764.41259765625
train,6551,-3369.720947265625,-3727.5087890625
train,2655,-3630.864990234375,-3990.42724609375
train,6154,-7331.8359375,-7563.5947265625
train,3181,-5344.0380859375,-5552.84814453125
train,1666,-2424.297119140625,-2132.2109375
train,1362,-897.9453125,-735.587890625
train,2972,46.6298828125,-205.469482421875
train,5997,-1321.8330078125,-1124.1552734375
train,1651,-8566.66796875,-8598.7587890625
train,4122,-1946.9449462890625,-2341.00830078125
train,273,-3140.56005859375,-3379.82763671875
train,5009,-5104.666015625,-4904.77978515625
train,3117,-1418.5009765625,-1280.679443359375
train,5030,-1618.2359619140625,-1457.006103515625
train,1059,-4917.78515625,-4496.0703125
train,4312,-4764.7861328125,-4516.71337890625
train,5989,-3531.97509765625,-3821.842041015625
train,3039,-1504.554931640625,-1508.952880859375
train,2386,-6695.091796875,-7070.189453125
train,4760,-2830.89990234375,-2653.850830078125
train,6382,-3615.01611328125,-3665.940185546875
train,3886,-3806.29296875,-3670.41796875
train,6035,-4722.216796875,-4779.3671875
train,4588,-3495.27001953125,-3484.091552734375
train,2517,-1205.991943359375,-840.80810546875
train,5743,-2418.044921875,-2723.51123046875
train,1107,464.531982421875,624.926025390625
train,4845,-2779.344970703125,-2840.585205078125
train,5076,-435.2890625,-343.660400390625
train,2713,-6390.84716796875,-6322.29296875
train,6517,-781.642333984375,-898.56103515625
train,3429,-3927.35791015625,-3984.093994140625
train,4659,2756.372314453125,2529.594970703125
train,3619,-6496.06787109375,-6336.455078125
train,4812,-3715.029052734375,-3319.2646484375
train,6509,-3454.116943359375,-3734.248779296875
train,50,-3708.925048828125,-3659.7177734375
train,5595,664.427978515625,1054.516357421875
train,157,-2616.876953125,-2764.286865234375
train,2063,-3226.423095703125,-2294.79931640625
train,6147,-2325.798095703125,-2621.335693359375
train,1357,-3080.10400390625,-3098.3671875
train,2855,-2533.6630859375,-2118.955810546875
train,2638,-1408.538818359375,-1410.689453125
train,641,-4032.041015625,-3879.89208984375
train,3480,-1163.708984375,-993.039794921875
train,444,-5486.23095703125,-5670.08154296875
train,1231,-3583.64697265625,-3627.0810546875
train,3868,-3635.14892578125,-3776.671875
train,4370,1811.965087890625,1629.811279296875
train,5569,-2762.05908203125,-2602.569580078125
train,1910,-5116.203125,-5203.35205078125
train,6396,-3587.779052734375,-3596.5947265625
train,3366,990.863037109375,878.952880859375
train,343,-4993.60986328125,-5020.625
train,2089,-4856.56982421875,-4749.451171875
train,45,-3027.23193359375,-2412.52490234375
train,786,-2759.2470703125,-2563.614013671875
train,2852,-8197.2275390625,-7838.884765625
train,5148,-5872.73876953125,-6060.92529296875
train,5936,-1351.610107421875,-840.1826171875
train,1363,-3834.81494140625,-3668.1025390625
train,2879,-263.033935546875,-148.9208984375
train,536,-2124.885986328125,-2167.692138671875
train,6020,-3263.89990234375,-3413.248046875
train,3191,-1626.4129638671875,-1506.6513671875
train,516,-201.4970703125,-578.3603515625
train,6171,-5504.748046875,-5482.69140625
train,1972,-1631.54296875,-1192.2919921875
train,2914,-8981.1708984375,-8861.8212890625
train,321,127.574951171875,475.012451171875
train,5158,652.122802734375,732.464599609375
train,2760,-2777.596923828125,-3029.6630859375
train,4384,-3327.89599609375,-3230.891845703125
train,5416,356.29296875,589.965576171875
train,1307,-390.243896484375,-476.412109375
train,3060,-4244.56005859375,-4060.3037109375
train,3479,800.862060546875,964.396728515625
train,6278,-4765.9677734375,-4839.818359375
train,5720,-3598.5419921875,-3911.257080078125
train,788,119.973876953125,43.953369140625
train,804,891.280029296875,878.177001953125
train,1461,-7894.7900390625,-7783.7724609375
train,1725,-3699.4189453125,-3873.653076171875
train,1250,-3588.806884765625,-3582.087646484375
train,2717,-3334.611083984375,-3178.937744140625
train,5428,-7963.015625,-8063.6806640625
train,3311,-7662.67919921875,-7779.8955078125
train,2368,-4783.22314453125,-5067.9814453125
train,4482,-3419.1279296875,-3244.550537109375
train,1260,-4738.1318359375,-4532.2578125
train,5779,-4057.31298828125,-3843.03662109375
train,5183,-3753.902099609375,-3704.92626953125
train,3251,-3225.7880859375,-3179.975830078125
train,2731,-4370.06103515625,-4283.05517578125
train,5991,-4839.18017578125,-4442.53369140625
train,2090,-6222.953125,-6374.4462890625
train,2644,-2394.6650390625,-2347.26513671875
train,6398,-2788.51904296875,-2535.72705078125
train,3072,-7196.87109375,-7117.7001953125
train,6030,-2156.904052734375,-2346.62109375
train,132,-2034.1949462890625,-1721.455078125
train,915,754.057861328125,666.897216796875
train,2197,-5188.5,-5508.29638671875
train,2410,-5927.80615234375,-6229.5
train,6129,-3162.076904296875,-3072.387939453125
train,126,-1432.748046875,-1228.764892578125
train,5331,-1251.556884765625,-924.052978515625
train,6526,-3422.9169921875,-3229.47216796875
train,1777,-5706.3310546875,-5684.6298828125
train,4484,-3220.0390625,-3180.811767578125
train,4180,-2412.534912109375,-2421.342529296875
train,5927,-2844.52490234375,-2936.90966796875
train,506,687.358154296875,953.350830078125
train,4569,-3526.4990234375,-3498.60009765625
train,2183,-4155.36376953125,-4622.95654296875
train,2624,-6310.6572265625,-6133.7294921875
train,5764,-5419.828125,-5403.5498046875
train,2262,529.126220703125,544.174560546875
train,957,-3764.3798828125,-3762.3251953125
train,4215,-3956.694091796875,-3994.267578125
train,3171,-2829.260009765625,-2697.13525390625
train,4870,-3231.964111328125,-2544.871337890625
train,2702,435.8349609375,693.694091796875
train,6432,-2116.3837890625,-2247.6298828125
train,3957,-6325.9140625,-6379.44921875
train,6118,-2995.5400390625,-2497.047119140625
train,1701,-4615.16015625,-4704.8720703125
train,3155,-2190.76611328125,-2400.953125
train,6025,-4259.97021484375,-4286.4287109375
train,4840,-2142.14306640625,-1678.062255859375
train,668,-3884.993896484375,-3288.3779296875
train,5473,-5132.97412109375,-4503.060546875
train,3839,-6532.0810546875,-7227.30078125
train,5774,-840.283203125,-1045.4697265625
train,3391,-6496.43408203125,-6500.640625
train,2023,-1702.6070556640625,-2005.970947265625
train,1030,-1134.671142578125,-636.993408203125
train,1880,-836.720947265625,-1504.351806640625
train,6166,-3966.2548828125,-4062.903564453125
train,1949,-5994.55322265625,-6428.25830078125
train,594,-3759.56689453125,-3811.4833984375
train,2831,-3929.31201171875,-3754.59423828125
train,4041,-2333.9189453125,-2119.086669921875
train,2074,-1996.7960205078125,-1618.9212646484375
train,1743,-5681.3369140625,-5559.921875
train,1799,-3042.99609375,-3164.79296875
train,2301,-4438.51513671875,-4530.99560546875
train,3286,-3856.404052734375,-4134.30224609375
train,3399,-5680.544921875,-5489.5361328125
train,615,-2094.01611328125,-2204.65966796875
train,140,-2153.458984375,-2155.3876953125
train,4444,-8334.5859375,-8240.2314453125
train,1437,-4498.94189453125,-4578.638671875
train,3489,-8321.8388671875,-8128.5341796875
train,4567,2459.354248046875,2476.519775390625
train,5001,-7047.0478515625,-7504.7841796875
train,5604,-4778.81884765625,-4517.28466796875
train,3899,-3490.18798828125,-4035.54345703125
train,5768,-3853.8330078125,-3823.85107421875
train,264,-2564.860107421875,-2187.019775390625
train,3727,-434.18310546875,-940.0009765625
train,2100,-4249.7412109375,-4193.12841796875
train,2845,-2880.366943359375,-2729.89501953125
train,3853,-1841.8699951171875,-1871.3148193359375
train,2417,-1460.529052734375,-1076.959228515625
train,529,-5274.03515625,-5339.1435546875
train,1881,1719.139892578125,1481.454345703125
train,4794,-4623.2490234375,-4285.94580078125
train,1992,-3049.35498046875,-3164.706298828125
train,2287,-4579.158203125,-4564.00048828125
train,463,-5377.9111328125,-5189.14306640625
train,4614,-1868.508056640625,-2106.7919921875
train,5998,1150.477783203125,952.450927734375
train,2480,-4037.830078125,-5128.376953125
train,1868,-2048.0859375,-2264.725341796875
train,421,-3416.610107421875,-2733.580322265625
train,5354,-4592.8427734375,-4670.92431640625
train,4549,-3098.20703125,-2958.364501953125
train,5095,449.04296875,622.262451171875
train,3627,-3879.465087890625,-3971.955810546875
train,4551,1524.512451171875,1651.083740234375
train,5419,-2392.239013671875,-2072.4697265625
train,4555,-4301.3798828125,-4644.81640625
train,4599,-5337.8427734375,-5596.798828125
train,4316,-2761.343994140625,-2704.51123046875
train,2014,-1787.4100341796875,-1904.126220703125
train,2167,-657.715087890625,-583.6767578125
train,5121,-8306.7490234375,-8595.689453125
train,526,-2591.220947265625,-2438.517822265625
train,5352,-3867.591064453125,-4574.4013671875
train,281,-5639.72119140625,-5713.3642578125
train,1877,-6704.31591796875,-6339.28759765625
train,3704,-2532.708984375,-2766.401611328125
train,3724,-6445.96484375,-6533.515625
train,5897,-6761.666015625,-6751.28125
train,4635,-4409.544921875,-4537.76171875
train,1445,-5563.19482421875,-5691.82177734375
train,3079,-1406.18603515625,-1233.247802734375
train,829,828.021728515625,725.437744140625
train,5421,-4989.03076171875,-4767.771484375
train,311,-1063.756103515625,-1505.8779296875
train,2042,-2738.5859375,-2860.828125
train,3890,-6753.544921875,-6777.1806640625
train,3442,-3850.181884765625,-3924.231689453125
train,5450,-188.30712890625,-99.647705078125
train,1286,-5656.81103515625,-5752.94921875
train,4,-2747.097900390625,-2996.806396484375
train,114,-4135.39794921875,-3650.955322265625
train,5962,-2684.48291015625,-2804.5859375
train,2238,-3262.577880859375,-3313.6748046875
train,2674,-1745.97412109375,-2228.45361328125
train,217,-4141.31005859375,-4374.1826171875
train,5216,-9715.6796875,-9523.9248046875
train,2531,-2259.199951171875,-2257.652587890625
train,68,-1627.4849853515625,-1464.56494140625
train,2721,-2242.487060546875,-2518.9248046875
train,3820,-9153.611328125,-9044.3076171875
train,4857,-7579.990234375,-7376.6279296875
train,3714,-4300.14013671875,-3950.171630859375
train,5679,-4942.78515625,-4739.892578125
train,2931,-4531.06689453125,-4968.4365234375
train,1839,-1861.030029296875,-1757.8721923828125
train,2114,249.85009765625,233.741455078125
train,2432,-3889.2919921875,-4153.84765625
train,393,-2479.8779296875,-3096.995361328125
train,4884,-4123.9609375,-4048.373046875
train,1449,-1440.653076171875,-1589.43896484375
train,5765,-5302.576171875,-5392.24169921875
train,4461,-5629.27001953125,-5577.12109375
train,4589,-3159.169921875,-3176.2275390625
train,3158,-4275.97314453125,-4180.115234375
train,6187,-3410.279052734375,-3272.8095703125
train,6471,-8556.130859375,-8514.2333984375
train,5068,-3940.64892578125,-4412.626953125
train,4151,-3354.785888671875,-2848.3798828125
train,4073,-4225.533203125,-4094.387939453125
train,5050,-3157.5009765625,-3685.398193359375
train,3859,-8219.2275390625,-8005.0458984375
train,3346,-9664.1826171875,-9460.23046875
train,2082,-4037.23193359375,-4075.49609375
train,3599,-5292.9189453125,-4911.51708984375
train,1297,-2937.18896484375,-3103.09765625
train,6079,-3230.43505859375,-3616.9541015625
train,1088,-3794.443115234375,-3474.7666015625
train,5710,-2901.507080078125,-3120.81396484375
train,2029,-2328.75,-2449.06494140625
train,4032,-89.97607421875,-164.36962890625
train,78,-1179.906005859375,-1029.25390625
train,2181,-4073.843994140625,-4381.005859375
train,3294,-1090.849853515625,-1752.2703857421875
train,298,-6221.744140625,-5986.67578125
train,3718,-1024.7353515625,-1141.837890625
train,3736,-6081.68896484375,-5441.7783203125
train,296,-4817.82080078125,-5194.6123046875
train,821,-3524.174072265625,-3406.900634765625
train,3712,-7271.8818359375,-7392.4560546875
train,2382,644.635986328125,1057.512451171875
train,2609,-5137.884765625,-5036.2998046875
train,937,-5187.18505859375,-5161.197265625
train,3388,-5446.9658203125,-4455.662109375
train,2802,-3296.303955078125,-2993.835693359375
train,4602,-1662.5450439453125,-1568.98095703125
train,3052,-6512.75,-6638.7900390625
train,5589,-4686.27294921875,-4414.6640625
train,310,-5274.9072265625,-5025.55419921875
train,1190,-7980.931640625,-8123.6220703125
train,116,-2274.6630859375,-1889.7789306640625
train,5840,-4761.376953125,-4714.3291015625
train,4131,-6866.4638671875,-6242.23828125
train,3723,-1880.9251708984375,-2058.428466796875
train,1264,-3097.866943359375,-3209.825927734375
train,250,-5635.2041015625,-5477.2265625
train,5871,-4652.47119140625,-4504.1103515625
train,706,-4079.3740234375,-4080.013916015625
train,3462,257.7041015625,-125.095947265625
train,1720,1243.959228515625,841.677001953125
train,3386,-8670.11328125,-8606.8154296875
train,4116,-7786.6318359375,-7863.2119140625
train,3121,-4575.30322265625,-4723.0087890625
train,5641,-9032.9970703125,-9179.4091796875
train,439,-1574.297119140625,-1550.68896484375
train,3405,-9043.8466796875,-8848.3154296875
train,2261,-3145.2109375,-3586.01220703125
train,4291,-84.91796875,-258.833984375
train,481,-4914.52490234375,-4992.92626953125
train,1909,192.930908203125,219.21484375
train,4270,-1415.177978515625,-1531.54638671875
train,2766,-2412.6689453125,-2661.500244140625
train,565,-3273.39892578125,-3604.07470703125
train,2472,1121.045166015625,1225.013916015625
train,4628,-4368.85205078125,-4011.184814453125
train,1113,-4960.82177734375,-5137.1455078125
train,1469,-6663.833984375,-6679.7333984375
train,1428,1632.299560546875,1469.346923828125
train,339,-3068.660888671875,-3315.923828125
train,3925,-2168.362060546875,-1902.7034912109375
train,3071,-5249.20703125,-5160.8291015625
train,5067,-5366.64208984375,-5240.01416015625
train,5684,530.770751953125,577.620361328125
train,6312,147.936767578125,32.3837890625
train,4573,-6727.525390625,-6410.513671875
train,1675,-2248.156982421875,-2160.171630859375
train,1460,-8328.83984375,-8262.3525390625
train,632,-4194.95703125,-3817.16064453125
train,1265,-4783.60107421875,-5069.74658203125
train,4127,-6262.3359375,-6733.3662109375
train,2337,998.616943359375,609.597900390625
train,3942,1058.409912109375,942.608154296875
train,1067,412.51904296875,-489.14404296875
train,4224,-4219.203125,-4239.61328125
train,2220,-2537.72900390625,-2377.345703125
train,4735,-1771.884033203125,-1432.894775390625
train,3895,-2576.784912109375,-2321.27587890625
train,6112,-2748.180908203125,-2414.5771484375
train,2408,-5162.544921875,-5249.5185546875
train,154,-2260.72021484375,-2094.6806640625
train,1957,-200.11572265625,-492.70361328125
train,1392,-660.6640625,-624.625244140625
train,6026,-10395.068359375,-10602.4892578125
train,312,-3701.7890625,-3983.044921875
train,1604,-2497.221923828125,-2629.015625
train,5094,-7424.26611328125,-7606.859375
train,6041,-2150.633056640625,-2303.630859375
train,5687,-4715.375,-5037.5478515625
train,4727,-2884.819091796875,-2711.1083984375
train,5617,-3432.757080078125,-3190.44091796875
train,913,-1583.246826171875,-1716.9697265625
train,3341,-2313.06103515625,-2201.53076171875
train,6307,-4198.73291015625,-4024.08447265625
train,3673,-2615.511962890625,-2442.1552734375
train,4856,431.973876953125,983.726318359375
train,1335,-2978.64111328125,-2741.44287109375
train,5873,-6738.7158203125,-6318.6298828125
train,483,-1023.751953125,-493.759521484375
train,5653,-8079.44921875,-7826.318359375
train,5371,-3766.031982421875,-3806.536376953125
train,5659,-5876.7109375,-5335.94775390625
train,3123,-5050.87109375,-4926.2490234375
train,787,-4199.5517578125,-4429.81494140625
train,5752,-4324.8408203125,-4296.970703125
train,2308,-2967.257080078125,-2968.83251953125
train,5142,-6358.68896484375,-6308.87890625
train,6016,-3339.580078125,-3198.77392578125
train,6345,-8229.015625,-8305.1201171875
train,1376,-4806.6328125,-4189.6484375
train,5014,-6258.97607421875,-6260.93603515625
train,4952,-3381.7958984375,-3299.49267578125
train,5016,1874.921142578125,1460.841552734375
train,5899,-2807.89892578125,-3569.64990234375
train,2593,-1420.39794921875,-1544.28173828125
train,5741,1297.504150390625,1753.609619140625
train,2234,371.43701171875,399.043212890625
train,3697,-1081.650146484375,-1466.119140625
train,3501,-1169.06201171875,-1128.515869140625
train,5957,-2708.139892578125,-2369.72900390625
train,5368,-4786.73291015625,-4904.11328125
train,3955,-267.0380859375,-392.03662109375
train,761,-2261.27099609375,-1930.3990478515625
train,4653,-5136.5478515625,-4584.671875
train,12,-6509.0009765625,-6451.6123046875
train,177,-4942.11376953125,-5005.26708984375
train,4823,1198.210205078125,1526.225341796875
train,6455,-1807.1689453125,-1777.71826171875
train,2515,1071.395751953125,604.022216796875
train,733,-5899.63623046875,-5711.27685546875
train,835,-1610.365966796875,-1141.71142578125
train,175,-354.9599609375,128.09912109375
train,3481,-4106.1181640625,-4209.5771484375
train,3150,-9079.8642578125,-8753.1435546875
train,5844,-4487.89208984375,-4467.89208984375
train,434,11.000732421875,160.515869140625
train,3582,-7044.431640625,-7297.20068359375
train,3048,-772.130126953125,-847.814208984375
train,5620,-3515.593994140625,-3895.10107421875
train,5447,-5378.98291015625,-5313.91943359375
train,4905,-4213.7451171875,-4063.210693359375
train,137,-2920.98193359375,-2715.064453125
train,637,-1033.307861328125,-686.87353515625
train,5267,-2921.134033203125,-2827.9580078125
train,2096,-1394.193115234375,-1543.782470703125
train,4475,-4725.033203125,-4917.98681640625
train,6255,-2371.823974609375,-2216.670166015625
train,4310,298.9541015625,328.90234375
train,4711,2439.202880859375,2589.350341796875
train,1507,-5145.0,-5112.7294921875
train,2532,-3607.654052734375,-3479.404541015625
train,1065,-4131.9482421875,-3819.8251953125
train,6388,1506.928955078125,1881.230224609375
train,4981,1509.543212890625,972.842529296875
train,5722,-3173.632080078125,-2796.713134765625
train,5650,-3867.919921875,-4115.35693359375
train,2406,-3189.282958984375,-3033.047607421875
train,2278,-4922.919921875,-4881.337890625
train,705,-8392.14453125,-8636.1923828125
train,2498,-7356.72705078125,-7579.7412109375
train,1241,-7830.134765625,-8067.525390625
train,5318,-6381.9580078125,-6481.84912109375
train,5730,-7026.18994140625,-6836.72998046875
train,2193,-3196.014892578125,-3214.127685546875
train,4164,-1878.2021484375,-1359.646240234375
train,3394,-5552.22119140625,-5830.27490234375
train,6124,-10.457763671875,163.229736328125
train,2786,-5489.9150390625,-4933.98486328125
train,4543,-5071.24609375,-4990.20263671875
train,5013,-2829.676025390625,-2874.558837890625
train,4147,-449.384033203125,42.5791015625
train,1353,-3934.89697265625,-3759.011962890625
train,1477,-2223.72998046875,-2252.472900390625
train,1866,519.667236328125,836.830810546875
train,3464,-8010.8232421875,-7689.30078125
train,4732,576.510009765625,440.6044921875
train,510,772.232177734375,762.198974609375
train,6198,-5048.59716796875,-5109.5361328125
train,2976,-5614.20703125,-5679.26220703125
train,1985,-4175.59423828125,-3640.411376953125
train,6316,-2726.0830078125,-3124.15673828125
train,6139,-3189.9951171875,-3249.8916015625
train,1935,-239.071044921875,-147.171875
train,6024,1927.966064453125,2177.980712890625
train,4532,-2274.37109375,-2346.676025390625
train,4432,-2578.72705078125,-2868.52734375
train,3199,-5295.33984375,-5042.4541015625
train,5919,-5280.14013671875,-5522.640625
train,2963,-4934.64111328125,-5074.8310546875
train,1100,-7128.9677734375,-7656.890625
train,5347,-5567.40380859375,-5422.625
train,2647,-11738.107421875,-11421.8955078125
train,5202,679.880126953125,1125.272705078125
train,480,-1890.4119873046875,-1157.82666015625
train,2618,-5525.6298828125,-5594.02978515625
train,4358,-4831.92822265625,-4833.05712890625
train,4351,-5480.69921875,-5305.73681640625
train,5848,-5557.1572265625,-5711.0048828125
train,5159,-6284.06201171875,-6450.73876953125
train,2789,-3342.264892578125,-3470.49072265625
train,6514,2306.093994140625,1517.004638671875
train,2736,748.428955078125,786.698486328125
train,5555,-7293.74609375,-7427.900390625
train,6306,-4258.27880859375,-4396.16357421875
train,6251,-3370.3701171875,-3308.30517578125
train,5988,-4813.7890625,-4872.7470703125
train,4477,-840.900146484375,-1151.177001953125
train,3683,-3605.26708984375,-3068.8623046875
train,2005,-7224.81640625,-7753.6630859375
train,5749,-3695.14990234375,-3752.83642578125
train,3848,-3904.277099609375,-3627.958740234375
train,5036,-4336.9599609375,-4200.52587890625
train,4699,-2554.47607421875,-2667.3896484375
train,5483,-128.19091796875,-108.137451171875
train,4510,-3197.16796875,-3038.06591796875
train,4221,-3876.551025390625,-4042.1708984375
train,2145,-2210.751953125,-2361.33984375
train,5032,-5775.4228515625,-5650.6162109375
train,2242,-5603.205078125,-5622.29638671875
train,3224,-5928.1591796875,-5904.240234375
train,772,-2063.90087890625,-1867.8548583984375
train,77,1735.237548828125,1518.371337890625
train,2979,-977.242919921875,-1368.287109375
train,1664,-5895.68408203125,-5994.4169921875
train,991,-2097.590087890625,-2294.482421875
train,6435,-2136.60205078125,-2050.60888671875
train,2755,-2473.47705078125,-2628.845703125
train,2905,-8481.4013671875,-8487.3896484375
train,5500,-7610.763671875,-7722.8837890625
train,4961,-5747.97607421875,-5759.04638671875
train,3275,-2535.712890625,-2556.39697265625
train,2251,-5468.1572265625,-5339.70703125
train,6369,-1532.995849609375,-1319.663330078125
train,4005,174.366943359375,374.15869140625
train,424,-3966.739990234375,-4049.804443359375
train,575,-3637.297119140625,-3499.654052734375
train,3756,-3072.56005859375,-3272.89306640625
train,2692,-1296.590087890625,-1517.006591796875
train,919,-4240.05517578125,-3906.07666015625
train,6488,-3178.989990234375,-3140.7763671875
train,5517,-4727.86181640625,-4232.21484375
train,2744,-10935.84375,-10838.25
train,1546,-7.614013671875,129.948974609375
train,5737,-2668.06591796875,-2551.93408203125
train,3168,-6989.9931640625,-6780.7607421875
train,1255,-7042.80712890625,-6911.44091796875
train,5863,-5074.81298828125,-5420.62890625
train,6181,-3794.323974609375,-3823.5634765625
train,3621,-3815.9560546875,-3887.756103515625
train,215,-4272.43505859375,-4117.7587890625
train,2487,4412.8349609375,4083.090087890625
train,231,-2664.175048828125,-2821.67041015625
train,511,-6020.51123046875,-5938.22216796875
train,799,-2341.596923828125,-2272.9130859375
train,1207,1175.186767578125,1304.950439453125
train,723,-862.802978515625,-1343.241943359375
train,251,-3030.827880859375,-2965.6142578125
train,2630,-2341.7109375,-2263.639892578125
train,5839,-1563.298095703125,-1612.1441650390625
train,4970,-2614.989990234375,-2552.412109375
train,1205,-3550.81103515625,-3583.33642578125
train,6331,-4056.201904296875,-4238.748046875
train,2664,-4174.40478515625,-4468.52392578125
train,5303,-5452.77099609375,-5541.373046875
train,5833,-1740.94091796875,-1625.8388671875
train,3180,-2981.947998046875,-2810.57080078125
train,892,-2105.903076171875,-2010.0460205078125
train,5283,-626.013671875,-576.240234375
train,4709,-4575.44921875,-4627.94091796875
train,1583,-699.260009765625,-537.299072265625
train,6304,-5089.6181640625,-4771.126953125
train,2173,1211.007080078125,1071.153076171875
train,3988,1045.067138671875,993.435302734375
train,5209,-2527.069091796875,-2529.37353515625
train,309,-3696.426025390625,-3841.199462890625
train,5881,-4132.369140625,-4822.48779296875
train,1327,-6844.6220703125,-6920.3486328125
train,3320,-1542.920166015625,-2090.462890625
train,203,-4289.69580078125,-4193.8603515625
train,3989,-2913.409912109375,-2742.543212890625
train,4509,-5078.201171875,-5540.791015625
train,221,-2855.613037109375,-3312.06494140625
train,5262,-2882.881103515625,-2695.09033203125
train,1993,-4422.3017578125,-4169.11767578125
train,3220,-4681.63818359375,-5047.5234375
train,1559,-7174.701171875,-6953.0029296875
train,1399,-2966.239990234375,-2949.2802734375
train,1905,-7135.35888671875,-7213.3564453125
train,5736,-2526.68798828125,-2781.15966796875
train,2511,-3100.541015625,-3179.696533203125
train,3315,-6729.5927734375,-6639.22314453125
train,454,-2804.837890625,-2477.36669921875
train,5051,-5616.41796875,-5695.1298828125
train,3814,-7372.76513671875,-7595.58203125
train,2454,-5699.9580078125,-5798.1943359375
train,6485,-4977.58984375,-4791.8486328125
train,3730,-242.27392578125,-120.835693359375
train,748,-3550.25390625,-3203.83251953125
train,3307,-6743.5537109375,-6436.9345703125
train,1906,-6766.82421875,-6356.2158203125
train,1769,-1767.656982421875,-2006.71142578125
train,4166,-2876.27392578125,-2396.924560546875
train,6291,-4369.8232421875,-4276.0625
train,885,-4820.27294921875,-4670.75390625
train,1026,-3794.47705078125,-3850.6396484375
train,1668,-2305.361083984375,-2179.87890625
train,1406,-4915.466796875,-4719.7626953125
train,5926,-2004.8330078125,-2124.0791015625
train,3798,-1627.092041015625,-1354.5556640625
train,5448,-8120.65625,-8095.85546875
train,1647,-2136.41796875,-2174.867919921875
train,2548,-6343.298828125,-6328.48388671875
train,6188,-6709.4638671875,-7111.38623046875
train,1415,-1842.364990234375,-1891.998046875
train,4212,-1791.823974609375,-1835.85595703125
train,5660,-8102.8916015625,-8164.38671875
train,3833,-2799.9619140625,-2838.3408203125
train,813,-6475.61279296875,-6349.3046875
train,4301,-4751.56787109375,-5044.775390625
train,5909,-6030.93505859375,-5922.48046875
train,1247,-3605.760009765625,-3450.484619140625
train,92,-5772.27587890625,-5808.1708984375
train,6494,-2053.384033203125,-1750.4234619140625
train,372,496.340087890625,496.844970703125
train,1842,-7725.07421875,-7511.38623046875
train,4896,-1356.652099609375,-1621.2125244140625
train,2922,-204.3349609375,19.8173828125
train,138,-2703.112060546875,-2558.296875
train,3310,-8248.7880859375,-8003.05078125
train,1143,-7593.10498046875,-7604.61962890625
train,3338,-4293.82177734375,-4247.046875
train,3306,-1633.8570556640625,-1485.900634765625
train,4397,-2512.35595703125,-2806.469970703125
train,3035,-5671.76708984375,-5220.15185546875
train,4654,-1895.0670166015625,-2183.009033203125
train,1043,-479.64599609375,-741.119384765625
train,1589,-4716.94677734375,-5208.6640625
train,4703,-6226.6533203125,-6261.8291015625
train,2307,-4126.97998046875,-3757.87255859375
train,3068,-4710.828125,-5029.52783203125
train,6205,-3746.384033203125,-3723.838134765625
train,5253,-2039.218994140625,-1808.725341796875
train,601,-2382.0009765625,-2585.9716796875
train,465,-6569.65380859375,-6626.099609375
train,373,-5404.255859375,-5156.66796875
train,3253,503.189208984375,422.293701171875
train,2997,-4918.81982421875,-4897.541015625
train,3073,-3613.44091796875,-3786.6044921875
train,708,-5010.0400390625,-4787.2900390625
train,2519,-2088.453125,-2230.57568359375
train,6023,-2200.89111328125,-2153.3564453125
train,5332,-310.3359375,-327.954345703125
train,3490,-612.39794921875,-665.75341796875
train,4405,-2077.846923828125,-2352.00341796875
train,2322,-6079.22216796875,-6084.29541015625
train,2486,-4788.10986328125,-4525.6796875
train,220,-1889.553955078125,-1740.928955078125
train,5066,-4473.40478515625,-4005.303466796875
train,5496,-1917.968994140625,-1709.978759765625
train,5280,-3113.197021484375,-3079.647216796875
train,3108,-430.534912109375,-336.431396484375
train,3515,205.3291015625,461.059326171875
train,2821,-3353.7470703125,-2539.429931640625
train,5386,-4256.3759765625,-3544.17724609375
train,91,-2518.737060546875,-2457.1484375
train,715,-6981.98779296875,-6915.98974609375
train,5286,-5752.5859375,-5930.4091796875
train,710,-1803.274169921875,-1820.2010498046875
train,527,-4280.7470703125,-5046.58251953125
train,1045,-1419.468017578125,-1382.703369140625
train,4921,-5928.3232421875,-6202.8310546875
train,6256,-2876.55908203125,-3514.47119140625
train,4946,-4485.56689453125,-4151.6806640625
train,3608,-2425.049072265625,-1954.451904296875
train,1390,-435.990966796875,-426.936279296875
train,4663,-2673.6220703125,-2587.079833984375
train,3773,-2558.160888671875,-3150.16357421875
train,5220,-5811.14599609375,-6473.9765625
train,6425,-3237.49609375,-3036.8466796875
train,3911,175.569091796875,1084.388427734375
train,4627,-5242.615234375,-5297.7021484375
train,2620,421.4541015625,249.828369140625
train,5865,-2757.077880859375,-2563.338623046875
train,18,-4907.31005859375,-5138.29833984375
train,4738,-4640.958984375,-4767.5224609375
train,607,-287.6650390625,15.721435546875
train,4677,-1353.679931640625,-1667.545654296875
train,3493,-4194.88623046875,-4095.10546875
train,4810,3448.633056640625,3825.906982421875
train,1222,-10494.892578125,-10319.24609375
train,4908,-1252.56103515625,-1308.361083984375
train,2389,-5025.7578125,-4841.8837890625
train,4634,-9876.865234375,-9747.4736328125
train,1364,-2907.930908203125,-2687.158203125
train,1811,-6339.671875,-6100.13037109375
train,4721,-2496.08203125,-2594.8662109375
train,5029,455.575927734375,354.814208984375
train,396,-10818.037109375,-10871.99609375
train,4441,-4581.20703125,-4522.130859375
train,6211,-1414.195068359375,-1251.296875
train,4205,133.31591796875,-45.10693359375
train,2599,-4353.02294921875,-4195.06591796875
train,29,-3819.012939453125,-4288.0029296875
train,28,-5119.69921875,-5052.78369140625
train,6394,-529.06396484375,206.901611328125
train,6381,-5286.990234375,-5277.65771484375
train,994,-5288.09912109375,-5280.0732421875
train,603,-4150.248046875,-3950.040283203125
train,2524,-7188.6572265625,-7171.50244140625
train,1947,-4768.72412109375,-4670.578125
train,2483,-6662.5029296875,-6716.98828125
train,1060,-4773.03515625,-4977.00439453125
train,57,-2456.405029296875,-2479.7734375
train,1328,-1519.920166015625,-2098.508056640625
train,5685,-2497.8798828125,-2526.678955078125
train,4337,-3059.123046875,-2872.8828125
train,1860,-5391.85595703125,-5036.626953125
train,1467,795.049072265625,690.736083984375
train,4887,-1489.638916015625,-1718.8477783203125
train,2820,-455.41064453125,-827.869140625
train,5480,-8105.33203125,-7933.15625
train,1073,-2966.301025390625,-3526.315185546875
train,1304,-746.905029296875,-800.4560546875
train,2031,-245.927001953125,13.8935546875
train,3417,-6781.2138671875,-6920.28662109375
train,230,-1359.734130859375,-1126.990966796875
train,4886,-2397.39306640625,-3322.035400390625
train,1981,437.512939453125,238.62060546875
train,549,-7750.1259765625,-7660.6513671875
train,2858,-6644.13720703125,-6640.60107421875
train,1750,-3901.361083984375,-4135.3037109375
train,347,-5981.44580078125,-6090.65771484375
train,6308,-6708.02099609375,-7110.82275390625
train,4048,-2832.031005859375,-2784.998046875
train,3033,-3253.077880859375,-3377.7265625
train,5204,-3528.221923828125,-3299.38525390625
train,1749,-6163.31201171875,-6444.01171875
train,4937,-4413.59423828125,-4471.81787109375
train,1215,1845.124267578125,1685.003662109375
train,1617,-1649.2469482421875,-1489.210205078125
train,2003,-169.493896484375,-99.20068359375
train,655,-6148.2431640625,-5918.56201171875
train,1083,-5628.8671875,-5619.54833984375
train,5434,-5929.1650390625,-5835.2880859375
train,4079,-7532.42578125,-7646.41015625
train,3788,-5118.00390625,-5043.6044921875
train,4837,-3093.18505859375,-2740.411376953125
train,2171,-772.014892578125,-1065.605224609375
train,3102,-3819.72705078125,-3840.765380859375
train,918,-4587.51416015625,-4328.9482421875
train,862,-1541.81494140625,-1395.7451171875
train,5059,-3620.657958984375,-3426.7529296875
train,554,-11.68603515625,147.09716796875
train,3450,-2847.39990234375,-2674.6181640625
train,5548,-2751.366943359375,-2746.0595703125
train,415,-4321.9580078125,-4490.03564453125
train,5719,661.460205078125,666.009033203125
train,6528,1016.782958984375,795.603271484375
train,1915,-6464.3798828125,-6086.296875
train,3638,-1247.640869140625,-1486.71142578125
train,4992,-3033.91796875,-3243.138916015625
train,322,-4314.876953125,-3910.656494140625
train,2555,-2241.705078125,-2228.345703125
train,670,-4792.81396484375,-4558.41552734375
train,6173,-2686.318115234375,-2415.8935546875
train,4448,-6018.8828125,-5829.3017578125
train,2975,-3652.64501953125,-3605.89111328125
train,3298,-5955.416015625,-5805.533203125
train,5433,-4485.73095703125,-4545.8271484375
train,2595,-2107.3310546875,-2016.784423828125
train,3860,-6409.546875,-6779.90234375
train,5593,-962.93994140625,-1094.492431640625
train,5264,-2143.468017578125,-2111.63720703125
train,3748,-4823.52294921875,-5098.310546875
train,1966,-2157.74365234375,-2054.4638671875
train,1338,-885.3876953125,-803.23046875
train,479,-4525.21923828125,-4744.4287109375
train,342,-5987.97216796875,-6039.673828125
train,2787,-11676.5849609375,-11672.4990234375
train,4742,1147.942138671875,1265.558349609375
train,139,-5120.93115234375,-5253.357421875
train,4607,-3469.318115234375,-3211.6337890625
train,173,-4598.94482421875,-4638.298828125
train,5903,-2519.77490234375,-2407.4775390625
train,3858,-6804.7490234375,-7041.392578125
train,6214,-2753.160888671875,-2826.517578125
train,4789,697.385009765625,371.046875
train,3054,-6850.21923828125,-7373.9013671875
train,4467,-302.64306640625,-334.853759765625
train,4639,-7320.48046875,-7148.333984375
train,6245,-4901.93310546875,-4352.88525390625
train,1405,-6810.11279296875,-6724.1416015625
train,5571,-1399.944091796875,-1691.442626953125
train,170,-1139.696044921875,-1077.066650390625
train,3956,-3054.35888671875,-3094.154052734375
train,3106,-5611.14111328125,-5913.1025390625
train,3297,-6579.30419921875,-6440.06396484375
train,3223,-7024.380859375,-7329.83203125
train,2936,-2147.9140625,-2420.77490234375
train,125,-2138.35791015625,-2040.0924072265625
train,5858,-719.39697265625,-603.187744140625
train,2915,-108.113037109375,-237.923583984375
train,4817,-2939.43701171875,-3116.5009765625
train,3965,-4436.7470703125,-4533.66748046875
train,5562,-1788.427001953125,-1689.8636474609375
train,313,-4564.6728515625,-4353.640625
train,1106,-5866.47119140625,-5794.0546875
train,572,-1066.60205078125,-1249.31787109375
train,2509,-5354.869140625,-5433.13037109375
train,4242,-7198.0634765625,-6986.310546875
train,5160,-5624.19189453125,-5261.36767578125
train,4838,-3078.511962890625,-3239.3974609375
train,4266,-4585.23095703125,-4690.5185546875
train,1101,-2657.06591796875,-2690.978515625
train,1726,-944.322998046875,-449.8388671875
train,4329,-2207.96435546875,-2791.281494140625
train,5075,1578.626220703125,1517.335693359375
train,1757,-3711.910888671875,-3503.080810546875
train,4046,-4815.80810546875,-4585.40087890625
train,1786,-1782.4139404296875,-1648.0128173828125
train,1924,2664.056884765625,2244.591552734375
train,1572,-8017.8720703125,-7674.025390625
train,2340,-3535.360107421875,-3350.400146484375
train,1373,2761.947509765625,2783.857666015625
train,691,-4157.47705078125,-4492.18408203125
train,89,-1344.041015625,-1654.95263671875
train,839,-4439.9951171875,-4723.2021484375
train,2925,-4430.93896484375,-4598.4560546875
train,4028,-4566.740234375,-4672.03955078125
train,3652,-6432.25,-6345.4189453125
train,6161,791.146728515625,388.23828125
train,225,-4483.826171875,-4637.578125
train,165,-2967.825927734375,-2779.262939453125
train,4959,-7685.775390625,-7690.080078125
train,144,-4444.7587890625,-4863.734375
train,5890,-4545.7041015625,-5007.56884765625
train,3202,-6417.48388671875,-6162.9150390625
train,5275,-2465.972900390625,-3030.4013671875
train,2714,-3886.720947265625,-3796.36767578125
train,2615,-1225.77099609375,-1214.9072265625
train,3654,1192.143798828125,1438.999267578125
train,4612,-4139.42919921875,-4036.867431640625
train,6362,-5312.86083984375,-4996.482421875
train,2574,-5961.12890625,-6365.14501953125
train,902,-2578.823974609375,-2473.9443359375
train,431,-47.9296875,48.854736328125
train,6137,-1709.303955078125,-2507.901611328125
train,6235,-2242.698974609375,-1978.833984375
train,747,-3796.97412109375,-3755.5380859375
train,3885,-6199.69189453125,-6016.330078125
train,6252,-4687.35107421875,-4467.544921875
train,5666,-2486.23095703125,-2291.02734375
train,1635,-3052.580078125,-3244.428955078125
train,3201,-3391.216064453125,-3069.282958984375
train,1738,-2883.64306640625,-3003.0380859375
train,1551,-7023.37890625,-6819.09375
train,148,-3389.1689453125,-3888.72412109375
train,147,-2355.888916015625,-2543.05419921875
train,4237,-6464.82177734375,-6894.1396484375
train,4189,-1232.233154296875,-1412.00634765625
train,873,-2522.708984375,-2370.171875
train,6350,-6271.89599609375,-6418.3837890625
train,5401,-3676.284912109375,-3798.627197265625
train,6383,-3651.385986328125,-3479.75390625
train,284,-4852.4189453125,-5073.88427734375
train,2670,-7417.52880859375,-7386.86083984375
train,3952,-597.81689453125,-730.41650390625
train,3274,-2403.323974609375,-2814.15234375
train,357,-5523.6279296875,-5372.77734375
train,1808,-7161.7158203125,-7208.0546875
train,5197,-6592.455078125,-6484.9912109375
train,993,-1201.337158203125,-1266.13134765625
train,5139,-1135.404052734375,-1693.3017578125
train,1825,-2630.701904296875,-2403.4775390625
train,3415,-1903.9429931640625,-1906.6636962890625
train,4909,-9211.1923828125,-9059.4375
train,1341,1174.493896484375,1019.206298828125
train,402,-2097.64208984375,-1826.9559326171875
train,1855,-3486.14501953125,-3202.7177734375
train,2058,598.229736328125,287.230712890625
train,395,-569.86279296875,-641.0703125
train,2235,-3291.0830078125,-3579.171630859375
train,2838,-406.4541015625,-484.696533203125
train,320,-6225.93310546875,-6009.0498046875
train,2629,-3419.02001953125,-3819.3173828125
train,3230,-4914.125,-4415.12890625
train,1655,-2330.925048828125,-2375.666259765625
train,3152,-875.68798828125,-922.890380859375
train,4675,-2378.884033203125,-2309.0390625
train,3189,-3110.376953125,-2780.2451171875
train,2530,-2505.90087890625,-2795.5751953125
train,196,-4852.4541015625,-5204.50439453125
train,4355,-3389.64990234375,-3274.517578125
train,5744,-1923.47802734375,-1777.845458984375
train,3803,-5547.42578125,-5642.5517578125
train,4702,-4136.18701171875,-4223.9130859375
train,4419,-5506.22216796875,-5210.55322265625
train,3295,-4463.93408203125,-4185.58203125
train,5540,-4994.4619140625,-5008.3076171875
train,2949,-999.932861328125,-1202.55419921875
train,1557,-8176.4326171875,-8404.123046875
train,1011,-1763.0679931640625,-1507.27294921875
train,984,-5452.80419921875,-5375.8994140625
train,5358,-5566.9111328125,-5388.00390625
train,5662,-4544.40380859375,-4774.359375
train,2725,-1615.2391357421875,-1660.0975341796875
train,2339,-3442.301025390625,-3428.48828125
train,559,-2093.534912109375,-1854.1634521484375
train,2735,-901.68603515625,-1361.871337890625
train,3754,-483.386962890625,-799.477783203125
train,4381,-2823.35791015625,-3298.45068359375
train,4102,-1711.123046875,-1476.041015625
train,3532,-4298.41015625,-4039.15283203125
train,6086,-3038.968994140625,-2877.044677734375
train,4049,1502.852783203125,1651.015869140625
train,3940,599.111083984375,347.718505859375
train,507,-4118.5751953125,-4134.7998046875
train,5971,-1795.60498046875,-1907.3421630859375
train,6275,-6998.02392578125,-6803.1669921875
train,2158,18.712890625,53.789306640625
train,6220,-3327.946044921875,-3478.674560546875
train,4941,-6557.62890625,-6630.70703125
train,6499,-2674.4150390625,-2476.69091796875
train,4272,-2038.593017578125,-2086.263916015625
train,2185,-3522.89306640625,-3618.724853515625
train,3419,-2181.593017578125,-2342.566162109375
train,1903,-2402.172119140625,-2384.712158203125
train,5350,-2924.924072265625,-2872.48828125
train,5866,-6939.7021484375,-6869.00634765625
train,5372,-2989.860107421875,-3067.75830078125
train,5466,-2694.3330078125,-2541.55712890625
train,1261,-6683.97607421875,-6449.3837890625
train,319,-7516.693359375,-7515.55712890625
train,525,-5321.494140625,-5084.20703125
train,737,-1852.4739990234375,-1726.743896484375
train,1798,-9928.2001953125,-9638.185546875
train,1326,-2581.487060546875,-2513.0400390625
train,6315,-4145.7919921875,-3763.023193359375
train,6539,-2160.583984375,-2253.3046875
train,661,-4805.93017578125,-4195.1728515625
train,1784,-7875.232421875,-8037.255859375
train,1978,-4997.47705078125,-4849.837890625
train,6008,-3724.470947265625,-3798.20263671875
train,4860,-817.922119140625,-1136.998779296875
train,4633,-8191.771484375,-8244.759765625
train,4949,-309.521240234375,-466.8955078125
train,4087,-4008.554931640625,-3989.23974609375
train,443,-6923.9912109375,-6946.6708984375
train,759,571.651123046875,578.398681640625
train,713,-4272.662109375,-4325.9736328125
train,5092,-4519.02099609375,-4643.6953125
train,2543,-1123.817138671875,-1081.846435546875
train,2394,-2425.9541015625,-2323.07958984375
train,3109,-6736.7919921875,-6991.5546875
train,5780,-5280.10205078125,-5397.2841796875
train,4036,-3296.60888671875,-3431.725341796875
train,3665,-1685.5030517578125,-1588.7138671875
train,1643,-2568.2490234375,-2651.390869140625
train,1178,-9315.5771484375,-9386.0029296875
train,2067,-2896.0390625,-3114.0283203125
train,2466,-4866.69580078125,-4614.05224609375
train,6225,-4281.0927734375,-4294.37890625
train,5770,-9805.689453125,-9414.26171875
train,5436,-1794.8070068359375,-1579.556884765625
train,4560,-4004.22509765625,-4133.71484375
train,4750,-7583.09716796875,-7405.9912109375
train,2438,140.783935546875,372.7958984375
train,1050,-2058.044921875,-1731.6143798828125
train,5071,-7732.130859375,-7840.5908203125
train,1876,-1680.89404296875,-1381.908935546875
train,5309,-4460.81982421875,-4451.1640625
train,4808,-4517.27685546875,-4535.626953125
train,693,-2932.72998046875,-3010.65673828125
train,1404,-3837.785888671875,-4144.44921875
train,2586,-2659.298095703125,-2401.8388671875
train,5693,-6064.375,-6146.68896484375
train,6418,-9036.8271484375,-9211.0771484375
train,1796,-4318.9619140625,-4477.5693359375
train,3401,-3694.51611328125,-3797.813232421875
train,6059,-4343.35986328125,-4216.06494140625
train,2107,-4893.48486328125,-4868.197265625
train,5327,-3449.510009765625,-3569.560791015625
train,1637,-6398.904296875,-5814.443359375
train,1767,-1507.600830078125,-1621.223388671875
train,153,-654.0712890625,-1021.607666015625
train,422,-4500.93994140625,-4317.3486328125
train,2372,-2474.636962890625,-2928.765380859375
train,844,1323.910888671875,832.944580078125
train,2659,-7186.23095703125,-7393.63134765625
train,6378,-5661.15380859375,-5546.59033203125
train,5523,-3470.531005859375,-3383.846923828125
train,216,-4311.255859375,-4624.98388671875
train,5117,-4900.2822265625,-5306.9404296875
train,5455,-4276.81591796875,-3892.9697265625
train,541,-398.593994140625,-364.40771484375
train,3263,785.781005859375,599.996337890625
train,2051,-3032.548095703125,-3014.891845703125
train,3395,-6932.583984375,-6866.3818359375
train,5405,-6541.93017578125,-6527.26171875
train,1864,-7372.3662109375,-6989.185546875
train,4968,596.344970703125,792.438232421875
train,3389,-4662.7529296875,-4772.10205078125
train,3583,-2743.4970703125,-2991.77685546875
train,4987,-3231.8291015625,-3365.287841796875
train,745,-1447.796142578125,-1095.2783203125
train,291,-3884.472900390625,-3773.486328125
train,5723,-3166.2060546875,-2800.3759765625
train,3319,-9159.994140625,-9247.2333984375
train,1411,-5747.42822265625,-5366.24462890625
train,4618,-3727.044921875,-3396.916015625
train,6498,-3022.781005859375,-2823.962646484375
train,1533,-6800.72802734375,-7242.6455078125
train,4736,248.9580078125,99.52490234375
train,3092,-7756.5703125,-8034.5966796875
train,2626,-1273.487060546875,-714.43212890625
train,1361,-2609.007080078125,-2455.67919921875
train,2974,-3610.468994140625,-3211.8017578125
train,6336,-6453.876953125,-6471.75146484375
train,1248,-1628.6968994140625,-1356.9638671875
train,5756,-2761.159912109375,-2882.166015625
train,5323,-5596.01220703125,-5512.4921875
train,1762,-6716.8291015625,-6860.732421875
train,3136,-6429.68798828125,-6504.2998046875
train,2660,-8777.8251953125,-9029.8251953125
train,5471,-1016.631103515625,-1840.41552734375
train,3380,-2186.909912109375,-1697.9725341796875
train,1,-2233.876953125,-1874.5189208984375
train,6332,-2761.534912109375,-3006.843505859375
train,268,-3365.409912109375,-3533.19970703125
train,1110,-2446.860107421875,-2544.4697265625
train,3359,-7415.56591796875,-6822.43603515625
train,4253,-1574.427978515625,-2010.505126953125
train,3438,-2296.6298828125,-2759.3388671875
train,3981,-6962.4951171875,-6936.2802734375
train,3466,-6818.626953125,-6515.7822265625
train,2295,-8626.6474609375,-8479.123046875
train,5852,-1754.4439697265625,-2062.0625
train,4305,-2125.81103515625,-2238.55810546875
train,3018,-7021.740234375,-7007.423828125
train,1340,-4683.1240234375,-4640.08837890625
train,3257,-670.638916015625,-930.329833984375
train,1986,434.656982421875,-348.173828125
train,4453,-4507.72216796875,-4145.7275390625
train,3607,-5103.03515625,-5037.3701171875
train,1035,-3715.011962890625,-4113.8369140625
train,2993,115.329833984375,241.229248046875
train,6191,-6958.88818359375,-6911.04296875
train,4359,-209.826904296875,-35.524658203125
train,3293,-4240.5361328125,-3959.447021484375
train,1211,-8395.287109375,-8142.2421875
train,1237,80.333984375,489.559326171875
train,1077,-2276.632080078125,-2214.89306640625
train,69,-379.20068359375,-277.586669921875
train,4866,-2143.02392578125,-2013.05224609375
train,692,873.714111328125,1002.219970703125
train,5757,-5798.8828125,-5176.38134765625
train,6417,-3292.81005859375,-3652.7890625
train,4725,-7758.23828125,-7082.3486328125
train,4917,-9493.3974609375,-9186.224609375
train,202,-5917.6748046875,-5826.357421875
train,4556,-5219.30810546875,-5508.90283203125
train,2849,-1988.5389404296875,-1885.079833984375
train,3062,-6000.751953125,-6073.4306640625
train,5432,-4695.9072265625,-4398.2626953125
train,4900,-5575.29296875,-5671.71875
train,3709,-5564.10986328125,-6000.91748046875
train,1251,-2213.27587890625,-2295.007080078125
train,1440,-3610.31591796875,-3647.928955078125
train,1476,-3149.40087890625,-2966.2587890625
train,3476,-2688.5830078125,-2632.343994140625
train,6104,-2390.577880859375,-2418.92333984375
train,3849,-2463.341064453125,-2312.7060546875
train,3119,-4838.92822265625,-4758.69384765625
train,4066,-2305.948974609375,-2639.35546875
train,4097,-2807.076904296875,-2506.81298828125
train,5235,-3375.580078125,-3956.374755859375
train,2933,164.193115234375,209.734130859375
train,2231,-8745.6279296875,-8801.2529296875
train,3635,82.73095703125,157.085205078125
train,1069,1829.655029296875,1974.823974609375
train,4847,-7534.81103515625,-7658.45751953125
train,3097,-5445.02880859375,-5237.873046875
train,5023,-6821.4140625,-6841.5087890625
train,2232,-2874.319091796875,-3184.9521484375
train,4848,-8148.6123046875,-8586.064453125
train,4716,-563.3310546875,-734.641357421875
train,3491,-2571.655029296875,-2774.05126953125
train,5006,-5798.41015625,-5694.29150390625
train,5201,-4665.1982421875,-4905.54833984375
train,1873,-7298.2841796875,-7121.353515625
train,1542,-4502.39306640625,-4656.5146484375
train,3381,789.598876953125,1160.113525390625
train,4457,-7175.47998046875,-7180.9140625
train,1869,-5852.13916015625,-5910.27734375
train,1913,-1901.35498046875,-1591.02978515625
train,6042,-3827.7880859375,-3764.648193359375
train,3,-1606.1331787109375,-1417.123291015625
train,2816,-6374.93798828125,-6234.125
train,3225,-4722.8291015625,-4522.1240234375
train,1274,-6246.10107421875,-6180.6630859375
train,3734,-4147.080078125,-4177.1591796875
train,1698,-3807.7470703125,-3889.376708984375
train,4976,-2455.31201171875,-2736.226318359375
train,649,-6890.76806640625,-7246.38818359375
train,2072,-1335.20703125,-626.70263671875
train,5995,-1396.531982421875,-1533.7431640625
train,2657,-6259.6708984375,-6031.5166015625
train,6108,-1269.505126953125,-1457.612548828125
train,3793,-2927.361083984375,-2758.69384765625
train,3923,-3619.3330078125,-3995.90478515625
train,5140,-5978.6171875,-5838.8359375
train,6064,-6772.98388671875,-6782.2705078125
train,1348,-3195.844970703125,-3243.11328125
train,4440,131.7509765625,791.031982421875
train,1940,-7386.6328125,-6714.92138671875
train,4059,-2160.18994140625,-2121.509765625
train,3400,-4448.31494140625,-4452.74169921875
train,3473,-1554.2509765625,-1640.62353515625
train,5524,-4116.43408203125,-4001.711669921875
train,1283,-889.692138671875,-881.02783203125
train,4091,-6386.1767578125,-6305.4814453125
train,3183,-4670.2041015625,-4684.92578125
train,2625,-6677.517578125,-6621.9697265625
train,6410,-5942.0009765625,-5797.751953125
train,6426,-1886.001953125,-2168.501708984375
train,4037,-7006.9482421875,-6838.896484375
train,5870,-3102.367919921875,-3024.662841796875
train,3488,-3030.8359375,-3326.796630859375
train,3371,-2522.8720703125,-2538.50244140625
train,2808,-11401.33203125,-11370.9775390625
train,4674,-2602.5029296875,-3013.8818359375
train,5470,-5665.89404296875,-5367.39990234375
train,4511,-4661.90380859375,-4740.9619140625
train,1773,-4352.72802734375,-4188.57373046875
train,3234,-7208.47021484375,-7217.4287109375
train,1998,-1796.906982421875,-1759.9049072265625
train,3407,-5005.1982421875,-4948.66455078125
train,4229,-6142.3330078125,-6376.4794921875
train,3361,-6922.89794921875,-7315.5654296875
train,2860,1125.433837890625,983.076904296875
train,5929,-1464.22705078125,-1583.910888671875
train,4646,-6873.9921875,-7106.12939453125
train,1355,-4140.43115234375,-4067.017822265625
train,703,-8062.916015625,-8078.0546875
train,282,-6754.869140625,-6507.43017578125
train,2573,-6778.837890625,-6870.0478515625
train,4428,-2866.43798828125,-2857.678466796875
train,4404,-2997.22607421875,-2872.18212890625
train,2734,-8950.615234375,-8972.7626953125
train,5526,-1142.47900390625,-1176.289306640625
train,3597,-592.050048828125,-550.678955078125
train,5339,-1232.863037109375,-1284.291259765625
train,2269,-5120.13720703125,-5360.97265625
train,1703,-5245.43115234375,-5366.90869140625
train,2123,-1618.85888671875,-1770.684326171875
train,4190,-1154.386962890625,-706.42724609375
train,5378,-4700.68798828125,-4868.7666015625
train,3811,-6912.2138671875,-6794.7021484375
train,5487,-4315.77099609375,-4467.416015625
train,5634,-2826.135986328125,-2761.63232421875
train,4878,-2482.7939453125,-2280.18359375
train,2776,-3747.923095703125,-3738.75732421875
train,2918,-4213.19384765625,-4611.37353515625
train,4692,-8375.7646484375,-8315.361328125
train,2298,-11798.73046875,-11702.791015625
train,5172,-5084.208984375,-4852.5234375
train,4533,-3723.625,-3440.771484375
train,2981,-6215.7568359375,-5485.86767578125
train,2214,-5086.130859375,-4864.708984375
train,1128,-4926.23095703125,-5007.205078125
train,4375,-4161.26806640625,-4233.86328125
train,3379,-3166.865966796875,-3391.51416015625
train,4414,-3161.2919921875,-2903.31298828125
train,5949,-3148.493896484375,-2892.74609375
train,2679,-7186.17822265625,-7157.18359375
train,1064,-2933.547119140625,-2967.13720703125
train,1948,-2520.967041015625,-2653.9208984375
train,3422,-7242.98095703125,-7376.333984375
train,1763,-4928.48779296875,-4725.6220703125
train,2631,-9232.7978515625,-9057.1103515625
train,2393,-4204.13916015625,-3974.00341796875
train,5959,-4670.59814453125,-4262.330078125
train,305,-6549.5341796875,-6046.3017578125
train,209,-4753.93798828125,-4744.34765625
train,1263,-515.23095703125,-984.774658203125
train,1575,-3572.577880859375,-3642.105224609375
train,5317,-1486.3759765625,-2371.42529296875
train,6492,-8460.625,-8096.302734375
train,113,-6761.20703125,-6570.41015625
train,219,-2939.702880859375,-3126.594970703125
train,5836,-1715.255126953125,-1036.940185546875
train,155,-6305.35302734375,-6314.9345703125
train,5802,-1572.638916015625,-1571.8642578125
train,2833,-4129.6640625,-4179.7197265625
train,5954,-3151.2060546875,-3047.459716796875
train,5326,-5795.18212890625,-5671.583984375
train,1904,370.177978515625,315.28857421875
train,2190,-1352.114013671875,-1403.794677734375
train,4165,-7983.8115234375,-7938.9755859375
train,2179,-5052.51904296875,-4511.20703125
train,1598,1817.931884765625,1653.243408203125
train,5717,-5638.15380859375,-5682.8984375
train,2493,-6746.46484375,-6998.3369140625
train,6427,-4848.9541015625,-4601.3212890625
train,6199,-4230.64013671875,-3696.56591796875
train,1078,-9490.8349609375,-9377.8427734375
train,239,-1345.10595703125,-1278.232421875
train,4094,-2746.989013671875,-2360.57861328125
train,992,-5346.91796875,-5417.59423828125
train,1874,-8268.9150390625,-8068.4072265625
train,1689,-4950.7080078125,-5008.63671875
train,4882,-2784.22802734375,-3198.114501953125
train,6360,-6282.02783203125,-6099.36083984375
train,412,-7997.68359375,-7790.0625
train,5269,-2199.593994140625,-2119.315185546875
train,4123,2440.654052734375,2349.707763671875
train,4203,-677.192138671875,-106.012451171875
train,4323,-5914.7822265625,-6107.8544921875
train,5721,-1224.378173828125,-1352.197509765625
train,5508,-2387.3291015625,-2284.08203125
train,1161,-10338.4501953125,-10370.515625
train,3271,-5766.375,-5909.1806640625
train,6357,-224.860107421875,-417.72265625
train,4489,-860.928955078125,25.89013671875
train,4065,-7725.47998046875,-7746.1572265625
train,472,32.27001953125,380.936767578125
train,3500,-4145.591796875,-4152.8291015625
train,4439,-2881.801025390625,-2456.3291015625
train,5322,-4510.01123046875,-4878.02587890625
train,6330,-4231.94921875,-4435.18701171875
train,1293,-1007.1669921875,-683.774658203125
train,5901,-6501.31591796875,-6553.4541015625
train,5053,-5641.962890625,-5678.74267578125
train,1691,-1546.0830078125,-1443.60205078125
train,5815,-6622.47900390625,-6510.11328125
train,5305,-6940.216796875,-6942.79638671875
train,2996,-3228.197021484375,-2944.408203125
train,3105,-715.745849609375,-493.564697265625
train,2084,-3172.39892578125,-2986.012451171875
train,1681,-4284.205078125,-4035.953857421875
train,1314,-6644.953125,-6563.916015625
train,5615,-1355.920166015625,-1535.56201171875
train,5811,-3549.375,-3555.24267578125
train,2995,-2382.876953125,-2774.64501953125
train,3830,-2860.389892578125,-2539.29443359375
train,1290,-626.47998046875,-676.189453125
train,1075,-3526.430908203125,-3837.18310546875
train,4430,-4938.9130859375,-4926.54736328125
train,4306,-1261.4560546875,-1858.107421875
train,5963,-2217.840087890625,-2570.9140625
train,1761,-7119.9111328125,-6876.1767578125
train,1272,-3662.123046875,-3382.605224609375
train,837,-4309.08203125,-4078.27978515625
train,6146,-3826.698974609375,-3850.3056640625
train,4007,-3988.35791015625,-3743.28515625
train,5247,-4233.416015625,-4407.67236328125
train,263,-1249.416015625,-2077.92626953125
train,6270,-4239.63623046875,-4350.8681640625
train,5258,-4836.8779296875,-4750.5224609375
train,2934,-5673.8427734375,-4709.88623046875
train,1558,-2005.0269775390625,-2155.2783203125
train,1529,-7114.02294921875,-7087.666015625
train,4508,-1668.699951171875,-1706.8221435546875
train,5955,1766.611083984375,1641.867431640625
train,3348,-2086.069091796875,-2292.09765625
train,2893,-4858.45703125,-4514.4619140625
train,304,-1913.5570068359375,-2116.33544921875
train,5535,-6720.65185546875,-6812.5361328125
train,4403,742.309814453125,469.209716796875
train,4283,-15.623046875,-171.57666015625
train,4500,-6136.68310546875,-5877.1533203125
train,513,-998.8330078125,-877.24169921875
train,4562,-1405.863037109375,-1730.4005126953125
train,4805,-6117.55322265625,-6253.42578125
train,1151,-2635.194091796875,-3192.365966796875
train,972,-4042.89892578125,-3963.749755859375
train,3138,-8433.9931640625,-8499.130859375
train,3469,-199.152099609375,-43.4306640625
train,5196,-3823.51611328125,-4102.962890625
train,1342,-4577.87109375,-4161.12451171875
train,974,-3565.365966796875,-3328.098876953125
train,405,-5658.5458984375,-5694.2607421875
train,3370,-4494.93603515625,-3656.785400390625
train,2135,-6236.31005859375,-6325.4296875
train,3508,-4440.833984375,-4642.86572265625
train,5353,-2809.737060546875,-2742.049072265625
train,3367,-4115.40478515625,-3915.992919921875
train,4881,-2636.43994140625,-2811.225830078125
train,3878,-4186.916015625,-3856.243896484375
train,5325,-3043.656982421875,-2924.8505859375
train,4890,-10192.681640625,-10227.4560546875
train,1239,324.31494140625,62.39990234375
train,5826,-11409.9267578125,-11362.7607421875
train,1929,-6182.578125,-6630.712890625
train,552,-1647.7120361328125,-1487.693603515625
train,6503,-1217.850830078125,-1235.1748046875
train,5486,1048.360107421875,1558.785400390625
train,2443,-2297.796875,-2097.2236328125
train,4541,-1844.3699951171875,-2491.98828125
train,3248,201.541015625,1029.756103515625
train,4015,1448.262939453125,858.715087890625
train,4609,-4627.86181640625,-4094.111572265625
train,2342,-6304.267578125,-5898.625
train,4927,-2342.532958984375,-2378.17138671875
train,1994,-1293.126953125,-1174.941650390625
train,2033,-4069.882080078125,-4175.6435546875
train,4710,-2013.428955078125,-1915.84912109375
train,1421,377.156005859375,354.945068359375
train,4889,-4300.19384765625,-4253.5244140625
train,874,-1034.612060546875,-1299.6376953125
train,586,-3030.23388671875,-2864.873779296875
train,2172,-3966.333984375,-3848.75927734375
train,5314,-7662.31494140625,-7558.3896484375
train,776,-4049.75,-4027.927001953125
train,2811,-2642.8798828125,-2562.736572265625
train,1922,-781.15234375,-899.321533203125
train,5167,-2110.986083984375,-1827.78369140625
train,5422,-565.50634765625,-704.71435546875
train,5951,-1677.9139404296875,-1306.81396484375
train,3439,1780.713134765625,1269.719482421875
train,5537,-6337.48193359375,-6243.21044921875
train,3591,-2997.761962890625,-2800.4892578125
train,893,-2590.375,-2913.765625
train,4196,-351.984375,-94.0126953125
train,2057,-6303.5888671875,-6116.07763671875
train,3552,-6332.44580078125,-6315.140625
train,5182,-11068.125,-10852.1552734375
train,2864,-4742.8798828125,-5047.9267578125
train,4363,-1457.5,-1406.603271484375
train,2950,-7137.46923828125,-7360.04345703125
train,3408,-6755.412109375,-6184.23291015625
train,6368,-8399.7578125,-8415.8701171875
train,5232,2388.717041015625,1813.619384765625
train,1708,-5889.1259765625,-5981.728515625
train,3385,-10207.9501953125,-10505.88671875
train,6263,-5769.619140625,-5830.7451171875
train,5208,-2660.3720703125,-2637.7744140625
train,3715,-209.76123046875,-138.7939453125
train,1057,-4141.72021484375,-4359.72021484375
train,3668,-2784.611083984375,-3044.240234375
train,64,-3017.507080078125,-3277.392578125
train,43,-3856.072998046875,-4097.626953125
train,241,-6110.251953125,-6064.24462890625
train,1870,-4696.337890625,-4889.8037109375
train,6195,-5424.09716796875,-5105.23046875
train,3794,-3241.5859375,-2859.7666015625
train,1279,-7156.984375,-7114.1845703125
train,6346,-6945.185546875,-6904.24560546875
train,6072,-4161.05712890625,-4344.58642578125
train,1618,-4078.931884765625,-3395.07470703125
train,2533,-153.209716796875,63.000244140625
train,6508,-6197.05810546875,-6254.7666015625
train,4919,-2843.9560546875,-2557.697021484375
train,6174,-3463.56103515625,-3341.01123046875
train,3722,-7950.1796875,-7975.0712890625
train,3716,-8188.013671875,-8021.1435546875
train,5611,-3562.626953125,-3290.859619140625
train,3461,-2473.300048828125,-2308.36181640625
train,3211,-1157.909912109375,-1007.696533203125
train,2890,-370.423095703125,-331.3525390625
train,4723,-6681.798828125,-6696.26220703125
train,5250,-3979.472900390625,-4397.1171875
train,4997,-3350.069091796875,-3038.0693359375
train,6317,-2101.669921875,-1956.220458984375
train,3081,-4031.958984375,-3647.51318359375
train,2272,-1520.860107421875,-1380.799072265625
train,2707,-938.76611328125,-1258.962158203125
train,1511,-3329.669921875,-3127.48681640625
train,1472,-1704.467041015625,-1418.783203125
train,6237,-361.69091796875,208.4404296875
train,119,-6136.27099609375,-6061.9716796875
train,436,-3062.830078125,-3056.498291015625
train,4478,-2943.318115234375,-2909.171142578125
train,1706,-5160.2587890625,-4643.39404296875
train,6010,-4464.3681640625,-4519.748046875
train,823,-4654.251953125,-4513.7978515625
train,5135,-926.916015625,-1415.20703125
train,4406,-1478.116943359375,-1480.95458984375
train,4095,-377.008056640625,-302.376220703125
train,5344,-6734.251953125,-6938.92626953125
train,4356,-7884.4951171875,-7876.6162109375
train,3706,-4212.18798828125,-4020.76953125
train,3980,-7296.44189453125,-7193.12939453125
train,5809,-941.02392578125,-700.2294921875
train,1289,-2035.6669921875,-2357.974609375
train,1828,-4796.716796875,-4911.58349609375
train,1520,112.104736328125,-158.9599609375
train,87,-7149.85205078125,-7114.998046875
train,523,-3671.952880859375,-2802.30419921875
train,2292,-3825.735107421875,-4020.5244140625
train,3747,-2077.85205078125,-2149.64453125
train,5590,-6897.56201171875,-6946.39453125
train,3874,-1958.133056640625,-1901.052734375
train,3329,-5651.2021484375,-5491.61865234375
train,4798,-6182.0517578125,-6111.4814453125
train,4964,-1784.8609619140625,-1895.7652587890625
train,1212,-2360.384033203125,-2311.14404296875
train,4544,-5501.30517578125,-5224.099609375
train,798,-2666.677001953125,-2739.487548828125
train,3452,-2222.056884765625,-2289.995849609375
train,370,-5700.01806640625,-5996.04296875
train,2619,-4382.51806640625,-4096.5126953125
train,1690,-1812.2130126953125,-1748.0478515625
train,2186,-7688.72607421875,-8294.8271484375
train,5895,-2255.72607421875,-2265.1806640625
train,5520,-5567.8427734375,-5502.802734375
train,4864,-3014.305908203125,-3016.742431640625
train,1680,-2321.720947265625,-2359.38134765625
train,3157,-2612.385009765625,-2742.8232421875
train,1027,-7727.93505859375,-7917.1396484375
train,961,-8610.4580078125,-8156.62109375
train,1771,-2676.8798828125,-3565.487548828125
train,4402,-3584.445068359375,-3286.6181640625
train,4793,-4965.92822265625,-4573.46875
train,4570,-3746.3701171875,-3652.314697265625
train,3919,-8057.703125,-7871.140625
train,6533,-3904.31201171875,-3852.762451171875
train,486,-1609.7080078125,-2081.20263671875
train,2402,-5438.68310546875,-5448.6435546875
train,413,-4032.60107421875,-4235.24853515625
train,236,857.157958984375,712.185791015625
train,5090,-8092.8017578125,-8025.205078125
train,338,-2585.028076171875,-2260.787109375
train,1350,-1326.704833984375,-1244.1005859375
train,3459,-1478.721923828125,-1456.869384765625
train,3624,-2041.888916015625,-2487.970703125
train,53,-7676.81396484375,-7564.7890625
train,1646,-2157.972900390625,-2607.375
train,6271,-4037.85009765625,-3797.264892578125
train,2280,-3256.612060546875,-3032.744140625
train,5714,-87.243896484375,459.257080078125
train,6456,-2059.637939453125,-2155.47802734375
train,1613,-6931.02685546875,-6906.6630859375
train,2256,-6491.7255859375,-6516.392578125
train,5321,-6975.37109375,-7178.3759765625
train,1964,-2025.007080078125,-1755.8948974609375
train,4176,-1592.47998046875,-1527.350830078125
train,3512,-4408.60009765625,-4518.060546875
train,5828,-5794.14990234375,-5552.35693359375
train,3928,-3913.7548828125,-4204.3330078125
train,5088,-2655.214111328125,-2333.00830078125
train,946,-3673.943115234375,-3958.177001953125
train,3535,521.573974609375,137.672607421875
train,3205,-2857.071044921875,-2687.470703125
train,1333,-4184.05419921875,-4122.71435546875
train,2030,-1702.9429931640625,-1606.6192626953125
train,1167,-1559.214111328125,-1221.2001953125
train,6165,-4017.221923828125,-3593.8017578125
train,843,-1966.9378662109375,-1847.66455078125
train,826,-2584.56005859375,-2489.7978515625
train,3646,-5920.40576171875,-5953.416015625
train,2360,-3292.549072265625,-3071.036865234375
train,1989,-1884.154052734375,-1740.2584228515625
train,103,-3032.3369140625,-2840.099853515625
train,6170,328.923095703125,3.977294921875
train,841,-2698.216064453125,-2615.70703125
train,5563,278.43994140625,169.293212890625
train,67,686.481201171875,421.17919921875
train,2317,-3923.740966796875,-2821.053955078125
train,1561,-3095.72705078125,-2709.47802734375
train,1594,-3666.135009765625,-3106.388427734375
train,1673,-2771.97802734375,-2571.835205078125
train,2474,45.58203125,367.384765625
train,6268,-2682.035888671875,-2535.326416015625
train,2365,-6587.1103515625,-6621.05078125
train,1487,-7315.943359375,-7500.2646484375
train,1014,-7215.00390625,-7199.27734375
train,3327,-5779.44287109375,-5371.1435546875
train,4083,-5807.36279296875,-6036.9951171875
train,6100,1409.354736328125,1751.695556640625
train,2154,-4158.7080078125,-3696.75830078125
train,3244,-3167.264892578125,-3282.865234375
train,568,-6344.31298828125,-6390.58984375
train,6437,-2332.819091796875,-1969.2459716796875
train,6322,-7826.158203125,-7517.68310546875
train,6328,-4843.9560546875,-4858.6943359375
train,427,-2771.364013671875,-2977.552001953125
train,2404,-1476.948974609375,-1998.896728515625
train,4167,-5669.3681640625,-6007.583984375
train,232,-3217.408935546875,-3611.231201171875
train,847,-2408.22998046875,-2160.103515625
train,2847,-2671.452880859375,-2953.31640625
train,5435,-3268.412109375,-3793.953369140625
train,3865,-4135.22900390625,-4172.0390625
train,1407,-6932.06884765625,-6977.296875
train,543,-3222.031005859375,-3120.074462890625
train,2759,-5004.58984375,-4816.48291015625
train,2138,-546.17578125,-1016.362548828125
train,2390,-7014.48095703125,-6873.423828125
train,2422,-7469.87890625,-7288.2783203125
train,859,-1506.552001953125,-1800.198974609375
train,5782,-2998.33203125,-2956.62353515625
train,911,-2140.4169921875,-2219.52392578125
train,2497,-5468.31201171875,-5787.828125
train,3017,-209.535888671875,-40.76123046875
train,2325,-1128.572998046875,-1121.901611328125
train,4219,-4699.3818359375,-5138.6005859375
train,3265,-5137.9130859375,-4542.5712890625
train,6493,-4107.34716796875,-3896.3671875
train,5402,-7722.18896484375,-8057.8271484375
train,6119,-3013.1650390625,-3284.2724609375
train,4512,-2621.202880859375,-2614.548095703125
train,3616,-5904.162109375,-5882.75244140625
train,949,-7908.46484375,-8164.69921875
train,1262,-5656.86181640625,-5294.49169921875
train,6547,-2561.43310546875,-2545.22802734375
train,4816,-6038.90283203125,-5774.56494140625
train,1385,-561.26123046875,-697.173095703125
train,3790,-725.52197265625,-550.875
train,611,-3212.580078125,-3073.9736328125
train,5516,-349.299072265625,-492.064453125
train,3363,-2711.0791015625,-2662.96630859375
train,469,-3540.486083984375,-3686.02880859375
train,1004,-5578.31005859375,-5461.07080078125
train,2073,-2371.784912109375,-2530.0703125
train,6314,-7692.642578125,-7570.248046875
train,3457,-4214.26123046875,-4009.658447265625
train,3246,-3430.8740234375,-3303.7900390625
train,4550,-767.300048828125,-657.715576171875
train,742,-4855.0078125,-4754.1103515625
train,1020,-1481.865966796875,-1636.8548583984375
train,3967,-1695.1510009765625,-1559.739501953125
train,4930,-2341.302978515625,-2319.38916015625
train,3416,-3567.39208984375,-3639.71142578125
train,3678,-4115.4638671875,-3635.81689453125
train,947,-6120.578125,-6344.373046875
train,2131,-7421.37890625,-7299.2783203125
train,2537,-6349.89501953125,-6300.6650390625
train,4463,-1701.5980224609375,-1548.421875
train,4012,-2792.139892578125,-2822.442138671875
train,4067,-5275.5498046875,-5581.0263671875
train,5972,-2135.419921875,-2019.7197265625
train,789,-1059.593994140625,-1526.189208984375
train,3030,-4747.22900390625,-4935.22314453125
train,1919,-6028.3359375,-5800.599609375
train,123,-3701.4189453125,-3705.398193359375
train,1776,-6550.23388671875,-6615.009765625
train,1018,-6392.01123046875,-6617.56201171875
train,6172,-1014.821044921875,-767.359375
train,1826,-8050.2373046875,-7698.072265625
train,4142,-2125.381103515625,-2057.5498046875
train,6468,-5091.537109375,-5382.2109375
train,4226,-4869.9208984375,-4907.59619140625
train,4676,-7173.77587890625,-7175.5146484375
train,4519,-7716.38720703125,-7739.2109375
train,5637,-5406.01904296875,-5775.962890625
train,4058,-2068.31591796875,-2135.6005859375
train,5168,-2340.93896484375,-2243.9619140625
train,942,-6569.8017578125,-6585.810546875
train,4132,481.574951171875,579.756103515625
train,120,-5336.23095703125,-5687.7333984375
train,2469,-655.075927734375,-627.702880859375
train,2953,851.661865234375,1035.911376953125
train,3174,-2640.778076171875,-2471.09228515625
train,780,-1659.998046875,-1564.148193359375
train,3647,-5312.6767578125,-5300.31005859375
train,5020,-6359.955078125,-6717.1748046875
train,3398,-3066.65087890625,-3303.903564453125
train,6450,-4415.2919921875,-4420.2373046875
train,2217,-4422.9208984375,-5037.52001953125
train,41,-5103.14208984375,-4937.353515625
train,2986,-3467.428955078125,-3772.771240234375
train,331,-5563.26708984375,-5447.19970703125
train,15,-3236.368896484375,-3541.815673828125
train,283,-275.973876953125,-156.328125
train,1611,-5764.16015625,-5724.859375
train,1504,-3560.219970703125,-3755.669921875
train,3628,-2021.524169921875,-1976.81005859375
train,6530,-5737.5869140625,-5698.7314453125
train,5406,-4845.0498046875,-4892.61669921875
train,4231,124.531982421875,260.49853515625
train,1632,-6237.2861328125,-6496.4658203125
train,5426,-4456.13623046875,-4269.98974609375
train,2447,-4268.19482421875,-3440.2919921875
train,5579,-2705.2041015625,-2698.18310546875
train,5060,-9441.8056640625,-9097.5
train,936,-6541.7451171875,-6078.5673828125
train,4300,-836.339111328125,-1238.672119140625
train,5446,-5639.9130859375,-5700.720703125
train,288,-4048.449951171875,-4384.857421875
train,3434,-3147.655029296875,-2822.474609375
train,3163,-298.355224609375,-988.938720703125
train,163,-6306.21923828125,-6462.1904296875
train,496,-2567.094970703125,-2651.5
train,2984,-6789.037109375,-7022.673828125
train,803,-6437.365234375,-6526.1103515625
train,4819,-3132.344970703125,-3137.118408203125
train,94,-4048.613037109375,-4034.690673828125
train,2285,-5219.93603515625,-5087.251953125
train,2559,242.779052734375,313.94921875
train,2672,-8483.57421875,-8395.0615234375
train,1062,-8257.0234375,-8058.7861328125
train,83,-5072.42919921875,-5193.4736328125
train,3672,-8420.4912109375,-8166.7998046875
train,1548,-102.2939453125,154.4140625
train,6436,-1079.490966796875,-1100.89892578125
train,4163,-8289.125,-8154.1552734375
train,1696,-4212.716796875,-4398.8076171875
train,344,-1798.6639404296875,-2763.29833984375
train,271,127.507080078125,-20.768798828125
train,5231,-1331.696044921875,-1296.223388671875
train,1968,-2798.113037109375,-2705.7353515625
train,5193,-9110.8056640625,-9304.107421875
train,2347,-3735.68603515625,-3976.01611328125
train,4781,-4228.8408203125,-4283.5810546875
train,5923,-6284.56787109375,-6368.21435546875
train,3376,-5383.4130859375,-5455.3564453125
train,3431,813.552001953125,881.867431640625
train,5175,-5216.369140625,-4979.53466796875
train,3099,-5964.39404296875,-5880.982421875
train,4379,-3588.881103515625,-3886.91796875
train,3337,-5018.14111328125,-5241.94775390625
train,796,-46.23193359375,-261.625732421875
train,2681,-5966.41015625,-5446.6064453125
train,6412,-5466.55078125,-5265.76611328125
train,5184,1718.287353515625,1845.779052734375
train,5150,-2903.260009765625,-2941.65966796875
train,4708,-6122.65478515625,-6026.759765625
train,199,-2944.033935546875,-2922.66015625
train,5513,-2208.011962890625,-2542.73828125
train,4975,-907.324951171875,-843.919921875
train,2205,-4445.9921875,-4301.4033203125
train,1722,-1808.3260498046875,-1925.7525634765625
train,4034,-6394.38916015625,-6610.8291015625
train,2701,-3596.8740234375,-3326.9013671875
train,3996,-4045.51806640625,-3893.395751953125
train,4638,-2558.5029296875,-2523.646240234375
train,2111,-984.196044921875,-379.023193359375
train,5037,1160.843017578125,983.726806640625
train,379,-5634.134765625,-5326.2705078125
train,2331,-7982.7822265625,-7820.7431640625
train,4030,-1945.866943359375,-2313.98046875
train,5357,-851.262939453125,-956.55517578125
train,977,-9139.21875,-9001.77734375
train,213,-2330.097900390625,-2594.248046875
train,4739,-4177.673828125,-3982.86083984375
train,1187,-7082.4091796875,-6834.12939453125
train,702,-3272.093994140625,-3387.728271484375
train,3045,-4893.6708984375,-5192.3642578125
train,5460,-4742.01318359375,-4758.49609375
train,3692,-6296.701171875,-5909.4990234375
train,2843,-6760.380859375,-6690.03125
train,1339,-5147.52685546875,-5470.7470703125
train,1628,-5170.35498046875,-5151.02685546875
train,6434,-1923.6590576171875,-1540.10791015625
train,6019,-1701.6820068359375,-2219.435546875
train,2216,-4827.2001953125,-4482.19140625
train,556,-2943.927001953125,-3130.01416015625
train,4505,-6287.9853515625,-6561.2099609375
train,1003,-4702.83203125,-4757.095703125
train,3495,-1247.642822265625,-879.169921875
train,2054,-3654.98291015625,-3567.95263671875
train,2835,-2180.712890625,-1482.26611328125
train,997,-4332.546875,-4290.64501953125
train,3888,-9688.6943359375,-9548.78515625
train,473,-4607.4599609375,-4439.2080078125
train,369,-6818.4130859375,-6891.708984375
train,6287,-6172.15478515625,-6007.1611328125
train,1833,-4186.166015625,-4022.798095703125
train,168,-2614.6220703125,-2668.173095703125
train,4178,-5706.048828125,-5561.75390625
train,701,-7310.52001953125,-7135.32666015625
train,6519,-5039.09912109375,-5030.84375
train,2345,-5398.93798828125,-5126.6220703125
train,1331,-2104.389892578125,-2265.737548828125
train,2355,264.048095703125,277.29541015625
train,2589,-6118.501953125,-6010.26171875
train,2194,2010.145263671875,2069.821533203125
train,1723,-33.649169921875,-160.598388671875
train,4546,-3713.951904296875,-3754.80419921875
train,6109,-732.341064453125,-292.701171875
train,5680,-4840.47509765625,-5175.056640625
train,3316,-5210.35205078125,-5373.2421875
train,658,-1935.5970458984375,-1663.3533935546875
train,1936,-1710.702880859375,-1563.569091796875
train,2441,-4258.18994140625,-4997.56201171875
train,3547,-1861.8399658203125,-1892.80810546875
train,4640,-5346.0810546875,-4905.587890625
train,4926,-3901.112060546875,-4192.5673828125
train,509,-2310.60400390625,-2259.75634765625
train,2045,-6254.64599609375,-7182.9892578125
train,6021,-4744.376953125,-4755.48046875
train,5056,-488.575927734375,-609.7626953125
train,2806,-2872.958984375,-2677.197509765625
train,2127,-2846.8740234375,-3150.3310546875
train,5077,-1018.064208984375,-1189.44677734375
train,3031,-1382.802978515625,-1510.21240234375
train,1925,-4633.48193359375,-4680.43798828125
train,3432,-3359.76806640625,-3529.00146484375
train,985,-8095.7294921875,-8000.0673828125
train,3458,-4305.72802734375,-4115.51806640625
train,5996,-7675.7421875,-7395.5556640625
train,26,60.956298828125,205.824462890625
train,784,-4499.9208984375,-4279.1064453125
train,4899,-912.5,-1121.9423828125
train,269,-1557.649169921875,-1918.0008544921875
train,3120,-420.06298828125,-27.266845703125
train,6464,-5814.615234375,-5503.0283203125
train,4024,-2210.208984375,-2041.053955078125
train,3485,-2684.958984375,-2307.27294921875
train,2579,-3534.240966796875,-3569.22412109375
train,1517,-3636.7958984375,-4055.946044921875
train,5979,-4862.2958984375,-4989.45263671875
train,3088,-2756.431884765625,-2965.12646484375
train,4616,-2662.72900390625,-2426.3232421875
train,5451,-9489.1572265625,-9474.0166015625
train,109,-683.2529296875,-729.053466796875
train,5900,-5240.60107421875,-5646.0537109375
train,4385,-3416.781982421875,-2974.879638671875
train,872,-6955.1201171875,-6792.51953125
train,3560,-3317.576904296875,-2551.62744140625
train,2581,53.06103515625,-205.3818359375
train,3598,-1484.879150390625,-1702.70849609375
train,5639,-4396.0380859375,-3784.00537109375
train,5506,-1442.3759765625,-1364.62939453125
train,4985,-513.505126953125,-401.938720703125
train,548,-4388.38623046875,-4345.29296875
train,4885,-3399.9560546875,-3566.1806640625
train,5369,-4775.94580078125,-4809.033203125
train,3410,-2804.59912109375,-2820.296630859375
train,1086,-5848.3828125,-5878.962890625
train,3999,-3338.092041015625,-3709.763916015625
train,1731,529.364013671875,350.578857421875
train,266,-10296.5556640625,-10025.6044921875
train,5297,-3307.39697265625,-3634.16015625
train,2473,-2920.197021484375,-2797.700927734375
train,4003,-4142.416015625,-4113.728515625
train,5748,-2721.175048828125,-2619.36279296875
train,1337,-7057.5009765625,-7056.72412109375
train,4564,-4492.9619140625,-4689.9091796875
train,6374,-6371.19189453125,-5874.228515625
train,4915,-5236.72119140625,-5050.90185546875
train,5228,-8814.4599609375,-8677.865234375
train,766,-2961.0439453125,-3090.5361328125
train,3383,-2982.011962890625,-2851.94921875
train,253,-5575.9150390625,-5361.783203125
train,4008,-1334.620849609375,-774.322509765625
train,3700,-1863.26904296875,-1910.3897705078125
train,4145,-3997.970947265625,-3681.7744140625
train,2641,-5473.56201171875,-5681.30029296875
train,5499,-6231.0146484375,-5624.97314453125
train,944,-1792.81298828125,-1789.597412109375
train,2395,-533.945068359375,-857.319091796875
train,4447,-2173.533935546875,-1843.804443359375
train,5519,888.974853515625,1220.810302734375
train,532,-1216.409912109375,-2348.873046875
train,5686,-3891.739990234375,-4168.13671875
train,3025,1317.178955078125,1367.010986328125
train,4518,-471.113037109375,-483.38720703125
train,897,-6193.580078125,-6027.48388671875
train,2637,-4139.02490234375,-3954.377685546875
train,4346,-3471.841064453125,-3774.7666015625
train,5585,-5634.10595703125,-5756.28125
train,848,-3435.156005859375,-3454.004150390625
train,3613,-2120.669921875,-2105.05224609375
train,4328,-8822.576171875,-8755.125
train,2848,-4611.61376953125,-4488.90283203125
train,1823,-7510.4541015625,-7605.357421875
train,2188,-4231.85791015625,-4475.509765625
train,4650,-6258.8720703125,-6192.3837890625
train,4490,1359.501220703125,843.708740234375
train,4932,-3397.137939453125,-3002.025390625
train,6467,490.526123046875,429.4130859375
train,1396,-2384.284912109375,-1600.904052734375
train,2436,440.137939453125,312.96484375
train,818,-2738.304931640625,-2680.51904296875
train,2435,-3086.6640625,-2920.226806640625
train,5853,-5959.69384765625,-5364.845703125
train,6194,-2528.501953125,-2623.29345703125
train,6145,-7827.8525390625,-7816.10546875
train,55,-2183.0029296875,-1882.54833984375
train,4907,133.248046875,-193.28271484375
train,222,-2093.47216796875,-1816.3282470703125
train,4236,-2661.743896484375,-2922.533203125
train,6058,-6249.7421875,-6893.69482421875
train,4466,-7664.1650390625,-7746.3125
train,4244,-5326.51904296875,-5461.65966796875
train,2946,-6380.9931640625,-6397.5322265625
train,3866,968.971923828125,1114.831787109375
train,6500,-4501.5439453125,-4522.849609375
train,2781,-1646.7430419921875,-1724.1859130859375
train,2243,-7165.4248046875,-7192.9609375
train,5278,-4273.7880859375,-4100.859375
train,6489,-80.59033203125,-533.190673828125
train,3555,-2103.633056640625,-2554.39013671875
train,2703,-1260.451904296875,-1494.74169921875
train,1303,-4105.80615234375,-4230.5908203125
train,544,-5623.7099609375,-5500.35791015625
train,3990,-2193.8330078125,-2645.670166015625
train,2182,-2563.0439453125,-2949.28564453125
train,4140,218.18505859375,163.083251953125
train,4250,-8066.791015625,-8391.396484375
train,4540,-6125.9580078125,-6493.62890625
train,1980,-5865.05712890625,-5430.921875
train,5788,-5040.3349609375,-5041.017578125
train,1434,-2806.547119140625,-2781.934326171875
train,2758,-3104.262939453125,-2982.0576171875
train,4002,-5267.455078125,-5358.6982421875
train,376,-3118.343017578125,-2837.208740234375
train,1665,-6869.55908203125,-6578.5908203125
train,6404,-831.624267578125,-659.867919921875
train,390,198.5439453125,-190.872802734375
train,5834,-1.3349609375,-201.56689453125
train,1667,1030.552978515625,1012.953857421875
train,5336,-8402.6787109375,-8630.7275390625
train,564,-6638.1328125,-6868.90771484375
train,5061,-6881.4951171875,-7251.982421875
train,1395,-8421.7578125,-8068.7978515625
train,3857,3572.900634765625,3663.499755859375
train,315,-2550.928955078125,-2278.59912109375
train,6448,-8174.0341796875,-8067.9716796875
train,4651,2634.107666015625,2676.528564453125
train,5391,-253.31103515625,-249.6123046875
train,6185,-4317.19091796875,-4519.466796875
train,6076,-4412.97314453125,-4203.71875
train,4902,-5511.10791015625,-5435.263671875
train,744,-8301.0224609375,-8024.3984375
train,2747,-4496.65185546875,-4607.21142578125
train,6074,-903.740966796875,-777.552734375
train,5425,-7114.8671875,-7589.4599609375
train,5285,-6045.6748046875,-6096.283203125
train,5105,-689.057861328125,-666.640380859375
train,1794,-6225.97998046875,-6320.95263671875
train,4121,-1912.678955078125,-1579.900146484375
train,2592,-1806.2640380859375,-1757.13330078125
train,3682,-4364.57421875,-4338.08349609375
train,5761,1163.714111328125,1323.866943359375
train,4294,-6244.34716796875,-5946.7734375
train,3313,-705.469970703125,-521.978515625
train,5777,-7936.1650390625,-7572.591796875
train,1040,-4485.16796875,-4258.4912109375
train,5263,-4378.9482421875,-4489.984375
train,2621,-2193.513916015625,-3265.89453125
train,1140,-680.666015625,-698.431396484375
train,2554,-5802.0517578125,-5710.572265625
train,587,516.131103515625,360.849365234375
train,6144,-644.4443359375,-1046.03955078125
train,1321,-5509.48291015625,-4912.19921875
train,2332,-6299.81982421875,-6007.75341796875
train,5541,-3337.071044921875,-3512.36328125
train,4542,-4599.27587890625,-4525.57861328125
train,1246,-8306.09375,-8275.3642578125
train,5400,-7425.787109375,-7397.75390625
train,3233,-254.31103515625,-530.873291015625
train,5177,-1165.737060546875,-1071.9873046875
train,2779,-2178.5029296875,-2371.7197265625
train,252,-4240.72998046875,-4588.40771484375
train,912,-1994.6199951171875,-2789.19189453125
train,1172,-2921.037109375,-3109.348876953125
train,2580,-1418.989990234375,-1306.288818359375
train,5775,-2233.967041015625,-2344.8828125
train,5485,-1524.069091796875,-1764.313232421875
train,5063,-3165.216064453125,-2995.779541015625
train,2087,-5454.583984375,-5515.388671875
train,3769,-3306.64599609375,-3367.704345703125
train,5102,-10582.0703125,-10496.5068359375
train,2081,-9041.1904296875,-9475.34765625
train,5212,346.681884765625,686.791748046875
train,2763,-7531.1171875,-7733.361328125
train,1468,-513.359375,-731.141357421875
train,4239,-5331.48193359375,-5457.1640625
train,3536,-5645.716796875,-5593.8525390625
train,3197,1032.425048828125,967.238037109375
train,4081,-2873.364013671875,-2690.62744140625
train,3655,-5616.26806640625,-5524.4453125
train,4867,1031.220947265625,790.188232421875
train,60,466.388916015625,412.98779296875
train,2230,-6787.34423828125,-6825.62890625
train,5089,-3323.80810546875,-3177.298583984375
train,4085,-1584.882080078125,-1627.307861328125
train,2060,-3677.541015625,-3749.384765625
train,3020,-4914.40087890625,-5260.375
train,246,-2660.697021484375,-2740.3046875
train,5365,-1161.920166015625,-2156.74951171875
train,1029,-1251.636962890625,-1685.233154296875
train,180,-3131.62109375,-3236.887939453125
train,184,-4969.5791015625,-4818.61181640625
train,2643,-4906.3349609375,-4903.68408203125
train,3568,-6534.4345703125,-6706.181640625
train,6168,-4467.0791015625,-4130.6728515625
train,3864,-6580.80712890625,-6557.7919921875
train,2009,-5309.12890625,-5291.96044921875
train,228,-7153.755859375,-7106.9677734375
train,4879,-1335.409912109375,-897.552490234375
train,851,-2609.386962890625,-3019.19287109375
train,6475,-4105.76806640625,-3861.79931640625
train,141,-5795.8759765625,-5794.4306640625
train,3055,503.072998046875,795.890869140625
train,3881,-6830.5380859375,-7022.146484375
train,6327,166.756103515625,-176.448486328125
train,1313,-3847.510009765625,-3603.251708984375
train,3594,-3095.14208984375,-2928.43994140625
train,4280,-6225.3779296875,-6174.20751953125
train,5543,-7420.2880859375,-7315.021484375
train,4197,1302.239990234375,1294.489013671875
train,2739,-6772.51806640625,-6469.5625
train,254,52.09716796875,146.49658203125
train,4606,-3368.9130859375,-3059.61083984375
train,4071,-2823.636962890625,-2838.833740234375
train,5130,-408.718017578125,247.44677734375
train,878,-3759.81591796875,-4246.9111328125
train,5114,-7869.8759765625,-8102.94140625
train,602,-1348.91796875,-1612.2772216796875
train,5380,-2490.58203125,-2578.73046875
train,6443,-2775.77490234375,-2721.823486328125
train,1678,-3609.15087890625,-3689.258544921875
train,2688,-2011.9150390625,-1645.2589111328125
train,3098,543.310791015625,414.930908203125
train,3078,-444.880126953125,-630.221923828125
train,3767,-6274.2958984375,-6370.91162109375
train,5410,-2986.77490234375,-2788.8662109375
train,1933,-3603.10791015625,-2807.02490234375
train,4529,-6059.158203125,-5988.36279296875
train,909,-425.513916015625,-372.9404296875
train,953,-4787.4619140625,-4438.47900390625
train,4807,-2224.636962890625,-1817.669189453125
train,3553,-6423.19091796875,-6527.849609375
train,4792,-6708.3759765625,-6715.25439453125
train,5019,-6583.9521484375,-6919.103515625
train,5027,-2107.10693359375,-2132.5107421875
train,164,-4113.3798828125,-4340.85400390625
train,5898,-2030.0430908203125,-2133.321044921875
train,2523,-6908.8701171875,-7269.05322265625
train,1588,-6592.828125,-6657.88671875
train,6081,811.497802734375,1016.021240234375
train,3821,-5056.56396484375,-4994.34130859375
train,3107,-884.177001953125,-643.4794921875
train,932,-1701.1650390625,-1682.201904296875
train,5851,-3431.156005859375,-3019.357177734375
train,2854,-5188.203125,-5464.265625
train,4412,1284.034912109375,1153.284912109375
train,679,263.822998046875,188.968994140625
train,2636,-8099.9404296875,-7700.0146484375
train,2861,-5301.15576171875,-5310.662109375
train,4830,-7892.513671875,-7878.509765625
train,5031,-6901.4287109375,-7212.654296875
train,1688,-5463.11181640625,-5239.77587890625
train,505,-751.2119140625,-393.471435546875
train,6247,-6481.9951171875,-6703.958984375
train,4047,-4186.3330078125,-4368.138671875
train,1462,-4097.72119140625,-4458.32177734375
train,3014,175.531005859375,-55.94287109375
train,1609,-5273.5888671875,-5887.50390625
train,3787,-5093.93896484375,-5189.3330078125
train,4442,-4365.9150390625,-4234.2607421875
train,1419,-7755.720703125,-7654.81201171875
train,4238,-3788.68994140625,-5078.8916015625
train,1203,-616.4267578125,-727.7236328125
train,4704,-5452.5498046875,-5812.328125
train,4450,-3771.197021484375,-3596.89404296875
train,1659,-2200.81494140625,-2360.1123046875
train,5999,-2471.177978515625,-2608.037109375
train,3531,-1669.3089599609375,-1440.814697265625
train,2547,-4087.322998046875,-3903.93310546875
train,726,-6669.5908203125,-6370.2880859375
train,2790,-3305.614990234375,-3692.19384765625
train,4217,-1830.302978515625,-1803.92626953125
train,5778,70.912841796875,-418.1142578125
train,4851,-3991.0791015625,-4020.007568359375
train,3125,-6056.02783203125,-6198.25146484375
train,3335,-4559.19091796875,-4620.69775390625
train,4733,-8603.689453125,-8610.154296875
train,5145,-4522.490234375,-4266.48046875
train,791,-2107.7080078125,-2122.75634765625
train,5199,-1863.969970703125,-1756.4822998046875
train,6371,-4889.73388671875,-4786.392578125
train,5800,-6142.94482421875,-6142.572265625
train,3024,-3591.39892578125,-3376.80615234375
train,2418,-3530.22607421875,-3454.922607421875
train,6130,-1293.471923828125,-2033.787841796875
train,4815,-5206.130859375,-4896.15234375
train,4865,-3557.4951171875,-3552.814453125
train,5069,-5131.5361328125,-5122.91357421875
train,1458,-5485.43310546875,-5256.30029296875
train,2288,-3577.26611328125,-3352.92626953125
train,2656,-2751.321044921875,-2774.33984375
train,1733,-2187.53515625,-1964.32080078125
train,1459,-8246.013671875,-8146.86328125
train,2028,-7263.1767578125,-7280.990234375
train,3428,-1695.4580078125,-1695.7830810546875
train,5113,-3561.1708984375,-4024.449951171875
train,1195,-6085.71484375,-6132.73779296875
train,4240,-2677.113037109375,-2828.412109375
train,5143,-5474.23779296875,-5752.5
train,5296,-1518.785888671875,-1499.50048828125
train,2709,-4465.15576171875,-4696.03125
train,4089,-4498.658203125,-4581.2041015625
train,3218,-2501.89599609375,-2705.25927734375
train,2906,-5503.84619140625,-5517.11669921875
train,152,-4447.80419921875,-4658.71923828125
train,964,-2651.8330078125,-3210.0771484375
train,2927,-6065.06005859375,-6066.45166015625
train,464,-5335.60400390625,-5049.158203125
train,2174,-3276.31396484375,-3002.4296875
train,1213,-4743.7001953125,-4558.1884765625
train,4364,1598.591064453125,1422.890869140625
train,945,-2409.590087890625,-2518.58935546875
train,6218,-1434.767822265625,-1618.1881103515625
train,2503,-4103.7177734375,-4141.4130859375
train,6276,-6769.68701171875,-6824.447265625
train,4746,1130.822021484375,1114.247314453125
train,6449,2960.921142578125,2660.000732421875
train,300,-522.1142578125,-587.18994140625
train,5673,-1825.72900390625,-1794.1544189453125
train,5790,-4475.13916015625,-4485.703125
train,1605,-878.27001953125,-1133.82373046875
train,3543,-5566.06591796875,-5700.5751953125
train,2990,-4502.5859375,-4281.85400390625
train,4775,-5970.1328125,-5931.36376953125
train,4536,-6012.93603515625,-6365.95263671875
train,258,-4689.4619140625,-4571.673828125
train,4559,-5042.35498046875,-5192.88427734375
train,3347,-4324.201171875,-4452.22265625
train,1898,-2835.7890625,-2994.779052734375
train,1844,-4350.37890625,-3990.134765625
train,6075,-6376.10546875,-6299.5166015625
train,356,-8629.1767578125,-8481.89453125
train,2037,-5663.4921875,-5922.0458984375
train,598,-3017.304931640625,-3486.30126953125
train,563,275.417236328125,610.667724609375
train,3933,-5647.73876953125,-5311.42578125
train,2582,-1151.472900390625,-1546.5205078125
train,916,-8045.60546875,-7899.1259765625
train,553,-7341.271484375,-7223.7021484375
train,4820,-3228.365966796875,-3004.02734375
train,3413,-3137.154052734375,-3224.05419921875
train,3267,-8953.826171875,-8823.0107421875
train,4954,-4567.9541015625,-3944.67578125
train,5568,58.343994140625,307.292236328125
train,3241,-948.26708984375,-691.2451171875
train,2962,-4798.01220703125,-4685.61962890625
train,5049,-3624.85888671875,-3880.717041015625
train,569,-2620.14697265625,-2733.447265625
train,1471,-3322.634033203125,-3364.36474609375
train,4158,-4477.0869140625,-4197.10498046875
train,1254,-5309.466796875,-5629.14306640625
train,4265,-6404.1162109375,-6064.5673828125
train,4376,-3306.51904296875,-3267.228515625
train,2784,-6230.5849609375,-6050.31640625
train,4395,-3088.277099609375,-3048.359375
train,2150,-853.167724609375,-843.217529296875
train,5298,-1883.3270263671875,-1956.9844970703125
train,6385,-2911.85205078125,-2668.445556640625
train,914,-2097.693115234375,-2665.658203125
train,4689,-2841.43505859375,-3357.732421875
train,3277,-5867.4951171875,-6282.904296875
train,5994,-5588.828125,-5374.58349609375
train,3880,-3387.676025390625,-2932.1953125
train,4948,-2512.344970703125,-2489.363525390625
train,1872,-854.196044921875,-471.2177734375
train,3546,-5308.951171875,-5312.310546875
train,260,-5675.34619140625,-5718.18359375
train,666,-2523.406005859375,-2279.747802734375
train,211,-2557.614013671875,-2748.40380859375
train,3541,-2257.553955078125,-2145.84423828125
train,1450,-2340.51611328125,-2152.9462890625
train,5038,-1103.153076171875,-1243.888671875
train,6440,-126.6201171875,-326.023193359375
train,6128,-6859.5126953125,-6801.46142578125
train,3554,-1037.805908203125,-1613.510986328125
train,921,-3413.455078125,-3457.969970703125
train,2646,-2414.8798828125,-2073.4814453125
train,2209,-4023.068115234375,-3315.73828125
train,1780,-6681.0556640625,-6511.16162109375
train,5647,271.74169921875,69.27783203125
train,2794,-6656.35498046875,-6364.146484375
train,6036,-3196.76708984375,-3272.099609375
train,939,-4300.921875,-3984.65869140625
train,1752,-5264.94921875,-5364.51171875
train,318,-3906.535888671875,-4071.3310546875
train,3312,833.628173828125,903.877197265625
train,6054,-3600.498046875,-3530.188232421875
train,1278,-3090.47412109375,-2760.021728515625
train,3971,-5476.56884765625,-5510.01220703125
train,2316,-3960.553955078125,-3867.99609375
train,4134,-1700.6629638671875,-1502.5615234375
train,1299,-2035.0660400390625,-2465.3818359375
train,134,-952.5703125,-647.091552734375
train,657,126.760009765625,748.221435546875
train,6032,-3104.302001953125,-3114.504638671875
train,2751,-6076.716796875,-6551.0419921875
train,4868,-2924.988037109375,-3117.0390625
train,3064,-3297.5869140625,-3418.489013671875
train,4717,-2534.06396484375,-2388.59765625
train,2718,-5565.80322265625,-5303.52880859375
train,4658,-3705.881103515625,-3323.971923828125
train,3091,-1909.5579833984375,-1733.9232177734375
train,4923,902.001220703125,756.293701171875
train,5122,-6368.2548828125,-6196.05224609375
train,4182,-3975.012939453125,-3939.736328125
train,5085,-4849.26123046875,-4726.13818359375
train,4297,-1825.5970458984375,-1728.7169189453125
train,3661,1075.751220703125,581.092041015625
train,2357,-5605.7001953125,-5791.041015625
train,4523,-1110.783935546875,-623.36328125
train,894,-6796.26806640625,-6768.822265625
train,4647,-1830.6080322265625,-2494.488037109375
train,504,-2115.905029296875,-1954.7855224609375
train,546,-6589.7470703125,-6215.3359375
train,5799,-2686.9560546875,-2904.789794921875
train,66,-3933.239013671875,-4211.75732421875
train,2606,-5510.73291015625,-5851.8203125
train,1566,-3659.455078125,-3611.059814453125
train,407,-3071.679931640625,-3697.78759765625
train,3642,-2498.89794921875,-2745.1591796875
train,3618,-1873.9169921875,-1632.1065673828125
train,3637,-2111.89501953125,-2285.3232421875
train,5588,609.459228515625,1000.355224609375
train,4681,663.340087890625,834.743896484375
train,6538,-3148.9208984375,-2952.054931640625
train,2458,-4073.27001953125,-4051.435302734375
train,5886,-288.570068359375,-297.796875
train,754,1688.614013671875,1783.371337890625
train,4206,-721.721923828125,-1083.350341796875
train,1654,-3045.784912109375,-3364.93896484375
train,449,-3622.7919921875,-3328.747314453125
train,4299,-1732.1409912109375,-1786.3328857421875
train,5566,-4378.75390625,-4307.5107421875
train,734,-2221.6279296875,-2140.12548828125
train,3156,708.641845703125,435.626220703125
train,5299,-724.85400390625,-428.533447265625
train,834,-6492.77197265625,-6499.8955078125
train,3392,1901.312744140625,1659.527099609375
train,547,-3600.12890625,-3444.48876953125
train,2282,-2048.339111328125,-1782.6707763671875
train,600,-4205.3740234375,-4900.642578125
train,2442,-2429.862060546875,-2083.93212890625
train,5355,-5508.81494140625,-5408.7060546875
train,2343,-3490.326904296875,-3939.75439453125
train,3456,-5074.7861328125,-4961.0107421875
train,2712,-3858.998046875,-4419.9482421875
train,4194,-1231.60205078125,-1432.38818359375
train,371,-3785.424072265625,-3517.4423828125
train,10,-2669.092041015625,-2986.29541015625
train,3802,-1317.08203125,-1579.867431640625
train,674,-3794.10498046875,-3427.74951171875
train,2829,-4275.7578125,-4037.636962890625
train,4855,-4631.22021484375,-4185.70458984375
train,1049,-4815.09423828125,-4766.54248046875
train,6262,-5719.041015625,-5630.6982421875
train,1133,-3737.491943359375,-3382.05029296875
train,4458,-1642.51904296875,-1601.4134521484375
train,2777,-6231.31298828125,-6085.03076171875
train,5751,-8129.9287109375,-8084.1826171875
train,5671,-2031.0401611328125,-1822.569580078125
train,5385,-3718.37109375,-3598.8916015625
train,1959,-1786.2760009765625,-1544.55859375
train,539,-1575.329833984375,-1981.1458740234375
train,5669,-7474.6982421875,-7570.8095703125
train,4276,-5212.921875,-5283.52392578125
train,659,-1326.887939453125,-1528.17578125
train,6269,-7864.8701171875,-7623.630859375
train,1150,-2211.02587890625,-2587.519287109375
train,4969,-456.825927734375,-710.57763671875
train,2569,-2865.56494140625,-3238.97412109375
train,1788,-2445.972900390625,-1835.9539794921875
train,3237,-2800.72412109375,-2805.392333984375
train,1587,-1932.9920654296875,-1910.63330078125
train,3973,231.44189453125,381.112060546875
train,378,-747.802001953125,-364.838134765625
train,3575,-2269.716064453125,-2391.73193359375
train,2571,-4240.67919921875,-3829.731689453125
train,5533,-4815.94287109375,-4983.3662109375
train,6000,-2353.68603515625,-2413.7861328125
train,1502,-3462.5810546875,-3100.10693359375
train,4943,-2460.720947265625,-2202.01171875
train,4211,-2465.666015625,-2929.4521484375
train,4971,2079.153076171875,1971.997314453125
train,5126,-4670.57177734375,-4847.2333984375
train,2405,-3648.9580078125,-3612.631591796875
train,4486,-7653.56494140625,-7416.4345703125
train,1374,-5091.1630859375,-5128.6767578125
train,5179,-589.751953125,-778.70263671875
train,51,-1336.468994140625,-1149.829833984375
train,2328,-2763.291015625,-2514.57421875
train,5771,-5364.97119140625,-5750.0712890625
train,1778,-1740.279052734375,-1740.6217041015625
train,3440,-2961.22705078125,-2731.078369140625
train,5681,-3835.324951171875,-3804.184814453125
train,5619,1540.802001953125,1514.732177734375
train,5463,-1754.2569580078125,-1617.7945556640625
train,4452,-4535.64208984375,-3949.52490234375
train,1201,-1294.025146484375,-1149.652099609375
train,1736,368.68994140625,711.137451171875
train,1492,-2155.551025390625,-2021.32666015625
train,1126,-2256.4931640625,-2615.0244140625
train,6197,-4461.21923828125,-4390.91455078125
train,6131,-6349.125,-5747.822265625
train,4597,-1119.9150390625,-1097.50537109375
train,1608,777.079833984375,823.299072265625
train,981,-5199.453125,-5421.427734375
train,5399,-2737.7470703125,-2476.505859375
train,2814,-794.76123046875,-1284.741455078125
train,831,-2289.568115234375,-1975.266357421875
train,2909,-2871.52099609375,-2598.527099609375
train,1322,-9560.2734375,-9307.109375
train,2024,-5486.623046875,-5842.7021484375
train,4119,-5855.76806640625,-6089.1962890625
train,2680,-2429.43701171875,-2528.212646484375
train,6274,-3094.35205078125,-3151.622802734375
train,4734,56.906005859375,-256.3544921875
train,4411,-4876.27978515625,-4886.51904296875
train,4942,-224.90771484375,-546.745849609375
train,1676,-9231.2236328125,-9352.212890625
train,3292,-3987.52001953125,-3873.4697265625
train,6408,-1000.360107421875,-824.726318359375
train,4645,-4520.82177734375,-4565.84423828125
train,4313,-6903.47607421875,-7523.189453125
train,2628,-1433.33203125,-1443.34814453125
train,3285,-4165.30712890625,-4355.501953125
train,5789,48.694091796875,18.68310546875
train,307,-6682.0361328125,-6829.88818359375
train,3701,-5787.78076171875,-5443.134765625
train,5819,340.277099609375,-148.707763671875
train,6506,-5847.97705078125,-5618.8408203125
train,235,-5459.60595703125,-5760.54541015625
train,107,185.166015625,416.638427734375
train,2724,-364.972900390625,-478.8251953125
train,534,-8188.591796875,-8069.83984375
train,979,666.475830078125,549.820556640625
train,908,63.76806640625,-227.638916015625
train,2520,-5589.2822265625,-5392.9248046875
train,1505,519.616943359375,329.635986328125
train,6098,-9140.0,-9294.2138671875
train,3029,-1728.43896484375,-1868.5426025390625
train,2875,-3163.98388671875,-3121.016845703125
train,2219,-5488.80810546875,-5787.56298828125
train,40,-5095.5859375,-5546.703125
train,5070,-6639.44580078125,-6696.6103515625
train,1480,-2580.125,-2708.76513671875
train,725,-9385.5185546875,-9172.609375
train,1790,-34.387939453125,-126.9208984375
train,6238,-2302.596923828125,-2284.68994140625
train,2983,-3079.9599609375,-3271.55322265625
train,4086,-4128.14111328125,-4085.66455078125
train,5528,-3444.44189453125,-4037.0078125
train,4425,-3235.614990234375,-3287.043212890625
train,3840,-9182.697265625,-9234.4462890625
train,6376,-8135.4619140625,-7861.5087890625
train,2536,-1854.7509765625,-2038.039306640625
train,1288,-2534.489013671875,-2681.38037109375
train,967,-6358.4765625,-6330.7666015625
train,599,-805.186279296875,-328.9033203125
train,2043,-2311.998046875,-2125.9111328125
train,1285,-6225.33203125,-6157.951171875
train,4298,-4528.453125,-4668.85791015625
train,346,-5702.10400390625,-5728.298828125
train,1882,-5384.3349609375,-5589.7255859375
train,2464,-5744.39599609375,-5514.3701171875
train,4380,-4075.556884765625,-4189.39208984375
train,3154,-2428.751953125,-2740.37890625
train,5740,-1977.6259765625,-1990.492919921875
train,1098,-5029.794921875,-5113.64306640625
train,6313,-2641.14501953125,-3300.195556640625
train,3514,-5466.89111328125,-5585.6806640625
train,976,-2136.7529296875,-1772.278076171875
train,4302,-1951.4560546875,-1957.222900390625
train,3969,-2991.412109375,-3175.319091796875
train,4649,-2722.801025390625,-2973.792724609375
train,1671,-6168.0908203125,-6190.5830078125
train,1550,-1526.911865234375,-1640.4007568359375
train,1729,-3643.89501953125,-3929.39697265625
train,1807,-1557.031005859375,-1207.45654296875
train,3810,-4353.64990234375,-4174.5400390625
train,6522,-5625.3798828125,-5386.08251953125
train,36,-3185.841064453125,-2997.32275390625
train,3975,-6653.376953125,-6653.0888671875
train,3689,-7166.1953125,-7035.5947265625
train,302,-3552.760009765625,-3357.8681640625
train,2501,-3211.010009765625,-3904.085693359375
train,4706,-9065.650390625,-8854.2294921875
train,3566,-686.60595703125,-490.982666015625
train,1115,733.046142578125,327.149658203125
train,1111,-2554.64208984375,-1896.349853515625
train,717,-8378.72265625,-8437.8759765625
train,3397,-2541.697021484375,-2447.74658203125
train,2303,-4166.2568359375,-3725.3076171875
train,882,-7565.73876953125,-7466.4560546875
train,5797,-679.806884765625,-432.36474609375
train,6230,-3002.37109375,-2749.456787109375
train,2866,-4667.1591796875,-4531.52294921875
train,5342,-2602.1640625,-2854.983154296875
train,297,-7685.0400390625,-7540.287109375
train,5663,-2531.3798828125,-2481.8251953125
train,1886,-3667.365966796875,-3529.243896484375
train,5272,-7937.1728515625,-7510.8095703125
train,111,-1882.2921142578125,-1655.7989501953125
train,358,-6078.71484375,-6482.0302734375
train,3731,-2284.6767578125,-2854.758544921875
train,2585,-2695.340087890625,-2935.72119140625
train,1347,-2331.199951171875,-2319.104248046875
train,3217,-4458.43408203125,-4421.12548828125
train,1831,-2355.361083984375,-2616.962646484375
train,1710,-5788.16796875,-5860.5947265625
train,1090,-2527.4599609375,-3340.923828125
train,4644,-1788.1890869140625,-1622.1573486328125
train,5511,-7409.35205078125,-7255.5908203125
train,4199,-5181.08203125,-5193.52734375
train,5823,-8820.6826171875,-8842.2841796875
train,5718,-4892.90185546875,-4882.36376953125
train,3987,-4073.533935546875,-5211.6201171875
train,6458,-6801.1337890625,-7208.01025390625
train,5194,-5174.173828125,-4967.052734375
train,833,-365.68603515625,-404.2041015625
train,2803,-2314.655029296875,-2469.375732421875
train,2191,-1391.861083984375,-1025.448486328125
train,2919,-2620.048095703125,-2987.093994140625
train,5716,-3505.326904296875,-3283.798583984375
train,4480,-3141.22802734375,-3251.06982421875
train,1320,-6828.93115234375,-6738.8369140625
train,579,-5881.326171875,-5666.712890625
train,4246,-3676.947998046875,-3122.6611328125
train,1928,-5929.52978515625,-5973.49462890625
train,218,1983.572021484375,2068.723388671875
train,5701,133.06005859375,126.446044921875
train,2490,-3101.198974609375,-3066.167236328125
train,5896,185.9580078125,-63.4052734375
train,2117,-1301.756103515625,-1253.5439453125
train,1829,-1597.306884765625,-1612.1395263671875
train,4200,-1015.177001953125,-800.587158203125
train,2364,-3425.759033203125,-3606.865234375
train,3141,-3860.844970703125,-3962.5947265625
train,2792,-4414.3798828125,-4806.87353515625
train,1076,-8527.96484375,-8388.5029296875
train,3662,-6342.658203125,-6040.81591796875
train,6087,-237.955078125,-208.59228515625
train,5043,238.843017578125,117.098876953125
train,1741,-3787.635009765625,-3568.9267578125
train,1016,-6468.375,-6455.7919921875
train,6297,-1450.594970703125,-1472.03125
train,334,-8843.8447265625,-8862.552734375
train,1130,-4052.580078125,-4241.1328125
train,2038,-1969.282958984375,-1742.628662109375
train,4695,-6309.033203125,-6088.005859375
train,2279,-3789.30810546875,-3788.940185546875
train,3113,-7327.2451171875,-7936.9384765625
train,3696,-9744.5595703125,-9678.2099609375
train,5165,-1422.661865234375,-1988.528564453125
train,6001,-4782.8232421875,-4506.06982421875
train,1619,-4080.0390625,-4535.728515625
train,3322,-2730.77099609375,-2937.384765625
train,5110,-5885.6572265625,-5722.44921875
train,2025,-4320.22998046875,-4637.40478515625
train,2078,-3762.388916015625,-3452.968017578125
train,1814,-2000.678955078125,-1721.98388671875
train,3770,-2155.7900390625,-2174.287109375
train,4128,-7312.658203125,-7088.482421875
train,6442,-1213.64697265625,-1216.87451171875
train,4434,-2173.2880859375,-2010.7607421875
train,3549,-68.260986328125,-191.95947265625
train,2192,-5941.22119140625,-5649.54296875
train,5218,-2451.4208984375,-2307.217041015625
train,664,-4635.1201171875,-4596.12158203125
train,394,-3728.43603515625,-3831.514892578125
train,1845,1709.000244140625,1969.082275390625
train,4605,-8606.4736328125,-8548.0615234375
train,6548,-7411.51708984375,-7630.7158203125
train,2958,-5272.94921875,-4885.66064453125
train,2839,-3737.85302734375,-3965.993896484375
train,3997,639.374267578125,296.0546875
train,5943,-4566.18017578125,-4583.736328125
train,5612,-5273.9169921875,-5726.3505859375
train,1846,-4602.03076171875,-4394.5947265625
train,3688,-1265.927001953125,-1630.9453125
train,6279,-4544.26708984375,-4607.4951171875
train,3351,-9570.6064453125,-9580.212890625
train,3918,-1716.072021484375,-1996.7135009765625
train,3846,-3502.592041015625,-3285.862548828125
train,3378,-4430.6298828125,-4523.53564453125
train,3936,-2996.447021484375,-2817.0380859375
train,1610,-1217.767822265625,-1684.257568359375
train,5367,-5497.47119140625,-5749.3486328125
train,1369,-4349.1669921875,-4272.6484375
train,2495,-6724.1767578125,-6114.6533203125
train,6310,-4763.03515625,-4574.6962890625
train,1482,-1909.198974609375,-1886.1446533203125
train,1893,-4330.2890625,-4225.89697265625
train,5661,-6155.7880859375,-6075.82958984375
train,3172,-1914.697021484375,-1946.4921875
train,4335,-4401.9169921875,-4747.2646484375
train,1301,-445.159912109375,-227.161376953125
train,3396,-4615.73779296875,-4742.6640625
train,5850,-5656.05419921875,-5756.78369140625
train,4693,-2807.14404296875,-2501.283935546875
train,2130,-4280.10498046875,-4626.5263671875
train,4424,-5284.69384765625,-4953.02685546875
train,4027,-4640.03076171875,-4646.3115234375
train,3276,506.077880859375,608.552978515625
train,2496,-400.7490234375,-543.851806640625
train,2921,-2802.294921875,-2625.85205078125
train,5248,-6538.59765625,-6268.0751953125
train,4686,-8136.8115234375,-7916.271484375
train,6282,-1167.753173828125,-1731.7996826171875
train,5389,-174.654052734375,-219.007568359375
train,1683,-6682.81494140625,-6633.5654296875
train,3670,-3054.591064453125,-2460.177490234375
train,489,-5215.86279296875,-5454.11962890625
train,4843,-3542.591064453125,-3405.635498046875
train,521,-976.31396484375,-1315.548828125
train,6421,-6031.171875,-6124.9755859375
train,4869,-3515.5830078125,-4151.017578125
train,3236,-3414.18798828125,-3180.69775390625
train,6532,-7588.56005859375,-7591.82861328125
train,6150,-1687.7650146484375,-1597.341064453125
train,1516,-2704.881103515625,-2764.84326171875
train,6066,-6590.326171875,-6367.2333984375
train,6441,-1868.0479736328125,-2178.48291015625
train,2971,-2516.740966796875,-2594.31787109375
train,3573,-3264.56689453125,-3098.82666015625
train,6513,-6119.55517578125,-5906.22021484375
train,460,-5095.7119140625,-4855.7109375
train,2414,-2710.0048828125,-2712.705322265625
train,3882,2042.096923828125,1477.683349609375
train,5242,-4368.51708984375,-4555.16357421875
train,1721,-5616.38818359375,-5687.81298828125
train,0,-3266.0380859375,-3322.564453125
train,4507,888.934814453125,804.831787109375
train,4664,-5111.2158203125,-5135.10400390625
train,3482,-6044.2060546875,-6030.1884765625
train,6405,-4496.10400390625,-4262.0615234375
train,3871,-3124.14501953125,-3452.682373046875
train,3053,-3226.032958984375,-3230.853271484375
train,3913,-4788.73193359375,-4826.9365234375
train,3046,-3855.43994140625,-4265.61474609375
train,5550,-5417.2109375,-5828.87646484375
train,1184,-4429.0361328125,-4296.71630859375
train,5628,-2297.52880859375,-1991.4593505859375
train,2334,996.181884765625,948.127197265625
train,4955,-7785.1103515625,-7598.9775390625
train,3660,-1930.5059814453125,-1088.546875
train,6414,-3072.322021484375,-3375.72509765625
train,4580,-5356.98779296875,-5244.38525390625
train,1768,-5759.77783203125,-5877.9853515625
train,4339,1303.473876953125,1208.697509765625
train,4665,-4360.48583984375,-4049.198974609375
train,5366,-5736.3291015625,-5583.6904296875
train,6029,-1513.651123046875,-1373.3818359375
train,2208,-7096.2080078125,-6987.4453125
train,588,-3610.096923828125,-3791.734375
train,4973,-2140.0029296875,-2366.549072265625
train,4213,-3597.47802734375,-3577.885986328125
train,20,-2207.114990234375,-2175.0634765625
train,5527,-3603.35107421875,-3417.990966796875
train,3095,-5349.240234375,-5458.578125
train,4895,-2028.5240478515625,-1859.63134765625
train,6505,-3886.885009765625,-3956.7021484375
train,2020,1950.857177734375,1947.383056640625
train,3808,-5973.47705078125,-5742.982421875
train,5596,-5869.037109375,-6077.9755859375
train,1006,-3231.31689453125,-3249.526123046875
train,179,-4094.035888671875,-4225.33837890625
train,189,-3743.278076171875,-3894.381591796875
train,3318,-2610.27490234375,-2701.53369140625
train,1851,-3117.240966796875,-3298.122314453125
train,4898,-6318.44287109375,-6508.7705078125
train,2912,-1713.5350341796875,-1798.0975341796875
train,5875,-2847.319091796875,-3027.07080078125
train,852,179.416015625,-15.928466796875
train,2695,-3224.56396484375,-3471.59912109375
train,44,-3808.22607421875,-4044.2265625
train,4967,-3851.468017578125,-3989.1083984375
train,4479,-240.63720703125,-326.1650390625
train,25,-2900.9580078125,-2751.02587890625
train,1061,-6474.5859375,-6027.0439453125
train,4156,-3546.85107421875,-4060.487060546875
train,5918,-1423.721923828125,-908.2578125
train,3497,-3842.590087890625,-3778.472900390625
train,2653,-4266.5380859375,-4557.00634765625
train,4824,-3606.68408203125,-3351.33544921875
train,391,-5607.48193359375,-6122.00927734375
train,4730,-5250.6669921875,-5424.03662109375
train,1739,-313.252197265625,-414.598876953125
train,5503,-4329.31005859375,-3686.312744140625
train,5186,-1852.010009765625,-1769.7830810546875
train,3663,-1824.23095703125,-2352.592529296875
train,6521,-6437.39013671875,-6791.72021484375
train,3146,984.284912109375,836.146728515625
train,340,-7547.0380859375,-7095.8623046875
train,5978,2024.376220703125,1752.958251953125
train,3195,-6396.44189453125,-6365.646484375
train,6470,-5872.51123046875,-5922.58154296875
train,5198,-636.916015625,-766.44384765625
train,3658,-6108.61083984375,-5706.6923828125
train,875,-2357.506103515625,-2364.26513671875
train,5154,-2956.85009765625,-3024.179443359375
train,2268,-4707.923828125,-4651.439453125
train,1426,-5366.39990234375,-5321.56494140625
train,2152,-2397.657958984375,-2327.9970703125
train,5920,-5205.5859375,-4748.9716796875
train,3640,-5792.3837890625,-5635.396484375
train,2689,-84.158935546875,-13.5595703125
train,5514,3120.657958984375,3191.092041015625
train,727,-6118.89306640625,-6062.53759765625
train,2099,-653.05908203125,-1116.416748046875
train,590,1922.885498046875,1987.768798828125
train,4157,-3672.89990234375,-3453.33251953125
train,2062,-5024.6748046875,-4778.90478515625
train,5320,-5309.951171875,-5147.4326171875
train,3828,-4217.2822265625,-4303.2841796875
train,595,-3331.635009765625,-3400.634521484375
train,3213,-6833.3818359375,-6984.517578125
train,2416,-4637.77197265625,-4504.98291015625
train,4534,1864.597900390625,1828.893310546875
train,790,-889.794921875,-1004.18359375
train,4372,-3756.693115234375,-3943.494384765625
train,136,-4757.8330078125,-4426.0478515625
train,931,-5585.0341796875,-5523.61767578125
train,1500,-5654.35498046875,-5439.0302734375
train,2948,-2107.033203125,-2092.216796875
train,4762,-4482.01806640625,-3998.110595703125
train,4449,-2693.01904296875,-2815.94384765625
train,1555,-2843.094970703125,-2533.74169921875
train,3588,-3297.31591796875,-3411.400390625
train,3529,-3493.242919921875,-3340.13720703125
train,3623,-2957.757080078125,-2865.02001953125
train,1908,-3458.93896484375,-3703.2607421875
train,1687,-985.489013671875,-929.322509765625
train,2807,-2184.10498046875,-2534.5546875
train,1153,-2068.199951171875,-2207.845703125
train,4350,-2785.509033203125,-2579.13525390625
train,2119,-2888.9970703125,-2937.806396484375
train,471,-4451.97705078125,-4011.5322265625
train,3478,-3448.160888671875,-3289.046875
train,1931,-3646.0390625,-3928.212890625
train,1108,-4291.8759765625,-4281.3310546875
train,2510,-1559.344970703125,-1968.14453125
train,1871,-1585.470947265625,-1497.812744140625
train,171,33.31396484375,-274.344482421875
train,6484,-5773.56103515625,-5863.9033203125
train,5494,-11430.83203125,-11643.3134765625
train,6476,-2682.718994140625,-2864.724853515625
train,1216,1452.303955078125,1061.744384765625
train,2957,-2955.2041015625,-2863.657958984375
train,1614,-3051.365966796875,-2951.653564453125
train,899,-3508.344970703125,-3240.225830078125
train,5667,-1943.2879638671875,-1799.9188232421875
train,5728,-1871.7899169921875,-1674.707275390625
train,694,-3890.30908203125,-3911.08544921875
train,2315,-6662.5380859375,-7015.42529296875
train,4234,-2958.633056640625,-2648.381591796875
train,1553,-5118.56298828125,-5004.353515625
train,618,-2036.43798828125,-2758.12890625
train,1581,-4284.10888671875,-4576.3095703125
train,5190,-2428.761962890625,-2664.9208984375
train,3343,-5325.8779296875,-5321.103515625
train,6219,-3155.699951171875,-3247.8974609375
train,4671,-2963.322998046875,-3145.5185546875
train,5098,-5685.26220703125,-5654.44482421875
train,3420,-2955.385986328125,-2850.72998046875
train,5935,-4057.97412109375,-3556.8359375
train,566,-3089.787109375,-2481.20947265625
train,858,-6859.3125,-6654.9697265625
train,2568,-5475.22314453125,-5726.5146484375
train,2666,-5053.419921875,-4756.17822265625
train,5417,-6716.166015625,-6680.873046875
train,4324,-2669.947021484375,-2871.23876953125
train,6221,335.209228515625,522.118408203125
train,1510,-1615.3310546875,-1462.807861328125
train,673,-3580.302978515625,-4093.463134765625
train,1577,-3620.160888671875,-3924.08837890625
train,753,-832.200927734375,-1009.3154296875
train,1425,-8471.828125,-8449.2802734375
train,2591,-2360.14306640625,-2233.431884765625
train,1603,-7196.81982421875,-7001.01171875
train,3443,-2300.529052734375,-2220.0107421875
train,5507,-4207.2509765625,-4409.59814453125
train,493,-6635.4697265625,-6448.1591796875
train,4332,-1985.678955078125,-2191.12548828125
train,824,-3014.318115234375,-2949.099365234375
train,6516,-122.22998046875,567.795654296875
train,3290,-4854.1650390625,-5222.673828125
train,4726,-4356.68408203125,-4468.70947265625
train,1360,-4542.27978515625,-4413.29541015625
train,4117,-4512.708984375,-5027.4931640625
train,2598,-8065.75,-7850.0
train,3198,-6511.81005859375,-6501.36474609375
train,4365,-4590.4267578125,-4369.5927734375
train,6215,-10266.103515625,-10314.96875
train,4777,-412.167724609375,-416.808349609375
train,5583,-4404.2021484375,-3954.97314453125
train,3891,-4565.9189453125,-4598.5322265625
train,1091,-1838.6739501953125,-1772.841796875
train,2252,-3312.220947265625,-3188.431640625
train,4643,1343.533935546875,1371.902099609375
train,4388,-5053.6650390625,-4627.4150390625
train,1754,468.992919921875,259.4990234375
train,1530,-2791.4990234375,-2852.08740234375
train,1370,-6310.509765625,-6383.9052734375
train,2994,-4978.046875,-4737.21337890625
train,6377,-7712.57177734375,-7971.4951171875
train,2552,-7208.171875,-7077.74755859375
train,4600,-1908.5799560546875,-1847.84228515625
train,2877,-833.235107421875,-378.677734375
train,1571,-338.723876953125,-140.307373046875
train,1454,-3549.659912109375,-2971.259033203125
train,3711,-4191.9091796875,-4140.916015625
train,5534,-3933.360107421875,-4028.452392578125
train,741,-2172.779052734375,-2293.791748046875
train,4841,14.9580078125,-198.719970703125
train,959,-5406.51708984375,-5499.62060546875
train,2540,-1104.8740234375,-1035.22900390625
train,6486,-9828.810546875,-9641.0166015625
train,6525,-4267.46484375,-4334.2919921875
train,2944,-4270.60986328125,-4143.6650390625
train,698,-2503.587890625,-2365.055908203125
train,5370,-2952.10888671875,-2848.2216796875
train,4103,189.073974609375,184.627197265625
train,4177,-5174.39013671875,-5264.12890625
train,4222,-3991.264892578125,-3989.09130859375
train,306,-5253.701171875,-5629.35595703125
train,259,-4216.4580078125,-4478.87744140625
train,3902,-2235.740966796875,-2111.892578125
train,6224,-4881.89990234375,-4949.609375
train,3593,-771.45703125,-604.26953125
train,561,-327.81298828125,-214.198974609375
train,3735,-3045.660888671875,-3153.0283203125
train,2832,-10971.4697265625,-10745.4716796875
train,2101,-4055.406005859375,-4026.760498046875
train,6540,-5580.34814453125,-5815.2734375
train,4680,-2263.79296875,-1808.941162109375
train,2494,-2480.06396484375,-1713.4110107421875
train,5787,-4075.010009765625,-4192.2958984375
train,2462,-4276.01318359375,-4174.0654296875
train,6392,-2877.10791015625,-3066.25439453125
train,2281,368.674072265625,275.703125
train,197,188.946044921875,491.227783203125
train,335,-5658.44189453125,-5964.6865234375
train,380,-892.547119140625,-1072.921142578125
train,200,-3563.8291015625,-3564.62451171875
train,4799,-2565.44091796875,-2214.14794921875
train,187,-256.741943359375,-870.50341796875
train,3037,-2828.868896484375,-3318.283203125
train,4528,-3035.7109375,-2941.6533203125
train,5015,-5733.88623046875,-5860.12158203125
train,1544,2469.700439453125,1599.907470703125
train,4743,-5810.8310546875,-5834.1826171875
train,4252,-5521.0732421875,-5453.078125
train,3657,-3436.19189453125,-3555.715576171875
train,5131,-2633.06005859375,-2072.80322265625
train,3524,-4676.6162109375,-4185.45751953125
train,3611,-3019.491943359375,-2867.190673828125
train,4108,-7839.8310546875,-8225.546875
train,648,-6351.51611328125,-6490.46875
train,6179,-7900.8974609375,-7480.35888671875
train,6301,-2652.989013671875,-2097.8916015625
train,5967,-4674.9970703125,-4794.91064453125
train,1162,-3658.777099609375,-3797.07763671875
train,4318,-9972.345703125,-10195.41796875
train,1883,-3346.554931640625,-3315.88037109375
train,934,-5434.73486328125,-5519.083984375
train,1453,-3568.1201171875,-3649.005615234375
train,3728,-397.824951171875,-584.614990234375
train,5607,-119.622802734375,-533.688720703125
train,2387,685.519775390625,588.877685546875
train,542,-2650.25390625,-3134.968505859375
train,4669,-6104.31591796875,-6161.5390625
train,2369,-6128.14013671875,-5917.66552734375
train,4714,-3701.06298828125,-3659.004150390625
train,2426,-837.201171875,-1126.48193359375
train,4951,-2167.407958984375,-2813.37353515625
train,1848,2227.470458984375,1786.432861328125
train,1501,-2624.81298828125,-2682.647216796875
train,5633,-3837.9580078125,-4087.3701171875
train,3782,-7574.18701171875,-7781.8056640625
train,3509,-2960.89111328125,-2922.2333984375
train,1541,-4397.43701171875,-4266.685546875
train,3377,-4616.89990234375,-4780.9697265625
train,5966,-7231.0390625,-7823.119140625
train,2122,-4535.5849609375,-4578.2490234375
train,5879,-5577.5087890625,-6286.95166015625
train,4162,-712.550048828125,-883.980712890625
train,2306,-3044.5400390625,-3004.72900390625
train,5249,-2675.9599609375,-2872.8896484375
train,6545,-2566.87890625,-2494.56884765625
train,4268,-5135.6201171875,-4816.3671875
train,2753,-5051.52001953125,-4435.10888671875
train,1442,-3683.66796875,-3890.890869140625
train,1169,60.035888671875,-16.486572265625
train,5664,-2924.259033203125,-3018.942626953125
train,5477,-8626.71484375,-8102.3623046875
train,606,-3256.48095703125,-3181.64111328125
train,3776,-3893.375,-4298.38623046875
train,1497,-2756.8720703125,-3065.34423828125
train,533,-1186.010986328125,-1129.73876953125
train,1316,-2045.02099609375,-2166.357666015625
train,4092,-6713.22216796875,-6811.53759765625
train,5397,-3643.7939453125,-3529.176025390625
train,4115,-4620.828125,-4301.9521484375
train,4055,-8434.962890625,-8834.61328125
train,363,-5151.77392578125,-5273.2578125
train,5876,-3560.389892578125,-3442.91064453125
train,6233,-4025.47509765625,-3802.818115234375
train,5559,-1050.98974609375,-1048.971923828125
train,524,-1908.1619873046875,-1954.8756103515625
train,1154,-950.583984375,-685.974853515625
train,5062,-4549.8359375,-4903.9404296875
train,3600,-1031.93359375,-1318.506591796875
train,3625,-4869.73583984375,-4822.30126953125
train,2088,-2107.8291015625,-1808.6124267578125
train,1536,-1246.388916015625,-1125.40869140625
train,3070,-4768.3369140625,-4498.841796875
train,5021,-3910.52587890625,-3171.37548828125
train,613,-1674.4019775390625,-2317.6142578125
train,3228,-6074.91015625,-6157.13671875
train,2612,-2186.85205078125,-2079.08837890625
train,1787,-3193.132080078125,-3111.988525390625
train,811,-5387.8427734375,-4917.162109375
train,23,-1562.964111328125,-1751.992431640625
train,410,928.889892578125,1107.720458984375
train,3914,-5233.26611328125,-5302.8837890625
train,1724,-559.68603515625,-669.43310546875
train,1398,-3634.22509765625,-3512.789306640625
train,3694,-4548.15185546875,-4656.95361328125
train,5476,-4194.87109375,-4292.54443359375
train,4374,-3988.81201171875,-4252.44091796875
train,193,645.034912109375,833.925537109375
train,2891,-1391.56005859375,-2046.9920654296875
train,4670,-8352.6845703125,-8799.4189453125
train,1344,-8963.7783203125,-8813.328125
train,1977,-8077.0673828125,-7843.662109375
train,4068,-6736.72998046875,-6972.52734375
train,6305,-5465.85302734375,-5530.884765625
train,716,-2393.60791015625,-2287.68603515625
train,4334,-5632.85498046875,-6145.6728515625
train,2055,-4281.009765625,-3984.22802734375
train,3698,-209.927001953125,192.724853515625
train,4429,-3563.493896484375,-3340.380615234375
train,4208,-5777.2939453125,-5528.4736328125
train,295,-3576.035888671875,-3765.331298828125
train,5688,-2601.034912109375,-2434.7685546875
train,2756,-4629.48388671875,-4915.66943359375
train,4139,1054.492919921875,808.721435546875
train,5211,-1058.892822265625,-1099.947265625
train,4420,3491.350341796875,3561.447021484375
train,4413,-5819.158203125,-5973.4580078125
train,1387,-3431.333984375,-3217.00537109375
train,397,-4706.15576171875,-4422.93505859375
train,14,-5928.80419921875,-5839.57080078125
train,6228,-8079.150390625,-8115.080078125
train,445,-780.223876953125,-652.565185546875
train,3426,-3432.27099609375,-3175.639404296875
train,1192,425.31396484375,418.201171875
train,4293,-1479.360107421875,-1761.4114990234375
train,3303,1011.917236328125,839.463623046875
train,5891,-6691.31494140625,-6804.482421875
test,4911,-3056.14892578125,-3062.26171875
test,2478,-1943.666015625,-2031.5472412109375
test,3912,-7936.3349609375,-8184.5126953125
test,5213,-551.247314453125,-463.216552734375
test,4401,-5819.32080078125,-6547.97802734375
test,2356,-871.23095703125,-787.468017578125
test,6393,-2198.077880859375,-2543.855224609375
test,4187,-6498.52392578125,-6704.96240234375
test,5423,-1453.3310546875,-1337.001953125
test,1368,-5761.8837890625,-5954.4248046875
test,1210,-2800.95703125,-3039.496337890625
test,1424,-4440.9990234375,-4160.775390625
test,1319,-3268.387939453125,-3139.52978515625
test,1600,-5174.2509765625,-5507.62109375
test,467,-2297.906982421875,-2335.4677734375
test,2812,-5259.05517578125,-5071.1767578125
test,508,-2917.64306640625,-2569.517578125
test,2358,-1684.0489501953125,-1308.1572265625
test,1197,-3286.68701171875,-3601.18603515625
test,4074,-7301.77734375,-6866.0166015625
test,2804,-5527.123046875,-5570.9462890625
test,3984,-8715.5283203125,-7940.0947265625
test,76,-1551.386962890625,-2049.50439453125
test,4527,-6830.84912109375,-6446.94140625
test,520,-4410.77783203125,-4203.6904296875
test,2908,-5964.208984375,-6411.515625
test,4149,-5881.294921875,-6067.158203125
test,62,-5026.0732421875,-5666.62255859375
test,33,-1801.6650390625,-1980.49267578125
test,1474,-4364.23388671875,-4361.68359375
test,2662,-4561.85009765625,-4630.12353515625
test,1317,-3561.4599609375,-3779.9716796875
test,3641,-8961.9072265625,-9003.501953125
test,1295,-4268.162109375,-3819.3759765625
test,2604,-7700.30859375,-7461.767578125
test,4309,-8820.21484375,-8826.5283203125
test,4050,-2509.43994140625,-2432.154296875
test,1159,-6660.14404296875,-6517.63720703125
test,2,-4394.05712890625,-4485.24560546875
test,3587,-6381.8662109375,-6308.0791015625
test,5181,-964.906982421875,-1365.55810546875
test,1080,-4727.46484375,-4220.8603515625
test,2380,-2346.990966796875,-2635.018310546875
test,2075,-1164.9189453125,-1356.578857421875
test,5859,-1344.017822265625,-1418.578369140625
test,5672,-1805.9210205078125,-1443.43017578125
test,474,-730.9970703125,-1019.550537109375
test,6209,-1160.278076171875,-1183.94677734375
test,4060,-4979.5009765625,-5081.2958984375
test,4090,-5965.81005859375,-5673.64453125
test,5157,722.728759765625,491.162353515625
test,3229,-7403.89306640625,-7113.001953125
test,3279,-5357.509765625,-5315.93798828125
test,1990,-630.56396484375,98.499755859375
test,5440,-116.97900390625,-246.469482421875
test,1336,-3409.450927734375,-3259.022216796875
test,4153,-7838.5029296875,-7322.1689453125
test,924,-13295.8232421875,-13450.181640625
test,4135,-7972.8720703125,-7838.2021484375
test,4696,-1895.1058349609375,-1991.3165283203125
test,5427,8.76708984375,-274.298828125
test,4601,-7961.6826171875,-8210.7431640625
test,5712,-740.530029296875,-948.248779296875
test,6073,-2894.864013671875,-2528.94384765625
test,6115,-3088.10498046875,-2664.73681640625
test,647,-2381.4541015625,-2046.232666015625
test,1432,-6205.81982421875,-5598.24609375
test,5678,-2011.2139892578125,-2393.57666015625
test,1817,518.205810546875,207.29052734375
test,2320,-5386.43701171875,-5336.2626953125
test,4685,-3876.39501953125,-3955.2626953125
test,1479,-4941.39013671875,-4982.25439453125
test,4191,-6552.39453125,-6605.2578125
test,2737,-5764.77001953125,-5829.384765625
test,2267,-4121.0,-4457.25537109375
test,3523,-3892.344970703125,-3858.19091796875
test,2245,-3035.449951171875,-3351.07568359375
test,605,-3500.68310546875,-3541.2548828125
test,5746,-1630.4659423828125,-1712.294189453125
test,6534,-2033.7020263671875,-2567.4736328125
test,711,-2242.205078125,-1972.7540283203125
test,1797,-401.10205078125,-171.5576171875
test,4571,-4938.76220703125,-4581.47265625
test,6483,-4298.837890625,-4133.7890625
test,6311,444.8291015625,469.477783203125
test,2856,-2768.3369140625,-2389.734375
test,1423,-4521.2421875,-4615.767578125
test,5801,-629.513916015625,-625.242919921875
test,868,-4457.783203125,-4747.4619140625
test,3783,-2249.3720703125,-2210.059814453125
test,243,-6829.34814453125,-6422.4970703125
test,5910,-3592.054931640625,-2962.38232421875
test,5243,-663.239013671875,-802.971435546875
test,4603,-6901.72900390625,-7551.83984375
test,110,-5374.5087890625,-5114.85546875
test,1629,-4045.322998046875,-3909.15478515625
test,923,-12388.7578125,-11963.8955078125
test,3364,-3704.77099609375,-3632.496337890625
test,5860,-787.575927734375,-1108.828125
test,5831,329.496337890625,797.991455078125
test,5864,-2629.2119140625,-2148.87158203125
test,4722,-4268.85693359375,-4756.6015625
test,5846,-964.998779296875,-1086.26318359375
test,2785,-6753.43896484375,-7165.62890625
test,1488,-3861.18505859375,-3486.268310546875
test,571,-3493.4150390625,-4595.0439453125
test,3325,-6234.72607421875,-6283.896484375
test,2050,-1273.468017578125,-1195.462158203125
test,6261,-1295.635009765625,-1977.564453125
test,4321,-7907.962890625,-7964.4912109375
test,3908,-7663.96923828125,-7410.59912109375
test,2960,-4662.0869140625,-4471.34716796875
test,636,-1931.8731689453125,-2087.581787109375
test,6190,-3192.781005859375,-4303.09130859375
test,2793,-4301.923828125,-3972.7421875
test,2570,-6620.1845703125,-6841.83935546875
test,4553,-4799.9248046875,-4169.546875
test,999,-5883.94287109375,-4868.37744140625
test,1523,-1674.4169921875,-1476.189453125
test,750,-2497.830078125,-2519.79248046875
test,5877,-180.395263671875,396.633056640625
test,2313,-4871.73681640625,-4463.04345703125
test,1971,-3568.7451171875,-3587.138671875
test,6409,-3634.98291015625,-3157.87841796875
test,1156,-4935.90185546875,-5364.0908203125
test,1800,546.237060546875,109.890625
test,5939,-2517.3330078125,-2339.49609375
test,3946,-6847.2119140625,-6721.328125
test,1832,-2238.5009765625,-2321.0556640625
test,2929,-3451.35888671875,-3215.23388671875
test,3001,-3400.14501953125,-3601.259033203125
test,5315,766.524169921875,808.423095703125
test,2541,-4722.22119140625,-4155.04931640625
test,6009,-6074.041015625,-5729.21875
test,3562,-4289.94091796875,-4129.84716796875
test,2801,-5414.2041015625,-5569.06005859375
test,3699,-5562.5400390625,-5839.130859375
test,1838,-3314.6689453125,-2880.802978515625
test,2103,-3013.26611328125,-3634.844482421875
test,5606,-295.049072265625,123.870849609375
test,6249,-53.717041015625,-231.651123046875
test,5713,-1161.795166015625,-1073.701416015625
test,4181,-7513.86376953125,-7245.51171875
test,4780,-3968.93994140625,-3112.59130859375
test,2910,-4673.169921875,-5316.09033203125
test,2549,-4560.22216796875,-4986.5927734375
test,4516,-7171.1318359375,-6928.2138671875
test,5003,-3296.9619140625,-3226.851806640625
test,5431,2236.910888671875,1899.274169921875
test,5035,-777.14892578125,-415.0458984375
test,4383,-7040.330078125,-8084.603515625
test,817,-4208.8681640625,-3904.618896484375
test,3622,-8149.1865234375,-7999.0869140625
test,1079,-3897.85205078125,-3511.5986328125
test,3691,-3578.013916015625,-3579.98681640625
test,3090,-4649.18408203125,-4724.86181640625
test,3609,-6291.14990234375,-6395.6455078125
test,1024,-1668.844970703125,-1482.48486328125
test,4192,-5956.3251953125,-5724.205078125
test,5785,-1371.56396484375,-1451.721923828125
test,5551,-52.18310546875,-149.638916015625
test,6134,-2192.56103515625,-1736.8990478515625
test,6148,-1501.869873046875,-1712.8409423828125
test,1139,-2620.697021484375,-2506.646240234375
test,905,-8418.841796875,-7411.36865234375
test,3739,-8333.1953125,-7780.1953125
test,5457,1527.644775390625,1628.092041015625
test,3898,-4446.1240234375,-5081.130859375
test,5884,-4592.2001953125,-5245.20654296875
test,5594,-1970.8800048828125,-2007.504150390625
test,5039,-2395.924072265625,-2033.025146484375
test,3006,-4736.412109375,-4974.8662109375
test,1125,-5097.5390625,-5222.3154296875
test,808,-3998.910888671875,-3717.186279296875
test,6136,-2002.2581787109375,-1507.23291015625
test,1887,-775.5869140625,-676.552001953125
test,1189,-1894.52783203125,-1932.23779296875
test,4269,-9233.103515625,-8942.0556640625
test,3786,-3185.405029296875,-3516.4658203125
test,4929,-4025.51611328125,-3858.727783203125
test,3816,-6126.30908203125,-5482.26123046875
test,2010,-1614.93603515625,-1384.841796875
test,5018,-3944.264892578125,-3901.0009765625
test,3074,-5726.18798828125,-5919.44921875
test,4925,-5441.6240234375,-4668.533203125
test,2522,-4416.77490234375,-4200.86572265625
test,97,-5871.3291015625,-5881.50830078125
test,112,-5269.09814453125,-4606.89794921875
test,2401,-3178.7490234375,-3120.67529296875
test,4517,-7327.15185546875,-7045.05224609375
test,4801,-2841.64892578125,-3345.05419921875
test,3737,-8356.96484375,-8213.8671875
test,4791,-2927.376953125,-2254.55615234375
test,3083,-4588.8369140625,-4943.42578125
test,484,-1721.4361572265625,-1485.772216796875
test,3725,-8868.421875,-8668.853515625
test,3496,-7527.546875,-7267.2041015625
test,226,-5082.783203125,-4178.4208984375
test,6120,-4566.6337890625,-4505.98193359375
test,2241,-2372.722900390625,-2169.1630859375
test,1640,-8215.7783203125,-7908.4375
test,4728,-4816.9189453125,-4672.525390625
test,3977,-6048.93798828125,-6056.50390625
test,4107,-8392.52734375,-8726.94140625
test,1315,-4851.65478515625,-5109.75048828125
test,2403,-2318.388916015625,-2511.635009765625
test,3742,-6698.5390625,-6384.4052734375
test,5878,-335.980712890625,-486.593017578125
test,688,-3152.948974609375,-3379.2509765625
test,3007,-4898.287109375,-5159.9541015625
test,2116,-1473.81494140625,-1147.75634765625
test,3308,-4049.678955078125,-4362.55078125
test,2012,-2257.11865234375,-1515.546875
test,2923,-2756.2880859375,-3244.794189453125
test,389,-3963.537109375,-4832.07080078125
test,1740,293.845947265625,430.398681640625
test,3114,-1920.8590087890625,-2343.546630859375
test,61,-5066.2509765625,-5380.3642578125
test,988,-2494.660888671875,-2461.6484375
test,5033,-1958.9649658203125,-1599.8975830078125
test,4672,-3427.56591796875,-2644.0390625
test,3836,-5165.23876953125,-5481.7421875
test,128,-3914.595947265625,-4317.90625
test,3101,-5000.740234375,-5063.18115234375
test,3423,-7674.30810546875,-7848.8173828125
test,1954,-3355.881103515625,-3325.10205078125
test,5162,-1341.18701171875,-1582.29248046875
test,3187,-6720.39306640625,-6970.30810546875
test,5536,1745.554931640625,1193.473876953125
test,2562,-5016.134765625,-5170.3994140625
test,2805,-6112.9658203125,-5491.7587890625
test,2577,-8479.396484375,-8318.56640625
test,6155,-2063.3759765625,-2224.79736328125
test,6094,-2132.34912109375,-1967.9005126953125
test,4017,-5083.23291015625,-5132.6240234375
test,6,-5259.9267578125,-4979.71875
test,1995,-421.281005859375,-713.068115234375
test,1292,-2785.27587890625,-3061.703369140625
test,4539,-7122.4150390625,-6780.38427734375
test,5099,-417.536865234375,-551.88232421875
test,1955,-3860.7109375,-3059.796630859375
test,1506,-3617.7958984375,-3624.20458984375
test,4279,-7704.6279296875,-8207.673828125
test,5055,-1743.7989501953125,-1577.443603515625
test,71,-1292.85400390625,-1208.430419921875
test,364,-7403.591796875,-7223.34619140625
test,2649,-3192.364990234375,-3041.59716796875
test,5489,1583.255615234375,1952.720947265625
test,6265,-804.381103515625,-1543.18212890625
test,5246,718.342041015625,1108.609130859375
test,2224,-1705.9840087890625,-1597.9859619140625
test,2525,-3652.45703125,-3620.5048828125
test,229,-4522.84423828125,-4873.1044921875
test,2913,-4184.615234375,-4628.6123046875
test,382,-8002.548828125,-8379.60546875
test,2556,-6698.3486328125,-7369.4013671875
test,3931,-6029.69677734375,-6154.8115234375
test,850,-5667.1669921875,-6767.4326171875
test,881,-7306.1201171875,-7224.8369140625
test,4935,-3846.051025390625,-3759.150146484375
test,1234,-3425.304931640625,-2608.1103515625
test,4407,-5927.06689453125,-5683.5068359375
test,3533,-7531.10498046875,-7472.9443359375
test,3403,-4674.14794921875,-4359.3681640625
test,4979,-3273.444091796875,-3231.72119140625
test,4084,-5487.14892578125,-5482.3427734375
test,3159,-5450.80908203125,-6266.1494140625
test,4053,-5853.5888671875,-5648.94091796875
test,5856,-1729.5830078125,-1363.669921875
test,5658,-3585.590087890625,-3417.55029296875
test,2329,-4524.23779296875,-4669.41162109375
test,5252,-761.319091796875,-1115.435546875
test,388,-4117.97607421875,-4651.4638671875
test,4464,-3804.464111328125,-3658.448974609375
test,426,-3883.222900390625,-3738.794189453125
test,5791,569.071044921875,455.419189453125
test,3551,-3326.162109375,-2893.83251953125
test,583,-3420.760986328125,-3299.953369140625
test,308,-3537.381103515625,-2863.368408203125
test,2168,-1305.922119140625,-1274.57666015625
test,4093,-6105.9951171875,-6071.8525390625
test,4349,-11446.181640625,-11432.1103515625
test,2312,-5170.875,-5099.0673828125
test,2199,-543.480712890625,-1280.6123046875
test,2810,-3591.39990234375,-3982.18212890625
test,5573,2010.400146484375,1066.644287109375
test,6189,-3236.14208984375,-4338.94677734375
test,5990,-2401.697998046875,-2325.313232421875
test,4778,-1700.719970703125,-1579.88427734375
test,3028,-4537.02099609375,-4636.35498046875
test,2696,-6719.55078125,-7121.18212890625
test,2526,-3773.85595703125,-3771.135986328125
test,1907,-2491.632080078125,-2657.929931640625
test,1764,-2258.9189453125,-2403.576171875
test,1311,-3744.18701171875,-3616.9111328125
test,2965,-5816.44384765625,-5113.63916015625
test,1560,-5311.166015625,-5378.10205078125
test,2142,-1484.31201171875,-1521.80029296875
test,5363,-445.302978515625,-394.4697265625
test,4235,-6013.39111328125,-5780.072265625
test,4707,-4323.0087890625,-4656.66796875
test,2319,-5805.97802734375,-5640.94970703125
test,5806,1395.605712890625,1080.394287109375
test,1242,-4979.41015625,-5082.98193359375
test,35,-1661.344970703125,-1874.386962890625
test,4341,-9537.0458984375,-9527.658203125
test,736,-2555.208984375,-1819.5184326171875
test,1202,-3508.14697265625,-3568.9892578125
test,2673,-5726.00390625,-6084.5029296875
test,3894,-6226.80615234375,-6656.02587890625
test,550,-2293.177978515625,-2141.021728515625
test,5542,-1252.182861328125,-1520.570068359375
test,2752,-7983.5556640625,-7881.0595703125
test,1102,-1410.7080078125,-1702.12548828125
test,3331,-4684.37890625,-5178.603515625
test,3219,-4591.4189453125,-3862.358642578125
test,6231,-2548.931884765625,-2558.66357421875
test,4465,-4218.7021484375,-4090.90869140625
test,3538,-3596.035888671875,-4127.20361328125
test,1697,-4529.81494140625,-4294.6640625
test,5843,-1192.904052734375,-489.36083984375
test,3567,-6409.201171875,-6532.38134765625
test,4892,-895.63720703125,-1004.016357421875
test,950,-4740.60595703125,-4661.5888671875
test,5387,-302.3291015625,-265.009765625
test,4871,-822.656005859375,-1605.4322509765625
test,3000,-3455.5439453125,-3833.197998046875
test,5279,-306.674072265625,-766.31982421875
test,1522,-2380.48193359375,-1440.178466796875
test,1974,-2470.43408203125,-2243.3935546875
test,2371,-1583.01904296875,-1437.83837890625
test,3047,-4932.7978515625,-5263.0634765625
test,968,-4282.5087890625,-4912.564453125
test,6133,-2939.93896484375,-2734.1328125
test,970,-3577.635009765625,-3651.185302734375
test,4749,-3907.02197265625,-3717.14013671875
test,1809,-218.0810546875,-524.565673828125
test,4340,-9429.8779296875,-9539.96875
test,1521,-3610.72412109375,-3188.544189453125
test,558,-3064.10888671875,-3242.35546875
test,5558,343.513671875,450.092041015625
test,4035,-6857.8408203125,-6858.97265625
test,5914,-4283.994140625,-3452.781982421875
test,678,-5355.4140625,-5915.64404296875
test,3345,-6019.52783203125,-6179.71875
test,6478,-3872.81103515625,-3812.175537109375
test,6337,1083.931884765625,777.766357421875
test,3334,-5642.73486328125,-5532.76171875
test,4684,-4291.80419921875,-4197.56884765625
test,4120,-8692.455078125,-8665.1513671875
test,3527,-3939.716064453125,-3704.685546875
test,1987,-2105.222900390625,-2109.22412109375
test,6006,-5335.544921875,-5178.60400390625
test,1591,-4192.06396484375,-4528.7412109375
test,891,-5598.10498046875,-6094.27978515625
test,570,-3395.181884765625,-4610.859375
test,574,-2434.199951171875,-2638.529541015625
test,7,-5602.5380859375,-5549.7138671875
test,5759,377.81689453125,935.595947265625
test,4861,-284.496337890625,264.684814453125
test,5636,-471.448974609375,-9.752685546875
test,1562,-6964.08984375,-5830.51611328125
test,2070,-803.659912109375,-317.419921875
test,952,-4094.2060546875,-3754.603271484375
test,4051,-4093.845947265625,-4284.5830078125
test,4023,-6776.93115234375,-6635.44189453125
test,3901,-5172.1982421875,-5563.3134765625
test,4513,-7228.603515625,-6882.79931640625
test,6390,-3354.5390625,-3202.25
test,3384,-6804.93115234375,-6765.63916015625
test,3038,-3770.885009765625,-4036.007080078125
test,3834,-5177.716796875,-5348.16259765625
test,707,-2386.87890625,-2471.0830078125
test,3063,-6779.3408203125,-6835.80224609375
test,3506,-4204.97900390625,-4076.908447265625
test,328,-5701.7939453125,-5583.5107421875
test,4393,-7061.0771484375,-6923.72265625
test,5084,-465.558349609375,-852.55859375
test,6206,-1633.6900634765625,-1625.2716064453125
test,3289,-3333.25390625,-4076.275146484375
test,2961,-5601.6328125,-4824.345703125
test,4873,-730.462890625,-1217.513671875
test,4422,-7668.4921875,-7711.953125
test,5739,-3622.735107421875,-3335.818359375
test,700,623.295166015625,323.559326171875
test,2992,-5026.4189453125,-5280.6328125
test,671,-3214.3330078125,-2228.988037109375
test,374,-6307.43798828125,-6013.74560546875
test,2412,-1903.050048828125,-1728.892333984375
test,3954,-6710.34521484375,-6791.17138671875
test,3844,-6665.1640625,-6986.33056640625
test,1245,-4947.26611328125,-5464.40625
test,447,-1697.6729736328125,-1909.4344482421875
test,5221,220.623046875,-382.680419921875
test,1037,-3133.801025390625,-3156.23974609375
test,3226,-4185.65283203125,-4231.5078125
test,201,-3437.618896484375,-3346.780029296875
test,2991,-4458.39404296875,-4753.2646484375
test,2528,-4186.23193359375,-4601.8740234375
test,6093,-1758.9229736328125,-1620.824951171875
test,3632,-7819.78125,-8142.49609375
test,1631,-3033.87890625,-2978.075927734375
test,2634,-5499.16796875,-5584.8642578125
test,4991,-2788.64697265625,-2746.57470703125
test,5885,-5148.73193359375,-4974.8115234375
test,224,-6181.1171875,-5550.046875
test,2449,-2917.64892578125,-2653.82861328125
test,2941,-4530.07177734375,-4700.0126953125
test,2720,-8954.7353515625,-8999.498046875
test,1123,-4246.47607421875,-4183.8857421875
test,973,-3738.237060546875,-3967.352294921875
test,27,-4352.2529296875,-4517.4306640625
test,5518,4260.98828125,3424.804443359375
test,4022,-7499.42822265625,-7271.8818359375
test,256,-4378.7919921875,-4600.4326171875
test,3576,-3734.94189453125,-4714.2685546875
test,403,-6538.408203125,-6792.1484375
test,3023,-4274.81005859375,-4300.0830078125
test,689,-1506.594970703125,-1981.5509033203125
test,1258,-7847.19140625,-7688.1884765625
test,5842,-675.60302734375,-391.613525390625
test,1567,-7927.5927734375,-7718.56640625
test,3876,-6017.89794921875,-6098.2109375
test,3947,-6771.9619140625,-6746.24365234375
test,3505,-3870.111083984375,-4533.07275390625
test,2250,-3034.12890625,-3294.733154296875
test,360,-5695.46484375,-5892.3662109375
test,5622,-1431.553955078125,-1292.900390625
test,1835,-3457.862060546875,-3712.093017578125
test,5002,-3505.903076171875,-3424.93408203125
test,731,-3936.337890625,-4118.0146484375
test,3238,-4687.09521484375,-4724.96923828125
test,4636,-4626.72314453125,-4262.54052734375
test,4853,-2580.075927734375,-2561.4072265625
test,1863,-1527.97705078125,-1904.93701171875
test,327,-5244.5849609375,-5079.732421875
test,704,-714.591796875,-1286.037353515625
test,1937,-2117.64501953125,-1917.991943359375
test,6028,-3188.882080078125,-2971.164794921875
test,2698,-6949.30712890625,-7020.4765625
test,2546,-4295.61376953125,-4172.14306640625
test,4910,-2698.75390625,-2782.943359375
test,3710,-6135.9619140625,-6034.1591796875
test,842,-5911.7021484375,-6449.67431640625
test,627,-4373.6650390625,-4578.140625
test,2800,-5991.38818359375,-5809.822265625
test,79,-1096.235107421875,-1649.19482421875
test,5490,1057.677001953125,1791.078857421875
test,5359,1314.562744140625,1019.786865234375
test,3357,-4682.97802734375,-4073.24609375
test,4613,-6781.69140625,-6895.84912109375
test,5727,-529.75,-899.292236328125
test,3185,-6728.751953125,-6723.228515625
test,1923,-5414.06494140625,-5521.3037109375
test,3851,-5280.81298828125,-5467.0576171875
test,1310,-3043.111083984375,-3000.620361328125
test,1300,-2792.9619140625,-3312.434814453125
test,3690,-3264.781982421875,-3004.556884765625
test,4678,-1464.43505859375,-1769.070556640625
test,5544,-695.39794921875,-962.691162109375
test,4160,-6294.69580078125,-6076.626953125
test,1094,-2931.35595703125,-2883.27001953125
test,3634,-8216.626953125,-8457.7724609375
test,2430,-1003.31396484375,-1360.795654296875
test,6384,-2508.258056640625,-2569.8154296875
test,827,-2550.221923828125,-2784.6240234375
test,6113,-1925.241943359375,-1592.63818359375
test,4105,-5813.2060546875,-5740.13623046875
test,5464,2365.165283203125,2085.727294921875
test,5010,-3377.884033203125,-3466.3935546875
test,6424,-5903.6259765625,-6205.9267578125
test,299,-5332.59912109375,-5777.42626953125
test,5438,536.745849609375,827.252197265625
test,2677,-2410.26904296875,-2659.550537109375
test,1858,-1385.695068359375,-1210.195556640625
test,958,-4573.47314453125,-4298.3447265625
test,2007,-1763.43798828125,-1816.6016845703125
test,5849,-1495.510986328125,-1474.873291015625
test,6511,-2220.362060546875,-2706.01953125
test,3260,-5714.72998046875,-5695.5654296875
test,6491,-1802.6400146484375,-1888.1654052734375
test,1142,-4522.68212890625,-4590.92919921875
test,5750,-1249.732177734375,-1644.9796142578125
test,5872,-1532.157958984375,-1798.0025634765625
test,3087,-6773.89306640625,-6148.2666015625
test,2366,-2819.988037109375,-2714.45263671875
test,4748,-4079.341064453125,-3863.65478515625
test,4295,-8903.0126953125,-9106.060546875
test,468,-2334.35595703125,-2763.569580078125
test,856,-6929.60107421875,-6808.9296875
test,4836,-2113.139892578125,-1781.2197265625
test,2187,-2278.757080078125,-2025.531982421875
test,6366,-3396.080078125,-2932.845947265625
test,6292,-318.699951171875,-219.73388671875
test,3402,-4165.6669921875,-4626.20166015625
test,121,-2667.510986328125,-3030.432861328125
test,5608,-75.555908203125,486.033935546875
test,1366,-5272.93408203125,-5487.39501953125
test,5645,-2968.012939453125,-3041.80615234375
test,1656,-8722.2939453125,-8718.0517578125
test,3761,-6053.4658203125,-5718.96875
test,5396,1108.087158203125,1218.021240234375
test,1447,-3120.6279296875,-2710.424072265625
test,6232,-2564.427001953125,-2821.11279296875
test,4455,-5622.35888671875,-6023.95166015625
test,6217,-1180.378173828125,-903.114501953125
test,5510,1439.566162109375,1396.235107421875
test,262,-2013.4210205078125,-1748.367919921875
test,5024,-1311.633056640625,-1564.96142578125
test,3929,-7388.97021484375,-7242.17919921875
test,3781,-3429.43310546875,-3277.49072265625
test,1136,-4608.7041015625,-4890.95654296875
test,1547,-4664.873046875,-4717.1708984375
test,4469,-6693.6181640625,-6615.0908203125
test,1751,552.867919921875,988.822998046875
test,1343,-2376.70703125,-2387.29296875
test,1019,-2894.9169921875,-3624.401123046875
test,4832,-2071.672119140625,-2330.732177734375
test,206,-4899.548828125,-4100.02880859375
test,6406,-3621.257080078125,-3773.2958984375
test,2163,86.1259765625,-6.51171875
test,1565,-8387.6796875,-8456.6142578125
test,4437,-5492.615234375,-6355.84228515625
test,814,-3766.60498046875,-3449.881591796875
test,1486,-3347.617919921875,-2751.287109375
test,4617,-5266.7841796875,-5449.9716796875
test,2489,-2136.85009765625,-2107.919189453125
test,2141,-1798.4000244140625,-1892.989501953125
test,5576,1660.154052734375,1139.338623046875
test,1229,-4525.52001953125,-4328.31591796875
test,5969,-3152.970947265625,-3323.846435546875
test,3454,-734.956787109375,-1225.892333984375
test,6226,-2223.4072265625,-2910.26220703125
test,5854,-1774.176025390625,-1335.535888671875
test,2868,-2677.3330078125,-2458.713134765625
test,1805,1148.810791015625,781.515380859375
test,3574,-4219.837890625,-4778.4599609375
test,758,-3067.678955078125,-3314.8896484375
test,4368,-11097.3330078125,-10510.5048828125
test,1579,-5937.47021484375,-6056.2529296875
test,3179,-7015.361328125,-7037.828125
test,2697,-6510.3662109375,-6331.5234375
test,634,-3339.10498046875,-3341.72705078125
test,5407,843.936767578125,252.694091796875
test,3406,-7881.75,-7774.177734375
test,3273,-3764.695068359375,-3606.836669921875
test,3584,-4144.9951171875,-4071.5048828125
test,2258,-4522.7529296875,-4707.96484375
test,5227,-369.383056640625,-295.83740234375
test,822,-2679.860107421875,-3020.78125
test,3580,-3874.555908203125,-4010.770751953125
test,316,-4405.65478515625,-4601.216796875
test,1013,-1425.41796875,-1182.564453125
test,4535,-8204.5341796875,-7943.994140625
test,4317,-7731.97265625,-7679.38671875
test,1193,-2975.047119140625,-2743.665283203125
test,3036,-3147.762939453125,-3402.16357421875
test,3603,-5809.7509765625,-6097.5546875
test,1709,-4127.9990234375,-3779.515380859375
test,5807,272.158935546875,167.162353515625
test,4849,-2515.784912109375,-2136.13623046875
test,6338,1251.850830078125,1127.021240234375
test,4168,-4838.72412109375,-4376.50341796875
test,2378,-2368.261962890625,-1307.931884765625
test,5138,553.087158203125,1169.249267578125
test,4387,-7181.064453125,-7625.2177734375
test,4292,-8751.255859375,-8684.5205078125
test,2897,-4794.19921875,-5163.92578125
test,3751,-9271.5654296875,-9074.349609375
test,4922,-3221.26611328125,-2351.833984375
test,5726,39.41796875,12.361572265625
test,2488,-1734.383056640625,-1696.0467529296875
test,1932,-3906.888916015625,-3459.62548828125
test,2694,-5619.02490234375,-6093.2255859375
test,6277,-1224.947998046875,-1425.1416015625
test,6227,-2447.056884765625,-2723.11279296875
test,1674,-10303.7431640625,-10375.6015625
test,270,-1831.5321044921875,-1930.91650390625
test,1232,-4429.7021484375,-4212.31298828125
test,2560,-6281.61376953125,-6539.44677734375
test,2588,-9160.0810546875,-9474.8271484375
test,6351,-1673.89404296875,-2034.806640625
test,5096,803.431884765625,506.046142578125
test,4336,-11431.77734375,-11672.361328125
test,2169,-2068.14306640625,-1867.8385009765625
test,2336,-2711.35302734375,-2706.903076171875
test,74,-1325.944091796875,-1266.68359375
test,5028,-4466.14111328125,-4381.39111328125
test,1410,-3954.10888671875,-4061.986572265625
test,2617,-7598.3837890625,-7401.58935546875
test,1298,-3953.35205078125,-3970.929931640625
test,3425,-7723.93603515625,-7833.0390625
test,2066,-1491.387939453125,-1418.3515625
test,2450,-2906.221923828125,-2378.903564453125
test,5191,-1712.5009765625,-1156.22509765625
test,104,-3147.73193359375,-3105.73193359375
test,589,-3212.99609375,-3626.0634765625
test,1002,-5099.47802734375,-4999.95703125
test,5000,-3267.05908203125,-2647.171142578125
test,5574,973.811767578125,430.2900390625
test,6013,-5055.77294921875,-4529.10595703125
test,204,-4365.26123046875,-3727.380615234375
test,1484,-4995.751953125,-5104.970703125
test,646,-2037.4239501953125,-1483.22705078125
test,6343,-32.403076171875,-1260.372314453125
test,4188,-6969.48681640625,-6859.587890625
test,1596,-5270.44482421875,-5379.0029296875
test,3528,-3928.30810546875,-4062.67919921875
test,1795,-619.110107421875,-583.7431640625
test,3596,-5653.93310546875,-5113.27783203125
test,3076,-4579.9150390625,-4126.34814453125
test,4260,-8232.50390625,-8344.7412109375
test,2788,-6175.46484375,-5895.23779296875
test,5502,986.484130859375,822.537353515625
test,22,-4816.6259765625,-4442.36328125
test,6375,-2369.241943359375,-2277.679443359375
test,46,-2595.85498046875,-2943.85498046875
test,2608,-7348.9541015625,-7078.48681640625
test,4303,-7194.162109375,-6858.9892578125
test,2276,-5762.15576171875,-6223.8623046875
test,3134,-4003.48291015625,-3505.31982421875
test,4731,-3310.0791015625,-3005.36474609375
test,6057,-2892.924072265625,-2274.18896484375
test,194,-1750.404052734375,-2097.642333984375
test,2964,-5977.9189453125,-5928.9951171875
test,6105,-1338.56396484375,-1640.0889892578125
test,5892,-4318.06201171875,-4748.0859375
test,2457,-1901.8270263671875,-2224.740234375
test,1068,-4322.48291015625,-3679.61865234375
test,4259,-7936.9990234375,-7852.068359375
test,4014,-4098.89306640625,-4464.96826171875
test,4062,-4766.4990234375,-4994.4677734375
test,2671,-4762.26513671875,-4608.4951171875
test,5937,-3450.055908203125,-3475.712890625
test,2201,-661.988037109375,-1109.763427734375
test,1755,-137.1220703125,-632.130859375
test,417,-5854.94287109375,-5577.38916015625
test,4821,-1185.4150390625,-1271.42919921875
test,2830,-2735.842041015625,-2790.0546875
test,5644,-1972.6419677734375,-2016.0367431640625
test,2104,-3340.330078125,-3959.437255859375
test,1902,-1119.08203125,-809.007568359375
test,645,-2474.321044921875,-1670.4744873046875
test,1841,-883.1376953125,-682.244140625
test,4013,-4970.34912109375,-5278.4384765625
test,2207,-3158.4970703125,-3979.605712890625
test,3910,-9022.5048828125,-8690.345703125
test,6258,-2222.01708984375,-1884.10693359375
test,1249,-5884.10693359375,-5673.7587890625
test,3112,-1729.5799560546875,-1703.9066162109375
test,4592,-5506.1171875,-5208.947265625
test,1956,-4436.5078125,-3961.98876953125
test,3254,-2975.76904296875,-3832.1796875
test,5443,-900.639892578125,-665.265625
test,386,-6867.5263671875,-6831.2919921875
test,4966,-2541.387939453125,-1993.5677490234375
test,2754,-6581.88720703125,-6825.49755859375
test,4210,-2624.654052734375,-2976.42919921875
test,6370,-2364.718994140625,-2842.1240234375
test,4622,-5338.8427734375,-5027.3115234375
test,1997,-738.196044921875,-440.742431640625
test,2762,-6714.73486328125,-6486.23828125
test,188,-2462.842041015625,-2388.10546875
test,2966,-5567.75390625,-5857.35888671875
test,2534,-2310.72900390625,-2512.587890625
test,3044,-3978.637939453125,-4230.98876953125
test,4920,-4482.35693359375,-4452.09765625
test,5324,255.340087890625,-105.002197265625
test,1753,907.002197265625,628.153076171875
test,1584,-7930.1181640625,-7655.4208984375
test,4454,-5682.02294921875,-5914.4306640625
test,1878,603.254150390625,459.027099609375
test,1200,-3252.52099609375,-3670.91015625
test,2863,-2331.8681640625,-2578.30615234375
test,5805,1557.819091796875,1694.663330078125
test,1379,-1365.43505859375,-2161.25537109375
test,3651,-7284.56005859375,-7481.5380859375
test,85,-2318.257080078125,-2368.0068359375
test,5395,804.249267578125,609.825439453125
test,159,-4744.51611328125,-4263.84814453125
test,888,-6828.798828125,-6960.35595703125
test,3122,-2009.8690185546875,-2982.68017578125
test,2421,-2472.472900390625,-2984.54443359375
test,2453,-2689.10693359375,-2718.469482421875
test,989,-2794.323974609375,-2643.819091796875
test,5128,-2756.27587890625,-2617.45947265625
test,6520,-2080.23095703125,-2141.939453125
test,5104,1099.631103515625,904.597412109375
test,5530,201.2939453125,216.819580078125
test,5418,-180.94677734375,451.728271484375
test,1734,-1696.26904296875,-1417.458740234375
test,5692,-670.584716796875,-229.71630859375
test,1897,-93.430908203125,73.721435546875
test,801,-6963.06640625,-7107.8896484375
test,620,-3938.803955078125,-4317.98583984375
test,901,-8806.3212890625,-8623.515625
test,5674,-2594.781982421875,-2369.288818359375
test,5348,1665.968017578125,1626.406005859375
test,2137,-1949.682861328125,-1471.613037109375
test,794,-5276.8818359375,-5107.24169921875
test,6546,-2656.39404296875,-2600.279541015625
test,6359,-2700.864013671875,-2679.072021484375
test,4701,-1143.041015625,-1196.299560546875
test,4154,-8198.646484375,-7795.3232421875
test,1556,-5998.98486328125,-5452.16552734375
test,4251,-4408.619140625,-4616.08642578125
test,3009,-5084.0810546875,-5215.837890625
test,5086,211.142333984375,-74.50146484375
test,4367,-10848.826171875,-10437.2099609375
test,3961,-5169.64990234375,-5720.2138671875
test,2080,-1136.986083984375,-1415.08349609375
test,6363,-2860.840087890625,-2251.326171875
test,183,-5198.3310546875,-5080.771484375
test,2700,-8005.18359375,-8120.0302734375
test,2512,-1615.0350341796875,-1826.593505859375
test,478,-2243.571044921875,-1781.5211181640625
test,1448,-3305.156982421875,-3180.15771484375
test,3465,-2929.970947265625,-3466.74609375
test,714,-2100.1708984375,-2157.55078125
test,577,-2225.427978515625,-2319.4990234375
test,6524,-2793.5458984375,-3341.736083984375
test,124,-2744.787109375,-2729.70654296875
test,4155,-7738.9970703125,-7420.853515625
test,375,-6865.45703125,-6764.767578125
test,2102,-2605.868896484375,-3151.900390625
test,4064,-5586.962890625,-5140.5712890625
test,1578,-5267.630859375,-5288.220703125
test,2046,298.302978515625,370.7275390625
test,482,-3076.028076171875,-2484.8115234375
test,3732,-10526.013671875,-9810.5439453125
test,4804,-2650.943115234375,-2710.07421875
test,1233,-4076.368896484375,-4227.818359375
test,576,-2614.02099609375,-2835.791259765625
test,746,-3187.6669921875,-3413.427001953125
test,5932,-4004.636962890625,-4224.6103515625
test,4999,-3842.52587890625,-3274.379150390625
test,597,-3280.759033203125,-3375.03564453125
test,3011,-3292.326904296875,-3656.1162109375
test,1576,-5501.21923828125,-4853.63818359375
test,4928,-4198.5048828125,-4219.34033203125
test,1549,-5120.5830078125,-5115.87060546875
test,6196,-2279.966064453125,-1900.87548828125
test,644,-2921.5859375,-2152.436279296875
test,584,-4254.81201171875,-3680.040283203125
test,650,-3186.51708984375,-3006.71630859375
test,5178,-1387.672119140625,-1228.615966796875
test,5816,722.314208984375,344.741943359375
test,4661,-2604.155029296875,-2836.732177734375
test,5813,-176.6396484375,476.396240234375
test,1569,-6005.09423828125,-5923.4140625
test,5146,-63.514892578125,437.748779296875
test,3487,-4761.02197265625,-4718.36083984375
test,3775,-4580.02490234375,-4452.45166015625
test,3240,-3646.919921875,-3748.953857421875
test,3778,-3587.367919921875,-3798.4296875
test,399,-5339.68701171875,-5457.08251953125
test,6153,-2585.739990234375,-2346.36328125
test,887,-5579.01513671875,-5412.5927734375
test,3330,-5997.30712890625,-5863.3056640625
test,4133,-8976.0859375,-9022.9697265625
test,1827,291.96630859375,-53.080078125
test,3216,-5516.5361328125,-5862.84912109375
test,3721,-8014.0087890625,-7270.5908203125
test,1756,642.193115234375,942.859130859375
test,2236,-968.51904296875,-1017.8984375
test,4233,-5098.1171875,-5168.08349609375
test,4712,-2841.172119140625,-3032.661376953125
test,5841,-713.02392578125,-481.635986328125
test,6040,-3142.217041015625,-3327.18994140625
test,1015,-3718.116943359375,-3919.890625
test,6175,-3117.77490234375,-2786.86962890625
test,5832,341.39892578125,1223.750244140625
test,1942,-1275.802978515625,-2062.7763671875
test,4623,-4783.0458984375,-4957.82666015625
test,351,-7385.59716796875,-6958.35205078125
test,5294,700.041259765625,1081.575439453125
test,1515,-3848.989013671875,-3795.332275390625
test,205,-4754.826171875,-4403.6435546875
test,1179,-2653.31005859375,-2894.64404296875
test,6320,-746.5146484375,-608.774169921875
test,5690,-805.761962890625,227.3837890625
test,4655,-3046.160888671875,-3308.0546875
test,3221,-3840.56103515625,-3907.4287109375
test,3472,-3445.8740234375,-3464.55078125
test,5627,-2602.64892578125,-2519.29248046875
test,3681,-6297.5009765625,-6301.94287109375
test,4666,-4602.68896484375,-4951.8349609375
test,4307,-9217.7109375,-9225.33203125
test,1952,-1071.52685546875,-1048.982177734375
test,6423,-5258.26708984375,-5850.8349609375
test,6095,-1953.3819580078125,-1636.43017578125
test,294,-5469.19580078125,-5161.07373046875
test,5824,1795.725830078125,1578.674072265625
test,1616,-4363.88916015625,-3811.78564453125
test,5215,-1926.468017578125,-1898.8895263671875
test,1381,-4309.52099609375,-4616.1865234375
test,3494,-6859.044921875,-6608.7041015625
test,2873,-4071.285888671875,-3709.323974609375
test,345,-9319.169921875,-8718.7890625
test,3328,-6096.0380859375,-6203.3603515625
test,1950,-927.50537109375,-623.056884765625
test,2693,-5112.23583984375,-4869.3642578125
test,4883,-2274.0009765625,-2571.4453125
test,145,-3130.01708984375,-3393.375732421875
test,4584,-7866.7666015625,-8142.0302734375
test,562,-3629.158935546875,-3889.825439453125
test,1114,-3679.862060546875,-3225.94775390625
test,2132,-1618.344970703125,-1768.630859375
test,5561,-322.373046875,76.620361328125
test,5889,-3947.74609375,-3767.6875
test,2632,-4914.880859375,-4781.25048828125
test,2156,-5362.505859375,-6111.2216796875
test,2452,-2895.669921875,-2898.295166015625
test,1970,-4163.93896484375,-4265.4189453125
test,5458,986.963134765625,1369.942138671875
test,5188,187.841796875,513.327880859375
test,4347,-10558.107421875,-10728.7333984375
test,5080,-51.44091796875,116.587158203125
test,966,-5308.6650390625,-5983.21826171875
test,2106,-3435.4970703125,-3265.548828125
test,6080,-653.455078125,-1411.432373046875
test,690,-1437.163818359375,-1294.967041015625
test,5829,403.576904296875,412.1435546875
test,3772,-5291.33203125,-5209.3974609375
test,667,-2305.77099609375,-2456.36181640625
test,287,-2873.675048828125,-2934.57666015625
test,6400,-2828.94091796875,-3289.677734375
test,4641,-6166.90380859375,-5900.4677734375
test,2215,-3807.59912109375,-4140.9140625
test,160,-4450.02880859375,-3877.6533203125
test,6253,-3.785888671875,-369.101318359375
test,4903,-4672.15283203125,-4818.87939453125
test,58,-2912.882080078125,-2908.14013671875
test,4558,-5231.35009765625,-5044.25537109375
test,3796,-2649.782958984375,-3006.822509765625
test,1802,841.580810546875,310.0126953125
test,1349,-5058.31689453125,-5356.02587890625
test,5675,-2276.427978515625,-2143.06787109375
test,261,-1925.781005859375,-1879.7742919921875
test,4494,-5065.51708984375,-5501.5302734375
test,5152,1652.822998046875,1777.300048828125
test,190,-1716.3570556640625,-1826.9210205078125
test,764,-5039.3828125,-5468.2861328125
test,2623,-4713.69482421875,-4425.38916015625
test,459,-2490.93505859375,-2362.0322265625
test,3067,-7191.3798828125,-7460.5634765625
test,4258,-8058.6689453125,-8333.0009765625
test,3797,-3140.20703125,-3189.510986328125
test,2853,-4576.83203125,-3738.143798828125
test,2685,-2567.19189453125,-2601.27099609375
test,503,-2634.511962890625,-2527.811767578125
test,1259,-6707.7177734375,-6661.2529296875
test,1023,-2171.6689453125,-2333.109619140625
test,314,-3108.097900390625,-2885.215576171875
test,5413,1223.138916015625,898.833251953125
test,886,-5713.39990234375,-6095.6357421875
test,2917,-999.264892578125,-934.29833984375
test,3610,-7031.36328125,-6985.171875
test,2903,-1218.139892578125,-1396.2685546875
test,2226,-2259.886962890625,-1889.0684814453125
test,1540,-2756.43408203125,-1794.5682373046875
test,5905,-2512.7451171875,-2175.97412109375
test,4462,-4538.701171875,-4474.38134765625
test,1861,-1174.780029296875,-1353.643798828125
test,1253,-6000.69287109375,-5736.45703125
test,1377,-5205.97216796875,-6035.1611328125
test,1732,-2222.1240234375,-2341.32958984375
test,4803,-2239.68603515625,-3083.3515625
test,1836,-3747.330078125,-3997.751953125
test,3537,-3440.633056640625,-3828.541748046875
test,4045,-2457.111083984375,-2913.27783203125
test,4624,-5459.68603515625,-5358.0341796875
test,2607,-6460.4619140625,-5534.37744140625
test,6542,-2266.4599609375,-3021.283935546875
test,2937,-623.342041015625,-565.09521484375
test,2407,-1332.468994140625,-1042.0283203125
test,3161,-5438.041015625,-5658.359375
test,3354,-6247.52294921875,-6457.8447265625
test,2818,-6454.74609375,-6222.15625
test,438,-3140.118896484375,-3260.823486328125
test,3232,-4954.97607421875,-4750.0380859375
test,6300,353.911865234375,-773.385986328125
test,2248,-2769.450927734375,-3281.08935546875
test,4054,-7304.705078125,-6947.603515625
test,1275,-3259.10693359375,-3718.280029296875
test,3589,-5217.02392578125,-4709.30615234375
test,3713,-8298.591796875,-7907.1220703125
test,5161,-1496.317138671875,-1423.767333984375
test,805,-4509.26904296875,-4534.39306640625
test,4391,-7629.69384765625,-7589.29248046875
test,4842,-1678.5069580078125,-1496.1123046875
test,423,-4951.52099609375,-5162.2861328125
test,118,-4506.06298828125,-4534.1123046875
test,6143,-826.77294921875,-841.035400390625
test,5938,-3351.051025390625,-3676.646728515625
test,3129,-3175.407958984375,-3656.5986328125
test,3750,-8095.2568359375,-8284.5615234375
test,2263,-6482.7080078125,-6419.5732421875
test,6365,-3299.083984375,-3197.581298828125
test,5649,-2861.638916015625,-3136.335205078125
test,4150,-5946.533203125,-5701.76953125
test,1885,-466.97705078125,-242.162109375
test,6529,-2784.18505859375,-2607.880859375
test,1214,-4539.43505859375,-3923.166259765625
test,1294,-3428.18505859375,-3575.438720703125
test,5334,500.258056640625,741.400146484375
test,3949,-7454.328125,-7073.728515625
test,446,-1586.56103515625,-2270.21142578125
test,5404,803.898193359375,873.030517578125
test,781,-6337.0126953125,-6516.376953125
test,2642,-2545.321044921875,-2703.103515625
test,2423,-652.882080078125,-1457.307373046875
test,5219,-2037.2288818359375,-2085.5390625
test,3785,-3078.590087890625,-3351.2919921875
test,2686,-3665.695068359375,-3156.4482421875
test,4493,-5405.35791015625,-4745.248046875
test,6107,-2417.114013671875,-1973.367431640625
test,962,-5103.5322265625,-4684.3037109375
test,4416,-5392.796875,-5760.7099609375
test,2294,-5968.22900390625,-6025.64501953125
test,2239,-2121.57080078125,-2537.2314453125
test,3577,-4700.89990234375,-6068.0078125
test,4360,-10490.9921875,-10247.4873046875
test,6403,-2591.93701171875,-2703.662841796875
test,2513,-1728.1910400390625,-1781.7242431640625
test,6469,-3928.1298828125,-3135.3955078125
test,3326,-6091.3251953125,-6297.767578125
test,6182,-3718.60400390625,-4378.5107421875
test,2743,-5458.6748046875,-5727.1181640625
test,325,-5351.81396484375,-5342.88623046875
test,1941,-2142.531982421875,-2488.15234375
test,2529,-3245.823974609375,-4020.227294921875
test,4814,-947.31005859375,-1738.839111328125
test,5640,-2058.419921875,-2203.9375
test,3502,-3714.139892578125,-4279.27392578125
test,5026,-3009.700927734375,-3030.763916015625
test,5382,413.950927734375,541.197021484375
test,2290,-4103.61181640625,-4296.34228515625
test,1669,-7107.64111328125,-7165.76708984375
test,2645,-3166.958984375,-3098.94677734375
test,1775,702.624267578125,651.086669921875
test,987,-2869.277099609375,-3188.9072265625
test,515,-6014.51416015625,-5992.58203125
test,3926,-6418.44287109375,-6414.015625
test,1041,-2297.85888671875,-1732.468017578125
test,6203,-1852.9859619140625,-2328.8349609375
test,6138,-2003.970947265625,-1744.153564453125
test,3558,-4090.909912109375,-4534.4736328125
test,5223,206.994140625,381.441162109375
test,414,-6001.43505859375,-5838.1123046875
test,3847,-6712.97705078125,-6670.91455078125
test,1351,-5289.97314453125,-5978.8408203125
test,2153,-4991.94580078125,-5053.9267578125
test,5011,-4034.0849609375,-4057.722412109375
test,1746,-759.43408203125,-685.74560546875
test,485,-1736.213134765625,-1849.2100830078125
test,4042,-3702.448974609375,-3623.89697265625
test,6419,-4887.81787109375,-4810.84716796875
test,2491,-3428.75390625,-3187.97607421875
test,1810,1933.279541015625,1798.062255859375
test,5034,-1833.3509521484375,-1394.48095703125
test,2275,-4960.05615234375,-4824.1220703125
test,5374,1587.399658203125,1667.521728515625
test,4982,-3060.697998046875,-2317.232421875
test,5137,-2387.826904296875,-2196.177978515625
test,3003,-4557.26220703125,-4166.384765625
test,3096,-5076.35791015625,-4805.28662109375
test,6045,-2686.908935546875,-2952.111328125
test,4451,-5467.42822265625,-5525.1015625
test,5498,242.885009765625,-157.651123046875
test,3595,-5957.22900390625,-5389.37109375
test,4366,-10608.0498046875,-10162.9033203125
test,836,-5821.39599609375,-6087.55029296875
test,5022,-2569.501953125,-3166.849853515625
test,2616,-6135.23388671875,-5675.2802734375
test,6163,-3032.970947265625,-2595.966796875
test,5282,924.364013671875,1697.184814453125
test,6160,-2443.993896484375,-2445.365234375
test,5185,992.002197265625,879.296142578125
test,3358,-4924.47607421875,-4580.3603515625
test,3900,-4625.02197265625,-5168.5771484375
test,2121,-3023.736083984375,-2691.702392578125
test,5195,-2030.7049560546875,-1705.58984375
test,52,-1014.95703125,-972.45849609375
test,5648,-3614.376953125,-3736.666015625
test,3649,-7833.369140625,-7836.689453125
test,5492,1530.373291015625,1712.843017578125
test,3057,-6591.9638671875,-6497.8359375
test,6280,-1637.7828369140625,-1762.25244140625
test,5403,530.501220703125,740.208740234375
test,3807,-6462.1318359375,-5950.8330078125
test,1967,-4894.35205078125,-4447.67236328125
test,3799,-3673.287109375,-3853.119873046875
test,2942,-4772.248046875,-5587.78271484375
test,5793,1208.581298828125,1081.230712890625
test,2622,-5752.60205078125,-5582.5458984375
test,4552,-4157.44580078125,-3436.430908203125
test,2545,-4577.64208984375,-4413.7265625
test,2706,-7959.2568359375,-8020.5859375
test,1173,-2850.39794921875,-2784.4853515625
test,5147,-305.1787109375,-50.14404296875
test,2297,-4941.751953125,-4804.37548828125
test,6011,-6572.73583984375,-6929.001953125
test,830,-2958.840087890625,-3373.89892578125
test,4874,-601.1689453125,-778.5283203125
test,5412,527.396728515625,486.727783203125
test,227,-5001.541015625,-4507.26025390625
test,247,-4769.4970703125,-4619.17529296875
test,2476,-1044.123046875,-1153.431640625
test,2769,-7014.45703125,-6877.169921875
test,1252,-6373.48388671875,-5905.7626953125
test,6272,-1256.721923828125,-2219.3408203125
test,1679,-9593.5732421875,-9483.2626953125
test,2218,-2718.739013671875,-2376.3095703125
test,1824,-18.68505859375,-111.50634765625
test,4390,-7401.98779296875,-7887.044921875
test,1046,-3336.909912109375,-3721.26171875
test,3869,-3733.044921875,-4054.5234375
test,3282,-6691.34521484375,-6511.52978515625
test,2798,-6519.60791015625,-6740.7109375
test,4185,-6228.69921875,-6517.0927734375
test,4757,-2948.2109375,-3206.74462890625
test,1911,-1940.06201171875,-982.04931640625
test,3557,-4070.055908203125,-4521.9833984375
test,5254,-2094.56494140625,-2152.783203125
test,6065,-2328.491943359375,-2192.99267578125
test,2572,-7593.0859375,-8106.23828125
test,2157,-5150.5068359375,-5711.8720703125
test,3139,-3260.80908203125,-3344.447265625
test,494,-4509.40087890625,-5227.439453125
test,3948,-6823.46484375,-7142.607421875
test,6438,-2912.837890625,-3132.19384765625
test,1737,-1923.7669677734375,-1839.005615234375
test,3249,-5385.126953125,-5212.3564453125
test,2882,-3667.362060546875,-3529.169189453125
test,2846,-1726.071044921875,-2182.666015625
test,2648,-3180.216064453125,-3062.6748046875
test,1649,-4959.89404296875,-4383.98388671875
test,5657,-2614.47998046875,-2761.5703125
test,4700,-499.64404296875,-569.8427734375
test,4912,-2766.702880859375,-2705.6044921875
test,1371,-6016.0478515625,-5451.35595703125
test,1513,-4654.0869140625,-4497.5966796875
test,809,-3536.781005859375,-3580.516357421875
test,5976,-4636.4638671875,-4843.3349609375
test,3368,-3509.383056640625,-3238.45703125
test,867,-4775.6318359375,-5273.4765625
test,3484,-3560.580078125,-3819.44287109375
test,5411,194.407958984375,-179.43408203125
test,2229,-3040.952880859375,-3224.673583984375
test,6323,-2165.989990234375,-1875.457763671875
test,5992,-3284.009033203125,-3398.087158203125
test,2635,-6063.39892578125,-6468.111328125
test,5882,-3674.423095703125,-3096.66064453125
test,2170,-2681.388916015625,-2575.97265625
test,948,-4936.96484375,-4786.326171875
test,3477,-2951.177001953125,-3352.62158203125
test,4487,-5683.0478515625,-5797.0751953125
test,2213,-3274.52392578125,-3718.115234375
test,838,-6078.51904296875,-6018.2998046875
test,3281,-6701.2900390625,-6833.9462890625
test,4026,-4205.77978515625,-4710.056640625
test,401,-6628.16796875,-5049.4638671875
test,6140,-1060.156982421875,-756.532470703125
test,3545,-1782.1719970703125,-1608.1158447265625
test,1901,-138.318115234375,250.425537109375
test,149,-3269.819091796875,-3296.408935546875
test,2335,-2386.926025390625,-2691.1279296875
test,3142,-4936.0859375,-4773.630859375
test,5375,186.845947265625,229.803466796875
test,2085,-2643.926025390625,-2712.273681640625
test,4524,-6089.73291015625,-6119.51025390625
test,1742,-733.3681640625,-697.559814453125
test,3066,-7540.427734375,-7770.5478515625
test,4080,-4511.2021484375,-4870.2763671875
test,2817,-7633.41015625,-6744.578125
test,3390,-8520.38671875,-8583.056640625
test,5045,-2105.701904296875,-1916.2515869140625
test,4109,-8670.986328125,-8274.705078125
test,5981,-2198.0400390625,-2820.423828125
test,2775,-4030.89501953125,-4037.8857421875
test,1182,-2649.279052734375,-3204.0498046875
test,95,-4393.548828125,-4105.654296875
test,2894,-5505.416015625,-5721.54345703125
test,2396,-1021.027099609375,-945.100830078125
test,2535,-2112.464111328125,-2215.48388671875
test,5295,383.68994140625,134.82861328125
test,5461,447.273193359375,712.040771484375
test,1117,-2794.98193359375,-2897.056640625
test,5306,-1243.491943359375,-1467.48388671875
test,3056,-6431.60009765625,-6794.28125
test,1287,-3057.925048828125,-3830.88671875
test,2459,-2007.9410400390625,-2839.924560546875
test,1281,-2588.72900390625,-2842.783203125
test,1056,-2468.382080078125,-3269.244384765625
test,2299,-5090.115234375,-4827.39208984375
test,1007,-3759.090087890625,-3733.029541015625
test,3284,-4941.19091796875,-4560.4736328125
test,2836,-2891.219970703125,-2870.95751953125
test,5626,-2126.63818359375,-2210.579345703125
test,4940,-1532.400146484375,-833.867431640625
test,760,-3963.530029296875,-3989.395263671875
test,6097,-858.769287109375,-697.2451171875
test,3921,-5177.5888671875,-5727.9990234375
test,1573,-6126.27587890625,-5828.55908203125
test,5538,-668.923095703125,-566.52294921875
test,6050,-1692.0560302734375,-1213.92333984375
test,3135,-3380.448974609375,-3389.05615234375
test,2318,-5213.1669921875,-5187.564453125
test,3085,-5481.744140625,-5378.89013671875
test,5082,-1687.31201171875,-1806.6766357421875
test,6047,-1314.9560546875,-2682.3828125
test,3991,-8375.2373046875,-8513.1689453125
test,4257,-7924.1689453125,-8211.845703125
test,2440,-2952.6630859375,-3769.144775390625
test,1240,-5565.01318359375,-5516.447265625
test,2255,-2508.073974609375,-2374.335693359375
test,1630,-2854.48095703125,-2377.021484375
test,3757,-6324.81787109375,-6091.154296875
test,1042,-2929.916015625,-3155.519775390625
test,1181,-3076.35302734375,-3159.65869140625
test,4989,-1117.400146484375,-1272.08349609375
test,6349,-2853.033935546875,-1361.8662109375
test,2383,-4446.884765625,-4357.45849609375
test,4554,-4220.67822265625,-3822.08251953125
test,4075,-7193.423828125,-6736.5732421875
test,4172,-6389.55615234375,-6373.6787109375
test,1602,-4501.0478515625,-4694.375
test,1545,-4147.33984375,-4007.7705078125
test,3349,-5179.87890625,-4959.2197265625
test,5630,-2767.656982421875,-3282.79541015625
test,1595,-4201.591796875,-3638.035400390625
test,6487,-3694.839111328125,-3612.718994140625
test,2455,-3048.097900390625,-3095.1123046875
test,1028,-2418.047119140625,-1933.7177734375
test,3166,-1779.4320068359375,-2206.35302734375
test,5601,449.01806640625,342.220458984375
test,4595,-6689.64794921875,-6858.3857421875
test,323,-4914.65380859375,-5212.8232421875
test,93,-1360.093994140625,-1425.9453125
test,4958,-2075.23291015625,-1901.055419921875
test,1408,-4193.4541015625,-4410.4580078125
test,5118,803.604736328125,808.507568359375
test,5459,479.739013671875,764.534423828125
test,840,-5937.33203125,-5628.26123046875
test,5509,906.127197265625,1109.651611328125
test,4660,-2978.65087890625,-3211.42822265625
test,6176,-3085.549072265625,-2497.20654296875
test,4460,-5755.162109375,-5681.20263671875
test,2715,-7606.97509765625,-7909.90625
test,3525,-6332.64990234375,-6132.68408203125
test,4088,-4641.3349609375,-5236.0009765625
test,440,-2510.7939453125,-3128.432373046875
test,4729,-3797.89208984375,-3790.593994140625
test,3299,-5410.171875,-5507.74462890625
test,1393,-3401.6240234375,-3547.976806640625
test,642,-2245.303955078125,-2951.65869140625
test,1900,227.544921875,927.206298828125
test,2500,-5364.93896484375,-4630.27001953125
test,81,-1403.421142578125,-1551.969970703125
test,4916,-2204.62890625,-2159.79150390625
test,432,-4638.1611328125,-4385.48291015625
test,1394,-4585.0009765625,-4703.52294921875
test,2359,-1298.203857421875,-1026.189697265625
test,450,-1601.218994140625,-1774.6568603515625
test,3124,-5989.38818359375,-6122.69189453125
test,5706,313.60595703125,929.785888671875
test,3414,-5524.93310546875,-4696.31298828125
test,1564,-7829.853515625,-7899.0458984375
test,3339,-7036.349609375,-6531.3603515625
test,721,-3156.972900390625,-3047.2607421875
test,6250,-475.073974609375,-248.911376953125
test,1146,-5210.11279296875,-5453.64453125
test,1420,-5674.68408203125,-5900.458984375
test,6550,-1410.533935546875,-2302.1416015625
test,4629,-6538.125,-6392.6787109375
test,2778,-4648.673828125,-4459.6728515625
test,5504,1356.935791015625,1253.964111328125
test,105,-3000.08203125,-2926.60205078125
test,2314,-4956.68994140625,-4124.0234375
test,5467,201.095947265625,-1.211669921875
test,4538,-6170.01513671875,-5983.2841796875
test,978,-2805.508056640625,-3182.89990234375
test,6428,-5809.2470703125,-5703.54541015625
test,6183,-4100.97607421875,-3604.8935546875
test,4435,-6348.68701171875,-6784.2421875
test,5057,-2557.06591796875,-1867.55517578125
test,3475,-2873.404052734375,-3100.22509765625
test,4621,-5822.27490234375,-5459.5107421875
test,2237,-1067.619873046875,-1550.07958984375
test,3884,-5892.10498046875,-6028.23046875
test,732,-3586.972900390625,-3815.5859375
test,5603,-220.20166015625,-173.927001953125
test,5,-5584.98291015625,-4967.58203125
test,1621,-4141.2919921875,-3771.64599609375
test,3504,-3901.617919921875,-5198.4853515625
test,442,-2609.069091796875,-2669.9638671875
test,5449,368.833984375,485.845947265625
test,861,-5302.0419921875,-5300.28466796875
test,5505,1950.324951171875,1879.999755859375
test,5452,840.527099609375,1114.489501953125
test,1383,-7077.71923828125,-6501.06640625
test,5624,-1005.0,-1514.932373046875
test,5420,-23.74169921875,250.215576171875
test,3447,-4618.92822265625,-5203.44970703125
test,3186,-6929.52783203125,-6706.8818359375
test,1194,-3328.89990234375,-3167.010986328125
test,4947,-3039.06396484375,-3003.542236328125
test,301,-5485.37109375,-5835.37109375
test,3687,-3940.62109375,-4010.63623046875
test,1626,-3456.135009765625,-3497.69873046875
test,1735,-2336.114013671875,-2580.7119140625
test,5906,-2880.700927734375,-2581.46630859375
test,2035,-628.280029296875,-242.5859375
test,4159,-6676.8828125,-6501.10595703125
test,1532,-4325.61083984375,-3806.502685546875
test,718,-1368.974853515625,-1352.704345703125
test,1623,-4048.1708984375,-3161.42578125
test,5341,1233.530029296875,731.061279296875
test,998,-5724.7919921875,-5309.798828125
test,6088,-1148.958984375,-1756.82470703125
test,1499,-3415.90087890625,-3279.0947265625
test,1508,-4910.27978515625,-4780.46435546875
test,2377,-1343.468994140625,-1027.958740234375
test,279,-2571.20703125,-2437.978515625
test,277,-3884.6201171875,-3961.522216796875
test,4445,-3851.284912109375,-3462.59912109375
test,6111,-1953.5260009765625,-1704.0831298828125
test,6518,-1953.55712890625,-1406.864990234375
test,5307,-1249.868896484375,-944.22705078125
test,65,-4281.9970703125,-4869.22412109375
test,49,-2794.56201171875,-3398.86767578125
test,3863,-6780.06396484375,-6366.3603515625
test,4506,-5344.06787109375,-5824.73681640625
test,4785,-2732.637939453125,-2452.87890625
test,1661,-5371.4501953125,-4987.509765625
test,2225,-1538.14599609375,-1155.757080078125
test,4630,-7300.19580078125,-7645.7333984375
test,2165,239.468994140625,772.100341796875
test,2420,-1909.06201171875,-3010.73046875
test,2869,-4119.00390625,-3662.235107421875
test,669,-2681.14697265625,-2693.988525390625
test,6207,-1734.740966796875,-1641.1422119140625
test,4831,-2194.15966796875,-2665.635986328125
test,1524,-3590.431884765625,-3572.94873046875
test,4138,-9620.2080078125,-9444.4453125
test,1658,-7125.48486328125,-7163.890625
test,3601,-4700.52978515625,-4291.8994140625
test,4263,-8074.166015625,-7953.662109375
test,3148,-2837.02294921875,-2755.82080078125
test,2361,-1165.343994140625,-992.626953125
test,2344,-2488.39990234375,-2639.3681640625
test,1526,-4024.280029296875,-3743.279296875
test,4586,-7310.021484375,-7295.36328125
test,3792,-4061.5390625,-3902.304931640625
test,3909,-7336.2548828125,-7536.3115234375
test,4737,-5364.14501953125,-5040.1376953125
test,4386,-7425.3232421875,-8044.767578125
test,2665,-5334.09912109375,-5237.34033203125
test,6083,-491.784912109375,-1146.981201171875
test,2827,-2308.344970703125,-2529.377685546875
test,2260,-4902.82421875,-4818.19384765625
test,3027,-4629.5498046875,-4757.91845703125
test,555,-3227.572998046875,-3318.174072265625
test,1058,-1680.8740234375,-2466.17431640625
test,6461,-4775.09619140625,-4293.79638671875
test,1081,-4740.953125,-4424.28271484375
test,1815,174.72314453125,-300.482666015625
test,4631,-6803.93701171875,-6661.697265625
test,6052,-2172.01611328125,-2034.9051513671875
test,1296,-4423.8310546875,-4305.80419921875
test,1039,-2023.4339599609375,-2712.15283203125
test,5623,-1139.031982421875,-1298.16552734375
test,4924,-5003.498046875,-4822.6533203125
test,2669,-3989.125,-3879.60546875
test,5257,-553.509033203125,-610.004150390625
test,5822,1310.697021484375,572.857666015625
test,6431,-4813.8740234375,-4824.51123046875
test,2499,-5001.4619140625,-4763.33544921875
test,5109,966.216064453125,834.691650390625
test,528,-2216.389892578125,-2602.96533203125
test,6444,-3755.97607421875,-4162.921875
test,752,-2639.373046875,-2282.548828125
test,5091,-890.552001953125,-527.745361328125
test,1219,-3750.784912109375,-3473.93017578125
test,6178,-3784.031005859375,-3727.8525390625
test,4382,-7155.2529296875,-7503.49560546875
test,4410,-5308.7431640625,-5288.73974609375
test,6090,-729.56103515625,-862.05029296875
test,333,-5912.212890625,-6039.2802734375
test,182,-5072.12890625,-5105.0830078125
test,6193,-2193.172119140625,-1153.97998046875
test,3590,-5100.09716796875,-5149.3896484375
test,6246,-2452.945068359375,-2365.31201171875
test,4783,-3079.699951171875,-3326.57568359375
test,4137,-9484.044921875,-9409.6328125
test,3606,-4726.0390625,-5202.50537109375
test,4371,-10153.2080078125,-9944.23046875
test,675,-5150.5,-5223.783203125
test,5952,-4704.5439453125,-4434.853515625
test,3375,-5345.7822265625,-5179.1015625
test,1137,-4204.17822265625,-4112.8349609375
test,749,-2242.4990234375,-2448.2978515625
test,5004,-1454.625,-1353.804931640625
test,437,-3002.784912109375,-3221.343994140625
test,491,-3621.85400390625,-3185.891357421875
test,5646,-3181.736083984375,-2708.288818359375
test,2189,-3116.450927734375,-2949.426025390625
test,4802,-2253.708984375,-2795.814208984375
test,5668,-2215.51416015625,-2504.4482421875
test,5729,107.2451171875,-746.033447265625
test,1672,-7717.4521484375,-7144.03173828125
