split,row_index,y_true,y_pred
train,1104,19400.30078125,19134.57421875
train,4913,11301.900390625,11545.125
train,2036,13717.099609375,13527.9560546875
train,2989,12352.599609375,11903.6533203125
train,3550,14204.7998046875,14136.9853515625
train,3571,17367.19921875,17009.0234375
train,5200,13504.7998046875,13745.3017578125
train,621,16844.0,16729.978515625
train,4471,11590.5,11192.2421875
train,812,9875.7998046875,11648.5517578125
train,4891,12466.7998046875,12902.5478515625
train,5642,16089.2998046875,15966.50390625
train,1206,15934.900390625,17231.73046875
train,5388,16983.5,16806.1328125
train,6248,13742.900390625,13695.685546875
train,6142,14345.7001953125,14435.5859375
train,1463,13704.7001953125,13707.4560546875
train,910,17441.099609375,17100.064453125
train,1718,15700.7001953125,15624.1826171875
train,4998,16199.2998046875,16642.833984375
train,63,15235.900390625,14921.5380859375
train,6446,16101.400390625,16293.724609375
train,208,12467.900390625,12230.390625
train,5557,19213.400390625,18573.58203125
train,1273,16420.69921875,16458.74609375
train,1166,13585.5,13612.375
train,2682,16342.5,15946.5283203125
train,767,16530.599609375,16164.40234375
train,5818,13457.7998046875,13335.7294921875
train,5259,12339.5,12242.2177734375
train,2505,15199.2998046875,15442.01171875
train,337,16829.30078125,16651.18359375
train,4632,13740.400390625,14056.1826171875
train,350,12226.099609375,12424.9091796875
train,6135,15249.599609375,15340.2626953125
train,6358,19159.69921875,19405.998046875
train,5210,17188.599609375,16338.1533203125
train,517,11727.7998046875,11274.12109375
train,361,16471.900390625,16617.78125
train,1728,13824.2001953125,14063.953125
train,2211,15384.2998046875,15818.8623046875
train,2352,15205.2001953125,15485.873046875
train,5415,15708.099609375,14973.2734375
train,4763,17524.400390625,17561.24609375
train,4585,16912.599609375,16451.1640625
train,3993,18449.19921875,17976.990234375
train,1010,13413.7001953125,13675.662109375
train,3448,10400.2998046875,10831.310546875
train,5665,13803.5,13426.53125
train,5241,16644.400390625,16776.3359375
train,6473,10408.2998046875,10649.2890625
train,1284,11743.599609375,12299.4326171875
train,276,17165.0,16735.654296875
train,6463,14708.099609375,14389.9306640625
train,2196,13813.7001953125,14123.60546875
train,2381,15946.7001953125,16116.373046875
train,2898,12591.2001953125,12731.330078125
train,3612,18157.30078125,17610.294921875
train,2164,15485.0,17049.513671875
train,4863,18203.80078125,18231.0546875
train,4169,11237.5,11333.498046875
train,6091,14759.0,14815.595703125
train,4960,15543.2001953125,15212.2978515625
train,4859,10698.2001953125,10008.724609375
train,192,11464.7001953125,11259.412109375
train,181,7702.60009765625,8560.28125
train,2180,12186.7001953125,11941.0546875
train,2284,20089.099609375,19850.416015625
train,2004,9263.7001953125,10164.025390625
train,6295,16847.400390625,16559.396484375
train,5497,14459.7001953125,16219.5244140625
train,5587,13705.900390625,13599.359375
train,3167,15149.599609375,15307.388671875
train,3034,17505.30078125,16564.802734375
train,5008,13777.599609375,14798.9921875
train,4228,15650.5,15230.8779296875
train,971,19071.400390625,18538.90234375
train,5635,20093.30078125,20627.03125
train,4557,13526.2998046875,13454.984375
train,4797,10836.7998046875,10791.208984375
train,3164,11984.900390625,12158.3486328125
train,4438,9387.0,9949.744140625
train,411,18558.5,18625.115234375
train,1748,14947.599609375,15519.8515625
train,2041,12840.7001953125,13093.978515625
train,3116,15920.900390625,15426.3955078125
train,4174,15176.0,14806.08984375
train,6333,17408.900390625,17265.517578125
train,16,14768.2001953125,14356.201171875
train,3446,16803.69921875,16498.44140625
train,4112,15365.900390625,15595.125
train,2726,18406.900390625,17942.341796875
train,2379,17430.400390625,17517.203125
train,5772,14957.7998046875,14883.66796875
train,4029,15420.7001953125,14897.6923828125
train,4498,13807.099609375,14603.28515625
train,6454,16348.7998046875,16400.91015625
train,6352,10775.7001953125,10952.8330078125
train,2053,15040.2001953125,15366.79296875
train,5238,13848.099609375,13946.646484375
train,518,13665.2001953125,14363.318359375
train,3149,15191.599609375,16440.091796875
train,2557,16995.599609375,16453.73046875
train,697,14624.2001953125,14702.501953125
train,5631,17244.0,17044.8359375
train,895,12302.2001953125,12524.2138671875
train,5266,13208.0,13427.9501953125
train,5977,12239.2001953125,12582.0771484375
train,2392,17554.099609375,17463.8515625
train,1921,9808.400390625,10864.517578125
train,4963,14106.5,13926.9169921875
train,5755,17881.30078125,18079.931640625
train,3002,11703.5,12331.955078125
train,4459,14803.7001953125,14691.015625
train,6367,10198.2998046875,9835.4609375
train,2076,18390.5,18033.181640625
train,5203,14079.400390625,14577.76953125
train,5704,12232.5,11581.048828125
train,2566,17706.400390625,17932.130859375
train,1416,18049.5,17592.462890625
train,3051,10093.7998046875,10025.0234375
train,4069,16545.0,16392.90625
train,6415,19722.19921875,19259.208984375
train,4282,15936.2998046875,15285.654296875
train,906,10725.7001953125,10973.484375
train,3675,12479.7998046875,11477.240234375
train,1174,11787.0,11694.2470703125
train,3301,12063.7998046875,12122.2578125
train,2350,16292.400390625,16125.0390625
train,5206,14317.0,15020.955078125
train,1127,16855.400390625,16948.87109375
train,2768,10078.7998046875,10520.99609375
train,5702,17455.400390625,17493.537109375
train,1719,13960.2998046875,13613.482421875
train,557,16374.7998046875,16309.0048828125
train,1112,18963.099609375,18534.27734375
train,1642,15043.0,15484.3505859375
train,330,15943.7001953125,16191.2734375
train,925,20141.30078125,19299.73828125
train,4561,13281.2001953125,13425.54296875
train,6361,12726.599609375,13349.7001953125
train,4520,18162.30078125,17677.20703125
train,3872,15715.5,15810.41015625
train,4806,15930.7001953125,15733.685546875
train,2633,11767.599609375,11447.5830078125
train,4277,14434.400390625,14670.9990234375
train,2083,18022.80078125,17258.732421875
train,2506,17419.599609375,17652.53515625
train,3764,17783.19921875,17672.779296875
train,1277,16895.400390625,15986.5849609375
train,3943,17465.69921875,17235.759765625
train,4394,9688.0,9914.279296875
train,2605,14158.7998046875,14481.34375
train,5100,11319.900390625,11029.3232421875
train,1975,11654.7998046875,11659.3349609375
train,2253,15936.099609375,16583.66796875
train,24,13648.900390625,13402.2216796875
train,4615,13966.2001953125,13320.6044921875
train,5707,15732.099609375,15641.87890625
train,3418,11869.5,11126.69921875
train,5169,14731.5,15310.228515625
train,4683,9166.900390625,9654.115234375
train,428,10824.400390625,10696.7412109375
train,4148,14295.2998046875,14114.265625
train,500,12852.099609375,12875.5888671875
train,3209,13620.7001953125,13602.919921875
train,6399,17098.80078125,17094.892578125
train,2002,15164.7001953125,15594.68359375
train,4996,16342.7998046875,16565.48828125
train,6053,12683.099609375,12234.2666015625
train,1036,17801.80078125,17890.51953125
train,4978,17039.099609375,17324.62890625
train,1983,18286.69921875,18387.921875
train,5625,17646.5,17628.12109375
train,5546,12606.099609375,12361.13671875
train,2059,16454.599609375,15820.62109375
train,4858,15754.7998046875,15885.3505859375
train,5133,17190.0,17294.1640625
train,3133,14506.099609375,15044.34375
train,2978,16238.400390625,16277.6767578125
train,3193,17058.099609375,16942.26953125
train,1051,15874.7998046875,15742.1337890625
train,802,13752.7998046875,14961.2236328125
train,5284,14270.099609375,14438.5302734375
train,4362,16237.0,15807.2509765625
train,5798,12924.2998046875,13264.8359375
train,2773,13418.7998046875,13411.73046875
train,4314,16657.5,16318.6875
train,5599,6019.5,6498.9150390625
train,5922,13320.0,13101.4130859375
train,6457,18284.900390625,18420.0859375
train,4577,16977.19921875,17200.33203125
train,2098,11849.400390625,13180.8828125
train,4275,8675.099609375,9313.02734375
train,3245,16963.0,16787.607421875
train,926,15574.7001953125,15890.9453125
train,6005,14123.599609375,15152.1962890625
train,4202,12660.900390625,13012.74609375
train,5408,16742.69921875,17383.06640625
train,638,10240.2998046875,10494.8046875
train,90,13089.2998046875,12504.9013671875
train,4497,10835.900390625,10515.947265625
train,3188,17013.5,16559.513671875
train,5830,14500.0,14268.9765625
train,5442,18113.900390625,17831.34765625
train,156,17368.19921875,17398.326171875
train,1183,16778.599609375,17096.5703125
train,3744,13482.2001953125,13783.9248046875
train,6061,11448.900390625,11446.2021484375
train,143,17302.099609375,16732.12890625
train,1943,16795.19921875,16962.15234375
train,1244,12344.2998046875,12265.5625
train,3581,17406.099609375,17310.57421875
train,6031,12250.5,12056.380859375
train,1452,17141.599609375,17558.60546875
train,1235,11151.400390625,11468.0498046875
train,4161,11028.2001953125,10397.22265625
train,5610,17146.80078125,17220.9140625
train,416,13708.2998046875,13333.58203125
train,3889,10689.5,11517.662109375
train,5349,16290.599609375,15933.25390625
train,6018,17625.099609375,17533.880859375
train,5108,15130.400390625,15184.9326171875
train,5144,17210.19921875,16609.435546875
train,2240,15859.099609375,15333.7470703125
train,1138,10850.2998046875,11109.7685546875
train,5308,20126.69921875,19019.177734375
train,3804,15252.5,15289.0517578125
train,1435,16330.400390625,16085.16015625
train,6062,14086.2998046875,13951.57421875
train,4604,12170.5,12056.095703125
train,4593,12678.2001953125,12549.341796875
train,917,15749.900390625,15620.7578125
train,2924,4847.099609375,4901.92578125
train,4530,23132.400390625,20896.884765625
train,2935,11445.400390625,10525.3359375
train,5381,14750.400390625,14475.3505859375
train,5724,14903.599609375,14512.123046875
train,6184,11055.099609375,11543.966796875
train,2819,12111.5,11972.3662109375
train,1496,10738.7001953125,10205.2568359375
train,502,12949.900390625,12821.84765625
train,3530,10386.900390625,10677.11328125
train,1759,11023.099609375,10682.45703125
train,6387,12595.400390625,12319.4326171875
train,5291,17442.099609375,17414.453125
train,5310,7593.0,7581.85302734375
train,5373,12733.7001953125,12937.009765625
train,1000,18279.0,18139.79296875
train,4988,16006.2001953125,16678.767578125
train,2351,14794.7998046875,14800.7763671875
train,96,11715.099609375,11629.330078125
train,922,16445.5,16207.685546875
train,4400,16070.099609375,15378.9443359375
train,3288,16372.599609375,16857.095703125
train,2565,16936.400390625,15860.9404296875
train,3976,14797.7001953125,14965.29296875
train,1727,10516.900390625,10688.126953125
train,3433,16300.599609375,16109.0615234375
train,4078,18268.5,18144.72265625
train,2000,18326.80078125,18468.4453125
train,582,10061.0,10577.4921875
train,2828,16071.2001953125,16006.76171875
train,6342,15298.099609375,14915.2783203125
train,4331,18259.69921875,17982.640625
train,2654,12193.7001953125,12560.1220703125
train,828,15357.0,14953.8212890625
train,2651,15118.5,15391.6103515625
train,3151,14957.2998046875,14656.716796875
train,722,11966.7998046875,11830.8447265625
train,1920,14153.7998046875,14564.42578125
train,724,18135.400390625,17593.384765625
train,1358,17214.900390625,16974.361328125
train,1177,16301.7001953125,16344.9462890625
train,5925,15636.2998046875,16050.6396484375
train,2228,14427.7001953125,14114.669921875
train,1627,10397.2998046875,9932.400390625
train,4939,12275.0,11834.1650390625
train,6117,16794.0,16624.3125
train,3247,15917.099609375,15878.6533203125
train,3559,15038.599609375,14358.3154296875
train,5437,16161.2001953125,16324.2646484375
train,5046,17432.400390625,17499.525390625
train,864,16983.69921875,15215.474609375
train,5005,15646.7001953125,15432.740234375
train,3982,15398.2001953125,15487.26953125
train,2120,16356.0,15651.9951171875
train,2429,15754.5,16027.2900390625
train,355,10667.2001953125,10520.69921875
train,3012,15704.400390625,15664.9619140625
train,6413,19109.80078125,16854.94921875
train,6386,14992.599609375,14878.5078125
train,1934,10851.2001953125,10712.236328125
train,2904,17408.5,17251.44921875
train,3962,20141.099609375,19367.1953125
train,80,9176.599609375,9178.853515625
train,2886,13674.599609375,13550.7587890625
train,48,17013.0,17252.953125
train,3518,13068.7998046875,13097.3564453125
train,5048,11974.599609375,12723.451171875
train,3659,15019.099609375,14838.99609375
train,4409,22340.400390625,19751.095703125
train,2439,18030.599609375,18093.853515625
train,2397,18048.400390625,18188.123046875
train,728,15090.7001953125,15037.1748046875
train,1119,14392.5,13503.4384765625
train,4657,10612.7001953125,10984.7548828125
train,4751,17669.5,17545.09375
train,860,12837.7998046875,12237.9033203125
train,535,13396.0,13225.06640625
train,1770,16030.099609375,15526.9404296875
train,4980,17363.19921875,17283.9453125
train,2110,14965.400390625,15060.1025390625
train,5456,19664.599609375,18821.568359375
train,3935,15013.0,15184.5673828125
train,6290,15677.7998046875,15094.6962890625
train,3743,16623.69921875,16504.283203125
train,3693,14857.599609375,14715.9111328125
train,4353,7272.70068359375,7970.1796875
train,4018,15534.2001953125,15580.8037109375
train,4173,16464.30078125,16219.4609375
train,1648,16150.2998046875,15573.3125
train,285,11188.599609375,11642.1865234375
train,3726,14794.7001953125,14393.4453125
train,6164,16412.599609375,16520.228515625
train,1163,17286.599609375,17460.44921875
train,1401,14370.900390625,14306.2607421875
train,2823,3902.0,4301.26953125
train,3436,14925.7001953125,15186.7119140625
train,6402,15342.2998046875,15615.28515625
train,4099,13540.599609375,12982.6826171875
train,1976,15183.400390625,15110.6416015625
train,1400,16153.2998046875,14958.4716796875
train,4956,15095.400390625,14311.517578125
train,3355,12479.0,12466.1279296875
train,4690,15027.5,14850.0068359375
train,3758,12872.7001953125,12846.4609375
train,2730,14617.099609375,14881.2685546875
train,39,14200.099609375,14131.5244140625
train,4207,11948.7001953125,12258.55859375
train,5786,16604.5,16581.392578125
train,4598,17595.5,17565.693359375
train,1801,15103.400390625,15299.9130859375
train,324,15349.099609375,15396.83984375
train,5141,17836.80078125,17813.642578125
train,2521,15057.7998046875,15357.4560546875
train,592,11182.7998046875,10946.97265625
train,1451,12792.900390625,12840.322265625
train,3212,16692.69921875,17233.796875
train,3916,15685.599609375,15708.9287109375
train,3855,13673.0,13602.2822265625
train,1384,11491.2998046875,11810.0654296875
train,1891,15782.099609375,15884.2421875
train,1473,16706.5,16662.734375
train,5556,17563.5,17479.388671875
train,56,14600.7998046875,14445.884765625
train,5164,16161.5,16007.724609375
train,4667,18314.599609375,18281.734375
train,6055,13751.400390625,14060.341796875
train,4608,17896.599609375,17938.705078125
train,2892,14888.099609375,15771.07421875
train,3250,16686.400390625,16094.3935546875
train,2564,13159.099609375,12870.4609375
train,5123,13122.099609375,12896.56640625
train,6273,17566.80078125,17630.412109375
train,929,13502.0,13523.8515625
train,757,16595.5,16468.25390625
train,5429,14833.2001953125,14708.5693359375
train,3873,15260.400390625,15164.1376953125
train,3511,17304.5,16334.46875
train,1429,17315.5,17023.275390625
train,3453,16854.0,16685.0703125
train,1495,12154.900390625,12041.4091796875
train,135,14679.7001953125,14113.357421875
train,5093,11947.7001953125,12071.482421875
train,146,17885.0,18149.306640625
train,4499,18245.0,18274.77734375
train,3093,15985.900390625,15632.77734375
train,5531,16582.400390625,15941.818359375
train,2998,13378.7001953125,13507.19140625
train,4255,12502.099609375,12874.3740234375
train,2411,11655.2998046875,11776.27734375
train,5007,11173.0,11668.91015625
train,1622,17866.099609375,17828.3046875
train,2148,14669.900390625,15456.8173828125
train,2362,11779.099609375,11274.6396484375
train,3356,15198.0,14954.0087890625
train,3256,15310.7001953125,16045.9326171875
train,4583,11571.5,11290.033203125
train,2097,15266.0,15483.064453125
train,2415,14325.900390625,15124.0458984375
train,2859,14690.400390625,14554.8037109375
train,1961,13191.2998046875,13318.2587890625
train,4679,15504.599609375,16162.72265625
train,4220,15983.7001953125,15915.630859375
train,462,17159.400390625,17414.796875
train,2550,17110.69921875,17299.08203125
train,5479,16805.900390625,16045.8125
train,1535,12495.5,12571.587890625
train,387,13679.2001953125,13593.25390625
train,6348,19373.80078125,18933.80078125
train,6078,15033.2998046875,16205.0
train,1005,14345.7001953125,13917.3671875
train,1818,13813.5,14713.40625
train,3617,16387.19921875,16576.396484375
train,2732,14544.900390625,14455.125
train,5682,18253.0,18303.623046875
train,2482,13437.2001953125,13180.654296875
train,1397,12573.7001953125,12982.302734375
train,3791,11568.400390625,11434.158203125
train,5356,14874.7001953125,14522.6474609375
train,1243,10908.2001953125,11013.0615234375
train,3780,18268.0,18376.171875
train,5820,12519.5,12721.5625
train,6325,17508.900390625,17836.0703125
train,3016,18193.900390625,16421.736328125
train,5444,14563.400390625,14387.61328125
train,870,12689.099609375,12379.2041015625
train,986,16818.900390625,17684.599609375
train,4072,11804.2001953125,12022.109375
train,1962,11602.5,12823.5751953125
train,6334,8355.0,8525.279296875
train,1309,16535.30078125,16459.5703125
train,4977,15706.5,15660.28125
train,2959,14606.2998046875,15245.841796875
train,2749,12254.7001953125,11865.537109375
train,4514,13140.5,12749.6396484375
train,3231,15102.2998046875,15565.3564453125
train,941,15521.099609375,15582.6650390625
train,367,11816.400390625,12041.0537109375
train,4223,15671.2998046875,15502.1435546875
train,4408,16558.400390625,16175.7626953125
train,5469,17361.80078125,17413.966796875
train,783,18402.099609375,18402.66796875
train,2841,16883.5,16700.4609375
train,5773,17292.30078125,17417.365234375
train,2729,11605.0,11547.3037109375
train,1418,20275.30078125,20867.138671875
train,2514,18168.30078125,18730.44140625
train,5362,16905.19921875,17256.97265625
train,900,13531.099609375,13708.1328125
train,662,19087.599609375,17814.19140625
train,1552,15871.5,15666.76953125
train,3656,15941.900390625,15672.52734375
train,5189,14251.2001953125,14564.3896484375
train,2195,17159.599609375,17161.33203125
train,3340,17673.30078125,16921.76171875
train,3842,15708.7001953125,15879.8603515625
train,3140,14197.7998046875,14615.341796875
train,2518,12812.5,15586.3076171875
train,2136,14022.599609375,13443.091796875
train,2742,16921.69921875,16509.638671875
train,3733,10779.7001953125,11228.19921875
train,2899,15728.099609375,16582.6796875
train,6039,15603.2001953125,15500.4609375
train,4247,16849.599609375,16188.029296875
train,2477,15730.599609375,15943.9775390625
train,4846,18685.19921875,18296.744140625
train,5529,13441.099609375,13263.619140625
train,2071,13493.7001953125,13745.8701171875
train,1186,16706.80078125,16439.66015625
train,6063,12607.599609375,12025.302734375
train,3950,18104.5,17068.125
train,2349,15733.099609375,15216.2451171875
train,487,17977.599609375,18083.162109375
train,3771,16238.5,16318.90234375
train,1158,10699.099609375,11408.3740234375
train,1927,12768.7001953125,12380.814453125
train,3086,17410.5,17423.84375
train,1145,16455.5,16907.583984375
train,1332,13405.7001953125,13302.21484375
train,1131,14351.2001953125,14321.0146484375
train,3563,18176.0,18473.712890625
train,3207,14454.2001953125,14611.6708984375
train,6364,9400.2998046875,9624.8671875
train,5409,17907.80078125,18463.80859375
train,2837,13863.400390625,13613.0224609375
train,1973,13059.2001953125,12917.67578125
train,476,12032.7998046875,11719.564453125
train,1684,15646.599609375,14836.06640625
train,1134,11081.7998046875,11540.2509765625
train,5968,11100.400390625,10894.888671875
train,2428,12494.2998046875,12737.107421875
train,3173,12932.900390625,13741.4150390625
train,2507,17080.400390625,16790.787109375
train,2825,14691.2998046875,14986.689453125
train,210,13138.0,12760.1552734375
train,3917,19364.80078125,19186.48828125
train,4745,16698.900390625,16147.1142578125
train,6027,12666.599609375,12725.37890625
train,1033,16979.900390625,17095.568359375
train,3409,17056.900390625,18231.8125
train,1582,15678.5,15733.0244140625
train,819,16430.0,16851.701171875
train,1592,12858.599609375,12815.291015625
train,6121,18332.900390625,18315.00390625
train,863,16785.099609375,16510.44921875
train,2708,17346.80078125,17425.720703125
train,1812,20887.19921875,20999.681640625
train,530,11510.2001953125,11619.55859375
train,5696,17399.80078125,17434.330078125
train,5913,16789.80078125,16481.185546875
train,2115,8311.900390625,9102.28515625
train,3667,16536.599609375,16740.787109375
train,5837,15684.0,15631.8857421875
train,5097,14671.0,14913.4169921875
train,898,9840.5,9737.568359375
train,3620,16803.5,16979.2421875
train,1164,17580.0,17325.44140625
train,6243,16907.19921875,16749.796875
train,6407,11527.900390625,12474.75390625
train,5493,19663.099609375,19232.880859375
train,2108,15420.2998046875,15228.3037109375
train,2346,14520.599609375,14618.375
train,928,15274.0,15567.875
train,793,12657.5,12955.0869140625
train,4184,13141.900390625,13329.146484375
train,4488,16022.7998046875,16241.2548828125
train,384,18078.099609375,18125.142578125
train,1914,14409.2998046875,14596.103515625
train,5478,14659.2001953125,14443.92578125
train,5468,19146.19921875,18672.91796875
train,5794,16536.900390625,16905.9375
train,889,13533.7001953125,13069.251953125
train,3719,11230.099609375,11014.15234375
train,5217,19390.400390625,17510.60546875
train,2353,18246.19921875,17586.771484375
train,1209,15958.7001953125,15624.23046875
train,5532,18152.599609375,18278.63671875
train,2202,11623.7998046875,12481.640625
train,4098,13531.7001953125,13472.3876953125
train,2884,10130.2001953125,10291.3818359375
train,5424,11500.2998046875,11743.2431640625
train,477,10998.400390625,10491.203125
train,98,18314.80078125,18303.439453125
train,4844,16861.30078125,17288.091796875
train,585,16703.599609375,16171.4013671875
train,2375,17247.19921875,16990.609375
train,2333,14665.7998046875,14861.2373046875
train,1677,13551.900390625,13042.796875
train,1334,16026.099609375,16210.4951171875
train,623,15110.099609375,14942.0234375
train,1483,15682.400390625,15860.1640625
train,5174,11913.2998046875,12005.7294921875
train,2767,18368.19921875,18291.4609375
train,6177,9109.099609375,9142.7958984375
train,1386,15370.099609375,15604.9970703125
train,3759,19118.599609375,18344.8515625
train,5933,11833.900390625,11425.890625
train,1257,18388.599609375,18130.392578125
train,2982,15175.900390625,15394.65234375
train,3586,17677.19921875,17315.177734375
train,3745,17061.80078125,16960.85546875
train,3049,15610.900390625,15848.474609375
train,5554,14357.400390625,14879.0576171875
train,2799,11783.0,12037.4130859375
train,3270,15634.900390625,16044.3330078125
train,1271,11640.2001953125,12010.2666015625
train,6453,11452.900390625,11711.5224609375
train,406,12805.2001953125,13685.98828125
train,4288,15872.900390625,15517.517578125
train,2492,12523.2998046875,12668.3330078125
train,4264,16925.80078125,16777.150390625
train,4495,13070.2001953125,13638.1337890625
train,1670,9996.099609375,9535.630859375
train,2475,14797.5,14254.14453125
train,3451,15243.900390625,14779.48828125
train,2727,13263.7001953125,13596.517578125
train,1963,16901.599609375,16573.26171875
train,2444,12776.7998046875,13393.40234375
train,4000,12124.900390625,11796.3193359375
train,275,18736.80078125,19039.69140625
train,5985,12195.400390625,12983.8076171875
train,2001,18049.0,17882.4609375
train,5129,17079.099609375,16897.521484375
train,6354,21622.69921875,21352.453125
train,3825,18713.099609375,18424.19140625
train,84,15263.599609375,15819.4521484375
train,3883,20383.900390625,19918.1328125
train,6474,8645.0,8595.5966796875
train,4342,17575.19921875,16742.7421875
train,3817,16373.7001953125,16586.830078125
train,3192,17042.400390625,16714.87109375
train,4118,14664.099609375,13981.556640625
train,5153,10079.5,9748.4453125
train,1220,16531.099609375,16891.3828125
train,1641,17803.80078125,17481.921875
train,3953,20153.19921875,20983.34765625
train,975,16553.30078125,16272.513671875
train,1783,7521.2001953125,7643.791015625
train,4278,16527.19921875,16681.720703125
train,4697,16332.7998046875,16130.384765625
train,1155,17147.80078125,17143.353515625
train,5763,10349.099609375,11125.634765625
train,1352,14697.400390625,14162.525390625
train,1820,9428.599609375,9025.291015625
train,2257,16634.099609375,16481.212890625
train,4901,17160.0,17231.1875
train,2178,17087.19921875,17326.521484375
train,1781,12471.2001953125,13329.384765625
train,2133,15655.5,15491.8505859375
train,4001,17301.19921875,16887.931640625
train,5052,12297.599609375,12956.8779296875
train,6257,16977.0,16872.73046875
train,4565,15364.7998046875,15055.822265625
train,3705,14113.2998046875,14178.4921875
train,4747,13922.400390625,13980.703125
train,1528,5554.900390625,5764.908203125
train,191,17002.400390625,17082.83984375
train,4373,10984.5,11920.2412109375
train,3818,16844.80078125,16880.052734375
train,2249,15095.099609375,14707.16015625
train,3831,15509.7001953125,15958.4345703125
train,519,17953.599609375,17523.96875
train,3578,10275.5,10196.7880859375
train,2019,15343.900390625,16274.5517578125
train,6236,9435.0,9190.6533203125
train,3765,16335.099609375,16144.5263671875
train,3520,16259.400390625,15853.0205078125
train,5945,16888.900390625,17116.43359375
train,4662,13321.2001953125,13181.1748046875
train,3261,16002.5,15927.697265625
train,3741,17337.400390625,17266.12890625
train,1837,16471.69921875,16364.8759765625
train,4025,19609.400390625,18863.572265625
train,2583,14751.7998046875,15005.9365234375
train,5862,18102.5,17785.52734375
train,3393,10553.400390625,10536.4599609375
train,5229,15073.400390625,15544.615234375
train,4688,17073.099609375,17748.115234375
train,4271,14475.7001953125,14079.3037109375
train,684,17118.5,15182.333984375
train,2184,16521.19921875,16536.267578125
train,1217,18031.80078125,18179.939453125
train,102,16171.2001953125,15999.380859375
train,5392,13870.400390625,14437.720703125
train,1170,14746.599609375,14516.01953125
train,2448,15277.099609375,15797.427734375
train,6460,15689.7001953125,15940.2626953125
train,1692,10256.900390625,11008.404296875
train,3004,13309.7998046875,12992.447265625
train,6477,15007.7998046875,15153.310546875
train,5192,15346.400390625,15545.23046875
train,1568,17063.5,16279.765625
train,660,15219.099609375,14967.201171875
train,3118,12462.2998046875,12158.7607421875
train,6318,13227.400390625,13368.013671875
train,466,14828.2998046875,14712.033203125
train,610,12551.599609375,13571.71875
train,5812,17494.099609375,16975.39453125
train,3824,18024.69921875,18005.765625
train,4753,10417.900390625,10270.828125
train,151,14377.7998046875,13977.0439453125
train,4576,14285.0,14464.8759765625
train,3978,13208.099609375,13049.73046875
train,2348,15578.2001953125,15454.58203125
train,1537,13940.2998046875,14225.09765625
train,5054,16466.30078125,16694.685546875
train,6445,10633.099609375,10940.8798828125
train,653,11069.7998046875,11515.5478515625
train,1624,19257.69921875,18521.392578125
train,1439,13291.099609375,13341.33203125
train,6123,15219.2001953125,14728.9267578125
train,2424,12554.7998046875,12937.080078125
train,5545,17656.400390625,17533.140625
train,5553,13149.7001953125,13074.5390625
train,633,16063.2001953125,16255.8583984375
train,5847,17781.400390625,17451.283203125
train,938,14278.599609375,14036.3603515625
train,1793,14522.2998046875,14483.96484375
train,4795,11745.599609375,11797.978515625
train,5912,11251.400390625,11321.2568359375
train,2095,12330.2998046875,12132.599609375
train,4537,21858.099609375,22078.900390625
train,2445,13795.7001953125,14485.46875
train,3242,18207.19921875,17883.75
train,2204,15882.900390625,15949.875
train,3762,12682.400390625,12348.5908203125
train,3630,14059.400390625,13899.1220703125
train,3449,21344.80078125,19510.3515625
train,4782,15144.7998046875,14643.9423828125
train,5073,11884.900390625,12024.4072265625
train,849,4724.099609375,5058.1982421875
train,1270,11426.400390625,11604.375
train,162,12117.599609375,12097.9541015625
train,1268,16125.599609375,15942.3359375
train,2809,13437.7998046875,13212.546875
train,4521,13382.5,13873.1513671875
train,3317,16824.400390625,15822.75390625
train,3147,14282.2001953125,14005.4326171875
train,3813,16883.5,16508.123046875
train,5883,10273.7001953125,10143.625
train,6240,12899.0,13038.876953125
train,6507,14492.0,14638.1533203125
train,352,18278.900390625,18094.455078125
train,4492,9024.400390625,9178.28515625
train,1306,16936.400390625,17309.947265625
train,5155,12263.2001953125,12355.1728515625
train,3126,13919.0,13717.4970703125
train,2198,14395.7998046875,13731.119140625
train,5136,14910.7998046875,14514.8642578125
train,6527,9750.7998046875,9524.9423828125
train,960,14215.0,15117.201171875
train,6085,11786.2001953125,12116.279296875
train,2304,10181.7998046875,9954.9140625
train,5482,18046.19921875,17474.21484375
train,1601,14608.2998046875,14830.482421875
train,2878,10667.0,11113.421875
train,2842,15663.7001953125,15795.375
train,1032,12178.900390625,12326.359375
train,4327,15113.2001953125,14482.701171875
train,5293,19275.19921875,18920.177734375
train,4056,17298.19921875,17131.365234375
train,1539,16698.5,16566.90625
train,5560,16959.599609375,17132.39453125
train,2149,10387.2001953125,10733.21875
train,242,14455.099609375,14052.240234375
train,5319,18172.400390625,17898.6796875
train,4284,12917.2998046875,12761.4638671875
train,4170,17360.69921875,17117.400390625
train,797,13510.7001953125,13482.744140625
train,3852,11194.599609375,11519.19921875
train,771,11475.2001953125,11284.89453125
train,4687,11312.5,11385.951171875
train,5980,12705.900390625,12774.1533203125
train,3684,16671.099609375,16965.525390625
train,3075,18585.900390625,19006.060546875
train,3128,16798.0,16995.470703125
train,5465,13574.599609375,13866.6826171875
train,4934,11231.400390625,11062.0400390625
train,3445,11173.2001953125,12630.0
train,1180,15195.900390625,15512.62890625
train,1388,14962.2001953125,15114.7080078125
train,3430,17829.30078125,17709.36328125
train,1116,13958.7001953125,13654.966796875
train,4787,18309.0,18507.080078125
train,630,11792.7998046875,11885.3837890625
train,4396,14910.0,14568.02734375
train,5173,10112.599609375,10310.298828125
train,3507,12840.599609375,13077.814453125
train,4124,16165.900390625,16023.8583984375
train,3441,15636.7001953125,15565.263671875
train,5924,17245.400390625,17291.8203125
train,628,10696.2001953125,10656.0615234375
train,5808,15876.2998046875,15310.501953125
train,1464,15900.2998046875,17543.015625
train,3474,14841.900390625,14772.638671875
train,6459,17161.599609375,17229.494140625
train,6395,19953.69921875,19631.955078125
train,3455,14862.400390625,15040.056640625
train,2797,17742.5,18044.64453125
train,740,17695.69921875,17338.916015625
train,4880,12805.7998046875,13288.123046875
train,4033,15609.0,16139.9130859375
train,5835,16211.599609375,15482.1357421875
train,3945,11999.099609375,12009.748046875
train,2451,10708.099609375,11256.76953125
train,2887,18041.400390625,18191.484375
train,4344,15397.5,15020.7861328125
train,4936,12647.5,13056.7802734375
train,1705,10231.2998046875,10202.765625
train,1538,14974.400390625,15226.5146484375
train,1926,15122.5,15164.1826171875
train,2791,14648.0,13500.802734375
train,3708,15465.7998046875,15482.4228515625
train,1494,16331.2001953125,16514.478515625
train,2471,12417.099609375,12159.9775390625
train,5655,13378.5,13516.478515625
train,2008,10303.099609375,9791.6416015625
train,5803,15017.400390625,14155.427734375
train,1979,7819.400390625,7714.4775390625
train,3805,13387.400390625,14361.4375
train,4218,14724.400390625,14900.9658203125
train,770,16749.900390625,16921.890625
train,6046,13741.900390625,14554.8115234375
train,795,11537.599609375,11155.306640625
train,4574,14483.0,14485.7939453125
train,845,6940.10009765625,7897.52197265625
train,233,17496.400390625,17409.265625
train,54,16791.30078125,16690.17578125
train,2018,16739.30078125,16525.74609375
train,3740,12827.2001953125,12464.66015625
train,6222,13677.099609375,13840.1044921875
train,2266,20507.5,20281.87109375
train,2056,17745.30078125,17202.291015625
train,6309,18406.0,18356.94140625
train,280,16076.599609375,15704.353515625
train,4526,17108.099609375,17624.943359375
train,5700,9258.80078125,9399.73046875
train,5795,12231.2998046875,11372.8369140625
train,6389,5439.0,5571.890625
train,4784,18245.599609375,18329.451171875
train,3896,16886.69921875,16442.865234375
train,37,14135.2998046875,14372.556640625
train,4502,10502.099609375,10522.724609375
train,1890,14695.2998046875,15094.091796875
train,4786,16481.5,16746.638671875
train,5869,14069.0,13968.4296875
train,2740,17754.80078125,17172.322265625
train,2126,17901.80078125,17958.13671875
train,4106,17144.19921875,17454.28125
train,3904,17821.0,18007.197265625
train,4110,14791.2998046875,14655.6904296875
train,3005,11653.2001953125,11912.970703125
train,1953,16861.099609375,16569.4296875
train,3626,15244.7998046875,14621.11328125
train,4862,19084.30078125,18817.55078125
train,6084,16077.099609375,15732.8759765625
train,4044,12288.7998046875,11991.94140625
train,5383,14742.0,15140.63671875
train,2069,17626.19921875,18038.89453125
train,4330,14924.900390625,14865.1494140625
train,6068,16777.30078125,16869.287109375
train,3111,11222.400390625,11044.03125
train,4720,17187.400390625,18255.578125
train,3760,9180.900390625,9831.4453125
train,1782,17496.900390625,17697.025390625
train,1715,12233.7998046875,12861.1884765625
train,2210,11455.7001953125,11304.0869140625
train,5351,17304.099609375,16904.6640625
train,1700,18245.400390625,17829.171875
train,5964,17652.099609375,18796.373046875
train,5738,14794.2001953125,14645.138671875
train,5302,19262.599609375,19258.234375
train,5928,12056.5,11450.18359375
train,609,13943.099609375,13762.8779296875
train,1031,16576.400390625,16265.6123046875
train,903,14702.599609375,14812.7041015625
train,4038,16051.0,15442.798828125
train,2456,18163.400390625,17649.66015625
train,6260,16174.0,16018.578125
train,3144,14727.400390625,14841.939453125
train,1606,14029.900390625,13520.6640625
train,720,13384.400390625,13289.0283203125
train,2363,15246.099609375,15829.662109375
train,2683,14126.099609375,13901.595703125
train,3208,15943.0,15822.6064453125
train,3372,17441.19921875,17287.634765625
train,2539,15421.5,15008.8505859375
train,3720,11709.7998046875,12008.7509765625
train,1225,14996.2998046875,15214.587890625
train,3032,17203.30078125,17239.53125
train,6531,16551.5,16840.916015625
train,1427,13506.0,13457.486328125
train,5670,16505.400390625,15545.9697265625
train,2296,11060.2998046875,10579.8515625
train,4020,14461.900390625,14887.1005859375
train,115,10748.7998046875,10584.078125
train,3605,14934.599609375,15467.5390625
train,293,18231.400390625,18306.41796875
train,130,18112.69921875,17554.4609375
train,2675,12816.599609375,12412.205078125
train,1354,12830.400390625,12708.779296875
train,5894,12476.5,12551.591796875
train,930,12191.0,12527.267578125
train,5915,16328.2001953125,17082.44921875
train,1806,10213.7001953125,10325.40625
train,3467,4491.7998046875,5015.0615234375
train,1430,17835.69921875,17048.75390625
train,5769,6610.5,6710.80615234375
train,3979,17268.400390625,17105.80078125
train,383,12840.7998046875,12745.09375
train,1269,14155.599609375,14088.017578125
train,4673,16840.599609375,17337.578125
train,5917,16435.69921875,16158.4853515625
train,1109,15838.5,14998.525390625
train,6281,11067.599609375,11632.05078125
train,779,16983.30078125,16815.900390625
train,3243,12801.7998046875,12719.4990234375
train,1534,14117.099609375,14086.2783203125
train,366,12052.900390625,12311.982421875
train,245,17759.0,17870.88671875
train,5445,17672.400390625,17758.751953125
train,6439,15542.900390625,15923.5166015625
train,652,14585.7998046875,14386.748046875
train,5390,15713.599609375,15969.6162109375
train,5911,12180.900390625,11570.171875
train,4825,16776.900390625,16493.796875
train,2613,14501.099609375,14741.369140625
train,3040,15931.7001953125,16140.9609375
train,4143,13984.2001953125,13612.587890625
train,6479,11696.5,11546.76953125
train,5767,9948.7998046875,10386.376953125
train,1730,18382.30078125,18409.904296875
train,1607,13130.400390625,13474.6826171875
train,3679,10734.7998046875,11088.65234375
train,174,16876.69921875,16517.146484375
train,3130,12580.7001953125,12106.2578125
train,1699,15744.2001953125,15671.78125
train,4436,15491.0,15663.4365234375
train,2027,11718.7998046875,11435.642578125
train,4230,16686.0,16680.298828125
train,4850,17613.19921875,18177.12890625
train,3542,20216.5,18718.20703125
train,4183,15293.400390625,15675.6923828125
train,5575,20178.099609375,19969.42578125
train,5277,18656.80078125,17932.6875
train,5689,13406.099609375,13355.5634765625
train,4281,13344.0,13493.5654296875
train,1227,15929.5,15350.4970703125
train,4719,16680.900390625,16513.63671875
train,5151,13640.099609375,13580.0068359375
train,2576,16535.19921875,16886.25
train,2092,11686.0,11490.3984375
train,4596,17759.099609375,17243.396484375
train,1141,17628.599609375,16470.095703125
train,167,10476.7001953125,10915.5966796875
train,2728,11250.7998046875,11143.6728515625
train,5149,16121.099609375,16091.3076171875
train,2161,13902.400390625,13968.0166015625
train,5329,18047.19921875,17766.19921875
train,5549,19953.400390625,20230.689453125
train,4972,14966.900390625,15000.5625
train,5078,17414.599609375,17242.22265625
train,3644,17209.400390625,17313.369140625
train,1717,17358.900390625,17548.6484375
train,3272,16146.599609375,15741.42578125
train,983,16236.900390625,16206.8388671875
train,354,16088.2998046875,16428.73828125
train,4962,15593.2998046875,15506.4228515625
train,5874,11065.7001953125,11531.794921875
train,5695,12075.599609375,11975.3046875
train,368,9063.0,9624.142578125
train,2954,11317.5,11087.6494140625
train,5234,19195.400390625,19305.677734375
train,32,18130.19921875,18194.939453125
train,5613,12870.2001953125,12855.296875
train,1282,11999.2998046875,12853.6787109375
train,5205,15884.400390625,16031.7177734375
train,1099,18215.599609375,18565.396484375
train,3604,13103.7998046875,12935.275390625
train,4764,4281.900390625,5051.6875
train,456,15633.599609375,16762.24609375
train,5961,12798.7998046875,12445.6865234375
train,866,15588.2998046875,15599.7841796875
train,4418,20771.900390625,21211.6796875
train,4877,15926.400390625,15949.005859375
train,5156,18182.69921875,18224.1171875
train,3906,18612.30078125,19231.3125
train,4473,14801.099609375,15203.7783203125
train,1438,17081.0,16436.94140625
train,3843,10574.0,10747.52734375
train,5591,14487.099609375,13966.3515625
train,4582,18581.400390625,18442.19921875
train,5825,16951.400390625,17091.45703125
train,2650,14843.400390625,14612.9814453125
train,4144,14316.7001953125,15496.8046875
train,455,16792.5,16144.3837890625
train,2015,15844.400390625,16028.46875
train,2400,19643.5,19035.765625
train,6497,13935.900390625,14673.427734375
train,4568,13904.599609375,13935.283203125
train,4496,11521.0,11452.275390625
train,5965,13494.099609375,13804.212890625
train,3333,13272.400390625,12905.2275390625
train,5289,23324.80078125,21703.244140625
train,1414,11683.900390625,12279.943359375
train,3162,6766.0,7269.52783203125
train,1840,15571.0,15749.3896484375
train,6353,14207.7001953125,13860.751953125
train,4476,12692.7001953125,12853.6083984375
train,435,14292.7998046875,14644.7265625
train,3650,15835.7001953125,15623.4091796875
train,5804,16081.599609375,16552.07421875
train,1745,13565.7001953125,13566.21875
train,2094,17480.599609375,17222.490234375
train,5941,14179.2001953125,14775.7626953125
train,4100,11187.599609375,11457.9052734375
train,3137,11082.7001953125,10947.20703125
train,4904,13330.7001953125,14227.07421875
train,195,14395.2001953125,13875.0830078125
train,3986,15568.099609375,14845.421875
train,3671,14311.900390625,14037.3623046875
train,3666,14789.099609375,14900.291015625
train,643,15424.2001953125,15278.5791015625
train,3042,16412.099609375,16325.2373046875
train,1066,18167.099609375,17840.322265625
train,5817,10820.599609375,10579.615234375
train,2911,13512.400390625,13309.513671875
train,2880,8735.099609375,9256.0625
train,6416,19146.099609375,19413.421875
train,6116,12618.400390625,13020.2275390625
train,5072,13369.2998046875,13444.4560546875
train,5586,13256.7001953125,12850.376953125
train,2385,11747.599609375,11992.6064453125
train,6038,16894.900390625,16635.658203125
train,2710,15245.599609375,15124.0322265625
train,150,13955.7001953125,13913.7255859375
train,1791,16351.599609375,16424.92578125
train,5166,14733.7998046875,14752.7080078125
train,1409,15193.7001953125,16098.5927734375
train,5047,13805.400390625,14348.283203125
train,927,16965.19921875,16411.076171875
train,5290,16319.0,16271.2392578125
train,5609,11600.599609375,11803.021484375
train,42,11412.599609375,11482.201171875
train,806,14116.0,14488.376953125
train,1324,8795.201171875,9220.998046875
train,3932,13198.7998046875,13154.1298828125
train,6159,18467.0,17847.205078125
train,5256,10206.0,9404.9140625
train,3938,14828.400390625,15062.1787109375
train,6324,14761.0,14888.9951171875
train,5975,16706.30078125,16542.9375
train,5300,13396.2001953125,13728.6357421875
train,1456,18002.30078125,17414.294921875
train,4261,15367.099609375,14711.37890625
train,3499,17296.19921875,18207.44921875
train,6341,13252.7998046875,13306.7890625
train,3570,17040.599609375,17190.7890625
train,4243,15627.099609375,15333.5302734375
train,1984,19518.30078125,19412.90625
train,6452,10479.7001953125,11222.1552734375
train,4241,14424.2001953125,14921.5263671875
train,965,17549.30078125,17787.03515625
train,19,17604.900390625,17966.5078125
train,6043,17423.80078125,17080.283203125
train,4039,12551.599609375,12394.087890625
train,5512,9754.099609375,10241.7431640625
train,1191,18595.099609375,18545.47265625
train,3214,12145.599609375,12302.626953125
train,4096,15516.5,15579.08984375
train,792,13911.5,13945.458984375
train,419,15960.5,15834.171875
train,4377,9987.7001953125,10153.185546875
train,2446,10283.599609375,10084.876953125
train,6340,14804.7998046875,14416.0322265625
train,1356,12371.2001953125,12469.5966796875
train,4249,16139.7998046875,15822.783203125
train,6411,15345.400390625,15505.5615234375
train,238,18048.80078125,17421.462890625
train,1958,14721.900390625,14551.8466796875
train,2327,17297.0,17266.671875
train,5107,17523.69921875,16967.06640625
train,1157,19242.5,18842.779296875
train,1230,17515.80078125,17385.23046875
train,2437,13181.400390625,13390.8056640625
train,2947,17062.5,16051.2724609375
train,3766,14072.900390625,13702.310546875
train,1999,17197.80078125,17141.759765625
train,1168,15891.2001953125,15573.8232421875
train,6555,15648.7998046875,15094.15234375
train,348,13572.7998046875,13580.7783203125
train,3182,14234.0,13986.80078125
train,778,17739.900390625,18262.681640625
train,4872,16428.69921875,16492.255859375
train,4761,17353.5,17775.96484375
train,6296,18132.599609375,18552.84765625
train,400,15515.900390625,15899.7646484375
train,2175,13855.2001953125,13346.02734375
train,4768,14984.5,14895.646484375
train,4399,12048.400390625,12301.2890625
train,5120,20913.0,19753.1171875
train,5855,15221.7998046875,15104.9267578125
train,5065,14097.599609375,14483.7578125
train,6157,14683.900390625,14129.5830078125
train,3924,17403.5,17013.53125
train,3169,17355.80078125,17354.8515625
train,6512,10556.2998046875,11401.77734375
train,1816,15109.7001953125,14956.6796875
train,1747,18412.599609375,18749.97265625
train,877,15893.900390625,15532.931640625
train,4333,18707.5,18597.49609375
train,6048,16664.5,16573.568359375
train,4216,9728.5,10070.609375
train,681,17107.69921875,16740.357421875
train,1707,18393.69921875,18424.349609375
train,4826,19053.599609375,18807.435546875
train,1774,15747.900390625,15744.4228515625
train,2951,17460.5,17540.318359375
train,1325,17157.099609375,17437.9765625
train,3204,12949.7998046875,12670.419921875
train,425,12346.5,12634.1640625
train,5676,10665.099609375,10570.43359375
train,453,12699.0,12779.58203125
train,6096,16210.7001953125,15980.689453125
train,4875,13885.2998046875,14225.5654296875
train,2916,18058.30078125,17707.37109375
train,2553,18920.599609375,19193.599609375
train,4906,11260.900390625,11899.1455078125
train,4698,18804.599609375,17983.51171875
train,290,16320.400390625,16506.3046875
train,5958,16212.0,16233.0302734375
train,1636,16293.7001953125,16318.68359375
train,72,15535.400390625,16213.779296875
train,631,14314.7998046875,14159.26171875
train,1612,11135.7001953125,11131.359375
train,1446,17020.69921875,17653.99609375
train,1850,9849.0,10512.146484375
train,127,12588.900390625,12479.693359375
train,3444,12859.2001953125,12298.9423828125
train,2796,12778.2001953125,13026.1748046875
train,2901,11497.400390625,11123.7265625
train,5271,15551.099609375,15191.48828125
train,3615,12489.0,12237.16796875
train,2300,13263.099609375,13001.9716796875
train,4566,16315.7998046875,16811.740234375
train,956,11037.7001953125,10836.041015625
train,6420,10644.2001953125,10847.55078125
train,349,16452.19921875,16190.181640625
train,2973,18460.5,18689.611328125
train,4713,14848.2001953125,14378.400390625
train,1713,16475.80078125,16498.728515625
train,3629,12426.2998046875,12268.462890625
train,4790,16534.900390625,16374.552734375
train,3934,10689.900390625,10482.5400390625
train,5119,13692.2001953125,13567.3828125
train,5226,19219.5,19477.412109375
train,1345,9732.2001953125,9633.2890625
train,982,15718.5,16220.0791015625
train,5766,16013.599609375,15897.392578125
train,5225,18255.599609375,18289.380859375
train,6553,16815.099609375,16705.14453125
train,2013,17061.599609375,16851.11328125
train,3835,12697.0,12459.7509765625
train,3058,13651.099609375,13060.2001953125
train,2871,14176.0,14636.40625
train,880,12567.2001953125,12741.6640625
train,5292,16991.599609375,16648.8984375
train,763,18648.900390625,18285.51171875
train,729,17853.30078125,17637.279296875
train,5578,10457.400390625,10542.8349609375
train,3892,12936.2001953125,13448.6328125
train,5887,15854.900390625,16149.658203125
train,1693,17522.69921875,17601.412109375
train,1092,19457.5,18924.5390625
train,1436,12242.900390625,11950.9755859375
train,3994,12172.7001953125,11397.9873046875
train,551,11370.599609375,11007.185546875
train,4325,11176.0,10958.2958984375
train,5861,16704.400390625,16379.7734375
train,4417,14942.2998046875,14679.4111328125
train,3534,13415.400390625,13767.255859375
train,5810,14575.599609375,14458.126953125
train,5281,12044.7998046875,12357.5634765625
train,5629,17590.69921875,17400.82421875
train,6544,13604.0,13498.9091796875
train,1645,10929.900390625,11440.61328125
train,1291,13500.900390625,13367.720703125
train,5784,11288.7001953125,11854.5927734375
train,5171,18257.19921875,17717.494140625
train,2824,11480.2998046875,11889.0458984375
train,1025,13979.0,14491.224609375
train,2399,16890.19921875,16950.0078125
train,4950,17599.30078125,17349.09765625
train,2048,19008.099609375,17818.296875
train,522,10262.7998046875,10451.7265625
train,4057,13467.2998046875,13632.13671875
train,418,13237.2998046875,13442.8818359375
train,452,17526.0,17573.228515625
train,1312,10926.7998046875,10603.462890625
train,2144,13611.400390625,14499.515625
train,6466,10793.099609375,11201.90234375
train,996,16151.2998046875,16362.177734375
train,4338,17542.69921875,17325.53515625
train,3972,17308.5,17373.666015625
train,612,14384.2001953125,14221.5380859375
train,5312,16408.099609375,16319.6708984375
train,6537,17563.599609375,16844.21484375
train,1682,18353.19921875,18207.126953125
train,1144,17016.30078125,16058.173828125
train,2021,13400.099609375,12480.93359375
train,2639,18153.900390625,18309.4609375
train,2159,11354.400390625,10753.380859375
train,3985,21997.5,22126.546875
train,1047,15061.2998046875,14552.8017578125
train,3160,16015.7001953125,15748.2119140625
train,1493,13477.5,13573.0810546875
train,2741,14274.2001953125,14658.92578125
train,2160,13182.599609375,13762.18359375
train,4290,16382.2998046875,16326.6533203125
train,3077,12614.599609375,12939.1748046875
train,6239,16227.5,16130.5107421875
train,2259,12290.7001953125,12905.9931640625
train,1009,12867.599609375,13394.88671875
train,6391,13367.2998046875,12962.302734375
train,3411,15860.400390625,15885.859375
train,3815,10819.099609375,10158.287109375
train,341,13576.0,13491.462890625
train,5481,17045.5,16249.783203125
train,6554,12232.5,12025.904296875
train,1097,6150.7001953125,6985.09619140625
train,3995,9483.900390625,10638.044921875
train,2782,18622.400390625,17923.8125
train,1238,17626.400390625,17807.361328125
train,2419,14502.400390625,14791.2109375
train,3373,8616.599609375,8991.578125
train,3753,12860.7001953125,12782.3330078125
train,2277,11291.2001953125,11371.6875
train,1867,16532.900390625,16487.150390625
train,2047,14072.0,14152.689453125
train,5582,14236.7998046875,14285.97265625
train,5698,14511.2998046875,14564.578125
train,3175,16351.2998046875,16406.96484375
train,2370,13755.5,13585.44921875
train,4296,13352.400390625,13835.998046875
train,1695,16485.69921875,16698.923828125
train,2212,13495.2001953125,13420.529296875
train,5983,18332.80078125,18294.490234375
train,1071,14623.2998046875,14014.1279296875
train,1813,7982.10009765625,7745.99462890625
train,775,14974.400390625,15300.2724609375
train,2544,12452.0,12164.203125
train,3300,16134.599609375,15750.287109375
train,2883,16702.80078125,16046.6435546875
train,3369,18797.099609375,18784.888671875
train,3927,15523.7001953125,15117.703125
train,2434,17072.19921875,17145.69140625
train,1055,13531.599609375,13406.91015625
train,2068,16837.19921875,16123.18359375
train,223,17866.19921875,17457.05859375
train,5699,16082.099609375,15860.37890625
train,409,19266.69921875,19083.568359375
train,6302,16003.900390625,16293.7900390625
train,4004,16683.099609375,16378.8408203125
train,6169,12633.2001953125,12768.8671875
train,2813,11561.400390625,11682.40625
train,1122,9510.5,9142.798828125
train,1103,11600.099609375,11266.97265625
train,4752,11914.2001953125,11990.369140625
train,4021,10628.099609375,10932.1572265625
train,6149,12830.5,12298.7578125
train,362,16533.19921875,16805.189453125
train,5268,11000.7001953125,11873.9609375
train,6293,18397.400390625,18113.630859375
train,2889,18626.5,19087.8671875
train,5116,17121.0,16855.20703125
train,3877,14606.2001953125,14671.341796875
train,3643,10257.099609375,9916.57421875
train,1563,18851.099609375,18839.349609375
train,1096,11358.5,11702.44921875
train,234,13972.099609375,13941.84375
train,6122,11847.7998046875,12123.46875
train,2597,12961.099609375,12705.9033203125
train,3998,17217.5,16658.03125
train,6242,17504.400390625,17353.55859375
train,3131,16119.099609375,16636.154296875
train,117,16087.900390625,15480.0537109375
train,3812,15817.5,15856.203125
train,2105,13604.099609375,13565.076171875
train,4839,17600.5,17378.048828125
train,497,15570.7001953125,15502.1201171875
train,3907,19230.900390625,19229.23828125
train,995,14930.599609375,14302.478515625
train,5947,13340.599609375,13523.306640625
train,6125,9741.0,10580.888671875
train,1021,20638.30078125,19714.158203125
train,907,16363.599609375,16397.453125
train,5335,17676.19921875,17940.529296875
train,392,15592.2998046875,15847.10546875
train,1857,13418.7998046875,13653.6064453125
train,940,11695.7001953125,11359.2841796875
train,186,18392.400390625,18258.06640625
train,6355,17227.5,17095.72265625
train,769,16862.599609375,17349.291015625
train,4357,14417.7998046875,14727.2060546875
train,332,16767.0,16912.73046875
train,6037,11471.5,11377.6455078125
train,871,20092.0,19382.31640625
train,5525,17706.30078125,17363.291015625
train,1063,15561.900390625,15684.865234375
train,6496,11420.2001953125,11805.498046875
train,5265,12505.900390625,13144.35546875
train,2485,17551.599609375,17887.2109375
train,178,14377.2998046875,13880.94921875
train,429,17543.0,17171.794921875
train,1149,17314.80078125,16805.283203125
train,5621,17651.69921875,16530.3203125
train,1830,6047.7001953125,6207.1923828125
train,2920,12275.900390625,12587.953125
train,4897,13919.5,14184.65625
train,5970,12710.2001953125,12630.384765625
train,5125,18771.5,18342.75390625
train,5074,15808.400390625,16070.56640625
train,4214,15819.2998046875,16117.92578125
train,4076,15629.599609375,15630.111328125
train,4304,14117.7001953125,13787.2578125
train,3278,18007.0,17870.396484375
train,1478,12304.2998046875,12272.3544921875
train,5880,16615.900390625,16844.521484375
train,537,14048.599609375,14574.109375
train,514,12741.2998046875,13092.5048828125
train,3127,13005.2998046875,13092.888671875
train,4796,17202.0,17396.462890625
train,172,17327.30078125,16972.404296875
train,604,14110.2998046875,14151.552734375
train,2985,16007.7001953125,16201.53515625
train,777,4786.099609375,5134.79296875
train,5950,12805.900390625,13081.16015625
train,3314,16676.19921875,16697.048828125
train,4579,12449.2998046875,12462.513671875
train,3519,14698.7998046875,14920.2939453125
train,5694,14713.0,14723.1591796875
train,5111,18688.099609375,18760.708984375
train,4957,15704.099609375,14997.814453125
train,3296,15907.0,15585.0341796875
train,5760,12962.5,12607.82421875
train,4827,16381.0,15888.2275390625
train,5163,16142.7998046875,16405.8359375
train,3103,15078.7001953125,14761.8662109375
train,5652,17150.0,17176.779296875
train,6451,15706.2001953125,15730.611328125
train,2134,13627.0,13203.1572265625
train,656,14997.0,14745.26953125
train,1821,17277.69921875,17359.197265625
train,4575,18050.0,18391.96484375
train,3602,8460.80078125,8677.88671875
train,1760,15995.900390625,16074.4541015625
train,4788,12177.900390625,12651.89453125
train,248,12906.2001953125,12831.2998046875
train,2143,16548.69921875,16328.4033203125
train,4011,14542.7001953125,14322.927734375
train,5697,17628.0,17362.435546875
train,3920,17405.900390625,17619.720703125
train,1267,17184.900390625,17238.09375
train,2516,10623.2998046875,11064.833984375
train,4311,18227.0,17946.513671875
train,3486,16294.900390625,16064.4765625
train,3235,11553.0,11730.3173828125
train,6541,9131.2998046875,9491.92578125
train,540,17516.900390625,17309.07421875
train,3041,16688.400390625,16389.970703125
train,3336,18070.099609375,18106.953125
train,2745,15320.5,15471.89453125
train,4446,17097.80078125,17285.0234375
train,278,14718.5,14377.8359375
train,6472,18172.400390625,17792.5078125
train,3717,13880.599609375,14077.38671875
train,3015,10686.599609375,10163.5703125
train,2341,11654.099609375,11152.484375
train,6162,14684.0,14562.611328125
train,1884,19283.5,18803.9765625
train,5017,13095.7998046875,13165.6064453125
train,1375,14681.900390625,14261.158203125
train,4472,16636.400390625,16007.5126953125
train,2907,17730.5,17612.48828125
train,1859,15928.900390625,15338.9814453125
train,2771,14658.7998046875,14933.7412109375
train,5288,16986.0,16792.623046875
train,1199,16927.599609375,16884.751953125
train,1653,17208.099609375,17284.771484375
train,730,15714.2001953125,15269.8759765625
train,3177,15508.900390625,15380.5810546875
train,420,13081.7998046875,12818.2578125
train,3806,10938.5,10538.640625
train,6298,15487.599609375,15532.69921875
train,2834,12114.599609375,11957.517578125
train,1803,17239.900390625,17490.345703125
train,6212,14687.2998046875,14483.8740234375
train,5732,10769.0,10195.5693359375
train,5441,10608.2001953125,10644.8740234375
train,5974,14051.099609375,13431.078125
train,2223,9858.5,9722.2919921875
train,4772,17287.0,16795.267578125
train,2661,10382.599609375,10496.3984375
train,5580,17485.80078125,18168.205078125
train,1792,16781.099609375,16934.349609375
train,3795,16410.0,16445.33984375
train,166,17487.900390625,17133.630859375
train,4626,17875.69921875,18488.005859375
train,4829,17491.80078125,17439.26171875
train,1865,11552.2998046875,11635.8896484375
train,6017,14900.2001953125,14714.109375
train,5132,12740.900390625,13172.9443359375
train,2676,16024.7998046875,15329.4345703125
train,3958,15561.7998046875,15387.8818359375
train,6200,13409.900390625,13089.00390625
train,4766,16389.599609375,15930.0869140625
train,4668,10981.7001953125,10586.0283203125
train,6244,18426.599609375,18374.876953125
train,4944,16990.19921875,17075.70703125
train,5605,12992.7998046875,12883.896484375
train,2467,17136.400390625,16665.43359375
train,1308,13719.0,12666.234375
train,2112,12770.599609375,12591.919921875
train,2049,17484.400390625,17559.20703125
train,3215,15434.7001953125,15263.931640625
train,2203,16278.5,15707.41796875
train,1391,17278.80078125,17037.970703125
train,2270,17448.19921875,16487.16796875
train,6216,11544.2998046875,11898.845703125
train,2162,16480.69921875,16544.34375
train,5758,13244.7001953125,12832.6376953125
train,5361,12704.099609375,12755.97265625
train,289,16791.400390625,16686.720703125
train,4052,17029.80078125,17514.349609375
train,1543,15398.5,15475.4384765625
train,920,11837.5,12018.72265625
train,6102,12708.5,12483.015625
train,2844,11680.7001953125,11852.6162109375
train,2166,15049.900390625,14665.271484375
train,3763,13265.2998046875,13307.2265625
train,1378,16006.5,16194.181640625
train,70,17214.0,17281.8984375
train,1095,12633.900390625,13231.67578125
train,3510,16497.0,17058.41015625
train,381,13294.7001953125,12433.94921875
train,629,8691.099609375,8804.017578125
train,3856,17034.400390625,17005.33984375
train,1466,21596.30078125,20007.046875
train,5230,14613.7001953125,14633.173828125
train,4378,11554.7001953125,11351.12890625
train,3729,13154.599609375,13816.7861328125
train,292,13080.099609375,13132.6923828125
train,1276,17972.400390625,17825.220703125
train,1634,15595.0,15759.904296875
train,4619,10724.900390625,11692.099609375
train,2125,17601.400390625,17860.392578125
train,4061,14570.5,14419.5771484375
train,6210,10853.7998046875,10748.5654296875
train,1912,18277.400390625,18028.560546875
train,1639,15707.7998046875,16471.67578125
train,3960,11681.5,11895.3623046875
train,1951,17418.5,17731.953125
train,1939,14915.5,15321.49609375
train,755,17910.099609375,17976.02734375
train,5942,16041.900390625,15832.07421875
train,6347,18461.69921875,18470.650390625
train,4171,14967.2998046875,15073.9072265625
train,3521,12977.900390625,13063.3603515625
train,5921,8478.400390625,8809.4765625
train,6380,17594.5,18272.63671875
train,5552,23486.900390625,21125.923828125
train,265,13925.400390625,13455.41796875
train,2323,16487.099609375,16632.984375
train,501,16107.0,16272.322265625
train,896,14928.7001953125,15232.384765625
train,3861,15580.599609375,15821.396484375
train,2064,12087.2001953125,12426.66015625
train,3966,13996.7998046875,14182.072265625
train,2384,11130.7001953125,10919.9384765625
train,2822,19209.0,19027.34765625
train,3437,15229.0,14906.7587890625
train,4888,17183.19921875,17453.271484375
train,6433,14093.2998046875,13442.7255859375
train,3669,12298.400390625,12851.9853515625
train,34,18341.400390625,18420.30859375
train,8,14249.7998046875,14078.330078125
train,4126,12134.0,11689.060546875
train,5888,16207.2001953125,15624.9306640625
train,617,10816.2001953125,10487.953125
train,1960,14455.0,14113.576171875
train,5904,15665.099609375,15760.6220703125
train,4483,15883.900390625,16120.4853515625
train,6283,18146.900390625,18627.0859375
train,21,16918.30078125,17138.208984375
train,6344,11190.0,11142.25390625
train,5244,11856.0,12394.3515625
train,782,15890.099609375,15479.3408203125
train,4771,17130.599609375,16658.734375
train,4322,11009.2001953125,11210.390625
train,329,18298.0,18339.11328125
train,3513,12720.2998046875,12672.708984375
train,6397,16822.19921875,17439.86328125
train,6071,15383.0,15596.3935546875
train,317,13534.5,14106.990234375
train,6070,10936.7998046875,9907.1689453125
train,4468,14494.2001953125,14571.2275390625
train,488,12889.0,13139.87890625
train,398,12254.2001953125,12075.6552734375
train,6254,17995.5,17490.4921875
train,4427,12576.5,12648.4384765625
train,1413,15512.5,14721.8779296875
train,739,10828.599609375,10878.228515625
train,3194,19208.599609375,19132.23828125
train,3362,13913.099609375,13986.7255859375
train,1038,6603.7998046875,6983.28076171875
train,1946,16560.400390625,17033.666015625
train,3517,15986.0,15118.3935546875
train,4141,10437.400390625,11376.248046875
train,1417,16439.599609375,16068.330078125
train,2461,9325.7001953125,9634.6982421875
train,5170,16368.900390625,16115.990234375
train,6103,21932.80078125,22010.96875
train,580,12398.0,12335.611328125
train,2206,15676.599609375,15028.3583984375
train,2006,16651.5,16565.884765625
train,4204,11102.599609375,10953.85546875
train,1766,10956.0,11106.8271484375
train,5115,12778.0,12805.6826171875
train,2034,17500.69921875,17595.0078125
train,6126,13036.2001953125,12595.7998046875
train,2980,19396.099609375,18838.37109375
train,2774,14709.599609375,14617.65625
train,5907,13688.0,15637.783203125
train,1590,15017.900390625,14626.939453125
train,5237,17147.900390625,16762.48046875
train,3561,13626.099609375,13933.3505859375
train,4315,17869.69921875,18034.515625
train,492,16562.5,16597.642578125
train,4522,10006.7998046875,10234.4140625
train,1554,16022.2998046875,17559.6015625
train,4718,13590.2998046875,13808.541015625
train,2668,14198.2998046875,14586.2705078125
train,651,18920.19921875,17396.578125
train,3941,17477.900390625,16638.966796875
train,2895,15045.2001953125,15833.1337890625
train,5333,16520.900390625,16614.6171875
train,951,13522.400390625,13619.0068359375
train,3738,11524.400390625,11902.3349609375
train,2795,10334.599609375,10438.64453125
train,5584,14828.900390625,14978.693359375
train,5462,10817.099609375,11341.8544921875
train,3983,14552.2998046875,14517.30078125
train,5501,17241.80078125,17180.8828125
train,5567,16689.099609375,16912.869140625
train,4637,10523.7001953125,10566.134765625
train,2109,17144.5,17063.1640625
train,2367,18292.5,18575.126953125
train,5691,14541.5,14522.9365234375
train,640,14672.400390625,14729.9501953125
train,2977,15744.7998046875,16055.98046875
train,5261,19031.0,18870.1796875
train,457,17067.0,17528.8046875
train,3365,12993.2001953125,12745.0400390625
train,4043,8735.0,9047.654296875
train,2967,17471.900390625,17035.810546875
train,4009,11158.7998046875,11445.9501953125
train,762,16351.0,16748.271484375
train,3360,14821.7998046875,14961.5517578125
train,5683,8641.80078125,8530.1123046875
train,955,13764.599609375,13047.0380859375
train,1389,16161.599609375,15518.732421875
train,608,17534.099609375,17636.28125
train,1819,15139.7998046875,14997.9375
train,1359,12448.0,12051.68359375
train,4611,8533.701171875,8433.9072265625
train,1318,16470.19921875,16338.4873046875
train,1208,16078.400390625,16389.482421875
train,2876,15411.7001953125,15362.025390625
train,2969,10000.2001953125,9885.6953125
train,6501,17053.900390625,16935.70703125
train,5733,17107.400390625,17253.962890625
train,2691,7922.099609375,7832.36083984375
train,1012,14778.400390625,14775.6494140625
train,1441,18718.599609375,19035.875
train,2761,15944.599609375,17231.50390625
train,1597,13633.7998046875,13258.951171875
train,2124,11652.7998046875,12008.5205078125
train,3287,18336.69921875,18593.29296875
train,2254,14927.2001953125,14589.2783203125
train,5547,17350.5,17789.9296875
train,4776,16193.5,15646.7255859375
train,3522,7671.60009765625,8031.2568359375
train,1329,11084.7001953125,10953.3994140625
train,6114,11387.099609375,12447.349609375
train,1087,14413.7001953125,14484.669921875
train,5725,15802.900390625,16216.07421875
train,677,19152.599609375,19266.029296875
train,1218,18503.099609375,18336.3515625
train,883,10401.5,10430.337890625
train,5044,13559.7001953125,13566.892578125
train,6234,16621.0,16724.96875
train,5338,16144.2998046875,15286.263671875
train,1633,16230.7998046875,16426.919921875
train,3324,17073.30078125,17346.998046875
train,2388,17208.80078125,17181.404296875
train,4082,17927.69921875,17737.296875
train,2271,14503.599609375,14423.0888671875
train,5577,15118.7998046875,15603.38671875
train,1382,11210.7998046875,11080.1689453125
train,1367,10073.0,10141.84765625
train,4993,15586.5,15031.2529296875
train,2851,15053.2998046875,14664.693359375
train,3893,11251.5,11743.064453125
train,4186,17031.0,17169.5703125
train,3387,17650.900390625,18301.71484375
train,3676,16125.599609375,15608.1630859375
train,2765,12730.2001953125,13396.8466796875
train,4262,10552.7998046875,11038.994140625
train,4319,14117.2998046875,14020.5693359375
train,2398,13210.7998046875,13707.2783203125
train,1620,19065.19921875,18366.40234375
train,6480,16860.099609375,16332.7861328125
train,1204,12317.099609375,12150.1328125
train,5521,15623.2998046875,15647.51953125
train,3059,13945.400390625,14205.162109375
train,4590,17535.099609375,17495.7265625
train,5931,12768.900390625,12875.162109375
train,2943,14719.900390625,14952.830078125
train,6002,13471.900390625,13899.8681640625
train,4470,14898.900390625,14760.0458984375
train,1512,10117.0,11266.4658203125
train,3564,10218.5,10124.6923828125
train,1132,16640.69921875,16566.5625
train,1938,16089.099609375,15390.9267578125
train,1175,14498.599609375,15301.9404296875
train,6014,13731.400390625,13568.052734375
train,810,12518.599609375,12635.880859375
train,545,16573.0,16325.58203125
train,2151,14904.7998046875,15842.0107421875
train,1266,13333.0,14190.8984375
train,2578,17603.599609375,18207.26171875
train,1188,15317.099609375,15203.8486328125
train,4104,13238.2998046875,14559.6298828125
train,6033,20674.400390625,19648.791015625
train,4852,17529.099609375,17023.353515625
train,4227,16523.900390625,16176.486328125
train,5838,14128.5,14152.171875
train,158,16599.900390625,16563.716796875
train,2690,11780.400390625,11855.54296875
train,5565,10642.400390625,10645.75
train,4828,18190.599609375,18392.353515625
train,490,13866.5,13041.6884765625
train,6092,12279.099609375,12281.2734375
train,6335,16865.19921875,17155.984375
train,6229,12245.7001953125,11997.4169921875
train,2044,15510.099609375,15158.849609375
train,3089,16189.7998046875,16081.4677734375
train,198,18345.30078125,17818.603515625
train,1457,18168.599609375,18024.740234375
train,6127,15632.599609375,15515.0146484375
train,3084,16262.599609375,16393.3359375
train,5783,12278.7998046875,12189.3505859375
train,4833,17538.599609375,17596.837890625
train,3915,14124.5,14355.4482421875
train,1135,11090.2998046875,10741.607421875
train,6213,13386.7001953125,13324.9248046875
train,47,14431.099609375,14495.2841796875
train,5987,10414.400390625,10244.83984375
train,430,9852.7001953125,10014.560546875
train,6515,14328.900390625,14765.888671875
train,2425,13361.400390625,13793.1611328125
train,4744,5516.7998046875,5018.474609375
train,5376,17252.400390625,17481.53515625
train,6152,16579.400390625,16716.8125
train,5753,9058.599609375,9332.4716796875
train,4691,17126.099609375,16739.51953125
train,3784,14522.5,14340.0390625
train,404,15348.7998046875,15749.564453125
train,3777,19203.599609375,17620.0390625
train,3822,11368.0,11486.7138671875
train,1120,11640.099609375,11485.916015625
train,4101,15245.900390625,15409.3544921875
train,4209,14298.099609375,14566.642578125
train,5233,17272.5,17381.228515625
train,672,14552.7001953125,14246.8544921875
train,1422,16630.19921875,16684.34375
train,665,9611.5,9680.4111328125
train,4198,5746.400390625,6872.45751953125
train,6549,19008.80078125,19203.955078125
train,3944,14438.900390625,14756.029296875
train,4773,17483.400390625,17162.818359375
train,1403,9482.099609375,9783.24609375
train,4656,14566.5,14843.5205078125
train,4254,14329.0,14042.15234375
train,1509,15174.7998046875,15383.91015625
train,2026,15086.7001953125,15403.3662109375
train,4682,16720.80078125,16568.138671875
train,890,13659.7998046875,13865.6103515625
train,4759,15150.7998046875,15519.443359375
train,2551,11384.400390625,11156.9384765625
train,3592,16866.80078125,16925.390625
train,3021,16633.400390625,16136.310546875
train,5908,20697.69921875,19730.82421875
train,3492,13569.900390625,12997.328125
train,3516,16896.099609375,17305.12109375
train,3019,14555.7001953125,14310.6220703125
train,122,16327.2998046875,16431.05078125
train,6288,10246.7001953125,10696.826171875
train,1481,16030.099609375,15113.4873046875
train,4774,15987.2998046875,16379.6787109375
train,5705,13955.7001953125,13836.21875
train,108,11891.400390625,12182.80859375
train,3184,11534.599609375,13810.7177734375
train,1896,17785.400390625,17046.13671875
train,5703,13577.7998046875,13598.8515625
train,5742,12272.5,12649.861328125
train,3680,12516.2001953125,13033.046875
train,4063,15757.599609375,15496.68359375
train,696,11613.7998046875,11898.291015625
train,5916,16716.19921875,16614.0390625
train,3258,13402.099609375,13466.224609375
train,4587,13124.099609375,13315.3388671875
train,2502,14064.5,14657.599609375
train,683,13081.400390625,12878.6787109375
train,699,18260.5,17776.998046875
train,2079,18185.69921875,18377.265625
train,6536,16724.400390625,16537.392578125
train,1894,13700.099609375,13742.638671875
train,161,16971.19921875,16879.041015625
train,616,16577.69921875,16479.783203125
train,5656,13758.599609375,14913.8095703125
train,846,17325.19921875,17128.6484375
train,169,16750.599609375,16691.33984375
train,6510,18492.400390625,18592.26953125
train,738,14918.2001953125,15105.3544921875
train,4111,15903.7998046875,15879.72265625
train,626,12549.7998046875,12412.10546875
train,5439,15299.599609375,14983.998046875
train,3050,18185.80078125,18031.0
train,904,13434.7001953125,13803.228515625
train,5715,18756.900390625,18697.119140625
train,5343,15879.2998046875,15650.0458984375
train,3951,16679.30078125,16843.30078125
train,4547,17083.69921875,16786.236328125
train,2011,17731.099609375,18656.8203125
train,6299,14647.599609375,14622.59765625
train,2952,12097.5,12221.5859375
train,5708,18429.30078125,18776.556640625
train,5984,18655.19921875,19559.681640625
train,2155,17337.30078125,17568.45703125
train,6523,17756.5,17859.42578125
train,86,12144.7998046875,12355.5078125
train,5893,16164.0,16286.3837890625
train,3200,12440.7998046875,12534.26953125
train,82,13972.5,14736.525390625
train,5944,17705.19921875,17176.462890625
train,4010,14748.7001953125,14583.603515625
train,596,13748.7001953125,12994.091796875
train,2470,16658.5,16796.279296875
train,686,17641.80078125,17705.330078125
train,2246,15683.400390625,15613.08984375
train,969,16713.599609375,16578.904296875
train,4431,13582.7998046875,13933.0517578125
train,13,16376.7998046875,16326.62109375
train,2561,17428.30078125,17353.83984375
train,2147,16830.599609375,16880.154296875
train,2865,16616.80078125,16873.716796875
train,815,16221.5,16431.8359375
train,5597,13022.0,12627.7314453125
train,3132,17219.5,17503.494140625
train,274,12861.5,12714.6953125
train,353,13202.099609375,13859.9677734375
train,2733,13677.900390625,13983.927734375
train,1644,16508.80078125,16328.6884765625
train,475,16224.599609375,16432.30859375
train,4345,13370.400390625,13070.3603515625
train,129,10714.2001953125,10597.1484375
train,954,16997.80078125,17148.4765625
train,4130,13499.400390625,13449.501953125
train,963,12335.599609375,12589.8671875
train,4225,10618.2001953125,10568.79296875
train,2900,18398.099609375,17993.515625
train,2032,10543.0,10962.564453125
train,5986,13204.599609375,13252.0859375
train,365,18346.30078125,18579.359375
train,2896,14332.7998046875,13929.9755859375
train,2413,16945.30078125,16795.529296875
train,2140,14915.7998046875,15262.1240234375
train,3648,16250.900390625,16076.498046875
train,3800,12775.099609375,12226.4794921875
train,5251,14245.7001953125,14248.5673828125
train,448,22245.69921875,20543.34765625
train,933,16780.599609375,16439.08984375
train,433,13633.2001953125,12714.16796875
train,451,10023.0,10260.78125
train,4770,14713.0,14776.419921875
train,4800,17072.0,17987.2421875
train,4193,12551.7998046875,12339.8994140625
train,1982,16439.400390625,16507.380859375
train,1744,13520.400390625,13241.484375
train,5260,16721.30078125,16444.640625
train,5539,9879.400390625,10501.73046875
train,4822,21639.400390625,21225.73828125
train,2874,12717.0,12398.509765625
train,2945,5101.099609375,5143.74609375
train,1185,16181.7998046875,15712.6591796875
train,4273,9112.400390625,9194.1533203125
train,6056,14413.7998046875,14167.095703125
train,2705,11395.5,11025.1259765625
train,249,15652.2001953125,15765.3232421875
train,4515,14894.900390625,14733.84765625
train,212,16682.80078125,18434.50390625
train,2222,13664.7998046875,13706.154296875
train,6267,16578.19921875,16226.294921875
train,3826,17865.80078125,18032.162109375
train,4006,16718.099609375,16913.265625
train,855,12299.900390625,12604.2490234375
train,4175,18169.19921875,18263.703125
train,2022,14477.900390625,14136.8076171875
train,2479,16180.0,15807.08984375
train,6259,17585.30078125,17259.361328125
train,3268,14186.900390625,13912.2353515625
train,2176,13151.2001953125,13004.16796875
train,3827,12468.599609375,12540.734375
train,2826,15800.2998046875,15818.3359375
train,2274,18219.599609375,18318.451171875
train,99,15674.5,14925.04296875
train,3022,11031.2998046875,10897.650390625
train,1585,10559.0,10764.5869140625
train,3829,10334.0,10402.4853515625
train,214,12727.599609375,13105.1865234375
train,869,15098.5,15071.736328125
train,3579,17133.900390625,17288.33203125
train,2465,14664.2001953125,14581.5087890625
train,1892,17449.30078125,17647.57421875
train,31,12167.0,11919.5458984375
train,1843,16382.900390625,16425.7109375
train,6543,17101.900390625,16764.1484375
train,3332,15123.2001953125,14575.759765625
train,4995,15127.2001953125,15072.6884765625
train,38,17406.099609375,17726.6015625
train,3143,16196.400390625,16296.3427734375
train,2719,10062.900390625,10605.3984375
train,743,17617.69921875,17890.37890625
train,816,16136.7998046875,16147.7861328125
train,3585,15112.599609375,15014.1865234375
train,5240,17082.80078125,17260.841796875
train,5632,17190.599609375,17491.125
train,2938,16476.900390625,16493.408203125
train,1660,12342.099609375,11992.3447265625
train,1615,13914.2001953125,13774.32421875
train,2129,13211.599609375,12734.0927734375
train,1779,13804.599609375,14266.904296875
train,1082,21715.80078125,21801.74609375
train,1899,15312.2001953125,15862.8828125
train,3382,14490.2998046875,14040.859375
train,3850,11844.7001953125,12039.501953125
train,4113,16151.2998046875,16449.841796875
train,5180,15401.599609375,15844.4697265625
train,5781,16852.099609375,17097.759765625
train,6158,13100.5,12245.46875
train,6264,17463.19921875,17506.529296875
train,3905,10548.900390625,10845.8623046875
train,624,14314.7001953125,13843.5341796875
train,4040,12087.900390625,12068.8046875
train,17,17402.69921875,17662.68359375
train,4755,17393.0,17042.166015625
train,3789,15383.400390625,15222.0986328125
train,2610,11842.0,11876.3623046875
train,1580,11579.900390625,11433.5419921875
train,6241,14056.7998046875,14260.49609375
train,3302,16777.099609375,15901.4814453125
train,581,16920.400390625,16777.025390625
train,2065,13025.099609375,13283.9921875
train,1570,17607.900390625,17685.15234375
train,5709,18035.19921875,17947.654296875
train,2460,10212.599609375,9540.78515625
train,5301,17242.5,17069.3359375
train,2558,9683.099609375,9535.798828125
train,4114,16733.69921875,16149.6435546875
train,2902,12663.599609375,12982.5205078125
train,3176,11868.099609375,11784.77734375
train,3823,15536.7001953125,15470.6357421875
train,3841,15029.5,15380.939453125
train,4152,10652.2001953125,10937.21875
train,2627,15202.0,14916.7255859375
train,1223,11947.599609375,12450.6103515625
train,3421,10655.400390625,10833.251953125
train,5677,14326.099609375,12991.375
train,5491,18427.599609375,18490.970703125
train,4232,10320.5,10078.84375
train,1048,10489.599609375,10821.0615234375
train,980,14353.5,14034.3876953125
train,6022,15817.099609375,15499.8203125
train,4648,12447.7998046875,12552.556640625
train,4352,15979.5,15929.044921875
train,4620,13845.2001953125,13607.6748046875
train,6326,10648.7998046875,11097.9296875
train,1854,16739.0,16958.666015625
train,2988,16962.0,16569.818359375
train,685,15932.400390625,15797.6162109375
train,3703,14105.7998046875,14332.6552734375
train,1228,12056.7001953125,11965.576171875
train,3170,12973.2998046875,13462.453125
train,5025,16840.0,17742.078125
train,2305,16800.900390625,16698.154296875
train,5304,14837.7998046875,14870.6796875
train,1834,12894.400390625,13304.291015625
train,5112,17570.80078125,17277.056640625
train,336,15744.0,16157.1455078125
train,4503,14493.2998046875,15224.4560546875
train,5934,18489.5,18290.560546875
train,1017,9745.7001953125,9810.2861328125
train,5124,15998.5,16099.9921875
train,4834,14394.099609375,14533.142578125
train,567,16578.69921875,16393.236328125
train,3774,16657.599609375,16568.724609375
train,3470,10241.7998046875,11034.4560546875
train,719,16249.2001953125,16233.68359375
train,1498,16689.0,16421.3046875
train,619,14710.7998046875,14715.3271484375
train,2433,17757.099609375,17930.99609375
train,2017,14675.900390625,14575.7431640625
train,1433,14849.900390625,15225.001953125
train,3309,13666.900390625,13628.12890625
train,6208,14569.400390625,14596.0810546875
train,1491,15307.7001953125,14853.318359375
train,5484,15821.7998046875,16029.53125
train,1365,17182.599609375,16913.275390625
train,1465,15470.7001953125,16012.2578125
train,5245,14454.0,14563.1484375
train,272,18248.900390625,17891.3203125
train,884,15765.2998046875,15911.4765625
train,6012,17453.5,17464.333984375
train,1490,16391.80078125,16716.431640625
train,4818,15373.7001953125,15174.0146484375
train,2283,18479.30078125,18552.47265625
train,2409,15457.7998046875,15462.9677734375
train,359,17201.69921875,16483.07421875
train,1160,17267.80078125,16657.859375
train,2354,17438.69921875,17555.23046875
train,4974,13795.0,13697.9287109375
train,6082,13776.400390625,12946.9736328125
train,1072,15504.7998046875,15109.203125
train,2750,16488.099609375,16103.287109375
train,6422,15389.900390625,15517.6171875
train,857,15745.2998046875,15934.9208984375
train,1918,17816.900390625,16985.662109375
train,6482,12760.400390625,12574.302734375
train,3206,13536.7001953125,13155.6962890625
train,5570,18182.900390625,18300.474609375
train,5222,10311.599609375,10611.439453125
train,531,12649.0,12364.8837890625
train,1930,15433.5,15257.697265625
train,1991,12077.5,12704.359375
train,712,16697.900390625,16495.611328125
train,2146,15592.900390625,15441.6328125
train,1875,15368.2001953125,15528.48046875
train,2538,14201.2998046875,14043.484375
train,2376,15732.7001953125,15014.6220703125
train,3043,10844.2001953125,11034.08984375
train,3227,10823.0,11693.2021484375
train,5134,17334.69921875,17698.8203125
train,735,15520.0,15329.30859375
train,1716,14119.2001953125,13514.849609375
train,6201,16206.2998046875,15732.4697265625
train,6007,15071.099609375,14918.9365234375
train,3970,14379.2998046875,13870.625
train,1944,13536.599609375,13691.64453125
train,5041,16192.099609375,15597.8896484375
train,5581,18699.19921875,18299.380859375
train,876,17958.5,17129.58984375
train,5734,17072.900390625,17270.328125
train,3342,11609.7998046875,11412.0849609375
train,3695,14411.2998046875,14171.66015625
train,4765,12558.400390625,12713.68359375
train,1652,15087.5,15195.966796875
train,4415,12394.0,11806.8681640625
train,2587,12090.900390625,12272.3984375
train,1527,12623.5,12725.203125
train,4986,15407.7001953125,14719.4755859375
train,1330,16450.19921875,16667.287109375
train,3082,14364.0,14587.537109375
train,2504,13622.5,13509.21875
train,765,16740.599609375,16624.884765625
train,5384,17777.30078125,17479.970703125
train,1089,15622.900390625,15933.0078125
train,4308,18523.30078125,18681.435546875
train,5731,14948.099609375,15564.267578125
train,709,13229.400390625,13207.216796875
train,2391,15377.0,15464.34375
train,6294,10164.2001953125,10733.681640625
train,3544,15168.5,15010.07421875
train,3203,10006.900390625,9820.908203125
train,4578,16837.099609375,16253.076171875
train,3008,17210.400390625,17041.615234375
train,5474,14029.599609375,14279.0908203125
train,1650,14995.2001953125,14559.138671875
train,240,17332.69921875,17394.359375
train,2040,12208.099609375,12381.3515625
train,1305,17812.400390625,17589.09765625
train,4274,13455.5,13468.115234375
train,3503,13342.2001953125,13190.7548828125
train,1889,16011.099609375,15900.109375
train,4724,15385.0,15397.9033203125
train,2928,10606.599609375,10823.873046875
train,2602,16963.400390625,16171.0927734375
train,5316,16424.69921875,16405.763671875
train,5346,12816.5,12866.5263671875
train,73,16310.2001953125,16629.62109375
train,5330,12327.2998046875,12590.125
train,2091,10510.400390625,10728.830078125
train,2321,17243.69921875,16509.193359375
train,5087,14575.099609375,14942.15625
train,3269,15885.2998046875,16206.6865234375
train,1574,18400.099609375,18130.275390625
train,5345,14092.7001953125,14144.94140625
train,5127,12655.7001953125,12277.3642578125
train,11,16663.19921875,16638.892578125
train,1171,8731.900390625,9261.5634765625
train,3094,15617.7001953125,15344.3125
train,2738,21054.599609375,20256.830078125
train,3897,17038.099609375,16844.611328125
train,4398,10948.2998046875,10498.298828125
train,2770,13431.2998046875,13159.740234375
train,1879,18522.69921875,17568.212890625
train,6151,13370.0,12798.572265625
train,2324,17903.900390625,17594.78125
train,4286,16841.69921875,17680.08984375
train,1804,12443.7998046875,12520.9892578125
train,820,12156.400390625,12460.900390625
train,1531,18570.900390625,18907.3125
train,2603,16820.900390625,17192.98046875
train,2310,11614.5,12040.7724609375
train,3210,17402.0,17437.291015625
train,2614,14005.400390625,14009.1005859375
train,4348,14417.099609375,14582.3232421875
train,2265,12064.7998046875,12164.09375
train,6106,10830.0,10867.8955078125
train,3779,17598.599609375,17611.892578125
train,106,12921.0,12600.923828125
train,5079,17943.900390625,17853.138671875
train,2600,15801.2998046875,15796.453125
train,4741,11220.7998046875,11163.595703125
train,2291,16362.400390625,16057.482421875
train,5224,16205.599609375,16033.5302734375
train,751,15035.099609375,15593.66796875
train,2699,14542.0,14236.068359375
train,4563,12864.900390625,12955.3193359375
train,756,12033.099609375,12933.4560546875
train,3266,11552.7001953125,11608.08203125
train,5337,16017.7001953125,16919.4609375
train,100,15074.7001953125,15580.90234375
train,1129,13631.099609375,13791.7646484375
train,622,16159.0,15448.4638671875
train,2128,15022.2998046875,15053.3232421875
train,2888,11073.900390625,11557.5068359375
train,3870,22156.69921875,20959.724609375
train,6481,18118.599609375,18830.513671875
train,676,11241.900390625,11414.9150390625
train,5960,18062.80078125,18312.90625
train,2200,12541.0,12243.9775390625
train,4195,17001.400390625,16673.44921875
train,4931,11560.7998046875,11655.4921875
train,2373,17008.5,16471.06640625
train,935,13321.599609375,13616.4833984375
train,4285,17923.30078125,17763.5546875
train,3264,12903.599609375,12852.857421875
train,5643,17757.400390625,17695.7578125
train,1916,11030.5,11170.8095703125
train,1599,16191.2001953125,15692.58984375
train,4361,17292.19921875,17344.7578125
train,3026,11554.599609375,11619.19140625
train,3819,9013.5,9331.140625
train,5328,16055.400390625,16359.865234375
train,6266,12728.2001953125,13085.44921875
train,2678,16371.400390625,16184.6572265625
train,2468,17913.69921875,17733.353515625
train,2584,15069.7998046875,15282.0791015625
train,4572,11477.599609375,10973.7919921875
train,4994,3907.2998046875,4374.8017578125
train,3013,14310.900390625,14996.3515625
train,6101,17302.599609375,17315.955078125
train,2611,18353.599609375,18714.66015625
train,4740,16490.0,16576.42578125
train,4642,11251.599609375,11231.427734375
train,1093,10780.7998046875,10199.978515625
train,441,8319.2998046875,9016.3017578125
train,2508,18519.30078125,16794.322265625
train,4983,11855.400390625,12008.580078125
train,5592,19210.400390625,19375.68359375
train,1988,13240.5,13555.2451171875
train,1789,15902.0,16841.32421875
train,3526,10699.599609375,10547.666015625
train,2746,11205.099609375,11266.1826171875
train,1280,12978.599609375,12614.3310546875
train,6223,15029.2998046875,14989.146484375
train,3412,12719.099609375,12276.1025390625
train,5475,15153.7998046875,14527.8955078125
train,6429,16958.19921875,17206.455078125
train,5948,8902.0,9155.701171875
train,1198,13824.2998046875,13554.126953125
train,2227,14581.099609375,14971.8193359375
train,2872,10524.099609375,10673.953125
train,3471,16832.900390625,17139.548828125
train,4914,16410.30078125,16860.388671875
train,4501,9717.2998046875,9665.95703125
train,133,18189.099609375,16870.640625
train,4652,11307.400390625,11820.796875
train,1847,16871.69921875,14565.1845703125
train,4548,14309.099609375,13722.640625
train,1965,11201.5,11115.9365234375
train,3104,18749.5,18457.64453125
train,2999,17515.599609375,18047.765625
train,1221,13310.599609375,13547.2744140625
train,3460,15421.0,14948.390625
train,3323,16605.599609375,16505.37109375
train,303,16039.7998046875,15215.9326171875
train,1765,14737.2001953125,14399.9541015625
train,5711,18727.30078125,18159.45703125
train,4594,15137.900390625,15163.44140625
train,6110,18907.5,18701.32421875
train,2862,16145.7001953125,15951.2197265625
train,6319,14185.7001953125,13301.287109375
train,1346,17635.599609375,17295.29296875
train,4754,18707.80078125,18694.091796875
train,3653,17277.900390625,17693.123046875
train,1662,7124.0,7748.123046875
train,4854,15967.7998046875,16281.873046875
train,5857,4288.5,4044.326171875
train,2221,11259.2001953125,11311.07421875
train,854,17191.5,17294.5546875
train,1176,13955.400390625,13826.1826171875
train,5618,17357.400390625,17511.478515625
train,3252,11721.7001953125,11229.61328125
train,807,22603.5,20097.23046875
train,2885,7314.89990234375,7729.3193359375
train,6430,15112.2001953125,15101.8955078125
train,4965,17148.5,16852.763671875
train,5814,12788.7998046875,12759.23046875
train,1236,18567.5,18249.078125
train,5176,18956.0,19354.6328125
train,5360,18158.69921875,18296.994140625
train,2687,16501.69921875,16474.98828125
train,5796,16894.19921875,17615.30078125
train,142,12292.599609375,12603.5322265625
train,5472,17813.599609375,17746.259765625
train,3190,16444.80078125,14957.9501953125
train,3903,17736.5,17729.89453125
train,4813,11105.099609375,11060.94140625
train,3879,18079.599609375,17816.6328125
train,4474,13160.2001953125,12881.51171875
train,2667,15963.2001953125,15708.6044921875
train,2326,17930.599609375,17804.654296875
train,2427,16452.30078125,16346.619140625
train,6372,17723.19921875,17821.826171875
train,3922,15584.599609375,16017.748046875
train,785,13481.099609375,13066.3857421875
train,3631,17524.599609375,17650.619140625
train,4289,15633.099609375,15021.421875
train,4129,16031.599609375,15981.060546875
train,1412,14333.400390625,15070.216796875
train,3435,10992.2001953125,11178.05078125
train,4320,16088.2001953125,15459.0390625
train,5776,11229.099609375,11017.904296875
train,6401,15474.7998046875,15309.15234375
train,4990,11363.599609375,11294.9755859375
train,5042,12093.0,11937.263671875
train,2273,12723.2998046875,12357.556640625
train,2867,17335.900390625,16971.513671875
train,2663,16609.900390625,16723.294921875
train,5398,15656.0,15658.7099609375
train,3344,17748.19921875,18260.44140625
train,5064,17588.80078125,17285.724609375
train,5602,18153.80078125,18058.158203125
train,4016,13968.900390625,15187.4931640625
train,2113,10769.0,10754.818359375
train,1165,17214.0,17083.716796875
train,5012,13063.2998046875,12754.74609375
train,682,11704.400390625,12842.9072265625
train,4756,14479.7001953125,14485.0966796875
train,3685,10549.5,10738.466796875
train,4326,13914.5,15692.267578125
train,591,13579.2001953125,13421.9814453125
train,2970,16703.69921875,16710.439453125
train,2968,11447.7001953125,12033.75390625
train,663,15151.0,15250.7373046875
train,5821,17349.30078125,17369.0
train,1657,11208.0,11510.896484375
train,2711,14947.400390625,14852.1240234375
train,4369,16115.400390625,15798.7060546875
train,5745,18163.900390625,18181.462890625
train,207,14730.5,14673.7333984375
train,5103,17097.400390625,16715.271484375
train,3304,13367.599609375,13691.05859375
train,2093,11857.2001953125,11936.388671875
train,3569,11964.400390625,12052.310546875
train,4287,12717.7998046875,12469.7001953125
train,2772,16595.30078125,16797.703125
train,1226,13548.400390625,13483.091796875
train,3061,16571.19921875,16650.92578125
train,2247,13007.5,13306.2578125
train,3283,16192.0,15986.6103515625
train,4769,16106.400390625,16186.361328125
train,2330,14778.599609375,14422.1376953125
train,1034,13148.7998046875,13184.6337890625
train,2764,16071.7998046875,15669.783203125
train,3010,16705.900390625,16241.4501953125
train,4581,12901.599609375,12053.72265625
train,3939,15072.2001953125,15348.0361328125
train,4491,14473.599609375,14557.615234375
train,4767,15393.900390625,15130.9296875
train,1256,10557.2001953125,10688.1171875
train,3702,10408.7001953125,10784.818359375
train,30,14305.2998046875,14337.84375
train,88,15920.400390625,15730.3466796875
train,3374,14805.099609375,15127.103515625
train,774,14440.400390625,14390.5107421875
train,4136,14169.0,13995.8681640625
train,1489,16388.400390625,16098.9306640625
train,2177,13452.2001953125,13654.3603515625
train,1917,13378.7998046875,13411.0810546875
train,5273,17413.400390625,16987.970703125
train,4389,9901.7001953125,10120.892578125
train,1625,17581.0,17529.703125
train,1044,17661.0,17496.03515625
train,3321,14494.0,13917.1982421875
train,680,16444.69921875,15272.76171875
train,5214,16483.400390625,15891.146484375
train,2757,15458.2001953125,14885.5810546875
train,990,14070.099609375,13574.513671875
train,3259,13012.400390625,13009.267578125
train,1148,16402.400390625,16530.921875
train,2374,14145.0,14027.47265625
train,3674,14145.900390625,14006.0234375
train,5982,17487.80078125,17266.791015625
train,4201,17675.900390625,17360.384765625
train,237,17447.30078125,17508.77734375
train,3614,7249.7001953125,7872.00390625
train,3664,19029.19921875,19366.333984375
train,5274,9793.0,10029.7197265625
train,2930,14025.5,14793.2734375
train,6004,18189.19921875,18210.583984375
train,654,18526.900390625,18042.24609375
train,3239,11217.400390625,11042.4619140625
train,4894,14093.400390625,14291.8095703125
train,2956,15867.2998046875,15761.123046875
train,4031,10939.7001953125,10527.435546875
train,499,10802.599609375,10458.49609375
train,2658,16230.7001953125,16956.666015625
train,6141,14560.599609375,14394.9755859375
train,3964,11331.599609375,11055.71484375
train,1022,15490.400390625,15569.349609375
train,2061,14695.099609375,15029.9580078125
train,3959,15448.599609375,15513.1025390625
train,3746,14106.099609375,14151.3662109375
train,3633,17497.80078125,17365.744140625
train,5313,16567.400390625,16598.439453125
train,6060,18849.69921875,18880.076171875
train,4945,17160.30078125,17087.76953125
train,6180,17706.599609375,17621.8984375
train,4933,16957.900390625,17044.224609375
train,3468,10037.5,10052.154296875
train,6552,6148.7001953125,6226.8955078125
train,2652,17030.0,17003.1875
train,4456,14557.599609375,14169.595703125
train,2722,15705.099609375,16220.7744140625
train,3262,12646.2998046875,14057.9052734375
train,131,15592.0,15831.884765625
train,1402,12060.2001953125,11926.291015625
train,3255,13668.099609375,14315.599609375
train,4610,12155.5,12715.791015625
train,3404,10941.900390625,11267.6083984375
train,3280,17765.69921875,17329.90625
train,2302,12466.099609375,12507.0048828125
train,4625,15909.5,16545.8125
train,3755,18243.5,18187.77734375
train,1945,17525.69921875,17118.07421875
train,3305,14889.900390625,14539.9365234375
train,5515,14293.2998046875,14278.5322265625
train,4984,11146.7001953125,11418.01171875
train,2926,16538.099609375,16159.37109375
train,3974,10655.7998046875,10288.951171875
train,2431,12142.400390625,12469.525390625
train,4421,14042.5,13841.5546875
train,1302,12720.7001953125,13154.15234375
train,4248,13628.2001953125,12582.759765625
train,3677,18162.0,18302.12890625
train,2233,17935.0,18066.0234375
train,4125,14286.7998046875,14031.736328125
train,768,14786.400390625,14783.2939453125
train,4077,10678.900390625,10597.70703125
train,2039,16666.30078125,17085.8828125
train,176,14079.099609375,14070.236328125
train,5040,15851.400390625,16576.48046875
train,9,16515.599609375,16280.4228515625
train,1121,13804.599609375,13375.1806640625
train,2684,12767.2998046875,12625.201171875
train,3992,18464.19921875,18692.177734375
train,6289,16534.0,16635.546875
train,1663,18895.099609375,19611.5234375
train,3867,16106.599609375,16113.9599609375
train,1085,15300.2998046875,14757.03125
train,5993,12499.2998046875,12644.6611328125
train,1772,16505.400390625,16252.9833984375
train,2016,14608.900390625,13857.0361328125
train,1001,13188.900390625,13443.41015625
train,4443,16221.5,16369.435546875
train,1996,20144.400390625,20296.830078125
train,3291,10801.900390625,11785.07421875
train,6044,16635.400390625,16292.6865234375
train,1888,17325.19921875,17341.21875
train,385,17598.0,17865.083984375
train,1105,11028.7998046875,10720.3408203125
train,1152,11988.400390625,11700.8125
train,4245,17928.0,18687.537109375
train,1124,12577.2998046875,13123.6884765625
train,5207,11908.2998046875,12032.75
train,2850,14362.7001953125,14424.7744140625
train,3100,13374.400390625,13047.9453125
train,1853,19637.30078125,19145.357421875
train,3937,13765.400390625,13435.9892578125
train,4525,18196.69921875,18227.283203125
train,5239,12368.900390625,12374.189453125
train,4343,14466.5,14359.18359375
train,1503,15327.099609375,15436.666015625
train,3353,11895.099609375,11699.625
train,2640,17091.5,17150.365234375
train,2840,15928.2001953125,16059.8671875
train,578,12651.0,12538.4609375
train,2118,15820.099609375,15695.328125
train,5564,17736.900390625,17842.875
train,458,16432.0,15954.31640625
train,6099,16638.900390625,15924.384765625
train,5845,15085.400390625,16542.587890625
train,4504,19476.099609375,16945.53515625
train,5236,11593.7998046875,12026.7919921875
train,4705,15133.5,15873.73046875
train,2293,10490.2998046875,11399.79296875
train,2932,17065.80078125,18723.62109375
train,5377,13527.2998046875,13650.26953125
train,377,16203.0,15739.5693359375
train,1380,24291.900390625,23185.3984375
train,1711,18998.80078125,19072.5
train,6490,10776.2998046875,10711.185546875
train,5187,13831.2998046875,12924.529296875
train,6284,15872.5,15913.5732421875
train,3153,15683.599609375,16419.5625
train,2723,14187.7998046875,14296.435546875
train,1008,12680.099609375,13162.3798828125
train,6069,14884.599609375,14526.326171875
train,5827,15161.7998046875,15432.7236328125
train,1714,11943.400390625,12381.048828125
train,865,18772.900390625,18510.873046875
train,6003,18212.30078125,18007.19140625
train,3854,15185.0,15336.6201171875
train,3352,16872.900390625,17080.220703125
train,4835,14893.0,14199.8486328125
train,1052,16062.400390625,15648.5
train,4423,16365.2998046875,16688.04296875
train,879,18073.0,17917.66015625
train,1519,18586.400390625,17933.181640625
train,3707,17279.900390625,17693.16796875
train,3875,13949.900390625,14119.357421875
train,1852,15780.7001953125,16267.49609375
train,4545,14890.099609375,15003.7509765625
train,5638,12865.2998046875,14071.5615234375
train,5270,15047.400390625,14875.015625
train,1686,19582.19921875,19194.736328125
train,560,15952.099609375,16680.34765625
train,3639,14351.0,14110.5732421875
train,6379,9830.599609375,10277.984375
train,2596,11974.2998046875,11758.935546875
train,4481,13796.0,14562.8662109375
train,1053,18221.0,18118.873046875
train,4019,17958.30078125,18334.578125
train,5255,15559.400390625,15475.8115234375
train,6339,18905.5,18778.439453125
train,2783,10264.0,10284.6796875
train,853,10161.7998046875,10691.8095703125
train,6447,18782.0,18940.5546875
train,5754,13327.2001953125,13094.2470703125
train,75,10784.900390625,11021.5654296875
train,4179,16672.900390625,16802.203125
train,5364,8858.7998046875,8796.189453125
train,4809,12525.7998046875,12756.623046875
train,6303,16863.099609375,16318.9765625
train,5106,16585.900390625,16638.23828125
train,59,13808.400390625,14182.40234375
train,512,18205.099609375,17238.427734375
train,2481,12818.0,12426.609375
train,6286,17123.0,17084.2734375
train,2309,16642.69921875,16560.45703125
train,6356,14598.2998046875,14904.5283203125
train,573,13594.7001953125,13692.09375
train,4811,10875.900390625,10877.494140625
train,244,16759.099609375,16291.01953125
train,5522,10857.0,10616.00390625
train,2264,11812.2001953125,12293.5810546875
train,3801,20213.599609375,20655.615234375
train,2594,18112.69921875,18280.48046875
train,3862,16042.400390625,16661.248046875
train,408,12002.7001953125,12231.443359375
train,3069,18100.5,17639.966796875
train,6285,12408.900390625,12660.44921875
train,1694,10905.5,10493.603515625
train,2484,16214.2001953125,16434.494140625
train,5488,18860.80078125,18847.57421875
train,1054,17183.099609375,16587.568359375
train,6167,12324.900390625,12155.337890625
train,2575,14071.2001953125,13307.23828125
train,4694,14419.599609375,14582.0615234375
train,2955,16752.099609375,16262.9052734375
train,3572,11732.400390625,11745.4248046875
train,593,20082.80078125,18325.353515625
train,6321,17065.400390625,17092.0859375
train,3636,18017.30078125,17130.419921875
train,1514,11614.400390625,11131.8935546875
train,2338,18618.900390625,18169.65234375
train,4715,12181.7998046875,12178.9658203125
train,5747,14465.2001953125,14528.4677734375
train,4485,19017.30078125,18785.49609375
train,2748,16427.69921875,15751.2412109375
train,1518,13561.7001953125,13907.7841796875
train,5572,17448.19921875,17231.095703125
train,639,11424.2998046875,11439.1484375
train,3539,10819.0,10608.1298828125
train,3749,10453.7998046875,11299.4140625
train,2052,16609.900390625,16814.173828125
train,2780,20722.0,20247.212890625
train,286,16120.900390625,15546.7958984375
train,3645,16020.2998046875,15563.17578125
train,1118,16840.400390625,16814.640625
train,6049,11780.7001953125,11579.30078125
train,1444,11858.5,12379.7529296875
train,5651,14387.5,14315.7939453125
train,2939,17238.099609375,17355.337890625
train,5276,14050.7998046875,13898.4404296875
train,4953,15597.400390625,16216.9794921875
train,1074,15864.400390625,15580.275390625
train,773,16201.5,16511.849609375
train,2601,14522.2998046875,15267.958984375
train,3548,15323.0,15048.5380859375
train,2716,14864.0,14713.5478515625
train,6067,13506.7998046875,13754.03515625
train,5940,15322.7998046875,15995.626953125
train,6535,12349.099609375,12187.9775390625
train,5340,13114.5,13066.4072265625
train,5792,15880.7998046875,15481.49609375
train,1758,13534.7998046875,13813.5400390625
train,326,18664.400390625,18716.984375
train,2311,15176.5,15054.4169921875
train,2857,16481.80078125,16382.072265625
train,3832,11634.400390625,11954.2158203125
train,825,7395.2001953125,7679.8271484375
train,1895,18537.19921875,18543.181640625
train,4426,15183.5,15340.0380859375
train,6495,15045.2001953125,15132.7216796875
train,3768,16474.0,16648.0
train,5956,17329.0,17906.892578125
train,5762,15663.7001953125,15063.8212890625
train,470,12339.900390625,11912.765625
train,5393,16499.5,17277.5078125
train,6462,14115.5,14189.3740234375
train,6504,12124.900390625,12380.8662109375
train,2940,12002.2001953125,12318.873046875
train,3427,15642.900390625,15608.8955078125
train,6077,11814.099609375,11780.5791015625
train,5058,13192.400390625,13255.021484375
train,5454,12365.7001953125,12800.1767578125
train,2881,14405.900390625,14638.1025390625
train,1862,18924.5,17242.15625
train,1070,12171.2001953125,12184.6728515625
train,5311,14685.7001953125,14298.2255859375
train,538,9657.400390625,10101.560546875
train,2542,15878.7998046875,15617.4990234375
train,1638,14720.599609375,15014.310546875
train,2563,13239.2001953125,13350.28125
train,4433,17486.80078125,17491.7109375
train,1704,16363.400390625,16282.0087890625
train,1593,16959.0,16538.4921875
train,495,14071.5,13847.685546875
train,5953,15540.7001953125,14909.75
train,3222,13277.400390625,12994.73046875
train,5453,15652.5,15841.8369140625
train,2815,13345.5,13096.90625
train,6051,7122.7001953125,7914.5693359375
train,1822,15246.2998046875,15834.65625
train,3463,13518.2001953125,13605.67578125
train,5394,12486.400390625,13491.96875
train,3178,14288.7998046875,13572.9912109375
train,3556,16183.099609375,15615.6669921875
train,5735,8038.0,7927.84765625
train,2289,19390.099609375,17109.609375
train,6089,17503.80078125,17633.5
train,3080,15435.599609375,14786.875
train,3963,16710.19921875,15926.2900390625
train,3498,12336.400390625,12516.5263671875
train,4938,17483.099609375,17353.025390625
train,255,18621.69921875,18647.212890625
train,3930,12602.7998046875,12876.15625
train,6186,12681.599609375,12240.75
train,1196,15953.400390625,15942.759765625
train,6015,10055.400390625,10272.681640625
train,1849,12895.0,13284.9794921875
train,1475,17798.5,18654.794921875
train,1224,9159.5,9943.935546875
train,1525,16192.2998046875,15437.0224609375
train,1586,18315.900390625,17696.583984375
train,4893,13602.400390625,13128.9140625
train,625,12207.099609375,11768.7255859375
train,1147,15818.900390625,16230.9267578125
train,4531,13223.400390625,12781.2548828125
train,6156,17224.5,18365.3125
train,832,16406.0,16106.8349609375
train,614,16222.0,16268.3046875
train,2870,17147.0,17445.77734375
train,3887,12282.7001953125,11447.091796875
train,2244,16628.900390625,16725.9140625
train,5867,9065.201171875,9690.138671875
train,5101,16982.400390625,16200.173828125
train,4070,14541.7001953125,14609.0302734375
train,6204,16983.599609375,16658.021484375
train,800,15849.2998046875,16022.1201171875
train,3350,14575.5,15487.65234375
train,1443,15125.0,14917.7392578125
train,3196,13982.099609375,15056.306640625
train,2139,14377.400390625,14124.765625
train,1856,16414.69921875,16753.064453125
train,4354,11376.900390625,10816.689453125
train,3565,14441.5,14412.7197265625
train,4758,12511.7001953125,12732.943359375
train,6034,11503.400390625,11848.505859375
train,4267,13049.900390625,13198.068359375
train,3752,17216.400390625,17369.603515625
train,1485,15223.599609375,15237.5458984375
train,5654,10610.7998046875,11314.2802734375
train,5868,15203.5,15298.9296875
train,498,17388.599609375,17225.330078125
train,257,14485.2001953125,14227.49609375
train,101,12089.599609375,12354.705078125
train,5930,13706.7001953125,14658.1826171875
train,1685,7965.60009765625,8035.79443359375
train,5379,17304.099609375,17334.08984375
train,5616,16833.5,16332.95703125
train,3968,17350.19921875,17656.255859375
train,3838,15147.5,15155.0078125
train,1712,15684.7001953125,15876.3564453125
train,461,17645.69921875,17634.185546875
train,5598,16795.5,17147.56640625
train,2567,15374.599609375,14733.2353515625
train,6132,14655.7998046875,14576.67578125
train,3424,16991.80078125,17413.76953125
train,2463,11681.900390625,11477.615234375
train,5495,15167.0,14710.158203125
train,5083,9389.5,9122.294921875
train,1084,16237.7998046875,16194.1640625
train,3845,15448.400390625,15177.048828125
train,2987,12589.0,13491.9609375
train,687,16161.0,16235.376953125
train,4146,15568.2001953125,15212.861328125
train,3165,11916.400390625,11698.9638671875
train,185,15970.599609375,15644.6962890625
train,6465,13460.099609375,13052.7626953125
train,2077,16084.099609375,15565.4599609375
train,1372,16866.5,16702.58203125
train,5946,14875.7001953125,14658.619140625
train,4918,15809.2001953125,15705.8681640625
train,267,9840.0,10212.193359375
train,5430,14514.0,15043.990234375
train,4256,17014.0,16874.9453125
train,1323,15803.7001953125,16051.2939453125
train,5973,13675.2001953125,13935.1357421875
train,6192,14496.599609375,14599.1455078125
train,695,7950.7998046875,8053.18603515625
train,635,17444.80078125,17219.048828125
train,2286,14915.5,14292.5478515625
train,2086,17114.400390625,16926.57421875
train,1470,21527.19921875,21457.619140625
train,3115,16762.0,16142.5263671875
train,4876,15770.400390625,16004.3837890625
train,4779,17627.30078125,17624.8984375
train,3145,17332.0,17000.4296875
train,5081,13149.7998046875,13124.4560546875
train,1431,14816.7001953125,15000.40625
train,3837,16107.0,16131.470703125
train,6329,16637.5,16289.43359375
train,5902,10644.2001953125,10029.88671875
train,5600,18624.30078125,18159.779296875
train,6202,12467.2001953125,12653.2568359375
train,3065,17896.30078125,17804.9453125
train,3686,9548.099609375,9705.6689453125
train,5614,17890.900390625,17655.189453125
train,4591,17132.900390625,16586.322265625
train,2527,17764.80078125,17085.337890625
train,5414,21383.80078125,21028.91796875
train,3483,13942.900390625,14183.6064453125
train,3809,18221.30078125,18403.5234375
train,1702,14329.400390625,14814.923828125
train,1785,17253.5,17326.107421875
train,1455,16942.69921875,17134.533203125
train,5287,15807.2998046875,15217.8701171875
train,6502,12733.400390625,12580.0712890625
train,1969,12941.2001953125,12552.2587890625
train,943,14226.400390625,14286.34765625
train,2704,11080.2001953125,11284.76171875
train,2590,16663.0,16710.537109375
train,4392,14509.2001953125,14333.5009765625
train,3110,14904.7001953125,14634.1708984375
train,3540,13572.099609375,13383.974609375
train,6373,10135.0,10455.1943359375
train,6551,14140.400390625,14277.2392578125
train,2655,15823.599609375,15509.49609375
train,6154,16225.7998046875,15865.826171875
train,3181,15619.5,15571.021484375
train,1666,14849.7001953125,15186.552734375
train,1362,18429.0,18334.25
train,2972,18436.19921875,17919.462890625
train,5997,14707.400390625,14212.9580078125
train,1651,15884.900390625,16050.6259765625
train,4122,15604.099609375,16767.845703125
train,273,16682.80078125,17097.41015625
train,5009,15071.0,15032.2509765625
train,3117,15147.5,15383.0732421875
train,5030,11435.099609375,11381.4619140625
train,1059,16348.099609375,16164.19140625
train,4312,15026.2998046875,14715.4931640625
train,5989,18290.400390625,18464.98046875
train,3039,16131.0,16012.52734375
train,2386,11078.2998046875,10613.392578125
train,4760,16701.80078125,16360.8935546875
train,6382,16787.69921875,15523.865234375
train,3886,15516.2001953125,14712.296875
train,6035,9712.400390625,9570.0849609375
train,4588,15579.7001953125,14695.3076171875
train,2517,22187.400390625,21641.701171875
train,5743,18011.599609375,17372.060546875
train,1107,14150.2001953125,13766.029296875
train,4845,15036.5,14971.3720703125
train,5076,16825.599609375,17237.03515625
train,2713,10995.5,10576.515625
train,6517,16397.80078125,16618.65625
train,3429,14818.7998046875,15002.8388671875
train,4659,9463.2998046875,8855.0703125
train,3619,17347.69921875,17823.95703125
train,4812,10809.900390625,9965.7578125
train,6509,13222.7998046875,13315.0283203125
train,50,17519.099609375,17492.845703125
train,5595,17266.400390625,17198.37109375
train,157,14768.7998046875,15082.4833984375
train,2063,13636.599609375,13541.314453125
train,6147,13592.900390625,13196.3515625
train,1357,11188.900390625,11272.1865234375
train,2855,15386.0,16079.1943359375
train,2638,18041.0,18567.1875
train,641,12479.900390625,12081.11328125
train,3480,12312.599609375,13007.58984375
train,444,10545.400390625,10834.46484375
train,1231,18264.80078125,17690.458984375
train,3868,10362.7001953125,10220.841796875
train,4370,17068.0,17193.380859375
train,5569,17095.400390625,17101.572265625
train,1910,14164.2998046875,14130.2314453125
train,6396,16332.900390625,16463.142578125
train,3366,13822.2998046875,13867.3935546875
train,343,13694.2001953125,14159.29296875
train,2089,13150.400390625,13083.443359375
train,45,9885.2998046875,9989.068359375
train,786,15062.7998046875,15020.666015625
train,2852,17969.0,17654.826171875
train,5148,12404.599609375,11943.625
train,5936,11361.0,11570.0556640625
train,1363,6827.6005859375,7606.5419921875
train,2879,11538.7001953125,11828.2568359375
train,536,18720.099609375,18651.966796875
train,6020,17144.19921875,17222.205078125
train,3191,16791.900390625,16661.806640625
train,516,17177.80078125,17158.25
train,6171,17747.30078125,18155.02734375
train,1972,12266.7001953125,12040.4306640625
train,2914,14086.0,13758.814453125
train,321,10739.0,11899.94921875
train,5158,13779.400390625,14150.44921875
train,2760,17212.80078125,17198.435546875
train,4384,17802.69921875,17717.05078125
train,5416,16676.80078125,18705.748046875
train,1307,14722.7001953125,14859.4189453125
train,3060,16139.2998046875,15845.580078125
train,3479,15147.900390625,14741.20703125
train,6278,17268.099609375,17311.982421875
train,5720,10421.900390625,10972.017578125
train,788,16096.0,16019.49609375
train,804,12420.400390625,11736.810546875
train,1461,15512.7001953125,14859.8095703125
train,1725,18637.30078125,18306.466796875
train,1250,16808.599609375,16561.537109375
train,2717,18136.900390625,18049.28515625
train,5428,17983.0,17996.654296875
train,3311,13029.5,12891.3642578125
train,2368,15087.7001953125,15408.501953125
train,4482,11050.0,13377.6708984375
train,1260,16165.900390625,16250.2197265625
train,5779,14422.099609375,14369.380859375
train,5183,16760.400390625,16789.96484375
train,3251,17319.599609375,18205.0625
train,2731,15653.2998046875,15817.5107421875
train,5991,13660.099609375,15666.3388671875
train,2090,16503.80078125,15872.6416015625
train,2644,18859.80078125,18744.310546875
train,6398,12735.7998046875,12429.1650390625
train,3072,12776.2998046875,13419.546875
train,6030,15467.2001953125,15370.01953125
train,132,16231.400390625,16408.322265625
train,915,15003.7001953125,14787.89453125
train,2197,16453.400390625,16742.728515625
train,2410,16303.7001953125,15856.0087890625
train,6129,13866.099609375,14026.0546875
train,126,10347.2998046875,10502.865234375
train,5331,16018.400390625,15787.8017578125
train,6526,12403.0,12460.6376953125
train,1777,14400.400390625,14521.47265625
train,4484,12068.2998046875,11491.0615234375
train,4180,15372.5,15372.6767578125
train,5927,16719.5,16405.205078125
train,506,15417.2998046875,14779.1376953125
train,4569,11183.599609375,10864.6640625
train,2183,18272.400390625,18061.55859375
train,2624,15002.2001953125,15634.337890625
train,5764,14903.7001953125,15285.98046875
train,2262,13673.099609375,14589.75
train,957,10987.099609375,11324.2958984375
train,4215,14385.7998046875,14132.7421875
train,3171,14448.900390625,14503.119140625
train,4870,14436.7998046875,14961.970703125
train,2702,16855.69921875,17035.55859375
train,6432,14442.599609375,13596.921875
train,3957,18172.69921875,17545.513671875
train,6118,17310.19921875,17655.158203125
train,1701,15033.2001953125,15766.4921875
train,3155,14552.900390625,14462.046875
train,6025,16876.5,17574.85546875
train,4840,14255.599609375,13745.7705078125
train,668,11025.5,11243.6806640625
train,5473,12371.2998046875,11980.2265625
train,3839,13066.400390625,13684.4794921875
train,5774,11123.900390625,11372.1513671875
train,3391,17983.80078125,16704.494140625
train,2023,13800.400390625,13564.09765625
train,1030,14427.900390625,14521.2802734375
train,1880,15956.400390625,15669.091796875
train,6166,17128.80078125,17183.248046875
train,1949,18061.80078125,17529.48828125
train,594,17450.099609375,17319.431640625
train,2831,15377.7998046875,15619.3095703125
train,4041,15293.0,15846.83203125
train,2074,12292.099609375,12843.052734375
train,1743,13844.599609375,12896.13671875
train,1799,16278.7001953125,16462.193359375
train,2301,16839.599609375,16651.529296875
train,3286,15449.2001953125,15218.0849609375
train,3399,20063.19921875,19246.85546875
train,615,15654.099609375,15919.978515625
train,140,13025.2001953125,12140.7685546875
train,4444,16983.80078125,17158.689453125
train,1437,18416.099609375,18231.62890625
train,3489,13089.099609375,14773.9765625
train,4567,11320.2998046875,11326.2333984375
train,5001,14251.599609375,14283.662109375
train,5604,18835.900390625,18460.255859375
train,3899,14023.400390625,15464.0556640625
train,5768,15369.0,14480.6240234375
train,264,17618.80078125,17407.10546875
train,3727,16017.7001953125,15814.3037109375
train,2100,18001.099609375,18013.9921875
train,2845,18461.30078125,18836.52734375
train,3853,14853.599609375,15024.9716796875
train,2417,16389.69921875,17355.298828125
train,529,16832.400390625,16739.314453125
train,1881,17297.0,17454.05078125
train,4794,16907.80078125,17499.31640625
train,1992,16929.900390625,16815.11328125
train,2287,8506.2001953125,9595.3115234375
train,463,4988.900390625,5672.900390625
train,4614,13384.7001953125,13278.70703125
train,5998,11445.599609375,11127.728515625
train,2480,16092.0,16251.2353515625
train,1868,14511.900390625,13837.1318359375
train,421,12518.0,12383.0107421875
train,5354,17875.5,17231.833984375
train,4549,11931.7001953125,11725.052734375
train,5095,16157.599609375,16207.6015625
train,3627,12639.0,12021.904296875
train,4551,15355.400390625,15542.19140625
train,5419,14136.900390625,14058.716796875
train,4555,7187.6005859375,8292.966796875
train,4599,15041.900390625,14059.3154296875
train,4316,13732.900390625,14536.71875
train,2014,11639.5,11466.634765625
train,2167,16645.30078125,16227.3525390625
train,5121,15145.7998046875,15027.958984375
train,526,9674.599609375,9486.8974609375
train,5352,18217.599609375,18250.99609375
train,281,16816.5,16258.8779296875
train,1877,15993.7001953125,15610.5478515625
train,3704,13016.400390625,13050.771484375
train,3724,17495.400390625,16895.892578125
train,5897,13783.0,13281.337890625
train,4635,10416.2998046875,11142.5908203125
train,1445,18445.599609375,18908.205078125
train,3079,13978.900390625,14103.5078125
train,829,15279.2998046875,15531.6875
train,5421,12269.099609375,12894.3037109375
train,311,17099.400390625,17352.326171875
train,2042,17082.0,17161.35546875
train,3890,12469.599609375,12416.185546875
train,3442,13087.099609375,13401.724609375
train,5450,12272.5,12962.88671875
train,1286,10874.599609375,10599.267578125
train,4,14717.099609375,15024.26953125
train,114,15015.7998046875,15016.3359375
train,5962,13847.599609375,13805.482421875
train,2238,10901.099609375,11215.1123046875
train,2674,11961.400390625,11444.126953125
train,217,18647.19921875,18671.61328125
train,5216,15441.099609375,15265.23828125
train,2531,14259.599609375,14808.4599609375
train,68,17212.0,16419.955078125
train,2721,14312.0,14214.9609375
train,3820,18721.30078125,18557.978515625
train,4857,14799.0,15129.494140625
train,3714,18789.69921875,19255.490234375
train,5679,15811.7001953125,15677.79296875
train,2931,12222.599609375,12579.119140625
train,1839,15263.2998046875,15784.0009765625
train,2114,18282.099609375,17826.314453125
train,2432,10942.599609375,11033.2216796875
train,393,15598.099609375,16099.625
train,4884,14024.400390625,13712.66015625
train,1449,11339.2998046875,11514.3515625
train,5765,16591.900390625,16820.9140625
train,4461,16805.80078125,16836.10546875
train,4589,15906.099609375,15777.953125
train,3158,17233.599609375,17473.2109375
train,6187,16615.400390625,16660.279296875
train,6471,17007.0,16425.228515625
train,5068,18383.30078125,17987.634765625
train,4151,18896.0,18791.72265625
train,4073,16991.599609375,16829.87890625
train,5050,17004.599609375,16709.888671875
train,3859,16706.69921875,17392.15625
train,3346,18363.69921875,17933.55078125
train,2082,14740.0,14923.13671875
train,3599,14496.099609375,14324.4287109375
train,1297,14465.7001953125,13783.857421875
train,6079,17857.400390625,17654.630859375
train,1088,20907.69921875,20573.509765625
train,5710,12067.2998046875,12185.0859375
train,2029,13100.900390625,12914.67578125
train,4032,18683.30078125,18572.533203125
train,78,17995.69921875,17750.9609375
train,2181,17180.0,16897.216796875
train,3294,18387.19921875,18433.546875
train,298,12650.0,13078.95703125
train,3718,8849.2001953125,8771.6005859375
train,3736,15524.2998046875,15042.8125
train,296,10954.599609375,11332.4736328125
train,821,15095.400390625,14639.1376953125
train,3712,10617.5,11058.5068359375
train,2382,7214.7001953125,7428.4267578125
train,2609,18708.599609375,18453.556640625
train,937,15423.0,15152.5791015625
train,3388,18468.0,17979.5078125
train,2802,14325.2998046875,14477.068359375
train,4602,13506.7998046875,13643.4501953125
train,3052,4717.099609375,4981.3291015625
train,5589,10382.0,10782.029296875
train,310,18816.099609375,18411.9140625
train,1190,14309.599609375,14075.216796875
train,116,20718.400390625,20765.95703125
train,5840,12553.400390625,12524.8056640625
train,4131,17163.400390625,16569.05859375
train,3723,15711.900390625,15222.5048828125
train,1264,11685.099609375,11949.7109375
train,250,10424.5,10741.7734375
train,5871,17254.0,16822.537109375
train,706,16974.900390625,15950.171875
train,3462,16094.099609375,16319.09375
train,1720,17059.900390625,17380.36328125
train,3386,15880.900390625,15843.486328125
train,4116,15186.5,15485.3076171875
train,3121,12192.0,12348.146484375
train,5641,14113.2998046875,13997.4716796875
train,439,14195.400390625,14253.6103515625
train,3405,7051.2998046875,7255.8994140625
train,2261,17076.30078125,16101.68359375
train,4291,9013.2001953125,8969.037109375
train,481,8486.7001953125,8559.9404296875
train,1909,11791.099609375,11080.1103515625
train,4270,13498.2001953125,13536.0380859375
train,2766,14948.900390625,14762.0927734375
train,565,19313.80078125,19220.611328125
train,2472,13801.5,13352.5078125
train,4628,13577.400390625,13098.6337890625
train,1113,13192.7998046875,13182.564453125
train,1469,17271.30078125,16751.771484375
train,1428,14705.2001953125,14716.88671875
train,339,15482.5,15151.2646484375
train,3925,13361.2001953125,12715.169921875
train,3071,11353.2998046875,11214.8427734375
train,5067,14433.2998046875,14457.638671875
train,5684,16440.69921875,15937.2646484375
train,6312,16092.099609375,16042.9892578125
train,4573,16840.19921875,16657.201171875
train,1675,9959.900390625,11143.1572265625
train,1460,6065.400390625,6548.1630859375
train,632,15208.400390625,15799.421875
train,1265,17581.5,17759.3828125
train,4127,17108.900390625,16877.783203125
train,2337,17965.80078125,18532.57421875
train,3942,12374.5,11968.3505859375
train,1067,18948.80078125,18892.923828125
train,4224,16877.80078125,16861.732421875
train,2220,11479.900390625,11842.6572265625
train,4735,17210.599609375,16758.75
train,3895,15991.599609375,15575.912109375
train,6112,16126.2998046875,15784.330078125
train,2408,16737.099609375,16931.79296875
train,154,12266.0,12360.9306640625
train,1957,16836.0,15600.5986328125
train,1392,17628.19921875,17313.27734375
train,6026,15363.7998046875,15205.90625
train,312,18698.69921875,19152.1875
train,1604,14913.7001953125,15484.1240234375
train,5094,16367.7001953125,16015.939453125
train,6041,17080.30078125,19095.9765625
train,5687,14943.5,14984.0966796875
train,4727,15037.0,15058.755859375
train,5617,14924.599609375,15750.44140625
train,913,17840.099609375,17019.740234375
train,3341,14339.7001953125,14745.17578125
train,6307,14673.7001953125,14650.27734375
train,3673,16652.5,16413.6640625
train,4856,13101.0,13140.646484375
train,1335,17614.0,17745.6953125
train,5873,13614.599609375,13760.517578125
train,483,15172.599609375,15541.0986328125
train,5653,16134.400390625,15664.8212890625
train,5371,16683.900390625,16231.189453125
train,5659,15818.400390625,15797.5390625
train,3123,11977.2998046875,11675.7822265625
train,787,16311.2998046875,16999.1484375
train,5752,11231.2001953125,11559.9619140625
train,2308,14779.5,15457.0869140625
train,5142,12491.400390625,12454.240234375
train,6016,11162.099609375,10716.8369140625
train,6345,14461.2998046875,13871.6123046875
train,1376,14798.599609375,15103.248046875
train,5014,12470.7001953125,12332.51953125
train,4952,10763.0,11085.7626953125
train,5016,15876.599609375,15193.6611328125
train,5899,17593.69921875,17466.62109375
train,2593,11665.7001953125,11514.427734375
train,5741,10134.599609375,10872.2421875
train,2234,16478.900390625,16216.1767578125
train,3697,12204.2998046875,12040.5458984375
train,3501,16849.900390625,16860.525390625
train,5957,14777.7001953125,15036.24609375
train,5368,18360.400390625,18070.384765625
train,3955,16958.19921875,17178.9296875
train,761,14295.5,13866.6181640625
train,4653,15055.900390625,14962.8369140625
train,12,17135.80078125,16871.80078125
train,177,16410.0,15844.54296875
train,4823,11948.900390625,11550.3583984375
train,6455,16565.5,16204.556640625
train,2515,13098.599609375,13021.08984375
train,733,15486.2998046875,15618.7783203125
train,835,17994.599609375,17830.9921875
train,175,10316.2001953125,9850.501953125
train,3481,13570.2001953125,13332.14453125
train,3150,11842.900390625,11701.92578125
train,5844,16394.5,16680.08984375
train,434,15854.7001953125,16272.0068359375
train,3582,14144.0,14027.72265625
train,3048,16855.5,16634.095703125
train,5620,15041.2998046875,14850.0537109375
train,5447,12248.7998046875,12022.5341796875
train,4905,13534.099609375,13719.1982421875
train,137,15864.099609375,15206.708984375
train,637,10545.7001953125,10201.0068359375
train,5267,11365.5,11030.8046875
train,2096,17339.900390625,17377.44921875
train,4475,17205.69921875,17025.453125
train,6255,13465.900390625,12854.6240234375
train,4310,12970.2998046875,14417.0234375
train,4711,15878.099609375,15946.4736328125
train,1507,17929.69921875,17856.341796875
train,2532,18327.099609375,18278.55859375
train,1065,16965.599609375,17053.685546875
train,6388,18552.80078125,18666.287109375
train,4981,11564.099609375,11897.87109375
train,5722,18661.099609375,18523.306640625
train,5650,15946.099609375,16288.220703125
train,2406,11688.2998046875,11969.2392578125
train,2278,16232.0,15534.3330078125
train,705,17483.900390625,17545.81640625
train,2498,11651.099609375,11109.9091796875
train,1241,16234.5,16142.2470703125
train,5318,18276.80078125,17572.19921875
train,5730,15688.2001953125,16271.1298828125
train,2193,12119.2001953125,12139.5537109375
train,4164,18250.19921875,17304.78515625
train,3394,10099.5,10593.177734375
train,6124,17500.30078125,17334.15234375
train,2786,16272.5,15603.52734375
train,4543,11172.599609375,10727.4140625
train,5013,15742.099609375,15993.98046875
train,4147,15287.7998046875,15684.998046875
train,1353,15218.900390625,15134.525390625
train,1477,11907.099609375,11690.12890625
train,1866,16205.5,16298.5498046875
train,3464,16919.0,16666.380859375
train,4732,12622.5,12594.955078125
train,510,13337.2001953125,14759.833984375
train,6198,17270.5,16660.1171875
train,2976,9073.099609375,9303.939453125
train,1985,14260.599609375,14285.1298828125
train,6316,17453.900390625,16679.25390625
train,6139,17289.099609375,17227.578125
train,1935,11928.400390625,11769.7666015625
train,6024,15849.900390625,15785.34765625
train,4532,16138.7998046875,16006.6923828125
train,4432,13465.2001953125,14562.123046875
train,3199,13579.7001953125,13771.21484375
train,5919,9521.0,9761.5205078125
train,2963,18586.19921875,18237.09375
train,1100,16187.400390625,15952.224609375
train,5347,15904.7001953125,16305.1904296875
train,2647,17117.80078125,16245.482421875
train,5202,15127.099609375,14890.7392578125
train,480,14410.7998046875,14415.767578125
train,2618,16973.900390625,16602.005859375
train,4358,12738.7998046875,12240.9111328125
train,4351,13352.0,13021.9150390625
train,5848,12791.7998046875,12047.6767578125
train,5159,14065.0,14096.875
train,2789,14966.5,14663.31640625
train,6514,15935.400390625,15632.8251953125
train,2736,13471.2998046875,13488.7421875
train,5555,17628.900390625,17688.189453125
train,6306,16310.7001953125,16197.4072265625
train,6251,16666.80078125,16711.134765625
train,5988,12661.2998046875,12810.3828125
train,4477,17301.400390625,17876.57421875
train,3683,14497.0,14462.775390625
train,2005,15517.2998046875,15845.1962890625
train,5749,16435.900390625,15626.00390625
train,3848,15411.7001953125,14732.966796875
train,5036,15049.400390625,14975.09765625
train,4699,10499.599609375,10703.87890625
train,5483,14804.2998046875,14442.7080078125
train,4510,15126.7998046875,15767.8525390625
train,4221,16173.0,15915.244140625
train,2145,10504.7001953125,10661.01171875
train,5032,14089.7001953125,13673.30859375
train,2242,9932.7998046875,10068.193359375
train,3224,13876.400390625,14476.63671875
train,772,10167.7998046875,10195.205078125
train,77,17281.30078125,16727.478515625
train,2979,15805.0,15909.7060546875
train,1664,16305.2998046875,15960.888671875
train,991,16047.2001953125,15602.38671875
train,6435,10455.900390625,10591.8359375
train,2755,9404.0,9162.25
train,2905,17129.19921875,17198.55859375
train,5500,15469.900390625,15234.8671875
train,4961,4867.2001953125,5657.171875
train,3275,18222.599609375,17879.19140625
train,2251,17681.0,18514.30078125
train,6369,16568.69921875,16218.6259765625
train,4005,18075.19921875,18139.5390625
train,424,15767.0,17225.076171875
train,575,13110.2001953125,12728.08984375
train,3756,14014.2001953125,14390.6767578125
train,2692,17239.30078125,17998.478515625
train,919,15570.900390625,15705.8740234375
train,6488,16539.5,16347.876953125
train,5517,11056.400390625,11641.5703125
train,2744,11657.5,10658.69921875
train,1546,16009.2998046875,15601.931640625
train,5737,18455.099609375,18463.28515625
train,3168,12292.2001953125,12313.86328125
train,1255,11215.2001953125,11231.33984375
train,5863,17800.400390625,17484.4609375
train,6181,15132.7998046875,15301.5927734375
train,3621,14486.7001953125,14759.244140625
train,215,19130.900390625,18913.84375
train,2487,12077.900390625,11838.7646484375
train,231,15893.599609375,15617.615234375
train,511,11265.599609375,10956.01953125
train,799,4867.2001953125,5439.7431640625
train,1207,10446.599609375,10572.1533203125
train,723,18158.599609375,18106.25
train,251,16641.400390625,16556.25390625
train,2630,17218.900390625,16832.951171875
train,5839,10027.900390625,9942.919921875
train,4970,21512.5,20602.8671875
train,1205,12577.900390625,12365.3603515625
train,6331,17026.69921875,17089.076171875
train,2664,14651.099609375,14996.51171875
train,5303,19844.5,19352.0546875
train,5833,17140.099609375,17259.841796875
train,3180,15042.5,15323.984375
train,892,16159.0,16309.2109375
train,5283,14792.099609375,15093.470703125
train,4709,16170.7998046875,16061.146484375
train,1583,17850.900390625,16717.33203125
train,6304,16249.599609375,16594.447265625
train,2173,5182.7001953125,6004.6552734375
train,3988,13917.7998046875,14082.802734375
train,5209,14583.2001953125,14717.408203125
train,309,13616.7998046875,13723.427734375
train,5881,18969.80078125,18641.134765625
train,1327,13268.099609375,14204.26171875
train,3320,14542.2001953125,15000.3603515625
train,203,16219.400390625,16545.71484375
train,3989,17749.400390625,17475.23046875
train,4509,16828.0,16507.171875
train,221,15059.5,15322.060546875
train,5262,10403.900390625,10866.861328125
train,1993,15675.7001953125,15464.634765625
train,3220,14412.2001953125,14554.40234375
train,1559,16440.099609375,15626.0087890625
train,1399,17957.900390625,17892.6328125
train,1905,11767.2998046875,11637.7265625
train,5736,16342.599609375,16283.376953125
train,2511,14964.5,15446.728515625
train,3315,18495.5,18165.162109375
train,454,14308.900390625,13791.5693359375
train,5051,16132.5,15866.4248046875
train,3814,15226.2001953125,15598.8642578125
train,2454,10205.5,10680.947265625
train,6485,10950.599609375,11350.1728515625
train,3730,13057.5,13156.87890625
train,748,11329.099609375,11860.2177734375
train,3307,11015.900390625,11490.462890625
train,1906,13474.2001953125,13244.017578125
train,1769,17241.400390625,17155.27734375
train,4166,15666.7998046875,15857.58203125
train,6291,11407.0,11560.263671875
train,885,16831.80078125,17353.4296875
train,1026,10951.599609375,10802.19921875
train,1668,11366.2998046875,11889.9375
train,1406,14799.599609375,15245.92578125
train,5926,18902.80078125,18858.58984375
train,3798,17488.599609375,17459.375
train,5448,16780.0,16816.546875
train,1647,17096.19921875,16923.203125
train,2548,10371.0,10566.65234375
train,6188,8664.7001953125,8784.794921875
train,1415,10723.099609375,10307.2099609375
train,4212,13548.7998046875,13516.8544921875
train,5660,15985.0,16002.91015625
train,3833,15550.2001953125,15361.7763671875
train,813,15674.2998046875,16335.0068359375
train,4301,17364.19921875,17110.724609375
train,5909,16662.400390625,16777.494140625
train,1247,12186.7998046875,12462.076171875
train,92,19042.69921875,19281.703125
train,6494,12912.900390625,12393.845703125
train,372,16203.599609375,15705.681640625
train,1842,17398.30078125,17528.673828125
train,4896,19414.599609375,18340.833984375
train,2922,17403.19921875,18016.7109375
train,138,18472.400390625,19258.51953125
train,3310,15510.900390625,15172.9755859375
train,1143,12885.7998046875,13257.55078125
train,3338,19053.69921875,18331.595703125
train,3306,15961.599609375,16165.4521484375
train,4397,14905.0,15052.55078125
train,3035,15645.5,15789.09765625
train,4654,17483.599609375,17483.74609375
train,1043,15405.400390625,15439.158203125
train,1589,11795.900390625,11258.3447265625
train,4703,13350.7001953125,14905.392578125
train,2307,17625.0,17555.78515625
train,3068,9261.5,9891.73046875
train,6205,11847.400390625,11856.408203125
train,5253,10999.400390625,11050.7109375
train,601,16028.7001953125,15211.52734375
train,465,18889.099609375,18391.64453125
train,373,10996.599609375,11331.9111328125
train,3253,15585.900390625,15785.521484375
train,2997,17488.0,17778.7734375
train,3073,15799.099609375,15306.9052734375
train,708,14793.7998046875,14462.849609375
train,2519,16476.30078125,16337.0751953125
train,6023,17036.0,16530.4140625
train,5332,17325.5,17503.62109375
train,3490,17047.400390625,16904.87890625
train,4405,13217.599609375,12735.3134765625
train,2322,15604.7998046875,15148.0107421875
train,2486,14314.7998046875,13801.9462890625
train,220,17006.69921875,16087.791015625
train,5066,17217.5,17853.1015625
train,5496,9534.0,9638.470703125
train,5280,14553.7998046875,14491.357421875
train,3108,11612.2998046875,11712.2314453125
train,3515,15039.7998046875,14861.572265625
train,2821,22158.5,21383.95703125
train,5386,14576.2001953125,14467.765625
train,91,16177.5,16097.859375
train,715,16006.7998046875,15920.3994140625
train,5286,11387.400390625,11262.5546875
train,710,10028.7001953125,10028.7802734375
train,527,16430.099609375,15664.69140625
train,1045,14606.900390625,14850.2490234375
train,4921,17555.0,17548.5
train,6256,16404.30078125,16279.388671875
train,4946,18162.80078125,18222.3203125
train,3608,13107.099609375,13149.5380859375
train,1390,18652.099609375,18911.34765625
train,4663,15331.5,15746.314453125
train,3773,14761.0,15028.4091796875
train,5220,19294.599609375,19110.83203125
train,6425,17179.099609375,17297.552734375
train,3911,17287.400390625,16700.291015625
train,4627,10366.099609375,10229.30859375
train,2620,16013.2998046875,15753.1083984375
train,5865,13895.2998046875,14542.125
train,18,13692.599609375,13265.87890625
train,4738,16702.69921875,16414.345703125
train,607,13965.599609375,13822.4658203125
train,4677,18164.599609375,17821.958984375
train,3493,14525.400390625,14217.0888671875
train,4810,12961.599609375,13006.1103515625
train,1222,13136.7001953125,13399.171875
train,4908,10861.099609375,11321.6845703125
train,2389,14494.7998046875,14211.857421875
train,4634,13087.400390625,12871.7197265625
train,1364,16892.400390625,17595.71875
train,1811,18305.80078125,18562.625
train,4721,11594.2001953125,11339.5087890625
train,5029,13234.0,12934.0224609375
train,396,17110.400390625,17208.494140625
train,4441,12099.0,12645.666015625
train,6211,14489.0,14523.5673828125
train,4205,11010.0,11127.724609375
train,2599,10242.400390625,10739.4296875
train,29,12040.5,12036.634765625
train,28,14706.599609375,14897.09765625
train,6394,16939.099609375,16605.720703125
train,6381,16758.599609375,16921.99609375
train,994,11759.2998046875,11837.806640625
train,603,16418.099609375,16147.2880859375
train,2524,13148.400390625,12512.6240234375
train,1947,18522.599609375,18018.650390625
train,2483,12799.2001953125,12644.8359375
train,1060,13657.099609375,13082.5703125
train,57,11858.900390625,12433.46875
train,1328,15216.400390625,15219.595703125
train,5685,13542.900390625,13974.2841796875
train,4337,13543.0,13221.916015625
train,1860,10778.7001953125,10406.205078125
train,1467,14700.400390625,14809.4853515625
train,4887,16591.400390625,16599.998046875
train,2820,9256.0,9372.873046875
train,5480,15505.2998046875,15526.7861328125
train,1073,14421.0,15160.5078125
train,1304,18032.900390625,17311.328125
train,2031,15850.2001953125,16124.26953125
train,3417,16446.19921875,16894.970703125
train,230,13293.099609375,13741.955078125
train,4886,17653.69921875,18330.884765625
train,1981,9249.7998046875,8950.724609375
train,549,18097.900390625,17701.51953125
train,2858,19384.900390625,18325.396484375
train,1750,16691.69921875,16658.177734375
train,347,11292.7998046875,11251.8642578125
train,6308,13319.099609375,13201.0009765625
train,4048,7730.900390625,7991.64404296875
train,3033,17374.599609375,16721.955078125
train,5204,16919.0,16871.0234375
train,1749,13872.5,14151.58984375
train,4937,17628.400390625,17492.01171875
train,1215,5085.7998046875,5537.4873046875
train,1617,19309.69921875,19885.119140625
train,2003,18305.0,18961.26171875
train,655,14580.7001953125,14728.947265625
train,1083,15776.900390625,15648.640625
train,5434,14545.400390625,14429.716796875
train,4079,11005.0,10813.771484375
train,3788,17889.5,17520.662109375
train,4837,16279.7998046875,16173.40234375
train,2171,19030.30078125,18440.60546875
train,3102,16170.7001953125,16745.669921875
train,918,10914.0,10988.83203125
train,862,17861.0,17272.59765625
train,5059,15983.5,16087.0419921875
train,554,10413.7998046875,10238.640625
train,3450,15925.0,16372.48828125
train,5548,14933.5,15149.3466796875
train,415,16600.5,15992.748046875
train,5719,14080.400390625,14200.3408203125
train,6528,10270.0,10821.29296875
train,1915,12750.7998046875,13021.91796875
train,3638,11144.2001953125,11862.642578125
train,4992,17025.900390625,16894.251953125
train,322,12879.2001953125,12440.6123046875
train,2555,17288.0,16873.328125
train,670,16073.7001953125,15867.130859375
train,6173,12292.0,12809.89453125
train,4448,18612.69921875,18610.201171875
train,2975,16914.30078125,16302.91796875
train,3298,17136.900390625,17430.421875
train,5433,12331.5,12052.416015625
train,2595,10940.0,10548.125
train,3860,17075.900390625,16726.083984375
train,5593,16949.30078125,16821.962890625
train,5264,11161.599609375,10997.650390625
train,3748,15061.5,15289.3876953125
train,1966,17026.0,16783.29296875
train,1338,15092.2998046875,14911.177734375
train,479,14398.400390625,14256.1064453125
train,342,13486.0,12944.07421875
train,2787,16576.5,16110.0263671875
train,4742,10905.900390625,10799.2001953125
train,139,12782.2001953125,12937.78515625
train,4607,12586.400390625,12643.5185546875
train,173,16911.19921875,16990.48828125
train,5903,22210.19921875,18635.6640625
train,3858,13544.0,13576.009765625
train,6214,14736.2001953125,13958.6669921875
train,4789,17153.400390625,16854.447265625
train,3054,16599.599609375,16644.564453125
train,4467,15132.7001953125,14880.3447265625
train,4639,11656.2001953125,11705.1884765625
train,6245,12676.7001953125,13002.529296875
train,1405,17134.69921875,17630.4375
train,5571,15433.0,15601.6220703125
train,170,15796.2998046875,15628.4716796875
train,3956,15869.099609375,15607.6083984375
train,3106,16528.099609375,16409.068359375
train,3297,16280.2998046875,15815.1796875
train,3223,10804.5,11437.4306640625
train,2936,17486.0,17975.466796875
train,125,11330.2001953125,11321.083984375
train,5858,12603.0,13161.013671875
train,2915,18828.69921875,17804.94921875
train,4817,16624.69921875,16494.095703125
train,3965,13466.900390625,13326.740234375
train,5562,21117.5,21313.982421875
train,313,15756.2998046875,15930.1416015625
train,1106,15151.900390625,14426.7880859375
train,572,11255.5,10781.4013671875
train,2509,18847.099609375,18339.23046875
train,4242,13888.099609375,14371.3408203125
train,5160,16054.2001953125,16907.013671875
train,4838,17585.69921875,17506.208984375
train,4266,15172.7998046875,15029.8046875
train,1101,16569.400390625,16002.3037109375
train,1726,15897.599609375,15927.876953125
train,4329,12204.2001953125,12645.453125
train,5075,12025.7001953125,11243.4853515625
train,1757,13006.900390625,13028.576171875
train,4046,10800.5,11356.39453125
train,1786,17019.69921875,16634.716796875
train,1924,16755.80078125,16327.712890625
train,1572,10272.599609375,10572.4091796875
train,2340,13667.900390625,13784.8984375
train,1373,14476.400390625,14396.6220703125
train,691,17531.0,16835.8828125
train,89,15056.2998046875,14614.6689453125
train,839,12957.400390625,13591.2177734375
train,2925,14269.099609375,14096.16015625
train,4028,9945.2001953125,10293.1884765625
train,3652,22646.69921875,21204.8984375
train,6161,17689.80078125,17291.9140625
train,225,17352.099609375,17049.0234375
train,165,16877.900390625,17233.4921875
train,4959,16562.80078125,16719.263671875
train,144,18116.19921875,17155.115234375
train,5890,11713.5,11712.2744140625
train,3202,12206.5,12121.7529296875
train,5275,15882.400390625,15616.400390625
train,2714,19263.30078125,19078.126953125
train,2615,16338.7001953125,16614.55859375
train,3654,13640.599609375,13340.49609375
train,4612,16122.5,15553.0556640625
train,6362,16250.2001953125,16286.2490234375
train,2574,12847.599609375,13025.1328125
train,902,19392.900390625,19459.35546875
train,431,10828.7998046875,10928.896484375
train,6137,14970.599609375,14991.7236328125
train,6235,12535.2001953125,12144.26953125
train,747,12824.2998046875,12877.12890625
train,3885,17470.19921875,17309.4375
train,6252,16783.099609375,16512.00390625
train,5666,12230.900390625,11940.80078125
train,1635,17858.80078125,17750.16796875
train,3201,15263.0,16523.431640625
train,1738,16466.900390625,16366.125
train,1551,13276.2001953125,13596.693359375
train,148,15509.7998046875,15595.55078125
train,147,11343.599609375,11664.419921875
train,4237,11057.099609375,10781.13671875
train,4189,13677.0,13772.298828125
train,873,12694.099609375,12711.2236328125
train,6350,12571.7998046875,13137.61328125
train,5401,11306.2998046875,11669.8330078125
train,6383,15313.5,15483.2197265625
train,284,15332.2001953125,15423.88671875
train,2670,18397.30078125,18536.73828125
train,3952,14702.599609375,14475.296875
train,3274,21126.69921875,19992.64453125
train,357,15858.400390625,15729.9853515625
train,1808,10456.7001953125,10641.279296875
train,5197,13816.0,14637.8212890625
train,993,16188.599609375,15778.6162109375
train,5139,14054.7001953125,14057.04296875
train,1825,14303.900390625,14117.001953125
train,3415,11136.7998046875,11859.994140625
train,4909,17721.400390625,17477.294921875
train,1341,12797.7998046875,13513.994140625
train,402,15488.0,15058.287109375
train,1855,14348.5,15029.3232421875
train,2058,14409.900390625,13981.23046875
train,395,14840.7998046875,14322.0341796875
train,2235,11594.400390625,11733.0078125
train,2838,17988.19921875,17607.439453125
train,320,17158.5,17246.357421875
train,2629,16610.099609375,15972.4248046875
train,3230,15589.2998046875,14879.6669921875
train,1655,15995.7001953125,16097.0
train,3152,10135.5,9783.6083984375
train,4675,17067.0,17065.92578125
train,3189,11655.400390625,11729.951171875
train,2530,17236.80078125,17399.4765625
train,196,13840.099609375,13802.767578125
train,4355,14448.2998046875,14426.943359375
train,5744,14483.599609375,14997.828125
train,3803,13151.5,12955.720703125
train,4702,12173.5,12218.0986328125
train,4419,15992.2001953125,16373.12890625
train,3295,16838.30078125,16326.943359375
train,5540,11535.400390625,11604.3017578125
train,2949,12471.2998046875,12470.697265625
train,1557,15701.400390625,16089.0126953125
train,1011,16252.099609375,16667.369140625
train,984,13821.0,13465.8837890625
train,5358,15618.599609375,16145.486328125
train,5662,10663.5,11225.953125
train,2725,18060.400390625,18262.990234375
train,2339,15640.5,15676.216796875
train,559,13883.099609375,14654.4736328125
train,2735,17857.599609375,17621.134765625
train,3754,9436.0,9234.8623046875
train,4381,9289.099609375,10507.1826171875
train,4102,16511.19921875,16581.34375
train,3532,14516.900390625,14789.5478515625
train,6086,16116.7001953125,16598.9921875
train,4049,9784.5,10279.951171875
train,3940,16376.2998046875,15896.2685546875
train,507,11618.599609375,11889.69921875
train,5971,15064.599609375,15445.2294921875
train,6275,18328.0,17322.89453125
train,2158,18715.099609375,18540.521484375
train,6220,14448.7998046875,14883.0302734375
train,4941,18722.30078125,18413.521484375
train,6499,18770.30078125,18315.96875
train,4272,11308.2001953125,10867.865234375
train,2185,10547.5,11117.81640625
train,3419,14798.900390625,14049.1318359375
train,1903,16988.30078125,16515.251953125
train,5350,16154.599609375,15844.0625
train,5866,16429.900390625,16436.30078125
train,5372,17564.80078125,17628.591796875
train,5466,14922.7998046875,14845.7890625
train,1261,14139.5,14093.298828125
train,319,12006.099609375,11748.361328125
train,525,16865.5,16735.7421875
train,737,14381.599609375,13848.9189453125
train,1798,11850.2998046875,11802.693359375
train,1326,12682.900390625,12712.8564453125
train,6315,14348.5,14152.388671875
train,6539,17178.69921875,17095.375
train,661,12310.5,11540.5439453125
train,1784,17301.099609375,17471.84765625
train,1978,13428.900390625,13328.0283203125
train,6008,15658.2001953125,16070.19140625
train,4860,11975.400390625,12775.853515625
train,4633,16195.099609375,16189.5625
train,4949,12696.400390625,12814.5498046875
train,4087,14320.099609375,13732.357421875
train,443,13280.099609375,12999.234375
train,759,16390.400390625,15993.052734375
train,713,14417.900390625,14302.03515625
train,5092,15529.0,15282.482421875
train,2543,17695.099609375,17704.013671875
train,2394,6329.2998046875,6467.6259765625
train,3109,20500.80078125,19093.8046875
train,5780,15483.2001953125,15592.3642578125
train,4036,16561.900390625,16733.001953125
train,3665,14897.0,14909.3876953125
train,1643,13668.5,13128.73828125
train,1178,17779.69921875,17705.9609375
train,2067,13763.400390625,14774.7421875
train,2466,17394.599609375,18073.6328125
train,6225,16008.599609375,16508.97265625
train,5770,13222.0,12664.14453125
train,5436,14879.400390625,14694.2802734375
train,4560,16760.0,16294.5166015625
train,4750,11855.7001953125,11685.380859375
train,2438,19211.5,19598.75
train,1050,18133.30078125,18218.55859375
train,5071,12492.400390625,12239.455078125
train,1876,18025.900390625,18134.587890625
train,5309,17361.30078125,18240.65234375
train,4808,18624.400390625,18941.40234375
train,693,17092.69921875,17386.220703125
train,1404,13547.2998046875,12587.962890625
train,2586,17229.099609375,17455.103515625
train,5693,17018.099609375,17110.8671875
train,6418,17956.900390625,17933.1171875
train,1796,17159.5,17649.810546875
train,3401,14303.099609375,14793.2109375
train,6059,16311.2998046875,16160.7568359375
train,2107,15838.0,16397.318359375
train,5327,11698.0,11353.4794921875
train,1637,14090.400390625,13759.6171875
train,1767,15726.400390625,15807.669921875
train,153,12081.0,12341.955078125
train,422,10902.599609375,10783.4951171875
train,2372,15573.7001953125,15888.6298828125
train,844,16854.30078125,16837.875
train,2659,15014.599609375,14741.916015625
train,6378,15581.7001953125,15660.8720703125
train,5523,13160.5,13068.376953125
train,216,17118.0,17475.787109375
train,5117,16035.7998046875,16240.5625
train,5455,13533.7001953125,14806.904296875
train,541,15984.5,15544.97265625
train,3263,13616.2001953125,13520.64453125
train,2051,10540.400390625,10445.3701171875
train,3395,11513.0,12293.33203125
train,5405,13400.5,13023.14453125
train,1864,19240.400390625,18578.96484375
train,4968,12068.5,12141.37109375
train,3389,13997.5,13348.375
train,3583,19081.0,18824.607421875
train,4987,17110.69921875,17224.818359375
train,745,14229.5,13780.7109375
train,291,16110.900390625,15645.4609375
train,5723,11132.7001953125,11444.255859375
train,3319,9330.099609375,9728.572265625
train,1411,12315.2001953125,12670.181640625
train,4618,16626.19921875,16571.677734375
train,6498,13975.5,13476.150390625
train,1533,17384.69921875,17319.646484375
train,4736,17801.900390625,17523.87890625
train,3092,14463.5,14309.6220703125
train,2626,12352.900390625,12518.1923828125
train,1361,17124.0,17005.455078125
train,2974,12982.2998046875,12267.873046875
train,6336,10263.7998046875,10069.14453125
train,1248,17119.69921875,17097.70703125
train,5756,12442.7998046875,12256.90234375
train,5323,13327.5,12727.416015625
train,1762,15801.900390625,16870.83984375
train,3136,15705.599609375,14854.544921875
train,2660,19120.0,18633.91796875
train,5471,11226.599609375,11425.3798828125
train,3380,14555.099609375,14748.7373046875
train,1,15579.5,16219.54296875
train,6332,18338.099609375,18161.373046875
train,268,12916.7001953125,12194.3017578125
train,1110,15504.900390625,15841.841796875
train,3359,10849.400390625,11109.8251953125
train,4253,16509.900390625,16565.171875
train,3438,12943.0,12909.166015625
train,3981,15458.599609375,15479.90625
train,3466,11176.599609375,11146.103515625
train,2295,9529.7001953125,9699.83984375
train,5852,17603.80078125,16697.935546875
train,4305,12046.0,12008.3818359375
train,3018,11624.7998046875,11381.86328125
train,1340,8796.400390625,8856.8701171875
train,3257,15399.599609375,15887.169921875
train,1986,15904.400390625,17444.60546875
train,4453,14005.7998046875,14389.8017578125
train,3607,17425.5,17575.712890625
train,1035,11916.0,11687.36328125
train,2993,14850.599609375,14687.2001953125
train,6191,14392.400390625,14193.41796875
train,4359,12717.7001953125,12725.90625
train,3293,14719.0,14657.181640625
train,1211,16625.5,16318.3837890625
train,1237,15983.099609375,16279.8486328125
train,1077,15669.5,15344.7333984375
train,69,18060.69921875,18020.65234375
train,4866,13952.2998046875,14110.7998046875
train,692,14741.5,14831.7119140625
train,5757,12927.599609375,12717.9853515625
train,6417,18131.599609375,17914.47265625
train,4725,17297.80078125,16981.265625
train,4917,15838.2001953125,15883.7734375
train,202,16615.099609375,17175.52734375
train,4556,12747.900390625,12619.662109375
train,2849,17825.400390625,17062.7578125
train,3062,13117.7998046875,13018.333984375
train,5432,12245.5,12176.6484375
train,4900,17014.099609375,16523.5390625
train,3709,22071.599609375,21902.83203125
train,1251,16939.599609375,17405.408203125
train,1440,16857.900390625,16496.302734375
train,1476,14075.2001953125,14579.453125
train,3476,14524.099609375,15227.2802734375
train,6104,17106.900390625,17556.541015625
train,3849,13478.900390625,14096.5927734375
train,3119,18865.0,18334.173828125
train,4066,10076.900390625,10216.78515625
train,4097,16571.80078125,16201.615234375
train,5235,16916.599609375,17206.59765625
train,2933,17556.30078125,17655.37109375
train,2231,16964.900390625,17627.662109375
train,3635,18563.80078125,17803.46875
train,1069,11887.599609375,11768.876953125
train,4847,13072.099609375,12969.31640625
train,3097,16128.7001953125,16532.375
train,5023,17890.30078125,17686.12109375
train,2232,19196.099609375,18778.56640625
train,4848,15410.599609375,14744.9921875
train,4716,16524.400390625,16294.6728515625
train,3491,14017.0,13467.1171875
train,5006,11075.2001953125,11054.5517578125
train,5201,15629.7998046875,15245.1123046875
train,1873,9992.0,10274.015625
train,1542,12382.7001953125,12566.3369140625
train,3381,16547.099609375,17165.3125
train,4457,11599.099609375,11169.318359375
train,1869,15616.400390625,15570.8173828125
train,1913,14304.599609375,13952.81640625
train,6042,16110.900390625,15651.1328125
train,3,16602.5,16459.828125
train,2816,11661.7001953125,12168.888671875
train,3225,10961.7998046875,10341.0625
train,1274,15612.2001953125,15144.556640625
train,3734,15576.0,14903.4990234375
train,1698,16028.599609375,15964.76171875
train,4976,15213.5,14982.4775390625
train,649,14839.900390625,14715.029296875
train,2072,12691.2001953125,12543.9521484375
train,5995,13307.099609375,13293.83984375
train,2657,15421.7998046875,15894.3544921875
train,6108,11533.2001953125,11795.80078125
train,3793,18683.099609375,18429.265625
train,3923,17365.599609375,17141.98828125
train,5140,14076.599609375,13674.6533203125
train,6064,12353.2998046875,12040.4130859375
train,1348,11889.7998046875,12149.62109375
train,4440,13503.2001953125,13617.763671875
train,1940,16203.599609375,16571.39453125
train,4059,17465.099609375,16965.083984375
train,3400,11519.0,11981.1640625
train,3473,15900.2998046875,15836.634765625
train,5524,14505.599609375,14475.01171875
train,1283,15303.2001953125,14774.1474609375
train,4091,10919.0,11373.474609375
train,3183,15345.2001953125,15103.9228515625
train,2625,14789.099609375,14981.501953125
train,6410,18463.69921875,18117.986328125
train,6426,15461.5,15838.3955078125
train,4037,14376.7001953125,14212.1337890625
train,5870,16385.19921875,16369.9931640625
train,3488,13949.2998046875,13825.9150390625
train,3371,19272.099609375,19248.015625
train,2808,18190.900390625,18449.36328125
train,4674,16584.599609375,17142.83203125
train,5470,15841.7998046875,15676.390625
train,4511,9697.099609375,10262.78125
train,1773,13459.400390625,13285.9765625
train,3234,11122.7998046875,11069.291015625
train,1998,10400.599609375,10075.30859375
train,3407,12699.099609375,12570.2255859375
train,4229,16188.5,15818.943359375
train,3361,7106.30029296875,7702.52294921875
train,2860,15342.5,15896.9296875
train,5929,14312.7998046875,14050.37890625
train,4646,18246.30078125,17817.57421875
train,1355,17132.5,17131.3125
train,703,16986.900390625,16952.62109375
train,282,14748.5,14880.4599609375
train,2573,16564.19921875,16437.16015625
train,4428,15533.099609375,15659.7900390625
train,4404,14169.5,14850.73046875
train,2734,15331.900390625,15182.37109375
train,5526,13525.099609375,13499.66796875
train,3597,17253.5,17509.970703125
train,5339,11845.2001953125,11933.5068359375
train,2269,9346.2998046875,9456.275390625
train,1703,18269.900390625,18298.2578125
train,2123,17517.900390625,17298.822265625
train,4190,11948.0,11432.791015625
train,5378,9353.099609375,10163.7314453125
train,3811,17303.0,17387.083984375
train,5487,12579.7001953125,12643.943359375
train,5634,20749.099609375,20765.712890625
train,4878,14167.2998046875,13868.853515625
train,2776,15420.599609375,15560.021484375
train,2918,17935.30078125,17579.857421875
train,4692,13796.5,14014.4248046875
train,2298,16526.69921875,17234.123046875
train,5172,14849.2001953125,14731.490234375
train,4533,13091.599609375,12670.0244140625
train,2981,13651.5,13558.28515625
train,2214,11977.599609375,13232.7294921875
train,1128,17470.0,17347.65234375
train,4375,10985.2001953125,10674.232421875
train,3379,15602.0,15721.2978515625
train,4414,16284.099609375,16565.650390625
train,5949,15877.7001953125,14875.140625
train,2679,10024.7998046875,10805.1591796875
train,1064,14158.599609375,14708.390625
train,1948,20724.400390625,19718.681640625
train,3422,13311.900390625,13817.9287109375
train,1763,10083.2998046875,10780.857421875
train,2631,13053.5,13236.06640625
train,2393,16303.400390625,16216.1552734375
train,5959,17890.900390625,18060.9296875
train,305,16494.69921875,16524.55859375
train,209,16958.599609375,16927.798828125
train,1263,13158.5,13266.16796875
train,1575,11300.0,11625.3583984375
train,5317,15772.099609375,16492.40625
train,6492,13412.099609375,12994.603515625
train,113,17002.0,16852.193359375
train,219,12808.0,12999.5185546875
train,5836,15983.400390625,16121.6591796875
train,155,13886.099609375,13977.9453125
train,5802,17258.0,17382.25
train,2833,15961.400390625,15420.923828125
train,5954,15181.400390625,15939.9345703125
train,5326,16370.900390625,15738.0166015625
train,1904,14798.599609375,14774.3203125
train,2190,16553.80078125,16356.6396484375
train,4165,12383.400390625,12479.677734375
train,2179,13113.900390625,13447.7734375
train,1598,11454.5,11353.7373046875
train,5717,15990.900390625,16022.0439453125
train,2493,14023.900390625,14217.38671875
train,6427,16488.900390625,16410.701171875
train,6199,11316.099609375,11216.2001953125
train,1078,15497.099609375,15869.4306640625
train,239,14606.900390625,14951.29296875
train,4094,11452.7001953125,11719.5546875
train,992,9510.7001953125,10401.1142578125
train,1874,10227.900390625,10101.66796875
train,1689,16190.7001953125,15733.41015625
train,4882,10201.599609375,10069.1171875
train,6360,6831.1005859375,7012.2294921875
train,412,13789.2001953125,13774.1494140625
train,5269,14833.2001953125,14738.2451171875
train,4123,14213.2998046875,14177.0908203125
train,4203,12576.7998046875,12917.3466796875
train,4323,15955.7001953125,15549.9287109375
train,5721,12433.7001953125,11552.6904296875
train,5508,17604.599609375,17353.341796875
train,1161,11431.900390625,10708.83203125
train,3271,15379.900390625,15488.078125
train,6357,13418.2998046875,13355.2109375
train,4489,14993.900390625,15265.36328125
train,4065,13025.7001953125,13119.27734375
train,472,16045.599609375,15878.0546875
train,3500,14767.599609375,14754.61328125
train,4439,18488.30078125,18556.33203125
train,5322,14647.900390625,14389.8759765625
train,6330,4431.7998046875,4584.0078125
train,1293,15846.2001953125,16725.4921875
train,5901,13967.900390625,14463.31640625
train,5053,15858.599609375,17059.5390625
train,1691,6797.10009765625,7394.2763671875
train,5815,16852.5,16431.390625
train,5305,14196.2998046875,14383.9306640625
train,2996,16015.7998046875,16458.646484375
train,3105,13096.7001953125,13066.859375
train,2084,18778.900390625,18812.1796875
train,1681,10931.7998046875,10843.279296875
train,1314,17722.599609375,18153.326171875
train,5615,17110.30078125,16793.74609375
train,5811,16125.5,15743.2587890625
train,2995,14703.400390625,14248.7919921875
train,3830,14457.599609375,14304.5576171875
train,1290,15619.2998046875,15173.1064453125
train,1075,16367.400390625,16874.15625
train,4430,10192.2001953125,10151.6025390625
train,4306,14189.2998046875,14690.2294921875
train,5963,15995.7001953125,15438.361328125
train,1761,15505.7998046875,16398.458984375
train,1272,15463.7001953125,15602.9345703125
train,837,10846.2001953125,11116.40234375
train,6146,17023.400390625,16967.615234375
train,4007,7947.7998046875,8220.2265625
train,5247,18225.19921875,18743.0625
train,263,16173.599609375,15960.3232421875
train,6270,17254.30078125,18279.64453125
train,5258,16439.400390625,16294.75
train,2934,16462.0,16502.1015625
train,1558,14370.7998046875,14689.5341796875
train,1529,12497.2001953125,12549.052734375
train,4508,13029.099609375,13307.1669921875
train,5955,11509.099609375,12580.830078125
train,3348,13230.2001953125,13204.7802734375
train,2893,13891.599609375,13929.45703125
train,304,15016.900390625,14956.228515625
train,5535,15396.099609375,15099.751953125
train,4403,13511.5,12873.251953125
train,4283,17117.0,16766.927734375
train,4500,14395.900390625,14756.3330078125
train,513,16876.0,15618.232421875
train,4562,12834.7001953125,12816.646484375
train,4805,13321.2001953125,12757.587890625
train,1151,12803.099609375,13625.59375
train,972,12645.2998046875,12727.755859375
train,3138,16229.5,17354.9453125
train,3469,16748.900390625,16299.333984375
train,5196,16239.099609375,15815.248046875
train,1342,13577.7001953125,13722.7158203125
train,974,14283.2001953125,13891.3349609375
train,405,15626.400390625,18025.15234375
train,3370,13722.7998046875,13781.9580078125
train,2135,17660.19921875,17522.89453125
train,3508,14525.900390625,14400.744140625
train,5353,17876.400390625,17398.90625
train,3367,10882.099609375,11325.0146484375
train,4881,12661.900390625,12560.8583984375
train,3878,10266.0,10708.58203125
train,5325,10414.2001953125,10619.796875
train,4890,17525.69921875,17498.708984375
train,1239,17199.900390625,17311.67578125
train,5826,9280.400390625,9234.021484375
train,1929,13249.599609375,13110.5859375
train,552,15288.7998046875,15318.7041015625
train,6503,13974.900390625,14320.0361328125
train,5486,20474.5,19987.5234375
train,2443,12112.2001953125,11410.349609375
train,4541,7923.80029296875,9026.9267578125
train,3248,11920.7998046875,11492.0654296875
train,4015,14837.400390625,14818.888671875
train,4609,18195.80078125,18309.232421875
train,2342,16851.69921875,17175.890625
train,4927,10233.900390625,10510.568359375
train,1994,15023.2001953125,14847.8408203125
train,2033,15892.7998046875,15699.5322265625
train,4710,11258.2998046875,11503.9609375
train,1421,13574.099609375,12805.6396484375
train,4889,22150.400390625,20461.455078125
train,874,15140.099609375,14962.1513671875
train,586,11513.7001953125,11525.3330078125
train,2172,15403.099609375,15146.22265625
train,5314,13674.099609375,13477.212890625
train,776,19220.19921875,18740.802734375
train,2811,15436.2998046875,15144.3076171875
train,1922,15138.599609375,15170.6123046875
train,5167,14490.5,14213.6787109375
train,5422,13035.2998046875,14053.55859375
train,5951,17816.69921875,17619.884765625
train,3439,13946.7998046875,14210.9169921875
train,5537,15459.0,15145.4873046875
train,3591,15517.5,15690.3310546875
train,893,12324.7001953125,11897.6796875
train,4196,16804.599609375,16494.205078125
train,2057,20332.0,20816.6015625
train,3552,12303.2001953125,12026.025390625
train,5182,17237.80078125,17217.3984375
train,2864,14150.5,14250.6904296875
train,4363,16509.80078125,16197.697265625
train,2950,14620.7998046875,14718.771484375
train,3408,11814.2998046875,11706.95703125
train,6368,12272.5,12361.6142578125
train,5232,15127.2001953125,15196.193359375
train,1708,14259.7001953125,14677.6259765625
train,3385,13848.900390625,13142.923828125
train,6263,12269.7001953125,13284.2236328125
train,5208,14308.2998046875,14485.3134765625
train,3715,17311.099609375,17221.705078125
train,1057,15939.7998046875,16801.1171875
train,3668,12977.7001953125,13144.7314453125
train,64,18173.80078125,17941.904296875
train,43,19000.099609375,18873.8828125
train,241,11815.2001953125,11792.8232421875
train,1870,16554.80078125,16039.1767578125
train,6195,14175.0,14145.1162109375
train,3794,14566.900390625,14798.912109375
train,1279,15625.599609375,15332.0986328125
train,6346,15119.400390625,14926.4619140625
train,6072,14753.900390625,16611.77734375
train,1618,13095.2001953125,12344.529296875
train,2533,15633.5,15868.23828125
train,6508,16016.2001953125,16345.5458984375
train,4919,16596.30078125,16301.8046875
train,6174,19587.400390625,19254.97265625
train,3722,15028.400390625,14988.705078125
train,3716,13115.2998046875,12811.662109375
train,5611,17000.19921875,17035.69140625
train,3461,17518.099609375,17331.291015625
train,3211,17957.0,17721.279296875
train,2890,17242.0,17321.71875
train,4723,20548.30078125,19728.455078125
train,5250,14947.400390625,14718.607421875
train,4997,17446.400390625,17268.37890625
train,6317,13314.900390625,14400.634765625
train,3081,13354.900390625,13445.638671875
train,2272,18166.30078125,17230.3046875
train,2707,17090.400390625,17100.712890625
train,1511,16373.099609375,16470.86328125
train,1472,14202.099609375,14160.4169921875
train,6237,18077.80078125,17920.20703125
train,119,11693.7001953125,12980.44921875
train,436,12808.099609375,12453.6640625
train,4478,13806.7998046875,15343.916015625
train,1706,13851.2001953125,13405.455078125
train,6010,15015.2998046875,15016.4677734375
train,823,12574.7001953125,12499.8466796875
train,5135,16054.400390625,15946.439453125
train,4406,17910.19921875,17341.064453125
train,4095,16688.400390625,16269.9775390625
train,5344,12901.2001953125,12617.58984375
train,4356,17409.69921875,16821.166015625
train,3706,16195.7001953125,16544.966796875
train,3980,18507.099609375,18196.794921875
train,5809,14586.400390625,14664.8583984375
train,1289,16434.400390625,16382.4677734375
train,1828,12702.7001953125,13238.9609375
train,1520,15387.2998046875,15914.8935546875
train,87,18034.599609375,17737.296875
train,523,13564.0,12925.453125
train,2292,11322.599609375,11465.708984375
train,3747,21751.400390625,21833.923828125
train,5590,19303.599609375,19395.92578125
train,3874,9917.900390625,10224.3203125
train,3329,15043.5,15754.5595703125
train,4798,12075.7998046875,12004.9501953125
train,4964,16010.599609375,16258.203125
train,1212,16992.19921875,17161.82421875
train,4544,13227.0,12900.8935546875
train,798,14482.2998046875,13802.2724609375
train,3452,17826.900390625,18217.279296875
train,370,16365.099609375,16392.375
train,2619,17051.80078125,17125.998046875
train,1690,13199.7001953125,13284.7265625
train,2186,22416.599609375,21227.5390625
train,5895,16314.0,15939.5517578125
train,5520,15867.7998046875,15632.115234375
train,4864,11455.2001953125,11282.7275390625
train,1680,13444.400390625,13691.7861328125
train,3157,10852.0,10222.591796875
train,1027,18184.0,18311.240234375
train,961,15255.5,15287.4052734375
train,1771,10690.900390625,11241.177734375
train,4402,10971.900390625,10654.3369140625
train,4793,17561.900390625,17541.291015625
train,4570,12670.7001953125,13448.564453125
train,3919,11504.2998046875,11363.37890625
train,6533,7598.7998046875,8881.88671875
train,486,14827.099609375,14755.412109375
train,2402,21839.599609375,20874.47265625
train,413,14932.400390625,14615.419921875
train,236,15825.099609375,15390.353515625
train,5090,4792.2001953125,4649.9599609375
train,338,11709.0,11959.216796875
train,1350,17070.900390625,16767.947265625
train,3459,11826.599609375,12276.0126953125
train,3624,13526.599609375,13413.28515625
train,53,16841.599609375,16574.09765625
train,1646,11555.7998046875,11685.556640625
train,6271,16443.099609375,16491.234375
train,2280,15672.400390625,15740.5703125
train,5714,9139.900390625,9198.595703125
train,6456,17483.5,17793.298828125
train,1613,16874.30078125,17210.587890625
train,2256,15825.5,15315.869140625
train,5321,12542.7001953125,11811.763671875
train,1964,15808.2001953125,16045.8935546875
train,4176,13057.7998046875,12180.2275390625
train,3512,10685.2001953125,10810.8798828125
train,5828,15514.5,15515.166015625
train,3928,13430.599609375,13813.603515625
train,5088,11771.0,11682.060546875
train,946,3993.599609375,4658.8251953125
train,3535,12535.2998046875,12479.24609375
train,3205,13785.0,13381.5224609375
train,1333,19040.80078125,18321.703125
train,2030,11632.7998046875,11533.90625
train,1167,16031.5,16101.51953125
train,6165,15597.400390625,15173.1513671875
train,843,19455.599609375,19141.333984375
train,826,15662.599609375,16071.765625
train,3646,11800.0,12599.4033203125
train,2360,15492.2001953125,15044.869140625
train,1989,11836.2001953125,12316.931640625
train,103,16127.099609375,15570.798828125
train,6170,17451.099609375,17264.173828125
train,841,13641.599609375,13327.1201171875
train,5563,19274.400390625,18832.0859375
train,67,14612.2001953125,14729.5078125
train,2317,12211.400390625,12408.5224609375
train,1561,12101.2001953125,11992.71484375
train,1594,17899.099609375,17718.51953125
train,1673,8640.0,8684.9130859375
train,2474,14758.0,14549.7822265625
train,6268,12458.7001953125,12193.7685546875
train,2365,6735.2998046875,6993.24462890625
train,1487,12365.7998046875,12215.263671875
train,1014,17524.099609375,17303.14453125
train,3327,17634.0,17395.998046875
train,4083,20890.0,20704.71484375
train,6100,18353.5,18325.818359375
train,2154,12541.7998046875,12805.6396484375
train,3244,13558.599609375,13390.3203125
train,568,16340.900390625,16921.330078125
train,6437,15700.599609375,15548.341796875
train,6322,14717.5,14139.234375
train,6328,19489.099609375,19319.90234375
train,427,16402.400390625,16063.4921875
train,2404,17200.19921875,16906.884765625
train,4167,11869.099609375,11485.4189453125
train,232,15645.0,15746.400390625
train,847,16066.2998046875,16120.0166015625
train,2847,17672.0,17301.455078125
train,5435,13514.400390625,13786.1044921875
train,3865,15622.7998046875,18083.630859375
train,1407,15549.900390625,16107.3173828125
train,543,16852.5,16596.716796875
train,2759,15337.2001953125,15153.5966796875
train,2138,12046.0,13189.078125
train,2390,16507.0,15809.6376953125
train,2422,17539.400390625,17487.201171875
train,859,16557.19921875,16838.47265625
train,5782,11508.099609375,10952.662109375
train,911,17551.0,17722.30859375
train,2497,14326.2001953125,14095.9345703125
train,3017,17718.400390625,18136.814453125
train,2325,16939.400390625,17369.013671875
train,4219,18510.19921875,18563.19921875
train,3265,16483.099609375,16209.0390625
train,6493,17997.900390625,18182.57421875
train,5402,18195.69921875,17951.572265625
train,6119,19385.099609375,18518.91015625
train,4512,10231.599609375,10210.703125
train,3616,14775.0,14904.7333984375
train,949,16259.0,16271.4375
train,1262,15958.0,15351.8955078125
train,6547,18118.5,18200.828125
train,4816,14980.900390625,15221.69921875
train,1385,14176.2998046875,13595.34765625
train,3790,14605.7001953125,15064.681640625
train,611,14695.400390625,14896.2109375
train,5516,15210.900390625,15167.2548828125
train,3363,11973.5,11989.20703125
train,469,16785.80078125,17007.83203125
train,1004,16092.400390625,16379.423828125
train,2073,16021.099609375,16217.2177734375
train,6314,15844.0,15737.2744140625
train,3457,17693.69921875,18362.138671875
train,3246,11452.599609375,11265.671875
train,4550,15894.599609375,15728.681640625
train,742,17106.599609375,17360.80859375
train,1020,13365.2998046875,13937.1171875
train,3967,12758.0,13034.1865234375
train,4930,8895.900390625,9568.708984375
train,3416,9893.7001953125,10259.609375
train,3678,15909.2998046875,15860.185546875
train,947,16551.69921875,16999.330078125
train,2131,13616.2998046875,13122.361328125
train,2537,15470.5,15062.294921875
train,4463,14090.099609375,13851.1787109375
train,4012,17244.900390625,17088.54296875
train,4067,11040.400390625,11690.6591796875
train,5972,16750.30078125,16036.0771484375
train,789,11213.7998046875,11255.1728515625
train,3030,10339.5,10149.3984375
train,1919,16201.2001953125,16190.181640625
train,123,17522.80078125,17027.11328125
train,1776,16912.099609375,17129.08984375
train,1018,12551.099609375,12357.212890625
train,6172,9503.099609375,9266.875
train,1826,11653.7998046875,11506.8232421875
train,4142,14305.5,14630.880859375
train,6468,16536.80078125,16535.88671875
train,4226,16457.5,16822.826171875
train,4676,15085.099609375,15028.0126953125
train,4519,14578.900390625,15183.77734375
train,5637,10806.400390625,10791.1220703125
train,4058,14278.2001953125,14444.8583984375
train,5168,16018.400390625,16644.646484375
train,942,17979.5,17571.45703125
train,4132,17579.19921875,17362.287109375
train,120,13146.0,13098.703125
train,2469,11626.7001953125,11251.673828125
train,2953,16112.7001953125,15983.810546875
train,3174,16635.5,16625.625
train,780,16095.2998046875,16249.4140625
train,3647,12978.2001953125,12556.3740234375
train,5020,19227.0,19223.314453125
train,3398,11137.2001953125,11355.486328125
train,6450,17467.69921875,17405.46875
train,2217,17023.400390625,15611.1982421875
train,41,15870.5,16665.517578125
train,2986,13082.599609375,12524.8974609375
train,331,17705.80078125,18046.615234375
train,15,7266.39990234375,8110.6142578125
train,283,13831.7001953125,13998.328125
train,1611,14719.099609375,13719.1044921875
train,1504,13888.0,13730.515625
train,3628,13880.599609375,13833.4580078125
train,6530,15135.7001953125,15637.5400390625
train,5406,10802.900390625,11521.7548828125
train,4231,17204.400390625,16635.16796875
train,1632,14682.2998046875,15291.919921875
train,5426,14950.900390625,14957.94921875
train,2447,17219.900390625,17247.625
train,5579,9979.7001953125,9926.267578125
train,5060,11468.2998046875,10861.26171875
train,936,8937.400390625,9756.798828125
train,4300,17134.0,16738.51171875
train,5446,16450.099609375,16395.587890625
train,288,15810.7001953125,14817.80078125
train,3434,21644.400390625,21478.83984375
train,3163,14704.2998046875,14503.1650390625
train,163,14371.5,14563.8955078125
train,496,10310.2001953125,10525.2646484375
train,2984,14404.5,14536.623046875
train,803,16162.599609375,15836.9384765625
train,4819,13562.7998046875,12860.49609375
train,94,16997.80078125,16794.841796875
train,2285,16536.30078125,16500.095703125
train,2559,18060.0,18171.529296875
train,2672,15708.900390625,16219.115234375
train,1062,10715.7998046875,10935.271484375
train,83,17258.099609375,17031.646484375
train,3672,17380.599609375,17185.859375
train,1548,18172.099609375,17914.509765625
train,6436,13802.900390625,13436.5029296875
train,4163,11523.900390625,10894.0009765625
train,1696,17536.099609375,17425.85546875
train,344,15472.400390625,15440.123046875
train,271,19204.400390625,19488.521484375
train,5231,18414.900390625,18163.66796875
train,1968,18160.0,17930.35546875
train,5193,16284.900390625,16254.37109375
train,2347,9072.900390625,8869.109375
train,4781,14350.7001953125,15129.3564453125
train,5923,6498.5,6118.8447265625
train,3376,13735.400390625,16040.28515625
train,3431,12146.900390625,12435.6845703125
train,5175,16978.900390625,16615.8671875
train,3099,15992.7001953125,15317.9970703125
train,4379,16480.19921875,16719.423828125
train,3337,9812.900390625,10068.4052734375
train,796,17473.5,17949.677734375
train,2681,12891.2998046875,13107.2666015625
train,6412,11389.2001953125,10868.34765625
train,5184,21606.599609375,21456.146484375
train,5150,11489.7998046875,11414.8671875
train,4708,8253.7998046875,7968.091796875
train,199,14805.2998046875,14730.1015625
train,5513,14421.2001953125,14337.7939453125
train,4975,13405.7998046875,13402.552734375
train,2205,15167.7001953125,15487.45703125
train,1722,12606.7998046875,12523.8525390625
train,4034,17854.0,17829.525390625
train,2701,13530.0,14454.28125
train,3996,17030.0,16907.390625
train,4638,10718.900390625,11117.18359375
train,2111,10710.7998046875,10249.63671875
train,5037,10822.599609375,10506.564453125
train,379,13897.599609375,14110.4912109375
train,2331,8684.7001953125,9042.201171875
train,4030,14093.2998046875,14091.34375
train,5357,17470.099609375,17732.48828125
train,977,14386.2998046875,14322.65625
train,213,10601.599609375,10765.79296875
train,4739,11786.5,12203.431640625
train,1187,12012.099609375,12260.90625
train,702,11997.7998046875,12085.50390625
train,3045,16147.400390625,16169.0849609375
train,5460,19380.80078125,18830.966796875
train,3692,18342.0,18206.451171875
train,2843,10197.7001953125,10814.4912109375
train,1339,13989.7001953125,14544.6708984375
train,1628,14440.099609375,14782.7548828125
train,6434,13490.400390625,14156.9267578125
train,6019,14889.2001953125,14929.171875
train,2216,15224.5,15620.8466796875
train,556,16660.900390625,16030.71875
train,4505,12723.7001953125,12836.1533203125
train,1003,16906.599609375,16474.3125
train,3495,8484.0,8897.271484375
train,2054,14304.5,14022.6123046875
train,2835,12641.599609375,12327.7861328125
train,997,14721.2998046875,15383.30859375
train,3888,15735.099609375,15385.494140625
train,473,14668.0,13763.6708984375
train,369,18993.5,19315.4453125
train,6287,17036.69921875,16669.07421875
train,1833,17470.69921875,17851.984375
train,168,17331.30078125,17545.685546875
train,4178,15950.0,16250.1875
train,701,19752.5,19530.2109375
train,6519,10648.7001953125,11064.185546875
train,2345,15419.2998046875,14891.16015625
train,1331,17370.400390625,17421.45703125
train,2355,14874.0,15415.8984375
train,2589,14990.7998046875,14777.7587890625
train,2194,11626.400390625,12145.357421875
train,1723,19248.5,18696.5234375
train,4546,15708.900390625,15752.47265625
train,6109,13989.0,13494.197265625
train,5680,13267.599609375,13301.021484375
train,3316,14293.099609375,14399.80078125
train,658,11119.7998046875,11212.6298828125
train,1936,21713.19921875,22230.734375
train,2441,12669.7001953125,12669.794921875
train,3547,14713.7001953125,15831.33203125
train,4640,18242.5,18044.71875
train,4926,15721.2001953125,14553.166015625
train,509,18835.80078125,19004.701171875
train,2045,11633.7001953125,11308.48828125
train,6021,13342.400390625,14613.55078125
train,5056,14560.599609375,14509.0029296875
train,2806,15630.400390625,15692.296875
train,2127,12521.7998046875,12462.03125
train,5077,16258.599609375,16593.763671875
train,3031,14720.5,14913.908203125
train,1925,13665.599609375,13331.087890625
train,3432,16522.900390625,16568.4375
train,985,13152.900390625,13471.5048828125
train,3458,18285.400390625,16954.0390625
train,5996,17185.5,17202.505859375
train,26,12759.2001953125,12901.7802734375
train,784,18443.599609375,17765.9609375
train,4899,16468.69921875,16624.359375
train,269,16477.5,17088.37109375
train,3120,15554.2001953125,16115.794921875
train,6464,15907.599609375,17018.98046875
train,4024,8919.900390625,9142.82421875
train,3485,14127.900390625,14144.7333984375
train,2579,11112.7998046875,11238.77734375
train,1517,14766.900390625,14681.86328125
train,5979,14126.099609375,13462.2978515625
train,3088,16730.599609375,16308.4462890625
train,4616,16383.7001953125,17158.60546875
train,5451,15332.400390625,14842.3857421875
train,109,14229.5,14341.5146484375
train,5900,20138.400390625,20144.69921875
train,4385,12424.900390625,12626.455078125
train,872,14515.7998046875,14796.4140625
train,3560,22462.80078125,20172.693359375
train,2581,13496.599609375,13728.341796875
train,3598,17264.69921875,16301.95703125
train,5639,12245.2001953125,12990.8173828125
train,5506,12994.7001953125,12386.126953125
train,4985,16553.900390625,16291.119140625
train,548,11628.7001953125,12906.263671875
train,4885,15640.7998046875,15584.9716796875
train,5369,18505.69921875,17650.70703125
train,3410,8954.900390625,8701.896484375
train,1086,14152.099609375,13467.1982421875
train,3999,10634.2001953125,11036.0947265625
train,1731,17189.0,17128.23828125
train,266,14795.0,15089.927734375
train,5297,16249.099609375,15904.94921875
train,2473,18385.0,18528.6796875
train,4003,12818.2001953125,12657.8447265625
train,5748,14317.7998046875,14439.2724609375
train,1337,17132.099609375,16649.58984375
train,4564,11361.7001953125,11563.2109375
train,6374,16412.0,16434.01953125
train,4915,16559.19921875,16135.8662109375
train,5228,16188.0,15732.86328125
train,766,16773.80078125,17124.904296875
train,3383,17314.900390625,17237.759765625
train,253,12272.7001953125,12247.6552734375
train,4008,15627.599609375,15823.3330078125
train,3700,12502.900390625,12471.40234375
train,4145,14681.2001953125,14571.275390625
train,2641,15925.7001953125,16127.6953125
train,5499,9080.69921875,9334.8515625
train,944,11274.599609375,10981.9189453125
train,2395,15873.5,15710.431640625
train,4447,14668.2001953125,15042.10546875
train,5519,10476.7998046875,10492.109375
train,532,12741.7001953125,12242.76171875
train,5686,17398.69921875,17610.009765625
train,3025,13367.7998046875,13354.923828125
train,4518,17529.0,17014.111328125
train,897,12423.0,12875.5654296875
train,2637,14556.599609375,14447.0751953125
train,4346,12018.7001953125,11868.59375
train,5585,13383.400390625,13923.5537109375
train,848,15628.2998046875,16226.865234375
train,3613,16506.900390625,16612.271484375
train,4328,9412.2001953125,9044.8095703125
train,2848,14180.2998046875,14433.5087890625
train,1823,17263.599609375,17403.87890625
train,2188,18194.80078125,18146.796875
train,4650,15009.7001953125,14736.68359375
train,4490,11171.599609375,10871.06640625
train,4932,13205.7998046875,13106.4833984375
train,6467,10332.900390625,11054.6123046875
train,1396,15606.7001953125,15602.927734375
train,2436,17241.900390625,17008.353515625
train,818,17922.099609375,17537.03125
train,2435,15381.099609375,15160.919921875
train,5853,18863.69921875,19137.96875
train,6194,11156.2998046875,10990.6357421875
train,6145,20791.5,20554.1953125
train,55,18379.099609375,18910.013671875
train,4907,14126.7001953125,13783.296875
train,222,11446.400390625,11376.703125
train,4236,14971.7001953125,15245.4609375
train,6058,13658.900390625,12841.611328125
train,4466,18332.19921875,18347.107421875
train,4244,10435.5,11001.9609375
train,2946,17087.69921875,17296.98046875
train,3866,14107.099609375,14712.337890625
train,6500,17366.30078125,18057.53515625
train,2781,13485.599609375,13046.455078125
train,2243,19642.69921875,19719.00390625
train,5278,15711.900390625,15582.224609375
train,6489,17279.900390625,16719.66015625
train,3555,18558.599609375,19025.46484375
train,2703,14070.099609375,13886.529296875
train,1303,16405.5,16126.0078125
train,544,13817.7998046875,14079.2783203125
train,3990,17139.900390625,17031.783203125
train,2182,14908.400390625,14685.765625
train,4140,9498.2001953125,10353.7734375
train,4250,16479.5,16628.0234375
train,4540,15710.900390625,16012.8076171875
train,1980,16536.19921875,15770.48828125
train,5788,13251.2001953125,12683.9013671875
train,1434,17517.5,17134.947265625
train,2758,16318.400390625,17008.4609375
train,4002,16031.7998046875,16033.2275390625
train,376,13654.400390625,15554.3896484375
train,1665,17855.400390625,17978.046875
train,6404,13845.900390625,13442.982421875
train,390,16130.2998046875,15981.3623046875
train,5834,11744.7998046875,11580.2509765625
train,1667,9380.7998046875,9143.91015625
train,5336,13178.400390625,12795.716796875
train,564,17661.19921875,17802.13671875
train,5061,16708.80078125,16635.4375
train,1395,14825.900390625,15204.8056640625
train,3857,12486.900390625,12283.416015625
train,315,16851.5,17060.455078125
train,6448,10933.7001953125,10791.7333984375
train,4651,14255.599609375,14749.001953125
train,5391,14274.2998046875,14711.1826171875
train,6185,12356.7001953125,12200.087890625
train,6076,16656.400390625,16729.72265625
train,4902,13746.7001953125,13542.251953125
train,744,17291.19921875,17149.25
train,2747,18429.099609375,17995.19921875
train,6074,15875.599609375,15557.31640625
train,5425,9579.400390625,9379.794921875
train,5285,14224.599609375,13809.4912109375
train,5105,17336.099609375,17212.666015625
train,1794,14729.099609375,13440.3125
train,4121,16022.599609375,15783.3720703125
train,2592,15995.0,16308.923828125
train,3682,17899.400390625,17619.32421875
train,5761,10652.7998046875,10818.1455078125
train,4294,16384.599609375,16322.9296875
train,3313,16807.69921875,16046.6591796875
train,5777,15214.2998046875,14791.6103515625
train,1040,8120.10009765625,8016.27197265625
train,5263,15708.7998046875,17267.048828125
train,2621,18599.599609375,18744.712890625
train,1140,17174.5,16868.22265625
train,2554,12315.400390625,12079.736328125
train,587,14271.599609375,14402.9326171875
train,6144,12763.2001953125,12982.23046875
train,1321,14529.400390625,14556.4501953125
train,2332,8518.0,8916.33984375
train,5541,13552.400390625,13012.890625
train,4542,11256.2998046875,10826.8583984375
train,1246,17538.69921875,18427.806640625
train,5400,11264.099609375,11257.591796875
train,3233,19434.5,18842.97265625
train,5177,16363.400390625,16052.99609375
train,2779,17246.30078125,17419.58984375
train,252,17822.599609375,17619.646484375
train,912,16056.599609375,15507.865234375
train,1172,17456.19921875,17452.42578125
train,2580,16319.5,16193.9775390625
train,5775,14467.0,14197.552734375
train,5485,11722.099609375,11381.853515625
train,5063,15395.0,15585.7041015625
train,2087,17436.5,17458.66015625
train,3769,14795.400390625,14769.771484375
train,5102,4286.5,4024.0048828125
train,2081,14313.099609375,13982.6044921875
train,5212,12580.0,12431.509765625
train,2763,13554.7001953125,13006.9111328125
train,1468,17109.30078125,16752.017578125
train,4239,11288.2998046875,10922.216796875
train,3536,13951.2998046875,14169.0283203125
train,3197,15902.0,15618.384765625
train,4081,16801.80078125,16854.533203125
train,3655,13665.2001953125,12892.5244140625
train,4867,12630.099609375,12400.41015625
train,60,17370.5,17375.83984375
train,2230,12480.2001953125,12600.978515625
train,5089,15056.2001953125,15291.15234375
train,4085,17446.19921875,17272.642578125
train,2060,15933.599609375,15703.0205078125
train,3020,11883.400390625,12237.53515625
train,246,14142.099609375,13372.546875
train,5365,17187.5,17104.634765625
train,1029,16357.2001953125,16557.146484375
train,180,14138.900390625,14130.853515625
train,184,12784.900390625,12952.587890625
train,2643,15418.7001953125,15254.3330078125
train,3568,14847.5,14473.912109375
train,6168,11804.2001953125,11713.2509765625
train,3864,17150.400390625,17532.73828125
train,2009,17061.599609375,16959.748046875
train,228,11335.400390625,11541.0234375
train,4879,16059.400390625,15264.400390625
train,851,14942.5,14645.3984375
train,6475,10463.7001953125,10772.2099609375
train,141,12170.2001953125,11647.470703125
train,3055,16339.400390625,15534.0048828125
train,3881,11743.099609375,11038.64453125
train,6327,11543.0,11999.904296875
train,1313,14350.400390625,14302.7041015625
train,3594,17141.0,17493.443359375
train,4280,12232.7001953125,12279.7216796875
train,5543,15962.2001953125,15551.6884765625
train,4197,12833.400390625,12778.4794921875
train,2739,14077.7998046875,14145.4111328125
train,254,16301.099609375,16187.0849609375
train,4606,17911.69921875,18646.513671875
train,4071,16012.2998046875,15931.33203125
train,5130,14215.400390625,14385.3603515625
train,878,14767.099609375,14955.1181640625
train,5114,16255.7001953125,15944.9609375
train,602,12416.5,12368.6015625
train,5380,11771.2001953125,11645.6982421875
train,6443,13364.400390625,13362.5068359375
train,1678,15595.900390625,15745.8447265625
train,2688,15231.2001953125,15572.892578125
train,3098,13894.400390625,13927.8125
train,3078,15200.2001953125,15443.0634765625
train,3767,15743.599609375,15475.220703125
train,5410,17259.69921875,17043.646484375
train,1933,14688.599609375,14411.0283203125
train,4529,16629.30078125,17021.810546875
train,909,16041.7001953125,16010.201171875
train,953,18022.30078125,18128.91796875
train,4807,15293.099609375,14831.0947265625
train,3553,17449.69921875,17159.1484375
train,4792,17224.30078125,17195.154296875
train,5019,15735.7998046875,15404.3837890625
train,5027,14058.099609375,13689.3125
train,164,17790.19921875,17791.75390625
train,5898,17535.5,17775.978515625
train,2523,15517.2998046875,14374.1474609375
train,1588,16148.599609375,16074.5654296875
train,6081,13832.5,14431.8447265625
train,3821,17000.599609375,16754.373046875
train,3107,12285.7001953125,12181.3125
train,932,9962.5,9989.0693359375
train,5851,18220.099609375,18333.642578125
train,2854,11583.7001953125,11030.66796875
train,4412,12484.2998046875,12141.0869140625
train,679,10225.0,10615.7392578125
train,2636,17077.400390625,17323.783203125
train,2861,15212.400390625,15203.3671875
train,4830,16115.099609375,16057.4833984375
train,5031,18119.19921875,17162.990234375
train,1688,13614.099609375,13711.96875
train,505,14917.599609375,15164.6298828125
train,6247,18628.400390625,18394.19921875
train,4047,7285.00048828125,7115.7685546875
train,1462,18732.19921875,18297.072265625
train,3014,14280.2001953125,13735.7978515625
train,1609,18331.900390625,18424.0390625
train,3787,17420.400390625,17219.103515625
train,4442,8789.2998046875,9352.3154296875
train,1419,17995.900390625,18091.255859375
train,4238,18841.599609375,18676.53515625
train,1203,15960.099609375,15663.97265625
train,4704,17722.900390625,18073.7890625
train,4450,12620.099609375,12329.3212890625
train,1659,14694.2001953125,15190.603515625
train,5999,15845.599609375,15757.736328125
train,3531,11721.7998046875,11608.0810546875
train,2547,14350.0,14426.8486328125
train,726,15183.2001953125,14950.0947265625
train,2790,12395.5,13025.81640625
train,4217,11305.900390625,11561.283203125
train,5778,17656.099609375,17115.58203125
train,4851,12351.400390625,12264.412109375
train,3125,17084.69921875,16764.34375
train,3335,17860.599609375,17562.26171875
train,4733,16160.599609375,16137.279296875
train,5145,10841.2998046875,10481.0703125
train,791,17009.69921875,16953.93359375
train,5199,12070.400390625,12311.015625
train,6371,12592.2998046875,14573.8251953125
train,5800,12978.400390625,13588.7275390625
train,3024,17603.599609375,17592.361328125
train,2418,10914.0,10996.8359375
train,6130,14927.5,15139.04296875
train,4815,10126.599609375,10161.8359375
train,4865,18359.900390625,18312.11328125
train,5069,14510.2998046875,14554.0517578125
train,1458,16018.099609375,15912.1376953125
train,2288,16335.5,16505.447265625
train,2656,13960.7998046875,14545.4609375
train,1733,14406.400390625,14171.6552734375
train,1459,9899.099609375,9711.34765625
train,2028,16499.400390625,16415.447265625
train,3428,17458.19921875,17381.93359375
train,5113,14800.099609375,14809.2138671875
train,1195,15926.5,14989.8623046875
train,4240,14936.2998046875,15119.8310546875
train,5143,14087.400390625,14022.087890625
train,5296,14450.0,14643.884765625
train,2709,17037.599609375,17347.505859375
train,4089,12207.2001953125,11640.908203125
train,3218,17157.400390625,16947.29296875
train,2906,16246.7998046875,16187.3505859375
train,152,18411.400390625,18172.08984375
train,964,17300.19921875,17900.5
train,2927,16072.099609375,15855.3173828125
train,464,13234.7001953125,13309.8515625
train,2174,16914.80078125,16726.845703125
train,1213,16339.400390625,16693.41796875
train,4364,16120.7998046875,16198.3623046875
train,945,13117.2001953125,12466.6376953125
train,6218,15580.5,15805.4111328125
train,2503,14398.7001953125,14327.0283203125
train,6276,12606.099609375,12605.2080078125
train,4746,18262.599609375,18442.646484375
train,6449,14512.599609375,14414.154296875
train,300,18231.099609375,18124.248046875
train,5673,16584.5,16322.7880859375
train,5790,13021.7998046875,12660.3486328125
train,1605,17561.900390625,17954.287109375
train,3543,16981.19921875,16911.66796875
train,2990,16968.0,16906.908203125
train,4775,14421.900390625,14315.8291015625
train,4536,10840.599609375,10704.568359375
train,258,15797.5,15690.0361328125
train,4559,12478.0,12506.947265625
train,3347,10166.2001953125,10526.1640625
train,1898,13047.7998046875,13461.53125
train,1844,16251.7001953125,15006.197265625
train,6075,11514.599609375,11526.2470703125
train,356,11761.2998046875,11154.3330078125
train,2037,14473.599609375,14683.5078125
train,598,16522.30078125,16219.3564453125
train,563,15363.599609375,15297.4423828125
train,3933,14921.7998046875,15466.0498046875
train,2582,17762.900390625,18104.623046875
train,916,15707.599609375,15512.0595703125
train,553,11942.2001953125,12286.35546875
train,4820,18144.69921875,18587.021484375
train,3413,14924.7001953125,14904.0224609375
train,3267,11284.099609375,11356.4296875
train,4954,15117.2001953125,15205.3623046875
train,5568,11321.0,11297.1396484375
train,3241,15321.900390625,15807.001953125
train,2962,17341.30078125,17504.404296875
train,5049,14115.7001953125,13998.697265625
train,569,13207.900390625,14306.123046875
train,1471,15904.599609375,15281.1044921875
train,4158,15106.2001953125,14912.5224609375
train,1254,10677.7998046875,11231.3955078125
train,4265,9269.7998046875,9383.55078125
train,4376,16927.69921875,17161.552734375
train,2784,11841.2998046875,11513.484375
train,4395,11466.900390625,10925.5244140625
train,2150,10357.400390625,10249.974609375
train,5298,13072.2001953125,12775.66015625
train,6385,19304.0,19844.0
train,914,14093.2998046875,14264.8232421875
train,4689,18374.0,18662.3046875
train,3277,16053.7998046875,15619.291015625
train,5994,9379.900390625,9483.609375
train,3880,12980.2001953125,13313.806640625
train,4948,22139.0,21392.173828125
train,1872,15975.099609375,15775.9521484375
train,3546,17334.099609375,15933.5859375
train,260,14204.099609375,14048.6650390625
train,666,15000.0,15029.265625
train,211,14230.7998046875,13392.373046875
train,3541,17389.5,17758.62890625
train,1450,12909.7998046875,12688.3115234375
train,5038,10804.599609375,10975.5546875
train,6440,18287.19921875,18009.20703125
train,6128,11989.099609375,11453.447265625
train,3554,17174.0,17108.5390625
train,921,13578.0,14029.8466796875
train,2646,16476.099609375,16141.830078125
train,2209,13115.900390625,12540.873046875
train,1780,18278.599609375,18289.634765625
train,5647,15982.099609375,16273.1591796875
train,2794,16638.5,16841.701171875
train,6036,18260.599609375,18319.326171875
train,939,8751.900390625,9036.80859375
train,1752,11743.099609375,12215.662109375
train,318,10241.7001953125,10426.90234375
train,3312,11899.599609375,11207.107421875
train,6054,17311.80078125,17564.685546875
train,1278,16812.19921875,15966.0234375
train,3971,14054.099609375,13148.44921875
train,2316,17646.80078125,17768.822265625
train,4134,14535.2001953125,14851.4140625
train,1299,13829.599609375,13790.923828125
train,134,14931.7001953125,14576.28515625
train,657,14779.7998046875,14837.2783203125
train,6032,11318.7001953125,11746.865234375
train,2751,11191.599609375,11327.3603515625
train,4868,18498.19921875,18314.078125
train,3064,14231.0,14189.1748046875
train,4717,12002.5,11996.599609375
train,2718,15759.5,15454.5927734375
train,4658,17342.19921875,17451.529296875
train,3091,13218.2998046875,13061.4033203125
train,4923,16708.599609375,16750.8046875
train,5122,18401.30078125,18242.42578125
train,4182,12947.2998046875,13279.34765625
train,5085,18069.69921875,18160.05078125
train,4297,15978.7998046875,15823.2861328125
train,3661,15590.2998046875,14663.7109375
train,2357,15652.900390625,15856.21875
train,4523,11718.7001953125,11960.49609375
train,894,16568.30078125,16781.41015625
train,4647,16142.2998046875,17054.26171875
train,504,14939.2001953125,14551.7421875
train,546,12197.7998046875,12032.0927734375
train,5799,16043.400390625,16306.80078125
train,66,12871.5,12601.7734375
train,2606,17410.0,16412.544921875
train,1566,15432.2001953125,15723.09765625
train,407,12283.2998046875,12119.5966796875
train,3642,13684.0,12995.986328125
train,3618,16414.099609375,16296.27734375
train,3637,18396.19921875,17115.23828125
train,5588,10458.2001953125,10679.9111328125
train,4681,13329.5,13928.85546875
train,6538,12720.0,12701.572265625
train,2458,11503.7001953125,11891.6142578125
train,5886,17818.599609375,17319.96484375
train,754,15701.400390625,15963.7568359375
train,4206,12732.2001953125,12276.9609375
train,1654,13403.2998046875,13149.5234375
train,449,17756.0,17001.01171875
train,4299,19169.400390625,19136.703125
train,5566,11602.400390625,11717.107421875
train,734,16555.099609375,15950.484375
train,3156,13688.0,14007.267578125
train,5299,12326.7001953125,11817.8466796875
train,834,10527.099609375,10635.3388671875
train,3392,16966.30078125,17325.4140625
train,547,18175.900390625,18054.12890625
train,2282,16715.80078125,16585.033203125
train,600,10506.0,11764.078125
train,2442,11122.7998046875,11656.9287109375
train,5355,15778.099609375,15753.5498046875
train,2343,12664.400390625,12285.9755859375
train,3456,17435.400390625,17332.69921875
train,2712,16308.2001953125,15248.4560546875
train,4194,11888.900390625,12005.8046875
train,371,11614.0,12050.0546875
train,10,16811.900390625,16795.361328125
train,3802,15355.599609375,15539.396484375
train,674,12546.7001953125,12270.7939453125
train,2829,16627.400390625,17040.841796875
train,4855,17205.599609375,17406.025390625
train,1049,17228.5,17343.197265625
train,6262,12630.400390625,12544.134765625
train,1133,16880.900390625,15981.6181640625
train,4458,15078.7998046875,14774.1708984375
train,2777,11548.5,11265.689453125
train,5751,13229.7001953125,13027.8984375
train,5671,16809.599609375,16768.54296875
train,5385,17365.80078125,17411.4921875
train,1959,17766.900390625,16980.560546875
train,539,14673.2998046875,14799.2060546875
train,5669,13393.5,12732.359375
train,4276,14896.900390625,14852.3330078125
train,659,14428.5,14777.9521484375
train,6269,12727.400390625,12044.017578125
train,1150,17545.19921875,17437.833984375
train,4969,11340.900390625,11367.1923828125
train,2569,11695.400390625,11425.6142578125
train,1788,15213.099609375,13729.373046875
train,3237,11885.400390625,12200.619140625
train,1587,16565.0,16250.0380859375
train,3973,15976.400390625,16134.501953125
train,378,11983.400390625,12315.8828125
train,3575,15866.5,15230.138671875
train,2571,16013.7998046875,15939.0029296875
train,5533,13434.099609375,13498.7529296875
train,6000,11799.900390625,11831.74609375
train,1502,15387.7001953125,16487.826171875
train,4943,15995.2998046875,15703.2880859375
train,4211,16323.2001953125,16713.357421875
train,4971,17046.900390625,17564.484375
train,5126,13381.7998046875,12993.8212890625
train,2405,12265.400390625,12358.5390625
train,4486,16786.30078125,16626.91796875
train,1374,13492.400390625,13064.314453125
train,5179,13999.5,13607.4638671875
train,51,18146.19921875,17724.14453125
train,2328,13627.599609375,15352.1103515625
train,5771,16677.900390625,16668.59765625
train,1778,10558.099609375,11091.2900390625
train,3440,16360.0,16539.953125
train,5681,11402.400390625,11550.8056640625
train,5619,13981.599609375,13619.1826171875
train,5463,16423.19921875,16127.4443359375
train,4452,17143.0,17108.26171875
train,1201,15414.2998046875,13746.7177734375
train,1736,13523.7001953125,14287.83984375
train,1492,18390.80078125,18395.3984375
train,1126,15024.900390625,15066.3291015625
train,6197,12759.7001953125,12612.9375
train,6131,11971.2001953125,11356.4375
train,4597,9767.5,10485.541015625
train,1608,12281.0,12324.3330078125
train,981,17109.69921875,16643.228515625
train,5399,15030.2998046875,15455.88671875
train,2814,14533.099609375,14658.685546875
train,831,15649.599609375,15386.4443359375
train,2909,16185.2001953125,16345.85546875
train,1322,14541.5,14138.4599609375
train,2024,12940.2998046875,13196.732421875
train,4119,12371.2001953125,12095.2734375
train,2680,10519.7998046875,11322.904296875
train,6274,15993.599609375,15906.4228515625
train,4734,15674.5,16064.76953125
train,4411,16125.2001953125,15551.4267578125
train,4942,19403.5,18985.08203125
train,1676,12240.5,12476.1181640625
train,3292,8384.0,9106.7109375
train,6408,12083.5,12228.40625
train,4645,16545.80078125,16727.12890625
train,4313,13765.900390625,15517.658203125
train,2628,15971.400390625,16153.16015625
train,3285,18135.099609375,18062.35546875
train,5789,12633.5,12268.951171875
train,307,18653.30078125,17716.4921875
train,3701,10704.7998046875,10358.8671875
train,5819,18354.69921875,18664.140625
train,6506,15178.7998046875,15108.478515625
train,235,15782.7001953125,15842.435546875
train,107,16669.900390625,16357.376953125
train,2724,13179.5,13409.541015625
train,534,16673.599609375,16511.34375
train,979,15007.099609375,15189.2265625
train,908,14582.2001953125,14191.6552734375
train,2520,12773.2998046875,12666.443359375
train,1505,12376.099609375,11852.4501953125
train,6098,15329.7998046875,15565.6865234375
train,3029,13751.599609375,13130.8017578125
train,2875,15845.7001953125,15691.2333984375
train,2219,14819.2001953125,14492.2001953125
train,40,14837.0,15290.9267578125
train,5070,17548.599609375,17350.369140625
train,1480,18676.69921875,19077.68359375
train,725,11382.400390625,11554.2353515625
train,1790,17493.099609375,17897.30078125
train,6238,16681.80078125,16595.1640625
train,2983,10952.7998046875,11087.1806640625
train,4086,17262.400390625,17659.375
train,5528,16958.900390625,17247.45703125
train,4425,15311.2001953125,15247.08984375
train,3840,12592.099609375,12043.8046875
train,6376,15054.900390625,14665.005859375
train,2536,12123.7998046875,11543.646484375
train,1288,16902.400390625,16706.80078125
train,967,13348.7998046875,13667.580078125
train,599,16693.19921875,16329.4306640625
train,2043,13808.0,13497.9033203125
train,1285,14971.7001953125,14458.158203125
train,4298,15015.2998046875,14669.3671875
train,346,18564.599609375,18405.359375
train,1882,16257.2001953125,16235.4384765625
train,2464,17186.599609375,16755.3046875
train,4380,16126.0,16207.2333984375
train,3154,17588.099609375,17646.859375
train,5740,14723.2998046875,15061.259765625
train,1098,14415.7001953125,14080.9580078125
train,6313,16663.099609375,17172.345703125
train,3514,17403.80078125,17375.076171875
train,976,16606.400390625,16576.330078125
train,4302,15902.400390625,16188.861328125
train,3969,14210.7001953125,14024.4033203125
train,4649,15842.0,16300.3173828125
train,1671,17077.69921875,16933.4375
train,1550,16481.5,16334.3720703125
train,1729,18365.5,18355.076171875
train,1807,10559.900390625,10588.65234375
train,3810,17446.5,17170.29296875
train,6522,10352.2001953125,10885.369140625
train,36,17020.099609375,17109.5859375
train,3975,16223.400390625,16624.40234375
train,3689,16277.7001953125,15913.3984375
train,302,16302.599609375,15784.251953125
train,2501,17122.69921875,17471.509765625
train,4706,16130.900390625,16125.6962890625
train,3566,12641.5,12554.5283203125
train,1115,15069.7998046875,15124.8125
train,1111,17695.900390625,17571.826171875
train,717,16884.0,16219.7060546875
train,3397,14741.900390625,14623.0390625
train,2303,15565.5,15759.8349609375
train,882,9460.0,9377.921875
train,5797,18928.80078125,18608.720703125
train,6230,13591.5,13423.4443359375
train,2866,14640.7001953125,14409.212890625
train,5342,18146.80078125,17557.4921875
train,297,18054.599609375,18050.447265625
train,5663,16133.099609375,15622.97265625
train,1886,11579.0,11786.318359375
train,5272,8184.49951171875,9061.1591796875
train,111,17017.599609375,16711.826171875
train,358,10158.099609375,10761.974609375
train,3731,10954.2998046875,10780.958984375
train,2585,17236.5,17235.5
train,1347,12615.0,13062.671875
train,3217,17112.5,17067.783203125
train,1831,14891.7001953125,14653.576171875
train,1710,15587.400390625,15920.640625
train,1090,15611.7001953125,15756.7587890625
train,4644,9340.0,9810.259765625
train,5511,12902.2001953125,13029.220703125
train,4199,13789.400390625,14110.2744140625
train,5823,18647.69921875,18398.76953125
train,5718,11270.2998046875,11201.12109375
train,3987,15994.0,15096.408203125
train,6458,8006.99951171875,7910.3046875
train,5194,11700.2001953125,11640.076171875
train,833,13707.0,13780.224609375
train,2803,11085.900390625,10571.201171875
train,2191,16665.0,16746.05859375
train,2919,17038.5,16745.248046875
train,5716,11530.099609375,11016.3681640625
train,4480,17170.0,17413.921875
train,1320,9918.400390625,10005.078125
train,579,15358.7001953125,15382.560546875
train,4246,23425.099609375,21941.8046875
train,1928,11435.599609375,11597.5478515625
train,218,13513.599609375,13834.5947265625
train,5701,17386.0,17263.05859375
train,2490,15719.400390625,15609.244140625
train,5896,13378.900390625,14226.541015625
train,2117,12908.900390625,13091.1640625
train,1829,12132.099609375,11777.6220703125
train,4200,10743.2001953125,11056.5390625
train,2364,17800.400390625,18328.251953125
train,3141,15738.2998046875,15652.6337890625
train,2792,10076.2001953125,10627.033203125
train,1076,16603.0,16767.236328125
train,3662,10244.599609375,9863.46875
train,6087,11958.7001953125,12404.041015625
train,5043,18473.599609375,18769.349609375
train,1741,18164.5,17870.216796875
train,1016,13501.2998046875,13183.4169921875
train,6297,17602.30078125,16860.6328125
train,334,18362.80078125,18408.9765625
train,1130,15783.400390625,15458.7333984375
train,2038,15425.2998046875,14711.8154296875
train,4695,15667.099609375,15003.060546875
train,2279,16339.0,16287.921875
train,3113,15083.099609375,15049.8603515625
train,3696,16114.0,15872.1259765625
train,5165,14731.2998046875,14446.9306640625
train,6001,12301.900390625,12657.98828125
train,1619,11681.099609375,11265.4580078125
train,3322,16296.7001953125,16545.341796875
train,5110,18424.0,18593.4921875
train,2025,8653.400390625,8885.8916015625
train,2078,11392.2998046875,12551.1357421875
train,1814,12782.400390625,13108.359375
train,3770,13005.5,12567.3291015625
train,4128,17835.30078125,17349.86328125
train,6442,17436.69921875,17665.12109375
train,4434,13341.900390625,13379.5283203125
train,3549,16413.099609375,15948.44140625
train,2192,15679.5,15671.0146484375
train,5218,13237.0,11968.669921875
train,664,16347.900390625,15900.1220703125
train,394,15276.7001953125,15121.8984375
train,1845,14118.2998046875,14046.068359375
train,4605,13825.900390625,13352.4140625
train,6548,14879.0,14799.787109375
train,2958,14820.099609375,15413.3134765625
train,2839,15887.0,15776.1318359375
train,3997,11304.7998046875,11915.4130859375
train,5943,12300.2998046875,12799.033203125
train,5612,20872.80078125,19681.212890625
train,1846,11187.400390625,11257.58984375
train,3688,15969.2001953125,15889.1845703125
train,6279,15582.7001953125,15167.994140625
train,3351,16632.599609375,16821.759765625
train,3918,13613.7001953125,13236.1435546875
train,3846,18420.80078125,18492.48828125
train,3378,14403.7001953125,14350.69921875
train,3936,16889.5,16810.82421875
train,1610,12386.7998046875,12299.8466796875
train,5367,12005.900390625,11294.03515625
train,1369,8801.400390625,9137.4697265625
train,2495,17580.19921875,18358.701171875
train,6310,15565.5,15442.0380859375
train,1482,12618.7998046875,12204.4677734375
train,1893,17590.69921875,17277.646484375
train,5661,12190.099609375,12092.1484375
train,3172,18490.599609375,18890.69140625
train,4335,16143.7001953125,16574.4375
train,1301,16081.900390625,15169.390625
train,3396,19067.400390625,18576.810546875
train,5850,11250.7998046875,10869.9912109375
train,4693,16218.900390625,16145.05859375
train,2130,11526.2998046875,11420.08203125
train,4424,10724.2998046875,10392.3427734375
train,4027,15485.7998046875,15100.607421875
train,3276,11004.7998046875,10764.6865234375
train,2496,10903.599609375,11326.224609375
train,2921,16154.2001953125,16003.330078125
train,5248,16589.400390625,15918.67578125
train,4686,10961.400390625,10484.947265625
train,6282,14974.7998046875,14969.5576171875
train,5389,12996.0,12912.140625
train,1683,12782.099609375,12938.142578125
train,3670,15000.7001953125,14851.8837890625
train,489,19355.900390625,19115.93359375
train,4843,15068.0,15434.4853515625
train,521,17975.19921875,17459.17578125
train,6421,17133.099609375,17420.42578125
train,4869,12471.7998046875,13317.859375
train,3236,14001.0,15148.451171875
train,6532,15457.7001953125,14827.3359375
train,6150,14694.0,14774.4248046875
train,1516,16273.2998046875,16003.8037109375
train,6066,16127.7001953125,15619.091796875
train,6441,12234.099609375,12406.71484375
train,2971,9686.7998046875,9406.103515625
train,3573,11567.2001953125,11726.5498046875
train,6513,17364.80078125,17107.734375
train,460,16837.30078125,16603.98828125
train,2414,15062.400390625,15070.3876953125
train,3882,12948.400390625,12330.578125
train,5242,12765.599609375,12912.0302734375
train,1721,12024.7998046875,11985.4375
train,0,16691.5,16577.484375
train,4507,12602.2001953125,12704.3310546875
train,4664,15538.7998046875,15035.3984375
train,3482,20057.69921875,19872.27734375
train,6405,14391.900390625,14333.4765625
train,3871,18879.5,19048.533203125
train,3053,18258.30078125,18388.08984375
train,3913,11271.0,11653.0185546875
train,3046,17780.5,17617.712890625
train,5550,14464.7998046875,14620.8916015625
train,1184,16921.19921875,17379.171875
train,5628,9904.7998046875,9813.03125
train,2334,15961.7998046875,15509.8271484375
train,4955,15908.900390625,15997.978515625
train,3660,13152.900390625,13209.84765625
train,6414,16650.19921875,16590.26953125
train,4580,12941.2001953125,13243.169921875
train,1768,18311.400390625,18043.39453125
train,4339,16877.599609375,17180.8671875
train,4665,16180.2998046875,16380.826171875
train,5366,12658.900390625,12246.0419921875
train,6029,16083.2998046875,16322.0244140625
train,2208,10875.900390625,10673.837890625
train,588,16918.80078125,17609.603515625
train,4973,12730.7998046875,13940.0126953125
train,4213,13426.599609375,13481.205078125
train,20,14496.7998046875,14886.8896484375
train,5527,17264.099609375,16935.384765625
train,3095,11562.2998046875,11296.0126953125
train,4895,16574.0,16105.0849609375
train,6505,15729.599609375,15398.3388671875
train,2020,11694.900390625,11980.4169921875
train,3808,7151.5,7594.228515625
train,5596,17275.0,17170.490234375
train,1006,17183.30078125,17342.91796875
train,179,17124.599609375,17162.529296875
train,189,5082.7998046875,5483.763671875
train,3318,14509.099609375,13837.2841796875
train,1851,9141.400390625,9899.76171875
train,4898,11184.099609375,11419.3837890625
train,2912,13232.599609375,12775.0791015625
train,5875,14379.7998046875,14384.8828125
train,852,15025.599609375,15147.7490234375
train,2695,12091.2998046875,12156.0322265625
train,44,12480.900390625,12719.94921875
train,4967,5578.7001953125,5772.30078125
train,4479,11682.2998046875,11261.6171875
train,25,15237.099609375,14682.5751953125
train,1061,17516.900390625,17510.572265625
train,4156,16975.400390625,16788.732421875
train,5918,19071.5,18377.3828125
train,3497,14662.0,14452.6015625
train,2653,18171.099609375,18185.34765625
train,4824,13543.2001953125,13045.86328125
train,391,17925.80078125,17046.869140625
train,4730,13392.599609375,13177.529296875
train,1739,11145.400390625,11589.640625
train,5503,18420.099609375,17969.384765625
train,5186,10695.5,10701.7529296875
train,3663,7315.39990234375,7449.423828125
train,6521,11816.7001953125,11528.9765625
train,3146,14734.599609375,14392.216796875
train,340,17613.30078125,17470.2265625
train,5978,17343.099609375,17106.017578125
train,3195,15819.900390625,15586.8466796875
train,6470,14294.599609375,14438.1865234375
train,5198,10932.099609375,10972.7861328125
train,3658,10897.2998046875,10926.8798828125
train,875,17634.5,17899.498046875
train,5154,16471.69921875,16823.611328125
train,2268,10880.7998046875,11426.67578125
train,1426,17186.5,17607.19140625
train,2152,16060.5,16199.5732421875
train,5920,18190.0,18071.212890625
train,3640,17375.400390625,17275.044921875
train,2689,16090.599609375,15512.880859375
train,5514,14677.599609375,14998.240234375
train,727,19065.5,18975.59765625
train,2099,12311.5,12780.9921875
train,590,16594.5,16130.3837890625
train,4157,14298.7001953125,14473.798828125
train,2062,15896.5,14993.029296875
train,5320,16214.599609375,16121.263671875
train,3828,14827.400390625,14927.7607421875
train,595,12189.0,11769.3017578125
train,3213,17087.0,17150.9375
train,2416,10827.099609375,10903.15625
train,4534,13094.5,12963.1376953125
train,790,14653.900390625,14821.74609375
train,4372,12210.900390625,11831.0673828125
train,136,15664.7001953125,15175.12109375
train,931,12645.099609375,12310.060546875
train,1500,20131.19921875,19849.564453125
train,2948,19426.099609375,18152.578125
train,4762,14124.599609375,12253.8271484375
train,4449,15563.7001953125,14607.396484375
train,1555,10087.599609375,10022.943359375
train,3588,17248.599609375,17075.5625
train,3529,16737.69921875,16912.08984375
train,3623,15834.5,15658.892578125
train,1908,20643.30078125,18631.224609375
train,1687,16496.5,16256.3974609375
train,2807,10716.099609375,11319.736328125
train,1153,15443.2998046875,15765.7451171875
train,4350,16130.599609375,16106.45703125
train,2119,13299.2998046875,13010.2763671875
train,471,11937.5,12159.8388671875
train,3478,14859.400390625,14447.9970703125
train,1931,10745.400390625,10380.3505859375
train,1108,17424.099609375,16853.220703125
train,2510,19211.900390625,19513.62109375
train,1871,15160.599609375,15391.3837890625
train,171,11078.599609375,10541.9931640625
train,6484,15990.099609375,15854.72265625
train,5494,16667.80078125,16653.478515625
train,6476,17324.099609375,17329.8046875
train,1216,14629.2001953125,14237.3857421875
train,2957,14650.900390625,14709.0498046875
train,1614,18503.80078125,18131.65625
train,899,21739.80078125,21366.02734375
train,5667,10779.900390625,10057.5751953125
train,5728,15577.7001953125,15113.970703125
train,694,16908.19921875,17328.513671875
train,2315,15747.2001953125,15687.072265625
train,4234,16937.69921875,17568.23828125
train,1553,14064.0,14002.80078125
train,618,14337.7001953125,14620.0
train,1581,13674.7001953125,13453.298828125
train,5190,10903.7998046875,11386.02734375
train,3343,14918.5,14929.515625
train,6219,19302.5,19191.7109375
train,4671,16070.5,16382.7734375
train,5098,13372.5,12894.232421875
train,3420,17459.900390625,16644.34765625
train,5935,13647.2998046875,13813.505859375
train,566,15594.2998046875,15287.94921875
train,858,13207.2998046875,13344.8134765625
train,2568,14901.0,14542.693359375
train,2666,16957.400390625,17583.8046875
train,5417,17023.0,17078.900390625
train,4324,11444.5,11223.3388671875
train,6221,14544.2998046875,14594.5126953125
train,1510,17103.69921875,17318.26953125
train,673,12345.900390625,12421.6171875
train,1577,5775.7998046875,5421.5087890625
train,753,16616.599609375,16192.1015625
train,1425,15711.900390625,15464.966796875
train,2591,18211.30078125,18273.783203125
train,1603,13854.099609375,13987.2412109375
train,3443,11354.7998046875,11504.62109375
train,5507,16951.19921875,17276.919921875
train,493,11623.099609375,11900.4501953125
train,4332,15903.2001953125,15751.1220703125
train,824,16661.900390625,16489.6015625
train,6516,9290.2998046875,9050.041015625
train,3290,12786.2001953125,12207.3564453125
train,4726,10902.2001953125,11228.107421875
train,1360,14870.2001953125,14543.71484375
train,4117,17238.599609375,17311.01171875
train,2598,15011.2001953125,14817.423828125
train,3198,14026.900390625,14052.7138671875
train,4365,10092.599609375,10214.40625
train,6215,13882.400390625,12773.64453125
train,4777,15125.2998046875,14857.3095703125
train,5583,9583.400390625,9765.4169921875
train,3891,14142.2998046875,15186.5009765625
train,1091,12547.599609375,12712.41015625
train,2252,17821.900390625,17064.599609375
train,4643,10625.099609375,10943.9765625
train,4388,16475.400390625,16542.142578125
train,1754,11779.5,11697.78125
train,1530,11749.7001953125,11989.955078125
train,1370,14567.599609375,14609.0087890625
train,2994,12720.2998046875,12408.80078125
train,6377,10249.400390625,10175.3125
train,2552,15475.099609375,15090.8828125
train,4600,12168.2001953125,12300.548828125
train,2877,10751.599609375,11220.693359375
train,1571,18584.5,18206.83984375
train,1454,13635.7001953125,14433.1142578125
train,3711,17941.099609375,18161.2265625
train,5534,18197.599609375,18334.8828125
train,741,17623.400390625,17787.29296875
train,4841,15515.5,15515.046875
train,959,12409.400390625,11812.4208984375
train,2540,14534.099609375,15000.5390625
train,6486,16450.19921875,16736.083984375
train,6525,15620.2001953125,16149.2626953125
train,2944,14484.0,14902.2861328125
train,698,13277.7998046875,13579.7568359375
train,5370,8723.599609375,8976.8125
train,4103,17103.0,17822.900390625
train,4177,10062.400390625,10048.6796875
train,4222,17608.80078125,17432.646484375
train,306,14353.7001953125,14412.89453125
train,259,17780.099609375,17796.005859375
train,3902,18152.80078125,18805.203125
train,6224,16118.5,16837.501953125
train,3593,15501.7001953125,14814.6328125
train,561,16718.900390625,16382.2451171875
train,3735,11748.7998046875,12238.7607421875
train,2832,18169.80078125,17942.09375
train,2101,14540.7998046875,15157.908203125
train,6540,15043.0,14829.19140625
train,4680,14730.099609375,14969.0009765625
train,2494,13852.099609375,13417.78515625
train,5787,15242.0,15129.0751953125
train,2462,11581.599609375,11775.115234375
train,6392,13250.099609375,13488.0263671875
train,2281,12730.900390625,13815.8017578125
train,197,16416.099609375,15940.0
train,335,16400.099609375,16472.080078125
train,380,15521.0,15349.7099609375
train,200,13101.2001953125,13030.474609375
train,4799,18452.5,18995.2109375
train,187,13881.5,13593.1923828125
train,3037,17008.400390625,16859.75
train,4528,16929.400390625,16554.6484375
train,5015,11905.599609375,12326.6953125
train,1544,15399.7001953125,15214.228515625
train,4743,12902.900390625,12867.658203125
train,4252,15106.2001953125,15254.7109375
train,3657,13960.400390625,13553.580078125
train,5131,12864.7998046875,12345.3642578125
train,3524,14742.5,14784.05078125
train,3611,16222.900390625,15881.6826171875
train,4108,16156.2998046875,16201.060546875
train,648,16679.19921875,16362.8017578125
train,6179,16487.900390625,16389.181640625
train,6301,12195.900390625,12061.865234375
train,5967,15738.599609375,15192.833984375
train,1162,17251.30078125,17266.517578125
train,4318,16463.400390625,16552.73046875
train,1883,16890.099609375,17041.314453125
train,934,17331.80078125,17373.240234375
train,1453,12382.5,12152.685546875
train,3728,18322.400390625,18258.896484375
train,5607,16116.5,15765.04296875
train,2387,12423.0,12145.392578125
train,542,11240.2001953125,12047.509765625
train,4669,13915.400390625,13968.109375
train,2369,14000.2001953125,14099.7099609375
train,4714,15063.400390625,14911.763671875
train,2426,12746.099609375,12720.0126953125
train,4951,5120.7001953125,5413.7802734375
train,1848,9944.7998046875,9995.3505859375
train,1501,17870.30078125,16905.609375
train,5633,14632.900390625,13882.77734375
train,3782,18423.900390625,18022.3828125
train,3509,11980.599609375,11727.76171875
train,1541,15575.099609375,15788.2548828125
train,3377,13784.599609375,13815.8515625
train,5966,13105.099609375,12996.1689453125
train,2122,8520.2998046875,8646.51953125
train,5879,12247.5,12052.7705078125
train,4162,15071.7001953125,15133.166015625
train,2306,16315.599609375,16282.166015625
train,5249,13551.900390625,13616.5380859375
train,6545,11780.0,11554.595703125
train,4268,14399.099609375,14666.8251953125
train,2753,23083.099609375,22166.548828125
train,1442,14421.7998046875,14137.765625
train,1169,13313.900390625,13492.3388671875
train,5664,16553.400390625,16392.4375
train,5477,15348.2998046875,15925.4580078125
train,606,11082.2998046875,12709.1875
train,3776,17419.30078125,17567.705078125
train,1497,18935.099609375,19042.23828125
train,533,17365.5,17441.26953125
train,1316,12880.7998046875,12306.38671875
train,4092,16848.80078125,16771.34375
train,5397,16288.0,16268.4443359375
train,4115,12488.099609375,12547.447265625
train,4055,11027.900390625,11135.11328125
train,363,16511.5,16494.7578125
train,5876,17396.69921875,17113.423828125
train,6233,11970.7998046875,11692.0908203125
train,5559,18834.400390625,19437.716796875
train,524,8761.2001953125,8638.6728515625
train,1154,11795.7998046875,11820.341796875
train,5062,11527.7998046875,11347.6484375
train,3600,14287.2001953125,14379.609375
train,3625,10628.2998046875,11095.27734375
train,2088,12269.7001953125,12378.6962890625
train,1536,14653.7001953125,14819.5498046875
train,3070,16444.80078125,14984.6103515625
train,5021,18419.0,18354.705078125
train,613,11033.099609375,11075.42578125
train,3228,14804.2001953125,15244.11328125
train,2612,14243.599609375,13974.392578125
train,1787,13383.599609375,13830.6591796875
train,811,14247.5,14151.3173828125
train,23,14883.099609375,14130.8955078125
train,410,14646.599609375,14535.8291015625
train,3914,17041.099609375,16891.1796875
train,1724,15483.0,15614.1748046875
train,1398,16990.69921875,16621.98046875
train,3694,13498.2001953125,12986.3681640625
train,5476,12521.400390625,12470.376953125
train,4374,19943.900390625,18566.8984375
train,193,14098.7001953125,14169.447265625
train,2891,12894.599609375,12607.201171875
train,4670,17128.099609375,15394.638671875
train,1344,15838.400390625,15005.3212890625
train,1977,11492.5,10928.087890625
train,4068,18255.0,18167.8359375
train,6305,16181.7001953125,16176.330078125
train,716,15009.7001953125,14683.9287109375
train,4334,15671.2001953125,15767.28125
train,2055,8629.69921875,8541.4375
train,3698,14202.099609375,14257.853515625
train,4429,11497.2998046875,11815.59375
train,4208,17812.5,18014.466796875
train,295,15623.7998046875,15490.5703125
train,5688,15295.7998046875,14967.0048828125
train,2756,13263.7998046875,13871.5625
train,4139,18442.900390625,18432.23828125
train,5211,17658.30078125,18480.05078125
train,4420,16259.099609375,15886.544921875
train,4413,9353.900390625,9855.544921875
train,1387,16447.400390625,15981.00390625
train,397,11300.900390625,11867.9912109375
train,14,15200.7998046875,15156.9853515625
train,6228,15883.599609375,16310.35546875
train,445,15642.0,15530.5888671875
train,3426,12724.5,12978.05078125
train,1192,20684.0,19464.533203125
train,4293,14252.7998046875,14678.41015625
train,3303,13976.5,14802.099609375
train,5891,15708.0,15639.666015625
test,4911,12940.2001953125,12490.59765625
test,2478,16131.900390625,16289.96484375
test,3912,16423.69921875,16851.248046875
test,5213,13429.2998046875,12565.7646484375
test,4401,18096.19921875,18311.658203125
test,2356,14626.7001953125,13760.3466796875
test,6393,16487.900390625,16812.70703125
test,4187,17121.0,17913.25390625
test,5423,12051.099609375,11837.59765625
test,1368,16062.099609375,15326.42578125
test,1210,16248.099609375,15423.060546875
test,1424,16050.099609375,15727.3759765625
test,1319,15253.7998046875,15594.5869140625
test,1600,12824.0,13497.69140625
test,467,14727.0,14582.4765625
test,2812,15119.599609375,15227.31640625
test,508,15965.099609375,16169.568359375
test,2358,14422.900390625,14188.935546875
test,1197,15887.599609375,15706.8388671875
test,4074,14943.7001953125,14469.15234375
test,2804,18016.30078125,17632.0625
test,3984,16633.900390625,19095.91796875
test,76,18362.69921875,17846.1875
test,4527,16403.0,16102.85546875
test,520,17223.80078125,16451.181640625
test,2908,17501.099609375,17498.314453125
test,4149,16803.5,17256.05078125
test,62,19270.900390625,18949.390625
test,33,19218.599609375,18969.00390625
test,1474,15352.7998046875,15298.0849609375
test,2662,16859.900390625,16899.458984375
test,1317,15920.7998046875,16013.1689453125
test,3641,14239.2998046875,15005.8466796875
test,1295,15860.900390625,15329.322265625
test,2604,16849.69921875,16999.736328125
test,4309,18157.19921875,18204.796875
test,4050,12053.0,10962.486328125
test,1159,16110.5,15317.5673828125
test,2,18735.0,19070.47265625
test,3587,14427.099609375,14315.7197265625
test,5181,12254.400390625,12338.626953125
test,1080,14777.400390625,12618.4501953125
test,2380,12626.099609375,11843.267578125
test,2075,11040.900390625,11595.9130859375
test,5859,13760.2001953125,15986.046875
test,5672,12531.900390625,12091.3125
test,474,13738.5,13876.775390625
test,6209,14115.5,13803.033203125
test,4060,16663.400390625,17334.02734375
test,4090,11785.2998046875,13025.6953125
test,5157,11319.0,11404.103515625
test,3229,13146.7001953125,14331.486328125
test,3279,10730.599609375,10609.7294921875
test,1990,11662.5,11249.6875
test,5440,11694.2998046875,12340.896484375
test,1336,16545.0,15980.462890625
test,4153,16764.0,17226.580078125
test,924,9662.7001953125,8810.287109375
test,4135,16416.099609375,16564.40625
test,4696,10991.5,11612.8701171875
test,5427,11038.7001953125,11745.173828125
test,4601,17188.400390625,17366.111328125
test,5712,14643.5,14487.962890625
test,6073,15742.599609375,15490.08984375
test,6115,13891.599609375,16557.95703125
test,647,16393.69921875,15834.5703125
test,1432,16244.0,15743.8515625
test,5678,14850.7001953125,14452.0625
test,1817,10781.900390625,10542.7734375
test,2320,14153.0,13968.1513671875
test,4685,13545.099609375,13540.26171875
test,1479,15161.7998046875,15066.3134765625
test,4191,17600.400390625,18256.16796875
test,2737,17931.599609375,17975.99609375
test,2267,14345.7001953125,14692.1640625
test,3523,13747.099609375,15030.822265625
test,2245,15529.900390625,15389.8603515625
test,605,17336.0,16709.6796875
test,5746,14631.5,13942.4873046875
test,6534,13376.400390625,15277.79296875
test,711,17416.400390625,18120.935546875
test,1797,10559.7001953125,10193.5205078125
test,4571,14088.0,13952.96875
test,6483,17887.0,18192.96484375
test,6311,13756.5,12638.138671875
test,2856,16931.400390625,17079.15625
test,1423,16047.099609375,15807.6669921875
test,5801,13664.5,13715.1630859375
test,868,16549.900390625,13692.9619140625
test,3783,5261.599609375,5491.9365234375
test,243,18129.0,18691.85546875
test,5910,12923.7998046875,13417.5234375
test,5243,11958.7998046875,12810.0615234375
test,4603,18312.099609375,17978.228515625
test,110,17142.5,18606.73046875
test,1629,12706.099609375,12921.1689453125
test,923,9717.0,9694.30859375
test,3364,13455.400390625,14643.443359375
test,5860,12723.099609375,15074.302734375
test,5831,16618.0,16617.41796875
test,5864,15909.5,15566.439453125
test,4722,16544.099609375,16551.267578125
test,5846,16855.900390625,16648.26953125
test,2785,17667.599609375,17505.263671875
test,1488,13648.400390625,14307.6552734375
test,571,17245.099609375,17151.9296875
test,3325,17966.30078125,16909.146484375
test,2050,11473.900390625,10983.197265625
test,6261,16209.7998046875,14922.8955078125
test,4321,16703.5,16632.703125
test,3908,11931.900390625,12745.4130859375
test,2960,18123.599609375,17995.54296875
test,636,16425.30078125,17118.0859375
test,6190,16446.69921875,15193.3515625
test,2793,13376.7998046875,12712.9375
test,2570,16567.900390625,16487.986328125
test,4553,14238.900390625,14917.44140625
test,999,16445.69921875,15367.00390625
test,1523,12076.5,10128.490234375
test,750,15457.900390625,16438.095703125
test,5877,14862.7001953125,14354.39453125
test,2313,15195.5,15577.6669921875
test,1971,11462.5,11677.732421875
test,6409,18157.5,17607.53125
test,1156,16417.80078125,15587.892578125
test,1800,11523.2998046875,11507.779296875
test,5939,13384.2998046875,14401.4072265625
test,3946,12755.7001953125,13340.892578125
test,1832,10308.5,10616.8994140625
test,2929,17288.900390625,16658.50390625
test,3001,16919.400390625,17991.359375
test,5315,11518.400390625,11224.68359375
test,2541,16369.900390625,15995.48828125
test,6009,15266.599609375,14996.900390625
test,3562,14708.2998046875,15566.52734375
test,2801,18208.599609375,18098.138671875
test,3699,20881.0,19099.953125
test,1838,10690.099609375,11168.98046875
test,2103,12761.5,12834.9521484375
test,5606,14576.7001953125,14710.814453125
test,6249,14195.7998046875,12993.609375
test,5713,14186.7998046875,13935.6845703125
test,4181,17556.80078125,17136.962890625
test,4780,15125.7998046875,15281.5771484375
test,2910,18078.0,17201.681640625
test,2549,16752.400390625,16396.38671875
test,4516,17198.599609375,17368.015625
test,5003,7520.7001953125,7585.2412109375
test,5431,11293.2998046875,10837.33203125
test,5035,11614.900390625,11130.1650390625
test,4383,18125.30078125,17994.662109375
test,817,16962.099609375,16994.951171875
test,3622,13433.2001953125,13333.3671875
test,1079,15986.599609375,14849.2490234375
test,3691,6638.7998046875,5811.5478515625
test,3090,22698.5,20276.34375
test,3609,17919.80078125,16831.01953125
test,1024,16246.7998046875,16488.876953125
test,4192,15800.5,16404.3359375
test,5785,13293.7998046875,14014.2822265625
test,5551,14623.5,14650.06640625
test,6134,16480.19921875,13804.080078125
test,6148,12991.900390625,12062.900390625
test,1139,16445.19921875,16606.95703125
test,905,11788.5,12397.505859375
test,3739,14750.2001953125,13993.4755859375
test,5457,11892.599609375,11737.2978515625
test,3898,16911.599609375,17545.205078125
test,5884,15728.400390625,15952.845703125
test,5594,14374.0,13959.123046875
test,5039,10266.2998046875,10572.0
test,3006,16418.5,16376.9501953125
test,1125,15864.7001953125,15915.931640625
test,808,16007.099609375,15340.8515625
test,6136,14340.7001953125,14514.4990234375
test,1887,10066.2998046875,10041.048828125
test,1189,16191.900390625,16468.853515625
test,4269,16471.099609375,16143.8056640625
test,3786,15789.400390625,16340.6396484375
test,4929,13123.7998046875,11790.2392578125
test,3816,16627.0,16828.720703125
test,2010,12233.2998046875,12325.8525390625
test,5018,10259.099609375,10377.751953125
test,3074,18529.5,18479.162109375
test,4925,14244.400390625,13779.5634765625
test,2522,16162.900390625,16381.779296875
test,97,16609.0,17491.533203125
test,112,18448.900390625,19299.34375
test,2401,12677.5,11689.80078125
test,4517,17195.30078125,17263.978515625
test,4801,12782.2998046875,12226.3203125
test,3737,20911.5,19918.97265625
test,4791,12468.0,11882.755859375
test,3083,14926.099609375,14929.40625
test,484,14101.400390625,13999.0078125
test,3725,13434.900390625,12415.1220703125
test,3496,10606.599609375,9926.818359375
test,226,17294.400390625,17309.353515625
test,6120,13867.599609375,14162.6123046875
test,2241,14719.099609375,14317.076171875
test,1640,12397.7998046875,11783.2900390625
test,4728,16026.400390625,16190.3818359375
test,3977,14577.7001953125,15037.138671875
test,4107,10620.5,10557.1513671875
test,1315,15888.099609375,15994.576171875
test,2403,13823.2998046875,13044.8525390625
test,3742,7819.6005859375,8912.244140625
test,5878,14236.400390625,14470.5908203125
test,688,18491.5,18069.50390625
test,3007,15220.599609375,15015.3095703125
test,2116,13137.099609375,12608.0234375
test,3308,16931.099609375,17254.994140625
test,2012,11912.099609375,12194.7587890625
test,2923,14385.2998046875,14062.97265625
test,389,14874.7001953125,15635.650390625
test,1740,10304.0,9623.1318359375
test,3114,7849.2998046875,7631.9482421875
test,61,18358.69921875,17792.80859375
test,988,16997.599609375,17534.291015625
test,5033,11964.0,11022.80859375
test,4672,16181.599609375,15717.025390625
test,3836,16666.80078125,17287.646484375
test,128,18172.19921875,18780.3125
test,3101,10739.7001953125,11887.6806640625
test,3423,11163.7998046875,10888.916015625
test,1954,11356.7998046875,12327.1083984375
test,5162,12544.599609375,12205.2099609375
test,3187,12777.2001953125,12276.208984375
test,5536,14010.2998046875,13315.7783203125
test,2562,15388.2001953125,15368.9013671875
test,2805,17851.0,17463.73828125
test,2577,16923.400390625,17066.09765625
test,6155,15867.599609375,15413.2841796875
test,6094,18894.0,18100.12890625
test,4017,10384.900390625,10377.509765625
test,6,19259.400390625,19353.42578125
test,1995,11779.2998046875,11423.140625
test,1292,15450.2001953125,14976.1796875
test,4539,13056.2001953125,13414.4345703125
test,5099,11369.099609375,12317.0625
test,1955,11398.7998046875,12230.365234375
test,1506,13557.7001953125,14518.4345703125
test,4279,17385.69921875,17388.40625
test,5055,11537.400390625,12195.2890625
test,71,17394.80078125,16194.0771484375
test,364,11853.900390625,12125.111328125
test,2649,15784.7001953125,15838.453125
test,5489,13796.0,13205.779296875
test,6265,14501.7001953125,15314.7373046875
test,5246,11661.2998046875,11609.6640625
test,2224,15088.900390625,15268.3408203125
test,2525,15471.099609375,15436.1845703125
test,229,17685.69921875,17042.427734375
test,2913,17223.900390625,17043.732421875
test,382,14114.400390625,13189.73828125
test,2556,15708.0,15952.0625
test,3931,17095.5,17080.177734375
test,850,15605.0,16499.12109375
test,881,14350.900390625,14110.6298828125
test,4935,9560.099609375,9298.78125
test,1234,15108.400390625,14745.134765625
test,4407,18187.099609375,18228.2578125
test,3533,11762.7001953125,11339.78125
test,3403,11443.099609375,11115.025390625
test,4979,13714.900390625,13781.3359375
test,4084,13514.099609375,14379.1181640625
test,3159,16830.599609375,15990.087890625
test,4053,11953.0,10900.806640625
test,5856,13761.2998046875,15697.287109375
test,5658,13589.2001953125,13033.115234375
test,2329,14222.7001953125,13698.9189453125
test,5252,12024.599609375,12330.5341796875
test,388,14479.7998046875,15225.4951171875
test,4464,16642.099609375,16656.98828125
test,426,13663.5,13855.75390625
test,5791,11802.599609375,14180.572265625
test,3551,14740.099609375,15309.59765625
test,583,17107.30078125,16738.16796875
test,308,18843.599609375,17651.07421875
test,2168,13870.0,12183.4130859375
test,4093,15807.400390625,16890.87890625
test,4349,17595.599609375,17834.314453125
test,2312,15172.400390625,15690.3212890625
test,2199,14683.2001953125,15019.013671875
test,2810,14679.2001953125,14764.64453125
test,5573,14925.2001953125,14265.3828125
test,6189,13350.2001953125,15595.2607421875
test,5990,14514.900390625,14573.8427734375
test,4778,15546.0,14559.0107421875
test,3028,13186.2998046875,14519.0234375
test,2696,17921.5,17643.4140625
test,2526,15438.0,15007.224609375
test,1907,10952.2998046875,10460.208984375
test,1764,11084.7998046875,11248.9609375
test,1311,16518.80078125,16666.734375
test,2965,16926.099609375,17314.369140625
test,1560,14695.7001953125,14472.1953125
test,2142,12437.900390625,11811.3603515625
test,5363,12677.400390625,12973.73046875
test,4235,16291.5,17041.072265625
test,4707,16691.400390625,15874.8671875
test,2319,14167.0,13877.1220703125
test,5806,12910.400390625,12784.859375
test,1242,15572.099609375,15706.5947265625
test,35,18071.5,17904.69140625
test,4341,16608.0,16508.70703125
test,736,16089.5,16458.216796875
test,1202,16418.19921875,15878.5361328125
test,2673,16832.19921875,16793.833984375
test,3894,16693.599609375,16859.748046875
test,550,16733.69921875,17699.92578125
test,5542,13713.599609375,13607.1181640625
test,2752,18002.80078125,17520.70703125
test,1102,15543.599609375,15295.57421875
test,3331,13558.0,13486.9482421875
test,3219,16959.400390625,17282.794921875
test,6231,16644.69921875,16047.9560546875
test,4465,16664.099609375,16785.841796875
test,3538,19572.69921875,18521.34765625
test,1697,10941.2998046875,11298.427734375
test,5843,13743.2001953125,16461.13671875
test,3567,14038.2998046875,13421.6171875
test,4892,12362.400390625,12342.0205078125
test,950,15827.400390625,16065.8505859375
test,5387,11609.0,11765.1748046875
test,4871,13647.7998046875,13296.03125
test,3000,17063.400390625,17588.09765625
test,5279,12371.2998046875,12085.765625
test,1522,12295.2998046875,10718.5166015625
test,1974,11682.2001953125,11831.927734375
test,2371,13517.099609375,12659.6162109375
test,3047,14527.099609375,14950.888671875
test,968,14873.7998046875,15622.3212890625
test,6133,16505.900390625,16130.6142578125
test,970,15172.7001953125,16620.7109375
test,4749,13483.599609375,12940.6533203125
test,1809,11518.7001953125,12708.6572265625
test,4340,16774.400390625,16763.560546875
test,1521,15047.099609375,15425.29296875
test,558,18238.599609375,18228.3671875
test,5558,13998.5,13577.6162109375
test,4035,12473.2998046875,12386.865234375
test,5914,13128.7001953125,13797.3779296875
test,678,16843.69921875,16724.275390625
test,3345,17688.69921875,17613.845703125
test,6478,19044.80078125,18879.759765625
test,6337,15504.0,15945.962890625
test,3334,13672.2001953125,13870.5673828125
test,4684,10667.400390625,10788.6953125
test,4120,11754.2001953125,11506.818359375
test,3527,9679.900390625,9480.9248046875
test,1987,10230.2001953125,9146.5126953125
test,6006,15948.400390625,17051.595703125
test,1591,13884.0,14146.880859375
test,891,12787.7998046875,13327.57421875
test,570,17298.900390625,17327.431640625
test,574,17080.0,17778.146484375
test,7,19259.19921875,19335.8046875
test,5759,14500.2998046875,14490.09765625
test,4861,10015.5,10157.32421875
test,5636,10464.5,11216.9072265625
test,1562,14549.099609375,14813.5009765625
test,2070,11816.400390625,11794.1572265625
test,952,16542.19921875,17034.919921875
test,4051,11626.900390625,11677.66015625
test,4023,16651.0,16611.8671875
test,3901,17588.69921875,16761.3125
test,4513,16318.599609375,16635.859375
test,6390,13693.5,13963.73046875
test,3384,9363.900390625,9333.0341796875
test,3038,18199.5,18622.248046875
test,3834,16961.19921875,17107.66796875
test,707,18406.599609375,17709.078125
test,3063,15633.0,15636.98046875
test,3506,12268.2001953125,12799.150390625
test,328,16731.599609375,16197.146484375
test,4393,15288.7998046875,15645.4658203125
test,5084,12544.900390625,13165.5849609375
test,6206,15231.7998046875,14463.119140625
test,3289,16035.5,16281.703125
test,2961,18265.0,18203.947265625
test,4873,12968.400390625,12285.0625
test,4422,18595.80078125,18502.05078125
test,5739,15328.400390625,14854.5537109375
test,700,17416.400390625,16997.974609375
test,2992,14652.400390625,14803.947265625
test,671,17016.30078125,15804.521484375
test,374,13594.2001953125,11509.8544921875
test,2412,12991.400390625,14201.6416015625
test,3954,17599.099609375,18032.98046875
test,3844,18318.0,18257.892578125
test,1245,15631.099609375,15765.9521484375
test,447,15327.900390625,14967.0009765625
test,5221,9825.0,10137.830078125
test,1037,16946.599609375,16786.51953125
test,3226,10962.900390625,11076.4267578125
test,201,17589.599609375,18713.134765625
test,2991,14634.5,14101.0634765625
test,2528,16385.69921875,16454.265625
test,6093,18849.900390625,18185.02734375
test,3632,17622.099609375,17833.404296875
test,1631,11548.400390625,11302.091796875
test,2634,15225.7998046875,14556.4443359375
test,4991,11429.2998046875,11778.240234375
test,5885,15430.400390625,14929.189453125
test,224,18073.30078125,18447.857421875
test,2449,15100.2998046875,15611.138671875
test,2941,15906.099609375,16742.056640625
test,2720,18392.80078125,18319.150390625
test,1123,15135.599609375,13911.94921875
test,973,14673.2001953125,15898.369140625
test,27,19216.19921875,19710.107421875
test,5518,11520.2998046875,11178.6376953125
test,4022,16875.599609375,17253.740234375
test,256,19876.5,19515.005859375
test,3576,16828.599609375,18174.951171875
test,403,11451.0,10937.123046875
test,3023,14771.900390625,17085.349609375
test,689,18925.099609375,18277.5546875
test,1258,15729.099609375,15990.75
test,5842,12935.5,16061.609375
test,1567,14336.7001953125,14467.123046875
test,3876,16242.900390625,16726.7421875
test,3947,14040.099609375,13824.7451171875
test,3505,13237.7998046875,14401.39453125
test,2250,14359.2001953125,14307.28515625
test,360,8802.400390625,9286.49609375
test,5622,14430.900390625,14308.8125
test,1835,10313.7001953125,10735.4228515625
test,5002,8424.099609375,8381.462890625
test,731,16513.69921875,15803.130859375
test,3238,13292.7998046875,14895.345703125
test,4636,15467.900390625,16046.7265625
test,4853,15295.7001953125,15577.447265625
test,1863,11662.0,10978.83203125
test,327,19269.69921875,21627.4140625
test,704,17401.69921875,17523.94921875
test,1937,11463.599609375,11741.654296875
test,6028,16030.099609375,16538.6875
test,2698,17854.400390625,17640.599609375
test,2546,16017.099609375,15994.017578125
test,4910,12790.7998046875,12928.82421875
test,3710,14825.900390625,14945.6357421875
test,842,14672.400390625,15137.615234375
test,627,18055.5,18221.146484375
test,2800,17145.80078125,16922.638671875
test,79,18460.19921875,19077.564453125
test,5490,13902.2001953125,12689.1435546875
test,5359,12695.599609375,13610.5625
test,3357,21084.900390625,20841.5703125
test,4613,15841.900390625,14733.4560546875
test,5727,14541.2001953125,14772.814453125
test,3185,13044.7998046875,12808.8447265625
test,1923,10780.2001953125,10577.1953125
test,3851,17885.5,17995.796875
test,1310,15951.2001953125,15624.3271484375
test,1300,15494.900390625,15337.736328125
test,3690,7203.099609375,5682.6171875
test,4678,13285.0,13585.2353515625
test,5544,13772.0,13594.912109375
test,4160,13823.7001953125,12873.8125
test,1094,16629.0,16167.580078125
test,3634,14821.400390625,16328.7373046875
test,2430,13197.7001953125,12746.0810546875
test,6384,16768.19921875,15937.6865234375
test,827,15431.0,15275.14453125
test,6113,18098.5,18890.2890625
test,4105,10541.2001953125,11475.564453125
test,5464,13220.5,12031.646484375
test,5010,11056.2001953125,10640.7919921875
test,6424,14431.7998046875,16843.544921875
test,299,17552.19921875,17065.30078125
test,5438,10680.0,10659.142578125
test,2677,16419.80078125,15853.41796875
test,1858,10157.5,9984.0859375
test,958,16316.7001953125,16362.154296875
test,2007,12335.7998046875,12389.5458984375
test,5849,12810.099609375,15428.6298828125
test,6511,19381.400390625,16097.7607421875
test,3260,12279.5,12266.611328125
test,6491,18948.5,17874.224609375
test,1142,12436.7998046875,15645.998046875
test,5750,15128.7001953125,15023.87109375
test,5872,15801.099609375,15497.4580078125
test,3087,13941.400390625,20994.197265625
test,2366,14204.2998046875,13468.9814453125
test,4748,14703.0,13805.84765625
test,4295,17779.5,17686.9765625
test,468,14732.7998046875,14466.9423828125
test,856,16828.80078125,16799.021484375
test,4836,14859.2998046875,15038.845703125
test,2187,14653.2001953125,14058.7080078125
test,6366,17393.5,16792.3671875
test,6292,13602.7998046875,13922.8388671875
test,3402,11532.2001953125,10777.330078125
test,121,16786.0,17508.423828125
test,5608,14516.2998046875,14945.0126953125
test,1366,16090.7001953125,15510.330078125
test,5645,13229.2998046875,11915.01953125
test,1656,12139.2998046875,12166.0703125
test,3761,4950.099609375,5660.9833984375
test,5396,11813.400390625,11978.47265625
test,1447,15725.5,15554.71875
test,6232,17674.0,18236.947265625
test,4455,17525.5,17206.609375
test,6217,14673.0,14278.2255859375
test,5510,11439.900390625,11380.4033203125
test,262,18615.30078125,17463.439453125
test,5024,7666.10009765625,7214.30224609375
test,3929,13377.2001953125,14728.8486328125
test,3781,5215.0,5359.2666015625
test,1136,16624.099609375,15849.1669921875
test,1547,15406.5,15289.3037109375
test,4469,17182.0,18078.333984375
test,1751,8337.7998046875,8859.16015625
test,1343,13845.599609375,13946.84765625
test,1019,16656.0,16433.009765625
test,4832,15933.0,15640.11328125
test,206,16577.80078125,16603.1328125
test,6406,18157.80078125,18854.6015625
test,2163,13442.0,13796.5068359375
test,1565,14512.7001953125,14064.9375
test,4437,18573.5,18426.44140625
test,814,17621.30078125,17051.29296875
test,1486,13036.0,13499.81640625
test,4617,16597.0,15872.455078125
test,2489,14821.099609375,14416.3935546875
test,2141,12525.099609375,12404.54296875
test,5576,14405.900390625,14024.884765625
test,1229,14915.400390625,14267.044921875
test,5969,14106.099609375,14648.095703125
test,3454,14229.7001953125,14217.7939453125
test,6226,13375.599609375,14091.8349609375
test,5854,16044.7001953125,15153.6953125
test,2868,16785.80078125,16882.1640625
test,1805,11376.2998046875,12480.9130859375
test,3574,17119.19921875,17173.271484375
test,758,17150.400390625,17358.091796875
test,4368,17765.19921875,17854.609375
test,1579,13944.7001953125,14284.345703125
test,3179,16317.2998046875,17510.53125
test,2697,17865.19921875,17708.119140625
test,634,18206.599609375,18285.3046875
test,5407,12891.7998046875,12798.771484375
test,3406,12003.099609375,12302.0146484375
test,3273,14180.400390625,14961.2724609375
test,3584,13299.0,13265.037109375
test,2258,14553.2998046875,14810.30078125
test,5227,12579.7998046875,11932.052734375
test,822,16243.7001953125,15744.1669921875
test,3580,14170.7001953125,15664.552734375
test,316,16570.69921875,14455.9267578125
test,1013,16280.5,16081.4638671875
test,4535,15176.0,15244.0146484375
test,4317,17949.099609375,18128.7734375
test,1193,15969.400390625,15448.9619140625
test,3036,14356.0,18191.544921875
test,3603,12076.7001953125,10908.724609375
test,1709,12257.5,12341.08203125
test,5807,13076.599609375,14441.9443359375
test,4849,14959.2998046875,14049.109375
test,6338,14422.0,15855.720703125
test,4168,17862.69921875,17689.5078125
test,2378,12576.2001953125,12617.126953125
test,5138,10558.400390625,10726.9091796875
test,4387,18091.400390625,18124.09765625
test,4292,18422.69921875,18531.142578125
test,2897,17106.599609375,17017.77734375
test,3751,16032.099609375,15667.80078125
test,4922,13794.599609375,13145.8330078125
test,5726,14506.7001953125,14202.6591796875
test,2488,14974.7001953125,14609.0380859375
test,1932,9848.7001953125,10642.900390625
test,2694,17130.599609375,16740.4140625
test,6277,14070.2998046875,13904.3837890625
test,6227,13373.7998046875,13911.7119140625
test,1674,11503.0,10917.4677734375
test,270,18187.599609375,18160.98046875
test,1232,16015.400390625,16047.7216796875
test,2560,16974.599609375,16136.03125
test,2588,16595.69921875,16608.60546875
test,6351,12627.400390625,13133.56640625
test,5096,9486.2001953125,10345.9921875
test,4336,18623.69921875,18670.517578125
test,2169,14704.400390625,13043.146484375
test,2336,14653.7998046875,14166.412109375
test,74,18941.0,19023.33203125
test,5028,10910.099609375,10080.640625
test,1410,14557.2998046875,14033.3935546875
test,2617,15933.099609375,15842.69140625
test,1298,15797.5,15825.21875
test,3425,12676.099609375,11985.986328125
test,2066,11876.5,12232.033203125
test,2450,14213.2001953125,14147.283203125
test,5191,12953.7998046875,12280.0087890625
test,104,16493.900390625,16424.771484375
test,589,17092.0,17305.384765625
test,1002,16413.30078125,16229.412109375
test,5000,10220.2998046875,9994.234375
test,5574,14306.0,13676.1015625
test,6013,14972.5,16493.16015625
test,204,16915.900390625,17254.173828125
test,1484,15424.2001953125,15527.52734375
test,646,16303.7998046875,15142.65625
test,6343,15562.900390625,15597.552734375
test,4188,17109.599609375,17552.064453125
test,1596,13252.5,13045.78515625
test,3528,8471.0,9463.716796875
test,1795,10016.7001953125,10326.0302734375
test,3596,16240.0,15105.05859375
test,3076,16940.400390625,18399.990234375
test,4260,17656.400390625,17526.421875
test,2788,15206.400390625,16570.892578125
test,5502,13491.099609375,13852.25390625
test,22,19313.80078125,19209.326171875
test,6375,17038.400390625,15668.3564453125
test,46,19357.599609375,19217.13671875
test,2608,17207.5,17201.197265625
test,4303,16619.80078125,16395.6328125
test,2276,14453.2001953125,14155.8994140625
test,3134,4437.599609375,4573.7568359375
test,4731,15648.2001953125,16314.3544921875
test,6057,16962.099609375,16985.3515625
test,194,17050.599609375,16334.8984375
test,2964,17155.5,17325.08984375
test,6105,17810.599609375,18030.37109375
test,5892,16226.7001953125,14449.666015625
test,2457,15407.900390625,14119.091796875
test,1068,17402.099609375,16468.33984375
test,4259,17129.30078125,17451.484375
test,4014,10600.2998046875,11424.1611328125
test,4062,15147.400390625,16053.6484375
test,2671,14983.0,14545.396484375
test,5937,14364.2001953125,15591.8291015625
test,2201,14620.599609375,14841.1162109375
test,1755,11148.0,10179.8056640625
test,417,18584.099609375,17984.693359375
test,4821,12878.7001953125,12405.50390625
test,2830,15970.7001953125,16205.3515625
test,5644,11406.5,9859.9912109375
test,2104,13468.900390625,13692.6513671875
test,1902,10983.7001953125,12230.1943359375
test,645,17576.0,17040.224609375
test,1841,10697.2001953125,11065.080078125
test,4013,11561.5,12200.1171875
test,2207,15312.099609375,15855.94921875
test,3910,11996.5,11350.96875
test,6258,13756.900390625,15898.109375
test,1249,15531.2001953125,15383.8642578125
test,3112,11805.400390625,12431.291015625
test,4592,13770.900390625,13346.06640625
test,1956,11359.099609375,11795.3740234375
test,3254,15924.400390625,16371.8759765625
test,5443,12903.7998046875,13228.9248046875
test,386,11994.2998046875,11599.248046875
test,4966,12451.599609375,12201.01953125
test,2754,17279.599609375,16823.978515625
test,4210,17696.400390625,17673.658203125
test,6370,17033.30078125,15151.8173828125
test,4622,13694.2001953125,13545.79296875
test,1997,12400.5,12078.6953125
test,2762,16245.599609375,15914.111328125
test,188,17366.400390625,18355.837890625
test,2966,18361.400390625,18808.9296875
test,2534,16290.7998046875,16255.8974609375
test,3044,14291.0,14726.2802734375
test,4920,13408.7001953125,12891.060546875
test,5324,11591.099609375,11927.24609375
test,1753,9268.900390625,9312.748046875
test,1584,14099.5,14324.8525390625
test,4454,17518.599609375,17117.51953125
test,1878,9598.0,9652.9375
test,1200,16350.7001953125,16014.65625
test,2863,17270.80078125,16469.001953125
test,5805,13434.900390625,13663.703125
test,1379,15098.5,14218.2255859375
test,3651,14536.7001953125,14132.9296875
test,85,18476.30078125,18612.130859375
test,5395,11790.900390625,12072.4833984375
test,159,18498.0,18750.4765625
test,888,11172.7998046875,11778.458984375
test,3122,12235.900390625,12124.21484375
test,2421,13905.2001953125,13158.044921875
test,2453,13967.400390625,13669.3896484375
test,989,15763.599609375,14882.330078125
test,5128,10200.7001953125,9711.162109375
test,6520,18411.5,15432.919921875
test,5104,12322.900390625,12294.9150390625
test,5530,12231.599609375,11877.087890625
test,5418,12552.7001953125,12049.890625
test,1734,10383.7998046875,10212.171875
test,5692,13120.599609375,12043.6357421875
test,1897,9774.7998046875,10126.3427734375
test,801,17410.80078125,17699.046875
test,620,16672.69921875,16961.916015625
test,901,12473.2001953125,12071.490234375
test,5674,13535.400390625,14151.0126953125
test,5348,11498.2001953125,11420.3359375
test,2137,13570.2998046875,13867.22265625
test,794,16884.5,16663.919921875
test,6546,16706.5,16135.623046875
test,6359,13813.599609375,16107.7998046875
test,4701,9892.900390625,10264.876953125
test,4154,16273.900390625,16346.9072265625
test,1556,15423.7998046875,15809.470703125
test,4251,16186.900390625,16511.693359375
test,3009,14163.099609375,13802.947265625
test,5086,11676.599609375,12070.75390625
test,4367,17910.5,18253.869140625
test,3961,14020.0,13029.4521484375
test,2080,13308.400390625,13023.798828125
test,6363,18424.5,17657.552734375
test,183,23343.69921875,23300.275390625
test,2700,16471.0,16743.052734375
test,2512,16536.0,16243.9287109375
test,478,14759.7998046875,15057.8828125
test,1448,16455.5,15127.6416015625
test,3465,17472.19921875,17769.75
test,714,17260.0,17328.732421875
test,577,17332.80078125,17240.849609375
test,6524,14861.599609375,14810.9755859375
test,124,16821.69921875,15324.6376953125
test,4155,15829.099609375,15298.8447265625
test,375,12516.099609375,11584.86328125
test,2102,12812.7001953125,12970.5244140625
test,4064,13451.900390625,14448.4267578125
test,1578,13991.400390625,14291.38671875
test,2046,11754.599609375,11373.0986328125
test,482,14588.900390625,14910.6748046875
test,3732,17048.30078125,15028.58984375
test,4804,12138.7001953125,12015.529296875
test,1233,16162.2001953125,16018.6357421875
test,576,17320.19921875,17061.064453125
test,746,15652.2001953125,15691.2451171875
test,5932,15329.2998046875,14815.4638671875
test,4999,11188.400390625,11278.4423828125
test,597,18260.69921875,18132.91796875
test,3011,14163.099609375,15487.2109375
test,1576,13938.400390625,14508.1044921875
test,4928,13116.2001953125,12677.0
test,1549,15397.7998046875,15587.1904296875
test,6196,14485.0,13621.6279296875
test,644,16502.5,16440.80859375
test,584,18377.599609375,18006.994140625
test,650,18364.69921875,17458.373046875
test,5178,12195.7998046875,12154.080078125
test,5816,14227.599609375,13248.4638671875
test,4661,12865.7001953125,13698.6240234375
test,5813,13977.400390625,14108.7939453125
test,1569,14326.2001953125,14405.0732421875
test,5146,10945.099609375,10858.6396484375
test,3487,14631.7001953125,15253.306640625
test,3775,11531.900390625,11799.9775390625
test,3240,11586.7001953125,12750.6123046875
test,3778,7661.7001953125,7466.97265625
test,399,14575.5,16934.560546875
test,6153,15890.099609375,16307.4130859375
test,887,13037.5,12530.65234375
test,3330,13959.2998046875,13696.1171875
test,4133,16603.30078125,16698.845703125
test,1827,11222.2998046875,10885.96875
test,3216,17368.19921875,17027.78125
test,3721,18141.099609375,18606.431640625
test,1756,7199.099609375,9083.4228515625
test,2236,13363.7998046875,13574.0078125
test,4233,15667.5,16262.279296875
test,4712,16465.400390625,16159.6591796875
test,5841,17133.599609375,16664.005859375
test,6040,16179.2998046875,16437.390625
test,1015,17722.599609375,17954.90625
test,6175,14678.2998046875,17307.08203125
test,5832,16619.0,16720.044921875
test,1942,11398.2001953125,11066.4609375
test,4623,13017.7998046875,12118.953125
test,351,14517.7998046875,12761.857421875
test,5294,10533.2001953125,10588.4931640625
test,1515,15305.0,15309.3486328125
test,205,17885.400390625,18262.66796875
test,1179,16619.69921875,16952.0390625
test,6320,14631.2998046875,14363.8720703125
test,5690,11592.7998046875,11574.5322265625
test,4655,15638.400390625,15167.2099609375
test,3221,15876.400390625,16555.345703125
test,3472,16014.2998046875,16772.95703125
test,5627,12444.400390625,13726.103515625
test,3681,20543.30078125,21067.283203125
test,4666,11426.7998046875,12469.521484375
test,4307,16712.0,16437.51171875
test,1952,10476.7998046875,10159.7509765625
test,6423,14441.2998046875,16429.24609375
test,6095,18888.69921875,17956.642578125
test,294,16848.400390625,16203.3203125
test,5824,15082.0,16497.609375
test,1616,12301.7001953125,12283.6962890625
test,5215,12991.0,12802.982421875
test,1381,15909.7998046875,15814.6162109375
test,3494,9539.400390625,9332.9677734375
test,2873,18396.69921875,18062.509765625
test,345,14417.7998046875,14765.69140625
test,3328,15910.2998046875,15510.2099609375
test,1950,9409.900390625,9327.271484375
test,2693,17141.400390625,17076.947265625
test,4883,11797.2998046875,11434.7021484375
test,145,17244.19921875,17199.6640625
test,4584,17242.099609375,16956.22265625
test,562,17103.900390625,16744.6328125
test,1114,15482.0,16525.837890625
test,2132,12220.0,11741.1162109375
test,5561,13880.7001953125,14041.6181640625
test,5889,14911.900390625,13984.2705078125
test,2632,15504.0,14967.1865234375
test,2156,14138.900390625,13111.8466796875
test,2452,13611.7001953125,13742.3935546875
test,1970,11316.599609375,11525.2158203125
test,5458,12040.2998046875,12094.759765625
test,5188,10557.7998046875,11508.7392578125
test,4347,17366.900390625,17472.55078125
test,5080,10994.2001953125,11837.390625
test,966,14852.0,15139.0126953125
test,2106,13483.0,13694.294921875
test,6080,18503.400390625,17125.4375
test,690,18478.099609375,17122.177734375
test,5829,15226.2001953125,15847.8798828125
test,3772,20047.400390625,21246.33984375
test,667,18041.599609375,17873.623046875
test,287,21512.0,19980.3203125
test,6400,17049.400390625,16826.09765625
test,4641,13172.7001953125,13378.6787109375
test,2215,15706.099609375,15744.2861328125
test,160,17320.900390625,16287.921875
test,6253,15884.099609375,14745.5517578125
test,4903,14746.2001953125,14465.412109375
test,58,19414.099609375,19519.33984375
test,4558,13446.0,14517.89453125
test,3796,13610.900390625,10724.396484375
test,1802,11322.900390625,12424.556640625
test,1349,15815.099609375,15180.2412109375
test,5675,13657.900390625,14396.15625
test,261,18359.099609375,16848.55859375
test,4494,16511.30078125,16522.4296875
test,5152,8798.900390625,10463.0390625
test,190,17496.900390625,17505.681640625
test,764,15657.7001953125,17197.283203125
test,2623,13289.099609375,16143.8701171875
test,459,14444.400390625,15160.845703125
test,3067,16160.099609375,16542.41015625
test,4258,17817.400390625,17626.25390625
test,3797,13605.2998046875,11405.27734375
test,2853,17261.400390625,17224.6875
test,2685,15895.599609375,15567.9990234375
test,503,15424.5,15595.263671875
test,1259,15697.5,15842.2919921875
test,1023,17462.400390625,17268.642578125
test,314,15644.2998046875,17511.1953125
test,5413,12373.7998046875,11946.548828125
test,886,16835.400390625,16386.01171875
test,2917,14126.7001953125,13871.953125
test,3610,17636.19921875,17883.712890625
test,2903,14771.0,14889.638671875
test,2226,15080.7998046875,14717.3271484375
test,1540,15175.7998046875,14543.326171875
test,5905,12804.7001953125,12679.607421875
test,4462,17552.0,16980.8203125
test,1861,9710.2001953125,10173.736328125
test,1253,14670.0,13744.9638671875
test,1377,16241.2998046875,15774.2177734375
test,1732,11714.2001953125,11754.09765625
test,4803,11379.2998046875,11576.06640625
test,1836,10301.5,10597.005859375
test,3537,19675.19921875,20666.05859375
test,4045,15273.5,15139.7021484375
test,4624,11825.7001953125,11875.818359375
test,2607,16637.80078125,16633.181640625
test,6542,17521.69921875,16591.466796875
test,2937,14727.7998046875,13741.326171875
test,2407,14500.099609375,13888.8359375
test,3161,21852.0,19802.775390625
test,3354,17833.400390625,16193.2939453125
test,2818,17017.80078125,17272.28125
test,438,13763.5,14375.1201171875
test,3232,17719.599609375,16626.111328125
test,6300,13925.7998046875,14033.1396484375
test,2248,15011.2998046875,14952.072265625
test,4054,12458.2001953125,11340.65234375
test,1275,15630.099609375,14727.224609375
test,3589,15909.099609375,14953.041015625
test,3713,16604.30078125,15602.4091796875
test,5161,12556.7001953125,12181.80859375
test,805,16386.5,15611.2734375
test,4391,16013.099609375,16317.4228515625
test,4842,12695.2998046875,12770.7138671875
test,423,13977.2998046875,16864.482421875
test,118,17159.5,17934.224609375
test,6143,16590.900390625,16127.43359375
test,5938,14316.5,15758.787109375
test,3129,10205.2001953125,12351.701171875
test,3750,13858.400390625,13244.09375
test,2263,14422.7998046875,14502.748046875
test,6365,18466.19921875,19368.798828125
test,5649,14503.0,14349.9375
test,4150,17568.400390625,18124.076171875
test,1885,10229.900390625,10168.306640625
test,6529,14465.2998046875,17128.34765625
test,1214,16013.400390625,16518.83203125
test,1294,16068.2001953125,14614.638671875
test,5334,11966.0,12497.919921875
test,3949,17392.900390625,19045.443359375
test,446,14483.2998046875,15072.5615234375
test,5404,11640.900390625,11835.9765625
test,781,18463.5,16907.943359375
test,2642,15934.099609375,15542.32421875
test,2423,15533.2998046875,14993.8408203125
test,5219,12575.7001953125,12494.0205078125
test,3785,10348.2998046875,13752.3310546875
test,2686,16615.099609375,16215.3896484375
test,4493,16555.400390625,16636.81640625
test,6107,17831.5,16129.5966796875
test,962,14903.0,14839.1455078125
test,4416,18414.69921875,18055.134765625
test,2294,13821.5,14960.1630859375
test,2239,13641.7001953125,14359.529296875
test,3577,16628.5,16516.533203125
test,4360,16494.30078125,16828.6015625
test,6403,16977.80078125,15469.689453125
test,2513,15748.2001953125,15765.8251953125
test,6469,19148.80078125,19085.708984375
test,3326,17209.900390625,17419.408203125
test,6182,13739.599609375,15447.7685546875
test,2743,16726.599609375,16895.587890625
test,325,16975.900390625,16800.642578125
test,1941,11403.2998046875,11302.146484375
test,2529,15985.5,16436.498046875
test,4814,15356.2998046875,14315.076171875
test,5640,11664.599609375,12711.9599609375
test,3502,17150.30078125,16622.123046875
test,5026,8239.2998046875,8388.84375
test,5382,11868.7998046875,11966.9560546875
test,2290,13136.599609375,13668.8212890625
test,1669,11546.7001953125,11984.419921875
test,2645,15890.099609375,14959.9619140625
test,1775,9643.2001953125,9633.0087890625
test,987,16276.900390625,15992.427734375
test,515,17194.69921875,17249.99609375
test,3926,11281.2998046875,11290.0771484375
test,1041,15961.5,14774.298828125
test,6203,14519.099609375,14875.888671875
test,6138,17530.5,15590.3466796875
test,3558,16632.69921875,16996.783203125
test,5223,9857.7998046875,9854.017578125
test,414,17283.599609375,16939.40234375
test,3847,18153.599609375,18262.373046875
test,1351,15703.900390625,15255.4111328125
test,2153,14793.7001953125,13830.263671875
test,5011,11739.2998046875,12180.5634765625
test,1746,10893.900390625,10994.931640625
test,485,14374.2001953125,14220.3818359375
test,4042,17575.69921875,18384.7265625
test,6419,15701.7001953125,16907.232421875
test,2491,14787.400390625,15088.84765625
test,1810,11422.5,13079.8232421875
test,5034,11510.7998046875,11331.6708984375
test,2275,13182.400390625,14906.5390625
test,5374,10383.900390625,10469.724609375
test,4982,13171.5,12878.0908203125
test,5137,11357.2998046875,11230.47265625
test,3003,16985.30078125,17073.318359375
test,3096,16223.2001953125,16911.82421875
test,6045,16814.69921875,16280.9765625
test,4451,16344.7001953125,16595.8125
test,5498,11011.099609375,13377.2724609375
test,3595,17122.19921875,16229.505859375
test,4366,17884.900390625,17942.7578125
test,836,14827.0,15086.7431640625
test,5022,8402.7001953125,9049.46484375
test,2616,15871.0,15344.609375
test,6163,13198.099609375,15395.4931640625
test,5282,13123.900390625,11732.7734375
test,6160,15596.0,15286.40625
test,5185,10037.2998046875,10622.6240234375
test,3358,20690.400390625,20987.078125
test,3900,17410.69921875,17136.515625
test,2121,13263.900390625,13063.6923828125
test,5195,12588.099609375,12676.298828125
test,52,18351.30078125,19033.203125
test,5648,14510.2998046875,14834.33984375
test,3649,18403.599609375,18354.16015625
test,5492,12330.7998046875,10498.3681640625
test,3057,17749.400390625,17938.3984375
test,6280,14438.2998046875,14667.0322265625
test,5403,11008.900390625,10086.66796875
test,3807,18750.69921875,18797.181640625
test,1967,10675.599609375,10453.71875
test,3799,13612.0,13535.6513671875
test,2942,15259.099609375,16006.34375
test,5793,15514.400390625,15006.638671875
test,2622,16271.599609375,16744.904296875
test,4552,14853.5,15468.228515625
test,2545,15441.099609375,15051.8408203125
test,2706,15915.7998046875,15840.96484375
test,1173,16524.0,15823.833984375
test,5147,10993.2998046875,10766.6806640625
test,2297,14432.2998046875,14519.330078125
test,6011,15207.099609375,14752.39453125
test,830,16535.599609375,16722.8203125
test,4874,11567.5,11905.23046875
test,5412,12387.099609375,12018.759765625
test,227,17547.19921875,16775.294921875
test,247,18387.0,18223.509765625
test,2476,16018.400390625,15861.828125
test,2769,17941.400390625,17131.146484375
test,1252,15461.2001953125,13771.0029296875
test,6272,15657.0,14705.3583984375
test,1679,10951.400390625,11229.0908203125
test,2218,14894.900390625,15203.294921875
test,1824,10572.7998046875,10794.708984375
test,4390,17529.5,17510.173828125
test,1046,17131.599609375,16210.2314453125
test,3869,13990.599609375,13798.072265625
test,3282,16424.099609375,15565.01953125
test,2798,16545.0,16801.32421875
test,4185,17363.400390625,17391.193359375
test,4757,12339.0,11283.216796875
test,1911,11615.099609375,10879.052734375
test,3557,17345.0,16976.068359375
test,5254,12394.2998046875,12236.267578125
test,6065,17000.400390625,15197.3310546875
test,2572,16550.69921875,16502.513671875
test,2157,14154.7998046875,14239.9697265625
test,3139,7217.7001953125,7836.55029296875
test,494,16328.900390625,16846.85546875
test,3948,16668.80078125,15251.8193359375
test,6438,18990.69921875,18657.0546875
test,1737,12077.2998046875,11780.6044921875
test,3249,15580.099609375,17606.548828125
test,2882,16529.400390625,16840.734375
test,2846,18482.400390625,18585.00390625
test,2648,15647.900390625,15449.5068359375
test,1649,11901.2998046875,11333.5068359375
test,5657,12951.2998046875,12681.2978515625
test,4700,9527.2998046875,9124.181640625
test,4912,12514.0,12405.576171875
test,1371,16009.0,15402.845703125
test,1513,15334.400390625,15753.1044921875
test,809,16035.900390625,17327.744140625
test,5976,12623.599609375,12920.3408203125
test,3368,12430.099609375,13506.51953125
test,867,16250.2998046875,13710.4443359375
test,3484,16430.5,18259.623046875
test,5411,12535.2998046875,11753.6865234375
test,2229,14949.0,15127.953125
test,6323,15680.7998046875,16410.46484375
test,5992,14508.599609375,14026.55859375
test,2635,15475.7001953125,15114.951171875
test,5882,12829.7001953125,15684.8837890625
test,2170,15662.2001953125,15488.5205078125
test,948,15388.599609375,15064.357421875
test,3477,14023.400390625,13438.12890625
test,4487,16859.0,16431.041015625
test,2213,15747.5,16002.8828125
test,838,15555.2998046875,15123.4072265625
test,3281,12837.900390625,12706.73046875
test,4026,16867.19921875,16646.55859375
test,401,9889.7998046875,9854.416015625
test,6140,15290.0,15355.7392578125
test,3545,11307.900390625,10673.07421875
test,1901,9650.599609375,9708.796875
test,149,15841.0,17562.0859375
test,2335,14338.599609375,13553.1005859375
test,3142,22237.30078125,21138.697265625
test,5375,11480.0,11444.744140625
test,2085,12567.7998046875,12131.0390625
test,4524,16757.599609375,16388.279296875
test,1742,10497.2998046875,10419.998046875
test,3066,15886.099609375,15786.140625
test,4080,16613.099609375,16862.69140625
test,2817,16451.0,16792.64453125
test,3390,14828.400390625,15112.2734375
test,5045,11443.7998046875,12054.2216796875
test,4109,15740.599609375,14994.0380859375
test,5981,12782.2998046875,12040.4541015625
test,2775,13010.2998046875,13353.37109375
test,1182,16600.19921875,16536.8828125
test,95,18960.900390625,16145.779296875
test,2894,17081.599609375,16480.171875
test,2396,12628.2998046875,13327.859375
test,2535,16296.099609375,16383.666015625
test,5295,10545.2001953125,10172.193359375
test,5461,13538.400390625,13272.4462890625
test,1117,14614.900390625,14785.650390625
test,5306,11949.0,11898.5068359375
test,3056,18158.099609375,18493.13671875
test,1287,15747.2998046875,15584.33203125
test,2459,16011.2001953125,16139.66796875
test,1281,15550.7001953125,15850.267578125
test,1056,16289.900390625,16206.2294921875
test,2299,14400.400390625,14326.431640625
test,1007,17072.099609375,16900.203125
test,3284,17355.69921875,18162.94921875
test,2836,17071.30078125,17176.39453125
test,5626,12235.7001953125,13149.34765625
test,4940,13693.2001953125,12920.5556640625
test,760,16964.099609375,16055.734375
test,6097,18857.599609375,19131.552734375
test,3921,13706.599609375,14732.0634765625
test,1573,14520.900390625,14070.6474609375
test,5538,14011.0,14385.2353515625
test,6050,15833.599609375,16177.146484375
test,3135,4260.099609375,3894.5126953125
test,2318,14294.400390625,14131.896484375
test,3085,17634.900390625,15693.25
test,5082,12354.5,12415.123046875
test,6047,16813.5,14255.3115234375
test,3991,16861.099609375,18475.578125
test,4257,18618.5,18664.32421875
test,2440,15414.2998046875,13654.015625
test,1240,15785.5,15765.513671875
test,2255,13016.599609375,13089.240234375
test,1630,11720.900390625,11535.12890625
test,3757,10843.2001953125,11509.16796875
test,1042,17053.099609375,16848.3046875
test,1181,16376.599609375,16223.228515625
test,4989,8674.7998046875,9293.212890625
test,6349,12636.2998046875,12519.3017578125
test,2383,12627.099609375,11670.037109375
test,4554,11105.7001953125,14222.87890625
test,4075,15778.0,16863.62890625
test,4172,16984.19921875,16965.455078125
test,1602,12985.599609375,13046.2998046875
test,1545,15359.900390625,15029.8818359375
test,3349,11899.2001953125,11442.5625
test,5630,14145.2998046875,14269.625
test,1595,13213.400390625,12843.361328125
test,6487,17940.69921875,15353.80859375
test,2455,13931.5,13443.4013671875
test,1028,17415.69921875,17078.65234375
test,3166,11934.2001953125,11919.23828125
test,5601,14071.400390625,14472.4326171875
test,4595,15740.900390625,15269.6728515625
test,323,16291.2998046875,15673.91796875
test,93,18431.30078125,18649.01171875
test,4958,14543.599609375,14304.6181640625
test,1408,15638.599609375,15055.599609375
test,5118,11693.7998046875,11815.34375
test,5459,12107.900390625,12788.078125
test,840,14529.7998046875,14098.7705078125
test,5509,12659.0,12040.08984375
test,4660,13472.7998046875,13345.69921875
test,6176,16923.0,15316.1513671875
test,4460,18182.599609375,17455.931640625
test,2715,18269.900390625,18069.109375
test,3525,10278.2998046875,11521.466796875
test,4088,9982.7998046875,10386.09375
test,440,15361.599609375,15584.9140625
test,4729,15415.599609375,16066.140625
test,3299,13371.400390625,14509.1708984375
test,1393,16557.19921875,16041.1337890625
test,642,17523.19921875,17314.849609375
test,1900,9417.0,9487.7646484375
test,2500,16510.900390625,16201.779296875
test,81,18427.099609375,17838.994140625
test,4916,11344.5,9616.0185546875
test,432,13450.5,13780.1025390625
test,1394,16565.30078125,16140.3134765625
test,2359,14572.0,14371.1630859375
test,450,15655.2001953125,15068.3173828125
test,3124,21827.099609375,19745.306640625
test,5706,13376.099609375,12754.1708984375
test,3414,15894.599609375,17241.767578125
test,1564,14538.7998046875,14005.599609375
test,3339,19472.69921875,18783.798828125
test,721,16803.19921875,17125.541015625
test,6250,14385.599609375,12749.6728515625
test,1146,16047.7998046875,16139.125
test,1420,16120.599609375,15645.7900390625
test,6550,16436.400390625,14873.48828125
test,4629,10422.900390625,10448.375
test,2778,13704.0,13644.078125
test,5504,13336.5,13090.5419921875
test,105,17196.19921875,18440.8046875
test,2314,15202.099609375,15053.5400390625
test,5467,13680.2998046875,12767.8134765625
test,4538,13467.2998046875,13761.4931640625
test,978,15909.0,15919.1689453125
test,6428,17629.400390625,14864.0537109375
test,6183,16542.400390625,16000.650390625
test,4435,18691.30078125,18613.125
test,5057,11294.400390625,12176.076171875
test,3475,14600.2001953125,14424.451171875
test,4621,15394.2998046875,16194.517578125
test,2237,12825.7998046875,13975.0732421875
test,3884,14955.400390625,15706.236328125
test,732,16538.0,16077.2705078125
test,5603,14445.400390625,14328.888671875
test,5,18611.099609375,18386.982421875
test,1621,12129.7998046875,11688.3310546875
test,3504,14571.7001953125,16106.80078125
test,442,15368.099609375,15162.4736328125
test,5449,12556.900390625,12604.466796875
test,861,16733.30078125,16205.4365234375
test,5505,13119.099609375,12797.0166015625
test,5452,12519.0,12673.69140625
test,1383,15932.2998046875,15248.8544921875
test,5624,14554.5,14153.8916015625
test,5420,11329.400390625,10764.0869140625
test,3447,17390.0,16636.44921875
test,3186,12827.7001953125,12252.3662109375
test,1194,15944.900390625,16211.8037109375
test,4947,11133.0,11694.4697265625
test,301,17577.900390625,16405.33203125
test,3687,9166.19921875,9927.517578125
test,1626,11780.099609375,11365.919921875
test,1735,11348.900390625,11412.1455078125
test,5906,12691.2001953125,13406.4208984375
test,2035,11434.400390625,11470.892578125
test,4159,13792.7001953125,11960.4140625
test,1532,15211.2998046875,15107.845703125
test,718,17840.0,18161.52734375
test,1623,12223.900390625,11754.015625
test,5341,13192.0,12434.71484375
test,998,17302.099609375,16426.498046875
test,6088,17048.69921875,16751.412109375
test,1499,13894.099609375,14240.771484375
test,1508,14894.0,15011.13671875
test,2377,13155.2998046875,14051.875
test,279,20647.0,21168.888671875
test,277,19120.5,17322.701171875
test,4445,16730.69921875,16503.91015625
test,6111,18773.599609375,18034.96484375
test,6518,14421.0,16025.9375
test,5307,11937.0,12072.4560546875
test,65,18579.900390625,18585.78515625
test,49,18308.099609375,18512.88671875
test,3863,16686.30078125,16900.349609375
test,4506,17115.19921875,16667.1875
test,4785,13667.0,12954.603515625
test,1661,10548.7998046875,11167.96484375
test,2225,15141.900390625,14797.111328125
test,4630,11472.099609375,11461.0224609375
test,2165,13056.5,12634.9892578125
test,2420,13667.599609375,13899.673828125
test,2869,17032.900390625,16279.75390625
test,669,17010.5,16680.015625
test,6207,14127.7998046875,14157.21875
test,4831,14499.0,14462.65234375
test,1524,13666.7998046875,12482.7001953125
test,4138,12231.0,13031.1455078125
test,1658,10935.099609375,11414.560546875
test,3601,12283.5,12246.935546875
test,4263,18349.599609375,18437.583984375
test,3148,9840.2001953125,9837.7109375
test,2361,13064.2998046875,13448.05078125
test,2344,14121.5,14310.40234375
test,1526,14555.099609375,14423.578125
test,4586,17336.099609375,16825.1015625
test,3792,16448.69921875,17999.634765625
test,3909,11741.2998046875,11619.251953125
test,4737,12946.5,11741.013671875
test,4386,18188.5,18164.98046875
test,2665,15952.5,15283.013671875
test,6083,18447.900390625,16439.85546875
test,2827,16588.80078125,16766.921875
test,2260,14186.900390625,14316.66015625
test,3027,13350.5,13653.78125
test,555,17920.900390625,17905.2578125
test,1058,15799.7001953125,15733.037109375
test,6461,19384.0,18928.771484375
test,1081,14799.2001953125,13156.4921875
test,1815,11008.900390625,9639.595703125
test,4631,13558.0,13645.576171875
test,6052,15911.099609375,15430.568359375
test,1296,15803.400390625,15479.8720703125
test,1039,15943.099609375,16101.8427734375
test,5623,14726.2998046875,14221.89453125
test,4924,14155.7001953125,13432.8271484375
test,2669,14943.7998046875,14716.7353515625
test,5257,9917.900390625,11476.966796875
test,5822,16483.099609375,16153.837890625
test,6431,14437.2001953125,15628.5810546875
test,2499,15819.0,15757.67578125
test,5109,11983.400390625,11998.22265625
test,528,16470.599609375,15420.6796875
test,6444,19054.900390625,19259.67578125
test,752,15466.400390625,16303.896484375
test,5091,11797.7998046875,12198.193359375
test,1219,14991.2001953125,15346.0029296875
test,6178,14708.7001953125,16367.869140625
test,4382,18322.900390625,17957.595703125
test,4410,16818.400390625,16531.8828125
test,6090,18354.80078125,16634.533203125
test,333,15528.2998046875,15207.63671875
test,182,22798.0,22155.771484375
test,6193,14804.400390625,14486.1650390625
test,3590,17356.30078125,18405.46875
test,6246,19641.0,18901.97265625
test,4783,14203.0,14041.9345703125
test,4137,13722.599609375,14736.0029296875
test,3606,15978.900390625,16730.9609375
test,4371,18729.900390625,18521.580078125
test,675,18187.69921875,18330.958984375
test,5952,12552.7001953125,12539.5009765625
test,3375,17255.19921875,18033.26953125
test,1137,15831.2998046875,15589.921875
test,749,15481.400390625,16183.326171875
test,5004,6344.2998046875,6371.9169921875
test,437,13020.7001953125,14143.2353515625
test,491,15599.7998046875,16569.982421875
test,5646,14484.599609375,15086.0400390625
test,2189,15652.900390625,15789.865234375
test,4802,11862.2001953125,11599.234375
test,5668,13720.599609375,13926.2099609375
test,5729,15446.7998046875,15358.60546875
test,1672,11506.2001953125,11908.6943359375
